environment_seed,outcome,success,soldier_caught,unsafe_intercept,timeout,total_steps,detection_step,detection_time_seconds,post_detection_steps,intercept_step,intercept_time_seconds,min_enemy_soldier_dist,physical_limit_violations,mean_tracking_error,final_tracking_error,tracking_rmse,n_tracking_samples,instance_id,instance_name,family,training_seed
77000,intercepted,1,0,0,0,299,238,119.0,61,299.0,149.5,2.0211236476898193,0,1.0666960316800302,0.7367644906044006,1.1578002956620754,62,lr_ppo_seed55,lr_ppo,LR-PPO,55
77001,intercepted,1,0,0,0,340,282,141.0,58,340.0,170.0,3.931469678878784,0,1.1940928828918327,1.7689754962921143,1.294541772436758,59,lr_ppo_seed55,lr_ppo,LR-PPO,55
77002,intercepted,1,0,0,0,424,395,197.5,29,424.0,212.0,4.641254425048828,0,1.0449865067998567,0.6595296859741211,1.1117355883743518,30,lr_ppo_seed55,lr_ppo,LR-PPO,55
77003,unsafe_intercept,0,0,1,0,499,499,249.5,0,,,2.231374740600586,0,0.8109434843063354,0.8109434843063354,0.8109434843063354,1,lr_ppo_seed55,lr_ppo,LR-PPO,55
77004,soldier_caught,0,1,0,0,1435,1435,717.5,0,,,0.6248793601989746,0,0.7066055536270142,0.7066055536270142,0.7066055536270142,1,lr_ppo_seed55,lr_ppo,LR-PPO,55
77005,soldier_caught,0,1,0,0,568,568,284.0,0,,,0.26938682794570923,0,2.4094505310058594,2.4094505310058594,2.4094505310058594,1,lr_ppo_seed55,lr_ppo,LR-PPO,55
77006,intercepted,1,0,0,0,229,151,75.5,78,229.0,114.5,4.0623555183410645,0,1.0593890985356103,1.6986910104751587,1.1666107012209663,79,lr_ppo_seed55,lr_ppo,LR-PPO,55
77007,intercepted,1,0,0,0,710,200,100.0,510,710.0,355.0,2.036670446395874,0,1.1694194132538691,1.1037381887435913,1.2634713364850005,511,lr_ppo_seed55,lr_ppo,LR-PPO,55
77008,intercepted,1,0,0,0,42,33,16.5,9,42.0,21.0,2.876715898513794,0,1.2484893500804901,0.8313787579536438,1.3273410248475679,10,lr_ppo_seed55,lr_ppo,LR-PPO,55
77009,intercepted,1,0,0,0,477,291,145.5,186,477.0,238.5,2.0014514923095703,0,1.1054390824255458,0.674095094203949,1.209249916956733,187,lr_ppo_seed55,lr_ppo,LR-PPO,55
77010,intercepted,1,0,0,0,245,77,38.5,168,245.0,122.5,3.9140076637268066,0,1.153507936900184,0.9840155839920044,1.2399802495352807,169,lr_ppo_seed55,lr_ppo,LR-PPO,55
77011,intercepted,1,0,0,0,539,102,51.0,437,539.0,269.5,3.459242820739746,0,1.0968111829160283,0.9823089241981506,1.1880726523643774,438,lr_ppo_seed55,lr_ppo,LR-PPO,55
77012,intercepted,1,0,0,0,55,37,18.5,18,55.0,27.5,3.7550442218780518,0,0.9010260018863177,0.6657395958900452,0.9838752376919271,19,lr_ppo_seed55,lr_ppo,LR-PPO,55
77013,soldier_caught,0,1,0,0,1131,1131,565.5,0,,,1.5480592250823975,0,1.1092720031738281,1.1092720031738281,1.1092720031738281,1,lr_ppo_seed55,lr_ppo,LR-PPO,55
77014,intercepted,1,0,0,0,74,13,6.5,61,74.0,37.0,4.772366523742676,0,1.0412562369338927,1.0159000158309937,1.1112968357698783,62,lr_ppo_seed55,lr_ppo,LR-PPO,55
77015,intercepted,1,0,0,0,176,79,39.5,97,176.0,88.0,2.5122878551483154,0,1.1216944772370008,2.339261054992676,1.2160526304712593,98,lr_ppo_seed55,lr_ppo,LR-PPO,55
77016,soldier_caught,0,1,0,0,59,34,17.0,25,,,0.9488108158111572,0,1.2354248807980464,1.5124009847640991,1.3649385071362332,26,lr_ppo_seed55,lr_ppo,LR-PPO,55
77017,soldier_caught,0,1,0,0,667,642,321.0,25,,,0.9005677700042725,0,1.4524084627628326,1.355522871017456,1.5146252400271898,26,lr_ppo_seed55,lr_ppo,LR-PPO,55
77018,soldier_caught,0,1,0,0,102,101,50.5,1,,,1.1392302513122559,0,1.5546565055847168,1.316162347793579,1.5728433849742913,2,lr_ppo_seed55,lr_ppo,LR-PPO,55
77019,intercepted,1,0,0,0,649,541,270.5,108,649.0,324.5,4.212021827697754,0,1.1163921930374356,1.1853585243225098,1.2111973952802082,109,lr_ppo_seed55,lr_ppo,LR-PPO,55
77020,intercepted,1,0,0,0,1832,1825,912.5,7,1832.0,916.0,3.057528495788574,0,1.1993039697408676,1.5234642028808594,1.2495774659160548,8,lr_ppo_seed55,lr_ppo,LR-PPO,55
77021,intercepted,1,0,0,0,740,663,331.5,77,740.0,370.0,4.258903980255127,0,1.2064381497792709,0.655019998550415,1.299283124086576,78,lr_ppo_seed55,lr_ppo,LR-PPO,55
77022,intercepted,1,0,0,0,44,18,9.0,26,44.0,22.0,3.5045509338378906,0,1.3542142074417185,0.8846456408500671,1.4766532818739826,27,lr_ppo_seed55,lr_ppo,LR-PPO,55
77023,intercepted,1,0,0,0,45,35,17.5,10,45.0,22.5,3.6529250144958496,0,0.9152443192221902,0.6613355875015259,0.9867362850500567,11,lr_ppo_seed55,lr_ppo,LR-PPO,55
77024,intercepted,1,0,0,0,1023,996,498.0,27,1023.0,511.5,2.5164456367492676,0,1.1082961075007915,1.0010151863098145,1.1948048033583718,28,lr_ppo_seed55,lr_ppo,LR-PPO,55
77025,soldier_caught,0,1,0,0,611,593,296.5,18,,,1.4456409215927124,0,1.385866243588297,1.0696841478347778,1.4602458367049749,19,lr_ppo_seed55,lr_ppo,LR-PPO,55
77026,intercepted,1,0,0,0,897,689,344.5,208,897.0,448.5,2.941678285598755,0,1.147520851183451,1.6462291479110718,1.2458928758782337,209,lr_ppo_seed55,lr_ppo,LR-PPO,55
77027,intercepted,1,0,0,0,53,24,12.0,29,53.0,26.5,2.6837401390075684,0,1.0872532735268274,1.5310126543045044,1.1481072344066134,30,lr_ppo_seed55,lr_ppo,LR-PPO,55
77028,intercepted,1,0,0,0,197,103,51.5,94,197.0,98.5,2.7372710704803467,0,1.2091040037180247,1.041335105895996,1.2755024913764852,95,lr_ppo_seed55,lr_ppo,LR-PPO,55
77029,soldier_caught,0,1,0,0,208,208,104.0,0,,,1.0801197290420532,0,1.2510684728622437,1.2510684728622437,1.2510684728622437,1,lr_ppo_seed55,lr_ppo,LR-PPO,55
77030,soldier_caught,0,1,0,0,245,245,122.5,0,,,1.3338195085525513,0,1.0282388925552368,1.0282388925552368,1.0282388925552368,1,lr_ppo_seed55,lr_ppo,LR-PPO,55
77031,intercepted,1,0,0,0,312,267,133.5,45,312.0,156.0,2.002117395401001,0,1.150816155516583,1.1882325410842896,1.266927020821125,46,lr_ppo_seed55,lr_ppo,LR-PPO,55
77032,intercepted,1,0,0,0,193,184,92.0,9,193.0,96.5,3.47717547416687,0,1.310313057899475,1.2213764190673828,1.4081958505259873,10,lr_ppo_seed55,lr_ppo,LR-PPO,55
77033,intercepted,1,0,0,0,37,15,7.5,22,37.0,18.5,2.552212715148926,0,1.2217808184416399,0.7706016898155212,1.3361664979878245,23,lr_ppo_seed55,lr_ppo,LR-PPO,55
77034,intercepted,1,0,0,0,67,37,18.5,30,67.0,33.5,3.737484931945801,0,1.0634217079608672,0.2253560721874237,1.1774806810753415,31,lr_ppo_seed55,lr_ppo,LR-PPO,55
77035,soldier_caught,0,1,0,0,35,35,17.5,0,,,1.6373635530471802,0,2.0075533390045166,2.0075533390045166,2.0075533390045166,1,lr_ppo_seed55,lr_ppo,LR-PPO,55
77036,intercepted,1,0,0,0,60,15,7.5,45,60.0,30.0,2.9662725925445557,0,1.1511818034493404,1.4461772441864014,1.2138938402870096,46,lr_ppo_seed55,lr_ppo,LR-PPO,55
77037,intercepted,1,0,0,0,1285,1161,580.5,124,1285.0,642.5,3.9912681579589844,0,1.127539440870285,1.3876680135726929,1.2212203425553678,125,lr_ppo_seed55,lr_ppo,LR-PPO,55
77038,intercepted,1,0,0,0,313,150,75.0,163,313.0,156.5,2.811828851699829,0,1.1201700597274593,0.5801129341125488,1.212223758762859,164,lr_ppo_seed55,lr_ppo,LR-PPO,55
77039,soldier_caught,0,1,0,0,276,276,138.0,0,,,1.9417202472686768,0,1.3701748847961426,1.3701748847961426,1.3701748847961426,1,lr_ppo_seed55,lr_ppo,LR-PPO,55
77040,unsafe_intercept,0,0,1,0,56,56,28.0,0,,,2.4703831672668457,0,1.1675270795822144,1.1675270795822144,1.1675270795822144,1,lr_ppo_seed55,lr_ppo,LR-PPO,55
77041,unsafe_intercept,0,0,1,0,44,44,22.0,0,,,2.444850444793701,0,0.3259643018245697,0.3259643018245697,0.3259643018245697,1,lr_ppo_seed55,lr_ppo,LR-PPO,55
77042,unsafe_intercept,0,0,1,0,10,10,5.0,0,,,2.229530096054077,0,0.884209156036377,0.884209156036377,0.884209156036377,1,lr_ppo_seed55,lr_ppo,LR-PPO,55
77043,intercepted,1,0,0,0,45,39,19.5,6,45.0,22.5,4.213113307952881,0,1.3003558771950858,0.7388709187507629,1.4124957449298556,7,lr_ppo_seed55,lr_ppo,LR-PPO,55
77044,intercepted,1,0,0,0,75,15,7.5,60,75.0,37.5,3.668275833129883,0,1.24179607629776,1.055658221244812,1.3529680813986726,61,lr_ppo_seed55,lr_ppo,LR-PPO,55
77045,intercepted,1,0,0,0,483,470,235.0,13,483.0,241.5,2.93376088142395,0,1.1128430600677217,0.6310867071151733,1.2104442726117965,14,lr_ppo_seed55,lr_ppo,LR-PPO,55
77046,intercepted,1,0,0,0,707,618,309.0,89,707.0,353.5,2.863056182861328,0,1.1209671595030362,1.179754614830017,1.226824808820107,90,lr_ppo_seed55,lr_ppo,LR-PPO,55
77047,unsafe_intercept,0,0,1,0,11,11,5.5,0,,,2.430607557296753,0,0.9727330803871155,0.9727330803871155,0.9727330803871155,1,lr_ppo_seed55,lr_ppo,LR-PPO,55
77048,intercepted,1,0,0,0,90,83,41.5,7,90.0,45.0,4.3824143409729,0,0.9995400831103325,1.1027841567993164,1.0936685587102681,8,lr_ppo_seed55,lr_ppo,LR-PPO,55
77049,intercepted,1,0,0,0,160,159,79.5,1,160.0,80.0,3.645073413848877,0,1.732534945011139,2.4448130130767822,1.873237139801599,2,lr_ppo_seed55,lr_ppo,LR-PPO,55
77050,soldier_caught,0,1,0,0,38,38,19.0,0,,,0.8753161430358887,0,1.398564338684082,1.398564338684082,1.398564338684082,1,lr_ppo_seed55,lr_ppo,LR-PPO,55
77051,intercepted,1,0,0,0,137,118,59.0,19,137.0,68.5,2.212188243865967,0,1.0926373466849326,1.4276355504989624,1.1628026696285818,20,lr_ppo_seed55,lr_ppo,LR-PPO,55
77052,intercepted,1,0,0,0,276,194,97.0,82,276.0,138.0,4.823126792907715,0,1.2009589192738015,1.0711297988891602,1.297815081900746,83,lr_ppo_seed55,lr_ppo,LR-PPO,55
77053,soldier_caught,0,1,0,0,489,429,214.5,60,,,0.9796237945556641,0,1.1685056569146328,1.3986210823059082,1.258940106370053,61,lr_ppo_seed55,lr_ppo,LR-PPO,55
77054,soldier_caught,0,1,0,0,982,906,453.0,76,,,1.7447794675827026,0,1.127371457490054,0.9998786449432373,1.2200016876782727,77,lr_ppo_seed55,lr_ppo,LR-PPO,55
77055,intercepted,1,0,0,0,136,99,49.5,37,136.0,68.0,3.7994980812072754,0,1.0936883860512783,1.1800947189331055,1.1680726712384462,38,lr_ppo_seed55,lr_ppo,LR-PPO,55
77056,intercepted,1,0,0,0,184,157,78.5,27,184.0,92.0,3.2752482891082764,0,1.11857493860381,1.0045640468597412,1.1951298679131743,28,lr_ppo_seed55,lr_ppo,LR-PPO,55
77057,intercepted,1,0,0,0,172,36,18.0,136,172.0,86.0,2.160168170928955,0,1.1120144077678666,0.7728251814842224,1.2204590772246036,137,lr_ppo_seed55,lr_ppo,LR-PPO,55
77058,unsafe_intercept,0,0,1,0,78,78,39.0,0,,,2.3066208362579346,0,0.9127029180526733,0.9127029180526733,0.9127029180526733,1,lr_ppo_seed55,lr_ppo,LR-PPO,55
77059,soldier_caught,0,1,0,0,561,560,280.0,1,,,0.4109880328178406,0,0.8959392309188843,0.9038910865783691,0.8959745183362924,2,lr_ppo_seed55,lr_ppo,LR-PPO,55
77060,soldier_caught,0,1,0,0,191,167,83.5,24,,,1.9408316612243652,0,1.0355067002773284,1.4938448667526245,1.1211849208341205,25,lr_ppo_seed55,lr_ppo,LR-PPO,55
77061,intercepted,1,0,0,0,24,10,5.0,14,24.0,12.0,3.1809558868408203,0,1.1675478994846344,0.8535302877426147,1.2550726150874034,15,lr_ppo_seed55,lr_ppo,LR-PPO,55
77062,intercepted,1,0,0,0,39,14,7.0,25,39.0,19.5,3.8235068321228027,0,1.3006461503414006,1.4920692443847656,1.3924934121300967,26,lr_ppo_seed55,lr_ppo,LR-PPO,55
77063,intercepted,1,0,0,0,726,565,282.5,161,726.0,363.0,2.3973922729492188,0,1.0867908281492598,1.5819900035858154,1.1781931416616735,162,lr_ppo_seed55,lr_ppo,LR-PPO,55
77064,intercepted,1,0,0,0,293,263,131.5,30,293.0,146.5,2.50065279006958,0,1.2752719185044687,1.0269427299499512,1.3740981463287898,31,lr_ppo_seed55,lr_ppo,LR-PPO,55
77065,unsafe_intercept,0,0,1,0,82,82,41.0,0,,,2.3955633640289307,0,1.0658751726150513,1.0658751726150513,1.0658751726150513,1,lr_ppo_seed55,lr_ppo,LR-PPO,55
77066,intercepted,1,0,0,0,104,13,6.5,91,104.0,52.0,3.7106595039367676,0,1.1518959143887395,1.1923868656158447,1.2399213439860919,92,lr_ppo_seed55,lr_ppo,LR-PPO,55
77067,soldier_caught,0,1,0,0,108,107,53.5,1,,,1.6621952056884766,0,1.7128913402557373,2.112452507019043,1.7588763087574835,2,lr_ppo_seed55,lr_ppo,LR-PPO,55
77068,intercepted,1,0,0,0,104,85,42.5,19,104.0,52.0,4.487205982208252,0,1.240230032801628,2.0131635665893555,1.3560255662871377,20,lr_ppo_seed55,lr_ppo,LR-PPO,55
77069,unsafe_intercept,0,0,1,0,682,682,341.0,0,,,2.422853708267212,0,0.9465869665145874,0.9465869665145874,0.9465869665145874,1,lr_ppo_seed55,lr_ppo,LR-PPO,55
77070,intercepted,1,0,0,0,147,14,7.0,133,147.0,73.5,4.4356255531311035,0,1.0648698510963526,0.9290359616279602,1.1448952417526275,134,lr_ppo_seed55,lr_ppo,LR-PPO,55
77071,intercepted,1,0,0,0,628,585,292.5,43,628.0,314.0,2.1013998985290527,0,0.9302973523736,1.461532711982727,1.0232802178758893,44,lr_ppo_seed55,lr_ppo,LR-PPO,55
77072,soldier_caught,0,1,0,0,233,232,116.0,1,,,1.4118013381958008,0,1.3454968631267548,0.8304664492607117,1.4407005712121324,2,lr_ppo_seed55,lr_ppo,LR-PPO,55
77073,intercepted,1,0,0,0,878,849,424.5,29,878.0,439.0,3.0170960426330566,0,1.0946259925762811,1.511567234992981,1.1988525353917738,30,lr_ppo_seed55,lr_ppo,LR-PPO,55
77074,intercepted,1,0,0,0,18,13,6.5,5,18.0,9.0,4.203171253204346,0,1.1436987866957982,1.6546530723571777,1.2201782952077085,6,lr_ppo_seed55,lr_ppo,LR-PPO,55
77075,intercepted,1,0,0,0,310,179,89.5,131,310.0,155.0,4.981606960296631,0,1.1489120665373225,0.6015023589134216,1.2415626341945656,132,lr_ppo_seed55,lr_ppo,LR-PPO,55
77076,intercepted,1,0,0,0,194,188,94.0,6,194.0,97.0,3.295698881149292,0,1.1447953815971101,1.251415491104126,1.2939386646923288,7,lr_ppo_seed55,lr_ppo,LR-PPO,55
77077,intercepted,1,0,0,0,213,155,77.5,58,213.0,106.5,3.670825719833374,0,1.1177907381522454,0.8939536213874817,1.2221320578755464,59,lr_ppo_seed55,lr_ppo,LR-PPO,55
77078,intercepted,1,0,0,0,552,423,211.5,129,552.0,276.0,4.411946773529053,0,1.1125574342333353,2.263143539428711,1.2373931555348683,130,lr_ppo_seed55,lr_ppo,LR-PPO,55
77079,soldier_caught,0,1,0,0,47,25,12.5,22,,,1.5948173999786377,0,1.0941777786482936,1.401381254196167,1.1761461124071133,23,lr_ppo_seed55,lr_ppo,LR-PPO,55
77080,soldier_caught,0,1,0,0,482,481,240.5,1,,,1.7050583362579346,0,0.9055597931146622,1.4079092741012573,1.035564358189954,2,lr_ppo_seed55,lr_ppo,LR-PPO,55
77081,soldier_caught,0,1,0,0,402,401,200.5,1,,,0.5253730416297913,0,1.3839319348335266,1.4616965055465698,1.3861150488722978,2,lr_ppo_seed55,lr_ppo,LR-PPO,55
77082,intercepted,1,0,0,0,719,713,356.5,6,719.0,359.5,3.375264883041382,0,1.0000469940049308,0.6657919883728027,1.066222296134723,7,lr_ppo_seed55,lr_ppo,LR-PPO,55
77083,intercepted,1,0,0,0,765,727,363.5,38,765.0,382.5,2.779444694519043,0,1.1791113637960875,0.6941064596176147,1.2848851564096073,39,lr_ppo_seed55,lr_ppo,LR-PPO,55
77084,intercepted,1,0,0,0,29,13,6.5,16,29.0,14.5,4.837560653686523,0,0.9146048216258779,0.576894223690033,1.0502890026334424,17,lr_ppo_seed55,lr_ppo,LR-PPO,55
77085,intercepted,1,0,0,0,924,10,5.0,914,924.0,462.0,2.5131187438964844,0,1.1182972278425602,0.832628607749939,1.2155916048052486,915,lr_ppo_seed55,lr_ppo,LR-PPO,55
77086,intercepted,1,0,0,0,932,724,362.0,208,932.0,466.0,2.005042314529419,0,1.1350124489034763,0.7015558481216431,1.2298332518652784,209,lr_ppo_seed55,lr_ppo,LR-PPO,55
77087,intercepted,1,0,0,0,104,11,5.5,93,104.0,52.0,3.7895545959472656,0,1.123195249666559,1.6307965517044067,1.2117654154918427,94,lr_ppo_seed55,lr_ppo,LR-PPO,55
77088,intercepted,1,0,0,0,142,110,55.0,32,142.0,71.0,4.290328502655029,0,1.0053235310496706,1.0216524600982666,1.1141358903407015,33,lr_ppo_seed55,lr_ppo,LR-PPO,55
77089,intercepted,1,0,0,0,171,51,25.5,120,171.0,85.5,3.3452014923095703,0,1.0650470434141552,0.7070034146308899,1.1550265691902084,121,lr_ppo_seed55,lr_ppo,LR-PPO,55
77090,intercepted,1,0,0,0,224,208,104.0,16,224.0,112.0,2.5347836017608643,0,1.0823358542778914,0.980624794960022,1.1631165863103508,17,lr_ppo_seed55,lr_ppo,LR-PPO,55
77091,soldier_caught,0,1,0,0,395,373,186.5,22,,,1.9926005601882935,0,0.9984391415896623,0.9551634192466736,1.0976879253854013,23,lr_ppo_seed55,lr_ppo,LR-PPO,55
77092,intercepted,1,0,0,0,108,81,40.5,27,108.0,54.0,4.623922824859619,0,1.0399144451533044,0.7323923110961914,1.0864654792522537,28,lr_ppo_seed55,lr_ppo,LR-PPO,55
77093,intercepted,1,0,0,0,170,121,60.5,49,170.0,85.0,4.338721752166748,0,1.1172215586900711,1.296559453010559,1.2224133421920222,50,lr_ppo_seed55,lr_ppo,LR-PPO,55
77094,intercepted,1,0,0,0,281,63,31.5,218,281.0,140.5,3.9764175415039062,0,1.090083826690504,0.4788398742675781,1.1847037894808516,219,lr_ppo_seed55,lr_ppo,LR-PPO,55
77095,intercepted,1,0,0,0,473,466,233.0,7,473.0,236.5,3.409508466720581,0,1.0602212399244308,1.1260857582092285,1.1280618469901007,8,lr_ppo_seed55,lr_ppo,LR-PPO,55
77096,intercepted,1,0,0,0,355,273,136.5,82,355.0,177.5,2.6760807037353516,0,1.1576370776417744,1.9332488775253296,1.253144949028442,83,lr_ppo_seed55,lr_ppo,LR-PPO,55
77097,intercepted,1,0,0,0,321,58,29.0,263,321.0,160.5,3.7337186336517334,0,1.0920180772346528,0.8726385831832886,1.1922079355500312,264,lr_ppo_seed55,lr_ppo,LR-PPO,55
77098,intercepted,1,0,0,0,299,145,72.5,154,299.0,149.5,3.673092842102051,0,1.1112650218509859,1.8802149295806885,1.2147719469995681,155,lr_ppo_seed55,lr_ppo,LR-PPO,55
77099,intercepted,1,0,0,0,90,66,33.0,24,90.0,45.0,2.823563814163208,0,1.177001975774765,1.2745094299316406,1.2560971406326904,25,lr_ppo_seed55,lr_ppo,LR-PPO,55
77100,intercepted,1,0,0,0,1166,977,488.5,189,1166.0,583.0,3.82058048248291,0,1.1679206408952412,0.9867779612541199,1.2659640518965545,190,lr_ppo_seed55,lr_ppo,LR-PPO,55
77101,intercepted,1,0,0,0,461,450,225.0,11,461.0,230.5,4.060736656188965,0,1.1498485853274663,2.6383306980133057,1.3335260817257024,12,lr_ppo_seed55,lr_ppo,LR-PPO,55
77102,intercepted,1,0,0,0,86,79,39.5,7,86.0,43.0,4.837916374206543,0,1.2104734107851982,0.7266778349876404,1.302597174425781,8,lr_ppo_seed55,lr_ppo,LR-PPO,55
77103,intercepted,1,0,0,0,111,10,5.0,101,111.0,55.5,2.167374610900879,0,1.0348532807593251,1.006591558456421,1.119630753873791,102,lr_ppo_seed55,lr_ppo,LR-PPO,55
77104,soldier_caught,0,1,0,0,250,36,18.0,214,,,0.8502059578895569,0,1.1319036723569382,0.6092351078987122,1.2148820005607264,215,lr_ppo_seed55,lr_ppo,LR-PPO,55
77105,intercepted,1,0,0,0,204,120,60.0,84,204.0,102.0,4.432329177856445,0,1.2240518510341645,1.7904562950134277,1.3199218066237608,85,lr_ppo_seed55,lr_ppo,LR-PPO,55
77106,intercepted,1,0,0,0,356,173,86.5,183,356.0,178.0,3.293544054031372,0,1.101617206050002,1.169256329536438,1.175884585161625,184,lr_ppo_seed55,lr_ppo,LR-PPO,55
77107,intercepted,1,0,0,0,752,429,214.5,323,752.0,376.0,2.016544818878174,0,1.099002964472697,1.5611273050308228,1.2029827791863243,324,lr_ppo_seed55,lr_ppo,LR-PPO,55
77108,soldier_caught,0,1,0,0,61,61,30.5,0,,,1.8274084329605103,0,0.3279072344303131,0.3279072344303131,0.3279072344303131,1,lr_ppo_seed55,lr_ppo,LR-PPO,55
77109,intercepted,1,0,0,0,411,218,109.0,193,411.0,205.5,4.372148036956787,0,1.1088051905029828,1.6337212324142456,1.1997136303465663,194,lr_ppo_seed55,lr_ppo,LR-PPO,55
77110,intercepted,1,0,0,0,144,136,68.0,8,144.0,72.0,2.4223222732543945,0,0.8308784200085534,0.8249094486236572,0.8945777399036917,9,lr_ppo_seed55,lr_ppo,LR-PPO,55
77111,soldier_caught,0,1,0,0,549,548,274.0,1,,,1.5957286357879639,0,0.7419039458036423,1.0178664922714233,0.7915660375811964,2,lr_ppo_seed55,lr_ppo,LR-PPO,55
77112,soldier_caught,0,1,0,0,420,396,198.0,24,,,1.7984933853149414,0,1.2001410269737243,1.3347508907318115,1.3135777149605423,25,lr_ppo_seed55,lr_ppo,LR-PPO,55
77113,intercepted,1,0,0,0,1194,1054,527.0,140,1194.0,597.0,3.4665961265563965,0,1.0979972575784576,0.5887927412986755,1.2026671565830966,141,lr_ppo_seed55,lr_ppo,LR-PPO,55
77114,intercepted,1,0,0,0,502,462,231.0,40,502.0,251.0,3.8633477687835693,0,1.2125044014395736,0.9705790877342224,1.2967327472668846,41,lr_ppo_seed55,lr_ppo,LR-PPO,55
77115,soldier_caught,0,1,0,0,300,70,35.0,230,,,1.9503673315048218,0,1.1595034367723382,0.35500824451446533,1.2477333228776677,231,lr_ppo_seed55,lr_ppo,LR-PPO,55
77116,intercepted,1,0,0,0,641,513,256.5,128,641.0,320.5,4.181314945220947,0,1.083055887688962,0.7716407179832458,1.1764846425463025,129,lr_ppo_seed55,lr_ppo,LR-PPO,55
77117,intercepted,1,0,0,0,194,150,75.0,44,194.0,97.0,4.749837398529053,0,1.2506219181749556,0.7957462668418884,1.3667879277324437,45,lr_ppo_seed55,lr_ppo,LR-PPO,55
77118,intercepted,1,0,0,0,79,33,16.5,46,79.0,39.5,2.605041265487671,0,1.101715528267495,0.4919069707393646,1.196120583611844,47,lr_ppo_seed55,lr_ppo,LR-PPO,55
77119,intercepted,1,0,0,0,19,10,5.0,9,19.0,9.5,2.7077338695526123,0,1.11066475212574,1.432094931602478,1.2106136432659957,10,lr_ppo_seed55,lr_ppo,LR-PPO,55
77120,unsafe_intercept,0,0,1,0,422,422,211.0,0,,,2.031139850616455,0,0.6707066893577576,0.6707066893577576,0.6707066893577576,1,lr_ppo_seed55,lr_ppo,LR-PPO,55
77121,soldier_caught,0,1,0,0,17,16,8.0,1,,,1.235305666923523,0,0.6522572487592697,0.8839690685272217,0.6921920874866945,2,lr_ppo_seed55,lr_ppo,LR-PPO,55
77122,soldier_caught,0,1,0,0,1089,980,490.0,109,,,0.9977229833602905,0,1.1254882305860519,1.2448838949203491,1.2251365157438572,110,lr_ppo_seed55,lr_ppo,LR-PPO,55
77123,intercepted,1,0,0,0,37,10,5.0,27,37.0,18.5,2.8713314533233643,0,1.229951126234872,1.5897340774536133,1.3133225340031676,28,lr_ppo_seed55,lr_ppo,LR-PPO,55
77124,intercepted,1,0,0,0,406,218,109.0,188,406.0,203.0,4.217789173126221,0,1.1510676856709536,2.2056808471679688,1.230349348203291,189,lr_ppo_seed55,lr_ppo,LR-PPO,55
77125,intercepted,1,0,0,0,54,9,4.5,45,54.0,27.0,2.9297115802764893,0,1.2910493417926456,1.6478691101074219,1.3819466072179907,46,lr_ppo_seed55,lr_ppo,LR-PPO,55
77126,intercepted,1,0,0,0,22,14,7.0,8,22.0,11.0,3.0474839210510254,0,1.1685710549354553,0.6865683197975159,1.309606211527116,9,lr_ppo_seed55,lr_ppo,LR-PPO,55
77127,intercepted,1,0,0,0,1064,919,459.5,145,1064.0,532.0,4.365030765533447,0,1.0706391413122007,1.4302572011947632,1.1860427219924408,146,lr_ppo_seed55,lr_ppo,LR-PPO,55
77128,soldier_caught,0,1,0,0,12,11,5.5,1,,,1.577687382698059,0,1.1676717400550842,1.6259392499923706,1.254378891399002,2,lr_ppo_seed55,lr_ppo,LR-PPO,55
77129,intercepted,1,0,0,0,522,489,244.5,33,522.0,261.0,3.8446545600891113,0,1.2570690442534054,0.9439598917961121,1.3341666300096748,34,lr_ppo_seed55,lr_ppo,LR-PPO,55
77130,intercepted,1,0,0,0,802,758,379.0,44,802.0,401.0,4.24713659286499,0,1.0769987132814196,1.3207591772079468,1.1701060363883173,45,lr_ppo_seed55,lr_ppo,LR-PPO,55
77131,intercepted,1,0,0,0,271,13,6.5,258,271.0,135.5,4.872743606567383,0,1.1264176057457465,0.9456282258033752,1.2181631623861229,259,lr_ppo_seed55,lr_ppo,LR-PPO,55
77132,intercepted,1,0,0,0,79,11,5.5,68,79.0,39.5,3.057175397872925,0,1.215605777674827,1.3726507425308228,1.3139336221253735,69,lr_ppo_seed55,lr_ppo,LR-PPO,55
77133,intercepted,1,0,0,0,156,126,63.0,30,156.0,78.0,3.489614248275757,0,1.273883258142779,0.8603267669677734,1.368625769245848,31,lr_ppo_seed55,lr_ppo,LR-PPO,55
77134,intercepted,1,0,0,0,99,11,5.5,88,99.0,49.5,3.4672746658325195,0,1.1092439966925074,0.9947632551193237,1.2056508298255968,89,lr_ppo_seed55,lr_ppo,LR-PPO,55
77135,soldier_caught,0,1,0,0,89,89,44.5,0,,,1.53912353515625,0,1.5448564291000366,1.5448564291000366,1.5448564291000366,1,lr_ppo_seed55,lr_ppo,LR-PPO,55
77136,soldier_caught,0,1,0,0,252,251,125.5,1,,,1.9917901754379272,0,1.4768010973930359,1.1730912923812866,1.5077072417818884,2,lr_ppo_seed55,lr_ppo,LR-PPO,55
77137,intercepted,1,0,0,0,48,30,15.0,18,48.0,24.0,3.8690733909606934,0,1.133391188947778,1.347611427307129,1.1983223610170324,19,lr_ppo_seed55,lr_ppo,LR-PPO,55
77138,intercepted,1,0,0,0,269,88,44.0,181,269.0,134.5,3.5319504737854004,0,1.1015902038377066,1.2907546758651733,1.1928233256671754,182,lr_ppo_seed55,lr_ppo,LR-PPO,55
77139,soldier_caught,0,1,0,0,44,43,21.5,1,,,1.7486412525177002,0,1.5729423761367798,1.3403023481369019,1.5900531756122507,2,lr_ppo_seed55,lr_ppo,LR-PPO,55
77140,soldier_caught,0,1,0,0,497,497,248.5,0,,,1.4318231344223022,0,1.0717980861663818,1.0717980861663818,1.0717980861663818,1,lr_ppo_seed55,lr_ppo,LR-PPO,55
77141,intercepted,1,0,0,0,978,952,476.0,26,978.0,489.0,3.849281072616577,0,0.9987630016273923,0.9376749396324158,1.0662153254495326,27,lr_ppo_seed55,lr_ppo,LR-PPO,55
77142,intercepted,1,0,0,0,406,15,7.5,391,406.0,203.0,2.776702642440796,0,1.0762153284586207,0.9950682520866394,1.1665646768898759,392,lr_ppo_seed55,lr_ppo,LR-PPO,55
77143,unsafe_intercept,0,0,1,0,516,516,258.0,0,,,2.0169410705566406,0,1.249298095703125,1.249298095703125,1.249298095703125,1,lr_ppo_seed55,lr_ppo,LR-PPO,55
77144,intercepted,1,0,0,0,423,251,125.5,172,423.0,211.5,3.5974061489105225,0,1.1291566599655702,0.6939241290092468,1.2322322099373455,173,lr_ppo_seed55,lr_ppo,LR-PPO,55
77145,soldier_caught,0,1,0,0,175,174,87.0,1,,,1.7736326456069946,0,1.2475414872169495,0.958088755607605,1.2806805402455326,2,lr_ppo_seed55,lr_ppo,LR-PPO,55
77146,intercepted,1,0,0,0,232,208,104.0,24,232.0,116.0,3.7712690830230713,0,1.1844635224342346,1.3123462200164795,1.2792805549946475,25,lr_ppo_seed55,lr_ppo,LR-PPO,55
77147,soldier_caught,0,1,0,0,455,419,209.5,36,,,1.3756494522094727,0,1.1361412744264345,1.7933367490768433,1.196892173277496,37,lr_ppo_seed55,lr_ppo,LR-PPO,55
77148,soldier_caught,0,1,0,0,448,447,223.5,1,,,1.6981323957443237,0,1.0133817195892334,0.3415944576263428,1.2158291964471115,2,lr_ppo_seed55,lr_ppo,LR-PPO,55
77149,intercepted,1,0,0,0,37,15,7.5,22,37.0,18.5,2.6053147315979004,0,1.0278409071590588,0.956581175327301,1.1153635688706318,23,lr_ppo_seed55,lr_ppo,LR-PPO,55
77150,intercepted,1,0,0,0,243,227,113.5,16,243.0,121.5,2.7463581562042236,0,1.0994512649143444,0.616378664970398,1.149807961529019,17,lr_ppo_seed55,lr_ppo,LR-PPO,55
77151,soldier_caught,0,1,0,0,1107,1084,542.0,23,,,0.8321610689163208,0,1.179950659473737,0.9226251244544983,1.2203887589860398,24,lr_ppo_seed55,lr_ppo,LR-PPO,55
77152,intercepted,1,0,0,0,341,331,165.5,10,341.0,170.5,3.7630209922790527,0,1.191227837042375,0.747459888458252,1.3258963172136191,11,lr_ppo_seed55,lr_ppo,LR-PPO,55
77153,intercepted,1,0,0,0,419,332,166.0,87,419.0,209.5,3.6920220851898193,0,1.153156735172326,0.8836132287979126,1.2577017130001047,88,lr_ppo_seed55,lr_ppo,LR-PPO,55
77154,intercepted,1,0,0,0,340,332,166.0,8,340.0,170.0,2.9106369018554688,0,1.430246180958218,0.9508029222488403,1.468937305546523,9,lr_ppo_seed55,lr_ppo,LR-PPO,55
77155,unsafe_intercept,0,0,1,0,323,323,161.5,0,,,2.389982223510742,0,1.1377028226852417,1.1377028226852417,1.1377028226852417,1,lr_ppo_seed55,lr_ppo,LR-PPO,55
77156,intercepted,1,0,0,0,346,285,142.5,61,346.0,173.0,4.521727561950684,0,1.1606750007598632,1.6583789587020874,1.2625655751944183,62,lr_ppo_seed55,lr_ppo,LR-PPO,55
77157,soldier_caught,0,1,0,0,38,15,7.5,23,,,1.2746713161468506,0,1.2499929691354434,0.5940525531768799,1.3513594447958026,24,lr_ppo_seed55,lr_ppo,LR-PPO,55
77158,unsafe_intercept,0,0,1,0,10,10,5.0,0,,,2.4396817684173584,0,1.2584835290908813,1.2584835290908813,1.2584835290908813,1,lr_ppo_seed55,lr_ppo,LR-PPO,55
77159,intercepted,1,0,0,0,142,100,50.0,42,142.0,71.0,4.281745910644531,0,1.0575071289095768,0.49153757095336914,1.1438583782348557,43,lr_ppo_seed55,lr_ppo,LR-PPO,55
77160,intercepted,1,0,0,0,87,79,39.5,8,87.0,43.5,2.5884318351745605,0,1.1283984581629436,1.1944527626037598,1.1601976245234753,9,lr_ppo_seed55,lr_ppo,LR-PPO,55
77161,intercepted,1,0,0,0,81,12,6.0,69,81.0,40.5,2.11953067779541,0,1.1888518691062928,1.2773933410644531,1.2902604210284154,70,lr_ppo_seed55,lr_ppo,LR-PPO,55
77162,intercepted,1,0,0,0,559,462,231.0,97,559.0,279.5,4.005183696746826,0,1.2081341986753502,1.0014183521270752,1.3052735294018687,98,lr_ppo_seed55,lr_ppo,LR-PPO,55
77163,intercepted,1,0,0,0,420,308,154.0,112,420.0,210.0,2.745805025100708,0,1.1339637484170695,1.702483057975769,1.2374818878151395,113,lr_ppo_seed55,lr_ppo,LR-PPO,55
77164,intercepted,1,0,0,0,161,107,53.5,54,161.0,80.5,3.097402811050415,0,1.1066167397932574,0.8113111257553101,1.1950609061426314,55,lr_ppo_seed55,lr_ppo,LR-PPO,55
77165,intercepted,1,0,0,0,69,53,26.5,16,69.0,34.5,3.0272557735443115,0,1.169554319451837,0.4263867437839508,1.2258437734403311,17,lr_ppo_seed55,lr_ppo,LR-PPO,55
77166,intercepted,1,0,0,0,110,82,41.0,28,110.0,55.0,2.781789779663086,0,1.2364785003251042,2.0310659408569336,1.3563020699186357,29,lr_ppo_seed55,lr_ppo,LR-PPO,55
77167,intercepted,1,0,0,0,20,13,6.5,7,20.0,10.0,2.6697144508361816,0,1.2074781134724617,1.1933033466339111,1.2923636554960456,8,lr_ppo_seed55,lr_ppo,LR-PPO,55
77168,intercepted,1,0,0,0,607,559,279.5,48,607.0,303.5,2.2543764114379883,0,1.09527594337658,0.8540424108505249,1.1636746524213766,49,lr_ppo_seed55,lr_ppo,LR-PPO,55
77169,soldier_caught,0,1,0,0,58,57,28.5,1,,,1.6388907432556152,0,1.4453320503234863,2.030470371246338,1.5592856025451869,2,lr_ppo_seed55,lr_ppo,LR-PPO,55
77170,intercepted,1,0,0,0,162,112,56.0,50,162.0,81.0,4.751366138458252,0,1.0702214895510207,0.9965582489967346,1.1767194209657186,51,lr_ppo_seed55,lr_ppo,LR-PPO,55
77171,intercepted,1,0,0,0,457,62,31.0,395,457.0,228.5,2.8444464206695557,0,1.1389303302223033,1.1588183641433716,1.2303829371076553,396,lr_ppo_seed55,lr_ppo,LR-PPO,55
77172,intercepted,1,0,0,0,736,447,223.5,289,736.0,368.0,3.123619318008423,0,1.1616992787040512,1.4005883932113647,1.2661845762096322,290,lr_ppo_seed55,lr_ppo,LR-PPO,55
77173,intercepted,1,0,0,0,281,173,86.5,108,281.0,140.5,2.4890472888946533,0,1.106132974318408,1.194016456604004,1.2039961401171346,109,lr_ppo_seed55,lr_ppo,LR-PPO,55
77174,intercepted,1,0,0,0,338,125,62.5,213,338.0,169.0,2.626812219619751,0,1.1477121614685684,0.44217586517333984,1.2329016675500903,214,lr_ppo_seed55,lr_ppo,LR-PPO,55
77175,intercepted,1,0,0,0,149,97,48.5,52,149.0,74.5,4.1314826011657715,0,1.1270552623384404,0.7502273917198181,1.253586179645047,53,lr_ppo_seed55,lr_ppo,LR-PPO,55
77176,intercepted,1,0,0,0,66,38,19.0,28,66.0,33.0,4.648482799530029,0,1.1551547132689377,1.449952244758606,1.2618096819400557,29,lr_ppo_seed55,lr_ppo,LR-PPO,55
77177,unsafe_intercept,0,0,1,0,446,446,223.0,0,,,2.344655990600586,0,0.5368062257766724,0.5368062257766724,0.5368062257766724,1,lr_ppo_seed55,lr_ppo,LR-PPO,55
77178,intercepted,1,0,0,0,780,173,86.5,607,780.0,390.0,2.7187960147857666,0,1.1530189353261928,1.5761457681655884,1.2547341870099389,608,lr_ppo_seed55,lr_ppo,LR-PPO,55
77179,soldier_caught,0,1,0,0,105,59,29.5,46,,,1.5938448905944824,0,1.1718759695266157,1.6363385915756226,1.248443068975333,47,lr_ppo_seed55,lr_ppo,LR-PPO,55
77180,soldier_caught,0,1,0,0,16,16,8.0,0,,,1.476803183555603,0,0.8361353874206543,0.8361353874206543,0.8361353874206543,1,lr_ppo_seed55,lr_ppo,LR-PPO,55
77181,intercepted,1,0,0,0,822,815,407.5,7,822.0,411.0,4.469653606414795,0,1.106968954205513,0.5964409112930298,1.1709641267864874,8,lr_ppo_seed55,lr_ppo,LR-PPO,55
77182,intercepted,1,0,0,0,1227,1162,581.0,65,1227.0,613.5,3.2915232181549072,0,1.1841662629987255,1.6165612936019897,1.2673453770256606,66,lr_ppo_seed55,lr_ppo,LR-PPO,55
77183,intercepted,1,0,0,0,89,10,5.0,79,89.0,44.5,3.6514768600463867,0,1.149166739732027,0.9323734045028687,1.2444218452276865,80,lr_ppo_seed55,lr_ppo,LR-PPO,55
77184,intercepted,1,0,0,0,498,491,245.5,7,498.0,249.0,4.761396408081055,0,0.7889692485332489,0.8272320032119751,0.8369393282445898,8,lr_ppo_seed55,lr_ppo,LR-PPO,55
77185,soldier_caught,0,1,0,0,422,422,211.0,0,,,1.3617923259735107,0,1.6111713647842407,1.6111713647842407,1.6111713647842407,1,lr_ppo_seed55,lr_ppo,LR-PPO,55
77186,intercepted,1,0,0,0,168,122,61.0,46,168.0,84.0,4.929953575134277,0,1.2131687234690849,1.606345534324646,1.3069334899516603,47,lr_ppo_seed55,lr_ppo,LR-PPO,55
77187,intercepted,1,0,0,0,47,9,4.5,38,47.0,23.5,4.876655578613281,0,1.1165210207303364,1.3146897554397583,1.1865322772262756,39,lr_ppo_seed55,lr_ppo,LR-PPO,55
77188,intercepted,1,0,0,0,48,36,18.0,12,48.0,24.0,3.9539151191711426,0,1.1028931805720696,0.3931712806224823,1.1885556453920962,13,lr_ppo_seed55,lr_ppo,LR-PPO,55
77189,intercepted,1,0,0,0,291,116,58.0,175,291.0,145.5,3.1265196800231934,0,1.1513330886902458,0.8713178634643555,1.2396063336086753,176,lr_ppo_seed55,lr_ppo,LR-PPO,55
77190,soldier_caught,0,1,0,0,14,13,6.5,1,,,1.8734663724899292,0,1.3023312091827393,1.9797152280807495,1.4679631083476845,2,lr_ppo_seed55,lr_ppo,LR-PPO,55
77191,intercepted,1,0,0,0,117,110,55.0,7,117.0,58.5,3.235356330871582,0,1.2116650342941284,0.36471807956695557,1.2862918604912472,8,lr_ppo_seed55,lr_ppo,LR-PPO,55
77192,soldier_caught,0,1,0,0,63,63,31.5,0,,,1.7505472898483276,0,1.0730499029159546,1.0730499029159546,1.0730499029159546,1,lr_ppo_seed55,lr_ppo,LR-PPO,55
77193,intercepted,1,0,0,0,199,11,5.5,188,199.0,99.5,4.7060866355896,0,1.1406075613839286,0.71298748254776,1.23901322558984,189,lr_ppo_seed55,lr_ppo,LR-PPO,55
77194,intercepted,1,0,0,0,521,156,78.0,365,521.0,260.5,3.687145471572876,0,1.100169540469438,0.5174442529678345,1.1880708041187513,366,lr_ppo_seed55,lr_ppo,LR-PPO,55
77195,intercepted,1,0,0,0,37,30,15.0,7,37.0,18.5,4.7371063232421875,0,1.091589093208313,0.9574998617172241,1.211036630384571,8,lr_ppo_seed55,lr_ppo,LR-PPO,55
77196,intercepted,1,0,0,0,357,331,165.5,26,357.0,178.5,4.962846279144287,0,1.0979428346510287,0.5983903408050537,1.2119365038963654,27,lr_ppo_seed55,lr_ppo,LR-PPO,55
77197,intercepted,1,0,0,0,144,53,26.5,91,144.0,72.0,4.481066703796387,0,1.1275717841218347,0.9434158802032471,1.2352473999132163,92,lr_ppo_seed55,lr_ppo,LR-PPO,55
77198,intercepted,1,0,0,0,455,442,221.0,13,455.0,227.5,4.7651777267456055,0,1.1526057294436864,1.1986470222473145,1.22947163973996,14,lr_ppo_seed55,lr_ppo,LR-PPO,55
77199,unsafe_intercept,0,0,1,0,1298,1297,648.5,1,,,3.4121859073638916,0,1.1618473529815674,1.188944697380066,1.1621633007902656,2,lr_ppo_seed55,lr_ppo,LR-PPO,55
77200,intercepted,1,0,0,0,1160,1095,547.5,65,1160.0,580.0,2.6001741886138916,0,1.1594187057379521,1.6289392709732056,1.2444312981008074,66,lr_ppo_seed55,lr_ppo,LR-PPO,55
77201,intercepted,1,0,0,0,373,320,160.0,53,373.0,186.5,3.4639008045196533,0,1.1955998335723523,1.6136598587036133,1.2725236648062193,54,lr_ppo_seed55,lr_ppo,LR-PPO,55
77202,intercepted,1,0,0,0,463,397,198.5,66,463.0,231.5,4.526907920837402,0,1.0927383339227135,0.6353392004966736,1.1906776433348845,67,lr_ppo_seed55,lr_ppo,LR-PPO,55
77203,soldier_caught,0,1,0,0,283,262,131.0,21,,,1.5649996995925903,0,1.1322411894798279,2.0678551197052,1.2512346019118523,22,lr_ppo_seed55,lr_ppo,LR-PPO,55
77204,intercepted,1,0,0,0,405,154,77.0,251,405.0,202.5,3.830425500869751,0,1.128376408169667,1.0590829849243164,1.2192718707949441,252,lr_ppo_seed55,lr_ppo,LR-PPO,55
77205,intercepted,1,0,0,0,133,39,19.5,94,133.0,66.5,4.202274322509766,0,1.083762500788036,0.9946443438529968,1.1806029406681622,95,lr_ppo_seed55,lr_ppo,LR-PPO,55
77206,intercepted,1,0,0,0,26,13,6.5,13,26.0,13.0,4.541582107543945,0,1.328137878860746,0.9803985953330994,1.4294608565128357,14,lr_ppo_seed55,lr_ppo,LR-PPO,55
77207,intercepted,1,0,0,0,213,203,101.5,10,213.0,106.5,3.966061592102051,0,1.1715049960396506,1.7500776052474976,1.247532957726585,11,lr_ppo_seed55,lr_ppo,LR-PPO,55
77208,soldier_caught,0,1,0,0,46,46,23.0,0,,,1.0151299238204956,0,1.019036054611206,1.019036054611206,1.019036054611206,1,lr_ppo_seed55,lr_ppo,LR-PPO,55
77209,intercepted,1,0,0,0,172,145,72.5,27,172.0,86.0,2.7537801265716553,0,1.1863334445016724,1.0084646940231323,1.3118688192284857,28,lr_ppo_seed55,lr_ppo,LR-PPO,55
77210,intercepted,1,0,0,0,923,876,438.0,47,923.0,461.5,4.002096652984619,0,1.1543380673974752,1.481881022453308,1.2232130320344554,48,lr_ppo_seed55,lr_ppo,LR-PPO,55
77211,intercepted,1,0,0,0,1434,1404,702.0,30,1434.0,717.0,2.6908814907073975,0,1.1822591395147386,2.1545863151550293,1.2972707282440668,31,lr_ppo_seed55,lr_ppo,LR-PPO,55
77212,intercepted,1,0,0,0,219,207,103.5,12,219.0,109.5,4.802278995513916,0,1.1716997073246882,0.8459360003471375,1.2502732417722313,13,lr_ppo_seed55,lr_ppo,LR-PPO,55
77213,unsafe_intercept,0,0,1,0,807,807,403.5,0,,,2.227975606918335,0,2.0748677253723145,2.0748677253723145,2.0748677253723145,1,lr_ppo_seed55,lr_ppo,LR-PPO,55
77214,intercepted,1,0,0,0,572,529,264.5,43,572.0,286.0,2.806489944458008,0,1.1367703141136603,1.1836436986923218,1.2233998410676588,44,lr_ppo_seed55,lr_ppo,LR-PPO,55
77215,soldier_caught,0,1,0,0,12,11,5.5,1,,,1.4076743125915527,0,0.309825599193573,0.45663437247276306,0.3428479514703233,2,lr_ppo_seed55,lr_ppo,LR-PPO,55
77216,intercepted,1,0,0,0,761,754,377.0,7,761.0,380.5,3.3625001907348633,0,1.5143520459532738,1.1833059787750244,1.6026915956469154,8,lr_ppo_seed55,lr_ppo,LR-PPO,55
77217,intercepted,1,0,0,0,148,129,64.5,19,148.0,74.0,4.900536060333252,0,1.029658380150795,1.4016364812850952,1.1056980107785537,20,lr_ppo_seed55,lr_ppo,LR-PPO,55
77218,soldier_caught,0,1,0,0,243,243,121.5,0,,,1.7150065898895264,0,1.6982213258743286,1.6982213258743286,1.6982213258743286,1,lr_ppo_seed55,lr_ppo,LR-PPO,55
77219,intercepted,1,0,0,0,132,123,61.5,9,132.0,66.0,3.2863097190856934,0,1.0039136052131652,0.5835606455802917,1.0499838858287258,10,lr_ppo_seed55,lr_ppo,LR-PPO,55
77220,intercepted,1,0,0,0,523,350,175.0,173,523.0,261.5,4.898138046264648,0,1.1489086025233926,0.3170855641365051,1.2349338387811526,174,lr_ppo_seed55,lr_ppo,LR-PPO,55
77221,intercepted,1,0,0,0,593,514,257.0,79,593.0,296.5,4.724642753601074,0,1.111196009069681,1.7108514308929443,1.190013841746695,80,lr_ppo_seed55,lr_ppo,LR-PPO,55
77222,intercepted,1,0,0,0,353,346,173.0,7,353.0,176.5,3.1741130352020264,0,1.0460381135344505,1.1939306259155273,1.1131927172670173,8,lr_ppo_seed55,lr_ppo,LR-PPO,55
77223,intercepted,1,0,0,0,126,39,19.5,87,126.0,63.0,3.3894362449645996,0,1.0955671764571557,0.9778897166252136,1.219533494359116,88,lr_ppo_seed55,lr_ppo,LR-PPO,55
77224,intercepted,1,0,0,0,87,78,39.0,9,87.0,43.5,3.8432271480560303,0,1.2220544993877411,1.0795626640319824,1.272639967627402,10,lr_ppo_seed55,lr_ppo,LR-PPO,55
77225,unsafe_intercept,0,0,1,0,279,279,139.5,0,,,2.208972692489624,0,1.647761583328247,1.647761583328247,1.647761583328247,1,lr_ppo_seed55,lr_ppo,LR-PPO,55
77226,soldier_caught,0,1,0,0,64,40,20.0,24,,,1.6097205877304077,0,1.1424569606781005,1.3062264919281006,1.230300733028508,25,lr_ppo_seed55,lr_ppo,LR-PPO,55
77227,intercepted,1,0,0,0,276,76,38.0,200,276.0,138.0,4.728821754455566,0,1.0725457352488788,1.3190805912017822,1.1683606114699208,201,lr_ppo_seed55,lr_ppo,LR-PPO,55
77228,intercepted,1,0,0,0,577,463,231.5,114,577.0,288.5,2.5951321125030518,0,1.122232336194619,0.7676728367805481,1.2108129943151056,115,lr_ppo_seed55,lr_ppo,LR-PPO,55
77229,intercepted,1,0,0,0,58,10,5.0,48,58.0,29.0,4.973092079162598,0,1.1079461288695434,0.7283579111099243,1.2194247391286568,49,lr_ppo_seed55,lr_ppo,LR-PPO,55
77230,intercepted,1,0,0,0,300,293,146.5,7,300.0,150.0,4.010082244873047,0,1.2289833165705204,1.5047366619110107,1.325028607330313,8,lr_ppo_seed55,lr_ppo,LR-PPO,55
77231,intercepted,1,0,0,0,114,94,47.0,20,114.0,57.0,4.860358238220215,0,1.1209201841127305,0.63255774974823,1.2104303663261258,21,lr_ppo_seed55,lr_ppo,LR-PPO,55
77232,intercepted,1,0,0,0,103,73,36.5,30,103.0,51.5,3.0933399200439453,0,1.2445852439249716,2.011868953704834,1.3347833963150257,31,lr_ppo_seed55,lr_ppo,LR-PPO,55
77233,soldier_caught,0,1,0,0,76,32,16.0,44,,,1.5769659280776978,0,1.122239398294025,2.0689749717712402,1.2199159924501142,45,lr_ppo_seed55,lr_ppo,LR-PPO,55
77234,soldier_caught,0,1,0,0,504,262,131.0,242,,,1.923642873764038,0,1.1613301754365732,0.7799964547157288,1.2625382588694634,243,lr_ppo_seed55,lr_ppo,LR-PPO,55
77235,soldier_caught,0,1,0,0,194,193,96.5,1,,,1.8924764394760132,0,1.4045867919921875,2.138723373413086,1.5848724164484875,2,lr_ppo_seed55,lr_ppo,LR-PPO,55
77236,intercepted,1,0,0,0,292,274,137.0,18,292.0,146.0,2.718381404876709,0,1.2162572710137618,1.3707051277160645,1.3416342660753056,19,lr_ppo_seed55,lr_ppo,LR-PPO,55
77237,intercepted,1,0,0,0,424,417,208.5,7,424.0,212.0,2.802140712738037,0,1.23185695707798,1.1890143156051636,1.4111467495762446,8,lr_ppo_seed55,lr_ppo,LR-PPO,55
77238,intercepted,1,0,0,0,618,609,304.5,9,618.0,309.0,3.435554027557373,0,1.0364015847444534,1.157969355583191,1.131115290913742,10,lr_ppo_seed55,lr_ppo,LR-PPO,55
77239,intercepted,1,0,0,0,429,369,184.5,60,429.0,214.5,3.325259208679199,0,1.1196330612311598,0.612485945224762,1.23308057900359,61,lr_ppo_seed55,lr_ppo,LR-PPO,55
77240,intercepted,1,0,0,0,118,12,6.0,106,118.0,59.0,3.018702268600464,0,1.1167604633580859,1.4293206930160522,1.191896658120731,107,lr_ppo_seed55,lr_ppo,LR-PPO,55
77241,soldier_caught,0,1,0,0,171,170,85.0,1,,,1.9197548627853394,0,1.3331353962421417,1.7887187004089355,1.408831477412833,2,lr_ppo_seed55,lr_ppo,LR-PPO,55
77242,soldier_caught,0,1,0,0,11,10,5.0,1,,,1.6140074729919434,0,0.8680543303489685,0.6180322170257568,0.9033434438729275,2,lr_ppo_seed55,lr_ppo,LR-PPO,55
77243,intercepted,1,0,0,0,158,10,5.0,148,158.0,79.0,2.7241649627685547,0,1.1395604397426515,0.9970347881317139,1.2314545565297517,149,lr_ppo_seed55,lr_ppo,LR-PPO,55
77244,intercepted,1,0,0,0,75,60,30.0,15,75.0,37.5,2.847684621810913,0,1.2046904992312193,1.1412156820297241,1.3044506249124896,16,lr_ppo_seed55,lr_ppo,LR-PPO,55
77245,intercepted,1,0,0,0,37,16,8.0,21,37.0,18.5,4.106861114501953,0,1.2106961960142308,1.3030833005905151,1.270215938874066,22,lr_ppo_seed55,lr_ppo,LR-PPO,55
77246,intercepted,1,0,0,0,373,120,60.0,253,373.0,186.5,4.676394939422607,0,1.1602500481751021,1.375059723854065,1.260162294350793,254,lr_ppo_seed55,lr_ppo,LR-PPO,55
77247,soldier_caught,0,1,0,0,319,318,159.0,1,,,1.5609092712402344,0,0.8541766256093979,0.35294613242149353,0.990378571576974,2,lr_ppo_seed55,lr_ppo,LR-PPO,55
77248,intercepted,1,0,0,0,770,711,355.5,59,770.0,385.0,3.5312271118164062,0,1.1191180715958278,0.95369553565979,1.1590864542903034,60,lr_ppo_seed55,lr_ppo,LR-PPO,55
77249,intercepted,1,0,0,0,1042,682,341.0,360,1042.0,521.0,3.8720719814300537,0,1.1123360996844036,0.8038918972015381,1.2147895773357111,361,lr_ppo_seed55,lr_ppo,LR-PPO,55
77250,unsafe_intercept,0,0,1,0,480,480,240.0,0,,,2.328684091567993,0,1.146245002746582,1.146245002746582,1.146245002746582,1,lr_ppo_seed55,lr_ppo,LR-PPO,55
77251,intercepted,1,0,0,0,218,81,40.5,137,218.0,109.0,2.271649122238159,0,1.161172275741895,1.1136445999145508,1.2511066096670078,138,lr_ppo_seed55,lr_ppo,LR-PPO,55
77252,intercepted,1,0,0,0,583,577,288.5,6,583.0,291.5,4.05244255065918,0,1.1969508699008398,1.0226151943206787,1.2442250178025387,7,lr_ppo_seed55,lr_ppo,LR-PPO,55
77253,soldier_caught,0,1,0,0,58,57,28.5,1,,,1.5539848804473877,0,1.3004512786865234,1.4451298713684082,1.308474464182555,2,lr_ppo_seed55,lr_ppo,LR-PPO,55
77254,intercepted,1,0,0,0,168,130,65.0,38,168.0,84.0,3.6421749591827393,0,1.019619108774723,1.521288275718689,1.0815298529512463,39,lr_ppo_seed55,lr_ppo,LR-PPO,55
77255,intercepted,1,0,0,0,105,75,37.5,30,105.0,52.5,3.3738694190979004,0,1.1682768214133479,1.6453583240509033,1.252706285158489,31,lr_ppo_seed55,lr_ppo,LR-PPO,55
77256,intercepted,1,0,0,0,235,63,31.5,172,235.0,117.5,2.6681480407714844,0,1.1339877541526893,2.1135597229003906,1.2321774944362611,173,lr_ppo_seed55,lr_ppo,LR-PPO,55
77257,intercepted,1,0,0,0,351,303,151.5,48,351.0,175.5,2.0927138328552246,0,1.237354617946002,0.6240047216415405,1.3232854527199576,49,lr_ppo_seed55,lr_ppo,LR-PPO,55
77258,intercepted,1,0,0,0,80,11,5.5,69,80.0,40.0,2.41111421585083,0,1.0858720575060163,0.5345311760902405,1.1766592329604824,70,lr_ppo_seed55,lr_ppo,LR-PPO,55
77259,unsafe_intercept,0,0,1,0,284,284,142.0,0,,,2.0483686923980713,0,0.579125165939331,0.579125165939331,0.579125165939331,1,lr_ppo_seed55,lr_ppo,LR-PPO,55
77260,intercepted,1,0,0,0,965,927,463.5,38,965.0,482.5,2.8337652683258057,0,1.1926641158568554,0.8189854621887207,1.2921834305228073,39,lr_ppo_seed55,lr_ppo,LR-PPO,55
77261,intercepted,1,0,0,0,227,215,107.5,12,227.0,113.5,4.494691371917725,0,0.9857358783483505,1.0553334951400757,1.0918664314676587,13,lr_ppo_seed55,lr_ppo,LR-PPO,55
77262,intercepted,1,0,0,0,141,62,31.0,79,141.0,70.5,4.20155143737793,0,1.0685748798772692,0.9208998680114746,1.1537743573385444,80,lr_ppo_seed55,lr_ppo,LR-PPO,55
77263,unsafe_intercept,0,0,1,0,166,166,83.0,0,,,2.476933240890503,0,0.8898237943649292,0.8898237943649292,0.8898237943649292,1,lr_ppo_seed55,lr_ppo,LR-PPO,55
77264,soldier_caught,0,1,0,0,357,356,178.0,1,,,0.6490150094032288,0,0.890924721956253,0.9084749817848206,0.8910975658214296,2,lr_ppo_seed55,lr_ppo,LR-PPO,55
77265,intercepted,1,0,0,0,505,371,185.5,134,505.0,252.5,2.9851138591766357,0,1.1764036432460503,0.7441467642784119,1.281954848787874,135,lr_ppo_seed55,lr_ppo,LR-PPO,55
77266,soldier_caught,0,1,0,0,731,707,353.5,24,,,1.4861117601394653,0,1.0364188760519029,1.2672985792160034,1.1416976774388767,25,lr_ppo_seed55,lr_ppo,LR-PPO,55
77267,soldier_caught,0,1,0,0,35,13,6.5,22,,,0.7218711376190186,0,1.0579268660234369,1.2232997417449951,1.144075138794488,23,lr_ppo_seed55,lr_ppo,LR-PPO,55
77268,soldier_caught,0,1,0,0,256,256,128.0,0,,,1.6957483291625977,0,0.8984442949295044,0.8984442949295044,0.8984442949295044,1,lr_ppo_seed55,lr_ppo,LR-PPO,55
77269,intercepted,1,0,0,0,265,213,106.5,52,265.0,132.5,2.826735258102417,0,1.025637148123867,0.6302900314331055,1.1165649838033738,53,lr_ppo_seed55,lr_ppo,LR-PPO,55
77270,intercepted,1,0,0,0,161,82,41.0,79,161.0,80.5,3.7809314727783203,0,0.9739517183974385,0.21178489923477173,1.1018927174287165,80,lr_ppo_seed55,lr_ppo,LR-PPO,55
77271,intercepted,1,0,0,0,1441,1284,642.0,157,1441.0,720.5,2.5505874156951904,0,1.198113008296188,1.0657000541687012,1.2766740806881778,158,lr_ppo_seed55,lr_ppo,LR-PPO,55
77272,intercepted,1,0,0,0,153,12,6.0,141,153.0,76.5,3.140867233276367,0,1.081677302088536,0.9557136297225952,1.1707924194696244,142,lr_ppo_seed55,lr_ppo,LR-PPO,55
77273,unsafe_intercept,0,0,1,0,617,616,308.0,1,,,2.090930938720703,0,1.2367916405200958,0.660347044467926,1.3645299316534392,2,lr_ppo_seed55,lr_ppo,LR-PPO,55
77274,intercepted,1,0,0,0,34,15,7.5,19,34.0,17.0,4.321237087249756,0,1.0380375511944293,1.2724175453186035,1.1354919863962856,20,lr_ppo_seed55,lr_ppo,LR-PPO,55
77275,intercepted,1,0,0,0,84,60,30.0,24,84.0,42.0,3.192979097366333,0,1.022263870239258,1.1267597675323486,1.1206771564959688,25,lr_ppo_seed55,lr_ppo,LR-PPO,55
77276,intercepted,1,0,0,0,425,416,208.0,9,425.0,212.5,2.4769301414489746,0,1.2188080191612243,0.9086672067642212,1.251222739797197,10,lr_ppo_seed55,lr_ppo,LR-PPO,55
77277,intercepted,1,0,0,0,209,42,21.0,167,209.0,104.5,4.541377067565918,0,1.1216822979705674,1.0666059255599976,1.2082764119566904,168,lr_ppo_seed55,lr_ppo,LR-PPO,55
77278,soldier_caught,0,1,0,0,217,217,108.5,0,,,0.8087678551673889,0,2.7959370613098145,2.7959370613098145,2.7959370613098145,1,lr_ppo_seed55,lr_ppo,LR-PPO,55
77279,intercepted,1,0,0,0,797,648,324.0,149,797.0,398.5,2.5439348220825195,0,1.1941796884934108,1.4536783695220947,1.2855841698606776,150,lr_ppo_seed55,lr_ppo,LR-PPO,55
77280,intercepted,1,0,0,0,203,45,22.5,158,203.0,101.5,2.6856541633605957,0,1.1382673418371931,1.2019200325012207,1.237075463981358,159,lr_ppo_seed55,lr_ppo,LR-PPO,55
77281,soldier_caught,0,1,0,0,263,262,131.0,1,,,1.8984326124191284,0,1.0598292350769043,0.6416958570480347,1.1393302986164853,2,lr_ppo_seed55,lr_ppo,LR-PPO,55
77282,intercepted,1,0,0,0,116,64,32.0,52,116.0,58.0,2.84421706199646,0,1.106447918235131,1.4422426223754883,1.1950459373069202,53,lr_ppo_seed55,lr_ppo,LR-PPO,55
77283,intercepted,1,0,0,0,709,677,338.5,32,709.0,354.5,2.2204577922821045,0,1.188198525797237,0.5722946524620056,1.2633033507104598,33,lr_ppo_seed55,lr_ppo,LR-PPO,55
77284,intercepted,1,0,0,0,116,53,26.5,63,116.0,58.0,2.462266206741333,0,1.2157619358040392,0.960473358631134,1.310533528319314,64,lr_ppo_seed55,lr_ppo,LR-PPO,55
77285,intercepted,1,0,0,0,392,319,159.5,73,392.0,196.0,3.386246919631958,0,1.1105318131881792,1.2479987144470215,1.214340988792404,74,lr_ppo_seed55,lr_ppo,LR-PPO,55
77286,intercepted,1,0,0,0,170,162,81.0,8,170.0,85.0,2.973966598510742,0,1.1849794387817383,0.9873984456062317,1.2472481265545445,9,lr_ppo_seed55,lr_ppo,LR-PPO,55
77287,intercepted,1,0,0,0,77,71,35.5,6,77.0,38.5,2.512333393096924,0,1.3685304522514343,1.2743053436279297,1.4133908609870898,7,lr_ppo_seed55,lr_ppo,LR-PPO,55
77288,unsafe_intercept,0,0,1,0,277,277,138.5,0,,,2.104783058166504,0,0.7481353878974915,0.7481353878974915,0.7481353878974915,1,lr_ppo_seed55,lr_ppo,LR-PPO,55
77289,intercepted,1,0,0,0,47,12,6.0,35,47.0,23.5,2.694575071334839,0,1.092484276327822,0.6578999757766724,1.1644489206889688,36,lr_ppo_seed55,lr_ppo,LR-PPO,55
77290,intercepted,1,0,0,0,103,83,41.5,20,103.0,51.5,4.927996635437012,0,1.1204593117747987,1.1831868886947632,1.215082610180774,21,lr_ppo_seed55,lr_ppo,LR-PPO,55
77291,soldier_caught,0,1,0,0,359,216,108.0,143,,,1.7890863418579102,0,1.1857020726634397,0.7929890155792236,1.299215193479439,144,lr_ppo_seed55,lr_ppo,LR-PPO,55
77292,intercepted,1,0,0,0,462,252,126.0,210,462.0,231.0,4.789984703063965,0,1.1166888113129196,1.966413974761963,1.227397889147659,211,lr_ppo_seed55,lr_ppo,LR-PPO,55
77293,soldier_caught,0,1,0,0,61,60,30.0,1,,,1.673985242843628,0,1.0975303053855896,0.9179147481918335,1.1121306216563813,2,lr_ppo_seed55,lr_ppo,LR-PPO,55
77294,intercepted,1,0,0,0,40,11,5.5,29,40.0,20.0,4.175103187561035,0,1.0243545005718866,1.0451335906982422,1.123950688974125,30,lr_ppo_seed55,lr_ppo,LR-PPO,55
77295,intercepted,1,0,0,0,528,485,242.5,43,528.0,264.0,3.872861385345459,0,1.2305557348511436,1.0072238445281982,1.3356237773785438,44,lr_ppo_seed55,lr_ppo,LR-PPO,55
77296,intercepted,1,0,0,0,17,10,5.0,7,17.0,8.5,3.134915590286255,0,1.0882659032940865,0.839809000492096,1.186601502054866,8,lr_ppo_seed55,lr_ppo,LR-PPO,55
77297,intercepted,1,0,0,0,37,10,5.0,27,37.0,18.5,3.817535400390625,0,1.1285641895873206,1.555769920349121,1.2226866732382633,28,lr_ppo_seed55,lr_ppo,LR-PPO,55
77298,intercepted,1,0,0,0,554,363,181.5,191,554.0,277.0,4.634263038635254,0,1.187546402681619,1.4084478616714478,1.2848643249152185,192,lr_ppo_seed55,lr_ppo,LR-PPO,55
77299,intercepted,1,0,0,0,581,551,275.5,30,581.0,290.5,3.382754325866699,0,1.1431745598393102,1.1819978952407837,1.221707344024863,31,lr_ppo_seed55,lr_ppo,LR-PPO,55
77300,intercepted,1,0,0,0,89,83,41.5,6,89.0,44.5,3.1506874561309814,0,1.117626347712108,1.7463650703430176,1.3015058274442934,7,lr_ppo_seed55,lr_ppo,LR-PPO,55
77301,intercepted,1,0,0,0,303,273,136.5,30,303.0,151.5,3.413722276687622,0,1.0768628851059945,1.0489627122879028,1.1409725636529973,31,lr_ppo_seed55,lr_ppo,LR-PPO,55
77302,intercepted,1,0,0,0,350,320,160.0,30,350.0,175.0,4.709076404571533,0,1.0367018974596454,1.021072506904602,1.0759292235698594,31,lr_ppo_seed55,lr_ppo,LR-PPO,55
77303,intercepted,1,0,0,0,137,33,16.5,104,137.0,68.5,4.988903522491455,0,1.130308381148747,0.6306394338607788,1.2094951849086757,105,lr_ppo_seed55,lr_ppo,LR-PPO,55
77304,unsafe_intercept,0,0,1,0,1024,1024,512.0,0,,,2.1721909046173096,0,1.0284799337387085,1.0284799337387085,1.0284799337387085,1,lr_ppo_seed55,lr_ppo,LR-PPO,55
77305,soldier_caught,0,1,0,0,172,172,86.0,0,,,1.8499528169631958,0,1.0403562784194946,1.0403562784194946,1.0403562784194946,1,lr_ppo_seed55,lr_ppo,LR-PPO,55
77306,intercepted,1,0,0,0,436,315,157.5,121,436.0,218.0,2.4573721885681152,0,1.1494817456505337,1.034787654876709,1.2498496851461114,122,lr_ppo_seed55,lr_ppo,LR-PPO,55
77307,intercepted,1,0,0,0,242,230,115.0,12,242.0,121.0,3.484103202819824,0,0.9636806261080962,0.5423417687416077,1.0885314333437712,13,lr_ppo_seed55,lr_ppo,LR-PPO,55
77308,unsafe_intercept,0,0,1,0,230,230,115.0,0,,,2.286402463912964,0,1.4099069833755493,1.4099069833755493,1.4099069833755493,1,lr_ppo_seed55,lr_ppo,LR-PPO,55
77309,intercepted,1,0,0,0,35,10,5.0,25,35.0,17.5,4.4313530921936035,0,1.0948015090364676,1.7867845296859741,1.2070665905229574,26,lr_ppo_seed55,lr_ppo,LR-PPO,55
77310,unsafe_intercept,0,0,1,0,389,389,194.5,0,,,2.2968757152557373,0,1.3572362661361694,1.3572362661361694,1.3572362661361694,1,lr_ppo_seed55,lr_ppo,LR-PPO,55
77311,intercepted,1,0,0,0,422,158,79.0,264,422.0,211.0,3.0964906215667725,0,1.134998073161773,0.7146106362342834,1.2355446312688394,265,lr_ppo_seed55,lr_ppo,LR-PPO,55
77312,intercepted,1,0,0,0,149,143,71.5,6,149.0,74.5,3.5495975017547607,0,1.1654429265430994,1.3304215669631958,1.203683765398576,7,lr_ppo_seed55,lr_ppo,LR-PPO,55
77313,intercepted,1,0,0,0,19,10,5.0,9,19.0,9.5,4.1242594718933105,0,0.9340341031551361,0.5300695896148682,1.0643077617840393,10,lr_ppo_seed55,lr_ppo,LR-PPO,55
77314,unsafe_intercept,0,0,1,0,76,76,38.0,0,,,2.264536142349243,0,1.011144757270813,1.011144757270813,1.011144757270813,1,lr_ppo_seed55,lr_ppo,LR-PPO,55
77315,intercepted,1,0,0,0,156,146,73.0,10,156.0,78.0,3.5207161903381348,0,1.354710578918457,2.1808130741119385,1.404976979376501,11,lr_ppo_seed55,lr_ppo,LR-PPO,55
77316,unsafe_intercept,0,0,1,0,36,36,18.0,0,,,2.024066209793091,0,1.299434781074524,1.299434781074524,1.299434781074524,1,lr_ppo_seed55,lr_ppo,LR-PPO,55
77317,soldier_caught,0,1,0,0,37,37,18.5,0,,,1.9277340173721313,0,1.4309557676315308,1.4309557676315308,1.4309557676315308,1,lr_ppo_seed55,lr_ppo,LR-PPO,55
77318,unsafe_intercept,0,0,1,0,212,212,106.0,0,,,2.34527850151062,0,1.6739751100540161,1.6739751100540161,1.6739751100540161,1,lr_ppo_seed55,lr_ppo,LR-PPO,55
77319,intercepted,1,0,0,0,1023,456,228.0,567,1023.0,511.5,2.424372434616089,0,1.1482434642409356,1.7835923433303833,1.2413481208528196,568,lr_ppo_seed55,lr_ppo,LR-PPO,55
77320,soldier_caught,0,1,0,0,80,34,17.0,46,,,1.9422202110290527,0,1.0430393517017365,1.3009488582611084,1.1600293756255369,47,lr_ppo_seed55,lr_ppo,LR-PPO,55
77321,intercepted,1,0,0,0,330,233,116.5,97,330.0,165.0,4.976024150848389,0,1.099876668076126,1.4476674795150757,1.181313753736361,98,lr_ppo_seed55,lr_ppo,LR-PPO,55
77322,intercepted,1,0,0,0,575,509,254.5,66,575.0,287.5,4.769620895385742,0,1.0960929671775048,0.9651139378547668,1.1659373786763467,67,lr_ppo_seed55,lr_ppo,LR-PPO,55
77323,intercepted,1,0,0,0,256,237,118.5,19,256.0,128.0,2.5592520236968994,0,1.1378703333437443,0.9982540011405945,1.2055016261154463,20,lr_ppo_seed55,lr_ppo,LR-PPO,55
77324,intercepted,1,0,0,0,354,349,174.5,5,354.0,177.0,3.1405229568481445,0,1.0401480495929718,0.9750438332557678,1.1141680030008987,6,lr_ppo_seed55,lr_ppo,LR-PPO,55
77325,intercepted,1,0,0,0,329,204,102.0,125,329.0,164.5,4.133947849273682,0,1.1289318311545584,1.1507556438446045,1.2081446133858118,126,lr_ppo_seed55,lr_ppo,LR-PPO,55
77326,unsafe_intercept,0,0,1,0,13,12,6.0,1,,,2.2827911376953125,0,1.311713993549347,1.1292551755905151,1.324343165921926,2,lr_ppo_seed55,lr_ppo,LR-PPO,55
77327,soldier_caught,0,1,0,0,143,143,71.5,0,,,1.2780808210372925,0,1.9404484033584595,1.9404484033584595,1.9404484033584595,1,lr_ppo_seed55,lr_ppo,LR-PPO,55
77328,intercepted,1,0,0,0,717,683,341.5,34,717.0,358.5,2.3581998348236084,0,1.1102913515908377,0.9541925191879272,1.2130185582408044,35,lr_ppo_seed55,lr_ppo,LR-PPO,55
77329,intercepted,1,0,0,0,177,106,53.0,71,177.0,88.5,3.9778363704681396,0,1.0973423659387562,0.7824692726135254,1.1790143852485924,72,lr_ppo_seed55,lr_ppo,LR-PPO,55
77330,intercepted,1,0,0,0,31,15,7.5,16,31.0,15.5,4.570538520812988,0,1.1250420054968666,1.4909273386001587,1.240708564662096,17,lr_ppo_seed55,lr_ppo,LR-PPO,55
77331,intercepted,1,0,0,0,275,267,133.5,8,275.0,137.5,4.800548553466797,0,1.1358054180939992,1.5384914875030518,1.2177360254025926,9,lr_ppo_seed55,lr_ppo,LR-PPO,55
77332,intercepted,1,0,0,0,251,243,121.5,8,251.0,125.5,3.2432191371917725,0,0.929335441854265,1.1247025728225708,0.9410258871450636,9,lr_ppo_seed55,lr_ppo,LR-PPO,55
77333,intercepted,1,0,0,0,39,33,16.5,6,39.0,19.5,4.658885478973389,0,1.3371045419148035,1.0796294212341309,1.4637683768402923,7,lr_ppo_seed55,lr_ppo,LR-PPO,55
77334,unsafe_intercept,0,0,1,0,46,46,23.0,0,,,2.3863625526428223,0,0.988478422164917,0.988478422164917,0.988478422164917,1,lr_ppo_seed55,lr_ppo,LR-PPO,55
77335,intercepted,1,0,0,0,63,51,25.5,12,63.0,31.5,4.043050289154053,0,1.1146000302754915,0.8197183012962341,1.182205402919719,13,lr_ppo_seed55,lr_ppo,LR-PPO,55
77336,soldier_caught,0,1,0,0,199,199,99.5,0,,,1.7678484916687012,0,0.5904507040977478,0.5904507040977478,0.5904507040977478,1,lr_ppo_seed55,lr_ppo,LR-PPO,55
77337,intercepted,1,0,0,0,1041,1031,515.5,10,1041.0,520.5,4.2880072593688965,0,0.9940661869265817,1.9917296171188354,1.116689325209218,11,lr_ppo_seed55,lr_ppo,LR-PPO,55
77338,unsafe_intercept,0,0,1,0,10,10,5.0,0,,,2.1981863975524902,0,1.0332555770874023,1.0332555770874023,1.0332555770874023,1,lr_ppo_seed55,lr_ppo,LR-PPO,55
77339,soldier_caught,0,1,0,0,316,315,157.5,1,,,1.1389951705932617,0,0.9764739573001862,0.8487582802772522,0.9847906800142415,2,lr_ppo_seed55,lr_ppo,LR-PPO,55
77340,soldier_caught,0,1,0,0,181,157,78.5,24,,,1.553340196609497,0,1.234155865907669,1.6133297681808472,1.3489648643349916,25,lr_ppo_seed55,lr_ppo,LR-PPO,55
77341,intercepted,1,0,0,0,175,14,7.0,161,175.0,87.5,4.951031684875488,0,1.0828763902371312,1.1256908178329468,1.1692960498698848,162,lr_ppo_seed55,lr_ppo,LR-PPO,55
77342,intercepted,1,0,0,0,343,322,161.0,21,343.0,171.5,3.472559690475464,0,1.0587892505255612,1.0619416236877441,1.1430208476884474,22,lr_ppo_seed55,lr_ppo,LR-PPO,55
77343,intercepted,1,0,0,0,381,372,186.0,9,381.0,190.5,3.0760304927825928,0,0.854566216468811,0.29293015599250793,0.9089789868083087,10,lr_ppo_seed55,lr_ppo,LR-PPO,55
77344,soldier_caught,0,1,0,0,220,219,109.5,1,,,1.31515634059906,0,0.5516216605901718,0.21363577246665955,0.6469319260964774,2,lr_ppo_seed55,lr_ppo,LR-PPO,55
77345,unsafe_intercept,0,0,1,0,470,470,235.0,0,,,2.2185003757476807,0,0.8506628274917603,0.8506628274917603,0.8506628274917603,1,lr_ppo_seed55,lr_ppo,LR-PPO,55
77346,intercepted,1,0,0,0,102,83,41.5,19,102.0,51.0,4.8455634117126465,0,1.135700635612011,1.6260480880737305,1.2336388601949901,20,lr_ppo_seed55,lr_ppo,LR-PPO,55
77347,unsafe_intercept,0,0,1,0,203,203,101.5,0,,,2.3310654163360596,0,1.180192232131958,1.180192232131958,1.180192232131958,1,lr_ppo_seed55,lr_ppo,LR-PPO,55
77348,soldier_caught,0,1,0,0,94,93,46.5,1,,,1.5252410173416138,0,1.2585025429725647,1.3066794872283936,1.2594243401754,2,lr_ppo_seed55,lr_ppo,LR-PPO,55
77349,intercepted,1,0,0,0,74,9,4.5,65,74.0,37.0,4.672581195831299,0,1.1430083179112636,0.5971590876579285,1.221709476765359,66,lr_ppo_seed55,lr_ppo,LR-PPO,55
77350,soldier_caught,0,1,0,0,276,96,48.0,180,,,1.3352187871932983,0,1.1250402301714566,1.5392701625823975,1.2039745146695382,181,lr_ppo_seed55,lr_ppo,LR-PPO,55
77351,intercepted,1,0,0,0,40,31,15.5,9,40.0,20.0,4.089468479156494,0,1.0704506754875183,1.9251800775527954,1.1329448576884216,10,lr_ppo_seed55,lr_ppo,LR-PPO,55
77352,soldier_caught,0,1,0,0,16,16,8.0,0,,,1.9169644117355347,0,1.6880786418914795,1.6880786418914795,1.6880786418914795,1,lr_ppo_seed55,lr_ppo,LR-PPO,55
77353,intercepted,1,0,0,0,678,636,318.0,42,678.0,339.0,2.586555004119873,0,1.1242179129012795,0.5595027804374695,1.2069700340231684,43,lr_ppo_seed55,lr_ppo,LR-PPO,55
77354,soldier_caught,0,1,0,0,14,14,7.0,0,,,1.7258144617080688,0,1.134795069694519,1.134795069694519,1.134795069694519,1,lr_ppo_seed55,lr_ppo,LR-PPO,55
77355,intercepted,1,0,0,0,66,59,29.5,7,66.0,33.0,3.793186902999878,0,1.0982882976531982,0.6977301836013794,1.1378841240187485,8,lr_ppo_seed55,lr_ppo,LR-PPO,55
77356,intercepted,1,0,0,0,339,222,111.0,117,339.0,169.5,3.760608434677124,0,1.1620790751303656,0.5886563062667847,1.2854539375320055,118,lr_ppo_seed55,lr_ppo,LR-PPO,55
77357,intercepted,1,0,0,0,683,503,251.5,180,683.0,341.5,2.734893560409546,0,1.08771008030815,1.1511759757995605,1.186240749487178,181,lr_ppo_seed55,lr_ppo,LR-PPO,55
77358,intercepted,1,0,0,0,169,54,27.0,115,169.0,84.5,2.6007606983184814,0,1.137388269192186,0.6638339757919312,1.2605687251092628,116,lr_ppo_seed55,lr_ppo,LR-PPO,55
77359,unsafe_intercept,0,0,1,0,98,98,49.0,0,,,2.062865734100342,0,1.2620935440063477,1.2620935440063477,1.2620935440063477,1,lr_ppo_seed55,lr_ppo,LR-PPO,55
77360,intercepted,1,0,0,0,152,107,53.5,45,152.0,76.0,2.0664751529693604,0,1.1488579803186914,0.9590086936950684,1.2321235708551759,46,lr_ppo_seed55,lr_ppo,LR-PPO,55
77361,soldier_caught,0,1,0,0,232,232,116.0,0,,,1.4915634393692017,0,0.7249058485031128,0.7249058485031128,0.7249058485031128,1,lr_ppo_seed55,lr_ppo,LR-PPO,55
77362,intercepted,1,0,0,0,197,10,5.0,187,197.0,98.5,2.014535665512085,0,1.134102997152095,1.126520037651062,1.2203807721308642,188,lr_ppo_seed55,lr_ppo,LR-PPO,55
77363,intercepted,1,0,0,0,576,438,219.0,138,576.0,288.0,2.6700141429901123,0,1.1358056947481718,0.539230465888977,1.2279287652977349,139,lr_ppo_seed55,lr_ppo,LR-PPO,55
77364,soldier_caught,0,1,0,0,79,79,39.5,0,,,1.5504070520401,0,0.9234578609466553,0.9234578609466553,0.9234578609466553,1,lr_ppo_seed55,lr_ppo,LR-PPO,55
77365,unsafe_intercept,0,0,1,0,464,464,232.0,0,,,2.100215196609497,0,0.9441095590591431,0.9441095590591431,0.9441095590591431,1,lr_ppo_seed55,lr_ppo,LR-PPO,55
77366,soldier_caught,0,1,0,0,330,283,141.5,47,,,1.3745273351669312,0,1.131793645521005,0.7095334529876709,1.2466831730844223,48,lr_ppo_seed55,lr_ppo,LR-PPO,55
77367,unsafe_intercept,0,0,1,0,379,379,189.5,0,,,2.295452356338501,0,0.9032989144325256,0.9032989144325256,0.9032989144325256,1,lr_ppo_seed55,lr_ppo,LR-PPO,55
77368,intercepted,1,0,0,0,88,67,33.5,21,88.0,44.0,4.849776268005371,0,1.193874172189019,1.474409580230713,1.2653981307659823,22,lr_ppo_seed55,lr_ppo,LR-PPO,55
77369,intercepted,1,0,0,0,44,10,5.0,34,44.0,22.0,3.8510091304779053,0,1.1158508624349321,2.4191410541534424,1.2023050414817082,35,lr_ppo_seed55,lr_ppo,LR-PPO,55
77370,unsafe_intercept,0,0,1,0,187,187,93.5,0,,,2.1862752437591553,0,1.2491976022720337,1.2491976022720337,1.2491976022720337,1,lr_ppo_seed55,lr_ppo,LR-PPO,55
77371,intercepted,1,0,0,0,385,369,184.5,16,385.0,192.5,3.545947313308716,0,1.0630650432670818,1.3583487272262573,1.1266836448222404,17,lr_ppo_seed55,lr_ppo,LR-PPO,55
77372,soldier_caught,0,1,0,0,66,44,22.0,22,,,1.7520718574523926,0,1.0252371294342952,1.09017014503479,1.0883327254539794,23,lr_ppo_seed55,lr_ppo,LR-PPO,55
77373,intercepted,1,0,0,0,351,297,148.5,54,351.0,175.5,3.813157320022583,0,1.1786593247543682,1.0044281482696533,1.2932168689047812,55,lr_ppo_seed55,lr_ppo,LR-PPO,55
77374,intercepted,1,0,0,0,356,248,124.0,108,356.0,178.0,3.534698486328125,0,1.1479542476868412,1.2433700561523438,1.2532457011860385,109,lr_ppo_seed55,lr_ppo,LR-PPO,55
77375,intercepted,1,0,0,0,438,129,64.5,309,438.0,219.0,4.666269779205322,0,1.06689199271702,0.7747086882591248,1.165721218062706,310,lr_ppo_seed55,lr_ppo,LR-PPO,55
77376,intercepted,1,0,0,0,167,11,5.5,156,167.0,83.5,3.230076313018799,0,1.1427474705514256,1.4371979236602783,1.2466387032774864,157,lr_ppo_seed55,lr_ppo,LR-PPO,55
77377,intercepted,1,0,0,0,384,376,188.0,8,384.0,192.0,3.0519797801971436,0,0.8572323504421446,0.7612735033035278,0.9550950625695599,9,lr_ppo_seed55,lr_ppo,LR-PPO,55
77378,intercepted,1,0,0,0,226,10,5.0,216,226.0,113.0,4.666530609130859,0,1.1890139512477382,1.6108266115188599,1.2865906769652755,217,lr_ppo_seed55,lr_ppo,LR-PPO,55
77379,intercepted,1,0,0,0,387,64,32.0,323,387.0,193.5,3.2334492206573486,0,1.1295212906911785,0.22234061360359192,1.2234099393962368,324,lr_ppo_seed55,lr_ppo,LR-PPO,55
77380,intercepted,1,0,0,0,93,36,18.0,57,93.0,46.5,4.609057426452637,0,1.0317442206473186,0.7495404481887817,1.127457958182595,58,lr_ppo_seed55,lr_ppo,LR-PPO,55
77381,intercepted,1,0,0,0,104,10,5.0,94,104.0,52.0,2.8697266578674316,0,1.0977794258218063,1.0094892978668213,1.1909189352576042,95,lr_ppo_seed55,lr_ppo,LR-PPO,55
77382,soldier_caught,0,1,0,0,220,170,85.0,50,,,1.562544584274292,0,1.1233564510064966,0.8505626320838928,1.24663792005583,51,lr_ppo_seed55,lr_ppo,LR-PPO,55
77383,soldier_caught,0,1,0,0,275,155,77.5,120,,,1.4021493196487427,0,1.1796879643989988,0.7039368152618408,1.2643668973195032,121,lr_ppo_seed55,lr_ppo,LR-PPO,55
77384,soldier_caught,0,1,0,0,393,370,185.0,23,,,1.4359652996063232,0,0.941277526319027,1.137641191482544,1.002520892180102,24,lr_ppo_seed55,lr_ppo,LR-PPO,55
77385,intercepted,1,0,0,0,49,17,8.5,32,49.0,24.5,3.9652819633483887,0,1.0383713109926744,0.7238125801086426,1.1357632965309272,33,lr_ppo_seed55,lr_ppo,LR-PPO,55
77386,intercepted,1,0,0,0,210,72,36.0,138,210.0,105.0,2.4873504638671875,0,1.174271095999711,0.9138405919075012,1.2790496474300388,139,lr_ppo_seed55,lr_ppo,LR-PPO,55
77387,intercepted,1,0,0,0,123,117,58.5,6,123.0,61.5,2.928154230117798,0,1.17811980843544,0.9317622780799866,1.333268173400207,7,lr_ppo_seed55,lr_ppo,LR-PPO,55
77388,soldier_caught,0,1,0,0,513,489,244.5,24,,,0.4700222611427307,0,0.994504165649414,0.8950177431106567,1.0737338652748427,25,lr_ppo_seed55,lr_ppo,LR-PPO,55
77389,intercepted,1,0,0,0,454,448,224.0,6,454.0,227.0,3.934450387954712,0,1.0353575944900513,0.726098358631134,1.0945736666598243,7,lr_ppo_seed55,lr_ppo,LR-PPO,55
77390,soldier_caught,0,1,0,0,341,341,170.5,0,,,1.721756935119629,0,0.2444954365491867,0.2444954365491867,0.2444954365491867,1,lr_ppo_seed55,lr_ppo,LR-PPO,55
77391,intercepted,1,0,0,0,477,128,64.0,349,477.0,238.5,2.732473850250244,0,1.0971174485342843,0.37355953454971313,1.183481967647236,350,lr_ppo_seed55,lr_ppo,LR-PPO,55
77392,soldier_caught,0,1,0,0,774,773,386.5,1,,,1.481753945350647,0,1.2652413249015808,1.2370343208312988,1.2655557061296545,2,lr_ppo_seed55,lr_ppo,LR-PPO,55
77393,intercepted,1,0,0,0,351,78,39.0,273,351.0,175.5,4.172611236572266,0,1.0964791889499574,0.8288148045539856,1.1939081391611646,274,lr_ppo_seed55,lr_ppo,LR-PPO,55
77394,intercepted,1,0,0,0,1050,927,463.5,123,1050.0,525.0,2.6569275856018066,0,1.065177805962101,0.2494180053472519,1.1455926990144318,124,lr_ppo_seed55,lr_ppo,LR-PPO,55
77395,intercepted,1,0,0,0,375,316,158.0,59,375.0,187.5,4.254807472229004,0,1.0597776480019092,1.3876656293869019,1.155317693661034,60,lr_ppo_seed55,lr_ppo,LR-PPO,55
77396,intercepted,1,0,0,0,121,74,37.0,47,121.0,60.5,3.9914722442626953,0,1.1017821934074163,1.979926586151123,1.2005931271175259,48,lr_ppo_seed55,lr_ppo,LR-PPO,55
77397,unsafe_intercept,0,0,1,0,11,11,5.5,0,,,2.305056095123291,0,0.7142171859741211,0.7142171859741211,0.7142171859741211,1,lr_ppo_seed55,lr_ppo,LR-PPO,55
77398,intercepted,1,0,0,0,500,220,110.0,280,500.0,250.0,2.5450708866119385,0,1.1568951173503204,0.9093273282051086,1.2622193882533097,281,lr_ppo_seed55,lr_ppo,LR-PPO,55
77399,soldier_caught,0,1,0,0,76,75,37.5,1,,,1.8070555925369263,0,1.1641179323196411,1.638551950454712,1.2570832104168543,2,lr_ppo_seed55,lr_ppo,LR-PPO,55
77400,intercepted,1,0,0,0,1121,1044,522.0,77,1121.0,560.5,4.581140995025635,0,1.0504198578687816,0.7429523468017578,1.1392192855546133,78,lr_ppo_seed55,lr_ppo,LR-PPO,55
77401,unsafe_intercept,0,0,1,0,176,176,88.0,0,,,2.3986144065856934,0,0.4580806791782379,0.4580806791782379,0.4580806791782379,1,lr_ppo_seed55,lr_ppo,LR-PPO,55
77402,soldier_caught,0,1,0,0,458,457,228.5,1,,,1.979156732559204,0,2.1918909549713135,1.89593505859375,2.2117811490031523,2,lr_ppo_seed55,lr_ppo,LR-PPO,55
77403,soldier_caught,0,1,0,0,264,263,131.5,1,,,1.9225469827651978,0,1.255558967590332,1.0038892030715942,1.280533479245825,2,lr_ppo_seed55,lr_ppo,LR-PPO,55
77404,intercepted,1,0,0,0,554,413,206.5,141,554.0,277.0,3.468074083328247,0,1.1558714619194959,2.0103423595428467,1.2416160108097523,142,lr_ppo_seed55,lr_ppo,LR-PPO,55
77405,soldier_caught,0,1,0,0,41,40,20.0,1,,,1.1608742475509644,0,1.2852260172367096,1.738555669784546,1.362832964548949,2,lr_ppo_seed55,lr_ppo,LR-PPO,55
77406,intercepted,1,0,0,0,598,578,289.0,20,598.0,299.0,2.6930487155914307,0,1.0505739173718862,0.7834804058074951,1.1309732656368185,21,lr_ppo_seed55,lr_ppo,LR-PPO,55
77407,soldier_caught,0,1,0,0,265,14,7.0,251,,,1.5691200494766235,0,1.1615917596315581,2.2628097534179688,1.2717371054171693,252,lr_ppo_seed55,lr_ppo,LR-PPO,55
77408,intercepted,1,0,0,0,64,55,27.5,9,64.0,32.0,3.7681961059570312,0,0.8473300009965896,0.49800416827201843,0.8829695685970784,10,lr_ppo_seed55,lr_ppo,LR-PPO,55
77409,intercepted,1,0,0,0,22,12,6.0,10,22.0,11.0,4.082300662994385,0,0.9833243137056177,0.6818972826004028,1.1022567432812604,11,lr_ppo_seed55,lr_ppo,LR-PPO,55
77410,intercepted,1,0,0,0,753,677,338.5,76,753.0,376.5,3.527350664138794,0,1.1326468447586158,0.4423389136791229,1.2248868108942945,77,lr_ppo_seed55,lr_ppo,LR-PPO,55
77411,soldier_caught,0,1,0,0,45,18,9.0,27,,,1.834186315536499,0,1.1140405610203743,0.7341467142105103,1.2184471502276355,28,lr_ppo_seed55,lr_ppo,LR-PPO,55
77412,unsafe_intercept,0,0,1,0,56,56,28.0,0,,,2.410487651824951,0,0.8103070855140686,0.8103070855140686,0.8103070855140686,1,lr_ppo_seed55,lr_ppo,LR-PPO,55
77413,soldier_caught,0,1,0,0,525,525,262.5,0,,,1.5322661399841309,0,2.214796304702759,2.214796304702759,2.214796304702759,1,lr_ppo_seed55,lr_ppo,LR-PPO,55
77414,unsafe_intercept,0,0,1,0,346,346,173.0,0,,,2.048494338989258,0,1.0194162130355835,1.0194162130355835,1.0194162130355835,1,lr_ppo_seed55,lr_ppo,LR-PPO,55
77415,soldier_caught,0,1,0,0,589,561,280.5,28,,,1.873793125152588,0,1.1422705711989567,1.191611886024475,1.1999711821256616,29,lr_ppo_seed55,lr_ppo,LR-PPO,55
77416,intercepted,1,0,0,0,1061,1010,505.0,51,1061.0,530.5,3.863954544067383,0,1.1695162556492364,0.7736966013908386,1.257349235012977,52,lr_ppo_seed55,lr_ppo,LR-PPO,55
77417,soldier_caught,0,1,0,0,152,152,76.0,0,,,1.6420793533325195,0,0.4800230860710144,0.4800230860710144,0.4800230860710144,1,lr_ppo_seed55,lr_ppo,LR-PPO,55
77418,intercepted,1,0,0,0,318,311,155.5,7,318.0,159.0,3.5216081142425537,0,0.9342637620866299,1.7640877962112427,1.0756314837120247,8,lr_ppo_seed55,lr_ppo,LR-PPO,55
77419,soldier_caught,0,1,0,0,13,12,6.0,1,,,0.8333197832107544,0,0.9606226682662964,1.102062702178955,0.9709795023481561,2,lr_ppo_seed55,lr_ppo,LR-PPO,55
77420,soldier_caught,0,1,0,0,241,241,120.5,0,,,1.9650840759277344,0,1.6620619297027588,1.6620619297027588,1.6620619297027588,1,lr_ppo_seed55,lr_ppo,LR-PPO,55
77421,intercepted,1,0,0,0,63,38,19.0,25,63.0,31.5,2.709902763366699,0,1.1848396017001226,0.3204590678215027,1.3131731873769306,26,lr_ppo_seed55,lr_ppo,LR-PPO,55
77422,intercepted,1,0,0,0,761,639,319.5,122,761.0,380.5,2.345548629760742,0,1.1786354348911503,1.220481038093567,1.2870588343688671,123,lr_ppo_seed55,lr_ppo,LR-PPO,55
77423,soldier_caught,0,1,0,0,34,34,17.0,0,,,1.7164597511291504,0,1.245460033416748,1.245460033416748,1.245460033416748,1,lr_ppo_seed55,lr_ppo,LR-PPO,55
77424,intercepted,1,0,0,0,75,66,33.0,9,75.0,37.5,3.8310701847076416,0,1.1364616215229035,0.8835164308547974,1.223797245980163,10,lr_ppo_seed55,lr_ppo,LR-PPO,55
77425,intercepted,1,0,0,0,168,74,37.0,94,168.0,84.0,4.709837913513184,0,1.1781866919053228,1.303554654121399,1.2802293338056416,95,lr_ppo_seed55,lr_ppo,LR-PPO,55
77426,intercepted,1,0,0,0,131,11,5.5,120,131.0,65.5,2.197873115539551,0,1.2027093170841863,1.6328322887420654,1.3041855946725087,121,lr_ppo_seed55,lr_ppo,LR-PPO,55
77427,intercepted,1,0,0,0,660,610,305.0,50,660.0,330.0,4.372094631195068,0,1.0537803079567702,0.19798320531845093,1.1526813949295625,51,lr_ppo_seed55,lr_ppo,LR-PPO,55
77428,intercepted,1,0,0,0,249,34,17.0,215,249.0,124.5,3.70894455909729,0,1.0548310262599476,1.1015803813934326,1.1365332679141684,216,lr_ppo_seed55,lr_ppo,LR-PPO,55
77429,intercepted,1,0,0,0,273,39,19.5,234,273.0,136.5,3.7568881511688232,0,1.1227326315768222,0.8745938539505005,1.201788822110257,235,lr_ppo_seed55,lr_ppo,LR-PPO,55
77430,soldier_caught,0,1,0,0,59,58,29.0,1,,,1.3233153820037842,0,1.0263626873493195,1.3640457391738892,1.0804860986946903,2,lr_ppo_seed55,lr_ppo,LR-PPO,55
77431,intercepted,1,0,0,0,320,248,124.0,72,320.0,160.0,3.3827574253082275,0,1.118065101643131,1.575560212135315,1.202617604510339,73,lr_ppo_seed55,lr_ppo,LR-PPO,55
77432,intercepted,1,0,0,0,511,485,242.5,26,511.0,255.5,2.399966239929199,0,1.0900134052391406,0.8955264687538147,1.2220245496101467,27,lr_ppo_seed55,lr_ppo,LR-PPO,55
77433,intercepted,1,0,0,0,312,272,136.0,40,312.0,156.0,3.4042437076568604,0,1.2074784970865018,0.7695776224136353,1.3028267300338254,41,lr_ppo_seed55,lr_ppo,LR-PPO,55
77434,intercepted,1,0,0,0,41,13,6.5,28,41.0,20.5,2.826533317565918,0,1.0642013601188003,0.5045091509819031,1.1649680071306314,29,lr_ppo_seed55,lr_ppo,LR-PPO,55
77435,intercepted,1,0,0,0,472,264,132.0,208,472.0,236.0,3.117581605911255,0,1.1968936050337466,1.6892433166503906,1.2848386564034644,209,lr_ppo_seed55,lr_ppo,LR-PPO,55
77436,soldier_caught,0,1,0,0,216,216,108.0,0,,,0.5657556653022766,0,1.3714112043380737,1.3714112043380737,1.3714112043380737,1,lr_ppo_seed55,lr_ppo,LR-PPO,55
77437,soldier_caught,0,1,0,0,248,37,18.5,211,,,0.7511268258094788,0,1.1084121544406098,1.4736337661743164,1.1923095054800286,212,lr_ppo_seed55,lr_ppo,LR-PPO,55
77438,soldier_caught,0,1,0,0,712,712,356.0,0,,,1.559525728225708,0,0.5853974223136902,0.5853974223136902,0.5853974223136902,1,lr_ppo_seed55,lr_ppo,LR-PPO,55
77439,intercepted,1,0,0,0,119,105,52.5,14,119.0,59.5,4.058508396148682,0,1.3501697182655334,2.123589515686035,1.4258936652760978,15,lr_ppo_seed55,lr_ppo,LR-PPO,55
77440,intercepted,1,0,0,0,477,267,133.5,210,477.0,238.5,3.2792415618896484,0,1.1926173074833024,1.6473644971847534,1.280753991597169,211,lr_ppo_seed55,lr_ppo,LR-PPO,55
77441,soldier_caught,0,1,0,0,404,403,201.5,1,,,0.037252407521009445,0,1.071906864643097,1.0565781593322754,1.0720164624088104,2,lr_ppo_seed55,lr_ppo,LR-PPO,55
77442,soldier_caught,0,1,0,0,182,135,67.5,47,,,1.529854655265808,0,1.1582990248377125,1.401726245880127,1.2648258099313405,48,lr_ppo_seed55,lr_ppo,LR-PPO,55
77443,soldier_caught,0,1,0,0,807,807,403.5,0,,,1.6602751016616821,0,0.6476386785507202,0.6476386785507202,0.6476386785507202,1,lr_ppo_seed55,lr_ppo,LR-PPO,55
77444,intercepted,1,0,0,0,350,10,5.0,340,350.0,175.0,4.243592739105225,0,1.1061876730616491,0.9551734328269958,1.1992360766553287,341,lr_ppo_seed55,lr_ppo,LR-PPO,55
77445,intercepted,1,0,0,0,775,755,377.5,20,775.0,387.5,3.6401355266571045,0,1.1658924590973627,0.9860723614692688,1.2187132750306846,21,lr_ppo_seed55,lr_ppo,LR-PPO,55
77446,intercepted,1,0,0,0,355,93,46.5,262,355.0,177.5,3.0180861949920654,0,1.1440252620910965,1.7614905834197998,1.252642348023102,263,lr_ppo_seed55,lr_ppo,LR-PPO,55
77447,intercepted,1,0,0,0,565,529,264.5,36,565.0,282.5,3.8364462852478027,0,1.1157877090814952,2.2133991718292236,1.228575222900406,37,lr_ppo_seed55,lr_ppo,LR-PPO,55
77448,intercepted,1,0,0,0,1023,1016,508.0,7,1023.0,511.5,4.872146129608154,0,1.083519909530878,0.9419998526573181,1.1693798311428405,8,lr_ppo_seed55,lr_ppo,LR-PPO,55
77449,intercepted,1,0,0,0,414,331,165.5,83,414.0,207.0,2.548114776611328,0,1.0931727456904592,0.9166467189788818,1.1732791914334444,84,lr_ppo_seed55,lr_ppo,LR-PPO,55
77450,intercepted,1,0,0,0,666,630,315.0,36,666.0,333.0,4.305923938751221,0,1.194904494929958,0.1516595184803009,1.3318625007226241,37,lr_ppo_seed55,lr_ppo,LR-PPO,55
77451,intercepted,1,0,0,0,525,339,169.5,186,525.0,262.5,2.516627311706543,0,1.1271133504927477,1.1695566177368164,1.212337197667435,187,lr_ppo_seed55,lr_ppo,LR-PPO,55
77452,soldier_caught,0,1,0,0,61,61,30.5,0,,,1.0163666009902954,0,0.8370084166526794,0.8370084166526794,0.8370084166526794,1,lr_ppo_seed55,lr_ppo,LR-PPO,55
77453,soldier_caught,0,1,0,0,809,809,404.5,0,,,0.8453303575515747,0,0.7603553533554077,0.7603553533554077,0.7603553533554077,1,lr_ppo_seed55,lr_ppo,LR-PPO,55
77454,intercepted,1,0,0,0,799,720,360.0,79,799.0,399.5,3.4635868072509766,0,1.1474218415096402,1.6262143850326538,1.2497748955394345,80,lr_ppo_seed55,lr_ppo,LR-PPO,55
77455,intercepted,1,0,0,0,353,285,142.5,68,353.0,176.5,2.8941526412963867,0,1.14582211923772,1.617285132408142,1.2574619958812914,69,lr_ppo_seed55,lr_ppo,LR-PPO,55
77456,soldier_caught,0,1,0,0,649,649,324.5,0,,,1.8462109565734863,0,1.0163837671279907,1.0163837671279907,1.0163837671279907,1,lr_ppo_seed55,lr_ppo,LR-PPO,55
77457,soldier_caught,0,1,0,0,96,96,48.0,0,,,1.0393550395965576,0,1.9370934963226318,1.9370934963226318,1.9370934963226318,1,lr_ppo_seed55,lr_ppo,LR-PPO,55
77458,intercepted,1,0,0,0,359,275,137.5,84,359.0,179.5,2.310478448867798,0,1.1005002021789552,1.7446166276931763,1.212665180662871,85,lr_ppo_seed55,lr_ppo,LR-PPO,55
77459,intercepted,1,0,0,0,654,616,308.0,38,654.0,327.0,3.1352593898773193,0,1.1331023031320326,1.6751302480697632,1.2226080366809178,39,lr_ppo_seed55,lr_ppo,LR-PPO,55
77460,intercepted,1,0,0,0,545,476,238.0,69,545.0,272.5,4.641544818878174,0,1.106080805829593,2.3199479579925537,1.1991243661761977,70,lr_ppo_seed55,lr_ppo,LR-PPO,55
77461,soldier_caught,0,1,0,0,44,43,21.5,1,,,0.6035594344139099,0,1.141072541475296,1.6344120502471924,1.2431534160449333,2,lr_ppo_seed55,lr_ppo,LR-PPO,55
77462,soldier_caught,0,1,0,0,276,275,137.5,1,,,1.8192018270492554,0,0.8837733268737793,0.6076502799987793,0.9259045470830572,2,lr_ppo_seed55,lr_ppo,LR-PPO,55
77463,unsafe_intercept,0,0,1,0,243,15,7.5,228,,,2.6458773612976074,0,1.1309575861458174,1.5685545206069946,1.231671405877428,229,lr_ppo_seed55,lr_ppo,LR-PPO,55
77464,intercepted,1,0,0,0,235,104,52.0,131,235.0,117.5,2.9343531131744385,0,1.1788845177401195,0.9476035237312317,1.2733523871219137,132,lr_ppo_seed55,lr_ppo,LR-PPO,55
77465,soldier_caught,0,1,0,0,539,514,257.0,25,,,0.5536407232284546,0,1.0393674591412911,1.3686209917068481,1.110239501404229,26,lr_ppo_seed55,lr_ppo,LR-PPO,55
77466,intercepted,1,0,0,0,696,393,196.5,303,696.0,348.0,2.9580204486846924,0,1.0766316319962865,0.9940846562385559,1.160351834593379,304,lr_ppo_seed55,lr_ppo,LR-PPO,55
77467,intercepted,1,0,0,0,155,14,7.0,141,155.0,77.5,2.7735419273376465,0,1.141143591576059,1.1032896041870117,1.250005372713186,142,lr_ppo_seed55,lr_ppo,LR-PPO,55
77468,intercepted,1,0,0,0,541,332,166.0,209,541.0,270.5,2.766853094100952,0,1.1700176775100686,2.0227530002593994,1.272060257225127,210,lr_ppo_seed55,lr_ppo,LR-PPO,55
77469,soldier_caught,0,1,0,0,800,800,400.0,0,,,0.5519832968711853,0,1.0687658786773682,1.0687658786773682,1.0687658786773682,1,lr_ppo_seed55,lr_ppo,LR-PPO,55
77470,soldier_caught,0,1,0,0,271,270,135.0,1,,,1.6934635639190674,0,1.15268275141716,1.4908311367034912,1.2012584467492362,2,lr_ppo_seed55,lr_ppo,LR-PPO,55
77471,intercepted,1,0,0,0,51,17,8.5,34,51.0,25.5,3.0143754482269287,0,1.0542654131140028,2.610457181930542,1.1716142294416556,35,lr_ppo_seed55,lr_ppo,LR-PPO,55
77472,intercepted,1,0,0,0,241,135,67.5,106,241.0,120.5,3.9006457328796387,0,1.045261212877024,0.7963721752166748,1.1383855913842706,107,lr_ppo_seed55,lr_ppo,LR-PPO,55
77473,unsafe_intercept,0,0,1,0,820,820,410.0,0,,,2.3046483993530273,0,1.1844476461410522,1.1844476461410522,1.1844476461410522,1,lr_ppo_seed55,lr_ppo,LR-PPO,55
77474,soldier_caught,0,1,0,0,702,702,351.0,0,,,1.941827416419983,0,0.7626845836639404,0.7626845836639404,0.7626845836639404,1,lr_ppo_seed55,lr_ppo,LR-PPO,55
77475,intercepted,1,0,0,0,661,626,313.0,35,661.0,330.5,2.5857090950012207,0,1.2251710784104135,1.5467169284820557,1.3054615896217978,36,lr_ppo_seed55,lr_ppo,LR-PPO,55
77476,soldier_caught,0,1,0,0,49,49,24.5,0,,,1.6891313791275024,0,1.0149636268615723,1.0149636268615723,1.0149636268615723,1,lr_ppo_seed55,lr_ppo,LR-PPO,55
77477,intercepted,1,0,0,0,400,325,162.5,75,400.0,200.0,4.559492588043213,0,1.09086110050741,0.8431023359298706,1.1811623046018414,76,lr_ppo_seed55,lr_ppo,LR-PPO,55
77478,intercepted,1,0,0,0,529,517,258.5,12,529.0,264.5,4.554836750030518,0,0.9665254194002885,0.4868556261062622,1.067302323179519,13,lr_ppo_seed55,lr_ppo,LR-PPO,55
77479,intercepted,1,0,0,0,110,11,5.5,99,110.0,55.0,4.732668876647949,0,1.1146466836333275,1.279798984527588,1.220624359049545,100,lr_ppo_seed55,lr_ppo,LR-PPO,55
77480,soldier_caught,0,1,0,0,169,148,74.0,21,,,1.037165641784668,0,1.4129976250908591,1.204557180404663,1.4805054016570667,22,lr_ppo_seed55,lr_ppo,LR-PPO,55
77481,intercepted,1,0,0,0,551,484,242.0,67,551.0,275.5,3.109231948852539,0,1.0837032041128944,0.4556445777416229,1.1896541788415846,68,lr_ppo_seed55,lr_ppo,LR-PPO,55
77482,intercepted,1,0,0,0,110,13,6.5,97,110.0,55.0,2.8786070346832275,0,1.2009900875237522,1.5778601169586182,1.291784576028913,98,lr_ppo_seed55,lr_ppo,LR-PPO,55
77483,intercepted,1,0,0,0,250,55,27.5,195,250.0,125.0,4.500043869018555,0,1.1435700697558266,1.5242047309875488,1.2306150387014323,196,lr_ppo_seed55,lr_ppo,LR-PPO,55
77484,soldier_caught,0,1,0,0,151,126,63.0,25,,,1.6829942464828491,0,1.0635178249615889,0.7427608370780945,1.1406186285445905,26,lr_ppo_seed55,lr_ppo,LR-PPO,55
77485,intercepted,1,0,0,0,212,170,85.0,42,212.0,106.0,4.159600734710693,0,1.1028775056434232,2.3129169940948486,1.1892263775177512,43,lr_ppo_seed55,lr_ppo,LR-PPO,55
77486,intercepted,1,0,0,0,434,396,198.0,38,434.0,217.0,4.881170749664307,0,1.2051780774043157,1.1434358358383179,1.3146145672120202,39,lr_ppo_seed55,lr_ppo,LR-PPO,55
77487,soldier_caught,0,1,0,0,72,50,25.0,22,,,1.2462494373321533,0,0.9661261795655541,1.5991610288619995,1.0617042724787227,23,lr_ppo_seed55,lr_ppo,LR-PPO,55
77488,soldier_caught,0,1,0,0,58,9,4.5,49,,,1.549883484840393,0,1.2247874319553376,0.4419923424720764,1.3366069783366878,50,lr_ppo_seed55,lr_ppo,LR-PPO,55
77489,unsafe_intercept,0,0,1,0,168,168,84.0,0,,,2.060182809829712,0,1.1020764112472534,1.1020764112472534,1.1020764112472534,1,lr_ppo_seed55,lr_ppo,LR-PPO,55
77490,intercepted,1,0,0,0,141,114,57.0,27,141.0,70.5,4.7345170974731445,0,1.1206050759979658,1.6283330917358398,1.1963474197229125,28,lr_ppo_seed55,lr_ppo,LR-PPO,55
77491,intercepted,1,0,0,0,287,236,118.0,51,287.0,143.5,2.8204452991485596,0,1.1274330455523272,1.0466046333312988,1.2014260295850285,52,lr_ppo_seed55,lr_ppo,LR-PPO,55
77492,soldier_caught,0,1,0,0,61,61,30.5,0,,,0.9352788925170898,0,1.5641875267028809,1.5641875267028809,1.5641875267028809,1,lr_ppo_seed55,lr_ppo,LR-PPO,55
77493,intercepted,1,0,0,0,63,11,5.5,52,63.0,31.5,4.231181621551514,0,1.0722019877636209,0.20794926583766937,1.1566664944359528,53,lr_ppo_seed55,lr_ppo,LR-PPO,55
77494,intercepted,1,0,0,0,125,12,6.0,113,125.0,62.5,2.6613659858703613,0,1.1940171521222382,0.9166432619094849,1.2976161027181448,114,lr_ppo_seed55,lr_ppo,LR-PPO,55
77495,intercepted,1,0,0,0,168,162,81.0,6,168.0,84.0,4.102054595947266,0,1.3846460836274284,1.2078783512115479,1.4704206610272157,7,lr_ppo_seed55,lr_ppo,LR-PPO,55
77496,soldier_caught,0,1,0,0,111,88,44.0,23,,,1.7587518692016602,0,1.232291671137015,1.7700519561767578,1.3176454611478154,24,lr_ppo_seed55,lr_ppo,LR-PPO,55
77497,intercepted,1,0,0,0,486,395,197.5,91,486.0,243.0,2.798200845718384,0,1.1375001817941666,0.5588224530220032,1.2267165873243395,92,lr_ppo_seed55,lr_ppo,LR-PPO,55
77498,soldier_caught,0,1,0,0,643,642,321.0,1,,,0.8873926401138306,0,1.254094511270523,0.7739332318305969,1.3428730012448082,2,lr_ppo_seed55,lr_ppo,LR-PPO,55
77499,unsafe_intercept,0,0,1,0,788,788,394.0,0,,,2.306939125061035,0,1.9867329597473145,1.9867329597473145,1.9867329597473145,1,lr_ppo_seed55,lr_ppo,LR-PPO,55
77500,intercepted,1,0,0,0,95,77,38.5,18,95.0,47.5,2.886044502258301,0,1.1190453344269802,1.2520369291305542,1.1639527752315715,19,lr_ppo_seed55,lr_ppo,LR-PPO,55
77501,intercepted,1,0,0,0,137,64,32.0,73,137.0,68.5,3.2654104232788086,0,1.2059730937754787,0.7497856616973877,1.3060591924851,74,lr_ppo_seed55,lr_ppo,LR-PPO,55
77502,unsafe_intercept,0,0,1,0,368,368,184.0,0,,,2.252105474472046,0,1.4044557809829712,1.4044557809829712,1.4044557809829712,1,lr_ppo_seed55,lr_ppo,LR-PPO,55
77503,intercepted,1,0,0,0,375,126,63.0,249,375.0,187.5,3.0112855434417725,0,1.1040634071826936,0.5057340264320374,1.2081765320668287,250,lr_ppo_seed55,lr_ppo,LR-PPO,55
77504,intercepted,1,0,0,0,654,537,268.5,117,654.0,327.0,2.7139854431152344,0,1.0529042433126499,0.9377529621124268,1.1772659063674555,118,lr_ppo_seed55,lr_ppo,LR-PPO,55
77505,intercepted,1,0,0,0,105,60,30.0,45,105.0,52.5,2.7082221508026123,0,1.0705383598156597,1.3870035409927368,1.1828153632700387,46,lr_ppo_seed55,lr_ppo,LR-PPO,55
77506,intercepted,1,0,0,0,105,11,5.5,94,105.0,52.5,3.369621753692627,0,1.1186004657494395,0.8040605187416077,1.1968283397971595,95,lr_ppo_seed55,lr_ppo,LR-PPO,55
77507,soldier_caught,0,1,0,0,358,335,167.5,23,,,1.5394333600997925,0,1.146333023905754,1.3605226278305054,1.2165182033273843,24,lr_ppo_seed55,lr_ppo,LR-PPO,55
77508,intercepted,1,0,0,0,17,11,5.5,6,17.0,8.5,4.957841873168945,0,0.9945148314748492,1.6530216932296753,1.0582045032884984,7,lr_ppo_seed55,lr_ppo,LR-PPO,55
77509,soldier_caught,0,1,0,0,34,34,17.0,0,,,1.0771594047546387,0,1.9318314790725708,1.9318314790725708,1.9318314790725708,1,lr_ppo_seed55,lr_ppo,LR-PPO,55
77510,unsafe_intercept,0,0,1,0,318,318,159.0,0,,,2.0681676864624023,0,0.9646127223968506,0.9646127223968506,0.9646127223968506,1,lr_ppo_seed55,lr_ppo,LR-PPO,55
77511,intercepted,1,0,0,0,798,608,304.0,190,798.0,399.0,3.030125617980957,0,1.1608406207012256,1.0715333223342896,1.2393270186008607,191,lr_ppo_seed55,lr_ppo,LR-PPO,55
77512,intercepted,1,0,0,0,156,109,54.5,47,156.0,78.0,2.8125317096710205,0,1.103591140670081,2.240056276321411,1.2153324695474055,48,lr_ppo_seed55,lr_ppo,LR-PPO,55
77513,soldier_caught,0,1,0,0,165,164,82.0,1,,,1.1933835744857788,0,1.5746347904205322,1.7498468160629272,1.5843528575202006,2,lr_ppo_seed55,lr_ppo,LR-PPO,55
77514,unsafe_intercept,0,0,1,0,76,76,38.0,0,,,2.3765058517456055,0,1.0813602209091187,1.0813602209091187,1.0813602209091187,1,lr_ppo_seed55,lr_ppo,LR-PPO,55
77515,intercepted,1,0,0,0,74,15,7.5,59,74.0,37.0,3.2022156715393066,0,1.1059028764565786,1.4628472328186035,1.2085213762852107,60,lr_ppo_seed55,lr_ppo,LR-PPO,55
77516,soldier_caught,0,1,0,0,292,253,126.5,39,,,0.5523054003715515,0,1.118630289658904,0.8812904357910156,1.2353588261869277,40,lr_ppo_seed55,lr_ppo,LR-PPO,55
77517,intercepted,1,0,0,0,78,32,16.0,46,78.0,39.0,4.430050373077393,0,1.1532004716548514,1.0274077653884888,1.2215352136046196,47,lr_ppo_seed55,lr_ppo,LR-PPO,55
77518,intercepted,1,0,0,0,347,273,136.5,74,347.0,173.5,2.3483664989471436,0,1.083573157787323,0.39670512080192566,1.16313602708126,75,lr_ppo_seed55,lr_ppo,LR-PPO,55
77519,intercepted,1,0,0,0,216,52,26.0,164,216.0,108.0,4.05345344543457,0,1.1302421735091643,0.4243753254413605,1.2088038148921452,165,lr_ppo_seed55,lr_ppo,LR-PPO,55
77520,soldier_caught,0,1,0,0,12,12,6.0,0,,,1.680672287940979,0,1.6834516525268555,1.6834516525268555,1.6834516525268555,1,lr_ppo_seed55,lr_ppo,LR-PPO,55
77521,soldier_caught,0,1,0,0,93,13,6.5,80,,,1.6512092351913452,0,1.0665800006669244,1.1144808530807495,1.162321769934881,81,lr_ppo_seed55,lr_ppo,LR-PPO,55
77522,intercepted,1,0,0,0,613,538,269.0,75,613.0,306.5,3.5137548446655273,0,1.1488714998489933,1.2549209594726562,1.260300051700347,76,lr_ppo_seed55,lr_ppo,LR-PPO,55
77523,intercepted,1,0,0,0,238,134,67.0,104,238.0,119.0,3.3293981552124023,0,1.0499399325677328,1.3377530574798584,1.138837091970993,105,lr_ppo_seed55,lr_ppo,LR-PPO,55
77524,intercepted,1,0,0,0,748,718,359.0,30,748.0,374.0,2.0830838680267334,0,1.128664670451995,0.7518699169158936,1.235859924910488,31,lr_ppo_seed55,lr_ppo,LR-PPO,55
77525,intercepted,1,0,0,0,451,152,76.0,299,451.0,225.5,3.764023542404175,0,1.1628214111427466,1.0800068378448486,1.2636890837630261,300,lr_ppo_seed55,lr_ppo,LR-PPO,55
77526,intercepted,1,0,0,0,79,14,7.0,65,79.0,39.5,3.669544219970703,0,1.0967617052974123,1.5817919969558716,1.1838960465187238,66,lr_ppo_seed55,lr_ppo,LR-PPO,55
77527,intercepted,1,0,0,0,20,11,5.5,9,20.0,10.0,3.5222442150115967,0,1.1523195207118988,0.7941370606422424,1.1986176512058757,10,lr_ppo_seed55,lr_ppo,LR-PPO,55
77528,unsafe_intercept,0,0,1,0,11,11,5.5,0,,,2.075718402862549,0,1.4594084024429321,1.4594084024429321,1.4594084024429321,1,lr_ppo_seed55,lr_ppo,LR-PPO,55
77529,intercepted,1,0,0,0,1310,1236,618.0,74,1310.0,655.0,3.6737453937530518,0,1.1575121370951336,1.6556636095046997,1.2457192501118741,75,lr_ppo_seed55,lr_ppo,LR-PPO,55
77530,soldier_caught,0,1,0,0,339,59,29.5,280,,,1.4536240100860596,0,1.1490899717892615,0.6753168702125549,1.254193589322867,281,lr_ppo_seed55,lr_ppo,LR-PPO,55
77531,soldier_caught,0,1,0,0,508,507,253.5,1,,,1.9156382083892822,0,1.1003211736679077,1.1974974870681763,1.1046039657306999,2,lr_ppo_seed55,lr_ppo,LR-PPO,55
77532,intercepted,1,0,0,0,168,70,35.0,98,168.0,84.0,4.155792236328125,0,1.116273132237521,1.0449703931808472,1.19048054361955,99,lr_ppo_seed55,lr_ppo,LR-PPO,55
77533,soldier_caught,0,1,0,0,796,542,271.0,254,,,1.9551291465759277,0,1.1666631984360079,0.7411648035049438,1.2607102034689148,255,lr_ppo_seed55,lr_ppo,LR-PPO,55
77534,intercepted,1,0,0,0,205,180,90.0,25,205.0,102.5,4.423202991485596,0,1.11241809794536,0.5948229432106018,1.1986748026191567,26,lr_ppo_seed55,lr_ppo,LR-PPO,55
77535,intercepted,1,0,0,0,944,753,376.5,191,944.0,472.0,3.689483404159546,0,1.1608944160010044,1.1421830654144287,1.276360845521841,192,lr_ppo_seed55,lr_ppo,LR-PPO,55
77536,intercepted,1,0,0,0,18,11,5.5,7,18.0,9.0,2.5608556270599365,0,0.9673183560371399,1.5808943510055542,1.023441213960869,8,lr_ppo_seed55,lr_ppo,LR-PPO,55
77537,soldier_caught,0,1,0,0,42,42,21.0,0,,,1.9166479110717773,0,1.0644181966781616,1.0644181966781616,1.0644181966781616,1,lr_ppo_seed55,lr_ppo,LR-PPO,55
77538,soldier_caught,0,1,0,0,446,445,222.5,1,,,1.1538887023925781,0,1.093045562505722,0.865185558795929,1.1165432293485449,2,lr_ppo_seed55,lr_ppo,LR-PPO,55
77539,soldier_caught,0,1,0,0,15,14,7.0,1,,,1.7703661918640137,0,1.0279321372509003,0.9501549601554871,1.0308703934395123,2,lr_ppo_seed55,lr_ppo,LR-PPO,55
77540,intercepted,1,0,0,0,862,13,6.5,849,862.0,431.0,2.575914144515991,0,1.1340044152561357,1.153791904449463,1.2202293636255512,850,lr_ppo_seed55,lr_ppo,LR-PPO,55
77541,intercepted,1,0,0,0,383,53,26.5,330,383.0,191.5,2.712310552597046,0,1.1704800974386336,0.980400562286377,1.2771110725029176,331,lr_ppo_seed55,lr_ppo,LR-PPO,55
77542,soldier_caught,0,1,0,0,160,159,79.5,1,,,1.488128900527954,0,1.012998253107071,1.355683445930481,1.0693916972645687,2,lr_ppo_seed55,lr_ppo,LR-PPO,55
77543,intercepted,1,0,0,0,961,679,339.5,282,961.0,480.5,3.170560836791992,0,1.1502767763900252,0.8365960717201233,1.243023782402534,283,lr_ppo_seed55,lr_ppo,LR-PPO,55
77544,unsafe_intercept,0,0,1,0,190,190,95.0,0,,,2.286154270172119,0,1.3201040029525757,1.3201040029525757,1.3201040029525757,1,lr_ppo_seed55,lr_ppo,LR-PPO,55
77545,soldier_caught,0,1,0,0,188,187,93.5,1,,,0.6515852212905884,0,0.5780916512012482,0.5995602607727051,0.5784901540955708,2,lr_ppo_seed55,lr_ppo,LR-PPO,55
77546,intercepted,1,0,0,0,405,351,175.5,54,405.0,202.5,3.219153881072998,0,1.1704511761665344,0.8938851952552795,1.2747846594554622,55,lr_ppo_seed55,lr_ppo,LR-PPO,55
77547,intercepted,1,0,0,0,228,220,110.0,8,228.0,114.0,4.740691661834717,0,1.0361915296978421,0.6006219983100891,1.072937555914636,9,lr_ppo_seed55,lr_ppo,LR-PPO,55
77548,soldier_caught,0,1,0,0,149,149,74.5,0,,,1.9598519802093506,0,1.1360868215560913,1.1360868215560913,1.1360868215560913,1,lr_ppo_seed55,lr_ppo,LR-PPO,55
77549,intercepted,1,0,0,0,1137,1049,524.5,88,1137.0,568.5,4.599042892456055,0,1.0529445845089602,1.3550552129745483,1.1404900552226815,89,lr_ppo_seed55,lr_ppo,LR-PPO,55
77550,intercepted,1,0,0,0,73,11,5.5,62,73.0,36.5,2.03127384185791,0,1.0994259291698063,2.088031768798828,1.1971955588912413,63,lr_ppo_seed55,lr_ppo,LR-PPO,55
77551,intercepted,1,0,0,0,373,133,66.5,240,373.0,186.5,2.8747260570526123,0,1.110068785266263,0.8753410577774048,1.2027217611322565,241,lr_ppo_seed55,lr_ppo,LR-PPO,55
77552,intercepted,1,0,0,0,166,86,43.0,80,166.0,83.0,3.0276784896850586,0,1.1085873023595338,0.9861242175102234,1.1997027190378065,81,lr_ppo_seed55,lr_ppo,LR-PPO,55
77553,intercepted,1,0,0,0,82,9,4.5,73,82.0,41.0,3.7067556381225586,0,1.101328208639815,1.1213529109954834,1.1980628090057122,74,lr_ppo_seed55,lr_ppo,LR-PPO,55
77554,soldier_caught,0,1,0,0,105,82,41.0,23,,,1.8106557130813599,0,1.1702273425956566,1.667131781578064,1.278974728695826,24,lr_ppo_seed55,lr_ppo,LR-PPO,55
77555,intercepted,1,0,0,0,30,14,7.0,16,30.0,15.0,2.880382537841797,0,1.0243959093795103,0.6983951926231384,1.0991840631502663,17,lr_ppo_seed55,lr_ppo,LR-PPO,55
77556,soldier_caught,0,1,0,0,108,108,54.0,0,,,1.7564444541931152,0,0.4022108018398285,0.4022108018398285,0.4022108018398285,1,lr_ppo_seed55,lr_ppo,LR-PPO,55
77557,unsafe_intercept,0,0,1,0,10,10,5.0,0,,,2.428629159927368,0,1.6278676986694336,1.6278676986694336,1.6278676986694336,1,lr_ppo_seed55,lr_ppo,LR-PPO,55
77558,intercepted,1,0,0,0,292,44,22.0,248,292.0,146.0,3.4654457569122314,0,1.1576010544735744,1.0796316862106323,1.2503087344336543,249,lr_ppo_seed55,lr_ppo,LR-PPO,55
77559,intercepted,1,0,0,0,218,168,84.0,50,218.0,109.0,2.497971296310425,0,1.1139413883873062,0.676953911781311,1.208755386404557,51,lr_ppo_seed55,lr_ppo,LR-PPO,55
77560,soldier_caught,0,1,0,0,112,111,55.5,1,,,1.7776297330856323,0,1.8948242664337158,1.5018324851989746,1.935148971212326,2,lr_ppo_seed55,lr_ppo,LR-PPO,55
77561,intercepted,1,0,0,0,694,668,334.0,26,694.0,347.0,3.084674835205078,0,1.095778257758529,1.2812494039535522,1.1711511078438672,27,lr_ppo_seed55,lr_ppo,LR-PPO,55
77562,intercepted,1,0,0,0,431,425,212.5,6,431.0,215.5,4.687670707702637,0,1.0856909326144628,1.5347636938095093,1.1512125357562566,7,lr_ppo_seed55,lr_ppo,LR-PPO,55
77563,unsafe_intercept,0,0,1,0,396,396,198.0,0,,,2.430673837661743,0,0.7049142718315125,0.7049142718315125,0.7049142718315125,1,lr_ppo_seed55,lr_ppo,LR-PPO,55
77564,intercepted,1,0,0,0,632,463,231.5,169,632.0,316.0,3.6432266235351562,0,1.1355293064432985,0.6925483345985413,1.2198270055889864,170,lr_ppo_seed55,lr_ppo,LR-PPO,55
77565,intercepted,1,0,0,0,177,131,65.5,46,177.0,88.5,2.5245230197906494,0,1.2901198052345437,1.2316381931304932,1.3820300029076051,47,lr_ppo_seed55,lr_ppo,LR-PPO,55
77566,soldier_caught,0,1,0,0,17,17,8.5,0,,,1.3597174882888794,0,1.6402254104614258,1.6402254104614258,1.6402254104614258,1,lr_ppo_seed55,lr_ppo,LR-PPO,55
77567,unsafe_intercept,0,0,1,0,156,156,78.0,0,,,2.122103691101074,0,0.6801472306251526,0.6801472306251526,0.6801472306251526,1,lr_ppo_seed55,lr_ppo,LR-PPO,55
77568,intercepted,1,0,0,0,301,205,102.5,96,301.0,150.5,2.8611154556274414,0,1.1278284463993054,1.6014809608459473,1.2405527148422193,97,lr_ppo_seed55,lr_ppo,LR-PPO,55
77569,intercepted,1,0,0,0,1059,976,488.0,83,1059.0,529.5,2.603933811187744,0,1.1547762072157293,1.310836672782898,1.2410078706596313,84,lr_ppo_seed55,lr_ppo,LR-PPO,55
77570,intercepted,1,0,0,0,88,80,40.0,8,88.0,44.0,4.388120174407959,0,1.1013653145896063,1.8898155689239502,1.1628354945809558,9,lr_ppo_seed55,lr_ppo,LR-PPO,55
77571,intercepted,1,0,0,0,497,432,216.0,65,497.0,248.5,2.010226249694824,0,1.0720312649553472,1.0155643224716187,1.1712398712774206,66,lr_ppo_seed55,lr_ppo,LR-PPO,55
77572,intercepted,1,0,0,0,370,201,100.5,169,370.0,185.0,2.4124836921691895,0,1.1017589521758697,1.0743649005889893,1.1850794957352577,170,lr_ppo_seed55,lr_ppo,LR-PPO,55
77573,intercepted,1,0,0,0,642,616,308.0,26,642.0,321.0,4.12586784362793,0,1.0677924343833216,0.6715131402015686,1.189640662830444,27,lr_ppo_seed55,lr_ppo,LR-PPO,55
77574,intercepted,1,0,0,0,323,232,116.0,91,323.0,161.5,2.626263380050659,0,1.1998539560514947,2.524758815765381,1.2823079510910824,92,lr_ppo_seed55,lr_ppo,LR-PPO,55
77575,soldier_caught,0,1,0,0,102,101,50.5,1,,,1.8941272497177124,0,0.7207231819629669,0.7552872896194458,0.7215515106746798,2,lr_ppo_seed55,lr_ppo,LR-PPO,55
77576,intercepted,1,0,0,0,380,208,104.0,172,380.0,190.0,2.664839267730713,0,1.1549037840497287,0.7031198740005493,1.2530898737801803,173,lr_ppo_seed55,lr_ppo,LR-PPO,55
77577,intercepted,1,0,0,0,141,12,6.0,129,141.0,70.5,4.813128471374512,0,1.1325142887922435,0.9166231155395508,1.2282113501143133,130,lr_ppo_seed55,lr_ppo,LR-PPO,55
77578,soldier_caught,0,1,0,0,385,385,192.5,0,,,0.5122803449630737,0,1.6427847146987915,1.6427847146987915,1.6427847146987915,1,lr_ppo_seed55,lr_ppo,LR-PPO,55
77579,unsafe_intercept,0,0,1,0,153,153,76.5,0,,,2.3258605003356934,0,0.9601008296012878,0.9601008296012878,0.9601008296012878,1,lr_ppo_seed55,lr_ppo,LR-PPO,55
77580,intercepted,1,0,0,0,77,10,5.0,67,77.0,38.5,4.162490367889404,0,1.166093792382847,1.390592336654663,1.2623844648100278,68,lr_ppo_seed55,lr_ppo,LR-PPO,55
77581,soldier_caught,0,1,0,0,690,689,344.5,1,,,1.5915217399597168,0,0.9892419278621674,1.2541676759719849,1.024102164753109,2,lr_ppo_seed55,lr_ppo,LR-PPO,55
77582,intercepted,1,0,0,0,169,74,37.0,95,169.0,84.5,2.771876573562622,0,1.1008133351181943,0.8408699035644531,1.2043760155447638,96,lr_ppo_seed55,lr_ppo,LR-PPO,55
77583,unsafe_intercept,0,0,1,0,530,530,265.0,0,,,2.4217522144317627,0,0.4054970443248749,0.4054970443248749,0.4054970443248749,1,lr_ppo_seed55,lr_ppo,LR-PPO,55
77584,intercepted,1,0,0,0,232,168,84.0,64,232.0,116.0,3.475094795227051,0,1.123831277168714,0.5820905566215515,1.183696264879271,65,lr_ppo_seed55,lr_ppo,LR-PPO,55
77585,intercepted,1,0,0,0,43,16,8.0,27,43.0,21.5,4.189350128173828,0,0.9853899776935577,0.6682644486427307,1.0507197661405845,28,lr_ppo_seed55,lr_ppo,LR-PPO,55
77586,soldier_caught,0,1,0,0,89,89,44.5,0,,,1.1288375854492188,0,2.2050061225891113,2.2050061225891113,2.2050061225891113,1,lr_ppo_seed55,lr_ppo,LR-PPO,55
77587,intercepted,1,0,0,0,58,12,6.0,46,58.0,29.0,4.929643154144287,0,1.1360859284375577,1.3441487550735474,1.2623853691574989,47,lr_ppo_seed55,lr_ppo,LR-PPO,55
77588,intercepted,1,0,0,0,151,13,6.5,138,151.0,75.5,3.0248312950134277,0,1.1448906004000052,1.2830524444580078,1.2403620132453652,139,lr_ppo_seed55,lr_ppo,LR-PPO,55
77589,intercepted,1,0,0,0,621,497,248.5,124,621.0,310.5,2.580763816833496,0,1.1411378145217896,0.89609694480896,1.2265146348284637,125,lr_ppo_seed55,lr_ppo,LR-PPO,55
77590,unsafe_intercept,0,0,1,0,85,85,42.5,0,,,2.474141836166382,0,1.656995177268982,1.656995177268982,1.656995177268982,1,lr_ppo_seed55,lr_ppo,LR-PPO,55
77591,soldier_caught,0,1,0,0,10,10,5.0,0,,,1.027126431465149,0,2.5670907497406006,2.5670907497406006,2.5670907497406006,1,lr_ppo_seed55,lr_ppo,LR-PPO,55
77592,intercepted,1,0,0,0,370,340,170.0,30,370.0,185.0,4.541956424713135,0,1.1731422384900432,1.6198651790618896,1.271322886636007,31,lr_ppo_seed55,lr_ppo,LR-PPO,55
77593,unsafe_intercept,0,0,1,0,35,35,17.5,0,,,2.2218451499938965,0,1.0041985511779785,1.0041985511779785,1.0041985511779785,1,lr_ppo_seed55,lr_ppo,LR-PPO,55
77594,intercepted,1,0,0,0,47,11,5.5,36,47.0,23.5,2.4664549827575684,0,1.2188528792278186,0.22512897849082947,1.328425967401044,37,lr_ppo_seed55,lr_ppo,LR-PPO,55
77595,intercepted,1,0,0,0,77,13,6.5,64,77.0,38.5,4.107589244842529,0,1.174669541303928,0.9156281352043152,1.3052426278742435,65,lr_ppo_seed55,lr_ppo,LR-PPO,55
77596,intercepted,1,0,0,0,137,127,63.5,10,137.0,68.5,3.4721641540527344,0,1.0156958563761278,1.0981159210205078,1.1127428498959724,11,lr_ppo_seed55,lr_ppo,LR-PPO,55
77597,soldier_caught,0,1,0,0,34,12,6.0,22,,,1.3335613012313843,0,0.9924146325691886,1.7122000455856323,1.0524083474641803,23,lr_ppo_seed55,lr_ppo,LR-PPO,55
77598,intercepted,1,0,0,0,692,683,341.5,9,692.0,346.0,3.2420732975006104,0,1.2320022225379943,0.8464871048927307,1.2988667856667948,10,lr_ppo_seed55,lr_ppo,LR-PPO,55
77599,soldier_caught,0,1,0,0,529,511,255.5,18,,,1.991365671157837,0,1.0233428540982699,1.3129037618637085,1.114005193170985,19,lr_ppo_seed55,lr_ppo,LR-PPO,55
77600,soldier_caught,0,1,0,0,142,142,71.0,0,,,0.9030213356018066,0,2.0893290042877197,2.0893290042877197,2.0893290042877197,1,lr_ppo_seed55,lr_ppo,LR-PPO,55
77601,unsafe_intercept,0,0,1,0,69,68,34.0,1,,,2.6410462856292725,0,2.3953672647476196,2.219609260559082,2.401806655220364,2,lr_ppo_seed55,lr_ppo,LR-PPO,55
77602,soldier_caught,0,1,0,0,516,515,257.5,1,,,1.586003303527832,0,1.5430712699890137,1.6029797792434692,1.5442337820895509,2,lr_ppo_seed55,lr_ppo,LR-PPO,55
77603,unsafe_intercept,0,0,1,0,617,617,308.5,0,,,2.0544254779815674,0,0.9543858170509338,0.9543858170509338,0.9543858170509338,1,lr_ppo_seed55,lr_ppo,LR-PPO,55
77604,unsafe_intercept,0,0,1,0,120,120,60.0,0,,,2.32515549659729,0,1.5981041193008423,1.5981041193008423,1.5981041193008423,1,lr_ppo_seed55,lr_ppo,LR-PPO,55
77605,intercepted,1,0,0,0,146,83,41.5,63,146.0,73.0,2.615414619445801,0,1.1634091599844396,0.6834792494773865,1.2730435052606397,64,lr_ppo_seed55,lr_ppo,LR-PPO,55
77606,soldier_caught,0,1,0,0,66,13,6.5,53,,,1.7164268493652344,0,1.0918201735174213,0.8637942671775818,1.1981949220549397,54,lr_ppo_seed55,lr_ppo,LR-PPO,55
77607,soldier_caught,0,1,0,0,103,11,5.5,92,,,1.1235753297805786,0,1.0684471001387925,0.487443208694458,1.1843575595019,93,lr_ppo_seed55,lr_ppo,LR-PPO,55
77608,soldier_caught,0,1,0,0,359,359,179.5,0,,,1.9876785278320312,0,0.9050077795982361,0.9050077795982361,0.9050077795982361,1,lr_ppo_seed55,lr_ppo,LR-PPO,55
77609,intercepted,1,0,0,0,78,66,33.0,12,78.0,39.0,4.456768035888672,0,1.1966035068035126,1.9810611009597778,1.3008469909510665,13,lr_ppo_seed55,lr_ppo,LR-PPO,55
77610,intercepted,1,0,0,0,690,640,320.0,50,690.0,345.0,3.5431246757507324,0,1.1301852347804051,1.161922574043274,1.2419122623979706,51,lr_ppo_seed55,lr_ppo,LR-PPO,55
77611,intercepted,1,0,0,0,736,584,292.0,152,736.0,368.0,3.8928110599517822,0,1.0951950895338276,1.4589232206344604,1.1953084922683983,153,lr_ppo_seed55,lr_ppo,LR-PPO,55
77612,soldier_caught,0,1,0,0,191,33,16.5,158,,,1.2012836933135986,0,1.1443622432789713,0.4079122841358185,1.2386026704149387,159,lr_ppo_seed55,lr_ppo,LR-PPO,55
77613,intercepted,1,0,0,0,205,180,90.0,25,205.0,102.5,4.5014472007751465,0,1.1316765810434635,1.5677704811096191,1.2355781209994334,26,lr_ppo_seed55,lr_ppo,LR-PPO,55
77614,intercepted,1,0,0,0,60,44,22.0,16,60.0,30.0,4.231422424316406,0,1.0111547428018905,0.7619178891181946,1.1102382550613148,17,lr_ppo_seed55,lr_ppo,LR-PPO,55
77615,intercepted,1,0,0,0,250,100,50.0,150,250.0,125.0,4.999902725219727,0,1.1364810378938321,1.077839732170105,1.237496569939937,151,lr_ppo_seed55,lr_ppo,LR-PPO,55
77616,soldier_caught,0,1,0,0,811,810,405.0,1,,,0.4928898811340332,0,1.0112701058387756,0.7699521780014038,1.0396641617651785,2,lr_ppo_seed55,lr_ppo,LR-PPO,55
77617,intercepted,1,0,0,0,488,457,228.5,31,488.0,244.0,4.1957597732543945,0,1.0119248018600047,1.19294011592865,1.0809338735924243,32,lr_ppo_seed55,lr_ppo,LR-PPO,55
77618,intercepted,1,0,0,0,173,156,78.0,17,173.0,86.5,4.934962272644043,0,1.155068231953515,1.1409183740615845,1.263544096911224,18,lr_ppo_seed55,lr_ppo,LR-PPO,55
77619,unsafe_intercept,0,0,1,0,80,79,39.5,1,,,2.112488031387329,0,1.9813687205314636,2.9189724922180176,2.1920134213506404,2,lr_ppo_seed55,lr_ppo,LR-PPO,55
77620,intercepted,1,0,0,0,30,10,5.0,20,30.0,15.0,4.919683456420898,0,1.206651435011909,0.9138473868370056,1.2793989813773043,21,lr_ppo_seed55,lr_ppo,LR-PPO,55
77621,soldier_caught,0,1,0,0,12,12,6.0,0,,,1.7509400844573975,0,1.367394208908081,1.367394208908081,1.367394208908081,1,lr_ppo_seed55,lr_ppo,LR-PPO,55
77622,intercepted,1,0,0,0,108,11,5.5,97,108.0,54.0,3.1570322513580322,0,1.1608997677661934,1.1053466796875,1.2446031453126203,98,lr_ppo_seed55,lr_ppo,LR-PPO,55
77623,soldier_caught,0,1,0,0,32,32,16.0,0,,,1.7900723218917847,0,2.4445672035217285,2.4445672035217285,2.4445672035217285,1,lr_ppo_seed55,lr_ppo,LR-PPO,55
77624,intercepted,1,0,0,0,992,905,452.5,87,992.0,496.0,2.4648492336273193,0,1.1002140807157212,1.7456271648406982,1.1935505594815854,88,lr_ppo_seed55,lr_ppo,LR-PPO,55
77625,soldier_caught,0,1,0,0,264,263,131.5,1,,,1.5607300996780396,0,1.086978256702423,1.0284491777420044,1.088552885085421,2,lr_ppo_seed55,lr_ppo,LR-PPO,55
77626,soldier_caught,0,1,0,0,913,444,222.0,469,,,0.7848712801933289,0,1.1501794126439602,0.9548419713973999,1.2485016614295974,470,lr_ppo_seed55,lr_ppo,LR-PPO,55
77627,intercepted,1,0,0,0,344,316,158.0,28,344.0,172.0,3.693295478820801,0,1.1537914491932968,1.1903260946273804,1.2325741948573528,29,lr_ppo_seed55,lr_ppo,LR-PPO,55
77628,intercepted,1,0,0,0,866,800,400.0,66,866.0,433.0,4.2364654541015625,0,1.162567885397975,1.8295732736587524,1.277311381778237,67,lr_ppo_seed55,lr_ppo,LR-PPO,55
77629,unsafe_intercept,0,0,1,0,283,283,141.5,0,,,2.060007095336914,0,0.8575742840766907,0.8575742840766907,0.8575742840766907,1,lr_ppo_seed55,lr_ppo,LR-PPO,55
77630,intercepted,1,0,0,0,378,338,169.0,40,378.0,189.0,4.831033706665039,0,1.0331590052058057,2.538172960281372,1.1343914154194084,41,lr_ppo_seed55,lr_ppo,LR-PPO,55
77631,intercepted,1,0,0,0,971,410,205.0,561,971.0,485.5,2.8851165771484375,0,1.116743183287119,0.5792694687843323,1.2230503541870927,562,lr_ppo_seed55,lr_ppo,LR-PPO,55
77632,intercepted,1,0,0,0,439,327,163.5,112,439.0,219.5,4.451633930206299,0,1.1335101595098993,1.1334694623947144,1.215694317722854,113,lr_ppo_seed55,lr_ppo,LR-PPO,55
77633,intercepted,1,0,0,0,104,11,5.5,93,104.0,52.0,4.052396297454834,0,1.202323374913094,1.0994517803192139,1.3274538400048816,94,lr_ppo_seed55,lr_ppo,LR-PPO,55
77634,intercepted,1,0,0,0,338,260,130.0,78,338.0,169.0,4.913177013397217,0,1.0641965669921682,1.697067379951477,1.1430479714157191,79,lr_ppo_seed55,lr_ppo,LR-PPO,55
77635,intercepted,1,0,0,0,95,11,5.5,84,95.0,47.5,4.202345848083496,0,1.0668838681543575,1.0099447965621948,1.1503671105159148,85,lr_ppo_seed55,lr_ppo,LR-PPO,55
77636,intercepted,1,0,0,0,260,112,56.0,148,260.0,130.0,3.634329080581665,0,1.0837554775128428,0.4436674118041992,1.1836882700704867,149,lr_ppo_seed55,lr_ppo,LR-PPO,55
77637,intercepted,1,0,0,0,243,234,117.0,9,243.0,121.5,4.88100528717041,0,1.0130587816238403,0.4434126019477844,1.0792937855581977,10,lr_ppo_seed55,lr_ppo,LR-PPO,55
77638,soldier_caught,0,1,0,0,80,79,39.5,1,,,0.47695401310920715,0,1.0548678189516068,0.3930063545703888,1.2453139015897037,2,lr_ppo_seed55,lr_ppo,LR-PPO,55
77639,intercepted,1,0,0,0,1842,1804,902.0,38,1842.0,921.0,3.5722386837005615,0,1.0100174741103098,1.0979374647140503,1.1204732262520005,39,lr_ppo_seed55,lr_ppo,LR-PPO,55
77640,intercepted,1,0,0,0,489,380,190.0,109,489.0,244.5,4.887502670288086,0,1.1694756083867766,1.5311307907104492,1.26107561573027,110,lr_ppo_seed55,lr_ppo,LR-PPO,55
77641,intercepted,1,0,0,0,1159,1124,562.0,35,1159.0,579.5,3.7196404933929443,0,1.1440057646897104,0.9717785120010376,1.2539034004503598,36,lr_ppo_seed55,lr_ppo,LR-PPO,55
77642,intercepted,1,0,0,0,519,484,242.0,35,519.0,259.5,3.610166311264038,0,1.101194200416406,1.81986403465271,1.1954171714407256,36,lr_ppo_seed55,lr_ppo,LR-PPO,55
77643,intercepted,1,0,0,0,690,416,208.0,274,690.0,345.0,3.381855010986328,0,1.0984916524182666,0.4405727982521057,1.2001853858079705,275,lr_ppo_seed55,lr_ppo,LR-PPO,55
77644,intercepted,1,0,0,0,856,847,423.5,9,856.0,428.0,3.963989734649658,0,0.9668401002883911,0.5047206878662109,1.0768968048046401,10,lr_ppo_seed55,lr_ppo,LR-PPO,55
77645,intercepted,1,0,0,0,174,102,51.0,72,174.0,87.0,3.9002890586853027,0,1.16712156142274,2.317944049835205,1.253867180225817,73,lr_ppo_seed55,lr_ppo,LR-PPO,55
77646,unsafe_intercept,0,0,1,0,37,37,18.5,0,,,2.3612937927246094,0,1.0771745443344116,1.0771745443344116,1.0771745443344116,1,lr_ppo_seed55,lr_ppo,LR-PPO,55
77647,intercepted,1,0,0,0,306,280,140.0,26,306.0,153.0,3.800462007522583,0,1.0437866247914456,1.5142943859100342,1.1221579021003103,27,lr_ppo_seed55,lr_ppo,LR-PPO,55
77648,intercepted,1,0,0,0,55,11,5.5,44,55.0,27.5,3.051027536392212,0,1.1165673034058676,1.7466520071029663,1.1857532754188045,45,lr_ppo_seed55,lr_ppo,LR-PPO,55
77649,intercepted,1,0,0,0,145,14,7.0,131,145.0,72.5,3.1687021255493164,0,1.1607581101583713,1.8203182220458984,1.2497936197082642,132,lr_ppo_seed55,lr_ppo,LR-PPO,55
77650,soldier_caught,0,1,0,0,728,707,353.5,21,,,0.8463592529296875,0,1.0795818784020164,0.570401668548584,1.1716401320013201,22,lr_ppo_seed55,lr_ppo,LR-PPO,55
77651,soldier_caught,0,1,0,0,1812,1793,896.5,19,,,1.7841154336929321,0,1.1089226841926574,1.2099629640579224,1.1822109032259533,20,lr_ppo_seed55,lr_ppo,LR-PPO,55
77652,unsafe_intercept,0,0,1,0,12,12,6.0,0,,,2.041156053543091,0,0.773802638053894,0.773802638053894,0.773802638053894,1,lr_ppo_seed55,lr_ppo,LR-PPO,55
77653,soldier_caught,0,1,0,0,86,86,43.0,0,,,0.9761230945587158,0,1.1585016250610352,1.1585016250610352,1.1585016250610352,1,lr_ppo_seed55,lr_ppo,LR-PPO,55
77654,intercepted,1,0,0,0,932,303,151.5,629,932.0,466.0,3.4092557430267334,0,1.173584796727768,0.9507379531860352,1.2699780413487294,630,lr_ppo_seed55,lr_ppo,LR-PPO,55
77655,intercepted,1,0,0,0,135,11,5.5,124,135.0,67.5,4.8347907066345215,0,1.1821897611618042,0.7865527868270874,1.2704697581559128,125,lr_ppo_seed55,lr_ppo,LR-PPO,55
77656,intercepted,1,0,0,0,337,288,144.0,49,337.0,168.5,4.980534553527832,0,1.127357040643692,1.1130061149597168,1.187398017392133,50,lr_ppo_seed55,lr_ppo,LR-PPO,55
77657,soldier_caught,0,1,0,0,158,158,79.0,0,,,1.6113513708114624,0,0.9599761366844177,0.9599761366844177,0.9599761366844177,1,lr_ppo_seed55,lr_ppo,LR-PPO,55
77658,intercepted,1,0,0,0,42,10,5.0,32,42.0,21.0,4.551527500152588,0,0.9873039325078329,1.089502215385437,1.0628961326242174,33,lr_ppo_seed55,lr_ppo,LR-PPO,55
77659,soldier_caught,0,1,0,0,774,671,335.5,103,,,1.742891550064087,0,1.1094666011631489,0.5188865065574646,1.2067823233064943,104,lr_ppo_seed55,lr_ppo,LR-PPO,55
77660,intercepted,1,0,0,0,562,120,60.0,442,562.0,281.0,2.329575538635254,0,1.142555937120527,2.5717761516571045,1.2513754327733557,443,lr_ppo_seed55,lr_ppo,LR-PPO,55
77661,intercepted,1,0,0,0,267,80,40.0,187,267.0,133.5,2.8029496669769287,0,1.1294877004036878,1.0448354482650757,1.2265552369545734,188,lr_ppo_seed55,lr_ppo,LR-PPO,55
77662,intercepted,1,0,0,0,539,505,252.5,34,539.0,269.5,2.5112526416778564,0,1.1270661605255945,1.681924819946289,1.23881218065436,35,lr_ppo_seed55,lr_ppo,LR-PPO,55
77663,soldier_caught,0,1,0,0,147,147,73.5,0,,,1.9986052513122559,0,1.6914682388305664,1.6914682388305664,1.6914682388305664,1,lr_ppo_seed55,lr_ppo,LR-PPO,55
77664,intercepted,1,0,0,0,227,199,99.5,28,227.0,113.5,2.940294027328491,0,1.153888932589827,0.947714626789093,1.243390178156245,29,lr_ppo_seed55,lr_ppo,LR-PPO,55
77665,soldier_caught,0,1,0,0,172,172,86.0,0,,,0.5660324096679688,0,0.6192922592163086,0.6192922592163086,0.6192922592163086,1,lr_ppo_seed55,lr_ppo,LR-PPO,55
77666,soldier_caught,0,1,0,0,761,761,380.5,0,,,1.341054081916809,0,1.4792197942733765,1.4792197942733765,1.4792197942733765,1,lr_ppo_seed55,lr_ppo,LR-PPO,55
77667,soldier_caught,0,1,0,0,155,155,77.5,0,,,1.9706825017929077,0,1.2258412837982178,1.2258412837982178,1.2258412837982178,1,lr_ppo_seed55,lr_ppo,LR-PPO,55
77668,intercepted,1,0,0,0,170,58,29.0,112,170.0,85.0,2.468177318572998,0,1.0753625610233408,1.6604270935058594,1.152640973022333,113,lr_ppo_seed55,lr_ppo,LR-PPO,55
77669,soldier_caught,0,1,0,0,514,513,256.5,1,,,1.7414554357528687,0,0.8146176338195801,0.7208163738250732,0.8200003449428351,2,lr_ppo_seed55,lr_ppo,LR-PPO,55
77670,intercepted,1,0,0,0,552,544,272.0,8,552.0,276.0,3.639010190963745,0,1.329653349187639,0.5501878261566162,1.480193404781259,9,lr_ppo_seed55,lr_ppo,LR-PPO,55
77671,intercepted,1,0,0,0,41,14,7.0,27,41.0,20.5,4.023731708526611,0,1.1643504734550203,1.1940635442733765,1.2375124985794437,28,lr_ppo_seed55,lr_ppo,LR-PPO,55
77672,unsafe_intercept,0,0,1,0,53,53,26.5,0,,,2.377223253250122,0,0.45663103461265564,0.45663103461265564,0.45663103461265564,1,lr_ppo_seed55,lr_ppo,LR-PPO,55
77673,unsafe_intercept,0,0,1,0,347,347,173.5,0,,,2.2805655002593994,0,0.7009807825088501,0.7009807825088501,0.7009807825088501,1,lr_ppo_seed55,lr_ppo,LR-PPO,55
77674,unsafe_intercept,0,0,1,0,421,421,210.5,0,,,2.034320831298828,0,0.9221936464309692,0.9221936464309692,0.9221936464309692,1,lr_ppo_seed55,lr_ppo,LR-PPO,55
77675,intercepted,1,0,0,0,365,186,93.0,179,365.0,182.5,4.32769775390625,0,1.2122375034623676,1.261047601699829,1.3195264919953644,180,lr_ppo_seed55,lr_ppo,LR-PPO,55
77676,soldier_caught,0,1,0,0,10,10,5.0,0,,,1.9485231637954712,0,0.8345082998275757,0.8345082998275757,0.8345082998275757,1,lr_ppo_seed55,lr_ppo,LR-PPO,55
77677,intercepted,1,0,0,0,514,241,120.5,273,514.0,257.0,3.7134265899658203,0,1.0814042211557826,0.9797786474227905,1.1704231668616376,274,lr_ppo_seed55,lr_ppo,LR-PPO,55
77678,intercepted,1,0,0,0,750,590,295.0,160,750.0,375.0,3.9649062156677246,0,1.1455084955470163,1.3275872468948364,1.2540796164029764,161,lr_ppo_seed55,lr_ppo,LR-PPO,55
77679,intercepted,1,0,0,0,481,261,130.5,220,481.0,240.5,2.9007701873779297,0,1.1137887556695831,1.5403803586959839,1.2136024049948888,221,lr_ppo_seed55,lr_ppo,LR-PPO,55
77680,intercepted,1,0,0,0,846,695,347.5,151,846.0,423.0,4.257286071777344,0,1.1828076962969805,0.3361944854259491,1.2785408235585072,152,lr_ppo_seed55,lr_ppo,LR-PPO,55
77681,soldier_caught,0,1,0,0,120,96,48.0,24,,,1.1563583612442017,0,1.1469703149795532,1.2883875370025635,1.2333279355226765,25,lr_ppo_seed55,lr_ppo,LR-PPO,55
77682,intercepted,1,0,0,0,389,312,156.0,77,389.0,194.5,4.639138698577881,0,1.2730055342500026,2.2378623485565186,1.378361208286371,78,lr_ppo_seed55,lr_ppo,LR-PPO,55
77683,intercepted,1,0,0,0,266,205,102.5,61,266.0,133.0,3.8618521690368652,0,1.0575576347689475,0.6976587772369385,1.1617060593571942,62,lr_ppo_seed55,lr_ppo,LR-PPO,55
77684,intercepted,1,0,0,0,137,11,5.5,126,137.0,68.5,3.6169021129608154,0,1.1088708819836144,0.8763967752456665,1.2105072857371755,127,lr_ppo_seed55,lr_ppo,LR-PPO,55
77685,intercepted,1,0,0,0,605,119,59.5,486,605.0,302.5,3.193359136581421,0,1.1142427188017285,0.8231182098388672,1.2049342283924214,487,lr_ppo_seed55,lr_ppo,LR-PPO,55
77686,soldier_caught,0,1,0,0,812,811,405.5,1,,,1.9637750387191772,0,1.4167932868003845,2.0717995166778564,1.5608767980532403,2,lr_ppo_seed55,lr_ppo,LR-PPO,55
77687,soldier_caught,0,1,0,0,519,519,259.5,0,,,1.0136491060256958,0,1.0597642660140991,1.0597642660140991,1.0597642660140991,1,lr_ppo_seed55,lr_ppo,LR-PPO,55
77688,intercepted,1,0,0,0,315,10,5.0,305,315.0,157.5,3.5013773441314697,0,1.148113604367169,1.522223711013794,1.2504932866670802,306,lr_ppo_seed55,lr_ppo,LR-PPO,55
77689,intercepted,1,0,0,0,315,285,142.5,30,315.0,157.5,3.353614091873169,0,1.0763309006729433,1.4881832599639893,1.1765651792951444,31,lr_ppo_seed55,lr_ppo,LR-PPO,55
77690,intercepted,1,0,0,0,697,622,311.0,75,697.0,348.5,2.594761610031128,0,1.2352581688840139,1.7819522619247437,1.3511178155103412,76,lr_ppo_seed55,lr_ppo,LR-PPO,55
77691,intercepted,1,0,0,0,46,36,18.0,10,46.0,23.0,4.936245918273926,0,1.1717051592740146,1.4989172220230103,1.2703296372718103,11,lr_ppo_seed55,lr_ppo,LR-PPO,55
77692,soldier_caught,0,1,0,0,144,143,71.5,1,,,1.7537825107574463,0,0.8924762010574341,0.5764553546905518,0.9467750233251563,2,lr_ppo_seed55,lr_ppo,LR-PPO,55
77693,intercepted,1,0,0,0,203,36,18.0,167,203.0,101.5,2.5670218467712402,0,1.0518373105941075,1.5512865781784058,1.1551666600396686,168,lr_ppo_seed55,lr_ppo,LR-PPO,55
77694,soldier_caught,0,1,0,0,83,82,41.0,1,,,1.478684663772583,0,0.9746497869491577,0.6489200592041016,1.0276390722120812,2,lr_ppo_seed55,lr_ppo,LR-PPO,55
77695,soldier_caught,0,1,0,0,402,401,200.5,1,,,1.172175645828247,0,1.0218841433525085,1.475212574005127,1.1179239099658151,2,lr_ppo_seed55,lr_ppo,LR-PPO,55
77696,intercepted,1,0,0,0,906,900,450.0,6,906.0,453.0,3.1868603229522705,0,0.9141382468598229,0.9745588898658752,1.0338984028709068,7,lr_ppo_seed55,lr_ppo,LR-PPO,55
77697,intercepted,1,0,0,0,27,11,5.5,16,27.0,13.5,4.44786262512207,0,1.0686810612678528,0.7132329344749451,1.132013444112903,17,lr_ppo_seed55,lr_ppo,LR-PPO,55
77698,intercepted,1,0,0,0,39,33,16.5,6,39.0,19.5,2.550480842590332,0,1.1824533002717155,2.3422718048095703,1.3555011202494711,7,lr_ppo_seed55,lr_ppo,LR-PPO,55
77699,intercepted,1,0,0,0,245,205,102.5,40,245.0,122.5,3.211693048477173,0,1.1292979528264302,1.696913719177246,1.2250920810178703,41,lr_ppo_seed55,lr_ppo,LR-PPO,55
77700,intercepted,1,0,0,0,431,381,190.5,50,431.0,215.5,2.3864755630493164,0,1.1086762749096926,1.050093650817871,1.1759121273265785,51,lr_ppo_seed55,lr_ppo,LR-PPO,55
77701,intercepted,1,0,0,0,317,293,146.5,24,317.0,158.5,4.656952381134033,0,1.2058079719543457,1.041864037513733,1.347960724704388,25,lr_ppo_seed55,lr_ppo,LR-PPO,55
77702,intercepted,1,0,0,0,331,220,110.0,111,331.0,165.5,2.507866144180298,0,1.1862463726262962,1.5028184652328491,1.2716482387216628,112,lr_ppo_seed55,lr_ppo,LR-PPO,55
77703,intercepted,1,0,0,0,537,462,231.0,75,537.0,268.5,2.578260898590088,0,1.0792356474619162,0.8741278052330017,1.1421617975617115,76,lr_ppo_seed55,lr_ppo,LR-PPO,55
77704,intercepted,1,0,0,0,339,286,143.0,53,339.0,169.5,4.477027893066406,0,1.0397960753352553,1.403395414352417,1.1649959937934935,54,lr_ppo_seed55,lr_ppo,LR-PPO,55
77705,intercepted,1,0,0,0,225,91,45.5,134,225.0,112.5,3.40129017829895,0,1.1014856756285385,2.136958122253418,1.2152859754372474,135,lr_ppo_seed55,lr_ppo,LR-PPO,55
77706,soldier_caught,0,1,0,0,258,257,128.5,1,,,1.6329152584075928,0,0.7658745646476746,0.9185394644737244,0.780942008354758,2,lr_ppo_seed55,lr_ppo,LR-PPO,55
77707,intercepted,1,0,0,0,192,87,43.5,105,192.0,96.0,4.975318908691406,0,1.1679377787799206,2.3161277770996094,1.2505464687996943,106,lr_ppo_seed55,lr_ppo,LR-PPO,55
77708,soldier_caught,0,1,0,0,125,125,62.5,0,,,1.9050523042678833,0,0.5093024969100952,0.5093024969100952,0.5093024969100952,1,lr_ppo_seed55,lr_ppo,LR-PPO,55
77709,unsafe_intercept,0,0,1,0,147,147,73.5,0,,,2.4232969284057617,0,1.3551745414733887,1.3551745414733887,1.3551745414733887,1,lr_ppo_seed55,lr_ppo,LR-PPO,55
77710,intercepted,1,0,0,0,1382,1062,531.0,320,1382.0,691.0,2.070091485977173,0,1.1120642727687722,1.2078850269317627,1.2174408644306538,321,lr_ppo_seed55,lr_ppo,LR-PPO,55
77711,soldier_caught,0,1,0,0,198,198,99.0,0,,,1.810445785522461,0,1.4121676683425903,1.4121676683425903,1.4121676683425903,1,lr_ppo_seed55,lr_ppo,LR-PPO,55
77712,intercepted,1,0,0,0,362,76,38.0,286,362.0,181.0,3.9855427742004395,0,1.1301094404704064,1.2976226806640625,1.2315013499974685,287,lr_ppo_seed55,lr_ppo,LR-PPO,55
77713,intercepted,1,0,0,0,354,215,107.5,139,354.0,177.0,3.544201612472534,0,1.1755083881318569,1.5718557834625244,1.261735826780929,140,lr_ppo_seed55,lr_ppo,LR-PPO,55
77714,intercepted,1,0,0,0,95,11,5.5,84,95.0,47.5,2.802490472793579,0,1.1343595893944012,0.896348774433136,1.2162199299442926,85,lr_ppo_seed55,lr_ppo,LR-PPO,55
77715,intercepted,1,0,0,0,166,38,19.0,128,166.0,83.0,2.2088358402252197,0,1.1710241013603617,2.0037989616394043,1.2743699487115914,129,lr_ppo_seed55,lr_ppo,LR-PPO,55
77716,intercepted,1,0,0,0,606,134,67.0,472,606.0,303.0,4.1493449211120605,0,1.101159053549454,1.085663080215454,1.2124580771809352,473,lr_ppo_seed55,lr_ppo,LR-PPO,55
77717,intercepted,1,0,0,0,186,14,7.0,172,186.0,93.0,3.4606127738952637,0,1.1087417824764472,1.1489769220352173,1.1979469375618625,173,lr_ppo_seed55,lr_ppo,LR-PPO,55
77718,intercepted,1,0,0,0,92,73,36.5,19,92.0,46.0,4.0686163902282715,0,0.9363509308546781,0.485342800617218,1.0060663511685417,20,lr_ppo_seed55,lr_ppo,LR-PPO,55
77719,intercepted,1,0,0,0,25,15,7.5,10,25.0,12.5,3.5550482273101807,0,1.2412869334220886,1.1061755418777466,1.3606092866285644,11,lr_ppo_seed55,lr_ppo,LR-PPO,55
77720,intercepted,1,0,0,0,522,41,20.5,481,522.0,261.0,2.374143600463867,0,1.0746763807516622,0.5122116208076477,1.1634990133895202,482,lr_ppo_seed55,lr_ppo,LR-PPO,55
77721,intercepted,1,0,0,0,934,450,225.0,484,934.0,467.0,2.8751919269561768,0,1.1249616370065925,1.1481680870056152,1.2230046608608305,485,lr_ppo_seed55,lr_ppo,LR-PPO,55
77722,soldier_caught,0,1,0,0,58,58,29.0,0,,,1.5702271461486816,0,1.1766986846923828,1.1766986846923828,1.1766986846923828,1,lr_ppo_seed55,lr_ppo,LR-PPO,55
77723,intercepted,1,0,0,0,200,191,95.5,9,200.0,100.0,3.2451772689819336,0,1.3991976439952851,1.218954086303711,1.480013754395207,10,lr_ppo_seed55,lr_ppo,LR-PPO,55
77724,soldier_caught,0,1,0,0,14,14,7.0,0,,,1.7627261877059937,0,0.5589630603790283,0.5589630603790283,0.5589630603790283,1,lr_ppo_seed55,lr_ppo,LR-PPO,55
77725,soldier_caught,0,1,0,0,45,45,22.5,0,,,1.173936367034912,0,0.758002519607544,0.758002519607544,0.758002519607544,1,lr_ppo_seed55,lr_ppo,LR-PPO,55
77726,intercepted,1,0,0,0,464,449,224.5,15,464.0,232.0,4.7319655418396,0,0.9813157059252262,0.7324627637863159,1.056348715332714,16,lr_ppo_seed55,lr_ppo,LR-PPO,55
77727,soldier_caught,0,1,0,0,226,204,102.0,22,,,1.0699841976165771,0,1.132965036060499,0.966383159160614,1.2346279932259812,23,lr_ppo_seed55,lr_ppo,LR-PPO,55
77728,intercepted,1,0,0,0,128,87,43.5,41,128.0,64.0,2.998152494430542,0,1.0128569822935831,0.7804573774337769,1.0862709163091606,42,lr_ppo_seed55,lr_ppo,LR-PPO,55
77729,intercepted,1,0,0,0,160,144,72.0,16,160.0,80.0,3.3389475345611572,0,0.9509032469461945,1.1094824075698853,1.0455235541513532,17,lr_ppo_seed55,lr_ppo,LR-PPO,55
77730,soldier_caught,0,1,0,0,440,439,219.5,1,,,1.7308988571166992,0,1.393128216266632,1.0724729299545288,1.4295544899017123,2,lr_ppo_seed55,lr_ppo,LR-PPO,55
77731,unsafe_intercept,0,0,1,0,180,180,90.0,0,,,2.224907398223877,0,0.6427016258239746,0.6427016258239746,0.6427016258239746,1,lr_ppo_seed55,lr_ppo,LR-PPO,55
77732,intercepted,1,0,0,0,900,878,439.0,22,900.0,450.0,4.041664123535156,0,1.1744883954524994,1.8060539960861206,1.2556153246970476,23,lr_ppo_seed55,lr_ppo,LR-PPO,55
77733,soldier_caught,0,1,0,0,205,181,90.5,24,,,1.6252516508102417,0,1.2250262820720672,0.9141937494277954,1.303670942157282,25,lr_ppo_seed55,lr_ppo,LR-PPO,55
77734,intercepted,1,0,0,0,425,379,189.5,46,425.0,212.5,4.929505825042725,0,1.1250602482481207,0.9428572654724121,1.210152925695933,47,lr_ppo_seed55,lr_ppo,LR-PPO,55
77735,soldier_caught,0,1,0,0,66,66,33.0,0,,,1.2348170280456543,0,1.1080299615859985,1.1080299615859985,1.1080299615859985,1,lr_ppo_seed55,lr_ppo,LR-PPO,55
77736,soldier_caught,0,1,0,0,760,717,358.5,43,,,0.9233796000480652,0,1.1548333059657703,2.40189790725708,1.2692533397646808,44,lr_ppo_seed55,lr_ppo,LR-PPO,55
77737,intercepted,1,0,0,0,439,398,199.0,41,439.0,219.5,3.074216365814209,0,1.1845769357113611,1.6186467409133911,1.2888546853971754,42,lr_ppo_seed55,lr_ppo,LR-PPO,55
77738,intercepted,1,0,0,0,102,42,21.0,60,102.0,51.0,3.163620948791504,0,1.0530869247483425,0.6764989495277405,1.1211120056011579,61,lr_ppo_seed55,lr_ppo,LR-PPO,55
77739,intercepted,1,0,0,0,1402,1347,673.5,55,1402.0,701.0,3.7827072143554688,0,1.1763789568628584,1.6637779474258423,1.2546720813786716,56,lr_ppo_seed55,lr_ppo,LR-PPO,55
77740,intercepted,1,0,0,0,239,10,5.0,229,239.0,119.5,4.66670560836792,0,1.1290592688581218,0.719347357749939,1.2370892699753537,230,lr_ppo_seed55,lr_ppo,LR-PPO,55
77741,intercepted,1,0,0,0,438,418,209.0,20,438.0,219.0,2.8091328144073486,0,1.162863478774116,0.754814088344574,1.2341122738107453,21,lr_ppo_seed55,lr_ppo,LR-PPO,55
77742,intercepted,1,0,0,0,289,99,49.5,190,289.0,144.5,2.5972046852111816,0,1.1227406893725171,0.6488168239593506,1.2284429199656457,191,lr_ppo_seed55,lr_ppo,LR-PPO,55
77743,intercepted,1,0,0,0,568,513,256.5,55,568.0,284.0,3.383157730102539,0,1.1516054344496556,0.697515606880188,1.248120001202009,56,lr_ppo_seed55,lr_ppo,LR-PPO,55
77744,intercepted,1,0,0,0,636,611,305.5,25,636.0,318.0,2.1336300373077393,0,1.1873742777567644,1.479898452758789,1.2782160226641204,26,lr_ppo_seed55,lr_ppo,LR-PPO,55
77745,intercepted,1,0,0,0,1011,977,488.5,34,1011.0,505.5,2.7496871948242188,0,1.1866455912590026,1.2610540390014648,1.285900026586137,35,lr_ppo_seed55,lr_ppo,LR-PPO,55
77746,soldier_caught,0,1,0,0,115,114,57.0,1,,,0.6501681208610535,0,1.0446543097496033,1.0390337705612183,1.0446694296949577,2,lr_ppo_seed55,lr_ppo,LR-PPO,55
77747,soldier_caught,0,1,0,0,164,142,71.0,22,,,1.8845195770263672,0,0.9852633087531381,1.6895955801010132,1.1076031137460511,23,lr_ppo_seed55,lr_ppo,LR-PPO,55
77748,intercepted,1,0,0,0,48,41,20.5,7,48.0,24.0,2.3537919521331787,0,0.8532212041318417,0.8214928507804871,0.9486968590799225,8,lr_ppo_seed55,lr_ppo,LR-PPO,55
77749,intercepted,1,0,0,0,45,15,7.5,30,45.0,22.5,4.750237464904785,0,1.0845413236848769,0.9015811681747437,1.2142437474713081,31,lr_ppo_seed55,lr_ppo,LR-PPO,55
77750,soldier_caught,0,1,0,0,61,16,8.0,45,,,1.4467337131500244,0,1.137034182963164,0.9883282780647278,1.22041730960337,46,lr_ppo_seed55,lr_ppo,LR-PPO,55
77751,intercepted,1,0,0,0,205,33,16.5,172,205.0,102.5,4.1134724617004395,0,1.0646010866399445,1.2783522605895996,1.163289170604561,173,lr_ppo_seed55,lr_ppo,LR-PPO,55
77752,intercepted,1,0,0,0,343,243,121.5,100,343.0,171.5,3.0447256565093994,0,1.1479086583793754,1.7734849452972412,1.2265565720113716,101,lr_ppo_seed55,lr_ppo,LR-PPO,55
77753,intercepted,1,0,0,0,400,305,152.5,95,400.0,200.0,2.5104098320007324,0,1.0744609329849482,1.1660845279693604,1.1634956442460946,96,lr_ppo_seed55,lr_ppo,LR-PPO,55
77754,soldier_caught,0,1,0,0,15,15,7.5,0,,,1.0444538593292236,0,0.5444552898406982,0.5444552898406982,0.5444552898406982,1,lr_ppo_seed55,lr_ppo,LR-PPO,55
77755,soldier_caught,0,1,0,0,177,177,88.5,0,,,1.5539036989212036,0,1.5330384969711304,1.5330384969711304,1.5330384969711304,1,lr_ppo_seed55,lr_ppo,LR-PPO,55
77756,soldier_caught,0,1,0,0,75,75,37.5,0,,,1.7526130676269531,0,1.0539826154708862,1.0539826154708862,1.0539826154708862,1,lr_ppo_seed55,lr_ppo,LR-PPO,55
77757,intercepted,1,0,0,0,155,128,64.0,27,155.0,77.5,4.131017684936523,0,1.125335497515542,1.5085499286651611,1.210387334971436,28,lr_ppo_seed55,lr_ppo,LR-PPO,55
77758,intercepted,1,0,0,0,395,362,181.0,33,395.0,197.5,4.370336532592773,0,1.1998538830701042,0.9243054389953613,1.3161779851807127,34,lr_ppo_seed55,lr_ppo,LR-PPO,55
77759,intercepted,1,0,0,0,390,308,154.0,82,390.0,195.0,2.181028127670288,0,1.1355850250426545,2.148219108581543,1.228186022081681,83,lr_ppo_seed55,lr_ppo,LR-PPO,55
77760,intercepted,1,0,0,0,404,36,18.0,368,404.0,202.0,2.954987049102783,0,1.107098734718028,1.7439301013946533,1.1981179150583328,369,lr_ppo_seed55,lr_ppo,LR-PPO,55
77761,intercepted,1,0,0,0,392,369,184.5,23,392.0,196.0,4.62069845199585,0,1.3166399287680786,1.3916256427764893,1.4348682993237918,24,lr_ppo_seed55,lr_ppo,LR-PPO,55
77762,intercepted,1,0,0,0,630,559,279.5,71,630.0,315.0,4.629954814910889,0,1.0722428031472697,1.2553222179412842,1.1612698709622882,72,lr_ppo_seed55,lr_ppo,LR-PPO,55
77763,soldier_caught,0,1,0,0,309,309,154.5,0,,,1.1694961786270142,0,1.598846197128296,1.598846197128296,1.598846197128296,1,lr_ppo_seed55,lr_ppo,LR-PPO,55
77764,unsafe_intercept,0,0,1,0,60,60,30.0,0,,,2.4591073989868164,0,1.5640275478363037,1.5640275478363037,1.5640275478363037,1,lr_ppo_seed55,lr_ppo,LR-PPO,55
77765,intercepted,1,0,0,0,260,231,115.5,29,260.0,130.0,2.718736171722412,0,1.1135885794957479,1.7647165060043335,1.1568279285917857,30,lr_ppo_seed55,lr_ppo,LR-PPO,55
77766,soldier_caught,0,1,0,0,757,757,378.5,0,,,1.6082442998886108,0,0.7170478701591492,0.7170478701591492,0.7170478701591492,1,lr_ppo_seed55,lr_ppo,LR-PPO,55
77767,intercepted,1,0,0,0,575,405,202.5,170,575.0,287.5,2.648071765899658,0,1.1496221617474194,1.8895446062088013,1.2667034599621343,171,lr_ppo_seed55,lr_ppo,LR-PPO,55
77768,soldier_caught,0,1,0,0,1638,1612,806.0,26,,,1.0207774639129639,0,1.1294368119151503,0.318654328584671,1.19583543187118,27,lr_ppo_seed55,lr_ppo,LR-PPO,55
77769,intercepted,1,0,0,0,1910,1875,937.5,35,1910.0,955.0,3.970072031021118,0,1.087189945909712,1.1746388673782349,1.1436655801920874,36,lr_ppo_seed55,lr_ppo,LR-PPO,55
77770,soldier_caught,0,1,0,0,12,12,6.0,0,,,1.3372923135757446,0,0.7213118672370911,0.7213118672370911,0.7213118672370911,1,lr_ppo_seed55,lr_ppo,LR-PPO,55
77771,intercepted,1,0,0,0,299,272,136.0,27,299.0,149.5,4.412223815917969,0,1.0481396839022636,1.6054741144180298,1.1357902569264637,28,lr_ppo_seed55,lr_ppo,LR-PPO,55
77772,intercepted,1,0,0,0,739,727,363.5,12,739.0,369.5,3.868993043899536,0,0.8619731401021664,1.2043627500534058,0.9210247453754127,13,lr_ppo_seed55,lr_ppo,LR-PPO,55
77773,intercepted,1,0,0,0,487,94,47.0,393,487.0,243.5,2.4354143142700195,0,1.1413504074370195,1.22771155834198,1.2338583789819682,394,lr_ppo_seed55,lr_ppo,LR-PPO,55
77774,intercepted,1,0,0,0,319,11,5.5,308,319.0,159.5,3.024857759475708,0,1.0992129435190106,0.977375328540802,1.2021956398378113,309,lr_ppo_seed55,lr_ppo,LR-PPO,55
77775,intercepted,1,0,0,0,1455,1119,559.5,336,1455.0,727.5,4.123559474945068,0,1.139634665201255,1.351693034172058,1.2354535146072367,337,lr_ppo_seed55,lr_ppo,LR-PPO,55
77776,intercepted,1,0,0,0,135,91,45.5,44,135.0,67.5,3.0706546306610107,0,1.1607216689321729,1.0915839672088623,1.2321469797785531,45,lr_ppo_seed55,lr_ppo,LR-PPO,55
77777,intercepted,1,0,0,0,259,65,32.5,194,259.0,129.5,3.0100245475769043,0,1.0562745860371834,1.3951348066329956,1.1610208807821507,195,lr_ppo_seed55,lr_ppo,LR-PPO,55
77778,intercepted,1,0,0,0,237,230,115.0,7,237.0,118.5,2.5699267387390137,0,1.0440031662583351,0.39811497926712036,1.125670002827032,8,lr_ppo_seed55,lr_ppo,LR-PPO,55
77779,intercepted,1,0,0,0,53,16,8.0,37,53.0,26.5,4.142951965332031,0,1.167651186648168,0.7870802283287048,1.244423611027533,38,lr_ppo_seed55,lr_ppo,LR-PPO,55
77780,intercepted,1,0,0,0,244,158,79.0,86,244.0,122.0,4.500194072723389,0,1.1406426525664055,1.944894552230835,1.2341235806641808,87,lr_ppo_seed55,lr_ppo,LR-PPO,55
77781,unsafe_intercept,0,0,1,0,196,196,98.0,0,,,2.3925139904022217,0,0.8414501547813416,0.8414501547813416,0.8414501547813416,1,lr_ppo_seed55,lr_ppo,LR-PPO,55
77782,intercepted,1,0,0,0,32,11,5.5,21,32.0,16.0,4.6213154792785645,0,1.0338005152615635,1.3759803771972656,1.0970359783708397,22,lr_ppo_seed55,lr_ppo,LR-PPO,55
77783,soldier_caught,0,1,0,0,1114,1113,556.5,1,,,0.45110365748405457,0,0.6360947787761688,0.6563177108764648,0.6364161646038199,2,lr_ppo_seed55,lr_ppo,LR-PPO,55
77784,soldier_caught,0,1,0,0,13,12,6.0,1,,,0.7810919284820557,0,1.861726462841034,2.268544912338257,1.9056564940444833,2,lr_ppo_seed55,lr_ppo,LR-PPO,55
77785,intercepted,1,0,0,0,404,370,185.0,34,404.0,202.0,4.465829372406006,0,1.051071892465864,0.4331471920013428,1.1760583141453167,35,lr_ppo_seed55,lr_ppo,LR-PPO,55
77786,intercepted,1,0,0,0,549,345,172.5,204,549.0,274.5,3.3149685859680176,0,1.1029518294625167,0.6854231953620911,1.1898413679386495,205,lr_ppo_seed55,lr_ppo,LR-PPO,55
77787,intercepted,1,0,0,0,214,168,84.0,46,214.0,107.0,4.58043098449707,0,1.1340238984594955,0.8204072117805481,1.2124749797395156,47,lr_ppo_seed55,lr_ppo,LR-PPO,55
77788,intercepted,1,0,0,0,446,357,178.5,89,446.0,223.0,3.514678716659546,0,1.066529976659351,2.286651611328125,1.1763047795911517,90,lr_ppo_seed55,lr_ppo,LR-PPO,55
77789,intercepted,1,0,0,0,75,10,5.0,65,75.0,37.5,2.257612943649292,0,1.1133606497085455,1.0653904676437378,1.2041644576998671,66,lr_ppo_seed55,lr_ppo,LR-PPO,55
77790,intercepted,1,0,0,0,21,16,8.0,5,21.0,10.5,3.258357048034668,0,0.8249108890692393,0.40070784091949463,0.9012370648366861,6,lr_ppo_seed55,lr_ppo,LR-PPO,55
77791,intercepted,1,0,0,0,303,283,141.5,20,303.0,151.5,3.902925491333008,0,1.1253495244752794,1.6958295106887817,1.234751758452305,21,lr_ppo_seed55,lr_ppo,LR-PPO,55
77792,soldier_caught,0,1,0,0,89,89,44.5,0,,,1.244254469871521,0,0.565870463848114,0.565870463848114,0.565870463848114,1,lr_ppo_seed55,lr_ppo,LR-PPO,55
77793,intercepted,1,0,0,0,249,11,5.5,238,249.0,124.5,4.193328380584717,0,1.0974390447825568,0.40226972103118896,1.2005329621254268,239,lr_ppo_seed55,lr_ppo,LR-PPO,55
77794,soldier_caught,0,1,0,0,36,35,17.5,1,,,1.4179140329360962,0,1.3581548929214478,1.6640069484710693,1.3921674443293084,2,lr_ppo_seed55,lr_ppo,LR-PPO,55
77795,intercepted,1,0,0,0,500,445,222.5,55,500.0,250.0,4.264470100402832,0,1.1679426692426205,1.1033753156661987,1.2450247017141187,56,lr_ppo_seed55,lr_ppo,LR-PPO,55
77796,intercepted,1,0,0,0,360,246,123.0,114,360.0,180.0,2.8854737281799316,0,1.1708862838537797,1.32485032081604,1.280567970211368,115,lr_ppo_seed55,lr_ppo,LR-PPO,55
77797,intercepted,1,0,0,0,155,11,5.5,144,155.0,77.5,2.663094997406006,0,1.1746569336488328,1.0086873769760132,1.2620246952974292,145,lr_ppo_seed55,lr_ppo,LR-PPO,55
77798,intercepted,1,0,0,0,210,202,101.0,8,210.0,105.0,2.5626778602600098,0,0.970085064570109,0.6105048060417175,1.0676326928412812,9,lr_ppo_seed55,lr_ppo,LR-PPO,55
77799,intercepted,1,0,0,0,570,512,256.0,58,570.0,285.0,4.940443515777588,0,1.1903756523536424,1.2796725034713745,1.302952191565212,59,lr_ppo_seed55,lr_ppo,LR-PPO,55
77800,intercepted,1,0,0,0,452,416,208.0,36,452.0,226.0,2.5795984268188477,0,1.1578248175414834,0.3211294114589691,1.2349786631998205,37,lr_ppo_seed55,lr_ppo,LR-PPO,55
77801,intercepted,1,0,0,0,305,83,41.5,222,305.0,152.5,4.370273590087891,0,1.152579266928771,1.391520619392395,1.2484960249144696,223,lr_ppo_seed55,lr_ppo,LR-PPO,55
77802,intercepted,1,0,0,0,123,58,29.0,65,123.0,61.5,2.6351261138916016,0,1.0355660305781798,0.8239477872848511,1.1345521505203173,66,lr_ppo_seed55,lr_ppo,LR-PPO,55
77803,soldier_caught,0,1,0,0,32,32,16.0,0,,,1.3152709007263184,0,1.1919326782226562,1.1919326782226562,1.1919326782226562,1,lr_ppo_seed55,lr_ppo,LR-PPO,55
77804,intercepted,1,0,0,0,372,340,170.0,32,372.0,186.0,3.3764021396636963,0,1.239752957315156,1.3625437021255493,1.3455218374268123,33,lr_ppo_seed55,lr_ppo,LR-PPO,55
77805,intercepted,1,0,0,0,889,670,335.0,219,889.0,444.5,3.742595672607422,0,1.1362598844549872,1.0627647638320923,1.231167599826439,220,lr_ppo_seed55,lr_ppo,LR-PPO,55
77806,intercepted,1,0,0,0,56,48,24.0,8,56.0,28.0,4.014468669891357,0,1.0490912530157301,1.1039023399353027,1.091483900241376,9,lr_ppo_seed55,lr_ppo,LR-PPO,55
77807,intercepted,1,0,0,0,41,10,5.0,31,41.0,20.5,2.7036819458007812,0,1.2884677778929472,1.9050391912460327,1.3397096944684577,32,lr_ppo_seed55,lr_ppo,LR-PPO,55
77808,intercepted,1,0,0,0,745,638,319.0,107,745.0,372.5,2.720841646194458,0,1.1744882004956405,0.33478692173957825,1.2845672265567598,108,lr_ppo_seed55,lr_ppo,LR-PPO,55
77809,soldier_caught,0,1,0,0,59,12,6.0,47,,,0.6461355686187744,0,1.0532712644586961,0.4364284873008728,1.140273716314325,48,lr_ppo_seed55,lr_ppo,LR-PPO,55
77810,intercepted,1,0,0,0,136,10,5.0,126,136.0,68.0,3.8958418369293213,0,1.1183255000377263,0.8512742519378662,1.215198364499616,127,lr_ppo_seed55,lr_ppo,LR-PPO,55
77811,intercepted,1,0,0,0,411,301,150.5,110,411.0,205.5,3.5229411125183105,0,1.151312372705958,1.028014898300171,1.2606927528047214,111,lr_ppo_seed55,lr_ppo,LR-PPO,55
77812,intercepted,1,0,0,0,106,18,9.0,88,106.0,53.0,2.416023015975952,0,1.16123641491606,2.270434617996216,1.2656367804759205,89,lr_ppo_seed55,lr_ppo,LR-PPO,55
77813,intercepted,1,0,0,0,835,758,379.0,77,835.0,417.5,2.1861817836761475,0,1.083468021108554,1.0786149501800537,1.1688814425111296,78,lr_ppo_seed55,lr_ppo,LR-PPO,55
77814,intercepted,1,0,0,0,509,299,149.5,210,509.0,254.5,4.0124969482421875,0,1.151524345880436,1.5033576488494873,1.2488417634332538,211,lr_ppo_seed55,lr_ppo,LR-PPO,55
77815,unsafe_intercept,0,0,1,0,106,106,53.0,0,,,2.2125043869018555,0,1.0956907272338867,1.0956907272338867,1.0956907272338867,1,lr_ppo_seed55,lr_ppo,LR-PPO,55
77816,intercepted,1,0,0,0,42,33,16.5,9,42.0,21.0,3.530726909637451,0,1.3616833508014679,1.153483510017395,1.396200368532898,10,lr_ppo_seed55,lr_ppo,LR-PPO,55
77817,intercepted,1,0,0,0,75,38,19.0,37,75.0,37.5,2.9892306327819824,0,1.0733665627868552,1.813736081123352,1.1826982083144273,38,lr_ppo_seed55,lr_ppo,LR-PPO,55
77818,unsafe_intercept,0,0,1,0,590,589,294.5,1,,,3.2032809257507324,0,1.0566917061805725,0.9557806253433228,1.0614991324285439,2,lr_ppo_seed55,lr_ppo,LR-PPO,55
77819,intercepted,1,0,0,0,763,355,177.5,408,763.0,381.5,4.709740161895752,0,1.1451813263823176,0.9372847676277161,1.2384766691682296,409,lr_ppo_seed55,lr_ppo,LR-PPO,55
77820,unsafe_intercept,0,0,1,0,724,724,362.0,0,,,2.0144577026367188,0,1.998724102973938,1.998724102973938,1.998724102973938,1,lr_ppo_seed55,lr_ppo,LR-PPO,55
77821,intercepted,1,0,0,0,149,102,51.0,47,149.0,74.5,2.6633288860321045,0,1.0530953917962809,0.5588159561157227,1.1621261657082107,48,lr_ppo_seed55,lr_ppo,LR-PPO,55
77822,intercepted,1,0,0,0,138,10,5.0,128,138.0,69.0,2.9640541076660156,0,1.1094985685722774,0.9763002395629883,1.2144172753333249,129,lr_ppo_seed55,lr_ppo,LR-PPO,55
77823,soldier_caught,0,1,0,0,60,11,5.5,49,,,0.6979677081108093,0,1.2292811119556426,1.8844817876815796,1.3391582538754898,50,lr_ppo_seed55,lr_ppo,LR-PPO,55
77824,unsafe_intercept,0,0,1,0,122,122,61.0,0,,,2.3982064723968506,0,1.0651698112487793,1.0651698112487793,1.0651698112487793,1,lr_ppo_seed55,lr_ppo,LR-PPO,55
77825,intercepted,1,0,0,0,72,59,29.5,13,72.0,36.0,2.3501181602478027,0,1.1247831221137727,1.415649652481079,1.2108036590875835,14,lr_ppo_seed55,lr_ppo,LR-PPO,55
77826,soldier_caught,0,1,0,0,17,17,8.5,0,,,1.6480435132980347,0,1.344234585762024,1.344234585762024,1.344234585762024,1,lr_ppo_seed55,lr_ppo,LR-PPO,55
77827,soldier_caught,0,1,0,0,101,101,50.5,0,,,1.8552260398864746,0,0.6840699315071106,0.6840699315071106,0.6840699315071106,1,lr_ppo_seed55,lr_ppo,LR-PPO,55
77828,unsafe_intercept,0,0,1,0,419,419,209.5,0,,,2.3233213424682617,0,2.071507215499878,2.071507215499878,2.071507215499878,1,lr_ppo_seed55,lr_ppo,LR-PPO,55
77829,soldier_caught,0,1,0,0,16,16,8.0,0,,,1.3081114292144775,0,1.555559515953064,1.555559515953064,1.555559515953064,1,lr_ppo_seed55,lr_ppo,LR-PPO,55
77830,intercepted,1,0,0,0,179,171,85.5,8,179.0,89.5,3.6266942024230957,0,1.1386863489945729,1.4885845184326172,1.1905371382619838,9,lr_ppo_seed55,lr_ppo,LR-PPO,55
77831,intercepted,1,0,0,0,286,271,135.5,15,286.0,143.0,2.673243284225464,0,1.015004588291049,1.2442573308944702,1.0768146015067968,16,lr_ppo_seed55,lr_ppo,LR-PPO,55
77832,intercepted,1,0,0,0,24,10,5.0,14,24.0,12.0,3.0108590126037598,0,1.1873383283615113,0.8176423907279968,1.2355800711996634,15,lr_ppo_seed55,lr_ppo,LR-PPO,55
77833,intercepted,1,0,0,0,85,12,6.0,73,85.0,42.5,4.092923641204834,0,1.0711912778583732,0.7896609306335449,1.1769665351473697,74,lr_ppo_seed55,lr_ppo,LR-PPO,55
77834,intercepted,1,0,0,0,279,271,135.5,8,279.0,139.5,2.3420403003692627,0,1.0296410686439939,0.4292518198490143,1.1267257725065816,9,lr_ppo_seed55,lr_ppo,LR-PPO,55
77835,soldier_caught,0,1,0,0,36,36,18.0,0,,,0.7472968697547913,0,0.729853630065918,0.729853630065918,0.729853630065918,1,lr_ppo_seed55,lr_ppo,LR-PPO,55
77836,intercepted,1,0,0,0,117,11,5.5,106,117.0,58.5,3.2815966606140137,0,1.1052425303191782,0.7460102438926697,1.194027882747885,107,lr_ppo_seed55,lr_ppo,LR-PPO,55
77837,intercepted,1,0,0,0,719,712,356.0,7,719.0,359.5,2.8935153484344482,0,1.2014684602618217,0.8992732167243958,1.222146815266226,8,lr_ppo_seed55,lr_ppo,LR-PPO,55
77838,soldier_caught,0,1,0,0,33,32,16.0,1,,,0.8637924790382385,0,1.4498336911201477,1.4500422477722168,1.4498337061204465,2,lr_ppo_seed55,lr_ppo,LR-PPO,55
77839,intercepted,1,0,0,0,809,782,391.0,27,809.0,404.5,2.7609262466430664,0,1.1999883061008794,0.5043132305145264,1.2680598052739442,28,lr_ppo_seed55,lr_ppo,LR-PPO,55
77840,soldier_caught,0,1,0,0,114,66,33.0,48,,,1.4689645767211914,0,1.0514914040662804,0.7749968767166138,1.1347402944052598,49,lr_ppo_seed55,lr_ppo,LR-PPO,55
77841,intercepted,1,0,0,0,43,19,9.5,24,43.0,21.5,3.581671953201294,0,1.215807934999466,1.2427232265472412,1.2822021595625808,25,lr_ppo_seed55,lr_ppo,LR-PPO,55
77842,soldier_caught,0,1,0,0,64,42,21.0,22,,,1.7398955821990967,0,0.9768721040176309,0.9423186182975769,1.03580754296268,23,lr_ppo_seed55,lr_ppo,LR-PPO,55
77843,intercepted,1,0,0,0,247,199,99.5,48,247.0,123.5,3.3966596126556396,0,1.2880778361339957,0.8129982352256775,1.4033037143278357,49,lr_ppo_seed55,lr_ppo,LR-PPO,55
77844,intercepted,1,0,0,0,83,11,5.5,72,83.0,41.5,4.529224872589111,0,1.0582722919444516,0.8806999325752258,1.1524070080381874,73,lr_ppo_seed55,lr_ppo,LR-PPO,55
77845,intercepted,1,0,0,0,236,203,101.5,33,236.0,118.0,2.6143205165863037,0,1.0880446407724829,1.2038087844848633,1.186276796587297,34,lr_ppo_seed55,lr_ppo,LR-PPO,55
77846,intercepted,1,0,0,0,133,126,63.0,7,133.0,66.5,2.442608594894409,0,1.0399798452854156,0.9086093306541443,1.0696767740755877,8,lr_ppo_seed55,lr_ppo,LR-PPO,55
77847,intercepted,1,0,0,0,534,483,241.5,51,534.0,267.0,4.028239727020264,0,1.0918852801506336,1.407711386680603,1.2121282559319928,52,lr_ppo_seed55,lr_ppo,LR-PPO,55
77848,intercepted,1,0,0,0,102,77,38.5,25,102.0,51.0,4.379607677459717,0,1.1737430055554097,1.3862749338150024,1.2536147645793843,26,lr_ppo_seed55,lr_ppo,LR-PPO,55
77849,intercepted,1,0,0,0,21,15,7.5,6,21.0,10.5,4.240248203277588,0,1.1771103484289986,2.115356683731079,1.3949743423155565,7,lr_ppo_seed55,lr_ppo,LR-PPO,55
77850,intercepted,1,0,0,0,532,507,253.5,25,532.0,266.0,3.1119472980499268,0,1.1004291939047666,1.5799506902694702,1.2139474905029255,26,lr_ppo_seed55,lr_ppo,LR-PPO,55
77851,intercepted,1,0,0,0,964,915,457.5,49,964.0,482.0,2.836108684539795,0,1.0182914306223392,1.1788452863693237,1.1039659987748023,50,lr_ppo_seed55,lr_ppo,LR-PPO,55
77852,intercepted,1,0,0,0,444,59,29.5,385,444.0,222.0,2.0945301055908203,0,1.1287258585886017,0.8305898904800415,1.2170584233939605,386,lr_ppo_seed55,lr_ppo,LR-PPO,55
77853,unsafe_intercept,0,0,1,0,267,267,133.5,0,,,2.0707340240478516,0,1.1296305656433105,1.1296305656433105,1.1296305656433105,1,lr_ppo_seed55,lr_ppo,LR-PPO,55
77854,intercepted,1,0,0,0,1264,1249,624.5,15,1264.0,632.0,2.85063099861145,0,1.3304364569485188,0.9910383820533752,1.3872902189293386,16,lr_ppo_seed55,lr_ppo,LR-PPO,55
77855,intercepted,1,0,0,0,132,19,9.5,113,132.0,66.0,3.3441050052642822,0,1.1270990868409474,0.4864506125450134,1.2330102746446672,114,lr_ppo_seed55,lr_ppo,LR-PPO,55
77856,intercepted,1,0,0,0,158,10,5.0,148,158.0,79.0,2.637321710586548,0,1.1499075315542668,1.2883096933364868,1.243898052592794,149,lr_ppo_seed55,lr_ppo,LR-PPO,55
77857,intercepted,1,0,0,0,74,32,16.0,42,74.0,37.0,3.556241989135742,0,1.1122841162737025,0.4592292904853821,1.1902509085887563,43,lr_ppo_seed55,lr_ppo,LR-PPO,55
77858,intercepted,1,0,0,0,375,197,98.5,178,375.0,187.5,4.92841100692749,0,1.0739922448576495,0.41496002674102783,1.1763059437991052,179,lr_ppo_seed55,lr_ppo,LR-PPO,55
77859,intercepted,1,0,0,0,201,186,93.0,15,201.0,100.5,4.959585666656494,0,1.043508280068636,0.36761292815208435,1.141008742199674,16,lr_ppo_seed55,lr_ppo,LR-PPO,55
77860,intercepted,1,0,0,0,85,33,16.5,52,85.0,42.5,2.49111008644104,0,1.1646640053335227,1.6307241916656494,1.2818723175640423,53,lr_ppo_seed55,lr_ppo,LR-PPO,55
77861,intercepted,1,0,0,0,1115,1078,539.0,37,1115.0,557.5,2.8207037448883057,0,1.1293121882175143,1.1855721473693848,1.2482717211970744,38,lr_ppo_seed55,lr_ppo,LR-PPO,55
77862,unsafe_intercept,0,0,1,0,239,239,119.5,0,,,2.325477123260498,0,1.2006994485855103,1.2006994485855103,1.2006994485855103,1,lr_ppo_seed55,lr_ppo,LR-PPO,55
77863,intercepted,1,0,0,0,141,134,67.0,7,141.0,70.5,3.9541895389556885,0,0.9333181753754616,0.8742897510528564,0.9791413564061258,8,lr_ppo_seed55,lr_ppo,LR-PPO,55
77864,unsafe_intercept,0,0,1,0,11,11,5.5,0,,,2.052396059036255,0,0.7404184937477112,0.7404184937477112,0.7404184937477112,1,lr_ppo_seed55,lr_ppo,LR-PPO,55
77865,intercepted,1,0,0,0,844,509,254.5,335,844.0,422.0,2.6458611488342285,0,1.135268195576611,1.556046485900879,1.2259360069839118,336,lr_ppo_seed55,lr_ppo,LR-PPO,55
77866,intercepted,1,0,0,0,249,193,96.5,56,249.0,124.5,3.793715000152588,0,1.0491572228962915,0.9358011484146118,1.1683461248599454,57,lr_ppo_seed55,lr_ppo,LR-PPO,55
77867,intercepted,1,0,0,0,169,56,28.0,113,169.0,84.5,3.0794272422790527,0,1.1615011242398046,1.8899723291397095,1.2765680624770783,114,lr_ppo_seed55,lr_ppo,LR-PPO,55
77868,intercepted,1,0,0,0,94,12,6.0,82,94.0,47.0,3.66072940826416,0,1.1307474015706993,0.9106871485710144,1.217614074046174,83,lr_ppo_seed55,lr_ppo,LR-PPO,55
77869,intercepted,1,0,0,0,200,186,93.0,14,200.0,100.0,4.059148788452148,0,1.2100699543952942,0.9666972756385803,1.2761241423394996,15,lr_ppo_seed55,lr_ppo,LR-PPO,55
77870,intercepted,1,0,0,0,361,251,125.5,110,361.0,180.5,4.746064186096191,0,1.1655819746288094,1.7534414529800415,1.2485919193798083,111,lr_ppo_seed55,lr_ppo,LR-PPO,55
77871,soldier_caught,0,1,0,0,688,688,344.0,0,,,1.2348843812942505,0,0.6876939535140991,0.6876939535140991,0.6876939535140991,1,lr_ppo_seed55,lr_ppo,LR-PPO,55
77872,intercepted,1,0,0,0,415,369,184.5,46,415.0,207.5,2.9195504188537598,0,1.1128144631994532,1.0223504304885864,1.2285125633901766,47,lr_ppo_seed55,lr_ppo,LR-PPO,55
77873,intercepted,1,0,0,0,704,630,315.0,74,704.0,352.0,2.843447208404541,0,1.184324274659157,0.5341736078262329,1.271710758740865,75,lr_ppo_seed55,lr_ppo,LR-PPO,55
77874,intercepted,1,0,0,0,735,635,317.5,100,735.0,367.5,3.57407283782959,0,1.0891138568963155,0.9208630323410034,1.1687935297225724,101,lr_ppo_seed55,lr_ppo,LR-PPO,55
77875,intercepted,1,0,0,0,103,14,7.0,89,103.0,51.5,2.9309701919555664,0,1.0839599034852452,1.715902328491211,1.1680782990969774,90,lr_ppo_seed55,lr_ppo,LR-PPO,55
77876,soldier_caught,0,1,0,0,253,253,126.5,0,,,1.811278223991394,0,0.8382347822189331,0.8382347822189331,0.8382347822189331,1,lr_ppo_seed55,lr_ppo,LR-PPO,55
77877,intercepted,1,0,0,0,501,359,179.5,142,501.0,250.5,4.58937931060791,0,1.153335960907536,0.7894511818885803,1.2570616166812707,143,lr_ppo_seed55,lr_ppo,LR-PPO,55
77878,soldier_caught,0,1,0,0,90,90,45.0,0,,,1.5977840423583984,0,1.67564058303833,1.67564058303833,1.67564058303833,1,lr_ppo_seed55,lr_ppo,LR-PPO,55
77879,intercepted,1,0,0,0,779,702,351.0,77,779.0,389.5,4.0940093994140625,0,1.0520909470625412,1.6931276321411133,1.1371662429548612,78,lr_ppo_seed55,lr_ppo,LR-PPO,55
77880,intercepted,1,0,0,0,156,124,62.0,32,156.0,78.0,4.763853073120117,0,1.0722116981491898,0.5149104595184326,1.148591093236883,33,lr_ppo_seed55,lr_ppo,LR-PPO,55
77881,unsafe_intercept,0,0,1,0,10,10,5.0,0,,,2.004845380783081,0,1.0417922735214233,1.0417922735214233,1.0417922735214233,1,lr_ppo_seed55,lr_ppo,LR-PPO,55
77882,intercepted,1,0,0,0,92,84,42.0,8,92.0,46.0,3.4533276557922363,0,1.0348433885309432,0.6790912747383118,1.1800829431494417,9,lr_ppo_seed55,lr_ppo,LR-PPO,55
77883,intercepted,1,0,0,0,449,232,116.0,217,449.0,224.5,3.0491082668304443,0,1.0978184093575958,0.5185218453407288,1.1910115282216542,218,lr_ppo_seed55,lr_ppo,LR-PPO,55
77884,intercepted,1,0,0,0,28,21,10.5,7,28.0,14.0,4.01866340637207,0,1.5090199634432793,1.4675625562667847,1.5346703829845383,8,lr_ppo_seed55,lr_ppo,LR-PPO,55
77885,intercepted,1,0,0,0,535,386,193.0,149,535.0,267.5,4.283063888549805,0,1.1351623914639155,1.243609070777893,1.2198350479877123,150,lr_ppo_seed55,lr_ppo,LR-PPO,55
77886,intercepted,1,0,0,0,45,37,18.5,8,45.0,22.5,3.2092933654785156,0,1.092556443479326,0.6724225878715515,1.25799914668617,9,lr_ppo_seed55,lr_ppo,LR-PPO,55
77887,intercepted,1,0,0,0,216,147,73.5,69,216.0,108.0,2.4649698734283447,0,1.2369343757629394,0.8084672093391418,1.3397799651705224,70,lr_ppo_seed55,lr_ppo,LR-PPO,55
77888,soldier_caught,0,1,0,0,351,351,175.5,0,,,1.277860403060913,0,1.5090183019638062,1.5090183019638062,1.5090183019638062,1,lr_ppo_seed55,lr_ppo,LR-PPO,55
77889,intercepted,1,0,0,0,67,57,28.5,10,67.0,33.5,2.6830523014068604,0,0.99603886495937,1.3350275754928589,1.1172815149791817,11,lr_ppo_seed55,lr_ppo,LR-PPO,55
77890,soldier_caught,0,1,0,0,86,86,43.0,0,,,1.9805294275283813,0,1.9762134552001953,1.9762134552001953,1.9762134552001953,1,lr_ppo_seed55,lr_ppo,LR-PPO,55
77891,intercepted,1,0,0,0,22,13,6.5,9,22.0,11.0,3.6518373489379883,0,1.0755129277706146,1.3503245115280151,1.1343914185574597,10,lr_ppo_seed55,lr_ppo,LR-PPO,55
77892,soldier_caught,0,1,0,0,68,46,23.0,22,,,1.7300689220428467,0,0.9515190590982852,1.1110708713531494,1.0597712797057084,23,lr_ppo_seed55,lr_ppo,LR-PPO,55
77893,intercepted,1,0,0,0,500,485,242.5,15,500.0,250.0,3.988231897354126,0,1.3012892752885818,0.6457533836364746,1.419043842269726,16,lr_ppo_seed55,lr_ppo,LR-PPO,55
77894,soldier_caught,0,1,0,0,1305,1305,652.5,0,,,0.8887814283370972,0,1.501497745513916,1.501497745513916,1.501497745513916,1,lr_ppo_seed55,lr_ppo,LR-PPO,55
77895,intercepted,1,0,0,0,126,57,28.5,69,126.0,63.0,2.819399833679199,0,1.157079145525183,1.2760707139968872,1.253787345867146,70,lr_ppo_seed55,lr_ppo,LR-PPO,55
77896,intercepted,1,0,0,0,566,278,139.0,288,566.0,283.0,2.3762688636779785,0,1.1520951966977448,1.0454845428466797,1.2397988833995122,289,lr_ppo_seed55,lr_ppo,LR-PPO,55
77897,intercepted,1,0,0,0,547,522,261.0,25,547.0,273.5,3.2413179874420166,0,1.2631262082319994,1.417093276977539,1.3462916390850659,26,lr_ppo_seed55,lr_ppo,LR-PPO,55
77898,soldier_caught,0,1,0,0,13,12,6.0,1,,,1.1271528005599976,0,0.7287333123385906,1.4135633707046509,1.0000222244298551,2,lr_ppo_seed55,lr_ppo,LR-PPO,55
77899,intercepted,1,0,0,0,224,218,109.0,6,224.0,112.0,2.8267979621887207,0,0.9692577293940953,0.897837221622467,1.0142634130648616,7,lr_ppo_seed55,lr_ppo,LR-PPO,55
77900,intercepted,1,0,0,0,199,168,84.0,31,199.0,99.5,2.1703996658325195,0,1.0204133931547403,0.7168227434158325,1.152509270780674,32,lr_ppo_seed55,lr_ppo,LR-PPO,55
77901,intercepted,1,0,0,0,279,10,5.0,269,279.0,139.5,3.7336034774780273,0,1.0932414259899546,1.531664252281189,1.1855158144702063,270,lr_ppo_seed55,lr_ppo,LR-PPO,55
77902,intercepted,1,0,0,0,456,428,214.0,28,456.0,228.0,3.225008249282837,0,1.1059299501879463,0.8055456876754761,1.2104475512198043,29,lr_ppo_seed55,lr_ppo,LR-PPO,55
77903,unsafe_intercept,0,0,1,0,124,123,61.5,1,,,2.339261293411255,0,1.6960159540176392,1.5862681865692139,1.6995630876028922,2,lr_ppo_seed55,lr_ppo,LR-PPO,55
77904,intercepted,1,0,0,0,58,13,6.5,45,58.0,29.0,4.055700302124023,0,1.0508762351844623,0.7866993546485901,1.1209244639967402,46,lr_ppo_seed55,lr_ppo,LR-PPO,55
77905,intercepted,1,0,0,0,134,42,21.0,92,134.0,67.0,2.6767473220825195,0,1.0637230374800262,0.646001398563385,1.1508076901827335,93,lr_ppo_seed55,lr_ppo,LR-PPO,55
77906,intercepted,1,0,0,0,51,11,5.5,40,51.0,25.5,3.1426305770874023,0,1.1336175501346588,1.1845678091049194,1.2529986680124856,41,lr_ppo_seed55,lr_ppo,LR-PPO,55
77907,soldier_caught,0,1,0,0,362,361,180.5,1,,,1.5245227813720703,0,1.7659245133399963,2.3131422996520996,1.848766262260165,2,lr_ppo_seed55,lr_ppo,LR-PPO,55
77908,soldier_caught,0,1,0,0,15,14,7.0,1,,,1.116246223449707,0,1.406874418258667,1.2222986221313477,1.4189305315154426,2,lr_ppo_seed55,lr_ppo,LR-PPO,55
77909,intercepted,1,0,0,0,853,780,390.0,73,853.0,426.5,3.594801187515259,0,1.1155333804923135,0.8390958309173584,1.2203791274625846,74,lr_ppo_seed55,lr_ppo,LR-PPO,55
77910,intercepted,1,0,0,0,192,40,20.0,152,192.0,96.0,2.872872829437256,0,1.1145435806388169,1.0064449310302734,1.2149467945792416,153,lr_ppo_seed55,lr_ppo,LR-PPO,55
77911,intercepted,1,0,0,0,30,14,7.0,16,30.0,15.0,3.665149450302124,0,1.2209463540245504,1.6611899137496948,1.264388741306023,17,lr_ppo_seed55,lr_ppo,LR-PPO,55
77912,intercepted,1,0,0,0,538,281,140.5,257,538.0,269.0,4.3372039794921875,0,1.2107287627724252,1.3882468938827515,1.3064206598576382,258,lr_ppo_seed55,lr_ppo,LR-PPO,55
77913,soldier_caught,0,1,0,0,565,565,282.5,0,,,1.1074633598327637,0,1.5410702228546143,1.5410702228546143,1.5410702228546143,1,lr_ppo_seed55,lr_ppo,LR-PPO,55
77914,intercepted,1,0,0,0,406,79,39.5,327,406.0,203.0,4.724157810211182,0,1.124394834723051,1.2377846240997314,1.226118719449723,328,lr_ppo_seed55,lr_ppo,LR-PPO,55
77915,intercepted,1,0,0,0,18,11,5.5,7,18.0,9.0,2.562459945678711,0,1.0779286324977875,0.8203086256980896,1.1877312981492314,8,lr_ppo_seed55,lr_ppo,LR-PPO,55
77916,intercepted,1,0,0,0,1194,1133,566.5,61,1194.0,597.0,3.436734437942505,0,1.0582336962463395,2.2866322994232178,1.170361822322348,62,lr_ppo_seed55,lr_ppo,LR-PPO,55
77917,soldier_caught,0,1,0,0,111,87,43.5,24,,,0.8296379446983337,0,0.9988269877433776,1.2873715162277222,1.0864635661917523,25,lr_ppo_seed55,lr_ppo,LR-PPO,55
77918,intercepted,1,0,0,0,328,264,132.0,64,328.0,164.0,2.528864622116089,0,1.1557785772360287,0.8954010009765625,1.2725851724275221,65,lr_ppo_seed55,lr_ppo,LR-PPO,55
77919,intercepted,1,0,0,0,19,13,6.5,6,19.0,9.5,4.251967430114746,0,1.2482712481703078,1.0445822477340698,1.4022090391767679,7,lr_ppo_seed55,lr_ppo,LR-PPO,55
77920,soldier_caught,0,1,0,0,375,375,187.5,0,,,0.9326116442680359,0,0.5143980979919434,0.5143980979919434,0.5143980979919434,1,lr_ppo_seed55,lr_ppo,LR-PPO,55
77921,intercepted,1,0,0,0,110,103,51.5,7,110.0,55.0,2.613842248916626,0,1.3388944193720818,1.0994269847869873,1.360156355883996,8,lr_ppo_seed55,lr_ppo,LR-PPO,55
77922,intercepted,1,0,0,0,239,105,52.5,134,239.0,119.5,2.5723876953125,0,1.1342413198064876,1.048593282699585,1.214101624191164,135,lr_ppo_seed55,lr_ppo,LR-PPO,55
77923,intercepted,1,0,0,0,391,221,110.5,170,391.0,195.5,2.5848944187164307,0,1.1326246345252322,0.7126710414886475,1.243218766011983,171,lr_ppo_seed55,lr_ppo,LR-PPO,55
77924,soldier_caught,0,1,0,0,118,118,59.0,0,,,1.367473840713501,0,0.9041927456855774,0.9041927456855774,0.9041927456855774,1,lr_ppo_seed55,lr_ppo,LR-PPO,55
77925,intercepted,1,0,0,0,1124,1079,539.5,45,1124.0,562.0,3.726015329360962,0,1.1587489240843316,1.7172152996063232,1.2735125222505213,46,lr_ppo_seed55,lr_ppo,LR-PPO,55
77926,intercepted,1,0,0,0,637,597,298.5,40,637.0,318.5,4.114865303039551,0,1.0650620925717238,1.5084177255630493,1.1932502980590982,41,lr_ppo_seed55,lr_ppo,LR-PPO,55
77927,soldier_caught,0,1,0,0,12,11,5.5,1,,,1.5026137828826904,0,1.6256498396396637,0.9159775376319885,1.7738016172496114,2,lr_ppo_seed55,lr_ppo,LR-PPO,55
77928,intercepted,1,0,0,0,233,139,69.5,94,233.0,116.5,2.876710891723633,0,1.1675158395578986,1.5446686744689941,1.2320660999966846,95,lr_ppo_seed55,lr_ppo,LR-PPO,55
77929,intercepted,1,0,0,0,187,179,89.5,8,187.0,93.5,3.8352386951446533,0,1.0642316043376923,0.21397092938423157,1.1753612904979371,9,lr_ppo_seed55,lr_ppo,LR-PPO,55
77930,unsafe_intercept,0,0,1,0,281,281,140.5,0,,,2.016658306121826,0,0.7424060106277466,0.7424060106277466,0.7424060106277466,1,lr_ppo_seed55,lr_ppo,LR-PPO,55
77931,intercepted,1,0,0,0,463,12,6.0,451,463.0,231.5,3.3842673301696777,0,1.1586394687471664,1.3773316144943237,1.2541234271129735,452,lr_ppo_seed55,lr_ppo,LR-PPO,55
77932,intercepted,1,0,0,0,81,14,7.0,67,81.0,40.5,4.225693702697754,0,1.1816061778980143,1.1580603122711182,1.2627127592411278,68,lr_ppo_seed55,lr_ppo,LR-PPO,55
77933,intercepted,1,0,0,0,41,36,18.0,5,41.0,20.5,2.762791872024536,0,1.0944399336973827,1.1571763753890991,1.1138453572413485,6,lr_ppo_seed55,lr_ppo,LR-PPO,55
77934,intercepted,1,0,0,0,229,155,77.5,74,229.0,114.5,3.612393379211426,0,1.0793549066781998,1.8052475452423096,1.1565364341145299,75,lr_ppo_seed55,lr_ppo,LR-PPO,55
77935,soldier_caught,0,1,0,0,226,226,113.0,0,,,1.7532174587249756,0,0.8702385425567627,0.8702385425567627,0.8702385425567627,1,lr_ppo_seed55,lr_ppo,LR-PPO,55
77936,intercepted,1,0,0,0,387,170,85.0,217,387.0,193.5,3.590843439102173,0,1.0914489402683503,1.1639845371246338,1.1782322387561914,218,lr_ppo_seed55,lr_ppo,LR-PPO,55
77937,intercepted,1,0,0,0,506,41,20.5,465,506.0,253.0,2.6517999172210693,0,1.1400736410474572,1.3283933401107788,1.2386102085656476,466,lr_ppo_seed55,lr_ppo,LR-PPO,55
77938,intercepted,1,0,0,0,394,350,175.0,44,394.0,197.0,3.5167694091796875,0,1.1180385890934201,2.192516803741455,1.1878362788964805,45,lr_ppo_seed55,lr_ppo,LR-PPO,55
77939,intercepted,1,0,0,0,1278,1067,533.5,211,1278.0,639.0,4.65645170211792,0,1.1086849314424227,1.0121971368789673,1.2147589998294714,212,lr_ppo_seed55,lr_ppo,LR-PPO,55
77940,intercepted,1,0,0,0,18,11,5.5,7,18.0,9.0,3.408780574798584,0,1.4163468033075333,1.4474139213562012,1.481399004172447,8,lr_ppo_seed55,lr_ppo,LR-PPO,55
77941,intercepted,1,0,0,0,232,42,21.0,190,232.0,116.0,3.09975004196167,0,1.0742008799969838,0.8683768510818481,1.1657169041127449,191,lr_ppo_seed55,lr_ppo,LR-PPO,55
77942,soldier_caught,0,1,0,0,776,776,388.0,0,,,1.88307785987854,0,1.3960930109024048,1.3960930109024048,1.3960930109024048,1,lr_ppo_seed55,lr_ppo,LR-PPO,55
77943,intercepted,1,0,0,0,68,58,29.0,10,68.0,34.0,2.831982374191284,0,0.885155282237313,0.5607670545578003,0.930810856382846,11,lr_ppo_seed55,lr_ppo,LR-PPO,55
77944,intercepted,1,0,0,0,178,160,80.0,18,178.0,89.0,3.9312219619750977,0,1.2437708032758612,0.9029369950294495,1.2962286951568327,19,lr_ppo_seed55,lr_ppo,LR-PPO,55
77945,intercepted,1,0,0,0,89,17,8.5,72,89.0,44.5,2.516460418701172,0,1.1034374286050666,0.6998940706253052,1.2081670523326618,73,lr_ppo_seed55,lr_ppo,LR-PPO,55
77946,intercepted,1,0,0,0,142,14,7.0,128,142.0,71.0,4.806315898895264,0,1.1798784081325975,1.478266954421997,1.2704786924391083,129,lr_ppo_seed55,lr_ppo,LR-PPO,55
77947,intercepted,1,0,0,0,68,10,5.0,58,68.0,34.0,3.7955260276794434,0,1.1113970118053889,0.21502572298049927,1.2396973474147426,59,lr_ppo_seed55,lr_ppo,LR-PPO,55
77948,intercepted,1,0,0,0,19,11,5.5,8,19.0,9.5,2.609005928039551,0,1.0197625027762518,0.4166022539138794,1.0723356888041038,9,lr_ppo_seed55,lr_ppo,LR-PPO,55
77949,soldier_caught,0,1,0,0,331,111,55.5,220,,,1.143337607383728,0,1.1605483617178456,1.2830058336257935,1.2472732086999003,221,lr_ppo_seed55,lr_ppo,LR-PPO,55
77950,soldier_caught,0,1,0,0,329,328,164.0,1,,,1.89618980884552,0,1.6191403269767761,1.5071418285369873,1.6230092612475226,2,lr_ppo_seed55,lr_ppo,LR-PPO,55
77951,intercepted,1,0,0,0,724,414,207.0,310,724.0,362.0,3.012540340423584,0,1.1212780400391944,1.0542657375335693,1.2177768093857588,311,lr_ppo_seed55,lr_ppo,LR-PPO,55
77952,intercepted,1,0,0,0,92,37,18.5,55,92.0,46.0,2.289414882659912,0,0.9833686351776123,2.1573410034179688,1.074140804575032,56,lr_ppo_seed55,lr_ppo,LR-PPO,55
77953,intercepted,1,0,0,0,427,417,208.5,10,427.0,213.5,4.108691692352295,0,1.1412730677561327,0.9378280639648438,1.21547374371094,11,lr_ppo_seed55,lr_ppo,LR-PPO,55
77954,intercepted,1,0,0,0,174,43,21.5,131,174.0,87.0,3.8472588062286377,0,1.0768038265858635,0.7717494964599609,1.1837569730010684,132,lr_ppo_seed55,lr_ppo,LR-PPO,55
77955,soldier_caught,0,1,0,0,61,38,19.0,23,,,1.5968703031539917,0,1.1217044827838738,0.3728950619697571,1.2455699443349058,24,lr_ppo_seed55,lr_ppo,LR-PPO,55
77956,intercepted,1,0,0,0,89,13,6.5,76,89.0,44.5,4.1151018142700195,0,1.0508125864646651,1.9306037425994873,1.1483810123225067,77,lr_ppo_seed55,lr_ppo,LR-PPO,55
77957,soldier_caught,0,1,0,0,457,404,202.0,53,,,1.851428508758545,0,1.071822280685107,0.9954992532730103,1.1728207913547377,54,lr_ppo_seed55,lr_ppo,LR-PPO,55
77958,intercepted,1,0,0,0,349,129,64.5,220,349.0,174.5,2.559101104736328,0,1.1568224337710515,0.4408855140209198,1.2546827650425996,221,lr_ppo_seed55,lr_ppo,LR-PPO,55
77959,intercepted,1,0,0,0,844,733,366.5,111,844.0,422.0,2.310410976409912,0,1.1135811540963394,0.6884047389030457,1.201380675775946,112,lr_ppo_seed55,lr_ppo,LR-PPO,55
77960,soldier_caught,0,1,0,0,15,15,7.5,0,,,1.7235108613967896,0,1.6521090269088745,1.6521090269088745,1.6521090269088745,1,lr_ppo_seed55,lr_ppo,LR-PPO,55
77961,intercepted,1,0,0,0,575,519,259.5,56,575.0,287.5,3.696983814239502,0,1.221093552154407,0.6643190979957581,1.338247365088507,57,lr_ppo_seed55,lr_ppo,LR-PPO,55
77962,intercepted,1,0,0,0,552,511,255.5,41,552.0,276.0,4.14110803604126,0,1.0868307125000727,0.8411076068878174,1.1786604198267483,42,lr_ppo_seed55,lr_ppo,LR-PPO,55
77963,intercepted,1,0,0,0,143,18,9.0,125,143.0,71.5,2.9434921741485596,0,1.2541867157533055,0.23479695618152618,1.3687415926400162,126,lr_ppo_seed55,lr_ppo,LR-PPO,55
77964,intercepted,1,0,0,0,44,37,18.5,7,44.0,22.0,2.260354995727539,0,1.1347719505429268,1.3958797454833984,1.2379808180385956,8,lr_ppo_seed55,lr_ppo,LR-PPO,55
77965,intercepted,1,0,0,0,21,14,7.0,7,21.0,10.5,3.316380739212036,0,0.9014780707657337,0.6318658590316772,1.0053877079178895,8,lr_ppo_seed55,lr_ppo,LR-PPO,55
77966,intercepted,1,0,0,0,605,285,142.5,320,605.0,302.5,3.949552059173584,0,1.1168381106166454,0.7169175148010254,1.2253128867098075,321,lr_ppo_seed55,lr_ppo,LR-PPO,55
77967,intercepted,1,0,0,0,384,355,177.5,29,384.0,192.0,3.507405996322632,0,1.1703309526046117,1.8018453121185303,1.2586514894622718,30,lr_ppo_seed55,lr_ppo,LR-PPO,55
77968,intercepted,1,0,0,0,175,169,84.5,6,175.0,87.5,4.868722438812256,0,1.1879726222583227,1.2989552021026611,1.213794150018958,7,lr_ppo_seed55,lr_ppo,LR-PPO,55
77969,unsafe_intercept,0,0,1,0,190,190,95.0,0,,,2.115081310272217,0,2.3101799488067627,2.3101799488067627,2.3101799488067627,1,lr_ppo_seed55,lr_ppo,LR-PPO,55
77970,soldier_caught,0,1,0,0,103,103,51.5,0,,,1.4932246208190918,0,1.4184315204620361,1.4184315204620361,1.4184315204620361,1,lr_ppo_seed55,lr_ppo,LR-PPO,55
77971,intercepted,1,0,0,0,118,77,38.5,41,118.0,59.0,2.8150386810302734,0,1.0696674209265482,0.9609518051147461,1.1767479247222243,42,lr_ppo_seed55,lr_ppo,LR-PPO,55
77972,intercepted,1,0,0,0,158,33,16.5,125,158.0,79.0,2.8740861415863037,0,1.0793253024892202,0.6473711729049683,1.1702036046297162,126,lr_ppo_seed55,lr_ppo,LR-PPO,55
77973,soldier_caught,0,1,0,0,99,99,49.5,0,,,1.6370123624801636,0,0.8386099934577942,0.8386099934577942,0.8386099934577942,1,lr_ppo_seed55,lr_ppo,LR-PPO,55
77974,soldier_caught,0,1,0,0,10,9,4.5,1,,,0.9778239130973816,0,1.4116745591163635,1.4239274263381958,1.4117277335277987,2,lr_ppo_seed55,lr_ppo,LR-PPO,55
77975,intercepted,1,0,0,0,169,158,79.0,11,169.0,84.5,4.140597820281982,0,1.2079044034083684,1.401397466659546,1.2606776045256805,12,lr_ppo_seed55,lr_ppo,LR-PPO,55
77976,soldier_caught,0,1,0,0,496,472,236.0,24,,,0.8335213661193848,0,0.9776632916927338,0.8450319766998291,1.050200806048839,25,lr_ppo_seed55,lr_ppo,LR-PPO,55
77977,intercepted,1,0,0,0,708,683,341.5,25,708.0,354.0,2.518143892288208,0,0.9991442423600417,0.7568662166595459,1.0861425696885478,26,lr_ppo_seed55,lr_ppo,LR-PPO,55
77978,soldier_caught,0,1,0,0,1175,1175,587.5,0,,,1.6911050081253052,0,0.3018707036972046,0.3018707036972046,0.3018707036972046,1,lr_ppo_seed55,lr_ppo,LR-PPO,55
77979,intercepted,1,0,0,0,137,128,64.0,9,137.0,68.5,3.307330846786499,0,1.0619736969470979,0.8399540781974792,1.1507616783544523,10,lr_ppo_seed55,lr_ppo,LR-PPO,55
77980,soldier_caught,0,1,0,0,663,663,331.5,0,,,1.9725005626678467,0,1.2255653142929077,1.2255653142929077,1.2255653142929077,1,lr_ppo_seed55,lr_ppo,LR-PPO,55
77981,intercepted,1,0,0,0,132,100,50.0,32,132.0,66.0,3.1168158054351807,0,1.099285201592879,0.4377495348453522,1.1809558438507186,33,lr_ppo_seed55,lr_ppo,LR-PPO,55
77982,soldier_caught,0,1,0,0,292,292,146.0,0,,,1.8420771360397339,0,0.47814521193504333,0.47814521193504333,0.47814521193504333,1,lr_ppo_seed55,lr_ppo,LR-PPO,55
77983,intercepted,1,0,0,0,158,11,5.5,147,158.0,79.0,2.810394048690796,0,1.140308680465898,2.230917453765869,1.2293943665963978,148,lr_ppo_seed55,lr_ppo,LR-PPO,55
77984,intercepted,1,0,0,0,1270,1259,629.5,11,1270.0,635.0,3.264294385910034,0,1.35840139289697,1.9776076078414917,1.4145146493258791,12,lr_ppo_seed55,lr_ppo,LR-PPO,55
77985,unsafe_intercept,0,0,1,0,274,274,137.0,0,,,2.0384790897369385,0,0.34555575251579285,0.34555575251579285,0.34555575251579285,1,lr_ppo_seed55,lr_ppo,LR-PPO,55
77986,unsafe_intercept,0,0,1,0,148,148,74.0,0,,,2.494832754135132,0,0.8708261847496033,0.8708261847496033,0.8708261847496033,1,lr_ppo_seed55,lr_ppo,LR-PPO,55
77987,intercepted,1,0,0,0,55,10,5.0,45,55.0,27.5,3.5214362144470215,0,1.129284457668014,1.035589337348938,1.2193461996300639,46,lr_ppo_seed55,lr_ppo,LR-PPO,55
77988,intercepted,1,0,0,0,586,572,286.0,14,586.0,293.0,4.858323097229004,0,0.868597212433815,0.9013444781303406,0.961038175776772,15,lr_ppo_seed55,lr_ppo,LR-PPO,55
77989,soldier_caught,0,1,0,0,36,12,6.0,24,,,0.798499584197998,0,1.112552937269211,0.5636874437332153,1.2051025023128994,25,lr_ppo_seed55,lr_ppo,LR-PPO,55
77990,unsafe_intercept,0,0,1,0,345,345,172.5,0,,,2.4430601596832275,0,0.8156575560569763,0.8156575560569763,0.8156575560569763,1,lr_ppo_seed55,lr_ppo,LR-PPO,55
77991,intercepted,1,0,0,0,289,282,141.0,7,289.0,144.5,3.4818360805511475,0,1.0535794645547867,1.682226300239563,1.1501884782054488,8,lr_ppo_seed55,lr_ppo,LR-PPO,55
77992,soldier_caught,0,1,0,0,538,538,269.0,0,,,1.2290267944335938,0,0.3485729396343231,0.3485729396343231,0.3485729396343231,1,lr_ppo_seed55,lr_ppo,LR-PPO,55
77993,soldier_caught,0,1,0,0,136,136,68.0,0,,,1.7411690950393677,0,1.4009865522384644,1.4009865522384644,1.4009865522384644,1,lr_ppo_seed55,lr_ppo,LR-PPO,55
77994,intercepted,1,0,0,0,410,299,149.5,111,410.0,205.0,3.0789310932159424,0,1.0358726507318872,0.555458128452301,1.143212677460206,112,lr_ppo_seed55,lr_ppo,LR-PPO,55
77995,soldier_caught,0,1,0,0,242,241,120.5,1,,,0.6517204642295837,0,1.230779767036438,1.7458527088165283,1.3342109916727058,2,lr_ppo_seed55,lr_ppo,LR-PPO,55
77996,intercepted,1,0,0,0,265,158,79.0,107,265.0,132.5,4.22098970413208,0,1.2446317280884143,1.7767142057418823,1.3416362496319003,108,lr_ppo_seed55,lr_ppo,LR-PPO,55
77997,intercepted,1,0,0,0,479,451,225.5,28,479.0,239.5,3.877742052078247,0,1.1887703959284157,1.160496473312378,1.292233709280586,29,lr_ppo_seed55,lr_ppo,LR-PPO,55
77998,unsafe_intercept,0,0,1,0,11,11,5.5,0,,,2.4731974601745605,0,1.6276109218597412,1.6276109218597412,1.6276109218597412,1,lr_ppo_seed55,lr_ppo,LR-PPO,55
77999,soldier_caught,0,1,0,0,574,574,287.0,0,,,1.7713648080825806,0,1.7317785024642944,1.7317785024642944,1.7317785024642944,1,lr_ppo_seed55,lr_ppo,LR-PPO,55
