environment_seed,outcome,success,soldier_caught,unsafe_intercept,timeout,total_steps,detection_step,detection_time_seconds,post_detection_steps,intercept_step,intercept_time_seconds,min_enemy_soldier_dist,physical_limit_violations,mean_tracking_error,final_tracking_error,tracking_rmse,n_tracking_samples,instance_id,instance_name,family,training_seed
77000,intercepted,1,0,0,0,518,238,119.0,280,518.0,259.0,4.7295613288879395,0,2.3747476439034814,2.9337704181671143,2.497307156236852,281,ppo_kalman_seed45,ppo_kalman,PPO-Kalman,45
77001,intercepted,1,0,0,0,398,282,141.0,116,398.0,199.0,2.7137551307678223,0,2.5834376569996533,2.7456374168395996,2.6827119485351028,117,ppo_kalman_seed45,ppo_kalman,PPO-Kalman,45
77002,intercepted,1,0,0,0,437,395,197.5,42,437.0,218.5,4.641254425048828,0,2.3052818705869274,1.7762454748153687,2.4868151225935127,43,ppo_kalman_seed45,ppo_kalman,PPO-Kalman,45
77003,unsafe_intercept,0,0,1,0,499,499,249.5,0,,,2.231374740600586,0,0.8109434843063354,0.8109434843063354,0.8109434843063354,1,ppo_kalman_seed45,ppo_kalman,PPO-Kalman,45
77004,soldier_caught,0,1,0,0,1435,1435,717.5,0,,,0.6248793601989746,0,0.7066055536270142,0.7066055536270142,0.7066055536270142,1,ppo_kalman_seed45,ppo_kalman,PPO-Kalman,45
77005,soldier_caught,0,1,0,0,568,568,284.0,0,,,0.26938682794570923,0,2.4094505310058594,2.4094505310058594,2.4094505310058594,1,ppo_kalman_seed45,ppo_kalman,PPO-Kalman,45
77006,intercepted,1,0,0,0,308,151,75.5,157,308.0,154.0,4.0623555183410645,0,2.4223078687357,2.2828705310821533,2.5354174778760448,158,ppo_kalman_seed45,ppo_kalman,PPO-Kalman,45
77007,intercepted,1,0,0,0,222,200,100.0,22,222.0,111.0,2.036670446395874,0,2.3807230125302854,3.186044692993164,2.5467439679282333,23,ppo_kalman_seed45,ppo_kalman,PPO-Kalman,45
77008,intercepted,1,0,0,0,289,33,16.5,256,289.0,144.5,2.876715898513794,0,2.6343963830387547,2.765390396118164,2.7475432904617954,257,ppo_kalman_seed45,ppo_kalman,PPO-Kalman,45
77009,intercepted,1,0,0,0,318,291,145.5,27,318.0,159.0,2.6286916732788086,0,2.2971832071031844,2.0475900173187256,2.4043909154865823,28,ppo_kalman_seed45,ppo_kalman,PPO-Kalman,45
77010,intercepted,1,0,0,0,221,77,38.5,144,221.0,110.5,3.9140076637268066,0,2.655310197945299,3.0604782104492188,2.7317841425190754,145,ppo_kalman_seed45,ppo_kalman,PPO-Kalman,45
77011,intercepted,1,0,0,0,325,102,51.0,223,325.0,162.5,3.8065853118896484,0,2.6504706567419425,3.168633460998535,2.7195450491030395,224,ppo_kalman_seed45,ppo_kalman,PPO-Kalman,45
77012,intercepted,1,0,0,0,110,37,18.5,73,110.0,55.0,3.7550442218780518,0,2.503734795024266,3.11350679397583,2.5938228876826046,74,ppo_kalman_seed45,ppo_kalman,PPO-Kalman,45
77013,soldier_caught,0,1,0,0,1131,1131,565.5,0,,,1.5480592250823975,0,1.1092720031738281,1.1092720031738281,1.1092720031738281,1,ppo_kalman_seed45,ppo_kalman,PPO-Kalman,45
77014,intercepted,1,0,0,0,89,13,6.5,76,89.0,44.5,2.116107225418091,0,2.2825513393073886,0.907340943813324,2.4157314174347597,77,ppo_kalman_seed45,ppo_kalman,PPO-Kalman,45
77015,intercepted,1,0,0,0,267,79,39.5,188,267.0,133.5,2.8375518321990967,0,2.4968391128633387,1.6969525814056396,2.609570419656014,189,ppo_kalman_seed45,ppo_kalman,PPO-Kalman,45
77016,intercepted,1,0,0,0,86,34,17.0,52,86.0,43.0,2.5507404804229736,0,2.4736357230060504,2.4679110050201416,2.5973958766820604,53,ppo_kalman_seed45,ppo_kalman,PPO-Kalman,45
77017,soldier_caught,0,1,0,0,667,642,321.0,25,,,1.8663297891616821,0,2.496073541732935,3.0455751419067383,2.6633882546125327,26,ppo_kalman_seed45,ppo_kalman,PPO-Kalman,45
77018,soldier_caught,0,1,0,0,102,101,50.5,1,,,1.1392302513122559,0,1.5812090635299683,1.369267463684082,1.5953499128199284,2,ppo_kalman_seed45,ppo_kalman,PPO-Kalman,45
77019,intercepted,1,0,0,0,612,541,270.5,71,612.0,306.0,4.212021827697754,0,2.3910656778348818,2.6523842811584473,2.5060100695129726,72,ppo_kalman_seed45,ppo_kalman,PPO-Kalman,45
77020,timeout,0,0,0,1,2000,1825,912.5,175,,,3.057528495788574,0,2.516042989932678,3.16918683052063,2.660675673419477,176,ppo_kalman_seed45,ppo_kalman,PPO-Kalman,45
77021,intercepted,1,0,0,0,752,663,331.5,89,752.0,376.0,4.258903980255127,0,2.3567795905801985,1.4956821203231812,2.450931789209787,90,ppo_kalman_seed45,ppo_kalman,PPO-Kalman,45
77022,intercepted,1,0,0,0,68,18,9.0,50,68.0,34.0,3.5045509338378906,0,2.4213962835424088,2.6150410175323486,2.500531209250438,51,ppo_kalman_seed45,ppo_kalman,PPO-Kalman,45
77023,intercepted,1,0,0,0,190,35,17.5,155,190.0,95.0,2.419481039047241,0,2.7028212489990087,3.1524624824523926,2.7611872724425135,156,ppo_kalman_seed45,ppo_kalman,PPO-Kalman,45
77024,intercepted,1,0,0,0,1030,996,498.0,34,1030.0,515.0,2.5164456367492676,0,2.5285254904202055,3.105130672454834,2.6573034224431282,35,ppo_kalman_seed45,ppo_kalman,PPO-Kalman,45
77025,soldier_caught,0,1,0,0,611,593,296.5,18,,,0.9958944916725159,0,2.3277499738492464,1.576173186302185,2.4900113512144557,19,ppo_kalman_seed45,ppo_kalman,PPO-Kalman,45
77026,intercepted,1,0,0,0,735,689,344.5,46,735.0,367.5,2.941678285598755,0,2.6811328137174564,3.341003894805908,2.7720602822008407,47,ppo_kalman_seed45,ppo_kalman,PPO-Kalman,45
77027,intercepted,1,0,0,0,134,24,12.0,110,134.0,67.0,2.6837401390075684,0,2.369211171392922,2.6168761253356934,2.503256229350621,111,ppo_kalman_seed45,ppo_kalman,PPO-Kalman,45
77028,intercepted,1,0,0,0,179,103,51.5,76,179.0,89.5,2.7372710704803467,0,2.2742935821607517,2.5853512287139893,2.429775551577072,77,ppo_kalman_seed45,ppo_kalman,PPO-Kalman,45
77029,soldier_caught,0,1,0,0,208,208,104.0,0,,,1.0801197290420532,0,1.2510684728622437,1.2510684728622437,1.2510684728622437,1,ppo_kalman_seed45,ppo_kalman,PPO-Kalman,45
77030,soldier_caught,0,1,0,0,245,245,122.5,0,,,1.3338195085525513,0,1.0282388925552368,1.0282388925552368,1.0282388925552368,1,ppo_kalman_seed45,ppo_kalman,PPO-Kalman,45
77031,soldier_caught,0,1,0,0,285,267,133.5,18,,,0.6156213879585266,0,2.1103709967512834,2.080718994140625,2.342205200954629,19,ppo_kalman_seed45,ppo_kalman,PPO-Kalman,45
77032,intercepted,1,0,0,0,254,184,92.0,70,254.0,127.0,2.914226531982422,0,2.496012414005441,2.2901463508605957,2.64551893934236,71,ppo_kalman_seed45,ppo_kalman,PPO-Kalman,45
77033,unsafe_intercept,0,0,1,0,16,15,7.5,1,,,2.552212715148926,0,1.703209787607193,0.6344960331916809,2.010739334045524,2,ppo_kalman_seed45,ppo_kalman,PPO-Kalman,45
77034,intercepted,1,0,0,0,59,37,18.5,22,59.0,29.5,3.737484931945801,0,1.9445129360841669,2.210049867630005,2.0415226234690027,23,ppo_kalman_seed45,ppo_kalman,PPO-Kalman,45
77035,soldier_caught,0,1,0,0,35,35,17.5,0,,,1.6373635530471802,0,2.0075533390045166,2.0075533390045166,2.0075533390045166,1,ppo_kalman_seed45,ppo_kalman,PPO-Kalman,45
77036,intercepted,1,0,0,0,362,15,7.5,347,362.0,181.0,2.441330909729004,0,2.630258511537793,2.880885601043701,2.7072531715009003,348,ppo_kalman_seed45,ppo_kalman,PPO-Kalman,45
77037,intercepted,1,0,0,0,1162,1161,580.5,1,1162.0,581.0,3.9912681579589844,0,0.6513339579105377,0.5088512897491455,0.666736256291643,2,ppo_kalman_seed45,ppo_kalman,PPO-Kalman,45
77038,soldier_caught,0,1,0,0,271,150,75.0,121,,,1.885661005973816,0,2.4986691352773884,3.7532424926757812,2.636149076902405,122,ppo_kalman_seed45,ppo_kalman,PPO-Kalman,45
77039,soldier_caught,0,1,0,0,276,276,138.0,0,,,1.9417202472686768,0,1.3701748847961426,1.3701748847961426,1.3701748847961426,1,ppo_kalman_seed45,ppo_kalman,PPO-Kalman,45
77040,unsafe_intercept,0,0,1,0,56,56,28.0,0,,,2.4703831672668457,0,1.1675270795822144,1.1675270795822144,1.1675270795822144,1,ppo_kalman_seed45,ppo_kalman,PPO-Kalman,45
77041,unsafe_intercept,0,0,1,0,44,44,22.0,0,,,2.444850444793701,0,0.3259643018245697,0.3259643018245697,0.3259643018245697,1,ppo_kalman_seed45,ppo_kalman,PPO-Kalman,45
77042,unsafe_intercept,0,0,1,0,10,10,5.0,0,,,2.229530096054077,0,0.884209156036377,0.884209156036377,0.884209156036377,1,ppo_kalman_seed45,ppo_kalman,PPO-Kalman,45
77043,intercepted,1,0,0,0,184,39,19.5,145,184.0,92.0,4.213113307952881,0,2.709981230023789,2.5377449989318848,2.7667671994364755,146,ppo_kalman_seed45,ppo_kalman,PPO-Kalman,45
77044,intercepted,1,0,0,0,81,15,7.5,66,81.0,40.5,3.668275833129883,0,2.5303982767596174,3.5564091205596924,2.664928922069625,67,ppo_kalman_seed45,ppo_kalman,PPO-Kalman,45
77045,soldier_caught,0,1,0,0,494,470,235.0,24,,,1.710748553276062,0,1.7807887780666352,2.2586424350738525,2.0539129565682828,25,ppo_kalman_seed45,ppo_kalman,PPO-Kalman,45
77046,intercepted,1,0,0,0,664,618,309.0,46,664.0,332.0,3.9496514797210693,0,2.260536386611614,3.6750102043151855,2.4311599611706183,47,ppo_kalman_seed45,ppo_kalman,PPO-Kalman,45
77047,unsafe_intercept,0,0,1,0,11,11,5.5,0,,,2.430607557296753,0,0.9727330803871155,0.9727330803871155,0.9727330803871155,1,ppo_kalman_seed45,ppo_kalman,PPO-Kalman,45
77048,soldier_caught,0,1,0,0,171,83,41.5,88,,,1.8113518953323364,0,2.5079277824150044,3.2921481132507324,2.6381633735541503,89,ppo_kalman_seed45,ppo_kalman,PPO-Kalman,45
77049,intercepted,1,0,0,0,160,159,79.5,1,160.0,80.0,3.645073413848877,0,1.6898701786994934,2.359483480453491,1.8177027245244883,2,ppo_kalman_seed45,ppo_kalman,PPO-Kalman,45
77050,soldier_caught,0,1,0,0,38,38,19.0,0,,,0.8753161430358887,0,1.398564338684082,1.398564338684082,1.398564338684082,1,ppo_kalman_seed45,ppo_kalman,PPO-Kalman,45
77051,unsafe_intercept,0,0,1,0,119,118,59.0,1,,,2.212188243865967,0,1.0964988470077515,1.2115418910980225,1.1025174028027334,2,ppo_kalman_seed45,ppo_kalman,PPO-Kalman,45
77052,intercepted,1,0,0,0,281,194,97.0,87,281.0,140.5,4.823126792907715,0,2.529601241377267,3.1780433654785156,2.6439653921314483,88,ppo_kalman_seed45,ppo_kalman,PPO-Kalman,45
77053,intercepted,1,0,0,0,696,429,214.5,267,696.0,348.0,3.876411199569702,0,2.5895632821232524,2.787097930908203,2.677363853974242,268,ppo_kalman_seed45,ppo_kalman,PPO-Kalman,45
77054,soldier_caught,0,1,0,0,941,906,453.0,35,,,1.165905475616455,0,2.0860364867581263,0.9508430361747742,2.2635697385601827,36,ppo_kalman_seed45,ppo_kalman,PPO-Kalman,45
77055,intercepted,1,0,0,0,152,99,49.5,53,152.0,76.0,2.370793104171753,0,2.1795118854001716,1.9802861213684082,2.3821418614580683,54,ppo_kalman_seed45,ppo_kalman,PPO-Kalman,45
77056,intercepted,1,0,0,0,670,157,78.5,513,670.0,335.0,2.674437999725342,0,2.6968323894511865,2.74690318107605,2.795980661408221,514,ppo_kalman_seed45,ppo_kalman,PPO-Kalman,45
77057,unsafe_intercept,0,0,1,0,37,36,18.0,1,,,2.406883716583252,0,0.7539815902709961,0.8266047239303589,0.7574710278354453,2,ppo_kalman_seed45,ppo_kalman,PPO-Kalman,45
77058,unsafe_intercept,0,0,1,0,78,78,39.0,0,,,2.3066208362579346,0,0.9127029180526733,0.9127029180526733,0.9127029180526733,1,ppo_kalman_seed45,ppo_kalman,PPO-Kalman,45
77059,soldier_caught,0,1,0,0,561,560,280.0,1,,,0.4109880328178406,0,0.9163787662982941,0.9447701573371887,0.9168184740762518,2,ppo_kalman_seed45,ppo_kalman,PPO-Kalman,45
77060,soldier_caught,0,1,0,0,191,167,83.5,24,,,1.870267391204834,0,2.188604850769043,2.5600554943084717,2.357347056800741,25,ppo_kalman_seed45,ppo_kalman,PPO-Kalman,45
77061,intercepted,1,0,0,0,61,10,5.0,51,61.0,30.5,3.1809558868408203,0,2.2796270640996785,2.0282936096191406,2.392300653410141,52,ppo_kalman_seed45,ppo_kalman,PPO-Kalman,45
77062,intercepted,1,0,0,0,361,14,7.0,347,361.0,180.5,2.852095603942871,0,2.567136630244639,2.4143714904785156,2.662899923064538,348,ppo_kalman_seed45,ppo_kalman,PPO-Kalman,45
77063,intercepted,1,0,0,0,666,565,282.5,101,666.0,333.0,2.3973922729492188,0,2.381465760224006,3.1868526935577393,2.5022188636695817,102,ppo_kalman_seed45,ppo_kalman,PPO-Kalman,45
77064,soldier_caught,0,1,0,0,662,263,131.5,399,,,1.1550270318984985,0,2.6744126699864865,2.0920217037200928,2.7476451776874917,400,ppo_kalman_seed45,ppo_kalman,PPO-Kalman,45
77065,unsafe_intercept,0,0,1,0,82,82,41.0,0,,,2.3955633640289307,0,1.0658751726150513,1.0658751726150513,1.0658751726150513,1,ppo_kalman_seed45,ppo_kalman,PPO-Kalman,45
77066,intercepted,1,0,0,0,14,13,6.5,1,14.0,7.0,3.7106595039367676,0,0.5035717636346817,0.3117075264453888,0.5388844093517393,2,ppo_kalman_seed45,ppo_kalman,PPO-Kalman,45
77067,soldier_caught,0,1,0,0,108,107,53.5,1,,,1.6621952056884766,0,1.6609909534454346,2.0086517333984375,1.696985257845543,2,ppo_kalman_seed45,ppo_kalman,PPO-Kalman,45
77068,intercepted,1,0,0,0,113,85,42.5,28,113.0,56.5,4.487205982208252,0,2.16279549228734,2.6844592094421387,2.319031993006791,29,ppo_kalman_seed45,ppo_kalman,PPO-Kalman,45
77069,unsafe_intercept,0,0,1,0,682,682,341.0,0,,,2.422853708267212,0,0.9465869665145874,0.9465869665145874,0.9465869665145874,1,ppo_kalman_seed45,ppo_kalman,PPO-Kalman,45
77070,intercepted,1,0,0,0,36,14,7.0,22,36.0,18.0,4.4356255531311035,0,2.206258950026139,2.1490793228149414,2.27431289752033,23,ppo_kalman_seed45,ppo_kalman,PPO-Kalman,45
77071,soldier_caught,0,1,0,0,625,585,292.5,40,,,1.4778940677642822,0,2.3709034381843193,1.0305101871490479,2.548940316587657,41,ppo_kalman_seed45,ppo_kalman,PPO-Kalman,45
77072,soldier_caught,0,1,0,0,233,232,116.0,1,,,1.4118013381958008,0,1.364429384469986,0.8683314919471741,1.4518197767528587,2,ppo_kalman_seed45,ppo_kalman,PPO-Kalman,45
77073,soldier_caught,0,1,0,0,1077,849,424.5,228,,,1.7471572160720825,0,2.426619800808128,2.5580265522003174,2.5538417210992694,229,ppo_kalman_seed45,ppo_kalman,PPO-Kalman,45
77074,intercepted,1,0,0,0,43,13,6.5,30,43.0,21.5,4.203171253204346,0,2.2218034498153196,2.801882743835449,2.5544092175547592,31,ppo_kalman_seed45,ppo_kalman,PPO-Kalman,45
77075,intercepted,1,0,0,0,371,179,89.5,192,371.0,185.5,4.908677101135254,0,2.5743962189694143,2.0479860305786133,2.6455943793732586,193,ppo_kalman_seed45,ppo_kalman,PPO-Kalman,45
77076,intercepted,1,0,0,0,365,188,94.0,177,365.0,182.5,2.82485294342041,0,2.5438499052621677,2.6886000633239746,2.6363884529991726,178,ppo_kalman_seed45,ppo_kalman,PPO-Kalman,45
77077,intercepted,1,0,0,0,226,155,77.5,71,226.0,113.0,3.670825719833374,0,2.486290837327639,2.137960910797119,2.580749602006445,72,ppo_kalman_seed45,ppo_kalman,PPO-Kalman,45
77078,intercepted,1,0,0,0,478,423,211.5,55,478.0,239.0,4.123427867889404,0,2.313884826110942,2.7177157402038574,2.4817111460072505,56,ppo_kalman_seed45,ppo_kalman,PPO-Kalman,45
77079,soldier_caught,0,1,0,0,47,25,12.5,22,,,1.228132963180542,0,2.0837609120037244,3.385392427444458,2.234914271750901,23,ppo_kalman_seed45,ppo_kalman,PPO-Kalman,45
77080,soldier_caught,0,1,0,0,482,481,240.5,1,,,1.7050583362579346,0,0.8835398107767105,1.363869309425354,1.0056634747764297,2,ppo_kalman_seed45,ppo_kalman,PPO-Kalman,45
77081,soldier_caught,0,1,0,0,402,401,200.5,1,,,0.5253730416297913,0,1.3865289092063904,1.4668904542922974,1.3888557858876698,2,ppo_kalman_seed45,ppo_kalman,PPO-Kalman,45
77082,intercepted,1,0,0,0,731,713,356.5,18,731.0,365.5,3.375264883041382,0,2.5301890279117383,3.3512909412384033,2.7172638262401017,19,ppo_kalman_seed45,ppo_kalman,PPO-Kalman,45
77083,soldier_caught,0,1,0,0,934,727,363.5,207,,,1.9629135131835938,0,2.179774753892651,0.7406163215637207,2.396781275347595,208,ppo_kalman_seed45,ppo_kalman,PPO-Kalman,45
77084,intercepted,1,0,0,0,192,13,6.5,179,192.0,96.0,2.6614086627960205,0,2.4474435021479923,2.0984630584716797,2.5705937934762098,180,ppo_kalman_seed45,ppo_kalman,PPO-Kalman,45
77085,intercepted,1,0,0,0,138,10,5.0,128,138.0,69.0,3.387993574142456,0,2.644789689502051,2.552635669708252,2.711930241467769,129,ppo_kalman_seed45,ppo_kalman,PPO-Kalman,45
77086,unsafe_intercept,0,0,1,0,725,724,362.0,1,,,2.005042314529419,0,0.9374543130397797,1.0159193277359009,0.9407323464026034,2,ppo_kalman_seed45,ppo_kalman,PPO-Kalman,45
77087,intercepted,1,0,0,0,60,11,5.5,49,60.0,30.0,3.7895545959472656,0,2.569716866016388,3.245203971862793,2.6875483303362904,50,ppo_kalman_seed45,ppo_kalman,PPO-Kalman,45
77088,intercepted,1,0,0,0,173,110,55.0,63,173.0,86.5,4.290328502655029,0,2.1884167925454676,3.0522139072418213,2.3262836645101013,64,ppo_kalman_seed45,ppo_kalman,PPO-Kalman,45
77089,intercepted,1,0,0,0,166,51,25.5,115,166.0,83.0,3.3452014923095703,0,2.6152099144869836,2.9945261478424072,2.6783808514849365,116,ppo_kalman_seed45,ppo_kalman,PPO-Kalman,45
77090,intercepted,1,0,0,0,224,208,104.0,16,224.0,112.0,2.5347836017608643,0,2.432897581773646,3.491230010986328,2.614698107033329,17,ppo_kalman_seed45,ppo_kalman,PPO-Kalman,45
77091,intercepted,1,0,0,0,455,373,186.5,82,455.0,227.5,2.6883838176727295,0,2.4293142754629433,2.807433605194092,2.5703242519306095,83,ppo_kalman_seed45,ppo_kalman,PPO-Kalman,45
77092,intercepted,1,0,0,0,109,81,40.5,28,109.0,54.5,4.623922824859619,0,2.134642278325969,2.24469256401062,2.2263773672644622,29,ppo_kalman_seed45,ppo_kalman,PPO-Kalman,45
77093,soldier_caught,0,1,0,0,146,121,60.5,25,,,0.7165448069572449,0,2.284923200423901,3.510183334350586,2.442135299520199,26,ppo_kalman_seed45,ppo_kalman,PPO-Kalman,45
77094,intercepted,1,0,0,0,518,63,31.5,455,518.0,259.0,2.5654547214508057,0,2.484058439600886,3.236443042755127,2.6188776504607505,456,ppo_kalman_seed45,ppo_kalman,PPO-Kalman,45
77095,intercepted,1,0,0,0,587,466,233.0,121,587.0,293.5,3.409508466720581,0,2.2436950574399996,3.290104627609253,2.418656297498085,122,ppo_kalman_seed45,ppo_kalman,PPO-Kalman,45
77096,intercepted,1,0,0,0,315,273,136.5,42,315.0,157.5,2.6760807037353516,0,2.0193693464578586,2.9250993728637695,2.2117698444503553,43,ppo_kalman_seed45,ppo_kalman,PPO-Kalman,45
77097,intercepted,1,0,0,0,149,58,29.0,91,149.0,74.5,3.7337186336517334,0,2.4326756076644296,2.3822178840637207,2.581346792340136,92,ppo_kalman_seed45,ppo_kalman,PPO-Kalman,45
77098,intercepted,1,0,0,0,386,145,72.5,241,386.0,193.0,3.673092842102051,0,2.520185501553303,2.88057804107666,2.604440671435906,242,ppo_kalman_seed45,ppo_kalman,PPO-Kalman,45
77099,intercepted,1,0,0,0,113,66,33.0,47,113.0,56.5,2.823563814163208,0,2.4198756515979767,2.0074474811553955,2.521546871515902,48,ppo_kalman_seed45,ppo_kalman,PPO-Kalman,45
77100,intercepted,1,0,0,0,982,977,488.5,5,982.0,491.0,3.82058048248291,0,1.237535685300827,1.6337487697601318,1.2816233931429903,6,ppo_kalman_seed45,ppo_kalman,PPO-Kalman,45
77101,intercepted,1,0,0,0,710,450,225.0,260,710.0,355.0,4.060736656188965,0,2.616149805857304,2.9594900608062744,2.7254124600055416,261,ppo_kalman_seed45,ppo_kalman,PPO-Kalman,45
77102,intercepted,1,0,0,0,172,79,39.5,93,172.0,86.0,4.837916374206543,0,2.618278409572358,2.799569606781006,2.6890545713290503,94,ppo_kalman_seed45,ppo_kalman,PPO-Kalman,45
77103,intercepted,1,0,0,0,86,10,5.0,76,86.0,43.0,2.167374610900879,0,2.597919490043219,3.2548110485076904,2.716264902613361,77,ppo_kalman_seed45,ppo_kalman,PPO-Kalman,45
77104,intercepted,1,0,0,0,65,36,18.0,29,65.0,32.5,3.319744348526001,0,2.326691230138143,2.983999013900757,2.4630369418746665,30,ppo_kalman_seed45,ppo_kalman,PPO-Kalman,45
77105,intercepted,1,0,0,0,153,120,60.0,33,153.0,76.5,4.432329177856445,0,2.238762997529086,1.9686254262924194,2.3687960676523097,34,ppo_kalman_seed45,ppo_kalman,PPO-Kalman,45
77106,intercepted,1,0,0,0,329,173,86.5,156,329.0,164.5,3.206867218017578,0,2.4668271516918376,1.2605867385864258,2.576626192506434,157,ppo_kalman_seed45,ppo_kalman,PPO-Kalman,45
77107,intercepted,1,0,0,0,569,429,214.5,140,569.0,284.5,2.016544818878174,0,2.483564495194888,3.3879551887512207,2.5834894277275198,141,ppo_kalman_seed45,ppo_kalman,PPO-Kalman,45
77108,soldier_caught,0,1,0,0,61,61,30.5,0,,,1.8274084329605103,0,0.3279072344303131,0.3279072344303131,0.3279072344303131,1,ppo_kalman_seed45,ppo_kalman,PPO-Kalman,45
77109,soldier_caught,0,1,0,0,424,218,109.0,206,,,1.55229914188385,0,2.5557960087550433,2.524695634841919,2.640803421454065,207,ppo_kalman_seed45,ppo_kalman,PPO-Kalman,45
77110,intercepted,1,0,0,0,222,136,68.0,86,222.0,111.0,2.4223222732543945,0,2.405025587684807,3.016592502593994,2.501842834430725,87,ppo_kalman_seed45,ppo_kalman,PPO-Kalman,45
77111,soldier_caught,0,1,0,0,549,548,274.0,1,,,1.5957286357879639,0,0.6977392584085464,0.9295371174812317,0.7352348741696009,2,ppo_kalman_seed45,ppo_kalman,PPO-Kalman,45
77112,intercepted,1,0,0,0,501,396,198.0,105,501.0,250.5,2.9870200157165527,0,2.5255667482906916,2.6702523231506348,2.61056477811623,106,ppo_kalman_seed45,ppo_kalman,PPO-Kalman,45
77113,intercepted,1,0,0,0,1085,1054,527.0,31,1085.0,542.5,3.4665961265563965,0,2.289876764640212,2.4688782691955566,2.4945573838829747,32,ppo_kalman_seed45,ppo_kalman,PPO-Kalman,45
77114,intercepted,1,0,0,0,648,462,231.0,186,648.0,324.0,3.1144649982452393,0,2.5624959244128855,1.8274471759796143,2.7214136757219123,187,ppo_kalman_seed45,ppo_kalman,PPO-Kalman,45
77115,intercepted,1,0,0,0,237,70,35.0,167,237.0,118.5,4.1678667068481445,0,2.495007968197266,2.3782548904418945,2.6164550327392138,168,ppo_kalman_seed45,ppo_kalman,PPO-Kalman,45
77116,intercepted,1,0,0,0,645,513,256.5,132,645.0,322.5,4.979438304901123,0,2.6825738549232483,3.046710729598999,2.7451569789539163,133,ppo_kalman_seed45,ppo_kalman,PPO-Kalman,45
77117,intercepted,1,0,0,0,679,150,75.0,529,679.0,339.5,3.700968027114868,0,2.594644760073356,1.9780809879302979,2.6944333938782714,530,ppo_kalman_seed45,ppo_kalman,PPO-Kalman,45
77118,intercepted,1,0,0,0,164,33,16.5,131,164.0,82.0,2.605041265487671,0,2.465168645887664,2.413830041885376,2.5558102302341217,132,ppo_kalman_seed45,ppo_kalman,PPO-Kalman,45
77119,unsafe_intercept,0,0,1,0,11,10,5.0,1,,,2.7077338695526123,0,0.9165365993976593,0.7937864661216736,0.9247199215193201,2,ppo_kalman_seed45,ppo_kalman,PPO-Kalman,45
77120,unsafe_intercept,0,0,1,0,422,422,211.0,0,,,2.031139850616455,0,0.6707066893577576,0.6707066893577576,0.6707066893577576,1,ppo_kalman_seed45,ppo_kalman,PPO-Kalman,45
77121,soldier_caught,0,1,0,0,17,16,8.0,1,,,1.235305666923523,0,0.6113127917051315,0.8020801544189453,0.6403870048487128,2,ppo_kalman_seed45,ppo_kalman,PPO-Kalman,45
77122,intercepted,1,0,0,0,1192,980,490.0,212,1192.0,596.0,2.1524300575256348,0,2.225931577419451,3.177980899810791,2.4065466288792776,213,ppo_kalman_seed45,ppo_kalman,PPO-Kalman,45
77123,intercepted,1,0,0,0,34,10,5.0,24,34.0,17.0,2.8713314533233643,0,2.410895917415619,0.7357820272445679,2.551830850488088,25,ppo_kalman_seed45,ppo_kalman,PPO-Kalman,45
77124,intercepted,1,0,0,0,398,218,109.0,180,398.0,199.0,2.4479689598083496,0,2.696203080165452,2.101318836212158,2.792671402352516,181,ppo_kalman_seed45,ppo_kalman,PPO-Kalman,45
77125,soldier_caught,0,1,0,0,59,9,4.5,50,,,1.6255431175231934,0,2.200721236712792,0.5242208242416382,2.4106818360844287,51,ppo_kalman_seed45,ppo_kalman,PPO-Kalman,45
77126,soldier_caught,0,1,0,0,201,14,7.0,187,,,1.5993385314941406,0,2.570095339671094,1.6996616125106812,2.652271702768106,188,ppo_kalman_seed45,ppo_kalman,PPO-Kalman,45
77127,intercepted,1,0,0,0,1413,919,459.5,494,1413.0,706.5,2.539802074432373,0,2.5343331819832926,2.9153082370758057,2.6393541390871937,495,ppo_kalman_seed45,ppo_kalman,PPO-Kalman,45
77128,soldier_caught,0,1,0,0,12,11,5.5,1,,,1.577687382698059,0,1.1575530767440796,1.6057019233703613,1.2412761635559395,2,ppo_kalman_seed45,ppo_kalman,PPO-Kalman,45
77129,intercepted,1,0,0,0,526,489,244.5,37,526.0,263.0,3.027301788330078,0,2.58868659954322,2.8491506576538086,2.751985742753301,38,ppo_kalman_seed45,ppo_kalman,PPO-Kalman,45
77130,soldier_caught,0,1,0,0,836,758,379.0,78,,,1.8716332912445068,0,2.1865770100038264,2.672053337097168,2.3432832237362344,79,ppo_kalman_seed45,ppo_kalman,PPO-Kalman,45
77131,intercepted,1,0,0,0,58,13,6.5,45,58.0,29.0,4.872743606567383,0,2.6158434657946876,2.804319143295288,2.684072736229036,46,ppo_kalman_seed45,ppo_kalman,PPO-Kalman,45
77132,intercepted,1,0,0,0,99,11,5.5,88,99.0,49.5,3.057175397872925,0,2.4796269736932905,0.9456984996795654,2.598497735267104,89,ppo_kalman_seed45,ppo_kalman,PPO-Kalman,45
77133,intercepted,1,0,0,0,236,126,63.0,110,236.0,118.0,3.489614248275757,0,2.3034036505866693,1.5381406545639038,2.456753807578505,111,ppo_kalman_seed45,ppo_kalman,PPO-Kalman,45
77134,intercepted,1,0,0,0,328,11,5.5,317,328.0,164.0,3.57088303565979,0,2.547535907219416,2.8604869842529297,2.6309833420256123,318,ppo_kalman_seed45,ppo_kalman,PPO-Kalman,45
77135,soldier_caught,0,1,0,0,89,89,44.5,0,,,1.53912353515625,0,1.5448564291000366,1.5448564291000366,1.5448564291000366,1,ppo_kalman_seed45,ppo_kalman,PPO-Kalman,45
77136,soldier_caught,0,1,0,0,252,251,125.5,1,,,1.9917901754379272,0,1.5208825469017029,1.2612541913986206,1.5428838596768861,2,ppo_kalman_seed45,ppo_kalman,PPO-Kalman,45
77137,soldier_caught,0,1,0,0,55,30,15.0,25,,,1.131820797920227,0,2.104479954792903,2.377279281616211,2.254724543709949,26,ppo_kalman_seed45,ppo_kalman,PPO-Kalman,45
77138,intercepted,1,0,0,0,651,88,44.0,563,651.0,325.5,3.5319504737854004,0,2.7524737582561816,2.430630683898926,2.821061859003452,564,ppo_kalman_seed45,ppo_kalman,PPO-Kalman,45
77139,soldier_caught,0,1,0,0,44,43,21.5,1,,,1.7486412525177002,0,1.527609646320343,1.2496368885040283,1.5526944598403676,2,ppo_kalman_seed45,ppo_kalman,PPO-Kalman,45
77140,soldier_caught,0,1,0,0,497,497,248.5,0,,,1.4318231344223022,0,1.0717980861663818,1.0717980861663818,1.0717980861663818,1,ppo_kalman_seed45,ppo_kalman,PPO-Kalman,45
77141,intercepted,1,0,0,0,967,952,476.0,15,967.0,483.5,3.849281072616577,0,2.138996444642544,2.1669888496398926,2.289592732291576,16,ppo_kalman_seed45,ppo_kalman,PPO-Kalman,45
77142,intercepted,1,0,0,0,71,15,7.5,56,71.0,35.5,2.9546494483947754,0,2.280008717064272,2.1228349208831787,2.4477918636238956,57,ppo_kalman_seed45,ppo_kalman,PPO-Kalman,45
77143,unsafe_intercept,0,0,1,0,516,516,258.0,0,,,2.0169410705566406,0,1.249298095703125,1.249298095703125,1.249298095703125,1,ppo_kalman_seed45,ppo_kalman,PPO-Kalman,45
77144,intercepted,1,0,0,0,274,251,125.5,23,274.0,137.0,3.5974061489105225,0,2.2153174659858146,1.3319969177246094,2.359005471248735,24,ppo_kalman_seed45,ppo_kalman,PPO-Kalman,45
77145,soldier_caught,0,1,0,0,175,174,87.0,1,,,1.7736326456069946,0,1.2953612804412842,1.0537283420562744,1.317705325093231,2,ppo_kalman_seed45,ppo_kalman,PPO-Kalman,45
77146,intercepted,1,0,0,0,312,208,104.0,104,312.0,156.0,3.7712690830230713,0,2.581265351034346,2.881171703338623,2.676941033426738,105,ppo_kalman_seed45,ppo_kalman,PPO-Kalman,45
77147,intercepted,1,0,0,0,420,419,209.5,1,420.0,210.0,3.7653517723083496,0,0.8552829772233963,0.10073640942573547,1.1405478920691348,2,ppo_kalman_seed45,ppo_kalman,PPO-Kalman,45
77148,soldier_caught,0,1,0,0,448,447,223.5,1,,,1.6981323957443237,0,1.0018811225891113,0.31859326362609863,1.212702800362346,2,ppo_kalman_seed45,ppo_kalman,PPO-Kalman,45
77149,soldier_caught,0,1,0,0,40,15,7.5,25,,,0.6527506709098816,0,2.139405443118169,2.5218749046325684,2.2723518251465675,26,ppo_kalman_seed45,ppo_kalman,PPO-Kalman,45
77150,intercepted,1,0,0,0,351,227,113.5,124,351.0,175.5,2.7463581562042236,0,2.383585350751877,3.721859931945801,2.503084237477205,125,ppo_kalman_seed45,ppo_kalman,PPO-Kalman,45
77151,soldier_caught,0,1,0,0,1107,1084,542.0,23,,,0.29642254114151,0,2.1826230908433595,1.7564795017242432,2.326598951385062,24,ppo_kalman_seed45,ppo_kalman,PPO-Kalman,45
77152,intercepted,1,0,0,0,438,331,165.5,107,438.0,219.0,3.7630209922790527,0,2.6551845807720116,2.557331085205078,2.730835684408307,108,ppo_kalman_seed45,ppo_kalman,PPO-Kalman,45
77153,intercepted,1,0,0,0,380,332,166.0,48,380.0,190.0,3.6920220851898193,0,2.2735873205321178,2.202275276184082,2.3901074369592306,49,ppo_kalman_seed45,ppo_kalman,PPO-Kalman,45
77154,unsafe_intercept,0,0,1,0,333,332,166.0,1,,,2.9106369018554688,0,1.584244191646576,1.7029792070388794,1.5886874024319961,2,ppo_kalman_seed45,ppo_kalman,PPO-Kalman,45
77155,unsafe_intercept,0,0,1,0,323,323,161.5,0,,,2.389982223510742,0,1.1377028226852417,1.1377028226852417,1.1377028226852417,1,ppo_kalman_seed45,ppo_kalman,PPO-Kalman,45
77156,intercepted,1,0,0,0,427,285,142.5,142,427.0,213.5,4.521727561950684,0,2.5961715729086547,2.6313281059265137,2.695977392405697,143,ppo_kalman_seed45,ppo_kalman,PPO-Kalman,45
77157,soldier_caught,0,1,0,0,38,15,7.5,23,,,1.8922706842422485,0,2.33780342216293,2.4578447341918945,2.4864265166156825,24,ppo_kalman_seed45,ppo_kalman,PPO-Kalman,45
77158,unsafe_intercept,0,0,1,0,10,10,5.0,0,,,2.4396817684173584,0,1.2584835290908813,1.2584835290908813,1.2584835290908813,1,ppo_kalman_seed45,ppo_kalman,PPO-Kalman,45
77159,intercepted,1,0,0,0,162,100,50.0,62,162.0,81.0,4.281745910644531,0,2.7020460802411277,3.1649112701416016,2.7768430293203434,63,ppo_kalman_seed45,ppo_kalman,PPO-Kalman,45
77160,intercepted,1,0,0,0,130,79,39.5,51,130.0,65.0,2.5884318351745605,0,2.5133703884023886,0.3382047712802887,2.63426193499775,52,ppo_kalman_seed45,ppo_kalman,PPO-Kalman,45
77161,soldier_caught,0,1,0,0,35,12,6.0,23,,,1.886737585067749,0,2.657685987651348,3.1876094341278076,2.7932314007444785,24,ppo_kalman_seed45,ppo_kalman,PPO-Kalman,45
77162,intercepted,1,0,0,0,572,462,231.0,110,572.0,286.0,3.4700236320495605,0,2.426341492850501,2.1487362384796143,2.575616187184121,111,ppo_kalman_seed45,ppo_kalman,PPO-Kalman,45
77163,intercepted,1,0,0,0,357,308,154.0,49,357.0,178.5,2.382685899734497,0,2.415403510928154,0.6763275265693665,2.5603358903158067,50,ppo_kalman_seed45,ppo_kalman,PPO-Kalman,45
77164,intercepted,1,0,0,0,157,107,53.5,50,157.0,78.5,3.989886522293091,0,2.4242876803173736,1.3773244619369507,2.56003909111769,51,ppo_kalman_seed45,ppo_kalman,PPO-Kalman,45
77165,intercepted,1,0,0,0,129,53,26.5,76,129.0,64.5,3.0272557735443115,0,2.411976684997608,3.7865283489227295,2.5801221983019844,77,ppo_kalman_seed45,ppo_kalman,PPO-Kalman,45
77166,unsafe_intercept,0,0,1,0,83,82,41.0,1,,,2.781789779663086,0,1.5642748475074768,0.8751708269119263,1.7093332471304397,2,ppo_kalman_seed45,ppo_kalman,PPO-Kalman,45
77167,soldier_caught,0,1,0,0,36,13,6.5,23,,,0.5002121925354004,0,2.471392227957646,2.6865651607513428,2.6756900325537787,24,ppo_kalman_seed45,ppo_kalman,PPO-Kalman,45
77168,unsafe_intercept,0,0,1,0,560,559,279.5,1,,,2.409355401992798,0,1.4158995747566223,1.5323749780654907,1.4206822746032792,2,ppo_kalman_seed45,ppo_kalman,PPO-Kalman,45
77169,soldier_caught,0,1,0,0,58,57,28.5,1,,,1.6388907432556152,0,1.4531809091567993,2.046168088912964,1.569512201320191,2,ppo_kalman_seed45,ppo_kalman,PPO-Kalman,45
77170,intercepted,1,0,0,0,163,112,56.0,51,163.0,81.5,4.751366138458252,0,2.431733870735535,1.7292815446853638,2.5319581897903407,52,ppo_kalman_seed45,ppo_kalman,PPO-Kalman,45
77171,unsafe_intercept,0,0,1,0,63,62,31.0,1,,,2.8444464206695557,0,1.1322557628154755,1.5311647653579712,1.200471367729486,2,ppo_kalman_seed45,ppo_kalman,PPO-Kalman,45
77172,intercepted,1,0,0,0,535,447,223.5,88,535.0,267.5,2.8932197093963623,0,2.307294827833604,1.900844931602478,2.3977559156048365,89,ppo_kalman_seed45,ppo_kalman,PPO-Kalman,45
77173,intercepted,1,0,0,0,298,173,86.5,125,298.0,149.0,4.4948906898498535,0,2.469159112090156,3.142517328262329,2.5870126389843104,126,ppo_kalman_seed45,ppo_kalman,PPO-Kalman,45
77174,intercepted,1,0,0,0,215,125,62.5,90,215.0,107.5,2.626812219619751,0,2.3393322036161526,2.815554141998291,2.47923243837285,91,ppo_kalman_seed45,ppo_kalman,PPO-Kalman,45
77175,intercepted,1,0,0,0,133,97,48.5,36,133.0,66.5,4.1314826011657715,0,2.2199987414720894,2.2184371948242188,2.3063352416014515,37,ppo_kalman_seed45,ppo_kalman,PPO-Kalman,45
77176,intercepted,1,0,0,0,293,38,19.0,255,293.0,146.5,4.648482799530029,0,2.616694775526412,3.0967795848846436,2.668895284917366,256,ppo_kalman_seed45,ppo_kalman,PPO-Kalman,45
77177,unsafe_intercept,0,0,1,0,446,446,223.0,0,,,2.344655990600586,0,0.5368062257766724,0.5368062257766724,0.5368062257766724,1,ppo_kalman_seed45,ppo_kalman,PPO-Kalman,45
77178,intercepted,1,0,0,0,255,173,86.5,82,255.0,127.5,2.7187960147857666,0,2.6647526262754417,2.3020997047424316,2.7213838525422234,83,ppo_kalman_seed45,ppo_kalman,PPO-Kalman,45
77179,unsafe_intercept,0,0,1,0,60,59,29.5,1,,,2.4512760639190674,0,0.9339509308338165,0.955704391002655,0.9342042358256943,2,ppo_kalman_seed45,ppo_kalman,PPO-Kalman,45
77180,soldier_caught,0,1,0,0,16,16,8.0,0,,,1.476803183555603,0,0.8361353874206543,0.8361353874206543,0.8361353874206543,1,ppo_kalman_seed45,ppo_kalman,PPO-Kalman,45
77181,intercepted,1,0,0,0,1017,815,407.5,202,1017.0,508.5,4.256254196166992,0,2.679429927703195,2.2968780994415283,2.773743749053137,203,ppo_kalman_seed45,ppo_kalman,PPO-Kalman,45
77182,intercepted,1,0,0,0,1226,1162,581.0,64,1226.0,613.0,3.2915232181549072,0,2.6508926006463858,2.6580967903137207,2.7570443925202213,65,ppo_kalman_seed45,ppo_kalman,PPO-Kalman,45
77183,intercepted,1,0,0,0,58,10,5.0,48,58.0,29.0,3.6514768600463867,0,2.3621849235223262,2.312812089920044,2.4854783214907425,49,ppo_kalman_seed45,ppo_kalman,PPO-Kalman,45
77184,intercepted,1,0,0,0,734,491,245.5,243,734.0,367.0,4.761396408081055,0,2.5392952839859197,2.4991025924682617,2.631550837791303,244,ppo_kalman_seed45,ppo_kalman,PPO-Kalman,45
77185,soldier_caught,0,1,0,0,422,422,211.0,0,,,1.3617923259735107,0,1.6111713647842407,1.6111713647842407,1.6111713647842407,1,ppo_kalman_seed45,ppo_kalman,PPO-Kalman,45
77186,intercepted,1,0,0,0,200,122,61.0,78,200.0,100.0,4.929953575134277,0,2.390961336561396,2.8735005855560303,2.5487308116453358,79,ppo_kalman_seed45,ppo_kalman,PPO-Kalman,45
77187,intercepted,1,0,0,0,231,9,4.5,222,231.0,115.5,4.876655578613281,0,2.721639238932742,2.675020456314087,2.7857183163760606,223,ppo_kalman_seed45,ppo_kalman,PPO-Kalman,45
77188,soldier_caught,0,1,0,0,87,36,18.0,51,,,1.0373469591140747,0,2.277412213385105,1.1859760284423828,2.4378041613297077,52,ppo_kalman_seed45,ppo_kalman,PPO-Kalman,45
77189,unsafe_intercept,0,0,1,0,117,116,58.0,1,,,3.1265196800231934,0,1.4525662064552307,0.5649555921554565,1.7022929203733894,2,ppo_kalman_seed45,ppo_kalman,PPO-Kalman,45
77190,soldier_caught,0,1,0,0,14,13,6.5,1,,,1.8734663724899292,0,1.2699750661849976,1.9150029420852661,1.4243937761096828,2,ppo_kalman_seed45,ppo_kalman,PPO-Kalman,45
77191,intercepted,1,0,0,0,143,110,55.0,33,143.0,71.5,3.235356330871582,0,2.4593744803877438,2.647120714187622,2.5121887336619793,34,ppo_kalman_seed45,ppo_kalman,PPO-Kalman,45
77192,soldier_caught,0,1,0,0,63,63,31.5,0,,,1.7505472898483276,0,1.0730499029159546,1.0730499029159546,1.0730499029159546,1,ppo_kalman_seed45,ppo_kalman,PPO-Kalman,45
77193,intercepted,1,0,0,0,110,11,5.5,99,110.0,55.0,4.7060866355896,0,2.5648966419696806,3.0258874893188477,2.6414749726952382,100,ppo_kalman_seed45,ppo_kalman,PPO-Kalman,45
77194,soldier_caught,0,1,0,0,180,156,78.0,24,,,1.724950909614563,0,2.2686702835559847,2.3768351078033447,2.46258611662003,25,ppo_kalman_seed45,ppo_kalman,PPO-Kalman,45
77195,soldier_caught,0,1,0,0,57,30,15.0,27,,,1.2975714206695557,0,2.191329743180956,3.0956361293792725,2.3454908264363383,28,ppo_kalman_seed45,ppo_kalman,PPO-Kalman,45
77196,intercepted,1,0,0,0,410,331,165.5,79,410.0,205.0,4.962846279144287,0,2.5829880848526954,2.586055040359497,2.6867254744886613,80,ppo_kalman_seed45,ppo_kalman,PPO-Kalman,45
77197,intercepted,1,0,0,0,85,53,26.5,32,85.0,42.5,4.481066703796387,0,2.402913864814874,2.765563488006592,2.548495341809818,33,ppo_kalman_seed45,ppo_kalman,PPO-Kalman,45
77198,intercepted,1,0,0,0,494,442,221.0,52,494.0,247.0,4.7651777267456055,0,2.0861341081700235,2.7967679500579834,2.2160493605898743,53,ppo_kalman_seed45,ppo_kalman,PPO-Kalman,45
77199,unsafe_intercept,0,0,1,0,1298,1297,648.5,1,,,3.4121859073638916,0,1.2092573642730713,1.2837647199630737,1.2115505433536695,2,ppo_kalman_seed45,ppo_kalman,PPO-Kalman,45
77200,unsafe_intercept,0,0,1,0,1096,1095,547.5,1,,,2.6001741886138916,0,0.47780419886112213,0.5184621214866638,0.47953093656357904,2,ppo_kalman_seed45,ppo_kalman,PPO-Kalman,45
77201,intercepted,1,0,0,0,345,320,160.0,25,345.0,172.5,3.4639008045196533,0,2.4820176913188052,2.86637806892395,2.5559434418592137,26,ppo_kalman_seed45,ppo_kalman,PPO-Kalman,45
77202,intercepted,1,0,0,0,625,397,198.5,228,625.0,312.5,2.468083381652832,0,2.2967526560006704,2.5191006660461426,2.4407883482095407,229,ppo_kalman_seed45,ppo_kalman,PPO-Kalman,45
77203,soldier_caught,0,1,0,0,290,262,131.0,28,,,1.8294402360916138,0,1.9096791990872086,2.8225343227386475,2.1437860528746597,29,ppo_kalman_seed45,ppo_kalman,PPO-Kalman,45
77204,intercepted,1,0,0,0,180,154,77.0,26,180.0,90.0,3.830425500869751,0,2.3174873811227306,2.534506320953369,2.4790556724559925,27,ppo_kalman_seed45,ppo_kalman,PPO-Kalman,45
77205,intercepted,1,0,0,0,71,39,19.5,32,71.0,35.5,4.202274322509766,0,2.0860620574517683,2.3574674129486084,2.318100806721543,33,ppo_kalman_seed45,ppo_kalman,PPO-Kalman,45
77206,intercepted,1,0,0,0,437,13,6.5,424,437.0,218.5,4.267661094665527,0,2.6539271530684303,2.527423858642578,2.730994181567081,425,ppo_kalman_seed45,ppo_kalman,PPO-Kalman,45
77207,intercepted,1,0,0,0,345,203,101.5,142,345.0,172.5,3.966061592102051,0,2.5662104012249234,3.9415931701660156,2.686294268790735,143,ppo_kalman_seed45,ppo_kalman,PPO-Kalman,45
77208,soldier_caught,0,1,0,0,46,46,23.0,0,,,1.0151299238204956,0,1.019036054611206,1.019036054611206,1.019036054611206,1,ppo_kalman_seed45,ppo_kalman,PPO-Kalman,45
77209,soldier_caught,0,1,0,0,298,145,72.5,153,,,1.2047533988952637,0,2.4719819832931864,1.501670241355896,2.5717613140720013,154,ppo_kalman_seed45,ppo_kalman,PPO-Kalman,45
77210,intercepted,1,0,0,0,1343,876,438.0,467,1343.0,671.5,2.2890074253082275,0,2.695875614244714,2.5678629875183105,2.7514001589858452,468,ppo_kalman_seed45,ppo_kalman,PPO-Kalman,45
77211,intercepted,1,0,0,0,1580,1404,702.0,176,1580.0,790.0,2.6908814907073975,0,2.6076345682817665,2.721050977706909,2.6582468097149876,177,ppo_kalman_seed45,ppo_kalman,PPO-Kalman,45
77212,intercepted,1,0,0,0,349,207,103.5,142,349.0,174.5,3.6545281410217285,0,2.2839746335586466,3.32505464553833,2.423604536381163,143,ppo_kalman_seed45,ppo_kalman,PPO-Kalman,45
77213,unsafe_intercept,0,0,1,0,807,807,403.5,0,,,2.227975606918335,0,2.0748677253723145,2.0748677253723145,2.0748677253723145,1,ppo_kalman_seed45,ppo_kalman,PPO-Kalman,45
77214,intercepted,1,0,0,0,548,529,264.5,19,548.0,274.0,3.6340582370758057,0,2.302220878005028,3.5292794704437256,2.4518428845721494,20,ppo_kalman_seed45,ppo_kalman,PPO-Kalman,45
77215,soldier_caught,0,1,0,0,12,11,5.5,1,,,1.4076743125915527,0,0.2967112809419632,0.43040573596954346,0.32544091866780106,2,ppo_kalman_seed45,ppo_kalman,PPO-Kalman,45
77216,soldier_caught,0,1,0,0,779,754,377.0,25,,,1.8838200569152832,0,2.021817012475087,0.7790927290916443,2.322653033998042,26,ppo_kalman_seed45,ppo_kalman,PPO-Kalman,45
77217,intercepted,1,0,0,0,217,129,64.5,88,217.0,108.5,4.900536060333252,0,2.51130912545022,2.4939229488372803,2.587725036983817,89,ppo_kalman_seed45,ppo_kalman,PPO-Kalman,45
77218,soldier_caught,0,1,0,0,243,243,121.5,0,,,1.7150065898895264,0,1.6982213258743286,1.6982213258743286,1.6982213258743286,1,ppo_kalman_seed45,ppo_kalman,PPO-Kalman,45
77219,intercepted,1,0,0,0,164,123,61.5,41,164.0,82.0,3.2863097190856934,0,2.441500899337587,2.896221876144409,2.5502021717976033,42,ppo_kalman_seed45,ppo_kalman,PPO-Kalman,45
77220,intercepted,1,0,0,0,540,350,175.0,190,540.0,270.0,4.898138046264648,0,2.348663233337602,3.0444979667663574,2.512223654311982,191,ppo_kalman_seed45,ppo_kalman,PPO-Kalman,45
77221,intercepted,1,0,0,0,564,514,257.0,50,564.0,282.0,4.724642753601074,0,2.6177608277283464,2.70279860496521,2.7015828391673025,51,ppo_kalman_seed45,ppo_kalman,PPO-Kalman,45
77222,unsafe_intercept,0,0,1,0,347,346,173.0,1,,,3.1741130352020264,0,0.7159484624862671,1.0364598035812378,0.7844168029223663,2,ppo_kalman_seed45,ppo_kalman,PPO-Kalman,45
77223,intercepted,1,0,0,0,351,39,19.5,312,351.0,175.5,3.3894362449645996,0,2.6381370184330133,2.2271740436553955,2.7113418909045723,313,ppo_kalman_seed45,ppo_kalman,PPO-Kalman,45
77224,intercepted,1,0,0,0,162,78,39.0,84,162.0,81.0,3.8432271480560303,0,2.7085973325897665,3.552006959915161,2.815201559892963,85,ppo_kalman_seed45,ppo_kalman,PPO-Kalman,45
77225,unsafe_intercept,0,0,1,0,279,279,139.5,0,,,2.208972692489624,0,1.647761583328247,1.647761583328247,1.647761583328247,1,ppo_kalman_seed45,ppo_kalman,PPO-Kalman,45
77226,soldier_caught,0,1,0,0,64,40,20.0,24,,,1.6284669637680054,0,2.066332685947418,2.785210371017456,2.224081015358397,25,ppo_kalman_seed45,ppo_kalman,PPO-Kalman,45
77227,intercepted,1,0,0,0,125,76,38.0,49,125.0,62.5,4.728821754455566,0,2.1287277641892435,2.747415542602539,2.2785174442260727,50,ppo_kalman_seed45,ppo_kalman,PPO-Kalman,45
77228,unsafe_intercept,0,0,1,0,464,463,231.5,1,,,2.8830020427703857,0,1.3084585070610046,2.1540231704711914,1.557897064862854,2,ppo_kalman_seed45,ppo_kalman,PPO-Kalman,45
77229,intercepted,1,0,0,0,55,10,5.0,45,55.0,27.5,4.973092079162598,0,2.4646752541479855,2.8387911319732666,2.5487762479436338,46,ppo_kalman_seed45,ppo_kalman,PPO-Kalman,45
77230,intercepted,1,0,0,0,494,293,146.5,201,494.0,247.0,3.2334136962890625,0,2.459647037015103,2.5405170917510986,2.6032152069035965,202,ppo_kalman_seed45,ppo_kalman,PPO-Kalman,45
77231,soldier_caught,0,1,0,0,117,94,47.0,23,,,1.9328267574310303,0,2.5171519915262857,2.1006133556365967,2.615843767455281,24,ppo_kalman_seed45,ppo_kalman,PPO-Kalman,45
77232,intercepted,1,0,0,0,116,73,36.5,43,116.0,58.0,2.4744393825531006,0,1.978842563249848,2.9531524181365967,2.191363131254094,44,ppo_kalman_seed45,ppo_kalman,PPO-Kalman,45
77233,intercepted,1,0,0,0,442,32,16.0,410,442.0,221.0,2.8016321659088135,0,2.654145505669053,2.4173848628997803,2.7328005453348285,411,ppo_kalman_seed45,ppo_kalman,PPO-Kalman,45
77234,soldier_caught,0,1,0,0,291,262,131.0,29,,,1.677442193031311,0,1.8474976936976115,1.1959033012390137,2.0571805576622193,30,ppo_kalman_seed45,ppo_kalman,PPO-Kalman,45
77235,soldier_caught,0,1,0,0,194,193,96.5,1,,,1.8924764394760132,0,1.3366646766662598,2.0028791427612305,1.4934906001316257,2,ppo_kalman_seed45,ppo_kalman,PPO-Kalman,45
77236,intercepted,1,0,0,0,360,274,137.0,86,360.0,180.0,2.718381404876709,0,2.426186236841925,2.844372034072876,2.5339712079863164,87,ppo_kalman_seed45,ppo_kalman,PPO-Kalman,45
77237,soldier_caught,0,1,0,0,507,417,208.5,90,,,1.8946278095245361,0,2.5422772745509725,2.42165470123291,2.6332004184224993,91,ppo_kalman_seed45,ppo_kalman,PPO-Kalman,45
77238,soldier_caught,0,1,0,0,635,609,304.5,26,,,0.5134089589118958,0,2.197476356117814,2.1264078617095947,2.3477113560559943,27,ppo_kalman_seed45,ppo_kalman,PPO-Kalman,45
77239,intercepted,1,0,0,0,412,369,184.5,43,412.0,206.0,3.325259208679199,0,2.4921507469632407,2.8247008323669434,2.597137283688794,44,ppo_kalman_seed45,ppo_kalman,PPO-Kalman,45
77240,intercepted,1,0,0,0,344,12,6.0,332,344.0,172.0,2.6640799045562744,0,2.5684154749632597,0.6759142279624939,2.6512959659334308,333,ppo_kalman_seed45,ppo_kalman,PPO-Kalman,45
77241,soldier_caught,0,1,0,0,171,170,85.0,1,,,1.9197548627853394,0,1.3170961439609528,1.7566401958465576,1.388503232255808,2,ppo_kalman_seed45,ppo_kalman,PPO-Kalman,45
77242,soldier_caught,0,1,0,0,11,10,5.0,1,,,1.6140074729919434,0,0.8506125807762146,0.583148717880249,0.8916718457650237,2,ppo_kalman_seed45,ppo_kalman,PPO-Kalman,45
77243,intercepted,1,0,0,0,310,10,5.0,300,310.0,155.0,3.610363245010376,0,2.6562089341819486,1.0456318855285645,2.735777227708217,301,ppo_kalman_seed45,ppo_kalman,PPO-Kalman,45
77244,intercepted,1,0,0,0,84,60,30.0,24,84.0,42.0,2.847684621810913,0,2.2535697388648988,2.4057981967926025,2.3843545549401703,25,ppo_kalman_seed45,ppo_kalman,PPO-Kalman,45
77245,soldier_caught,0,1,0,0,74,16,8.0,58,,,0.9496597051620483,0,2.1214409233149834,1.4693388938903809,2.3372226336895423,59,ppo_kalman_seed45,ppo_kalman,PPO-Kalman,45
77246,intercepted,1,0,0,0,532,120,60.0,412,532.0,266.0,2.8594930171966553,0,2.493500945029767,3.154282569885254,2.625551547269946,413,ppo_kalman_seed45,ppo_kalman,PPO-Kalman,45
77247,soldier_caught,0,1,0,0,319,318,159.0,1,,,1.5609092712402344,0,0.8881319314241409,0.4208567440509796,1.0035558919909733,2,ppo_kalman_seed45,ppo_kalman,PPO-Kalman,45
77248,soldier_caught,0,1,0,0,757,711,355.5,46,,,1.3131864070892334,0,2.291917349429841,2.7923390865325928,2.360787399266716,47,ppo_kalman_seed45,ppo_kalman,PPO-Kalman,45
77249,intercepted,1,0,0,0,838,682,341.0,156,838.0,419.0,3.8720719814300537,0,2.5577116097993913,0.5186718702316284,2.6563595467178804,157,ppo_kalman_seed45,ppo_kalman,PPO-Kalman,45
77250,unsafe_intercept,0,0,1,0,480,480,240.0,0,,,2.328684091567993,0,1.146245002746582,1.146245002746582,1.146245002746582,1,ppo_kalman_seed45,ppo_kalman,PPO-Kalman,45
77251,unsafe_intercept,0,0,1,0,196,81,40.5,115,,,2.271649122238159,0,2.5000139761330753,2.0000476837158203,2.6398705238180002,116,ppo_kalman_seed45,ppo_kalman,PPO-Kalman,45
77252,intercepted,1,0,0,0,703,577,288.5,126,703.0,351.5,3.41465425491333,0,2.517932700125251,2.7990822792053223,2.6237762618622753,127,ppo_kalman_seed45,ppo_kalman,PPO-Kalman,45
77253,soldier_caught,0,1,0,0,58,57,28.5,1,,,1.5539848804473877,0,1.2518973350524902,1.3480219841003418,1.2555822894840862,2,ppo_kalman_seed45,ppo_kalman,PPO-Kalman,45
77254,intercepted,1,0,0,0,308,130,65.0,178,308.0,154.0,3.6421749591827393,0,2.4940218997068246,2.801356315612793,2.611810199171439,179,ppo_kalman_seed45,ppo_kalman,PPO-Kalman,45
77255,intercepted,1,0,0,0,124,75,37.5,49,124.0,62.0,3.3738694190979004,0,2.2630151242017744,3.311194658279419,2.391284689554486,50,ppo_kalman_seed45,ppo_kalman,PPO-Kalman,45
77256,intercepted,1,0,0,0,257,63,31.5,194,257.0,128.5,2.6681480407714844,0,2.5294723592507533,2.5841071605682373,2.621901609549458,195,ppo_kalman_seed45,ppo_kalman,PPO-Kalman,45
77257,unsafe_intercept,0,0,1,0,304,303,151.5,1,,,2.528430461883545,0,1.3975911736488342,1.5711312294006348,1.4083242664995388,2,ppo_kalman_seed45,ppo_kalman,PPO-Kalman,45
77258,soldier_caught,0,1,0,0,251,11,5.5,240,,,1.6750094890594482,0,2.548342165115958,3.38702130317688,2.651203930082547,241,ppo_kalman_seed45,ppo_kalman,PPO-Kalman,45
77259,unsafe_intercept,0,0,1,0,284,284,142.0,0,,,2.0483686923980713,0,0.579125165939331,0.579125165939331,0.579125165939331,1,ppo_kalman_seed45,ppo_kalman,PPO-Kalman,45
77260,intercepted,1,0,0,0,1149,927,463.5,222,1149.0,574.5,2.8337652683258057,0,2.48569301385516,2.51420259475708,2.6055583484875315,223,ppo_kalman_seed45,ppo_kalman,PPO-Kalman,45
77261,intercepted,1,0,0,0,268,215,107.5,53,268.0,134.0,4.494691371917725,0,2.1956544799937143,1.5087435245513916,2.373353315065804,54,ppo_kalman_seed45,ppo_kalman,PPO-Kalman,45
77262,intercepted,1,0,0,0,292,62,31.0,230,292.0,146.0,4.20155143737793,0,2.624593468971583,2.3297717571258545,2.7045256471419434,231,ppo_kalman_seed45,ppo_kalman,PPO-Kalman,45
77263,unsafe_intercept,0,0,1,0,166,166,83.0,0,,,2.476933240890503,0,0.8898237943649292,0.8898237943649292,0.8898237943649292,1,ppo_kalman_seed45,ppo_kalman,PPO-Kalman,45
77264,soldier_caught,0,1,0,0,357,356,178.0,1,,,0.6490150094032288,0,0.8870875239372253,0.9008005857467651,0.8871935094382001,2,ppo_kalman_seed45,ppo_kalman,PPO-Kalman,45
77265,intercepted,1,0,0,0,523,371,185.5,152,523.0,261.5,2.97938871383667,0,2.6143021813405105,1.5862432718276978,2.730662857659066,153,ppo_kalman_seed45,ppo_kalman,PPO-Kalman,45
77266,intercepted,1,0,0,0,813,707,353.5,106,813.0,406.5,2.2316906452178955,0,2.455641392235444,2.7722086906433105,2.5389713399292235,107,ppo_kalman_seed45,ppo_kalman,PPO-Kalman,45
77267,soldier_caught,0,1,0,0,35,13,6.5,22,,,0.3697999119758606,0,2.3943595601164778,2.5626957416534424,2.483424259107168,23,ppo_kalman_seed45,ppo_kalman,PPO-Kalman,45
77268,soldier_caught,0,1,0,0,256,256,128.0,0,,,1.6957483291625977,0,0.8984442949295044,0.8984442949295044,0.8984442949295044,1,ppo_kalman_seed45,ppo_kalman,PPO-Kalman,45
77269,unsafe_intercept,0,0,1,0,214,213,106.5,1,,,2.826735258102417,0,1.2360152155160904,0.47275665402412415,1.4526862168679349,2,ppo_kalman_seed45,ppo_kalman,PPO-Kalman,45
77270,intercepted,1,0,0,0,129,82,41.0,47,129.0,64.5,3.7809314727783203,0,2.529717408120632,2.501537799835205,2.6317191454098476,48,ppo_kalman_seed45,ppo_kalman,PPO-Kalman,45
77271,intercepted,1,0,0,0,1444,1284,642.0,160,1444.0,722.0,3.2983689308166504,0,2.4635279944964816,2.6316542625427246,2.5927455201387524,161,ppo_kalman_seed45,ppo_kalman,PPO-Kalman,45
77272,intercepted,1,0,0,0,62,12,6.0,50,62.0,31.0,3.9438748359680176,0,2.4015433285750594,1.8395172357559204,2.518895841431355,51,ppo_kalman_seed45,ppo_kalman,PPO-Kalman,45
77273,unsafe_intercept,0,0,1,0,617,616,308.0,1,,,2.090930938720703,0,1.2411878108978271,0.6691393852233887,1.3666698881726866,2,ppo_kalman_seed45,ppo_kalman,PPO-Kalman,45
77274,intercepted,1,0,0,0,213,15,7.5,198,213.0,106.5,2.0276777744293213,0,2.3992826119439687,3.1631221771240234,2.509237368909278,199,ppo_kalman_seed45,ppo_kalman,PPO-Kalman,45
77275,soldier_caught,0,1,0,0,114,60,30.0,54,,,1.3332250118255615,0,2.2708668383685024,1.6640161275863647,2.470758861180317,55,ppo_kalman_seed45,ppo_kalman,PPO-Kalman,45
77276,unsafe_intercept,0,0,1,0,440,416,208.0,24,,,2.4769301414489746,0,2.3562339401245116,3.3856379985809326,2.464615850502468,25,ppo_kalman_seed45,ppo_kalman,PPO-Kalman,45
77277,intercepted,1,0,0,0,334,42,21.0,292,334.0,167.0,4.535158634185791,0,2.5095038893584913,3.0988659858703613,2.615737282762319,293,ppo_kalman_seed45,ppo_kalman,PPO-Kalman,45
77278,soldier_caught,0,1,0,0,217,217,108.5,0,,,0.8087678551673889,0,2.7959370613098145,2.7959370613098145,2.7959370613098145,1,ppo_kalman_seed45,ppo_kalman,PPO-Kalman,45
77279,soldier_caught,0,1,0,0,674,648,324.0,26,,,0.5941563248634338,0,2.172848708099789,0.7574887275695801,2.433967553893659,27,ppo_kalman_seed45,ppo_kalman,PPO-Kalman,45
77280,intercepted,1,0,0,0,152,45,22.5,107,152.0,76.0,2.6856541633605957,0,2.2009930801060467,2.2029881477355957,2.392051204681911,108,ppo_kalman_seed45,ppo_kalman,PPO-Kalman,45
77281,soldier_caught,0,1,0,0,263,262,131.0,1,,,1.8984326124191284,0,1.1129425466060638,0.7479224801063538,1.171273136801764,2,ppo_kalman_seed45,ppo_kalman,PPO-Kalman,45
77282,intercepted,1,0,0,0,84,64,32.0,20,84.0,42.0,2.8488757610321045,0,2.454903926168169,2.737394332885742,2.499445501824445,21,ppo_kalman_seed45,ppo_kalman,PPO-Kalman,45
77283,intercepted,1,0,0,0,711,677,338.5,34,711.0,355.5,2.613095998764038,0,2.614048835209438,3.2797353267669678,2.7198265156716435,35,ppo_kalman_seed45,ppo_kalman,PPO-Kalman,45
77284,unsafe_intercept,0,0,1,0,54,53,26.5,1,,,2.462266206741333,0,1.4152644276618958,1.2785508632659912,1.4218523126172375,2,ppo_kalman_seed45,ppo_kalman,PPO-Kalman,45
77285,intercepted,1,0,0,0,348,319,159.5,29,348.0,174.0,4.6838459968566895,0,1.950829357902209,3.2495100498199463,2.090759844913501,30,ppo_kalman_seed45,ppo_kalman,PPO-Kalman,45
77286,intercepted,1,0,0,0,376,162,81.0,214,376.0,188.0,2.973966598510742,0,2.6499084052651427,1.9933559894561768,2.726729733437646,215,ppo_kalman_seed45,ppo_kalman,PPO-Kalman,45
77287,intercepted,1,0,0,0,691,71,35.5,620,691.0,345.5,2.2244489192962646,0,2.5354872407352675,1.5761796236038208,2.6404148374722456,621,ppo_kalman_seed45,ppo_kalman,PPO-Kalman,45
77288,unsafe_intercept,0,0,1,0,277,277,138.5,0,,,2.104783058166504,0,0.7481353878974915,0.7481353878974915,0.7481353878974915,1,ppo_kalman_seed45,ppo_kalman,PPO-Kalman,45
77289,intercepted,1,0,0,0,37,12,6.0,25,37.0,18.5,2.694575071334839,0,2.1854010350429096,2.434661626815796,2.3174125094409526,26,ppo_kalman_seed45,ppo_kalman,PPO-Kalman,45
77290,intercepted,1,0,0,0,197,83,41.5,114,197.0,98.5,2.3180720806121826,0,2.6477665123732192,1.666535496711731,2.7181243662531815,115,ppo_kalman_seed45,ppo_kalman,PPO-Kalman,45
77291,soldier_caught,0,1,0,0,321,216,108.0,105,,,1.5541167259216309,0,2.45834400293962,2.1524038314819336,2.5607926818530498,106,ppo_kalman_seed45,ppo_kalman,PPO-Kalman,45
77292,intercepted,1,0,0,0,578,252,126.0,326,578.0,289.0,4.721312046051025,0,2.707585666340061,3.131953716278076,2.771976615285662,327,ppo_kalman_seed45,ppo_kalman,PPO-Kalman,45
77293,soldier_caught,0,1,0,0,61,60,30.0,1,,,1.673985242843628,0,1.0806813538074493,0.884216845035553,1.0983945063928917,2,ppo_kalman_seed45,ppo_kalman,PPO-Kalman,45
77294,intercepted,1,0,0,0,59,11,5.5,48,59.0,29.5,4.175103187561035,0,2.2968100023512936,2.501255989074707,2.4544791622842976,49,ppo_kalman_seed45,ppo_kalman,PPO-Kalman,45
77295,intercepted,1,0,0,0,891,485,242.5,406,891.0,445.5,2.2609689235687256,0,2.6531030201794765,3.102832317352295,2.7452022521015746,407,ppo_kalman_seed45,ppo_kalman,PPO-Kalman,45
77296,soldier_caught,0,1,0,0,33,10,5.0,23,,,1.8655308485031128,0,2.469845235347748,1.6530601978302002,2.6307219139649534,24,ppo_kalman_seed45,ppo_kalman,PPO-Kalman,45
77297,intercepted,1,0,0,0,201,10,5.0,191,201.0,100.5,3.817535400390625,0,2.6379788083334765,3.0911760330200195,2.691378338859518,192,ppo_kalman_seed45,ppo_kalman,PPO-Kalman,45
77298,soldier_caught,0,1,0,0,516,363,181.5,153,,,1.4759771823883057,0,2.71274062836325,2.8731908798217773,2.790794362714101,154,ppo_kalman_seed45,ppo_kalman,PPO-Kalman,45
77299,intercepted,1,0,0,0,907,551,275.5,356,907.0,453.5,3.382754325866699,0,2.537886718741986,2.944369316101074,2.648153804166307,357,ppo_kalman_seed45,ppo_kalman,PPO-Kalman,45
77300,soldier_caught,0,1,0,0,400,83,41.5,317,,,1.8377965688705444,0,2.671164125860112,3.2936673164367676,2.7453773554225243,318,ppo_kalman_seed45,ppo_kalman,PPO-Kalman,45
77301,intercepted,1,0,0,0,303,273,136.5,30,303.0,151.5,3.413722276687622,0,1.9077663642744864,2.1703011989593506,2.104816875976675,31,ppo_kalman_seed45,ppo_kalman,PPO-Kalman,45
77302,intercepted,1,0,0,0,401,320,160.0,81,401.0,200.5,4.587777614593506,0,2.3031093987022957,1.1956729888916016,2.4472242136065043,82,ppo_kalman_seed45,ppo_kalman,PPO-Kalman,45
77303,intercepted,1,0,0,0,121,33,16.5,88,121.0,60.5,4.988903522491455,0,2.581967160273134,3.516312837600708,2.668056266183143,89,ppo_kalman_seed45,ppo_kalman,PPO-Kalman,45
77304,unsafe_intercept,0,0,1,0,1024,1024,512.0,0,,,2.1721909046173096,0,1.0284799337387085,1.0284799337387085,1.0284799337387085,1,ppo_kalman_seed45,ppo_kalman,PPO-Kalman,45
77305,soldier_caught,0,1,0,0,172,172,86.0,0,,,1.8499528169631958,0,1.0403562784194946,1.0403562784194946,1.0403562784194946,1,ppo_kalman_seed45,ppo_kalman,PPO-Kalman,45
77306,unsafe_intercept,0,0,1,0,428,315,157.5,113,,,3.0351860523223877,0,2.5264626757094732,2.6485178470611572,2.601760150313983,114,ppo_kalman_seed45,ppo_kalman,PPO-Kalman,45
77307,unsafe_intercept,0,0,1,0,231,230,115.0,1,,,3.484103202819824,0,0.7493989914655685,1.0469448566436768,0.8063078756245657,2,ppo_kalman_seed45,ppo_kalman,PPO-Kalman,45
77308,unsafe_intercept,0,0,1,0,230,230,115.0,0,,,2.286402463912964,0,1.4099069833755493,1.4099069833755493,1.4099069833755493,1,ppo_kalman_seed45,ppo_kalman,PPO-Kalman,45
77309,intercepted,1,0,0,0,61,10,5.0,51,61.0,30.5,4.409268379211426,0,2.320124100607175,3.3021109104156494,2.4295055173568376,52,ppo_kalman_seed45,ppo_kalman,PPO-Kalman,45
77310,unsafe_intercept,0,0,1,0,389,389,194.5,0,,,2.2968757152557373,0,1.3572362661361694,1.3572362661361694,1.3572362661361694,1,ppo_kalman_seed45,ppo_kalman,PPO-Kalman,45
77311,intercepted,1,0,0,0,352,158,79.0,194,352.0,176.0,3.0964906215667725,0,2.4374591356668716,3.1514551639556885,2.5304256465386614,195,ppo_kalman_seed45,ppo_kalman,PPO-Kalman,45
77312,intercepted,1,0,0,0,249,143,71.5,106,249.0,124.5,2.199113130569458,0,2.33184748943721,1.4051501750946045,2.479420488553241,107,ppo_kalman_seed45,ppo_kalman,PPO-Kalman,45
77313,soldier_caught,0,1,0,0,37,10,5.0,27,,,1.458369493484497,0,2.1592587317739214,2.4010202884674072,2.307890993838566,28,ppo_kalman_seed45,ppo_kalman,PPO-Kalman,45
77314,unsafe_intercept,0,0,1,0,76,76,38.0,0,,,2.264536142349243,0,1.011144757270813,1.011144757270813,1.011144757270813,1,ppo_kalman_seed45,ppo_kalman,PPO-Kalman,45
77315,intercepted,1,0,0,0,381,146,73.0,235,381.0,190.5,3.5207161903381348,0,2.609557148384846,2.25059175491333,2.716223116754401,236,ppo_kalman_seed45,ppo_kalman,PPO-Kalman,45
77316,unsafe_intercept,0,0,1,0,36,36,18.0,0,,,2.024066209793091,0,1.299434781074524,1.299434781074524,1.299434781074524,1,ppo_kalman_seed45,ppo_kalman,PPO-Kalman,45
77317,soldier_caught,0,1,0,0,37,37,18.5,0,,,1.9277340173721313,0,1.4309557676315308,1.4309557676315308,1.4309557676315308,1,ppo_kalman_seed45,ppo_kalman,PPO-Kalman,45
77318,unsafe_intercept,0,0,1,0,212,212,106.0,0,,,2.34527850151062,0,1.6739751100540161,1.6739751100540161,1.6739751100540161,1,ppo_kalman_seed45,ppo_kalman,PPO-Kalman,45
77319,unsafe_intercept,0,0,1,0,457,456,228.0,1,,,2.643078327178955,0,1.219588816165924,1.0517596006393433,1.2310822580564094,2,ppo_kalman_seed45,ppo_kalman,PPO-Kalman,45
77320,intercepted,1,0,0,0,105,34,17.0,71,105.0,52.5,4.425765037536621,0,2.418934059639772,2.2582619190216064,2.579623954377923,72,ppo_kalman_seed45,ppo_kalman,PPO-Kalman,45
77321,intercepted,1,0,0,0,464,233,116.5,231,464.0,232.0,4.84450626373291,0,2.4024125228411166,4.136968612670898,2.556357393348991,232,ppo_kalman_seed45,ppo_kalman,PPO-Kalman,45
77322,intercepted,1,0,0,0,576,509,254.5,67,576.0,288.0,4.769620895385742,0,2.638405505786924,3.4130098819732666,2.7170426793968807,68,ppo_kalman_seed45,ppo_kalman,PPO-Kalman,45
77323,intercepted,1,0,0,0,314,237,118.5,77,314.0,157.0,2.5592520236968994,0,2.416410138591742,3.421444892883301,2.5233561237810864,78,ppo_kalman_seed45,ppo_kalman,PPO-Kalman,45
77324,intercepted,1,0,0,0,376,349,174.5,27,376.0,188.0,3.1405229568481445,0,2.455798393913678,1.3472959995269775,2.5980693066479543,28,ppo_kalman_seed45,ppo_kalman,PPO-Kalman,45
77325,intercepted,1,0,0,0,228,204,102.0,24,228.0,114.0,4.133947849273682,0,1.5021426689624786,0.8325528502464294,1.7837425827478128,25,ppo_kalman_seed45,ppo_kalman,PPO-Kalman,45
77326,unsafe_intercept,0,0,1,0,13,12,6.0,1,,,2.2827911376953125,0,1.2659066915512085,1.0376405715942383,1.28632234421794,2,ppo_kalman_seed45,ppo_kalman,PPO-Kalman,45
77327,soldier_caught,0,1,0,0,143,143,71.5,0,,,1.2780808210372925,0,1.9404484033584595,1.9404484033584595,1.9404484033584595,1,ppo_kalman_seed45,ppo_kalman,PPO-Kalman,45
77328,unsafe_intercept,0,0,1,0,684,683,341.5,1,,,2.3581998348236084,0,1.083721935749054,1.4671828746795654,1.1495631890892932,2,ppo_kalman_seed45,ppo_kalman,PPO-Kalman,45
77329,intercepted,1,0,0,0,132,106,53.0,26,132.0,66.0,3.9778363704681396,0,2.5837964327247054,3.515796184539795,2.7074848878885875,27,ppo_kalman_seed45,ppo_kalman,PPO-Kalman,45
77330,intercepted,1,0,0,0,233,15,7.5,218,233.0,116.5,2.307310104370117,0,2.471046230020044,2.0587024688720703,2.588718003067185,219,ppo_kalman_seed45,ppo_kalman,PPO-Kalman,45
77331,intercepted,1,0,0,0,277,267,133.5,10,277.0,138.5,4.800548553466797,0,2.0125520527362823,4.630766868591309,2.4069740450405033,11,ppo_kalman_seed45,ppo_kalman,PPO-Kalman,45
77332,intercepted,1,0,0,0,416,243,121.5,173,416.0,208.0,3.2432191371917725,0,2.164548764112352,3.159334659576416,2.322242360344729,174,ppo_kalman_seed45,ppo_kalman,PPO-Kalman,45
77333,intercepted,1,0,0,0,158,33,16.5,125,158.0,79.0,3.0478270053863525,0,2.3070544165278237,2.0157742500305176,2.4511091294357397,126,ppo_kalman_seed45,ppo_kalman,PPO-Kalman,45
77334,unsafe_intercept,0,0,1,0,46,46,23.0,0,,,2.3863625526428223,0,0.988478422164917,0.988478422164917,0.988478422164917,1,ppo_kalman_seed45,ppo_kalman,PPO-Kalman,45
77335,intercepted,1,0,0,0,79,51,25.5,28,79.0,39.5,4.043050289154053,0,2.175749382068371,2.702648162841797,2.463123773959959,29,ppo_kalman_seed45,ppo_kalman,PPO-Kalman,45
77336,soldier_caught,0,1,0,0,199,199,99.5,0,,,1.7678484916687012,0,0.5904507040977478,0.5904507040977478,0.5904507040977478,1,ppo_kalman_seed45,ppo_kalman,PPO-Kalman,45
77337,intercepted,1,0,0,0,1056,1031,515.5,25,1056.0,528.0,4.2880072593688965,0,1.9738651984013045,2.0176963806152344,2.1472077635275024,26,ppo_kalman_seed45,ppo_kalman,PPO-Kalman,45
77338,unsafe_intercept,0,0,1,0,10,10,5.0,0,,,2.1981863975524902,0,1.0332555770874023,1.0332555770874023,1.0332555770874023,1,ppo_kalman_seed45,ppo_kalman,PPO-Kalman,45
77339,soldier_caught,0,1,0,0,316,315,157.5,1,,,1.1389951705932617,0,0.9638095498085022,0.8234294652938843,0.9739791663225651,2,ppo_kalman_seed45,ppo_kalman,PPO-Kalman,45
77340,soldier_caught,0,1,0,0,181,157,78.5,24,,,1.752616047859192,0,2.5579267984628675,3.2891428470611572,2.751683291401524,25,ppo_kalman_seed45,ppo_kalman,PPO-Kalman,45
77341,intercepted,1,0,0,0,148,14,7.0,134,148.0,74.0,4.951031684875488,0,2.7546325873445583,3.051074981689453,2.8368107185420706,135,ppo_kalman_seed45,ppo_kalman,PPO-Kalman,45
77342,intercepted,1,0,0,0,423,322,161.0,101,423.0,211.5,2.1482691764831543,0,2.4466391287597955,2.3533530235290527,2.5723349071134387,102,ppo_kalman_seed45,ppo_kalman,PPO-Kalman,45
77343,intercepted,1,0,0,0,399,372,186.0,27,399.0,199.5,3.0760304927825928,0,2.436651246888297,3.1308279037475586,2.5659809811756538,28,ppo_kalman_seed45,ppo_kalman,PPO-Kalman,45
77344,soldier_caught,0,1,0,0,220,219,109.5,1,,,1.31515634059906,0,0.5593890994787216,0.22917065024375916,0.6495847818651224,2,ppo_kalman_seed45,ppo_kalman,PPO-Kalman,45
77345,unsafe_intercept,0,0,1,0,470,470,235.0,0,,,2.2185003757476807,0,0.8506628274917603,0.8506628274917603,0.8506628274917603,1,ppo_kalman_seed45,ppo_kalman,PPO-Kalman,45
77346,intercepted,1,0,0,0,126,83,41.5,43,126.0,63.0,4.8455634117126465,0,2.616260154680772,2.5772037506103516,2.7640475184939906,44,ppo_kalman_seed45,ppo_kalman,PPO-Kalman,45
77347,unsafe_intercept,0,0,1,0,203,203,101.5,0,,,2.3310654163360596,0,1.180192232131958,1.180192232131958,1.180192232131958,1,ppo_kalman_seed45,ppo_kalman,PPO-Kalman,45
77348,soldier_caught,0,1,0,0,94,93,46.5,1,,,1.5252410173416138,0,1.2291154265403748,1.2479052543640137,1.2292590408002575,2,ppo_kalman_seed45,ppo_kalman,PPO-Kalman,45
77349,intercepted,1,0,0,0,67,9,4.5,58,67.0,33.5,4.7375640869140625,0,2.1031796533172415,3.1441287994384766,2.2086269951316493,59,ppo_kalman_seed45,ppo_kalman,PPO-Kalman,45
77350,unsafe_intercept,0,0,1,0,97,96,48.0,1,,,2.940678834915161,0,1.4156628549098969,1.8714996576309204,1.4872419135724237,2,ppo_kalman_seed45,ppo_kalman,PPO-Kalman,45
77351,intercepted,1,0,0,0,413,31,15.5,382,413.0,206.5,2.182781934738159,0,2.467417623604558,3.1453373432159424,2.5855863763162796,383,ppo_kalman_seed45,ppo_kalman,PPO-Kalman,45
77352,soldier_caught,0,1,0,0,16,16,8.0,0,,,1.9169644117355347,0,1.6880786418914795,1.6880786418914795,1.6880786418914795,1,ppo_kalman_seed45,ppo_kalman,PPO-Kalman,45
77353,intercepted,1,0,0,0,687,636,318.0,51,687.0,343.5,2.586555004119873,0,2.4842150119634776,3.3948824405670166,2.609794248478647,52,ppo_kalman_seed45,ppo_kalman,PPO-Kalman,45
77354,soldier_caught,0,1,0,0,14,14,7.0,0,,,1.7258144617080688,0,1.134795069694519,1.134795069694519,1.134795069694519,1,ppo_kalman_seed45,ppo_kalman,PPO-Kalman,45
77355,intercepted,1,0,0,0,121,59,29.5,62,121.0,60.5,3.3839430809020996,0,2.5360048772796753,3.027447462081909,2.6588913379582415,63,ppo_kalman_seed45,ppo_kalman,PPO-Kalman,45
77356,intercepted,1,0,0,0,308,222,111.0,86,308.0,154.0,3.760608434677124,0,2.2540333894477493,2.7767202854156494,2.3679921831780644,87,ppo_kalman_seed45,ppo_kalman,PPO-Kalman,45
77357,intercepted,1,0,0,0,525,503,251.5,22,525.0,262.5,3.153181314468384,0,2.5410185585851255,3.028231143951416,2.740064480583304,23,ppo_kalman_seed45,ppo_kalman,PPO-Kalman,45
77358,unsafe_intercept,0,0,1,0,55,54,27.0,1,,,2.720527410507202,0,1.172275960445404,1.419602394104004,1.1980823395011198,2,ppo_kalman_seed45,ppo_kalman,PPO-Kalman,45
77359,unsafe_intercept,0,0,1,0,98,98,49.0,0,,,2.062865734100342,0,1.2620935440063477,1.2620935440063477,1.2620935440063477,1,ppo_kalman_seed45,ppo_kalman,PPO-Kalman,45
77360,intercepted,1,0,0,0,160,107,53.5,53,160.0,80.0,2.9172301292419434,0,2.2702382052386247,2.856529474258423,2.4257694505429583,54,ppo_kalman_seed45,ppo_kalman,PPO-Kalman,45
77361,soldier_caught,0,1,0,0,232,232,116.0,0,,,1.4915634393692017,0,0.7249058485031128,0.7249058485031128,0.7249058485031128,1,ppo_kalman_seed45,ppo_kalman,PPO-Kalman,45
77362,intercepted,1,0,0,0,116,10,5.0,106,116.0,58.0,2.7612807750701904,0,2.410766245048737,3.9568932056427,2.5423108264532632,107,ppo_kalman_seed45,ppo_kalman,PPO-Kalman,45
77363,intercepted,1,0,0,0,521,438,219.0,83,521.0,260.5,3.2030045986175537,0,2.511588384707769,0.5655819177627563,2.717212863779567,84,ppo_kalman_seed45,ppo_kalman,PPO-Kalman,45
77364,soldier_caught,0,1,0,0,79,79,39.5,0,,,1.5504070520401,0,0.9234578609466553,0.9234578609466553,0.9234578609466553,1,ppo_kalman_seed45,ppo_kalman,PPO-Kalman,45
77365,unsafe_intercept,0,0,1,0,464,464,232.0,0,,,2.100215196609497,0,0.9441095590591431,0.9441095590591431,0.9441095590591431,1,ppo_kalman_seed45,ppo_kalman,PPO-Kalman,45
77366,intercepted,1,0,0,0,310,283,141.5,27,310.0,155.0,4.839810848236084,0,2.2442299148866107,3.8042941093444824,2.35695639653138,28,ppo_kalman_seed45,ppo_kalman,PPO-Kalman,45
77367,unsafe_intercept,0,0,1,0,379,379,189.5,0,,,2.295452356338501,0,0.9032989144325256,0.9032989144325256,0.9032989144325256,1,ppo_kalman_seed45,ppo_kalman,PPO-Kalman,45
77368,intercepted,1,0,0,0,142,67,33.5,75,142.0,71.0,4.849776268005371,0,2.1072356587177827,0.6424870491027832,2.3322448745262747,76,ppo_kalman_seed45,ppo_kalman,PPO-Kalman,45
77369,intercepted,1,0,0,0,57,10,5.0,47,57.0,28.5,3.8718366622924805,0,2.469156116247177,2.7965235710144043,2.5836441456442647,48,ppo_kalman_seed45,ppo_kalman,PPO-Kalman,45
77370,unsafe_intercept,0,0,1,0,187,187,93.5,0,,,2.1862752437591553,0,1.2491976022720337,1.2491976022720337,1.2491976022720337,1,ppo_kalman_seed45,ppo_kalman,PPO-Kalman,45
77371,intercepted,1,0,0,0,370,369,184.5,1,370.0,185.0,3.545947313308716,0,1.2698898911476135,1.5996657609939575,1.3120108459810118,2,ppo_kalman_seed45,ppo_kalman,PPO-Kalman,45
77372,soldier_caught,0,1,0,0,66,44,22.0,22,,,0.8231939077377319,0,2.083731847612754,3.1955699920654297,2.3277005438395766,23,ppo_kalman_seed45,ppo_kalman,PPO-Kalman,45
77373,intercepted,1,0,0,0,345,297,148.5,48,345.0,172.5,3.9885365962982178,0,2.294496928550759,2.9278719425201416,2.397175173288503,49,ppo_kalman_seed45,ppo_kalman,PPO-Kalman,45
77374,intercepted,1,0,0,0,405,248,124.0,157,405.0,202.5,3.35174822807312,0,2.6195061753822277,2.6629157066345215,2.6979402280728655,158,ppo_kalman_seed45,ppo_kalman,PPO-Kalman,45
77375,soldier_caught,0,1,0,0,270,129,64.5,141,,,0.5249963998794556,0,2.619793635438865,3.901467800140381,2.686640503907215,142,ppo_kalman_seed45,ppo_kalman,PPO-Kalman,45
77376,intercepted,1,0,0,0,12,11,5.5,1,12.0,6.0,3.230076313018799,0,1.5908178091049194,2.339785575866699,1.7583099889989546,2,ppo_kalman_seed45,ppo_kalman,PPO-Kalman,45
77377,intercepted,1,0,0,0,494,376,188.0,118,494.0,247.0,3.0519797801971436,0,2.5066405350671097,2.347874879837036,2.574892137942825,119,ppo_kalman_seed45,ppo_kalman,PPO-Kalman,45
77378,intercepted,1,0,0,0,331,10,5.0,321,331.0,165.5,3.2482964992523193,0,2.5520767327050984,2.8715152740478516,2.6671116601953018,322,ppo_kalman_seed45,ppo_kalman,PPO-Kalman,45
77379,intercepted,1,0,0,0,517,64,32.0,453,517.0,258.5,3.2334492206573486,0,2.78048544216261,2.6960136890411377,2.8360732000322786,454,ppo_kalman_seed45,ppo_kalman,PPO-Kalman,45
77380,intercepted,1,0,0,0,57,36,18.0,21,57.0,28.5,4.609057426452637,0,2.1893757581710815,2.354956865310669,2.293175847892602,22,ppo_kalman_seed45,ppo_kalman,PPO-Kalman,45
77381,intercepted,1,0,0,0,42,10,5.0,32,42.0,21.0,2.8697266578674316,0,2.1799385908878213,2.7483270168304443,2.446140714515635,33,ppo_kalman_seed45,ppo_kalman,PPO-Kalman,45
77382,intercepted,1,0,0,0,191,170,85.0,21,191.0,95.5,3.869131088256836,0,2.2594481002200735,1.717614769935608,2.3871184520860496,22,ppo_kalman_seed45,ppo_kalman,PPO-Kalman,45
77383,intercepted,1,0,0,0,232,155,77.5,77,232.0,116.0,4.246495723724365,0,2.3005689695859566,2.3894667625427246,2.433597413405528,78,ppo_kalman_seed45,ppo_kalman,PPO-Kalman,45
77384,soldier_caught,0,1,0,0,393,370,185.0,23,,,1.4810184240341187,0,2.4210366110006967,2.720036029815674,2.5339208974231515,24,ppo_kalman_seed45,ppo_kalman,PPO-Kalman,45
77385,soldier_caught,0,1,0,0,108,17,8.5,91,,,0.5711936950683594,0,2.504050085078115,1.8442354202270508,2.6004321586066257,92,ppo_kalman_seed45,ppo_kalman,PPO-Kalman,45
77386,intercepted,1,0,0,0,160,72,36.0,88,160.0,80.0,2.423535108566284,0,2.6959312263499484,2.90161395072937,2.7718421574736056,89,ppo_kalman_seed45,ppo_kalman,PPO-Kalman,45
77387,intercepted,1,0,0,0,234,117,58.5,117,234.0,117.0,2.928154230117798,0,2.733374344090284,2.1466023921966553,2.7860637854480506,118,ppo_kalman_seed45,ppo_kalman,PPO-Kalman,45
77388,soldier_caught,0,1,0,0,513,489,244.5,24,,,0.2818000614643097,0,2.223570739030838,2.9567763805389404,2.3757954768676584,25,ppo_kalman_seed45,ppo_kalman,PPO-Kalman,45
77389,intercepted,1,0,0,0,496,448,224.0,48,496.0,248.0,3.934450387954712,0,2.2892643207189987,1.9752748012542725,2.4338569615510917,49,ppo_kalman_seed45,ppo_kalman,PPO-Kalman,45
77390,soldier_caught,0,1,0,0,341,341,170.5,0,,,1.721756935119629,0,0.2444954365491867,0.2444954365491867,0.2444954365491867,1,ppo_kalman_seed45,ppo_kalman,PPO-Kalman,45
77391,intercepted,1,0,0,0,184,128,64.0,56,184.0,92.0,2.732473850250244,0,2.427937886171174,2.8750076293945312,2.5351904120602153,57,ppo_kalman_seed45,ppo_kalman,PPO-Kalman,45
77392,soldier_caught,0,1,0,0,774,773,386.5,1,,,1.481753945350647,0,1.2675262689590454,1.241604208946228,1.2677913060502295,2,ppo_kalman_seed45,ppo_kalman,PPO-Kalman,45
77393,intercepted,1,0,0,0,129,78,39.0,51,129.0,64.5,4.437187194824219,0,2.3936622681526036,2.3143062591552734,2.539715008850986,52,ppo_kalman_seed45,ppo_kalman,PPO-Kalman,45
77394,intercepted,1,0,0,0,977,927,463.5,50,977.0,488.5,2.6569275856018066,0,2.431962356847875,2.501704692840576,2.500266916431229,51,ppo_kalman_seed45,ppo_kalman,PPO-Kalman,45
77395,intercepted,1,0,0,0,364,316,158.0,48,364.0,182.0,4.254807472229004,0,2.5593155865766564,1.9564329385757446,2.6425513911989165,49,ppo_kalman_seed45,ppo_kalman,PPO-Kalman,45
77396,soldier_caught,0,1,0,0,240,74,37.0,166,,,0.3645074665546417,0,2.4767043408519496,2.306671142578125,2.579538867396115,167,ppo_kalman_seed45,ppo_kalman,PPO-Kalman,45
77397,unsafe_intercept,0,0,1,0,11,11,5.5,0,,,2.305056095123291,0,0.7142171859741211,0.7142171859741211,0.7142171859741211,1,ppo_kalman_seed45,ppo_kalman,PPO-Kalman,45
77398,soldier_caught,0,1,0,0,370,220,110.0,150,,,0.8543672561645508,0,2.4856796716617433,2.948686361312866,2.571523240541569,151,ppo_kalman_seed45,ppo_kalman,PPO-Kalman,45
77399,soldier_caught,0,1,0,0,76,75,37.5,1,,,1.8070555925369263,0,1.1827340126037598,1.6757841110229492,1.2813891462475258,2,ppo_kalman_seed45,ppo_kalman,PPO-Kalman,45
77400,intercepted,1,0,0,0,1100,1044,522.0,56,1100.0,550.0,4.093569755554199,0,2.193729292928127,2.2458670139312744,2.340872019864214,57,ppo_kalman_seed45,ppo_kalman,PPO-Kalman,45
77401,unsafe_intercept,0,0,1,0,176,176,88.0,0,,,2.3986144065856934,0,0.4580806791782379,0.4580806791782379,0.4580806791782379,1,ppo_kalman_seed45,ppo_kalman,PPO-Kalman,45
77402,soldier_caught,0,1,0,0,458,457,228.5,1,,,1.979156732559204,0,2.139088451862335,1.7903300523757935,2.167332883085387,2,ppo_kalman_seed45,ppo_kalman,PPO-Kalman,45
77403,soldier_caught,0,1,0,0,264,263,131.5,1,,,1.9225469827651978,0,1.2327731847763062,0.9583176374435425,1.262955095229139,2,ppo_kalman_seed45,ppo_kalman,PPO-Kalman,45
77404,intercepted,1,0,0,0,468,413,206.5,55,468.0,234.0,3.468074083328247,0,2.6763979643583298,2.2683584690093994,2.7362916421976866,56,ppo_kalman_seed45,ppo_kalman,PPO-Kalman,45
77405,soldier_caught,0,1,0,0,41,40,20.0,1,,,1.1608742475509644,0,1.2995910942554474,1.7672858238220215,1.3811862192812459,2,ppo_kalman_seed45,ppo_kalman,PPO-Kalman,45
77406,soldier_caught,0,1,0,0,720,578,289.0,142,,,1.5884945392608643,0,2.4405249967858507,2.015502452850342,2.5441982744737395,143,ppo_kalman_seed45,ppo_kalman,PPO-Kalman,45
77407,intercepted,1,0,0,0,127,14,7.0,113,127.0,63.5,3.8874125480651855,0,2.4628680897386452,2.583930730819702,2.5411105615142953,114,ppo_kalman_seed45,ppo_kalman,PPO-Kalman,45
77408,soldier_caught,0,1,0,0,145,55,27.5,90,,,1.7647221088409424,0,2.38914908681597,2.821255683898926,2.5182538324220904,91,ppo_kalman_seed45,ppo_kalman,PPO-Kalman,45
77409,intercepted,1,0,0,0,42,12,6.0,30,42.0,21.0,4.082300662994385,0,2.1182296689479583,4.14300537109375,2.301587997903545,31,ppo_kalman_seed45,ppo_kalman,PPO-Kalman,45
77410,intercepted,1,0,0,0,724,677,338.5,47,724.0,362.0,3.2978951930999756,0,2.5005568747098246,1.5637977123260498,2.6356360101677514,48,ppo_kalman_seed45,ppo_kalman,PPO-Kalman,45
77411,soldier_caught,0,1,0,0,44,18,9.0,26,,,1.8745309114456177,0,1.9887090524037678,1.5539906024932861,2.1695817131545736,27,ppo_kalman_seed45,ppo_kalman,PPO-Kalman,45
77412,unsafe_intercept,0,0,1,0,56,56,28.0,0,,,2.410487651824951,0,0.8103070855140686,0.8103070855140686,0.8103070855140686,1,ppo_kalman_seed45,ppo_kalman,PPO-Kalman,45
77413,soldier_caught,0,1,0,0,525,525,262.5,0,,,1.5322661399841309,0,2.214796304702759,2.214796304702759,2.214796304702759,1,ppo_kalman_seed45,ppo_kalman,PPO-Kalman,45
77414,unsafe_intercept,0,0,1,0,346,346,173.0,0,,,2.048494338989258,0,1.0194162130355835,1.0194162130355835,1.0194162130355835,1,ppo_kalman_seed45,ppo_kalman,PPO-Kalman,45
77415,unsafe_intercept,0,0,1,0,562,561,280.5,1,,,2.251939535140991,0,1.2640704214572906,0.9858121275901794,1.2943344654721392,2,ppo_kalman_seed45,ppo_kalman,PPO-Kalman,45
77416,intercepted,1,0,0,0,1030,1010,505.0,20,1030.0,515.0,3.863954544067383,0,2.4632774208273207,3.303891181945801,2.67909293431545,21,ppo_kalman_seed45,ppo_kalman,PPO-Kalman,45
77417,soldier_caught,0,1,0,0,152,152,76.0,0,,,1.6420793533325195,0,0.4800230860710144,0.4800230860710144,0.4800230860710144,1,ppo_kalman_seed45,ppo_kalman,PPO-Kalman,45
77418,intercepted,1,0,0,0,336,311,155.5,25,336.0,168.0,3.5216081142425537,0,2.1125265657901764,1.4697051048278809,2.2790425368995093,26,ppo_kalman_seed45,ppo_kalman,PPO-Kalman,45
77419,soldier_caught,0,1,0,0,13,12,6.0,1,,,0.8333197832107544,0,0.9231503009796143,1.0271179676055908,0.9289864121193606,2,ppo_kalman_seed45,ppo_kalman,PPO-Kalman,45
77420,soldier_caught,0,1,0,0,241,241,120.5,0,,,1.9650840759277344,0,1.6620619297027588,1.6620619297027588,1.6620619297027588,1,ppo_kalman_seed45,ppo_kalman,PPO-Kalman,45
77421,intercepted,1,0,0,0,585,38,19.0,547,585.0,292.5,2.0666003227233887,0,2.621686159367979,1.388654351234436,2.6955665240626088,548,ppo_kalman_seed45,ppo_kalman,PPO-Kalman,45
77422,intercepted,1,0,0,0,970,639,319.5,331,970.0,485.0,2.5516340732574463,0,2.6380513290683907,2.012744665145874,2.7360857800043212,332,ppo_kalman_seed45,ppo_kalman,PPO-Kalman,45
77423,soldier_caught,0,1,0,0,34,34,17.0,0,,,1.7164597511291504,0,1.245460033416748,1.245460033416748,1.245460033416748,1,ppo_kalman_seed45,ppo_kalman,PPO-Kalman,45
77424,soldier_caught,0,1,0,0,89,66,33.0,23,,,1.6034266948699951,0,2.2755305419365564,2.67181396484375,2.337552067226803,24,ppo_kalman_seed45,ppo_kalman,PPO-Kalman,45
77425,intercepted,1,0,0,0,145,74,37.0,71,145.0,72.5,4.709837913513184,0,2.5749912559986115,2.9025802612304688,2.69935374205173,72,ppo_kalman_seed45,ppo_kalman,PPO-Kalman,45
77426,unsafe_intercept,0,0,1,0,12,11,5.5,1,,,2.197873115539551,0,1.3100807070732117,1.2304702997207642,1.3124973432370326,2,ppo_kalman_seed45,ppo_kalman,PPO-Kalman,45
77427,intercepted,1,0,0,0,963,610,305.0,353,963.0,481.5,4.372094631195068,0,2.571255185930742,2.056094169616699,2.6882661168190927,354,ppo_kalman_seed45,ppo_kalman,PPO-Kalman,45
77428,intercepted,1,0,0,0,232,34,17.0,198,232.0,116.0,3.70894455909729,0,2.6732195996159884,2.5296475887298584,2.7259588041037834,199,ppo_kalman_seed45,ppo_kalman,PPO-Kalman,45
77429,intercepted,1,0,0,0,90,39,19.5,51,90.0,45.0,4.391066074371338,0,2.3361650430239163,2.568169116973877,2.503907027085082,52,ppo_kalman_seed45,ppo_kalman,PPO-Kalman,45
77430,soldier_caught,0,1,0,0,59,58,29.0,1,,,1.3233153820037842,0,1.0336214005947113,1.3785631656646729,1.0896595895310395,2,ppo_kalman_seed45,ppo_kalman,PPO-Kalman,45
77431,intercepted,1,0,0,0,538,248,124.0,290,538.0,269.0,3.713670492172241,0,2.677773201588503,2.7761223316192627,2.7637506895443096,291,ppo_kalman_seed45,ppo_kalman,PPO-Kalman,45
77432,intercepted,1,0,0,0,631,485,242.5,146,631.0,315.5,2.399966239929199,0,2.4913938876722947,3.1999683380126953,2.6040765800191243,147,ppo_kalman_seed45,ppo_kalman,PPO-Kalman,45
77433,intercepted,1,0,0,0,273,272,136.0,1,273.0,136.5,3.4042437076568604,0,1.3965247869491577,1.517673373222351,1.401769760167262,2,ppo_kalman_seed45,ppo_kalman,PPO-Kalman,45
77434,intercepted,1,0,0,0,47,13,6.5,34,47.0,23.5,2.826533317565918,0,2.2154628702572414,3.2651233673095703,2.394324676512486,35,ppo_kalman_seed45,ppo_kalman,PPO-Kalman,45
77435,intercepted,1,0,0,0,317,264,132.0,53,317.0,158.5,3.117581605911255,0,2.527431597864186,3.555802822113037,2.6250787845385255,54,ppo_kalman_seed45,ppo_kalman,PPO-Kalman,45
77436,soldier_caught,0,1,0,0,216,216,108.0,0,,,0.5657556653022766,0,1.3714112043380737,1.3714112043380737,1.3714112043380737,1,ppo_kalman_seed45,ppo_kalman,PPO-Kalman,45
77437,unsafe_intercept,0,0,1,0,38,37,18.5,1,,,2.468017339706421,0,1.0572874546051025,0.5077605247497559,1.191568969175339,2,ppo_kalman_seed45,ppo_kalman,PPO-Kalman,45
77438,soldier_caught,0,1,0,0,712,712,356.0,0,,,1.559525728225708,0,0.5853974223136902,0.5853974223136902,0.5853974223136902,1,ppo_kalman_seed45,ppo_kalman,PPO-Kalman,45
77439,intercepted,1,0,0,0,131,105,52.5,26,131.0,65.5,4.058508396148682,0,2.3035530977778964,3.7882192134857178,2.4284508857169786,27,ppo_kalman_seed45,ppo_kalman,PPO-Kalman,45
77440,intercepted,1,0,0,0,330,267,133.5,63,330.0,165.0,3.2792415618896484,0,2.619304713793099,4.036123752593994,2.718102931534321,64,ppo_kalman_seed45,ppo_kalman,PPO-Kalman,45
77441,soldier_caught,0,1,0,0,404,403,201.5,1,,,0.037252407521009445,0,1.0580960512161255,1.0289565324783325,1.0584972201906946,2,ppo_kalman_seed45,ppo_kalman,PPO-Kalman,45
77442,intercepted,1,0,0,0,238,135,67.5,103,238.0,119.0,2.064870595932007,0,2.3107152154239325,2.43039608001709,2.4298690828754625,104,ppo_kalman_seed45,ppo_kalman,PPO-Kalman,45
77443,soldier_caught,0,1,0,0,807,807,403.5,0,,,1.6602751016616821,0,0.6476386785507202,0.6476386785507202,0.6476386785507202,1,ppo_kalman_seed45,ppo_kalman,PPO-Kalman,45
77444,soldier_caught,0,1,0,0,220,10,5.0,210,,,1.9666718244552612,0,2.696457664266017,2.8541269302368164,2.7671179165903705,211,ppo_kalman_seed45,ppo_kalman,PPO-Kalman,45
77445,soldier_caught,0,1,0,0,805,755,377.5,50,,,1.258454442024231,0,2.4894497616618287,2.7186191082000732,2.5795075611791667,51,ppo_kalman_seed45,ppo_kalman,PPO-Kalman,45
77446,intercepted,1,0,0,0,123,93,46.5,30,123.0,61.5,3.0180861949920654,0,2.514415464093608,3.1008715629577637,2.6192322636858147,31,ppo_kalman_seed45,ppo_kalman,PPO-Kalman,45
77447,intercepted,1,0,0,0,649,529,264.5,120,649.0,324.5,3.8364462852478027,0,2.36123343735687,3.154552698135376,2.469710170859059,121,ppo_kalman_seed45,ppo_kalman,PPO-Kalman,45
77448,intercepted,1,0,0,0,1159,1016,508.0,143,1159.0,579.5,3.1962409019470215,0,2.4089889029661813,2.954317569732666,2.567434764714313,144,ppo_kalman_seed45,ppo_kalman,PPO-Kalman,45
77449,soldier_caught,0,1,0,0,667,331,165.5,336,,,0.7634773254394531,0,2.5798590452098,1.7655948400497437,2.712034538455549,337,ppo_kalman_seed45,ppo_kalman,PPO-Kalman,45
77450,intercepted,1,0,0,0,1042,630,315.0,412,1042.0,521.0,4.305923938751221,0,2.622817869769459,2.600456953048706,2.704641514818943,413,ppo_kalman_seed45,ppo_kalman,PPO-Kalman,45
77451,intercepted,1,0,0,0,432,339,169.5,93,432.0,216.0,2.516627311706543,0,2.276678260653577,0.9877816438674927,2.4569822299747432,94,ppo_kalman_seed45,ppo_kalman,PPO-Kalman,45
77452,soldier_caught,0,1,0,0,61,61,30.5,0,,,1.0163666009902954,0,0.8370084166526794,0.8370084166526794,0.8370084166526794,1,ppo_kalman_seed45,ppo_kalman,PPO-Kalman,45
77453,soldier_caught,0,1,0,0,809,809,404.5,0,,,0.8453303575515747,0,0.7603553533554077,0.7603553533554077,0.7603553533554077,1,ppo_kalman_seed45,ppo_kalman,PPO-Kalman,45
77454,intercepted,1,0,0,0,721,720,360.0,1,721.0,360.5,3.800245523452759,0,0.9319862127304077,0.6688610315322876,0.9684178652317977,2,ppo_kalman_seed45,ppo_kalman,PPO-Kalman,45
77455,intercepted,1,0,0,0,589,285,142.5,304,589.0,294.5,2.8941526412963867,0,2.475439638974237,3.7431423664093018,2.585141299593874,305,ppo_kalman_seed45,ppo_kalman,PPO-Kalman,45
77456,soldier_caught,0,1,0,0,649,649,324.5,0,,,1.8462109565734863,0,1.0163837671279907,1.0163837671279907,1.0163837671279907,1,ppo_kalman_seed45,ppo_kalman,PPO-Kalman,45
77457,soldier_caught,0,1,0,0,96,96,48.0,0,,,1.0393550395965576,0,1.9370934963226318,1.9370934963226318,1.9370934963226318,1,ppo_kalman_seed45,ppo_kalman,PPO-Kalman,45
77458,unsafe_intercept,0,0,1,0,276,275,137.5,1,,,3.335118055343628,0,0.6602136194705963,0.5930078625679016,0.6636253740592877,2,ppo_kalman_seed45,ppo_kalman,PPO-Kalman,45
77459,intercepted,1,0,0,0,683,616,308.0,67,683.0,341.5,2.183403730392456,0,2.3406055315452465,2.9776906967163086,2.469525589939513,68,ppo_kalman_seed45,ppo_kalman,PPO-Kalman,45
77460,intercepted,1,0,0,0,567,476,238.0,91,567.0,283.5,4.641544818878174,0,2.358933142021946,2.1452927589416504,2.4924393117295125,92,ppo_kalman_seed45,ppo_kalman,PPO-Kalman,45
77461,soldier_caught,0,1,0,0,44,43,21.5,1,,,0.6035594344139099,0,1.181528776884079,1.7153245210647583,1.2965138437789983,2,ppo_kalman_seed45,ppo_kalman,PPO-Kalman,45
77462,soldier_caught,0,1,0,0,276,275,137.5,1,,,1.8192018270492554,0,0.8836240470409393,0.6073517203330994,0.9258065969810172,2,ppo_kalman_seed45,ppo_kalman,PPO-Kalman,45
77463,intercepted,1,0,0,0,57,15,7.5,42,57.0,28.5,4.267317295074463,0,2.6148898975793706,3.1077699661254883,2.7218145823412128,43,ppo_kalman_seed45,ppo_kalman,PPO-Kalman,45
77464,intercepted,1,0,0,0,261,104,52.0,157,261.0,130.5,2.9343531131744385,0,2.5628980573596833,3.239032030105591,2.6509092455506544,158,ppo_kalman_seed45,ppo_kalman,PPO-Kalman,45
77465,intercepted,1,0,0,0,712,514,257.0,198,712.0,356.0,2.410263776779175,0,2.606143462448264,2.7949769496917725,2.6969384869507875,199,ppo_kalman_seed45,ppo_kalman,PPO-Kalman,45
77466,soldier_caught,0,1,0,0,788,393,196.5,395,,,1.8215926885604858,0,2.638869017663628,1.3170411586761475,2.7170839467594967,396,ppo_kalman_seed45,ppo_kalman,PPO-Kalman,45
77467,soldier_caught,0,1,0,0,173,14,7.0,159,,,1.8585479259490967,0,2.581517979130149,2.157628297805786,2.6487817180993436,160,ppo_kalman_seed45,ppo_kalman,PPO-Kalman,45
77468,intercepted,1,0,0,0,419,332,166.0,87,419.0,209.5,3.2956595420837402,0,2.619809462265535,2.169265031814575,2.671255870559667,88,ppo_kalman_seed45,ppo_kalman,PPO-Kalman,45
77469,soldier_caught,0,1,0,0,800,800,400.0,0,,,0.5519832968711853,0,1.0687658786773682,1.0687658786773682,1.0687658786773682,1,ppo_kalman_seed45,ppo_kalman,PPO-Kalman,45
77470,soldier_caught,0,1,0,0,271,270,135.0,1,,,1.6934635639190674,0,1.1507847607135773,1.4870351552963257,1.1989036213756548,2,ppo_kalman_seed45,ppo_kalman,PPO-Kalman,45
77471,intercepted,1,0,0,0,45,17,8.5,28,45.0,22.5,3.0143754482269287,0,1.7673447707603718,2.3937430381774902,1.907368297516572,29,ppo_kalman_seed45,ppo_kalman,PPO-Kalman,45
77472,intercepted,1,0,0,0,208,135,67.5,73,208.0,104.0,3.9006457328796387,0,2.4026326464640126,2.4952471256256104,2.516614105829576,74,ppo_kalman_seed45,ppo_kalman,PPO-Kalman,45
77473,unsafe_intercept,0,0,1,0,820,820,410.0,0,,,2.3046483993530273,0,1.1844476461410522,1.1844476461410522,1.1844476461410522,1,ppo_kalman_seed45,ppo_kalman,PPO-Kalman,45
77474,soldier_caught,0,1,0,0,702,702,351.0,0,,,1.941827416419983,0,0.7626845836639404,0.7626845836639404,0.7626845836639404,1,ppo_kalman_seed45,ppo_kalman,PPO-Kalman,45
77475,unsafe_intercept,0,0,1,0,627,626,313.0,1,,,2.5857090950012207,0,0.7884069532155991,1.1474323272705078,0.8663052251337118,2,ppo_kalman_seed45,ppo_kalman,PPO-Kalman,45
77476,soldier_caught,0,1,0,0,49,49,24.5,0,,,1.6891313791275024,0,1.0149636268615723,1.0149636268615723,1.0149636268615723,1,ppo_kalman_seed45,ppo_kalman,PPO-Kalman,45
77477,intercepted,1,0,0,0,346,325,162.5,21,346.0,173.0,4.559492588043213,0,2.4840586320920424,2.0449116230010986,2.613726691404876,22,ppo_kalman_seed45,ppo_kalman,PPO-Kalman,45
77478,intercepted,1,0,0,0,813,517,258.5,296,813.0,406.5,4.554836750030518,0,2.5306698718054927,3.7952828407287598,2.6399059180266007,297,ppo_kalman_seed45,ppo_kalman,PPO-Kalman,45
77479,intercepted,1,0,0,0,35,11,5.5,24,35.0,17.5,4.732668876647949,0,2.144597728252411,1.9557805061340332,2.2420624457060123,25,ppo_kalman_seed45,ppo_kalman,PPO-Kalman,45
77480,soldier_caught,0,1,0,0,169,148,74.0,21,,,1.2797530889511108,0,2.294623166322708,2.722114324569702,2.387643428982397,22,ppo_kalman_seed45,ppo_kalman,PPO-Kalman,45
77481,intercepted,1,0,0,0,485,484,242.0,1,485.0,242.5,3.864757776260376,0,0.7037347853183746,0.7617269158363342,0.7061201988819686,2,ppo_kalman_seed45,ppo_kalman,PPO-Kalman,45
77482,soldier_caught,0,1,0,0,38,13,6.5,25,,,1.5586347579956055,0,2.0204469114542007,2.400221109390259,2.33450762719491,26,ppo_kalman_seed45,ppo_kalman,PPO-Kalman,45
77483,intercepted,1,0,0,0,80,55,27.5,25,80.0,40.0,4.500043869018555,0,2.5134805142879486,2.2877790927886963,2.6130588634901075,26,ppo_kalman_seed45,ppo_kalman,PPO-Kalman,45
77484,intercepted,1,0,0,0,208,126,63.0,82,208.0,104.0,3.2189629077911377,0,2.6439322649714456,3.0403647422790527,2.754175654168251,83,ppo_kalman_seed45,ppo_kalman,PPO-Kalman,45
77485,intercepted,1,0,0,0,197,170,85.0,27,197.0,98.5,2.710127115249634,0,1.85952994919249,0.8336742520332336,2.178769037360755,28,ppo_kalman_seed45,ppo_kalman,PPO-Kalman,45
77486,soldier_caught,0,1,0,0,503,396,198.0,107,,,1.5896639823913574,0,2.2997223534793765,2.0454814434051514,2.452103781560784,108,ppo_kalman_seed45,ppo_kalman,PPO-Kalman,45
77487,soldier_caught,0,1,0,0,72,50,25.0,22,,,1.0884783267974854,0,2.151085102039835,2.729121208190918,2.267992319722895,23,ppo_kalman_seed45,ppo_kalman,PPO-Kalman,45
77488,intercepted,1,0,0,0,36,9,4.5,27,36.0,18.0,2.5100042819976807,0,2.6245275799717223,3.228377342224121,2.734447092702328,28,ppo_kalman_seed45,ppo_kalman,PPO-Kalman,45
77489,unsafe_intercept,0,0,1,0,168,168,84.0,0,,,2.060182809829712,0,1.1020764112472534,1.1020764112472534,1.1020764112472534,1,ppo_kalman_seed45,ppo_kalman,PPO-Kalman,45
77490,intercepted,1,0,0,0,197,114,57.0,83,197.0,98.5,4.7345170974731445,0,2.194662930709975,2.187376022338867,2.3866268481660473,84,ppo_kalman_seed45,ppo_kalman,PPO-Kalman,45
77491,intercepted,1,0,0,0,370,236,118.0,134,370.0,185.0,2.8204452991485596,0,2.7970426797866823,2.775784730911255,2.8436706532146587,135,ppo_kalman_seed45,ppo_kalman,PPO-Kalman,45
77492,soldier_caught,0,1,0,0,61,61,30.5,0,,,0.9352788925170898,0,1.5641875267028809,1.5641875267028809,1.5641875267028809,1,ppo_kalman_seed45,ppo_kalman,PPO-Kalman,45
77493,intercepted,1,0,0,0,97,11,5.5,86,97.0,48.5,2.7600560188293457,0,2.312266760858996,0.5089884996414185,2.469020274367612,87,ppo_kalman_seed45,ppo_kalman,PPO-Kalman,45
77494,intercepted,1,0,0,0,155,12,6.0,143,155.0,77.5,2.684629201889038,0,2.596180107858446,3.1821513175964355,2.675219791765203,144,ppo_kalman_seed45,ppo_kalman,PPO-Kalman,45
77495,intercepted,1,0,0,0,233,162,81.0,71,233.0,116.5,4.102054595947266,0,2.758701898985439,2.923983335494995,2.847796703126946,72,ppo_kalman_seed45,ppo_kalman,PPO-Kalman,45
77496,intercepted,1,0,0,0,358,88,44.0,270,358.0,179.0,2.041846990585327,0,2.6315681309717607,2.2405455112457275,2.6994040694974304,271,ppo_kalman_seed45,ppo_kalman,PPO-Kalman,45
77497,intercepted,1,0,0,0,440,395,197.5,45,440.0,220.0,2.798200845718384,0,2.292203003945558,3.1150529384613037,2.444783522707074,46,ppo_kalman_seed45,ppo_kalman,PPO-Kalman,45
77498,soldier_caught,0,1,0,0,643,642,321.0,1,,,0.8873926401138306,0,1.2748732268810272,0.8154906630516052,1.3551140485466662,2,ppo_kalman_seed45,ppo_kalman,PPO-Kalman,45
77499,unsafe_intercept,0,0,1,0,788,788,394.0,0,,,2.306939125061035,0,1.9867329597473145,1.9867329597473145,1.9867329597473145,1,ppo_kalman_seed45,ppo_kalman,PPO-Kalman,45
77500,intercepted,1,0,0,0,135,77,38.5,58,135.0,67.5,2.886044502258301,0,2.1026756303795313,2.4639360904693604,2.253109746668392,59,ppo_kalman_seed45,ppo_kalman,PPO-Kalman,45
77501,intercepted,1,0,0,0,133,64,32.0,69,133.0,66.5,3.456017017364502,0,2.605777647665569,3.072711229324341,2.687604657539178,70,ppo_kalman_seed45,ppo_kalman,PPO-Kalman,45
77502,unsafe_intercept,0,0,1,0,368,368,184.0,0,,,2.252105474472046,0,1.4044557809829712,1.4044557809829712,1.4044557809829712,1,ppo_kalman_seed45,ppo_kalman,PPO-Kalman,45
77503,intercepted,1,0,0,0,175,126,63.0,49,175.0,87.5,2.8790369033813477,0,2.616585397720337,0.5412157773971558,2.717461925606603,50,ppo_kalman_seed45,ppo_kalman,PPO-Kalman,45
77504,intercepted,1,0,0,0,668,537,268.5,131,668.0,334.0,2.7139854431152344,0,2.264378231470332,2.6525111198425293,2.3841976508734297,132,ppo_kalman_seed45,ppo_kalman,PPO-Kalman,45
77505,soldier_caught,0,1,0,0,188,60,30.0,128,,,1.5663890838623047,0,2.494427677272826,1.8673322200775146,2.601537908757652,129,ppo_kalman_seed45,ppo_kalman,PPO-Kalman,45
77506,intercepted,1,0,0,0,33,11,5.5,22,33.0,16.5,3.369621753692627,0,2.170281109602555,2.5179972648620605,2.263237695111182,23,ppo_kalman_seed45,ppo_kalman,PPO-Kalman,45
77507,soldier_caught,0,1,0,0,359,335,167.5,24,,,1.4724762439727783,0,2.1008256244659425,1.3511141538619995,2.181341459038125,25,ppo_kalman_seed45,ppo_kalman,PPO-Kalman,45
77508,intercepted,1,0,0,0,115,11,5.5,104,115.0,57.5,2.0323307514190674,0,2.2796209885960534,3.051131010055542,2.403545239935236,105,ppo_kalman_seed45,ppo_kalman,PPO-Kalman,45
77509,soldier_caught,0,1,0,0,34,34,17.0,0,,,1.0771594047546387,0,1.9318314790725708,1.9318314790725708,1.9318314790725708,1,ppo_kalman_seed45,ppo_kalman,PPO-Kalman,45
77510,unsafe_intercept,0,0,1,0,318,318,159.0,0,,,2.0681676864624023,0,0.9646127223968506,0.9646127223968506,0.9646127223968506,1,ppo_kalman_seed45,ppo_kalman,PPO-Kalman,45
77511,soldier_caught,0,1,0,0,774,608,304.0,166,,,1.8814916610717773,0,2.290936477170019,1.3909449577331543,2.431870836636577,167,ppo_kalman_seed45,ppo_kalman,PPO-Kalman,45
77512,intercepted,1,0,0,0,802,109,54.5,693,802.0,401.0,2.731431245803833,0,2.64567216595243,1.7560447454452515,2.732248456324376,694,ppo_kalman_seed45,ppo_kalman,PPO-Kalman,45
77513,soldier_caught,0,1,0,0,165,164,82.0,1,,,1.1933835744857788,0,1.5297119617462158,1.6600011587142944,1.53525045538376,2,ppo_kalman_seed45,ppo_kalman,PPO-Kalman,45
77514,unsafe_intercept,0,0,1,0,76,76,38.0,0,,,2.3765058517456055,0,1.0813602209091187,1.0813602209091187,1.0813602209091187,1,ppo_kalman_seed45,ppo_kalman,PPO-Kalman,45
77515,intercepted,1,0,0,0,117,15,7.5,102,117.0,58.5,3.2022156715393066,0,2.4523505872314417,2.9176628589630127,2.6024288112936866,103,ppo_kalman_seed45,ppo_kalman,PPO-Kalman,45
77516,intercepted,1,0,0,0,554,253,126.5,301,554.0,277.0,4.9013214111328125,0,2.576109093644761,2.4849703311920166,2.6594773923152877,302,ppo_kalman_seed45,ppo_kalman,PPO-Kalman,45
77517,intercepted,1,0,0,0,60,32,16.0,28,60.0,30.0,4.430050373077393,0,2.573326666807306,2.606393337249756,2.819837021218375,29,ppo_kalman_seed45,ppo_kalman,PPO-Kalman,45
77518,intercepted,1,0,0,0,385,273,136.5,112,385.0,192.5,2.3483664989471436,0,2.4349973739775934,2.0128417015075684,2.560272437267416,113,ppo_kalman_seed45,ppo_kalman,PPO-Kalman,45
77519,intercepted,1,0,0,0,93,52,26.0,41,93.0,46.5,4.05345344543457,0,2.4245768104280745,3.179182767868042,2.549985713380683,42,ppo_kalman_seed45,ppo_kalman,PPO-Kalman,45
77520,soldier_caught,0,1,0,0,12,12,6.0,0,,,1.680672287940979,0,1.6834516525268555,1.6834516525268555,1.6834516525268555,1,ppo_kalman_seed45,ppo_kalman,PPO-Kalman,45
77521,intercepted,1,0,0,0,38,13,6.5,25,38.0,19.0,4.569463729858398,0,2.3712819516658783,2.6319406032562256,2.5022066917065167,26,ppo_kalman_seed45,ppo_kalman,PPO-Kalman,45
77522,intercepted,1,0,0,0,643,538,269.0,105,643.0,321.5,3.5137548446655273,0,2.7256249982231067,3.4396305084228516,2.823892422013321,106,ppo_kalman_seed45,ppo_kalman,PPO-Kalman,45
77523,intercepted,1,0,0,0,179,134,67.0,45,179.0,89.5,4.834207534790039,0,2.4611582911532857,3.318197250366211,2.562646241334891,46,ppo_kalman_seed45,ppo_kalman,PPO-Kalman,45
77524,soldier_caught,0,1,0,0,736,718,359.0,18,,,1.2100961208343506,0,2.3503904593618294,1.3018289804458618,2.5902567816989674,19,ppo_kalman_seed45,ppo_kalman,PPO-Kalman,45
77525,intercepted,1,0,0,0,181,152,76.0,29,181.0,90.5,3.764023542404175,0,2.4454462180534997,2.606933355331421,2.5684687254702596,30,ppo_kalman_seed45,ppo_kalman,PPO-Kalman,45
77526,soldier_caught,0,1,0,0,37,14,7.0,23,,,1.6880525350570679,0,2.4874709298213324,2.192108631134033,2.5868122188585563,24,ppo_kalman_seed45,ppo_kalman,PPO-Kalman,45
77527,soldier_caught,0,1,0,0,263,11,5.5,252,,,1.567038893699646,0,2.6914673949418804,2.7108500003814697,2.7810494617836583,253,ppo_kalman_seed45,ppo_kalman,PPO-Kalman,45
77528,unsafe_intercept,0,0,1,0,11,11,5.5,0,,,2.075718402862549,0,1.4594084024429321,1.4594084024429321,1.4594084024429321,1,ppo_kalman_seed45,ppo_kalman,PPO-Kalman,45
77529,intercepted,1,0,0,0,1422,1236,618.0,186,1422.0,711.0,2.2123019695281982,0,2.4472088192235977,2.947296619415283,2.570528412368027,187,ppo_kalman_seed45,ppo_kalman,PPO-Kalman,45
77530,intercepted,1,0,0,0,209,59,29.5,150,209.0,104.5,3.948967695236206,0,2.7355794904642545,2.8463382720947266,2.802603437253573,151,ppo_kalman_seed45,ppo_kalman,PPO-Kalman,45
77531,soldier_caught,0,1,0,0,508,507,253.5,1,,,1.9156382083892822,0,1.1071541905403137,1.2111635208129883,1.112028930565544,2,ppo_kalman_seed45,ppo_kalman,PPO-Kalman,45
77532,intercepted,1,0,0,0,173,70,35.0,103,173.0,86.5,4.155792236328125,0,2.5648372712043614,3.2795348167419434,2.6236466552982747,104,ppo_kalman_seed45,ppo_kalman,PPO-Kalman,45
77533,intercepted,1,0,0,0,835,542,271.0,293,835.0,417.5,2.9549386501312256,0,2.7261807365076884,2.1919138431549072,2.7939744903841994,294,ppo_kalman_seed45,ppo_kalman,PPO-Kalman,45
77534,intercepted,1,0,0,0,213,180,90.0,33,213.0,106.5,4.423202991485596,0,1.9190547343562632,2.237922430038452,2.132245304358885,34,ppo_kalman_seed45,ppo_kalman,PPO-Kalman,45
77535,intercepted,1,0,0,0,770,753,376.5,17,770.0,385.0,3.689483404159546,0,2.5549039045969644,3.3854291439056396,2.8566814435383354,18,ppo_kalman_seed45,ppo_kalman,PPO-Kalman,45
77536,intercepted,1,0,0,0,40,11,5.5,29,40.0,20.0,2.5608556270599365,0,2.114386860529582,1.0154039859771729,2.2538672207239268,30,ppo_kalman_seed45,ppo_kalman,PPO-Kalman,45
77537,soldier_caught,0,1,0,0,42,42,21.0,0,,,1.9166479110717773,0,1.0644181966781616,1.0644181966781616,1.0644181966781616,1,ppo_kalman_seed45,ppo_kalman,PPO-Kalman,45
77538,soldier_caught,0,1,0,0,446,445,222.5,1,,,1.1538887023925781,0,1.0864392220973969,0.8519728779792786,1.1114515958132016,2,ppo_kalman_seed45,ppo_kalman,PPO-Kalman,45
77539,soldier_caught,0,1,0,0,15,14,7.0,1,,,1.7703661918640137,0,0.9908081293106079,0.8759069442749023,0.9974482600268526,2,ppo_kalman_seed45,ppo_kalman,PPO-Kalman,45
77540,intercepted,1,0,0,0,146,13,6.5,133,146.0,73.0,2.6139729022979736,0,2.603830841050219,2.36439847946167,2.659128781312454,134,ppo_kalman_seed45,ppo_kalman,PPO-Kalman,45
77541,intercepted,1,0,0,0,171,53,26.5,118,171.0,85.5,3.1532130241394043,0,2.615279616928902,2.7594053745269775,2.6775428094077083,119,ppo_kalman_seed45,ppo_kalman,PPO-Kalman,45
77542,soldier_caught,0,1,0,0,160,159,79.5,1,,,1.488128900527954,0,1.017775148153305,1.3652372360229492,1.0754516050037837,2,ppo_kalman_seed45,ppo_kalman,PPO-Kalman,45
77543,soldier_caught,0,1,0,0,927,679,339.5,248,,,1.467325210571289,0,2.691336316995353,1.8990612030029297,2.7577733181208446,249,ppo_kalman_seed45,ppo_kalman,PPO-Kalman,45
77544,unsafe_intercept,0,0,1,0,190,190,95.0,0,,,2.286154270172119,0,1.3201040029525757,1.3201040029525757,1.3201040029525757,1,ppo_kalman_seed45,ppo_kalman,PPO-Kalman,45
77545,soldier_caught,0,1,0,0,188,187,93.5,1,,,0.6515852212905884,0,0.6071797311306,0.6577364206314087,0.6092808915017021,2,ppo_kalman_seed45,ppo_kalman,PPO-Kalman,45
77546,intercepted,1,0,0,0,505,351,175.5,154,505.0,252.5,3.219153881072998,0,2.4674007938754174,3.2655022144317627,2.5558021959255157,155,ppo_kalman_seed45,ppo_kalman,PPO-Kalman,45
77547,intercepted,1,0,0,0,460,220,110.0,240,460.0,230.0,2.5736262798309326,0,2.417654969756534,1.7124958038330078,2.547159424789115,241,ppo_kalman_seed45,ppo_kalman,PPO-Kalman,45
77548,soldier_caught,0,1,0,0,149,149,74.5,0,,,1.9598519802093506,0,1.1360868215560913,1.1360868215560913,1.1360868215560913,1,ppo_kalman_seed45,ppo_kalman,PPO-Kalman,45
77549,intercepted,1,0,0,0,1081,1049,524.5,32,1081.0,540.5,4.599042892456055,0,2.224769267168912,2.9703540802001953,2.3626788086671233,33,ppo_kalman_seed45,ppo_kalman,PPO-Kalman,45
77550,intercepted,1,0,0,0,733,11,5.5,722,733.0,366.5,2.03127384185791,0,2.6647061608721443,2.8405916690826416,2.7495750644204877,723,ppo_kalman_seed45,ppo_kalman,PPO-Kalman,45
77551,intercepted,1,0,0,0,168,133,66.5,35,168.0,84.0,2.8747260570526123,0,2.354772405491935,3.3276491165161133,2.491071217931636,36,ppo_kalman_seed45,ppo_kalman,PPO-Kalman,45
77552,soldier_caught,0,1,0,0,260,86,43.0,174,,,1.484631061553955,0,2.4024137258529663,1.511670708656311,2.5157159049400835,175,ppo_kalman_seed45,ppo_kalman,PPO-Kalman,45
77553,intercepted,1,0,0,0,240,9,4.5,231,240.0,120.0,3.7067556381225586,0,2.583528947085142,1.2586860656738281,2.6650760730948386,232,ppo_kalman_seed45,ppo_kalman,PPO-Kalman,45
77554,soldier_caught,0,1,0,0,105,82,41.0,23,,,1.4189878702163696,0,2.642815207441648,2.252243757247925,2.723459727740055,24,ppo_kalman_seed45,ppo_kalman,PPO-Kalman,45
77555,intercepted,1,0,0,0,38,14,7.0,24,38.0,19.0,2.880382537841797,0,2.2602994346618654,2.6159753799438477,2.3991656646223043,25,ppo_kalman_seed45,ppo_kalman,PPO-Kalman,45
77556,soldier_caught,0,1,0,0,108,108,54.0,0,,,1.7564444541931152,0,0.4022108018398285,0.4022108018398285,0.4022108018398285,1,ppo_kalman_seed45,ppo_kalman,PPO-Kalman,45
77557,unsafe_intercept,0,0,1,0,10,10,5.0,0,,,2.428629159927368,0,1.6278676986694336,1.6278676986694336,1.6278676986694336,1,ppo_kalman_seed45,ppo_kalman,PPO-Kalman,45
77558,intercepted,1,0,0,0,208,44,22.0,164,208.0,104.0,4.699789524078369,0,2.443129466519211,3.0979697704315186,2.55323999971478,165,ppo_kalman_seed45,ppo_kalman,PPO-Kalman,45
77559,intercepted,1,0,0,0,294,168,84.0,126,294.0,147.0,2.1332998275756836,0,2.4120994812156273,3.010830879211426,2.5707047631607938,127,ppo_kalman_seed45,ppo_kalman,PPO-Kalman,45
77560,soldier_caught,0,1,0,0,112,111,55.5,1,,,1.7776297330856323,0,1.8652018308639526,1.4425876140594482,1.912480234173291,2,ppo_kalman_seed45,ppo_kalman,PPO-Kalman,45
77561,intercepted,1,0,0,0,862,668,334.0,194,862.0,431.0,3.084674835205078,0,2.61062449491941,2.05972957611084,2.71297964857529,195,ppo_kalman_seed45,ppo_kalman,PPO-Kalman,45
77562,soldier_caught,0,1,0,0,447,425,212.5,22,,,1.8765881061553955,0,2.44850789723189,2.3720266819000244,2.627197793161509,23,ppo_kalman_seed45,ppo_kalman,PPO-Kalman,45
77563,unsafe_intercept,0,0,1,0,396,396,198.0,0,,,2.430673837661743,0,0.7049142718315125,0.7049142718315125,0.7049142718315125,1,ppo_kalman_seed45,ppo_kalman,PPO-Kalman,45
77564,intercepted,1,0,0,0,529,463,231.5,66,529.0,264.5,3.6432266235351562,0,2.6092276564284935,2.4585280418395996,2.7345699135489783,67,ppo_kalman_seed45,ppo_kalman,PPO-Kalman,45
77565,intercepted,1,0,0,0,254,131,65.5,123,254.0,127.0,2.5245230197906494,0,2.496168330792458,1.6443928480148315,2.6240023279710454,124,ppo_kalman_seed45,ppo_kalman,PPO-Kalman,45
77566,soldier_caught,0,1,0,0,17,17,8.5,0,,,1.3597174882888794,0,1.6402254104614258,1.6402254104614258,1.6402254104614258,1,ppo_kalman_seed45,ppo_kalman,PPO-Kalman,45
77567,unsafe_intercept,0,0,1,0,156,156,78.0,0,,,2.122103691101074,0,0.6801472306251526,0.6801472306251526,0.6801472306251526,1,ppo_kalman_seed45,ppo_kalman,PPO-Kalman,45
77568,intercepted,1,0,0,0,289,205,102.5,84,289.0,144.5,2.8611154556274414,0,2.354258933838676,2.761411190032959,2.48636167556405,85,ppo_kalman_seed45,ppo_kalman,PPO-Kalman,45
77569,unsafe_intercept,0,0,1,0,977,976,488.0,1,,,2.603933811187744,0,1.7864205837249756,1.4756863117218018,1.81324413407396,2,ppo_kalman_seed45,ppo_kalman,PPO-Kalman,45
77570,intercepted,1,0,0,0,103,80,40.0,23,103.0,51.5,4.388120174407959,0,2.488988310098648,2.5830883979797363,2.6324800612109662,24,ppo_kalman_seed45,ppo_kalman,PPO-Kalman,45
77571,intercepted,1,0,0,0,492,432,216.0,60,492.0,246.0,3.3883283138275146,0,2.5541719696560845,4.338028907775879,2.730104396159932,61,ppo_kalman_seed45,ppo_kalman,PPO-Kalman,45
77572,unsafe_intercept,0,0,1,0,202,201,100.5,1,,,2.4124836921691895,0,1.064566195011139,1.41562819480896,1.1209574975272432,2,ppo_kalman_seed45,ppo_kalman,PPO-Kalman,45
77573,intercepted,1,0,0,0,816,616,308.0,200,816.0,408.0,4.12586784362793,0,2.6294461663682664,3.090097188949585,2.7259408382374346,201,ppo_kalman_seed45,ppo_kalman,PPO-Kalman,45
77574,intercepted,1,0,0,0,390,232,116.0,158,390.0,195.0,4.681707859039307,0,2.378402717270941,2.7578227519989014,2.487271571357671,159,ppo_kalman_seed45,ppo_kalman,PPO-Kalman,45
77575,soldier_caught,0,1,0,0,102,101,50.5,1,,,1.8941272497177124,0,0.7478536069393158,0.8095481395721436,0.7503940516614772,2,ppo_kalman_seed45,ppo_kalman,PPO-Kalman,45
77576,intercepted,1,0,0,0,241,208,104.0,33,241.0,120.5,2.664839267730713,0,2.7055934562402615,2.926039695739746,2.809999375023317,34,ppo_kalman_seed45,ppo_kalman,PPO-Kalman,45
77577,intercepted,1,0,0,0,46,12,6.0,34,46.0,23.0,4.813128471374512,0,1.8766283852713448,2.116039514541626,2.063137900863979,35,ppo_kalman_seed45,ppo_kalman,PPO-Kalman,45
77578,soldier_caught,0,1,0,0,385,385,192.5,0,,,0.5122803449630737,0,1.6427847146987915,1.6427847146987915,1.6427847146987915,1,ppo_kalman_seed45,ppo_kalman,PPO-Kalman,45
77579,unsafe_intercept,0,0,1,0,153,153,76.5,0,,,2.3258605003356934,0,0.9601008296012878,0.9601008296012878,0.9601008296012878,1,ppo_kalman_seed45,ppo_kalman,PPO-Kalman,45
77580,intercepted,1,0,0,0,136,10,5.0,126,136.0,68.0,3.621638298034668,0,2.3755029769629004,2.7250187397003174,2.4956606177735865,127,ppo_kalman_seed45,ppo_kalman,PPO-Kalman,45
77581,soldier_caught,0,1,0,0,690,689,344.5,1,,,1.5915217399597168,0,1.0325694382190704,1.340822696685791,1.077599051641842,2,ppo_kalman_seed45,ppo_kalman,PPO-Kalman,45
77582,intercepted,1,0,0,0,107,74,37.0,33,107.0,53.5,2.771876573562622,0,1.9873123475733925,0.3113904297351837,2.1425020043673197,34,ppo_kalman_seed45,ppo_kalman,PPO-Kalman,45
77583,unsafe_intercept,0,0,1,0,530,530,265.0,0,,,2.4217522144317627,0,0.4054970443248749,0.4054970443248749,0.4054970443248749,1,ppo_kalman_seed45,ppo_kalman,PPO-Kalman,45
77584,intercepted,1,0,0,0,199,168,84.0,31,199.0,99.5,3.475094795227051,0,2.041612807661295,2.436065196990967,2.204994006242636,32,ppo_kalman_seed45,ppo_kalman,PPO-Kalman,45
77585,intercepted,1,0,0,0,47,16,8.0,31,47.0,23.5,4.189350128173828,0,2.3034475911408663,2.9022910594940186,2.4034722691927017,32,ppo_kalman_seed45,ppo_kalman,PPO-Kalman,45
77586,soldier_caught,0,1,0,0,89,89,44.5,0,,,1.1288375854492188,0,2.2050061225891113,2.2050061225891113,2.2050061225891113,1,ppo_kalman_seed45,ppo_kalman,PPO-Kalman,45
77587,intercepted,1,0,0,0,213,12,6.0,201,213.0,106.5,3.6288745403289795,0,2.511177310701644,2.637286901473999,2.625772184379189,202,ppo_kalman_seed45,ppo_kalman,PPO-Kalman,45
77588,intercepted,1,0,0,0,136,13,6.5,123,136.0,68.0,3.0248312950134277,0,1.984162625285887,3.330864191055298,2.1628058105909784,124,ppo_kalman_seed45,ppo_kalman,PPO-Kalman,45
77589,soldier_caught,0,1,0,0,538,497,248.5,41,,,1.7774101495742798,0,2.573590718564533,3.0890800952911377,2.6766911582975332,42,ppo_kalman_seed45,ppo_kalman,PPO-Kalman,45
77590,unsafe_intercept,0,0,1,0,85,85,42.5,0,,,2.474141836166382,0,1.656995177268982,1.656995177268982,1.656995177268982,1,ppo_kalman_seed45,ppo_kalman,PPO-Kalman,45
77591,soldier_caught,0,1,0,0,10,10,5.0,0,,,1.027126431465149,0,2.5670907497406006,2.5670907497406006,2.5670907497406006,1,ppo_kalman_seed45,ppo_kalman,PPO-Kalman,45
77592,soldier_caught,0,1,0,0,398,340,170.0,58,,,1.9623292684555054,0,2.552846451432018,2.7535014152526855,2.7175109770550323,59,ppo_kalman_seed45,ppo_kalman,PPO-Kalman,45
77593,unsafe_intercept,0,0,1,0,35,35,17.5,0,,,2.2218451499938965,0,1.0041985511779785,1.0041985511779785,1.0041985511779785,1,ppo_kalman_seed45,ppo_kalman,PPO-Kalman,45
77594,unsafe_intercept,0,0,1,0,12,11,5.5,1,,,2.4664549827575684,0,1.1990936398506165,1.6798338890075684,1.2918733468454593,2,ppo_kalman_seed45,ppo_kalman,PPO-Kalman,45
77595,intercepted,1,0,0,0,65,13,6.5,52,65.0,32.5,4.107589244842529,0,2.3466087017419204,2.731116533279419,2.5291273094422246,53,ppo_kalman_seed45,ppo_kalman,PPO-Kalman,45
77596,intercepted,1,0,0,0,321,127,63.5,194,321.0,160.5,3.4721641540527344,0,2.5210741124092,2.786675214767456,2.5837864167432247,195,ppo_kalman_seed45,ppo_kalman,PPO-Kalman,45
77597,soldier_caught,0,1,0,0,34,12,6.0,22,,,1.6416206359863281,0,2.420747917631398,3.386324644088745,2.5382705974176285,23,ppo_kalman_seed45,ppo_kalman,PPO-Kalman,45
77598,intercepted,1,0,0,0,893,683,341.5,210,893.0,446.5,3.2420732975006104,0,2.53877922610084,3.3651440143585205,2.6420720514539897,211,ppo_kalman_seed45,ppo_kalman,PPO-Kalman,45
77599,intercepted,1,0,0,0,538,511,255.5,27,538.0,269.0,3.6817283630371094,0,2.4264862537384033,3.0516133308410645,2.7166764068194142,28,ppo_kalman_seed45,ppo_kalman,PPO-Kalman,45
77600,soldier_caught,0,1,0,0,142,142,71.0,0,,,0.9030213356018066,0,2.0893290042877197,2.0893290042877197,2.0893290042877197,1,ppo_kalman_seed45,ppo_kalman,PPO-Kalman,45
77601,intercepted,1,0,0,0,117,68,34.0,49,117.0,58.5,2.5123484134674072,0,2.6245879304409026,0.8751745820045471,2.7094834816041913,50,ppo_kalman_seed45,ppo_kalman,PPO-Kalman,45
77602,soldier_caught,0,1,0,0,516,515,257.5,1,,,1.586003303527832,0,1.5494385361671448,1.6157143115997314,1.5508553303802954,2,ppo_kalman_seed45,ppo_kalman,PPO-Kalman,45
77603,unsafe_intercept,0,0,1,0,617,617,308.5,0,,,2.0544254779815674,0,0.9543858170509338,0.9543858170509338,0.9543858170509338,1,ppo_kalman_seed45,ppo_kalman,PPO-Kalman,45
77604,unsafe_intercept,0,0,1,0,120,120,60.0,0,,,2.32515549659729,0,1.5981041193008423,1.5981041193008423,1.5981041193008423,1,ppo_kalman_seed45,ppo_kalman,PPO-Kalman,45
77605,unsafe_intercept,0,0,1,0,84,83,41.5,1,,,2.615414619445801,0,1.0939307510852814,0.7085160613059998,1.1598400627964476,2,ppo_kalman_seed45,ppo_kalman,PPO-Kalman,45
77606,soldier_caught,0,1,0,0,66,13,6.5,53,,,1.993742823600769,0,2.5524168616091765,0.455343097448349,2.6667568834287954,54,ppo_kalman_seed45,ppo_kalman,PPO-Kalman,45
77607,intercepted,1,0,0,0,61,11,5.5,50,61.0,30.5,3.8372881412506104,0,2.3181374698292974,1.4289889335632324,2.4678354842810855,51,ppo_kalman_seed45,ppo_kalman,PPO-Kalman,45
77608,soldier_caught,0,1,0,0,359,359,179.5,0,,,1.9876785278320312,0,0.9050077795982361,0.9050077795982361,0.9050077795982361,1,ppo_kalman_seed45,ppo_kalman,PPO-Kalman,45
77609,intercepted,1,0,0,0,178,66,33.0,112,178.0,89.0,2.889673948287964,0,2.3497513522089055,2.5364978313446045,2.453688457519536,113,ppo_kalman_seed45,ppo_kalman,PPO-Kalman,45
77610,intercepted,1,0,0,0,693,640,320.0,53,693.0,346.5,3.5431246757507324,0,2.4122864493617304,3.7715003490448,2.5670943545631193,54,ppo_kalman_seed45,ppo_kalman,PPO-Kalman,45
77611,intercepted,1,0,0,0,909,584,292.0,325,909.0,454.5,3.8928110599517822,0,2.479206024960506,2.8858954906463623,2.5802574861270484,326,ppo_kalman_seed45,ppo_kalman,PPO-Kalman,45
77612,intercepted,1,0,0,0,160,33,16.5,127,160.0,80.0,3.08062481880188,0,2.6212825193069875,2.5211262702941895,2.7185538302520236,128,ppo_kalman_seed45,ppo_kalman,PPO-Kalman,45
77613,intercepted,1,0,0,0,212,180,90.0,32,212.0,106.0,4.5014472007751465,0,2.1901619524666756,2.2820816040039062,2.289381318053114,33,ppo_kalman_seed45,ppo_kalman,PPO-Kalman,45
77614,intercepted,1,0,0,0,255,44,22.0,211,255.0,127.5,2.623274564743042,0,2.5917025976023584,1.1460485458374023,2.6707477895537317,212,ppo_kalman_seed45,ppo_kalman,PPO-Kalman,45
77615,intercepted,1,0,0,0,146,100,50.0,46,146.0,73.0,4.999902725219727,0,2.4459901471087275,2.114044666290283,2.554132593281567,47,ppo_kalman_seed45,ppo_kalman,PPO-Kalman,45
77616,soldier_caught,0,1,0,0,811,810,405.0,1,,,0.4928898811340332,0,0.9470514357089996,0.6415148377418518,0.9951175983650455,2,ppo_kalman_seed45,ppo_kalman,PPO-Kalman,45
77617,soldier_caught,0,1,0,0,530,457,228.5,73,,,1.6716018915176392,0,2.4469556325190776,3.139021873474121,2.595038384964235,74,ppo_kalman_seed45,ppo_kalman,PPO-Kalman,45
77618,intercepted,1,0,0,0,183,156,78.0,27,183.0,91.5,4.934962272644043,0,2.1369650214910507,2.0680739879608154,2.2807754201010053,28,ppo_kalman_seed45,ppo_kalman,PPO-Kalman,45
77619,unsafe_intercept,0,0,1,0,80,79,39.5,1,,,2.112488031387329,0,1.9656607508659363,2.887556552886963,2.171108946432405,2,ppo_kalman_seed45,ppo_kalman,PPO-Kalman,45
77620,intercepted,1,0,0,0,155,10,5.0,145,155.0,77.5,4.919683456420898,0,2.6128069064388537,2.839251756668091,2.694197026269474,146,ppo_kalman_seed45,ppo_kalman,PPO-Kalman,45
77621,soldier_caught,0,1,0,0,12,12,6.0,0,,,1.7509400844573975,0,1.367394208908081,1.367394208908081,1.367394208908081,1,ppo_kalman_seed45,ppo_kalman,PPO-Kalman,45
77622,intercepted,1,0,0,0,38,11,5.5,27,38.0,19.0,3.1570322513580322,0,2.4042030381304875,1.8038851022720337,2.5918963701565096,28,ppo_kalman_seed45,ppo_kalman,PPO-Kalman,45
77623,soldier_caught,0,1,0,0,32,32,16.0,0,,,1.7900723218917847,0,2.4445672035217285,2.4445672035217285,2.4445672035217285,1,ppo_kalman_seed45,ppo_kalman,PPO-Kalman,45
77624,soldier_caught,0,1,0,0,928,905,452.5,23,,,1.8701074123382568,0,2.302792697524031,2.4256720542907715,2.48981056041815,24,ppo_kalman_seed45,ppo_kalman,PPO-Kalman,45
77625,soldier_caught,0,1,0,0,264,263,131.5,1,,,1.5607300996780396,0,1.0349006950855255,0.9242940545082092,1.0407945415058169,2,ppo_kalman_seed45,ppo_kalman,PPO-Kalman,45
77626,intercepted,1,0,0,0,485,444,222.0,41,485.0,242.5,2.6796035766601562,0,2.633638225850605,3.229926109313965,2.742721171461435,42,ppo_kalman_seed45,ppo_kalman,PPO-Kalman,45
77627,intercepted,1,0,0,0,371,316,158.0,55,371.0,185.5,3.693295478820801,0,2.2604683584400584,2.1576974391937256,2.386529409856155,56,ppo_kalman_seed45,ppo_kalman,PPO-Kalman,45
77628,intercepted,1,0,0,0,1012,800,400.0,212,1012.0,506.0,3.673168182373047,0,2.3725144317452336,2.3034098148345947,2.4990728679448098,213,ppo_kalman_seed45,ppo_kalman,PPO-Kalman,45
77629,unsafe_intercept,0,0,1,0,283,283,141.5,0,,,2.060007095336914,0,0.8575742840766907,0.8575742840766907,0.8575742840766907,1,ppo_kalman_seed45,ppo_kalman,PPO-Kalman,45
77630,intercepted,1,0,0,0,387,338,169.0,49,387.0,193.5,4.831033706665039,0,2.312309411764145,2.9388186931610107,2.433669322958165,50,ppo_kalman_seed45,ppo_kalman,PPO-Kalman,45
77631,intercepted,1,0,0,0,902,410,205.0,492,902.0,451.0,2.9950411319732666,0,2.666841233236069,2.0343422889709473,2.734816314411201,493,ppo_kalman_seed45,ppo_kalman,PPO-Kalman,45
77632,intercepted,1,0,0,0,452,327,163.5,125,452.0,226.0,4.451633930206299,0,2.5852283825950018,2.391148090362549,2.689661783319172,126,ppo_kalman_seed45,ppo_kalman,PPO-Kalman,45
77633,intercepted,1,0,0,0,573,11,5.5,562,573.0,286.5,4.052396297454834,0,2.655914845385094,2.0015087127685547,2.7313466367075225,563,ppo_kalman_seed45,ppo_kalman,PPO-Kalman,45
77634,intercepted,1,0,0,0,333,260,130.0,73,333.0,166.5,4.913177013397217,0,2.1304283009187595,2.914031744003296,2.245342267654475,74,ppo_kalman_seed45,ppo_kalman,PPO-Kalman,45
77635,intercepted,1,0,0,0,34,11,5.5,23,34.0,17.0,4.202345848083496,0,2.2449823692440987,3.076164484024048,2.388133855927182,24,ppo_kalman_seed45,ppo_kalman,PPO-Kalman,45
77636,intercepted,1,0,0,0,325,112,56.0,213,325.0,162.5,3.634329080581665,0,2.5109070632780823,1.946987509727478,2.5876169162685296,214,ppo_kalman_seed45,ppo_kalman,PPO-Kalman,45
77637,soldier_caught,0,1,0,0,410,234,117.0,176,,,1.8818031549453735,0,2.47688243180345,1.0025285482406616,2.5957849364776218,177,ppo_kalman_seed45,ppo_kalman,PPO-Kalman,45
77638,soldier_caught,0,1,0,0,80,79,39.5,1,,,0.47695401310920715,0,1.050932064652443,0.38513484597206116,1.2440836551121386,2,ppo_kalman_seed45,ppo_kalman,PPO-Kalman,45
77639,timeout,0,0,0,1,2000,1804,902.0,196,,,3.5722386837005615,0,2.605398544805304,2.554084062576294,2.6704425454977523,197,ppo_kalman_seed45,ppo_kalman,PPO-Kalman,45
77640,intercepted,1,0,0,0,410,380,190.0,30,410.0,205.0,4.887502670288086,0,2.4342314312534947,3.0989723205566406,2.5473074048869857,31,ppo_kalman_seed45,ppo_kalman,PPO-Kalman,45
77641,soldier_caught,0,1,0,0,1336,1124,562.0,212,,,1.085636019706726,0,2.4640566818591014,2.0266778469085693,2.609005142273445,213,ppo_kalman_seed45,ppo_kalman,PPO-Kalman,45
77642,intercepted,1,0,0,0,539,484,242.0,55,539.0,269.5,4.4248576164245605,0,2.3398935486163412,3.051126718521118,2.4747647596051165,56,ppo_kalman_seed45,ppo_kalman,PPO-Kalman,45
77643,intercepted,1,0,0,0,471,416,208.0,55,471.0,235.5,3.381855010986328,0,2.6029578500560353,3.1613142490386963,2.686091920695152,56,ppo_kalman_seed45,ppo_kalman,PPO-Kalman,45
77644,intercepted,1,0,0,0,1039,847,423.5,192,1039.0,519.5,2.742621421813965,0,2.653648538138582,2.579704761505127,2.792978532037441,193,ppo_kalman_seed45,ppo_kalman,PPO-Kalman,45
77645,intercepted,1,0,0,0,307,102,51.0,205,307.0,153.5,2.2175159454345703,0,2.541762614134446,2.3984575271606445,2.662377797848205,206,ppo_kalman_seed45,ppo_kalman,PPO-Kalman,45
77646,unsafe_intercept,0,0,1,0,37,37,18.5,0,,,2.3612937927246094,0,1.0771745443344116,1.0771745443344116,1.0771745443344116,1,ppo_kalman_seed45,ppo_kalman,PPO-Kalman,45
77647,intercepted,1,0,0,0,549,280,140.0,269,549.0,274.5,3.800462007522583,0,2.5427503404793916,2.5780203342437744,2.6690980296049056,270,ppo_kalman_seed45,ppo_kalman,PPO-Kalman,45
77648,intercepted,1,0,0,0,12,11,5.5,1,12.0,6.0,3.051027536392212,0,0.86479052901268,0.8830256462097168,0.8649827620069782,2,ppo_kalman_seed45,ppo_kalman,PPO-Kalman,45
77649,unsafe_intercept,0,0,1,0,15,14,7.0,1,,,3.1687021255493164,0,1.279978096485138,2.021929979324341,1.4794717043358265,2,ppo_kalman_seed45,ppo_kalman,PPO-Kalman,45
77650,intercepted,1,0,0,0,762,707,353.5,55,762.0,381.0,2.2862937450408936,0,2.3796021129403795,3.0134196281433105,2.4865727137261366,56,ppo_kalman_seed45,ppo_kalman,PPO-Kalman,45
77651,unsafe_intercept,0,0,1,0,1794,1793,896.5,1,,,2.483182191848755,0,1.3359180092811584,1.0965120792388916,1.357200105681228,2,ppo_kalman_seed45,ppo_kalman,PPO-Kalman,45
77652,unsafe_intercept,0,0,1,0,12,12,6.0,0,,,2.041156053543091,0,0.773802638053894,0.773802638053894,0.773802638053894,1,ppo_kalman_seed45,ppo_kalman,PPO-Kalman,45
77653,soldier_caught,0,1,0,0,86,86,43.0,0,,,0.9761230945587158,0,1.1585016250610352,1.1585016250610352,1.1585016250610352,1,ppo_kalman_seed45,ppo_kalman,PPO-Kalman,45
77654,intercepted,1,0,0,0,352,303,151.5,49,352.0,176.0,3.7287862300872803,0,2.543048006296158,3.4541268348693848,2.644187575701097,50,ppo_kalman_seed45,ppo_kalman,PPO-Kalman,45
77655,intercepted,1,0,0,0,121,11,5.5,110,121.0,60.5,4.8347907066345215,0,2.661801998948192,2.0926153659820557,2.7563868580498405,111,ppo_kalman_seed45,ppo_kalman,PPO-Kalman,45
77656,intercepted,1,0,0,0,312,288,144.0,24,312.0,156.0,4.980534553527832,0,2.4086214113235473,2.989941358566284,2.5975697514878644,25,ppo_kalman_seed45,ppo_kalman,PPO-Kalman,45
77657,soldier_caught,0,1,0,0,158,158,79.0,0,,,1.6113513708114624,0,0.9599761366844177,0.9599761366844177,0.9599761366844177,1,ppo_kalman_seed45,ppo_kalman,PPO-Kalman,45
77658,intercepted,1,0,0,0,123,10,5.0,113,123.0,61.5,4.551527500152588,0,2.500039323118695,2.758838653564453,2.589062914278148,114,ppo_kalman_seed45,ppo_kalman,PPO-Kalman,45
77659,intercepted,1,0,0,0,818,671,335.5,147,818.0,409.0,2.760258436203003,0,2.6618121890602886,2.391963005065918,2.7392822050845727,148,ppo_kalman_seed45,ppo_kalman,PPO-Kalman,45
77660,intercepted,1,0,0,0,197,120,60.0,77,197.0,98.5,2.7368805408477783,0,2.4033368837374907,2.3475074768066406,2.5388605829061888,78,ppo_kalman_seed45,ppo_kalman,PPO-Kalman,45
77661,soldier_caught,0,1,0,0,148,80,40.0,68,,,1.6194008588790894,0,2.626672918381898,2.4837465286254883,2.7074839342555337,69,ppo_kalman_seed45,ppo_kalman,PPO-Kalman,45
77662,intercepted,1,0,0,0,528,505,252.5,23,528.0,264.0,2.5112526416778564,0,2.3990152422338724,3.2567927837371826,2.596824599083119,24,ppo_kalman_seed45,ppo_kalman,PPO-Kalman,45
77663,soldier_caught,0,1,0,0,147,147,73.5,0,,,1.9986052513122559,0,1.6914682388305664,1.6914682388305664,1.6914682388305664,1,ppo_kalman_seed45,ppo_kalman,PPO-Kalman,45
77664,intercepted,1,0,0,0,254,199,99.5,55,254.0,127.0,2.940294027328491,0,2.292173109948635,3.4441475868225098,2.5105887712045156,56,ppo_kalman_seed45,ppo_kalman,PPO-Kalman,45
77665,soldier_caught,0,1,0,0,172,172,86.0,0,,,0.5660324096679688,0,0.6192922592163086,0.6192922592163086,0.6192922592163086,1,ppo_kalman_seed45,ppo_kalman,PPO-Kalman,45
77666,soldier_caught,0,1,0,0,761,761,380.5,0,,,1.341054081916809,0,1.4792197942733765,1.4792197942733765,1.4792197942733765,1,ppo_kalman_seed45,ppo_kalman,PPO-Kalman,45
77667,soldier_caught,0,1,0,0,155,155,77.5,0,,,1.9706825017929077,0,1.2258412837982178,1.2258412837982178,1.2258412837982178,1,ppo_kalman_seed45,ppo_kalman,PPO-Kalman,45
77668,unsafe_intercept,0,0,1,0,59,58,29.0,1,,,2.468177318572998,0,0.9709457457065582,0.6313512921333313,1.0286204518690862,2,ppo_kalman_seed45,ppo_kalman,PPO-Kalman,45
77669,soldier_caught,0,1,0,0,514,513,256.5,1,,,1.7414554357528687,0,0.7848301231861115,0.661241352558136,0.7945014200652263,2,ppo_kalman_seed45,ppo_kalman,PPO-Kalman,45
77670,intercepted,1,0,0,0,935,544,272.0,391,935.0,467.5,2.569498062133789,0,2.752826943841516,2.6047539710998535,2.8219257622885716,392,ppo_kalman_seed45,ppo_kalman,PPO-Kalman,45
77671,intercepted,1,0,0,0,40,14,7.0,26,40.0,20.0,4.023731708526611,0,1.790071506191183,2.669172763824463,2.0636223883849305,27,ppo_kalman_seed45,ppo_kalman,PPO-Kalman,45
77672,unsafe_intercept,0,0,1,0,53,53,26.5,0,,,2.377223253250122,0,0.45663103461265564,0.45663103461265564,0.45663103461265564,1,ppo_kalman_seed45,ppo_kalman,PPO-Kalman,45
77673,unsafe_intercept,0,0,1,0,347,347,173.5,0,,,2.2805655002593994,0,0.7009807825088501,0.7009807825088501,0.7009807825088501,1,ppo_kalman_seed45,ppo_kalman,PPO-Kalman,45
77674,unsafe_intercept,0,0,1,0,421,421,210.5,0,,,2.034320831298828,0,0.9221936464309692,0.9221936464309692,0.9221936464309692,1,ppo_kalman_seed45,ppo_kalman,PPO-Kalman,45
77675,intercepted,1,0,0,0,256,186,93.0,70,256.0,128.0,4.32769775390625,0,2.677370308150708,2.859839916229248,2.7700307535393187,71,ppo_kalman_seed45,ppo_kalman,PPO-Kalman,45
77676,soldier_caught,0,1,0,0,10,10,5.0,0,,,1.9485231637954712,0,0.8345082998275757,0.8345082998275757,0.8345082998275757,1,ppo_kalman_seed45,ppo_kalman,PPO-Kalman,45
77677,intercepted,1,0,0,0,272,241,120.5,31,272.0,136.0,3.7134265899658203,0,2.489433530718088,2.333021640777588,2.627093365959789,32,ppo_kalman_seed45,ppo_kalman,PPO-Kalman,45
77678,intercepted,1,0,0,0,666,590,295.0,76,666.0,333.0,3.9649062156677246,0,2.6493229800230496,2.812002420425415,2.7481728348420296,77,ppo_kalman_seed45,ppo_kalman,PPO-Kalman,45
77679,unsafe_intercept,0,0,1,0,262,261,130.5,1,,,2.9007701873779297,0,0.6452239006757736,0.36454257369041443,0.7036305062470805,2,ppo_kalman_seed45,ppo_kalman,PPO-Kalman,45
77680,intercepted,1,0,0,0,747,695,347.5,52,747.0,373.5,4.386083126068115,0,2.660869156414608,3.148406744003296,2.8013019936129933,53,ppo_kalman_seed45,ppo_kalman,PPO-Kalman,45
77681,intercepted,1,0,0,0,146,96,48.0,50,146.0,73.0,2.6231510639190674,0,2.1843392439917024,1.7238984107971191,2.4175659691828617,51,ppo_kalman_seed45,ppo_kalman,PPO-Kalman,45
77682,intercepted,1,0,0,0,369,312,156.0,57,369.0,184.5,4.639138698577881,0,2.7482267484582703,2.3163881301879883,2.8166444571178855,58,ppo_kalman_seed45,ppo_kalman,PPO-Kalman,45
77683,intercepted,1,0,0,0,227,205,102.5,22,227.0,113.5,3.8618521690368652,0,2.1090421443400174,1.8389455080032349,2.224307161895397,23,ppo_kalman_seed45,ppo_kalman,PPO-Kalman,45
77684,intercepted,1,0,0,0,83,11,5.5,72,83.0,41.5,3.544180154800415,0,2.1933314093988234,3.121371030807495,2.403251199465784,73,ppo_kalman_seed45,ppo_kalman,PPO-Kalman,45
77685,intercepted,1,0,0,0,166,119,59.5,47,166.0,83.0,3.193359136581421,0,2.478146501506368,2.035977840423584,2.628429605995675,48,ppo_kalman_seed45,ppo_kalman,PPO-Kalman,45
77686,soldier_caught,0,1,0,0,812,811,405.5,1,,,1.9637750387191772,0,1.3595132231712341,1.9572393894195557,1.4851103574466626,2,ppo_kalman_seed45,ppo_kalman,PPO-Kalman,45
77687,soldier_caught,0,1,0,0,519,519,259.5,0,,,1.0136491060256958,0,1.0597642660140991,1.0597642660140991,1.0597642660140991,1,ppo_kalman_seed45,ppo_kalman,PPO-Kalman,45
77688,intercepted,1,0,0,0,60,10,5.0,50,60.0,30.0,3.5013773441314697,0,2.241346918484744,1.8355951309204102,2.354203243611205,51,ppo_kalman_seed45,ppo_kalman,PPO-Kalman,45
77689,intercepted,1,0,0,0,344,285,142.5,59,344.0,172.0,3.353614091873169,0,2.6852391322453815,2.3640549182891846,2.7618872583936316,60,ppo_kalman_seed45,ppo_kalman,PPO-Kalman,45
77690,intercepted,1,0,0,0,818,622,311.0,196,818.0,409.0,3.9798643589019775,0,2.3462611536689217,3.4981300830841064,2.515322545269632,197,ppo_kalman_seed45,ppo_kalman,PPO-Kalman,45
77691,intercepted,1,0,0,0,161,36,18.0,125,161.0,80.5,4.936245918273926,0,2.700504538795305,2.696152687072754,2.7826362552566155,126,ppo_kalman_seed45,ppo_kalman,PPO-Kalman,45
77692,soldier_caught,0,1,0,0,144,143,71.5,1,,,1.7537825107574463,0,0.8412462472915649,0.4739954471588135,0.9179152459678873,2,ppo_kalman_seed45,ppo_kalman,PPO-Kalman,45
77693,intercepted,1,0,0,0,102,36,18.0,66,102.0,51.0,4.211389541625977,0,2.4543423630408387,2.3710741996765137,2.571509166844694,67,ppo_kalman_seed45,ppo_kalman,PPO-Kalman,45
77694,soldier_caught,0,1,0,0,83,82,41.0,1,,,1.478684663772583,0,1.0153668522834778,0.7303541898727417,1.0546099100854847,2,ppo_kalman_seed45,ppo_kalman,PPO-Kalman,45
77695,soldier_caught,0,1,0,0,402,401,200.5,1,,,1.172175645828247,0,1.0149571299552917,1.4613585472106934,1.1087886187072422,2,ppo_kalman_seed45,ppo_kalman,PPO-Kalman,45
77696,intercepted,1,0,0,0,930,900,450.0,30,930.0,465.0,3.1868603229522705,0,2.2896541087858138,2.4389264583587646,2.435867449611534,31,ppo_kalman_seed45,ppo_kalman,PPO-Kalman,45
77697,intercepted,1,0,0,0,232,11,5.5,221,232.0,116.0,3.094069242477417,0,2.4668905400075354,0.7564048171043396,2.5775709341470083,222,ppo_kalman_seed45,ppo_kalman,PPO-Kalman,45
77698,intercepted,1,0,0,0,60,33,16.5,27,60.0,30.0,2.550480842590332,0,1.9721760600805283,0.5079924464225769,2.166962179302898,28,ppo_kalman_seed45,ppo_kalman,PPO-Kalman,45
77699,soldier_caught,0,1,0,0,294,205,102.5,89,,,1.1280781030654907,0,2.5211679766575497,2.405444383621216,2.626697431501002,90,ppo_kalman_seed45,ppo_kalman,PPO-Kalman,45
77700,intercepted,1,0,0,0,489,381,190.5,108,489.0,244.5,2.1882691383361816,0,2.230900763098253,2.990893840789795,2.3823236080212022,109,ppo_kalman_seed45,ppo_kalman,PPO-Kalman,45
77701,intercepted,1,0,0,0,474,293,146.5,181,474.0,237.0,4.62713623046875,0,2.692958962458831,3.2799289226531982,2.770519271982619,182,ppo_kalman_seed45,ppo_kalman,PPO-Kalman,45
77702,intercepted,1,0,0,0,414,220,110.0,194,414.0,207.0,2.507866144180298,0,2.5078100892213673,1.9764257669448853,2.5962260022866626,195,ppo_kalman_seed45,ppo_kalman,PPO-Kalman,45
77703,intercepted,1,0,0,0,541,462,231.0,79,541.0,270.5,2.0838680267333984,0,2.4815078392624854,1.9192743301391602,2.567584031655202,80,ppo_kalman_seed45,ppo_kalman,PPO-Kalman,45
77704,soldier_caught,0,1,0,0,388,286,143.0,102,,,1.384005069732666,0,2.475665577407022,2.1346142292022705,2.6045372167826417,103,ppo_kalman_seed45,ppo_kalman,PPO-Kalman,45
77705,intercepted,1,0,0,0,117,91,45.5,26,117.0,58.5,3.40129017829895,0,2.245720378778599,0.9514682292938232,2.4779621629617514,27,ppo_kalman_seed45,ppo_kalman,PPO-Kalman,45
77706,soldier_caught,0,1,0,0,258,257,128.5,1,,,1.6329152584075928,0,0.7904894649982452,0.9677692651748657,0.8101245100747628,2,ppo_kalman_seed45,ppo_kalman,PPO-Kalman,45
77707,intercepted,1,0,0,0,127,87,43.5,40,127.0,63.5,4.975318908691406,0,2.306763330610787,3.2867424488067627,2.430188235966969,41,ppo_kalman_seed45,ppo_kalman,PPO-Kalman,45
77708,soldier_caught,0,1,0,0,125,125,62.5,0,,,1.9050523042678833,0,0.5093024969100952,0.5093024969100952,0.5093024969100952,1,ppo_kalman_seed45,ppo_kalman,PPO-Kalman,45
77709,unsafe_intercept,0,0,1,0,147,147,73.5,0,,,2.4232969284057617,0,1.3551745414733887,1.3551745414733887,1.3551745414733887,1,ppo_kalman_seed45,ppo_kalman,PPO-Kalman,45
77710,intercepted,1,0,0,0,1225,1062,531.0,163,1225.0,612.5,2.7962632179260254,0,2.6865695180689415,2.859096050262451,2.7558124879570616,164,ppo_kalman_seed45,ppo_kalman,PPO-Kalman,45
77711,soldier_caught,0,1,0,0,198,198,99.0,0,,,1.810445785522461,0,1.4121676683425903,1.4121676683425903,1.4121676683425903,1,ppo_kalman_seed45,ppo_kalman,PPO-Kalman,45
77712,intercepted,1,0,0,0,140,76,38.0,64,140.0,70.0,3.9855427742004395,0,2.6685015614216145,2.6457648277282715,2.7365891190205187,65,ppo_kalman_seed45,ppo_kalman,PPO-Kalman,45
77713,soldier_caught,0,1,0,0,283,215,107.5,68,,,1.4591087102890015,0,2.4934547802676326,1.9380179643630981,2.63003970928678,69,ppo_kalman_seed45,ppo_kalman,PPO-Kalman,45
77714,intercepted,1,0,0,0,109,11,5.5,98,109.0,54.5,2.7120747566223145,0,2.5175830739917178,1.0413306951522827,2.6679658478835266,99,ppo_kalman_seed45,ppo_kalman,PPO-Kalman,45
77715,intercepted,1,0,0,0,155,38,19.0,117,155.0,77.5,2.723515510559082,0,2.4935038703477987,1.580334186553955,2.6192090458280495,118,ppo_kalman_seed45,ppo_kalman,PPO-Kalman,45
77716,soldier_caught,0,1,0,0,206,134,67.0,72,,,1.8204110860824585,0,2.6021930787661303,1.4503183364868164,2.755031625079917,73,ppo_kalman_seed45,ppo_kalman,PPO-Kalman,45
77717,soldier_caught,0,1,0,0,65,14,7.0,51,,,1.7319321632385254,0,2.252016258927492,1.6940293312072754,2.384411605008343,52,ppo_kalman_seed45,ppo_kalman,PPO-Kalman,45
77718,intercepted,1,0,0,0,218,73,36.5,145,218.0,109.0,4.0686163902282715,0,2.6758316591994404,3.2817230224609375,2.7271313118295173,146,ppo_kalman_seed45,ppo_kalman,PPO-Kalman,45
77719,intercepted,1,0,0,0,115,15,7.5,100,115.0,57.5,3.5550482273101807,0,2.3591769641578786,2.6760706901550293,2.4926185310677553,101,ppo_kalman_seed45,ppo_kalman,PPO-Kalman,45
77720,soldier_caught,0,1,0,0,96,41,20.5,55,,,1.3783154487609863,0,1.8718728635992323,1.4819765090942383,2.061867163706063,56,ppo_kalman_seed45,ppo_kalman,PPO-Kalman,45
77721,intercepted,1,0,0,0,475,450,225.0,25,475.0,237.5,2.8751919269561768,0,2.3765906324753394,1.9099704027175903,2.4624507567180527,26,ppo_kalman_seed45,ppo_kalman,PPO-Kalman,45
77722,soldier_caught,0,1,0,0,58,58,29.0,0,,,1.5702271461486816,0,1.1766986846923828,1.1766986846923828,1.1766986846923828,1,ppo_kalman_seed45,ppo_kalman,PPO-Kalman,45
77723,intercepted,1,0,0,0,396,191,95.5,205,396.0,198.0,3.2451772689819336,0,2.488390046415977,3.61554217338562,2.596027957355095,206,ppo_kalman_seed45,ppo_kalman,PPO-Kalman,45
77724,soldier_caught,0,1,0,0,14,14,7.0,0,,,1.7627261877059937,0,0.5589630603790283,0.5589630603790283,0.5589630603790283,1,ppo_kalman_seed45,ppo_kalman,PPO-Kalman,45
77725,soldier_caught,0,1,0,0,45,45,22.5,0,,,1.173936367034912,0,0.758002519607544,0.758002519607544,0.758002519607544,1,ppo_kalman_seed45,ppo_kalman,PPO-Kalman,45
77726,intercepted,1,0,0,0,493,449,224.5,44,493.0,246.5,4.7319655418396,0,2.210307138164838,2.2874703407287598,2.4258396906469675,45,ppo_kalman_seed45,ppo_kalman,PPO-Kalman,45
77727,soldier_caught,0,1,0,0,226,204,102.0,22,,,1.3978465795516968,0,2.088638557040173,2.0091097354888916,2.2293472038825746,23,ppo_kalman_seed45,ppo_kalman,PPO-Kalman,45
77728,intercepted,1,0,0,0,113,87,43.5,26,113.0,56.5,2.998152494430542,0,2.2938464129412615,1.4395617246627808,2.4641200668806444,27,ppo_kalman_seed45,ppo_kalman,PPO-Kalman,45
77729,intercepted,1,0,0,0,245,144,72.0,101,245.0,122.5,3.3389475345611572,0,2.1113285547962377,0.6364198923110962,2.278411253190466,102,ppo_kalman_seed45,ppo_kalman,PPO-Kalman,45
77730,soldier_caught,0,1,0,0,440,439,219.5,1,,,1.7308988571166992,0,1.3984670042991638,1.0831505060195923,1.4335740149014868,2,ppo_kalman_seed45,ppo_kalman,PPO-Kalman,45
77731,unsafe_intercept,0,0,1,0,180,180,90.0,0,,,2.224907398223877,0,0.6427016258239746,0.6427016258239746,0.6427016258239746,1,ppo_kalman_seed45,ppo_kalman,PPO-Kalman,45
77732,intercepted,1,0,0,0,999,878,439.0,121,999.0,499.5,2.5829555988311768,0,2.3917099921429745,3.114680290222168,2.570333372518879,122,ppo_kalman_seed45,ppo_kalman,PPO-Kalman,45
77733,intercepted,1,0,0,0,182,181,90.5,1,182.0,91.0,4.090908050537109,0,1.3954944610595703,1.219630479812622,1.4065322359434098,2,ppo_kalman_seed45,ppo_kalman,PPO-Kalman,45
77734,soldier_caught,0,1,0,0,429,379,189.5,50,,,1.882582187652588,0,2.4950201639942096,2.8893988132476807,2.5673830996551184,51,ppo_kalman_seed45,ppo_kalman,PPO-Kalman,45
77735,soldier_caught,0,1,0,0,66,66,33.0,0,,,1.2348170280456543,0,1.1080299615859985,1.1080299615859985,1.1080299615859985,1,ppo_kalman_seed45,ppo_kalman,PPO-Kalman,45
77736,soldier_caught,0,1,0,0,738,717,358.5,21,,,1.8967028856277466,0,2.5164224044843153,2.293025016784668,2.6512593312162522,22,ppo_kalman_seed45,ppo_kalman,PPO-Kalman,45
77737,soldier_caught,0,1,0,0,715,398,199.0,317,,,1.703974962234497,0,2.6367145457170293,1.6473782062530518,2.707608086415474,318,ppo_kalman_seed45,ppo_kalman,PPO-Kalman,45
77738,intercepted,1,0,0,0,93,42,21.0,51,93.0,46.5,3.163620948791504,0,2.384959090787631,2.519104480743408,2.4871270744848695,52,ppo_kalman_seed45,ppo_kalman,PPO-Kalman,45
77739,soldier_caught,0,1,0,0,1427,1347,673.5,80,,,1.0301920175552368,0,2.380278773513841,2.5405588150024414,2.5457755521398657,81,ppo_kalman_seed45,ppo_kalman,PPO-Kalman,45
77740,intercepted,1,0,0,0,33,10,5.0,23,33.0,16.5,4.66670560836792,0,2.3406757513682046,3.2009875774383545,2.449840509332213,24,ppo_kalman_seed45,ppo_kalman,PPO-Kalman,45
77741,intercepted,1,0,0,0,443,418,209.0,25,443.0,221.5,2.7306675910949707,0,2.097384675190999,1.1719657182693481,2.241125007835307,26,ppo_kalman_seed45,ppo_kalman,PPO-Kalman,45
77742,intercepted,1,0,0,0,219,99,49.5,120,219.0,109.5,2.5972046852111816,0,2.6047119069690545,2.916637659072876,2.6868502700887382,121,ppo_kalman_seed45,ppo_kalman,PPO-Kalman,45
77743,intercepted,1,0,0,0,573,513,256.5,60,573.0,286.5,3.383157730102539,0,2.3699066599861522,3.5530474185943604,2.500695416995223,61,ppo_kalman_seed45,ppo_kalman,PPO-Kalman,45
77744,intercepted,1,0,0,0,660,611,305.5,49,660.0,330.0,2.1336300373077393,0,2.2975802528858185,2.837366819381714,2.469838730280323,50,ppo_kalman_seed45,ppo_kalman,PPO-Kalman,45
77745,soldier_caught,0,1,0,0,1169,977,488.5,192,,,1.9297517538070679,0,2.3761115343613946,3.8235669136047363,2.5635090846972473,193,ppo_kalman_seed45,ppo_kalman,PPO-Kalman,45
77746,soldier_caught,0,1,0,0,115,114,57.0,1,,,0.6501681208610535,0,1.0875205993652344,1.1247663497924805,1.0881582145849047,2,ppo_kalman_seed45,ppo_kalman,PPO-Kalman,45
77747,intercepted,1,0,0,0,329,142,71.0,187,329.0,164.5,2.8449018001556396,0,2.623161330185038,2.252732515335083,2.704182236295231,188,ppo_kalman_seed45,ppo_kalman,PPO-Kalman,45
77748,soldier_caught,0,1,0,0,200,41,20.5,159,,,1.9105939865112305,0,2.6503705864772202,2.8466715812683105,2.716280411362962,160,ppo_kalman_seed45,ppo_kalman,PPO-Kalman,45
77749,intercepted,1,0,0,0,368,15,7.5,353,368.0,184.0,4.750237464904785,0,2.5492206622062428,3.080981731414795,2.638766812635733,354,ppo_kalman_seed45,ppo_kalman,PPO-Kalman,45
77750,intercepted,1,0,0,0,192,16,8.0,176,192.0,96.0,2.7062814235687256,0,2.5859240197529227,2.781466245651245,2.6560400143541854,177,ppo_kalman_seed45,ppo_kalman,PPO-Kalman,45
77751,intercepted,1,0,0,0,64,33,16.5,31,64.0,32.0,4.1134724617004395,0,2.2789197880774736,3.028395891189575,2.4230065348586916,32,ppo_kalman_seed45,ppo_kalman,PPO-Kalman,45
77752,intercepted,1,0,0,0,311,243,121.5,68,311.0,155.5,3.0447256565093994,0,2.568479526302089,3.0071821212768555,2.661833364828464,69,ppo_kalman_seed45,ppo_kalman,PPO-Kalman,45
77753,intercepted,1,0,0,0,330,305,152.5,25,330.0,165.0,2.5104098320007324,0,2.2552636724251967,2.711520195007324,2.3574068074260426,26,ppo_kalman_seed45,ppo_kalman,PPO-Kalman,45
77754,soldier_caught,0,1,0,0,15,15,7.5,0,,,1.0444538593292236,0,0.5444552898406982,0.5444552898406982,0.5444552898406982,1,ppo_kalman_seed45,ppo_kalman,PPO-Kalman,45
77755,soldier_caught,0,1,0,0,177,177,88.5,0,,,1.5539036989212036,0,1.5330384969711304,1.5330384969711304,1.5330384969711304,1,ppo_kalman_seed45,ppo_kalman,PPO-Kalman,45
77756,soldier_caught,0,1,0,0,75,75,37.5,0,,,1.7526130676269531,0,1.0539826154708862,1.0539826154708862,1.0539826154708862,1,ppo_kalman_seed45,ppo_kalman,PPO-Kalman,45
77757,intercepted,1,0,0,0,471,128,64.0,343,471.0,235.5,4.267192363739014,0,2.61015415928045,2.3141045570373535,2.695286870964159,344,ppo_kalman_seed45,ppo_kalman,PPO-Kalman,45
77758,intercepted,1,0,0,0,455,362,181.0,93,455.0,227.5,4.370336532592773,0,2.4348970131671175,2.1975009441375732,2.5514198874805776,94,ppo_kalman_seed45,ppo_kalman,PPO-Kalman,45
77759,soldier_caught,0,1,0,0,327,308,154.0,19,,,0.56820148229599,0,2.5121271789073942,2.55037522315979,2.63528574050657,20,ppo_kalman_seed45,ppo_kalman,PPO-Kalman,45
77760,intercepted,1,0,0,0,369,36,18.0,333,369.0,184.5,2.5747363567352295,0,2.5234896314893653,2.3908050060272217,2.614398076832228,334,ppo_kalman_seed45,ppo_kalman,PPO-Kalman,45
77761,intercepted,1,0,0,0,468,369,184.5,99,468.0,234.0,4.62069845199585,0,2.543831607401371,2.4579479694366455,2.622575354070163,100,ppo_kalman_seed45,ppo_kalman,PPO-Kalman,45
77762,intercepted,1,0,0,0,646,559,279.5,87,646.0,323.0,4.629954814910889,0,2.5461575029925867,2.5107064247131348,2.6377436783803905,88,ppo_kalman_seed45,ppo_kalman,PPO-Kalman,45
77763,soldier_caught,0,1,0,0,309,309,154.5,0,,,1.1694961786270142,0,1.598846197128296,1.598846197128296,1.598846197128296,1,ppo_kalman_seed45,ppo_kalman,PPO-Kalman,45
77764,unsafe_intercept,0,0,1,0,60,60,30.0,0,,,2.4591073989868164,0,1.5640275478363037,1.5640275478363037,1.5640275478363037,1,ppo_kalman_seed45,ppo_kalman,PPO-Kalman,45
77765,soldier_caught,0,1,0,0,253,231,115.5,22,,,1.3486255407333374,0,2.156247854232788,2.4596967697143555,2.2627068630976255,23,ppo_kalman_seed45,ppo_kalman,PPO-Kalman,45
77766,soldier_caught,0,1,0,0,757,757,378.5,0,,,1.6082442998886108,0,0.7170478701591492,0.7170478701591492,0.7170478701591492,1,ppo_kalman_seed45,ppo_kalman,PPO-Kalman,45
77767,intercepted,1,0,0,0,546,405,202.5,141,546.0,273.0,2.630396604537964,0,2.4785116012667268,2.5733790397644043,2.5887522426953997,142,ppo_kalman_seed45,ppo_kalman,PPO-Kalman,45
77768,soldier_caught,0,1,0,0,1638,1612,806.0,26,,,0.3164561092853546,0,2.269369065761566,2.962198257446289,2.390787769236121,27,ppo_kalman_seed45,ppo_kalman,PPO-Kalman,45
77769,intercepted,1,0,0,0,1956,1875,937.5,81,1956.0,978.0,3.970072031021118,0,2.6937361919298404,2.3457629680633545,2.7724148889321056,82,ppo_kalman_seed45,ppo_kalman,PPO-Kalman,45
77770,soldier_caught,0,1,0,0,12,12,6.0,0,,,1.3372923135757446,0,0.7213118672370911,0.7213118672370911,0.7213118672370911,1,ppo_kalman_seed45,ppo_kalman,PPO-Kalman,45
77771,intercepted,1,0,0,0,305,272,136.0,33,305.0,152.5,4.412223815917969,0,2.3165120201952316,3.3672640323638916,2.428096163376934,34,ppo_kalman_seed45,ppo_kalman,PPO-Kalman,45
77772,intercepted,1,0,0,0,929,727,363.5,202,929.0,464.5,2.5997560024261475,0,2.415135365988821,0.8681246638298035,2.573157904712379,203,ppo_kalman_seed45,ppo_kalman,PPO-Kalman,45
77773,intercepted,1,0,0,0,307,94,47.0,213,307.0,153.5,2.4552383422851562,0,2.4525781797471446,1.6936477422714233,2.5406427632405157,214,ppo_kalman_seed45,ppo_kalman,PPO-Kalman,45
77774,intercepted,1,0,0,0,61,11,5.5,50,61.0,30.5,3.024857759475708,0,2.7112727784642985,1.1344208717346191,2.7935206334018052,51,ppo_kalman_seed45,ppo_kalman,PPO-Kalman,45
77775,soldier_caught,0,1,0,0,1378,1119,559.5,259,,,1.147992730140686,0,2.788493605875052,3.276750087738037,2.8576490824853917,260,ppo_kalman_seed45,ppo_kalman,PPO-Kalman,45
77776,intercepted,1,0,0,0,302,91,45.5,211,302.0,151.0,3.0706546306610107,0,2.5723636324675576,2.462928295135498,2.645068470820351,212,ppo_kalman_seed45,ppo_kalman,PPO-Kalman,45
77777,intercepted,1,0,0,0,421,65,32.5,356,421.0,210.5,4.546680927276611,0,2.602537958060994,3.2818596363067627,2.6921030782050184,357,ppo_kalman_seed45,ppo_kalman,PPO-Kalman,45
77778,intercepted,1,0,0,0,298,230,115.0,68,298.0,149.0,2.5699267387390137,0,2.5000971883967305,3.3984451293945312,2.5707180209229277,69,ppo_kalman_seed45,ppo_kalman,PPO-Kalman,45
77779,intercepted,1,0,0,0,88,16,8.0,72,88.0,44.0,3.360034942626953,0,2.341934968347419,2.863459825515747,2.4587434145773246,73,ppo_kalman_seed45,ppo_kalman,PPO-Kalman,45
77780,soldier_caught,0,1,0,0,227,158,79.0,69,,,1.6008682250976562,0,2.296687436103821,2.536674737930298,2.4073703836672298,70,ppo_kalman_seed45,ppo_kalman,PPO-Kalman,45
77781,unsafe_intercept,0,0,1,0,196,196,98.0,0,,,2.3925139904022217,0,0.8414501547813416,0.8414501547813416,0.8414501547813416,1,ppo_kalman_seed45,ppo_kalman,PPO-Kalman,45
77782,soldier_caught,0,1,0,0,35,11,5.5,24,,,1.0006797313690186,0,2.2110338163375856,2.686617851257324,2.320507025731624,25,ppo_kalman_seed45,ppo_kalman,PPO-Kalman,45
77783,soldier_caught,0,1,0,0,1114,1113,556.5,1,,,0.45110365748405457,0,0.6618481278419495,0.7078244090080261,0.6634431119227598,2,ppo_kalman_seed45,ppo_kalman,PPO-Kalman,45
77784,soldier_caught,0,1,0,0,13,12,6.0,1,,,0.7810919284820557,0,1.7832611203193665,2.111614227294922,1.8132390868562211,2,ppo_kalman_seed45,ppo_kalman,PPO-Kalman,45
77785,soldier_caught,0,1,0,0,558,370,185.0,188,,,0.8031286597251892,0,2.429479868481399,2.1413817405700684,2.547984638542374,189,ppo_kalman_seed45,ppo_kalman,PPO-Kalman,45
77786,soldier_caught,0,1,0,0,524,345,172.5,179,,,1.5409390926361084,0,2.585065554579099,2.1664974689483643,2.6707797870026275,180,ppo_kalman_seed45,ppo_kalman,PPO-Kalman,45
77787,intercepted,1,0,0,0,426,168,84.0,258,426.0,213.0,4.3950042724609375,0,2.5670064667016845,2.4997406005859375,2.6655859086097595,259,ppo_kalman_seed45,ppo_kalman,PPO-Kalman,45
77788,intercepted,1,0,0,0,423,357,178.5,66,423.0,211.5,3.514678716659546,0,2.509636923893174,2.5243804454803467,2.615634072761788,67,ppo_kalman_seed45,ppo_kalman,PPO-Kalman,45
77789,intercepted,1,0,0,0,56,10,5.0,46,56.0,28.0,2.257612943649292,0,2.4696999344419925,1.2707171440124512,2.5956942721152854,47,ppo_kalman_seed45,ppo_kalman,PPO-Kalman,45
77790,intercepted,1,0,0,0,58,16,8.0,42,58.0,29.0,3.258357048034668,0,2.3175265248431716,2.1181674003601074,2.4149147675979044,43,ppo_kalman_seed45,ppo_kalman,PPO-Kalman,45
77791,intercepted,1,0,0,0,398,283,141.5,115,398.0,199.0,2.5822103023529053,0,2.3556042488279014,1.9235732555389404,2.4780831358850945,116,ppo_kalman_seed45,ppo_kalman,PPO-Kalman,45
77792,soldier_caught,0,1,0,0,89,89,44.5,0,,,1.244254469871521,0,0.565870463848114,0.565870463848114,0.565870463848114,1,ppo_kalman_seed45,ppo_kalman,PPO-Kalman,45
77793,intercepted,1,0,0,0,41,11,5.5,30,41.0,20.5,4.193328380584717,0,2.394460601191367,3.0006837844848633,2.4703133321849946,31,ppo_kalman_seed45,ppo_kalman,PPO-Kalman,45
77794,soldier_caught,0,1,0,0,36,35,17.5,1,,,1.4179140329360962,0,1.3747203946113586,1.6971379518508911,1.412023103414642,2,ppo_kalman_seed45,ppo_kalman,PPO-Kalman,45
77795,intercepted,1,0,0,0,481,445,222.5,36,481.0,240.5,4.264470100402832,0,1.9450324797952496,2.373215913772583,2.1100496578052854,37,ppo_kalman_seed45,ppo_kalman,PPO-Kalman,45
77796,intercepted,1,0,0,0,290,246,123.0,44,290.0,145.0,2.8854737281799316,0,2.279256569014655,1.4766359329223633,2.368828051262239,45,ppo_kalman_seed45,ppo_kalman,PPO-Kalman,45
77797,intercepted,1,0,0,0,44,11,5.5,33,44.0,22.0,2.663094997406006,0,1.9956746732487398,2.5538296699523926,2.2469606115073906,34,ppo_kalman_seed45,ppo_kalman,PPO-Kalman,45
77798,intercepted,1,0,0,0,264,202,101.0,62,264.0,132.0,2.5626778602600098,0,2.5184864392356268,2.709135055541992,2.683655210462836,63,ppo_kalman_seed45,ppo_kalman,PPO-Kalman,45
77799,soldier_caught,0,1,0,0,612,512,256.0,100,,,1.5345312356948853,0,2.5676170482788936,1.9952449798583984,2.6604010367781536,101,ppo_kalman_seed45,ppo_kalman,PPO-Kalman,45
77800,intercepted,1,0,0,0,509,416,208.0,93,509.0,254.5,2.816878318786621,0,2.579587481123336,2.9218437671661377,2.678267703829324,94,ppo_kalman_seed45,ppo_kalman,PPO-Kalman,45
77801,soldier_caught,0,1,0,0,450,83,41.5,367,,,1.2999770641326904,0,2.4789520027520866,2.934500217437744,2.6045116026030875,368,ppo_kalman_seed45,ppo_kalman,PPO-Kalman,45
77802,intercepted,1,0,0,0,254,58,29.0,196,254.0,127.0,2.6351261138916016,0,2.659545317367854,3.3835039138793945,2.722119589663667,197,ppo_kalman_seed45,ppo_kalman,PPO-Kalman,45
77803,soldier_caught,0,1,0,0,32,32,16.0,0,,,1.3152709007263184,0,1.1919326782226562,1.1919326782226562,1.1919326782226562,1,ppo_kalman_seed45,ppo_kalman,PPO-Kalman,45
77804,soldier_caught,0,1,0,0,595,340,170.0,255,,,1.4948451519012451,0,2.4472450370667502,3.2029154300689697,2.5517956350953606,256,ppo_kalman_seed45,ppo_kalman,PPO-Kalman,45
77805,intercepted,1,0,0,0,705,670,335.0,35,705.0,352.5,3.742595672607422,0,1.8002346232533455,2.3156208992004395,2.0888398698517943,36,ppo_kalman_seed45,ppo_kalman,PPO-Kalman,45
77806,intercepted,1,0,0,0,148,48,24.0,100,148.0,74.0,4.014468669891357,0,2.672838552163379,3.0085036754608154,2.7707512012751896,101,ppo_kalman_seed45,ppo_kalman,PPO-Kalman,45
77807,intercepted,1,0,0,0,105,10,5.0,95,105.0,52.5,2.7036819458007812,0,2.503904802724719,2.1836109161376953,2.609417455054109,96,ppo_kalman_seed45,ppo_kalman,PPO-Kalman,45
77808,intercepted,1,0,0,0,693,638,319.0,55,693.0,346.5,2.720841646194458,0,2.2632554253297195,3.2718307971954346,2.4766780448675316,56,ppo_kalman_seed45,ppo_kalman,PPO-Kalman,45
77809,soldier_caught,0,1,0,0,59,12,6.0,47,,,0.753219485282898,0,2.5519911659260592,2.4518778324127197,2.6545656267245135,48,ppo_kalman_seed45,ppo_kalman,PPO-Kalman,45
77810,soldier_caught,0,1,0,0,34,10,5.0,24,,,1.0460076332092285,0,2.172935620546341,1.630102515220642,2.3383033800965913,25,ppo_kalman_seed45,ppo_kalman,PPO-Kalman,45
77811,intercepted,1,0,0,0,449,301,150.5,148,449.0,224.5,3.5229411125183105,0,2.6249567310282047,3.380035638809204,2.699625431498071,149,ppo_kalman_seed45,ppo_kalman,PPO-Kalman,45
77812,intercepted,1,0,0,0,59,18,9.0,41,59.0,29.5,2.416023015975952,0,2.528226818357195,2.713761568069458,2.6157410646247055,42,ppo_kalman_seed45,ppo_kalman,PPO-Kalman,45
77813,intercepted,1,0,0,0,858,758,379.0,100,858.0,429.0,2.1861817836761475,0,2.5944486605648946,1.7706927061080933,2.7335812917905415,101,ppo_kalman_seed45,ppo_kalman,PPO-Kalman,45
77814,soldier_caught,0,1,0,0,319,299,149.5,20,,,1.5736669301986694,0,1.5842706532705397,1.8314653635025024,1.744676228664457,21,ppo_kalman_seed45,ppo_kalman,PPO-Kalman,45
77815,unsafe_intercept,0,0,1,0,106,106,53.0,0,,,2.2125043869018555,0,1.0956907272338867,1.0956907272338867,1.0956907272338867,1,ppo_kalman_seed45,ppo_kalman,PPO-Kalman,45
77816,soldier_caught,0,1,0,0,152,33,16.5,119,,,1.1201733350753784,0,2.3560186420877773,0.9394274353981018,2.484935347646545,120,ppo_kalman_seed45,ppo_kalman,PPO-Kalman,45
77817,intercepted,1,0,0,0,110,38,19.0,72,110.0,55.0,4.776052474975586,0,2.549844359698361,3.0336103439331055,2.6720779116219795,73,ppo_kalman_seed45,ppo_kalman,PPO-Kalman,45
77818,unsafe_intercept,0,0,1,0,590,589,294.5,1,,,3.2032809257507324,0,1.087472915649414,1.0173430442810059,1.0897318666209532,2,ppo_kalman_seed45,ppo_kalman,PPO-Kalman,45
77819,intercepted,1,0,0,0,488,355,177.5,133,488.0,244.0,4.709740161895752,0,2.6816176767669506,3.1634087562561035,2.746996459507202,134,ppo_kalman_seed45,ppo_kalman,PPO-Kalman,45
77820,unsafe_intercept,0,0,1,0,724,724,362.0,0,,,2.0144577026367188,0,1.998724102973938,1.998724102973938,1.998724102973938,1,ppo_kalman_seed45,ppo_kalman,PPO-Kalman,45
77821,intercepted,1,0,0,0,205,102,51.0,103,205.0,102.5,2.6633288860321045,0,2.1842004923293223,3.320955991744995,2.348082780229037,104,ppo_kalman_seed45,ppo_kalman,PPO-Kalman,45
77822,intercepted,1,0,0,0,168,10,5.0,158,168.0,84.0,2.132927417755127,0,2.4736556347061254,2.7018260955810547,2.566552509843598,159,ppo_kalman_seed45,ppo_kalman,PPO-Kalman,45
77823,soldier_caught,0,1,0,0,60,11,5.5,49,,,1.7326856851577759,0,2.447312975525856,3.6042816638946533,2.6125456080265943,50,ppo_kalman_seed45,ppo_kalman,PPO-Kalman,45
77824,unsafe_intercept,0,0,1,0,122,122,61.0,0,,,2.3982064723968506,0,1.0651698112487793,1.0651698112487793,1.0651698112487793,1,ppo_kalman_seed45,ppo_kalman,PPO-Kalman,45
77825,unsafe_intercept,0,0,1,0,60,59,29.5,1,,,2.3501181602478027,0,1.3388418555259705,1.2052589654922485,1.345489465814573,2,ppo_kalman_seed45,ppo_kalman,PPO-Kalman,45
77826,soldier_caught,0,1,0,0,17,17,8.5,0,,,1.6480435132980347,0,1.344234585762024,1.344234585762024,1.344234585762024,1,ppo_kalman_seed45,ppo_kalman,PPO-Kalman,45
77827,soldier_caught,0,1,0,0,101,101,50.5,0,,,1.8552260398864746,0,0.6840699315071106,0.6840699315071106,0.6840699315071106,1,ppo_kalman_seed45,ppo_kalman,PPO-Kalman,45
77828,unsafe_intercept,0,0,1,0,419,419,209.5,0,,,2.3233213424682617,0,2.071507215499878,2.071507215499878,2.071507215499878,1,ppo_kalman_seed45,ppo_kalman,PPO-Kalman,45
77829,soldier_caught,0,1,0,0,16,16,8.0,0,,,1.3081114292144775,0,1.555559515953064,1.555559515953064,1.555559515953064,1,ppo_kalman_seed45,ppo_kalman,PPO-Kalman,45
77830,intercepted,1,0,0,0,202,171,85.5,31,202.0,101.0,3.5378851890563965,0,2.487266704440117,3.4166419506073,2.5793369696781627,32,ppo_kalman_seed45,ppo_kalman,PPO-Kalman,45
77831,intercepted,1,0,0,0,324,271,135.5,53,324.0,162.0,2.673243284225464,0,2.3873657374470323,1.9770827293395996,2.4907182115729545,54,ppo_kalman_seed45,ppo_kalman,PPO-Kalman,45
77832,intercepted,1,0,0,0,38,10,5.0,28,38.0,19.0,3.0108590126037598,0,2.1839992743113945,2.7536473274230957,2.3109242080820125,29,ppo_kalman_seed45,ppo_kalman,PPO-Kalman,45
77833,intercepted,1,0,0,0,327,12,6.0,315,327.0,163.5,4.092923641204834,0,2.61470416923867,2.7324564456939697,2.6825488454299546,316,ppo_kalman_seed45,ppo_kalman,PPO-Kalman,45
77834,soldier_caught,0,1,0,0,294,271,135.5,23,,,1.2548927068710327,0,2.258146551748117,2.810368537902832,2.3165574203318373,24,ppo_kalman_seed45,ppo_kalman,PPO-Kalman,45
77835,soldier_caught,0,1,0,0,36,36,18.0,0,,,0.7472968697547913,0,0.729853630065918,0.729853630065918,0.729853630065918,1,ppo_kalman_seed45,ppo_kalman,PPO-Kalman,45
77836,intercepted,1,0,0,0,43,11,5.5,32,43.0,21.5,3.2815966606140137,0,1.9840505294727557,2.465273380279541,2.124585543662823,33,ppo_kalman_seed45,ppo_kalman,PPO-Kalman,45
77837,unsafe_intercept,0,0,1,0,713,712,356.0,1,,,2.8935153484344482,0,1.1253867149353027,0.9091624021530151,1.145970423523681,2,ppo_kalman_seed45,ppo_kalman,PPO-Kalman,45
77838,soldier_caught,0,1,0,0,33,32,16.0,1,,,0.8637924790382385,0,1.4563040137290955,1.4629828929901123,1.4563193289356757,2,ppo_kalman_seed45,ppo_kalman,PPO-Kalman,45
77839,intercepted,1,0,0,0,813,782,391.0,31,813.0,406.5,2.7609262466430664,0,2.560134705156088,2.8161299228668213,2.7012962875787476,32,ppo_kalman_seed45,ppo_kalman,PPO-Kalman,45
77840,intercepted,1,0,0,0,94,66,33.0,28,94.0,47.0,2.7596118450164795,0,1.8858345541460761,1.4015957117080688,2.045542922208705,29,ppo_kalman_seed45,ppo_kalman,PPO-Kalman,45
77841,intercepted,1,0,0,0,170,19,9.5,151,170.0,85.0,2.3322346210479736,0,2.4571742271318247,2.7988221645355225,2.585786770457894,152,ppo_kalman_seed45,ppo_kalman,PPO-Kalman,45
77842,soldier_caught,0,1,0,0,64,42,21.0,22,,,1.7623752355575562,0,2.359407098396965,2.6462411880493164,2.44042485233258,23,ppo_kalman_seed45,ppo_kalman,PPO-Kalman,45
77843,intercepted,1,0,0,0,225,199,99.5,26,225.0,112.5,3.3966596126556396,0,2.3234418829282126,0.5361935496330261,2.469102730814881,27,ppo_kalman_seed45,ppo_kalman,PPO-Kalman,45
77844,intercepted,1,0,0,0,38,11,5.5,27,38.0,19.0,4.529224872589111,0,2.428065254219941,2.1662683486938477,2.55039898104655,28,ppo_kalman_seed45,ppo_kalman,PPO-Kalman,45
77845,unsafe_intercept,0,0,1,0,204,203,101.5,1,,,2.6143205165863037,0,1.3045184016227722,1.4926247596740723,1.3180107215465875,2,ppo_kalman_seed45,ppo_kalman,PPO-Kalman,45
77846,intercepted,1,0,0,0,277,126,63.0,151,277.0,138.5,2.442608594894409,0,2.5374273987192857,2.9665493965148926,2.6501631253115527,152,ppo_kalman_seed45,ppo_kalman,PPO-Kalman,45
77847,intercepted,1,0,0,0,511,483,241.5,28,511.0,255.5,4.028239727020264,0,2.2925294000526955,2.832420587539673,2.399829332091896,29,ppo_kalman_seed45,ppo_kalman,PPO-Kalman,45
77848,intercepted,1,0,0,0,155,77,38.5,78,155.0,77.5,4.379607677459717,0,2.4917638499902774,2.7303638458251953,2.6089148064116943,79,ppo_kalman_seed45,ppo_kalman,PPO-Kalman,45
77849,intercepted,1,0,0,0,167,15,7.5,152,167.0,83.5,2.0474753379821777,0,2.4343191681344525,2.149096727371216,2.5293085149975827,153,ppo_kalman_seed45,ppo_kalman,PPO-Kalman,45
77850,soldier_caught,0,1,0,0,553,507,253.5,46,,,1.2012534141540527,0,1.9948256941551858,1.7508467435836792,2.1240764223581894,47,ppo_kalman_seed45,ppo_kalman,PPO-Kalman,45
77851,intercepted,1,0,0,0,1080,915,457.5,165,1080.0,540.0,2.6618778705596924,0,2.565226857920727,2.317298173904419,2.65016926103008,166,ppo_kalman_seed45,ppo_kalman,PPO-Kalman,45
77852,intercepted,1,0,0,0,327,59,29.5,268,327.0,163.5,2.255866289138794,0,2.4545574494010896,2.4611976146698,2.5456048293105504,269,ppo_kalman_seed45,ppo_kalman,PPO-Kalman,45
77853,unsafe_intercept,0,0,1,0,267,267,133.5,0,,,2.0707340240478516,0,1.1296305656433105,1.1296305656433105,1.1296305656433105,1,ppo_kalman_seed45,ppo_kalman,PPO-Kalman,45
77854,soldier_caught,0,1,0,0,1271,1249,624.5,22,,,0.7047663331031799,0,2.343411036159681,2.4735450744628906,2.4751276762891643,23,ppo_kalman_seed45,ppo_kalman,PPO-Kalman,45
77855,intercepted,1,0,0,0,64,19,9.5,45,64.0,32.0,3.3441050052642822,0,2.4260443682255954,2.8709466457366943,2.508955187608612,46,ppo_kalman_seed45,ppo_kalman,PPO-Kalman,45
77856,intercepted,1,0,0,0,110,10,5.0,100,110.0,55.0,2.637321710586548,0,2.678859153301409,1.88428795337677,2.7674153582037886,101,ppo_kalman_seed45,ppo_kalman,PPO-Kalman,45
77857,intercepted,1,0,0,0,255,32,16.0,223,255.0,127.5,4.334153652191162,0,2.4859054125845432,3.1265153884887695,2.571833004970474,224,ppo_kalman_seed45,ppo_kalman,PPO-Kalman,45
77858,intercepted,1,0,0,0,249,197,98.5,52,249.0,124.5,4.92841100692749,0,2.5395574052378818,3.6170156002044678,2.631545115648655,53,ppo_kalman_seed45,ppo_kalman,PPO-Kalman,45
77859,intercepted,1,0,0,0,363,186,93.0,177,363.0,181.5,4.493117809295654,0,2.546793117951811,2.4614005088806152,2.659102190755025,178,ppo_kalman_seed45,ppo_kalman,PPO-Kalman,45
77860,unsafe_intercept,0,0,1,0,34,33,16.5,1,,,2.49111008644104,0,0.9616424143314362,1.6235922574996948,1.1674475268343651,2,ppo_kalman_seed45,ppo_kalman,PPO-Kalman,45
77861,soldier_caught,0,1,0,0,1152,1078,539.0,74,,,1.0046011209487915,0,1.9774940979480744,3.6137406826019287,2.190959813950372,75,ppo_kalman_seed45,ppo_kalman,PPO-Kalman,45
77862,unsafe_intercept,0,0,1,0,239,239,119.5,0,,,2.325477123260498,0,1.2006994485855103,1.2006994485855103,1.2006994485855103,1,ppo_kalman_seed45,ppo_kalman,PPO-Kalman,45
77863,soldier_caught,0,1,0,0,270,134,67.0,136,,,1.2126718759536743,0,2.5485370598570274,2.862978458404541,2.640286456624565,137,ppo_kalman_seed45,ppo_kalman,PPO-Kalman,45
77864,unsafe_intercept,0,0,1,0,11,11,5.5,0,,,2.052396059036255,0,0.7404184937477112,0.7404184937477112,0.7404184937477112,1,ppo_kalman_seed45,ppo_kalman,PPO-Kalman,45
77865,intercepted,1,0,0,0,554,509,254.5,45,554.0,277.0,2.6458611488342285,0,2.87560315300589,2.0417673587799072,2.9808647671158726,46,ppo_kalman_seed45,ppo_kalman,PPO-Kalman,45
77866,intercepted,1,0,0,0,325,193,96.5,132,325.0,162.5,3.793715000152588,0,2.555816350126625,2.688750743865967,2.7151481358524863,133,ppo_kalman_seed45,ppo_kalman,PPO-Kalman,45
77867,intercepted,1,0,0,0,173,56,28.0,117,173.0,86.5,2.786722421646118,0,2.6209647953510284,3.2141401767730713,2.729168464620522,118,ppo_kalman_seed45,ppo_kalman,PPO-Kalman,45
77868,soldier_caught,0,1,0,0,129,12,6.0,117,,,0.6662108898162842,0,2.428172036247738,2.8105807304382324,2.534490509752161,118,ppo_kalman_seed45,ppo_kalman,PPO-Kalman,45
77869,intercepted,1,0,0,0,198,186,93.0,12,198.0,99.0,4.059148788452148,0,2.153413864282461,2.785001039505005,2.44892946429129,13,ppo_kalman_seed45,ppo_kalman,PPO-Kalman,45
77870,intercepted,1,0,0,0,360,251,125.5,109,360.0,180.0,4.746064186096191,0,2.439109633456577,2.984158992767334,2.5797772284223313,110,ppo_kalman_seed45,ppo_kalman,PPO-Kalman,45
77871,soldier_caught,0,1,0,0,688,688,344.0,0,,,1.2348843812942505,0,0.6876939535140991,0.6876939535140991,0.6876939535140991,1,ppo_kalman_seed45,ppo_kalman,PPO-Kalman,45
77872,intercepted,1,0,0,0,629,369,184.5,260,629.0,314.5,2.9195504188537598,0,2.5180807125065976,2.012665271759033,2.611729274169572,261,ppo_kalman_seed45,ppo_kalman,PPO-Kalman,45
77873,intercepted,1,0,0,0,671,630,315.0,41,671.0,335.5,2.843447208404541,0,2.356215408870152,1.7845525741577148,2.469127399249746,42,ppo_kalman_seed45,ppo_kalman,PPO-Kalman,45
77874,intercepted,1,0,0,0,846,635,317.5,211,846.0,423.0,2.980508804321289,0,2.536127714897102,2.677408218383789,2.6467594371387166,212,ppo_kalman_seed45,ppo_kalman,PPO-Kalman,45
77875,intercepted,1,0,0,0,189,14,7.0,175,189.0,94.5,2.9309701919555664,0,2.5832087207924235,3.54267954826355,2.6610345690894843,176,ppo_kalman_seed45,ppo_kalman,PPO-Kalman,45
77876,soldier_caught,0,1,0,0,253,253,126.5,0,,,1.811278223991394,0,0.8382347822189331,0.8382347822189331,0.8382347822189331,1,ppo_kalman_seed45,ppo_kalman,PPO-Kalman,45
77877,intercepted,1,0,0,0,386,359,179.5,27,386.0,193.0,4.58937931060791,0,2.141171383006232,2.4000866413116455,2.2558460989562956,28,ppo_kalman_seed45,ppo_kalman,PPO-Kalman,45
77878,soldier_caught,0,1,0,0,90,90,45.0,0,,,1.5977840423583984,0,1.67564058303833,1.67564058303833,1.67564058303833,1,ppo_kalman_seed45,ppo_kalman,PPO-Kalman,45
77879,intercepted,1,0,0,0,939,702,351.0,237,939.0,469.5,3.359388589859009,0,2.4948816745221114,2.827877998352051,2.6561024180335626,238,ppo_kalman_seed45,ppo_kalman,PPO-Kalman,45
77880,soldier_caught,0,1,0,0,317,124,62.0,193,,,1.7353036403656006,0,2.5978439977181327,3.1309609413146973,2.703591077025783,194,ppo_kalman_seed45,ppo_kalman,PPO-Kalman,45
77881,unsafe_intercept,0,0,1,0,10,10,5.0,0,,,2.004845380783081,0,1.0417922735214233,1.0417922735214233,1.0417922735214233,1,ppo_kalman_seed45,ppo_kalman,PPO-Kalman,45
77882,soldier_caught,0,1,0,0,178,84,42.0,94,,,0.32569828629493713,0,2.2587645082097305,3.512535572052002,2.424252910409702,95,ppo_kalman_seed45,ppo_kalman,PPO-Kalman,45
77883,intercepted,1,0,0,0,272,232,116.0,40,272.0,136.0,3.0491082668304443,0,2.601417904946862,2.6599626541137695,2.7422296760712586,41,ppo_kalman_seed45,ppo_kalman,PPO-Kalman,45
77884,intercepted,1,0,0,0,128,21,10.5,107,128.0,64.0,4.01866340637207,0,2.52733905116717,2.771696090698242,2.6103975286541115,108,ppo_kalman_seed45,ppo_kalman,PPO-Kalman,45
77885,intercepted,1,0,0,0,413,386,193.0,27,413.0,206.5,4.283063888549805,0,2.247197221432413,2.425035238265991,2.4158921054170697,28,ppo_kalman_seed45,ppo_kalman,PPO-Kalman,45
77886,soldier_caught,0,1,0,0,84,37,18.5,47,,,1.063303828239441,0,2.419218032310406,0.8937580585479736,2.536675209616332,48,ppo_kalman_seed45,ppo_kalman,PPO-Kalman,45
77887,intercepted,1,0,0,0,315,147,73.5,168,315.0,157.5,2.4649698734283447,0,2.6289491708109365,4.0728044509887695,2.7701527129357078,169,ppo_kalman_seed45,ppo_kalman,PPO-Kalman,45
77888,soldier_caught,0,1,0,0,351,351,175.5,0,,,1.277860403060913,0,1.5090183019638062,1.5090183019638062,1.5090183019638062,1,ppo_kalman_seed45,ppo_kalman,PPO-Kalman,45
77889,intercepted,1,0,0,0,86,57,28.5,29,86.0,43.0,2.6830523014068604,0,2.1331801186005275,2.2346391677856445,2.261920029992009,30,ppo_kalman_seed45,ppo_kalman,PPO-Kalman,45
77890,soldier_caught,0,1,0,0,86,86,43.0,0,,,1.9805294275283813,0,1.9762134552001953,1.9762134552001953,1.9762134552001953,1,ppo_kalman_seed45,ppo_kalman,PPO-Kalman,45
77891,intercepted,1,0,0,0,66,13,6.5,53,66.0,33.0,3.6518373489379883,0,2.4034391829261073,3.0354325771331787,2.5022083155968766,54,ppo_kalman_seed45,ppo_kalman,PPO-Kalman,45
77892,intercepted,1,0,0,0,124,46,23.0,78,124.0,62.0,2.086815595626831,0,2.265574021429955,3.0358431339263916,2.35639198703689,79,ppo_kalman_seed45,ppo_kalman,PPO-Kalman,45
77893,intercepted,1,0,0,0,620,485,242.5,135,620.0,310.0,3.988231897354126,0,2.579339464359424,2.8733506202697754,2.646741825805071,136,ppo_kalman_seed45,ppo_kalman,PPO-Kalman,45
77894,soldier_caught,0,1,0,0,1305,1305,652.5,0,,,0.8887814283370972,0,1.501497745513916,1.501497745513916,1.501497745513916,1,ppo_kalman_seed45,ppo_kalman,PPO-Kalman,45
77895,intercepted,1,0,0,0,236,57,28.5,179,236.0,118.0,2.819399833679199,0,2.613309861222903,3.1846320629119873,2.6939256011567463,180,ppo_kalman_seed45,ppo_kalman,PPO-Kalman,45
77896,unsafe_intercept,0,0,1,0,279,278,139.0,1,,,2.508507013320923,0,1.1633314788341522,1.3785085678100586,1.18306437241031,2,ppo_kalman_seed45,ppo_kalman,PPO-Kalman,45
77897,intercepted,1,0,0,0,552,522,261.0,30,552.0,276.0,3.2413179874420166,0,2.388042953706557,2.321676015853882,2.4785785505542663,31,ppo_kalman_seed45,ppo_kalman,PPO-Kalman,45
77898,soldier_caught,0,1,0,0,13,12,6.0,1,,,1.1271528005599976,0,0.6820578686892986,1.320212483406067,0.9340472410565193,2,ppo_kalman_seed45,ppo_kalman,PPO-Kalman,45
77899,intercepted,1,0,0,0,374,218,109.0,156,374.0,187.0,2.8267979621887207,0,2.3574207049266547,1.078660011291504,2.4681256019894544,157,ppo_kalman_seed45,ppo_kalman,PPO-Kalman,45
77900,intercepted,1,0,0,0,226,168,84.0,58,226.0,113.0,4.579089164733887,0,2.0139204773862485,3.26101016998291,2.2022651978921166,59,ppo_kalman_seed45,ppo_kalman,PPO-Kalman,45
77901,intercepted,1,0,0,0,134,10,5.0,124,134.0,67.0,2.5721802711486816,0,2.4749169120788572,2.3976266384124756,2.6127773860852006,125,ppo_kalman_seed45,ppo_kalman,PPO-Kalman,45
77902,soldier_caught,0,1,0,0,467,428,214.0,39,,,0.7563261985778809,0,2.5052269369363787,2.0547616481781006,2.6684743641138566,40,ppo_kalman_seed45,ppo_kalman,PPO-Kalman,45
77903,unsafe_intercept,0,0,1,0,124,123,61.5,1,,,2.339261293411255,0,1.6875765919685364,1.5693894624710083,1.6917100671625163,2,ppo_kalman_seed45,ppo_kalman,PPO-Kalman,45
77904,intercepted,1,0,0,0,58,13,6.5,45,58.0,29.0,4.055700302124023,0,2.54098871609439,3.5472617149353027,2.6481203019091972,46,ppo_kalman_seed45,ppo_kalman,PPO-Kalman,45
77905,intercepted,1,0,0,0,69,42,21.0,27,69.0,34.5,2.6767473220825195,0,1.9977418801614217,2.5942745208740234,2.0951905233726302,28,ppo_kalman_seed45,ppo_kalman,PPO-Kalman,45
77906,intercepted,1,0,0,0,273,11,5.5,262,273.0,136.5,3.1426305770874023,0,2.613156578839958,3.2692930698394775,2.704878651442227,263,ppo_kalman_seed45,ppo_kalman,PPO-Kalman,45
77907,soldier_caught,0,1,0,0,362,361,180.5,1,,,1.5245227813720703,0,1.7204522490501404,2.2221977710723877,1.792122905978009,2,ppo_kalman_seed45,ppo_kalman,PPO-Kalman,45
77908,soldier_caught,0,1,0,0,15,14,7.0,1,,,1.116246223449707,0,1.3893877267837524,1.1873252391815186,1.4040040969432126,2,ppo_kalman_seed45,ppo_kalman,PPO-Kalman,45
77909,intercepted,1,0,0,0,1071,780,390.0,291,1071.0,535.5,3.594801187515259,0,2.6644469412834675,2.4817140102386475,2.741684645115986,292,ppo_kalman_seed45,ppo_kalman,PPO-Kalman,45
77910,intercepted,1,0,0,0,109,40,20.0,69,109.0,54.5,2.181135654449463,0,2.5984361605984825,3.4021239280700684,2.732338646641113,70,ppo_kalman_seed45,ppo_kalman,PPO-Kalman,45
77911,soldier_caught,0,1,0,0,36,14,7.0,22,,,1.9672744274139404,0,2.410220019195391,2.97861909866333,2.586545948944437,23,ppo_kalman_seed45,ppo_kalman,PPO-Kalman,45
77912,intercepted,1,0,0,0,304,281,140.5,23,304.0,152.0,4.3372039794921875,0,2.237262879808744,3.4614226818084717,2.4055635736913654,24,ppo_kalman_seed45,ppo_kalman,PPO-Kalman,45
77913,soldier_caught,0,1,0,0,565,565,282.5,0,,,1.1074633598327637,0,1.5410702228546143,1.5410702228546143,1.5410702228546143,1,ppo_kalman_seed45,ppo_kalman,PPO-Kalman,45
77914,intercepted,1,0,0,0,135,79,39.5,56,135.0,67.5,4.724157810211182,0,2.5114218749498067,2.7546675205230713,2.5860678926327516,57,ppo_kalman_seed45,ppo_kalman,PPO-Kalman,45
77915,intercepted,1,0,0,0,60,11,5.5,49,60.0,30.0,2.562459945678711,0,2.727693223953247,3.211028575897217,2.7982356821471024,50,ppo_kalman_seed45,ppo_kalman,PPO-Kalman,45
77916,intercepted,1,0,0,0,1230,1133,566.5,97,1230.0,615.0,3.436734437942505,0,2.5128442107566764,2.427257776260376,2.6075869689343967,98,ppo_kalman_seed45,ppo_kalman,PPO-Kalman,45
77917,soldier_caught,0,1,0,0,111,87,43.5,24,,,0.7518863677978516,0,2.2668758618831633,1.8595621585845947,2.4750339566976844,25,ppo_kalman_seed45,ppo_kalman,PPO-Kalman,45
77918,intercepted,1,0,0,0,325,264,132.0,61,325.0,162.5,2.528864622116089,0,2.152158880426038,2.862973690032959,2.357992099423203,62,ppo_kalman_seed45,ppo_kalman,PPO-Kalman,45
77919,intercepted,1,0,0,0,102,13,6.5,89,102.0,51.0,4.251967430114746,0,2.6763659384515552,3.1822657585144043,2.743076362427952,90,ppo_kalman_seed45,ppo_kalman,PPO-Kalman,45
77920,soldier_caught,0,1,0,0,375,375,187.5,0,,,0.9326116442680359,0,0.5143980979919434,0.5143980979919434,0.5143980979919434,1,ppo_kalman_seed45,ppo_kalman,PPO-Kalman,45
77921,intercepted,1,0,0,0,433,103,51.5,330,433.0,216.5,2.613842248916626,0,2.542113687336625,0.7535547614097595,2.632538801201605,331,ppo_kalman_seed45,ppo_kalman,PPO-Kalman,45
77922,soldier_caught,0,1,0,0,403,105,52.5,298,,,0.7425198554992676,0,2.6066268150224334,0.9945772886276245,2.704564250877163,299,ppo_kalman_seed45,ppo_kalman,PPO-Kalman,45
77923,intercepted,1,0,0,0,315,221,110.5,94,315.0,157.5,2.9842333793640137,0,2.5326908996230677,2.5778706073760986,2.6371407786394565,95,ppo_kalman_seed45,ppo_kalman,PPO-Kalman,45
77924,soldier_caught,0,1,0,0,118,118,59.0,0,,,1.367473840713501,0,0.9041927456855774,0.9041927456855774,0.9041927456855774,1,ppo_kalman_seed45,ppo_kalman,PPO-Kalman,45
77925,intercepted,1,0,0,0,1137,1079,539.5,58,1137.0,568.5,3.726015329360962,0,2.4849314381510523,2.4140312671661377,2.603366408770956,59,ppo_kalman_seed45,ppo_kalman,PPO-Kalman,45
77926,intercepted,1,0,0,0,598,597,298.5,1,598.0,299.0,4.114865303039551,0,0.9520008563995361,0.8531615734100342,0.9571179835565358,2,ppo_kalman_seed45,ppo_kalman,PPO-Kalman,45
77927,soldier_caught,0,1,0,0,12,11,5.5,1,,,1.5026137828826904,0,1.6751230359077454,1.0149239301681519,1.8005277128242543,2,ppo_kalman_seed45,ppo_kalman,PPO-Kalman,45
77928,intercepted,1,0,0,0,183,139,69.5,44,183.0,91.5,2.876710891723633,0,2.363858065009117,3.103954315185547,2.4578547897531533,45,ppo_kalman_seed45,ppo_kalman,PPO-Kalman,45
77929,soldier_caught,0,1,0,0,202,179,89.5,23,,,1.0865839719772339,0,2.4935579722126326,3.083617925643921,2.6297866234342355,24,ppo_kalman_seed45,ppo_kalman,PPO-Kalman,45
77930,unsafe_intercept,0,0,1,0,281,281,140.5,0,,,2.016658306121826,0,0.7424060106277466,0.7424060106277466,0.7424060106277466,1,ppo_kalman_seed45,ppo_kalman,PPO-Kalman,45
77931,intercepted,1,0,0,0,27,12,6.0,15,27.0,13.5,3.3842673301696777,0,2.4768266901373863,2.694005012512207,2.6162924477803173,16,ppo_kalman_seed45,ppo_kalman,PPO-Kalman,45
77932,intercepted,1,0,0,0,63,14,7.0,49,63.0,31.5,4.225693702697754,0,2.1742662477493284,3.115048408508301,2.3178475620910484,50,ppo_kalman_seed45,ppo_kalman,PPO-Kalman,45
77933,intercepted,1,0,0,0,62,36,18.0,26,62.0,31.0,2.06854248046875,0,1.9908788756087974,1.0090572834014893,2.1229443816249876,27,ppo_kalman_seed45,ppo_kalman,PPO-Kalman,45
77934,intercepted,1,0,0,0,204,155,77.5,49,204.0,102.0,3.612393379211426,0,2.0966374415159224,2.609309196472168,2.21954381897194,50,ppo_kalman_seed45,ppo_kalman,PPO-Kalman,45
77935,soldier_caught,0,1,0,0,226,226,113.0,0,,,1.7532174587249756,0,0.8702385425567627,0.8702385425567627,0.8702385425567627,1,ppo_kalman_seed45,ppo_kalman,PPO-Kalman,45
77936,intercepted,1,0,0,0,200,170,85.0,30,200.0,100.0,3.590843439102173,0,2.0417446359511344,2.4446358680725098,2.2496993554178153,31,ppo_kalman_seed45,ppo_kalman,PPO-Kalman,45
77937,intercepted,1,0,0,0,256,41,20.5,215,256.0,128.0,2.767359733581543,0,2.683037389345743,2.115621566772461,2.7519260639216867,216,ppo_kalman_seed45,ppo_kalman,PPO-Kalman,45
77938,intercepted,1,0,0,0,377,350,175.0,27,377.0,188.5,3.190598487854004,0,2.191021795783724,1.6678656339645386,2.2639415092347983,28,ppo_kalman_seed45,ppo_kalman,PPO-Kalman,45
77939,intercepted,1,0,0,0,1091,1067,533.5,24,1091.0,545.5,4.65645170211792,0,2.3172144281864164,2.6290829181671143,2.467698830504394,25,ppo_kalman_seed45,ppo_kalman,PPO-Kalman,45
77940,intercepted,1,0,0,0,71,11,5.5,60,71.0,35.5,3.408780574798584,0,2.517518432902508,3.319047451019287,2.608336848302224,61,ppo_kalman_seed45,ppo_kalman,PPO-Kalman,45
77941,intercepted,1,0,0,0,84,42,21.0,42,84.0,42.0,3.3702127933502197,0,2.2518078019452648,2.259884834289551,2.452405124528497,43,ppo_kalman_seed45,ppo_kalman,PPO-Kalman,45
77942,soldier_caught,0,1,0,0,776,776,388.0,0,,,1.88307785987854,0,1.3960930109024048,1.3960930109024048,1.3960930109024048,1,ppo_kalman_seed45,ppo_kalman,PPO-Kalman,45
77943,intercepted,1,0,0,0,78,58,29.0,20,78.0,39.0,2.831982374191284,0,2.290953673067547,2.633885145187378,2.427745116504707,21,ppo_kalman_seed45,ppo_kalman,PPO-Kalman,45
77944,intercepted,1,0,0,0,224,160,80.0,64,224.0,112.0,3.9312219619750977,0,2.6047188667150643,1.9805892705917358,2.670928216305191,65,ppo_kalman_seed45,ppo_kalman,PPO-Kalman,45
77945,intercepted,1,0,0,0,31,17,8.5,14,31.0,15.5,4.878262519836426,0,1.9454344034194946,2.904365301132202,2.2607602851279864,15,ppo_kalman_seed45,ppo_kalman,PPO-Kalman,45
77946,intercepted,1,0,0,0,249,14,7.0,235,249.0,124.5,4.806315898895264,0,2.3192427298527654,2.5579066276550293,2.441224896566479,236,ppo_kalman_seed45,ppo_kalman,PPO-Kalman,45
77947,intercepted,1,0,0,0,88,10,5.0,78,88.0,44.0,3.7955260276794434,0,2.6365723745732366,2.084669351577759,2.7085805902108246,79,ppo_kalman_seed45,ppo_kalman,PPO-Kalman,45
77948,intercepted,1,0,0,0,38,11,5.5,27,38.0,19.0,2.609005928039551,0,2.14375085915838,3.052792549133301,2.236801182887688,28,ppo_kalman_seed45,ppo_kalman,PPO-Kalman,45
77949,soldier_caught,0,1,0,0,331,111,55.5,220,,,1.9025934934616089,0,2.540733375160942,1.9429993629455566,2.618104468608238,221,ppo_kalman_seed45,ppo_kalman,PPO-Kalman,45
77950,soldier_caught,0,1,0,0,329,328,164.0,1,,,1.89618980884552,0,1.5839866995811462,1.4368345737457275,1.5908072204349135,2,ppo_kalman_seed45,ppo_kalman,PPO-Kalman,45
77951,intercepted,1,0,0,0,440,414,207.0,26,440.0,220.0,3.503399610519409,0,1.911245240105523,2.21239972114563,2.1697481985464706,27,ppo_kalman_seed45,ppo_kalman,PPO-Kalman,45
77952,intercepted,1,0,0,0,295,37,18.5,258,295.0,147.5,2.0202178955078125,0,2.4385446494150345,2.479708433151245,2.5718554627850834,259,ppo_kalman_seed45,ppo_kalman,PPO-Kalman,45
77953,soldier_caught,0,1,0,0,512,417,208.5,95,,,1.2552835941314697,0,2.390229044482112,1.1914554834365845,2.5100456533153177,96,ppo_kalman_seed45,ppo_kalman,PPO-Kalman,45
77954,intercepted,1,0,0,0,93,43,21.5,50,93.0,46.5,3.8472588062286377,0,2.3935092145613597,2.0695197582244873,2.5633314316999165,51,ppo_kalman_seed45,ppo_kalman,PPO-Kalman,45
77955,soldier_caught,0,1,0,0,61,38,19.0,23,,,1.9053256511688232,0,2.4349289697905383,2.4732532501220703,2.6516510073313246,24,ppo_kalman_seed45,ppo_kalman,PPO-Kalman,45
77956,intercepted,1,0,0,0,40,13,6.5,27,40.0,20.0,4.1151018142700195,0,2.239658739949976,3.2459239959716797,2.4339404211081757,28,ppo_kalman_seed45,ppo_kalman,PPO-Kalman,45
77957,intercepted,1,0,0,0,457,404,202.0,53,457.0,228.5,3.2013063430786133,0,2.2397128249760025,1.5837873220443726,2.376595309775841,54,ppo_kalman_seed45,ppo_kalman,PPO-Kalman,45
77958,intercepted,1,0,0,0,155,129,64.5,26,155.0,77.5,2.5677711963653564,0,2.423489236169391,2.2882401943206787,2.540181153987245,27,ppo_kalman_seed45,ppo_kalman,PPO-Kalman,45
77959,intercepted,1,0,0,0,758,733,366.5,25,758.0,379.0,3.9568076133728027,0,2.535852184662452,1.9347631931304932,2.6387563143598993,26,ppo_kalman_seed45,ppo_kalman,PPO-Kalman,45
77960,soldier_caught,0,1,0,0,15,15,7.5,0,,,1.7235108613967896,0,1.6521090269088745,1.6521090269088745,1.6521090269088745,1,ppo_kalman_seed45,ppo_kalman,PPO-Kalman,45
77961,intercepted,1,0,0,0,585,519,259.5,66,585.0,292.5,3.696983814239502,0,2.548913324946788,2.7835986614227295,2.669085999150676,67,ppo_kalman_seed45,ppo_kalman,PPO-Kalman,45
77962,intercepted,1,0,0,0,624,511,255.5,113,624.0,312.0,2.415670394897461,0,2.7224617218762113,2.619025945663452,2.836770834125697,114,ppo_kalman_seed45,ppo_kalman,PPO-Kalman,45
77963,soldier_caught,0,1,0,0,63,18,9.0,45,,,0.5792719721794128,0,2.3418060657770736,0.4993099570274353,2.467199313005024,46,ppo_kalman_seed45,ppo_kalman,PPO-Kalman,45
77964,soldier_caught,0,1,0,0,218,37,18.5,181,,,1.262184500694275,0,2.424831373350961,3.2527318000793457,2.560688623122489,182,ppo_kalman_seed45,ppo_kalman,PPO-Kalman,45
77965,intercepted,1,0,0,0,95,14,7.0,81,95.0,47.5,2.6878106594085693,0,2.405213381822516,3.2001917362213135,2.5065681102166226,82,ppo_kalman_seed45,ppo_kalman,PPO-Kalman,45
77966,intercepted,1,0,0,0,352,285,142.5,67,352.0,176.0,4.282907962799072,0,2.585713148555335,3.9173591136932373,2.721823045849572,68,ppo_kalman_seed45,ppo_kalman,PPO-Kalman,45
77967,soldier_caught,0,1,0,0,693,355,177.5,338,,,1.8393676280975342,0,2.584237101858696,1.5536636114120483,2.689561749137617,339,ppo_kalman_seed45,ppo_kalman,PPO-Kalman,45
77968,intercepted,1,0,0,0,217,169,84.5,48,217.0,108.5,3.401188611984253,0,2.484637521967596,1.4451748132705688,2.616796555077176,49,ppo_kalman_seed45,ppo_kalman,PPO-Kalman,45
77969,unsafe_intercept,0,0,1,0,190,190,95.0,0,,,2.115081310272217,0,2.3101799488067627,2.3101799488067627,2.3101799488067627,1,ppo_kalman_seed45,ppo_kalman,PPO-Kalman,45
77970,soldier_caught,0,1,0,0,103,103,51.5,0,,,1.4932246208190918,0,1.4184315204620361,1.4184315204620361,1.4184315204620361,1,ppo_kalman_seed45,ppo_kalman,PPO-Kalman,45
77971,intercepted,1,0,0,0,418,77,38.5,341,418.0,209.0,2.8150386810302734,0,2.657653907411977,2.0764172077178955,2.751298201213991,342,ppo_kalman_seed45,ppo_kalman,PPO-Kalman,45
77972,intercepted,1,0,0,0,123,33,16.5,90,123.0,61.5,2.8740861415863037,0,2.571139599595751,2.3545308113098145,2.7066626668293745,91,ppo_kalman_seed45,ppo_kalman,PPO-Kalman,45
77973,soldier_caught,0,1,0,0,99,99,49.5,0,,,1.6370123624801636,0,0.8386099934577942,0.8386099934577942,0.8386099934577942,1,ppo_kalman_seed45,ppo_kalman,PPO-Kalman,45
77974,soldier_caught,0,1,0,0,10,9,4.5,1,,,0.9778239130973816,0,1.3712396621704102,1.343057632446289,1.371529233340869,2,ppo_kalman_seed45,ppo_kalman,PPO-Kalman,45
77975,intercepted,1,0,0,0,184,158,79.0,26,184.0,92.0,4.140597820281982,0,2.3074721075870372,2.716888427734375,2.4542616694669466,27,ppo_kalman_seed45,ppo_kalman,PPO-Kalman,45
77976,intercepted,1,0,0,0,498,472,236.0,26,498.0,249.0,2.2558412551879883,0,2.2461918504149825,1.5591238737106323,2.3727475881094047,27,ppo_kalman_seed45,ppo_kalman,PPO-Kalman,45
77977,intercepted,1,0,0,0,726,683,341.5,43,726.0,363.0,2.518143892288208,0,2.57120237567208,2.96773362159729,2.736781940793355,44,ppo_kalman_seed45,ppo_kalman,PPO-Kalman,45
77978,soldier_caught,0,1,0,0,1175,1175,587.5,0,,,1.6911050081253052,0,0.3018707036972046,0.3018707036972046,0.3018707036972046,1,ppo_kalman_seed45,ppo_kalman,PPO-Kalman,45
77979,unsafe_intercept,0,0,1,0,129,128,64.0,1,,,3.307330846786499,0,1.6401262879371643,1.612259864807129,1.6403630018750741,2,ppo_kalman_seed45,ppo_kalman,PPO-Kalman,45
77980,soldier_caught,0,1,0,0,663,663,331.5,0,,,1.9725005626678467,0,1.2255653142929077,1.2255653142929077,1.2255653142929077,1,ppo_kalman_seed45,ppo_kalman,PPO-Kalman,45
77981,intercepted,1,0,0,0,319,100,50.0,219,319.0,159.5,3.2016265392303467,0,2.4125143498182298,2.814862012863159,2.5114394862947904,220,ppo_kalman_seed45,ppo_kalman,PPO-Kalman,45
77982,soldier_caught,0,1,0,0,292,292,146.0,0,,,1.8420771360397339,0,0.47814521193504333,0.47814521193504333,0.47814521193504333,1,ppo_kalman_seed45,ppo_kalman,PPO-Kalman,45
77983,intercepted,1,0,0,0,34,11,5.5,23,34.0,17.0,2.810394048690796,0,2.3065288066864014,3.078648805618286,2.4821806712009775,24,ppo_kalman_seed45,ppo_kalman,PPO-Kalman,45
77984,intercepted,1,0,0,0,1282,1259,629.5,23,1282.0,641.0,3.264294385910034,0,2.1492304826776185,2.160886764526367,2.330980562962618,24,ppo_kalman_seed45,ppo_kalman,PPO-Kalman,45
77985,unsafe_intercept,0,0,1,0,274,274,137.0,0,,,2.0384790897369385,0,0.34555575251579285,0.34555575251579285,0.34555575251579285,1,ppo_kalman_seed45,ppo_kalman,PPO-Kalman,45
77986,unsafe_intercept,0,0,1,0,148,148,74.0,0,,,2.494832754135132,0,0.8708261847496033,0.8708261847496033,0.8708261847496033,1,ppo_kalman_seed45,ppo_kalman,PPO-Kalman,45
77987,intercepted,1,0,0,0,213,10,5.0,203,213.0,106.5,3.5214362144470215,0,2.63268968492162,3.1080117225646973,2.7196774525705503,204,ppo_kalman_seed45,ppo_kalman,PPO-Kalman,45
77988,intercepted,1,0,0,0,593,572,286.0,21,593.0,296.5,4.858323097229004,0,2.208499651063572,3.0077357292175293,2.397379904907115,22,ppo_kalman_seed45,ppo_kalman,PPO-Kalman,45
77989,soldier_caught,0,1,0,0,208,12,6.0,196,,,1.8479959964752197,0,2.4673916968294813,2.017287015914917,2.599696317476617,197,ppo_kalman_seed45,ppo_kalman,PPO-Kalman,45
77990,unsafe_intercept,0,0,1,0,345,345,172.5,0,,,2.4430601596832275,0,0.8156575560569763,0.8156575560569763,0.8156575560569763,1,ppo_kalman_seed45,ppo_kalman,PPO-Kalman,45
77991,intercepted,1,0,0,0,312,282,141.0,30,312.0,156.0,3.4818360805511475,0,2.120919391032188,2.735872268676758,2.300242605927791,31,ppo_kalman_seed45,ppo_kalman,PPO-Kalman,45
77992,soldier_caught,0,1,0,0,538,538,269.0,0,,,1.2290267944335938,0,0.3485729396343231,0.3485729396343231,0.3485729396343231,1,ppo_kalman_seed45,ppo_kalman,PPO-Kalman,45
77993,soldier_caught,0,1,0,0,136,136,68.0,0,,,1.7411690950393677,0,1.4009865522384644,1.4009865522384644,1.4009865522384644,1,ppo_kalman_seed45,ppo_kalman,PPO-Kalman,45
77994,intercepted,1,0,0,0,352,299,149.5,53,352.0,176.0,3.0789310932159424,0,2.6894205157403595,2.982264280319214,2.8025390602989964,54,ppo_kalman_seed45,ppo_kalman,PPO-Kalman,45
77995,soldier_caught,0,1,0,0,242,241,120.5,1,,,0.6517204642295837,0,1.1676446795463562,1.6195825338363647,1.252055079384757,2,ppo_kalman_seed45,ppo_kalman,PPO-Kalman,45
77996,intercepted,1,0,0,0,257,158,79.0,99,257.0,128.5,4.22098970413208,0,2.4765248137712477,0.6951617002487183,2.584299641807146,100,ppo_kalman_seed45,ppo_kalman,PPO-Kalman,45
77997,soldier_caught,0,1,0,0,470,451,225.5,19,,,1.4830877780914307,0,2.598970836400986,3.7441234588623047,2.7330055866085714,20,ppo_kalman_seed45,ppo_kalman,PPO-Kalman,45
77998,unsafe_intercept,0,0,1,0,11,11,5.5,0,,,2.4731974601745605,0,1.6276109218597412,1.6276109218597412,1.6276109218597412,1,ppo_kalman_seed45,ppo_kalman,PPO-Kalman,45
77999,soldier_caught,0,1,0,0,574,574,287.0,0,,,1.7713648080825806,0,1.7317785024642944,1.7317785024642944,1.7317785024642944,1,ppo_kalman_seed45,ppo_kalman,PPO-Kalman,45
