environment_seed,outcome,success,soldier_caught,unsafe_intercept,timeout,total_steps,detection_step,detection_time_seconds,post_detection_steps,intercept_step,intercept_time_seconds,min_enemy_soldier_dist,physical_limit_violations,mean_tracking_error,final_tracking_error,tracking_rmse,n_tracking_samples,instance_id,instance_name,family,training_seed
77000,soldier_caught,0,1,0,0,566,238,119.0,328,,,1.8965634107589722,0,1.1090205324457048,0.5084770917892456,1.2025600191199415,329,ppo_seed45,ppo,PPO,45
77001,intercepted,1,0,0,0,351,282,141.0,69,351.0,175.5,3.931469678878784,0,1.1794329971075057,1.3811297416687012,1.2732225748850026,70,ppo_seed45,ppo,PPO,45
77002,intercepted,1,0,0,0,583,395,197.5,188,583.0,291.5,4.641254425048828,0,1.064374421560575,0.7381025552749634,1.161877164125471,189,ppo_seed45,ppo,PPO,45
77003,unsafe_intercept,0,0,1,0,499,499,249.5,0,,,2.231374740600586,0,0.8109434843063354,0.8109434843063354,0.8109434843063354,1,ppo_seed45,ppo,PPO,45
77004,soldier_caught,0,1,0,0,1435,1435,717.5,0,,,0.6248793601989746,0,0.7066055536270142,0.7066055536270142,0.7066055536270142,1,ppo_seed45,ppo,PPO,45
77005,soldier_caught,0,1,0,0,568,568,284.0,0,,,0.26938682794570923,0,2.4094505310058594,2.4094505310058594,2.4094505310058594,1,ppo_seed45,ppo,PPO,45
77006,intercepted,1,0,0,0,294,151,75.5,143,294.0,147.0,3.6228930950164795,0,1.0930990123500426,0.7708420157432556,1.1886134251876939,144,ppo_seed45,ppo,PPO,45
77007,intercepted,1,0,0,0,276,200,100.0,76,276.0,138.0,2.036670446395874,0,1.1867655308602691,0.9722456336021423,1.2908201040579383,77,ppo_seed45,ppo,PPO,45
77008,intercepted,1,0,0,0,139,33,16.5,106,139.0,69.5,2.876715898513794,0,1.1617408556358837,0.7632597088813782,1.2346174248294024,107,ppo_seed45,ppo,PPO,45
77009,intercepted,1,0,0,0,519,291,145.5,228,519.0,259.5,2.6286916732788086,0,1.1179501622524846,0.5233678221702576,1.2189014728491574,229,ppo_seed45,ppo,PPO,45
77010,intercepted,1,0,0,0,124,77,38.5,47,124.0,62.0,3.9140076637268066,0,1.2049755516151588,1.7348542213439941,1.2896501086819687,48,ppo_seed45,ppo,PPO,45
77011,intercepted,1,0,0,0,201,102,51.0,99,201.0,100.5,2.3497722148895264,0,1.0653685422986745,0.5262874364852905,1.164211371560762,100,ppo_seed45,ppo,PPO,45
77012,intercepted,1,0,0,0,85,37,18.5,48,85.0,42.5,3.7550442218780518,0,1.0712402478164555,1.5494377613067627,1.1460574028550519,49,ppo_seed45,ppo,PPO,45
77013,soldier_caught,0,1,0,0,1131,1131,565.5,0,,,1.5480592250823975,0,1.1092720031738281,1.1092720031738281,1.1092720031738281,1,ppo_seed45,ppo,PPO,45
77014,intercepted,1,0,0,0,115,13,6.5,102,115.0,57.5,4.772366523742676,0,1.0504383945349351,1.788834810256958,1.1227085166140363,103,ppo_seed45,ppo,PPO,45
77015,intercepted,1,0,0,0,179,79,39.5,100,179.0,89.5,3.63126277923584,0,1.144755390906098,1.5074613094329834,1.2426525681167302,101,ppo_seed45,ppo,PPO,45
77016,intercepted,1,0,0,0,104,34,17.0,70,104.0,52.0,2.5507404804229736,0,1.1933206240056267,0.5846842527389526,1.2952672197529878,71,ppo_seed45,ppo,PPO,45
77017,intercepted,1,0,0,0,1023,642,321.0,381,1023.0,511.5,2.1909918785095215,0,1.1709387546200403,1.190834879875183,1.252065611452824,382,ppo_seed45,ppo,PPO,45
77018,soldier_caught,0,1,0,0,102,101,50.5,1,,,1.1392302513122559,0,1.5546565055847168,1.316162347793579,1.5728433849742913,2,ppo_seed45,ppo,PPO,45
77019,intercepted,1,0,0,0,792,541,270.5,251,792.0,396.0,4.212021827697754,0,1.1399121287441443,0.6495249271392822,1.231427199579541,252,ppo_seed45,ppo,PPO,45
77020,timeout,0,0,0,1,2000,1825,912.5,175,,,2.721531629562378,0,1.1623055824417283,1.1362520456314087,1.2562708469151478,176,ppo_seed45,ppo,PPO,45
77021,intercepted,1,0,0,0,681,663,331.5,18,681.0,340.5,4.258903980255127,0,1.1518020974962335,1.9109553098678589,1.2257671318194217,19,ppo_seed45,ppo,PPO,45
77022,intercepted,1,0,0,0,87,18,9.0,69,87.0,43.5,3.5045509338378906,0,1.0959359735250473,0.7514391541481018,1.2304639589682926,70,ppo_seed45,ppo,PPO,45
77023,intercepted,1,0,0,0,366,35,17.5,331,366.0,183.0,3.6529250144958496,0,1.099135880728802,1.6011487245559692,1.2004502960339272,332,ppo_seed45,ppo,PPO,45
77024,soldier_caught,0,1,0,0,1389,996,498.0,393,,,1.034624695777893,0,1.0785072429984959,1.5800837278366089,1.1808958148853088,394,ppo_seed45,ppo,PPO,45
77025,soldier_caught,0,1,0,0,611,593,296.5,18,,,1.858380913734436,0,1.385866237314124,1.0696841478347778,1.4602458236354574,19,ppo_seed45,ppo,PPO,45
77026,intercepted,1,0,0,0,977,689,344.5,288,977.0,488.5,2.941678285598755,0,1.1436807411403804,1.4705337285995483,1.2472036196839715,289,ppo_seed45,ppo,PPO,45
77027,intercepted,1,0,0,0,34,24,12.0,10,34.0,17.0,2.6837401390075684,0,1.0642847364599055,1.1653715372085571,1.1454662040001358,11,ppo_seed45,ppo,PPO,45
77028,intercepted,1,0,0,0,547,103,51.5,444,547.0,273.5,2.7372710704803467,0,1.1395244471812516,0.9675257802009583,1.2338798246796916,445,ppo_seed45,ppo,PPO,45
77029,soldier_caught,0,1,0,0,208,208,104.0,0,,,1.0801197290420532,0,1.2510684728622437,1.2510684728622437,1.2510684728622437,1,ppo_seed45,ppo,PPO,45
77030,soldier_caught,0,1,0,0,245,245,122.5,0,,,1.3338195085525513,0,1.0282388925552368,1.0282388925552368,1.0282388925552368,1,ppo_seed45,ppo,PPO,45
77031,intercepted,1,0,0,0,432,267,133.5,165,432.0,216.0,2.663508892059326,0,1.142561826181699,1.694730281829834,1.2431225912291979,166,ppo_seed45,ppo,PPO,45
77032,intercepted,1,0,0,0,374,184,92.0,190,374.0,187.0,3.47717547416687,0,1.116101354009506,0.7999633550643921,1.2151729577307013,191,ppo_seed45,ppo,PPO,45
77033,unsafe_intercept,0,0,1,0,16,15,7.5,1,,,2.552212715148926,0,1.7566425502300262,0.7413615584373474,2.028937786521355,2,ppo_seed45,ppo,PPO,45
77034,intercepted,1,0,0,0,322,37,18.5,285,322.0,161.0,3.737484931945801,0,1.12680619215215,0.7652713060379028,1.2291903717017552,286,ppo_seed45,ppo,PPO,45
77035,soldier_caught,0,1,0,0,35,35,17.5,0,,,1.6373635530471802,0,2.0075533390045166,2.0075533390045166,2.0075533390045166,1,ppo_seed45,ppo,PPO,45
77036,intercepted,1,0,0,0,78,15,7.5,63,78.0,39.0,2.9662725925445557,0,1.176621411461383,1.2690660953521729,1.2429604924946345,64,ppo_seed45,ppo,PPO,45
77037,intercepted,1,0,0,0,1242,1161,580.5,81,1242.0,621.0,3.9912681579589844,0,1.1457080294082804,2.033878803253174,1.2351093295175912,82,ppo_seed45,ppo,PPO,45
77038,intercepted,1,0,0,0,245,150,75.0,95,245.0,122.5,4.508352756500244,0,1.0964562182004254,0.30518388748168945,1.1845034408282413,96,ppo_seed45,ppo,PPO,45
77039,soldier_caught,0,1,0,0,276,276,138.0,0,,,1.9417202472686768,0,1.3701748847961426,1.3701748847961426,1.3701748847961426,1,ppo_seed45,ppo,PPO,45
77040,unsafe_intercept,0,0,1,0,56,56,28.0,0,,,2.4703831672668457,0,1.1675270795822144,1.1675270795822144,1.1675270795822144,1,ppo_seed45,ppo,PPO,45
77041,unsafe_intercept,0,0,1,0,44,44,22.0,0,,,2.444850444793701,0,0.3259643018245697,0.3259643018245697,0.3259643018245697,1,ppo_seed45,ppo,PPO,45
77042,unsafe_intercept,0,0,1,0,10,10,5.0,0,,,2.229530096054077,0,0.884209156036377,0.884209156036377,0.884209156036377,1,ppo_seed45,ppo,PPO,45
77043,intercepted,1,0,0,0,72,39,19.5,33,72.0,36.0,4.213113307952881,0,1.203790582716465,0.8883907198905945,1.2837517896294925,34,ppo_seed45,ppo,PPO,45
77044,soldier_caught,0,1,0,0,113,15,7.5,98,,,0.970771074295044,0,1.1982190955166865,0.8196196556091309,1.293230436044768,99,ppo_seed45,ppo,PPO,45
77045,intercepted,1,0,0,0,744,470,235.0,274,744.0,372.0,2.1384353637695312,0,1.10183774525469,0.8975535035133362,1.191804920786929,275,ppo_seed45,ppo,PPO,45
77046,intercepted,1,0,0,0,622,618,309.0,4,622.0,311.0,3.9496514797210693,0,1.2587990045547486,1.3664133548736572,1.4139974249939469,5,ppo_seed45,ppo,PPO,45
77047,unsafe_intercept,0,0,1,0,11,11,5.5,0,,,2.430607557296753,0,0.9727330803871155,0.9727330803871155,0.9727330803871155,1,ppo_seed45,ppo,PPO,45
77048,soldier_caught,0,1,0,0,220,83,41.5,137,,,1.3805793523788452,0,1.1767276444512864,1.3347175121307373,1.2666080280241017,138,ppo_seed45,ppo,PPO,45
77049,intercepted,1,0,0,0,197,159,79.5,38,197.0,98.5,3.645073413848877,0,1.1015706933461702,0.9529744982719421,1.2112488924389684,39,ppo_seed45,ppo,PPO,45
77050,soldier_caught,0,1,0,0,38,38,19.0,0,,,0.8753161430358887,0,1.398564338684082,1.398564338684082,1.398564338684082,1,ppo_seed45,ppo,PPO,45
77051,unsafe_intercept,0,0,1,0,119,118,59.0,1,,,2.212188243865967,0,1.1027045249938965,1.2239532470703125,1.109350495581617,2,ppo_seed45,ppo,PPO,45
77052,intercepted,1,0,0,0,411,194,97.0,217,411.0,205.5,4.823126792907715,0,1.1479516368735274,1.1511660814285278,1.247899476843214,218,ppo_seed45,ppo,PPO,45
77053,intercepted,1,0,0,0,512,429,214.5,83,512.0,256.0,3.7442269325256348,0,1.15416200033256,1.727310061454773,1.2403257882613545,84,ppo_seed45,ppo,PPO,45
77054,intercepted,1,0,0,0,926,906,453.0,20,926.0,463.0,2.7962374687194824,0,1.0402449993860154,2.012519598007202,1.1495787977105876,21,ppo_seed45,ppo,PPO,45
77055,intercepted,1,0,0,0,207,99,49.5,108,207.0,103.5,3.7994980812072754,0,1.1308826115153252,0.2290579378604889,1.220980240240902,109,ppo_seed45,ppo,PPO,45
77056,intercepted,1,0,0,0,225,157,78.5,68,225.0,112.5,3.2752482891082764,0,1.0828534783660502,0.8245450258255005,1.1589919537865896,69,ppo_seed45,ppo,PPO,45
77057,intercepted,1,0,0,0,82,36,18.0,46,82.0,41.0,2.1259965896606445,0,0.9909749744420356,0.7476585507392883,1.1031198408468033,47,ppo_seed45,ppo,PPO,45
77058,unsafe_intercept,0,0,1,0,78,78,39.0,0,,,2.3066208362579346,0,0.9127029180526733,0.9127029180526733,0.9127029180526733,1,ppo_seed45,ppo,PPO,45
77059,soldier_caught,0,1,0,0,561,560,280.0,1,,,0.4109880328178406,0,0.8959392309188843,0.9038910865783691,0.8959745183362924,2,ppo_seed45,ppo,PPO,45
77060,soldier_caught,0,1,0,0,339,167,83.5,172,,,1.8969615697860718,0,1.0398772948911423,0.932072639465332,1.1278807119094976,173,ppo_seed45,ppo,PPO,45
77061,intercepted,1,0,0,0,212,10,5.0,202,212.0,106.0,2.528386116027832,0,1.1740598743185033,0.5251333713531494,1.2825792087532653,203,ppo_seed45,ppo,PPO,45
77062,intercepted,1,0,0,0,59,14,7.0,45,59.0,29.5,3.8235068321228027,0,1.2561040773339893,1.8204036951065063,1.3632561124717957,46,ppo_seed45,ppo,PPO,45
77063,unsafe_intercept,0,0,1,0,566,565,282.5,1,,,2.3973922729492188,0,1.327731430530548,1.15053391456604,1.3395035316424841,2,ppo_seed45,ppo,PPO,45
77064,intercepted,1,0,0,0,403,263,131.5,140,403.0,201.5,3.3278005123138428,0,1.2045014128617362,2.070521354675293,1.3220823792445635,141,ppo_seed45,ppo,PPO,45
77065,unsafe_intercept,0,0,1,0,82,82,41.0,0,,,2.3955633640289307,0,1.0658751726150513,1.0658751726150513,1.0658751726150513,1,ppo_seed45,ppo,PPO,45
77066,intercepted,1,0,0,0,29,13,6.5,16,29.0,14.5,3.7106595039367676,0,1.120700255912893,0.9783421754837036,1.2305992450474823,17,ppo_seed45,ppo,PPO,45
77067,soldier_caught,0,1,0,0,108,107,53.5,1,,,1.6621952056884766,0,1.7128913402557373,2.112452507019043,1.7588763087574835,2,ppo_seed45,ppo,PPO,45
77068,intercepted,1,0,0,0,477,85,42.5,392,477.0,238.5,4.487205982208252,0,1.156894527015492,0.7282105088233948,1.2472652534242987,393,ppo_seed45,ppo,PPO,45
77069,unsafe_intercept,0,0,1,0,682,682,341.0,0,,,2.422853708267212,0,0.9465869665145874,0.9465869665145874,0.9465869665145874,1,ppo_seed45,ppo,PPO,45
77070,intercepted,1,0,0,0,288,14,7.0,274,288.0,144.0,4.4356255531311035,0,1.0817806488275528,1.0444109439849854,1.1699316075590904,275,ppo_seed45,ppo,PPO,45
77071,intercepted,1,0,0,0,636,585,292.5,51,636.0,318.0,2.175414562225342,0,0.941192144384751,0.6332272887229919,1.0332147173300004,52,ppo_seed45,ppo,PPO,45
77072,soldier_caught,0,1,0,0,233,232,116.0,1,,,1.4118013381958008,0,1.3454968631267548,0.8304664492607117,1.4407005712121324,2,ppo_seed45,ppo,PPO,45
77073,intercepted,1,0,0,0,869,849,424.5,20,869.0,434.5,3.1969237327575684,0,1.0822694571245284,1.5901281833648682,1.1896925633436137,21,ppo_seed45,ppo,PPO,45
77074,intercepted,1,0,0,0,349,13,6.5,336,349.0,174.5,3.8017148971557617,0,1.1324439156656803,1.1131712198257446,1.232201545058228,337,ppo_seed45,ppo,PPO,45
77075,intercepted,1,0,0,0,305,179,89.5,126,305.0,152.5,4.981606960296631,0,1.1624525054467945,0.5036800503730774,1.2521244840198293,127,ppo_seed45,ppo,PPO,45
77076,intercepted,1,0,0,0,200,188,94.0,12,200.0,100.0,3.295698881149292,0,1.2186286254571035,2.0629115104675293,1.341649417037013,13,ppo_seed45,ppo,PPO,45
77077,intercepted,1,0,0,0,224,155,77.5,69,224.0,112.0,3.670825719833374,0,1.1169500487191337,1.1444951295852661,1.219652323356388,70,ppo_seed45,ppo,PPO,45
77078,intercepted,1,0,0,0,434,423,211.5,11,434.0,217.0,4.6508283615112305,0,1.0666845267017682,0.8067919015884399,1.1493095440935521,12,ppo_seed45,ppo,PPO,45
77079,intercepted,1,0,0,0,397,25,12.5,372,397.0,198.5,3.6167566776275635,0,1.1433894724932177,1.3677477836608887,1.2335260556008194,373,ppo_seed45,ppo,PPO,45
77080,soldier_caught,0,1,0,0,482,481,240.5,1,,,1.7050583362579346,0,0.9055597931146622,1.4079092741012573,1.035564358189954,2,ppo_seed45,ppo,PPO,45
77081,soldier_caught,0,1,0,0,402,401,200.5,1,,,0.5253730416297913,0,1.3839319348335266,1.4616965055465698,1.3861150488722978,2,ppo_seed45,ppo,PPO,45
77082,intercepted,1,0,0,0,897,713,356.5,184,897.0,448.5,3.375264883041382,0,1.104882597842732,0.9612870812416077,1.2032786104306876,185,ppo_seed45,ppo,PPO,45
77083,intercepted,1,0,0,0,788,727,363.5,61,788.0,394.0,2.4041202068328857,0,1.1296282921346925,1.3913829326629639,1.239614494055397,62,ppo_seed45,ppo,PPO,45
77084,intercepted,1,0,0,0,32,13,6.5,19,32.0,16.0,4.837560653686523,0,1.0161230534315109,2.6197147369384766,1.1835113393079513,20,ppo_seed45,ppo,PPO,45
77085,intercepted,1,0,0,0,89,10,5.0,79,89.0,44.5,3.387993574142456,0,1.1482488827779889,0.9634584188461304,1.2358112325013038,80,ppo_seed45,ppo,PPO,45
77086,intercepted,1,0,0,0,833,724,362.0,109,833.0,416.5,2.005042314529419,0,1.1329379079016773,1.253273367881775,1.215323015864388,110,ppo_seed45,ppo,PPO,45
77087,intercepted,1,0,0,0,991,11,5.5,980,991.0,495.5,2.19038462638855,0,1.0995833661092045,1.3670529127120972,1.1955317360569386,981,ppo_seed45,ppo,PPO,45
77088,intercepted,1,0,0,0,159,110,55.0,49,159.0,79.5,4.290328502655029,0,1.0371293491125106,1.9671764373779297,1.1342048868830612,50,ppo_seed45,ppo,PPO,45
77089,intercepted,1,0,0,0,437,51,25.5,386,437.0,218.5,3.0972483158111572,0,1.1130164045773119,0.3979036211967468,1.2129021633621293,387,ppo_seed45,ppo,PPO,45
77090,intercepted,1,0,0,0,262,208,104.0,54,262.0,131.0,2.5347836017608643,0,1.0658094617453489,0.2770215570926666,1.1549244559535752,55,ppo_seed45,ppo,PPO,45
77091,soldier_caught,0,1,0,0,395,373,186.5,22,,,1.9628576040267944,0,0.9984391377024029,0.9551633596420288,1.0976879227459921,23,ppo_seed45,ppo,PPO,45
77092,intercepted,1,0,0,0,178,81,40.5,97,178.0,89.0,4.623922824859619,0,1.1175393328374745,1.6198054552078247,1.1922306140339298,98,ppo_seed45,ppo,PPO,45
77093,intercepted,1,0,0,0,192,121,60.5,71,192.0,96.0,4.338721752166748,0,1.1250383766988914,0.7069069147109985,1.2175704306254296,72,ppo_seed45,ppo,PPO,45
77094,intercepted,1,0,0,0,140,63,31.5,77,140.0,70.0,4.238061904907227,0,1.0780443956072514,1.2365986108779907,1.178692194519421,78,ppo_seed45,ppo,PPO,45
77095,intercepted,1,0,0,0,494,466,233.0,28,494.0,247.0,3.409508466720581,0,1.1437865577895066,1.13555109500885,1.2401818816303716,29,ppo_seed45,ppo,PPO,45
77096,unsafe_intercept,0,0,1,0,274,273,136.5,1,,,2.6760807037353516,0,0.78854700922966,0.942557156085968,0.8034460225178435,2,ppo_seed45,ppo,PPO,45
77097,intercepted,1,0,0,0,382,58,29.0,324,382.0,191.0,2.9616148471832275,0,1.1145897869651133,0.7147061824798584,1.220607451306881,325,ppo_seed45,ppo,PPO,45
77098,intercepted,1,0,0,0,502,145,72.5,357,502.0,251.0,3.673092842102051,0,1.1480914658591068,1.134917974472046,1.2451891763268932,358,ppo_seed45,ppo,PPO,45
77099,intercepted,1,0,0,0,257,66,33.0,191,257.0,128.5,2.461857795715332,0,1.1784483697265387,0.5655872225761414,1.268839276142017,192,ppo_seed45,ppo,PPO,45
77100,intercepted,1,0,0,0,1156,977,488.5,179,1156.0,578.0,3.82058048248291,0,1.166939272152053,1.0820727348327637,1.2623625126895803,180,ppo_seed45,ppo,PPO,45
77101,intercepted,1,0,0,0,499,450,225.0,49,499.0,249.5,4.060736656188965,0,1.1867789822816848,1.1556121110916138,1.2888600821191136,50,ppo_seed45,ppo,PPO,45
77102,intercepted,1,0,0,0,161,79,39.5,82,161.0,80.5,4.837916374206543,0,1.1438361070601337,0.9372438788414001,1.2360172071832007,83,ppo_seed45,ppo,PPO,45
77103,intercepted,1,0,0,0,100,10,5.0,90,100.0,50.0,2.167374610900879,0,1.027923780483204,1.4654680490493774,1.1035344499718192,91,ppo_seed45,ppo,PPO,45
77104,intercepted,1,0,0,0,396,36,18.0,360,396.0,198.0,3.319744348526001,0,1.1275557302702166,1.846190094947815,1.215249778073479,361,ppo_seed45,ppo,PPO,45
77105,intercepted,1,0,0,0,513,120,60.0,393,513.0,256.5,4.432329177856445,0,1.1396092416595687,1.5034207105636597,1.240084562470915,394,ppo_seed45,ppo,PPO,45
77106,intercepted,1,0,0,0,202,173,86.5,29,202.0,101.0,3.293544054031372,0,1.105300971865654,1.2005956172943115,1.1765038445279385,30,ppo_seed45,ppo,PPO,45
77107,intercepted,1,0,0,0,554,429,214.5,125,554.0,277.0,2.016544818878174,0,1.1132890425977253,2.468966007232666,1.232884674099441,126,ppo_seed45,ppo,PPO,45
77108,soldier_caught,0,1,0,0,61,61,30.5,0,,,1.8274084329605103,0,0.3279072344303131,0.3279072344303131,0.3279072344303131,1,ppo_seed45,ppo,PPO,45
77109,intercepted,1,0,0,0,371,218,109.0,153,371.0,185.5,4.372148036956787,0,1.1104051268526487,0.6207084655761719,1.2038880866527542,154,ppo_seed45,ppo,PPO,45
77110,intercepted,1,0,0,0,236,136,68.0,100,236.0,118.0,2.4223222732543945,0,1.0377978801284686,0.564583420753479,1.1492494618565159,101,ppo_seed45,ppo,PPO,45
77111,soldier_caught,0,1,0,0,549,548,274.0,1,,,1.5957286357879639,0,0.7419039458036423,1.0178664922714233,0.7915660375811964,2,ppo_seed45,ppo,PPO,45
77112,intercepted,1,0,0,0,463,396,198.0,67,463.0,231.5,2.9870200157165527,0,1.0673177417586832,0.33961063623428345,1.1779890232472972,68,ppo_seed45,ppo,PPO,45
77113,unsafe_intercept,0,0,1,0,1055,1054,527.0,1,,,3.4665961265563965,0,0.5820581316947937,0.6740561723709106,0.5892837246694315,2,ppo_seed45,ppo,PPO,45
77114,intercepted,1,0,0,0,828,462,231.0,366,828.0,414.0,3.978081703186035,0,1.1708248405836583,1.1820018291473389,1.2670268269751763,367,ppo_seed45,ppo,PPO,45
77115,intercepted,1,0,0,0,98,70,35.0,28,98.0,49.0,4.240067005157471,0,1.0325214323298684,0.7127599120140076,1.0931394185032877,29,ppo_seed45,ppo,PPO,45
77116,intercepted,1,0,0,0,532,513,256.5,19,532.0,266.0,4.979438304901123,0,0.994523997604847,1.5340925455093384,1.092369320462073,20,ppo_seed45,ppo,PPO,45
77117,intercepted,1,0,0,0,202,150,75.0,52,202.0,101.0,4.749837398529053,0,1.2415645828224577,0.1650659590959549,1.3647368714883477,53,ppo_seed45,ppo,PPO,45
77118,unsafe_intercept,0,0,1,0,34,33,16.5,1,,,2.605041265487671,0,0.930461585521698,1.1099708080291748,0.9476192922776483,2,ppo_seed45,ppo,PPO,45
77119,unsafe_intercept,0,0,1,0,11,10,5.0,1,,,2.7077338695526123,0,0.957916259765625,0.876545786857605,0.961366066898889,2,ppo_seed45,ppo,PPO,45
77120,unsafe_intercept,0,0,1,0,422,422,211.0,0,,,2.031139850616455,0,0.6707066893577576,0.6707066893577576,0.6707066893577576,1,ppo_seed45,ppo,PPO,45
77121,soldier_caught,0,1,0,0,17,16,8.0,1,,,1.235305666923523,0,0.6522572487592697,0.8839690685272217,0.6921920874866945,2,ppo_seed45,ppo,PPO,45
77122,intercepted,1,0,0,0,989,980,490.0,9,989.0,494.5,3.163309335708618,0,1.1690344631671905,0.5682535767555237,1.315409951516536,10,ppo_seed45,ppo,PPO,45
77123,intercepted,1,0,0,0,51,10,5.0,41,51.0,25.5,2.8713314533233643,0,1.2936612637270064,0.6298506259918213,1.3904776811309751,42,ppo_seed45,ppo,PPO,45
77124,intercepted,1,0,0,0,269,218,109.0,51,269.0,134.5,2.7495882511138916,0,1.1295985218424063,0.919410765171051,1.210237362453375,52,ppo_seed45,ppo,PPO,45
77125,intercepted,1,0,0,0,147,9,4.5,138,147.0,73.5,2.3761162757873535,0,1.187671828291399,0.7693665027618408,1.2944565561113504,139,ppo_seed45,ppo,PPO,45
77126,intercepted,1,0,0,0,99,14,7.0,85,99.0,49.5,3.0474839210510254,0,1.1574245777934096,0.6065914630889893,1.2367643336775525,86,ppo_seed45,ppo,PPO,45
77127,intercepted,1,0,0,0,1004,919,459.5,85,1004.0,502.0,4.365030765533447,0,1.0319536288463793,0.7369127869606018,1.149898967314578,86,ppo_seed45,ppo,PPO,45
77128,soldier_caught,0,1,0,0,12,11,5.5,1,,,1.577687382698059,0,1.1676717400550842,1.6259392499923706,1.254378891399002,2,ppo_seed45,ppo,PPO,45
77129,intercepted,1,0,0,0,624,489,244.5,135,624.0,312.0,2.797405958175659,0,1.1782245362067925,1.0980361700057983,1.2652554856117042,136,ppo_seed45,ppo,PPO,45
77130,intercepted,1,0,0,0,766,758,379.0,8,766.0,383.0,4.24713659286499,0,1.305978536605835,1.1429429054260254,1.4328536233588525,9,ppo_seed45,ppo,PPO,45
77131,intercepted,1,0,0,0,117,13,6.5,104,117.0,58.5,4.872743606567383,0,1.1425400468565168,1.751833438873291,1.23061462508522,105,ppo_seed45,ppo,PPO,45
77132,intercepted,1,0,0,0,167,11,5.5,156,167.0,83.5,3.057175397872925,0,1.200657537598519,0.1503152847290039,1.303246782772598,157,ppo_seed45,ppo,PPO,45
77133,intercepted,1,0,0,0,310,126,63.0,184,310.0,155.0,3.489614248275757,0,1.1454355065484305,0.5899235010147095,1.2414964440643939,185,ppo_seed45,ppo,PPO,45
77134,intercepted,1,0,0,0,92,11,5.5,81,92.0,46.0,4.8513641357421875,0,1.095137770946433,0.9585445523262024,1.1978539102220545,82,ppo_seed45,ppo,PPO,45
77135,soldier_caught,0,1,0,0,89,89,44.5,0,,,1.53912353515625,0,1.5448564291000366,1.5448564291000366,1.5448564291000366,1,ppo_seed45,ppo,PPO,45
77136,soldier_caught,0,1,0,0,252,251,125.5,1,,,1.9917901754379272,0,1.4768010973930359,1.1730912923812866,1.5077072417818884,2,ppo_seed45,ppo,PPO,45
77137,soldier_caught,0,1,0,0,55,30,15.0,25,,,1.916512131690979,0,1.0876229886825268,1.6518791913986206,1.1619651337757948,26,ppo_seed45,ppo,PPO,45
77138,intercepted,1,0,0,0,94,88,44.0,6,94.0,47.0,3.5319504737854004,0,1.2635808757373266,0.7532554268836975,1.4100539076400733,7,ppo_seed45,ppo,PPO,45
77139,soldier_caught,0,1,0,0,44,43,21.5,1,,,1.7486412525177002,0,1.5729423761367798,1.3403023481369019,1.5900531756122507,2,ppo_seed45,ppo,PPO,45
77140,soldier_caught,0,1,0,0,497,497,248.5,0,,,1.4318231344223022,0,1.0717980861663818,1.0717980861663818,1.0717980861663818,1,ppo_seed45,ppo,PPO,45
77141,intercepted,1,0,0,0,961,952,476.0,9,961.0,480.5,3.849281072616577,0,0.9369668215513229,1.106217861175537,1.010098158774375,10,ppo_seed45,ppo,PPO,45
77142,soldier_caught,0,1,0,0,41,15,7.5,26,,,1.876265525817871,0,0.9870014278977005,0.6111078858375549,1.0557203200774905,27,ppo_seed45,ppo,PPO,45
77143,unsafe_intercept,0,0,1,0,516,516,258.0,0,,,2.0169410705566406,0,1.249298095703125,1.249298095703125,1.249298095703125,1,ppo_seed45,ppo,PPO,45
77144,intercepted,1,0,0,0,529,251,125.5,278,529.0,264.5,3.5974061489105225,0,1.143231634384415,0.5368947386741638,1.23932753806915,279,ppo_seed45,ppo,PPO,45
77145,soldier_caught,0,1,0,0,175,174,87.0,1,,,1.7736326456069946,0,1.2475414872169495,0.958088755607605,1.2806805402455326,2,ppo_seed45,ppo,PPO,45
77146,intercepted,1,0,0,0,251,208,104.0,43,251.0,125.5,3.7712690830230713,0,1.2171383466232906,1.0554312467575073,1.2968223645498012,44,ppo_seed45,ppo,PPO,45
77147,intercepted,1,0,0,0,434,419,209.5,15,434.0,217.0,3.7653517723083496,0,1.056791264563799,0.5509240031242371,1.14246599418629,16,ppo_seed45,ppo,PPO,45
77148,soldier_caught,0,1,0,0,448,447,223.5,1,,,1.6981323957443237,0,1.0133817195892334,0.3415944576263428,1.2158291964471115,2,ppo_seed45,ppo,PPO,45
77149,intercepted,1,0,0,0,321,15,7.5,306,321.0,160.5,2.59591007232666,0,1.1251741875848864,1.8930879831314087,1.2374310423056756,307,ppo_seed45,ppo,PPO,45
77150,intercepted,1,0,0,0,452,227,113.5,225,452.0,226.0,2.7463581562042236,0,1.1358307469471367,1.4386718273162842,1.2239872443371322,226,ppo_seed45,ppo,PPO,45
77151,soldier_caught,0,1,0,0,1107,1084,542.0,23,,,1.1883561611175537,0,1.1799506545066833,0.9226251244544983,1.2203887536223286,24,ppo_seed45,ppo,PPO,45
77152,intercepted,1,0,0,0,525,331,165.5,194,525.0,262.5,3.7630209922790527,0,1.078402167482254,0.6930187940597534,1.1675290835939895,195,ppo_seed45,ppo,PPO,45
77153,intercepted,1,0,0,0,556,332,166.0,224,556.0,278.0,3.6920220851898193,0,1.1149039711554845,0.704018235206604,1.215479108595032,225,ppo_seed45,ppo,PPO,45
77154,soldier_caught,0,1,0,0,442,332,166.0,110,,,1.4965652227401733,0,1.1616814670799014,0.8815326690673828,1.2512427187743846,111,ppo_seed45,ppo,PPO,45
77155,unsafe_intercept,0,0,1,0,323,323,161.5,0,,,2.389982223510742,0,1.1377028226852417,1.1377028226852417,1.1377028226852417,1,ppo_seed45,ppo,PPO,45
77156,intercepted,1,0,0,0,511,285,142.5,226,511.0,255.5,4.521727561950684,0,1.1054829848757926,0.882695734500885,1.1913258108906197,227,ppo_seed45,ppo,PPO,45
77157,intercepted,1,0,0,0,114,15,7.5,99,114.0,57.0,2.4049057960510254,0,1.1736718596518039,2.3407516479492188,1.253964909233697,100,ppo_seed45,ppo,PPO,45
77158,unsafe_intercept,0,0,1,0,10,10,5.0,0,,,2.4396817684173584,0,1.2584835290908813,1.2584835290908813,1.2584835290908813,1,ppo_seed45,ppo,PPO,45
77159,soldier_caught,0,1,0,0,203,100,50.0,103,,,1.723983883857727,0,1.102400825287287,1.2098586559295654,1.1887663297265902,104,ppo_seed45,ppo,PPO,45
77160,intercepted,1,0,0,0,200,79,39.5,121,200.0,100.0,2.5884318351745605,0,1.1095123297122658,1.2336384057998657,1.2002683688113038,122,ppo_seed45,ppo,PPO,45
77161,intercepted,1,0,0,0,27,12,6.0,15,27.0,13.5,4.945501327514648,0,1.1529489904642105,1.9475702047348022,1.262371452483057,16,ppo_seed45,ppo,PPO,45
77162,intercepted,1,0,0,0,634,462,231.0,172,634.0,317.0,3.7297377586364746,0,1.1173772806721616,1.858314871788025,1.2210035060789788,173,ppo_seed45,ppo,PPO,45
77163,intercepted,1,0,0,0,350,308,154.0,42,350.0,175.0,2.3761730194091797,0,1.1662710101105447,0.891326367855072,1.287169760758338,43,ppo_seed45,ppo,PPO,45
77164,intercepted,1,0,0,0,119,107,53.5,12,119.0,59.5,3.989886522293091,0,1.304935675400954,1.8107763528823853,1.41000498282704,13,ppo_seed45,ppo,PPO,45
77165,intercepted,1,0,0,0,156,53,26.5,103,156.0,78.0,3.0272557735443115,0,1.1285595352259965,1.2388417720794678,1.2202562397983037,104,ppo_seed45,ppo,PPO,45
77166,intercepted,1,0,0,0,227,82,41.0,145,227.0,113.5,2.781789779663086,0,1.1503320571086177,1.1378506422042847,1.2508989454529928,146,ppo_seed45,ppo,PPO,45
77167,soldier_caught,0,1,0,0,36,13,6.5,23,,,1.7961961030960083,0,1.2480348435540993,0.5318515300750732,1.3377355066228687,24,ppo_seed45,ppo,PPO,45
77168,unsafe_intercept,0,0,1,0,560,559,279.5,1,,,2.409355401992798,0,1.4110159277915955,1.522607684135437,1.4154217281663724,2,ppo_seed45,ppo,PPO,45
77169,soldier_caught,0,1,0,0,58,57,28.5,1,,,1.6388907432556152,0,1.4453320503234863,2.030470371246338,1.5592856025451869,2,ppo_seed45,ppo,PPO,45
77170,intercepted,1,0,0,0,415,112,56.0,303,415.0,207.5,4.251142978668213,0,1.1138083122572617,0.5208585858345032,1.1966249232319959,304,ppo_seed45,ppo,PPO,45
77171,intercepted,1,0,0,0,210,62,31.0,148,210.0,105.0,2.8444464206695557,0,1.0981670850075331,0.8065615892410278,1.1874743240806693,149,ppo_seed45,ppo,PPO,45
77172,intercepted,1,0,0,0,672,447,223.5,225,672.0,336.0,3.3142831325531006,0,1.1571038623826693,1.407920241355896,1.2665798847093637,226,ppo_seed45,ppo,PPO,45
77173,intercepted,1,0,0,0,203,173,86.5,30,203.0,101.5,4.4948906898498535,0,1.0542213969653653,0.3300572335720062,1.1787973921970663,31,ppo_seed45,ppo,PPO,45
77174,intercepted,1,0,0,0,198,125,62.5,73,198.0,99.0,2.626812219619751,0,1.2120499449807245,1.5776029825210571,1.294214047083029,74,ppo_seed45,ppo,PPO,45
77175,intercepted,1,0,0,0,314,97,48.5,217,314.0,157.0,4.1314826011657715,0,1.089991561179861,1.346073865890503,1.2029846936577686,218,ppo_seed45,ppo,PPO,45
77176,intercepted,1,0,0,0,300,38,19.0,262,300.0,150.0,4.648482799530029,0,1.0941833253709083,1.8546046018600464,1.2023056915170456,263,ppo_seed45,ppo,PPO,45
77177,unsafe_intercept,0,0,1,0,446,446,223.0,0,,,2.344655990600586,0,0.5368062257766724,0.5368062257766724,0.5368062257766724,1,ppo_seed45,ppo,PPO,45
77178,intercepted,1,0,0,0,219,173,86.5,46,219.0,109.5,2.7187960147857666,0,1.2589833533510248,1.9461942911148071,1.363262235521015,47,ppo_seed45,ppo,PPO,45
77179,intercepted,1,0,0,0,648,59,29.5,589,648.0,324.0,2.4512760639190674,0,1.1576301470904027,1.218198537826538,1.2474841044345844,590,ppo_seed45,ppo,PPO,45
77180,soldier_caught,0,1,0,0,16,16,8.0,0,,,1.476803183555603,0,0.8361353874206543,0.8361353874206543,0.8361353874206543,1,ppo_seed45,ppo,PPO,45
77181,intercepted,1,0,0,0,848,815,407.5,33,848.0,424.0,4.469653606414795,0,1.068740032175008,1.5062483549118042,1.1509169648079844,34,ppo_seed45,ppo,PPO,45
77182,intercepted,1,0,0,0,1163,1162,581.0,1,1163.0,581.5,3.2915232181549072,0,1.7088701128959656,1.8410850763320923,1.7139772050133824,2,ppo_seed45,ppo,PPO,45
77183,intercepted,1,0,0,0,173,10,5.0,163,173.0,86.5,3.6514768600463867,0,1.1380594656234835,1.5394620895385742,1.2341961994841395,164,ppo_seed45,ppo,PPO,45
77184,intercepted,1,0,0,0,536,491,245.5,45,536.0,268.0,4.761396408081055,0,1.0304890090356702,1.3712247610092163,1.123786254220225,46,ppo_seed45,ppo,PPO,45
77185,soldier_caught,0,1,0,0,422,422,211.0,0,,,1.3617923259735107,0,1.6111713647842407,1.6111713647842407,1.6111713647842407,1,ppo_seed45,ppo,PPO,45
77186,intercepted,1,0,0,0,145,122,61.0,23,145.0,72.5,4.929953575134277,0,1.17706365386645,1.9121196269989014,1.2907477985977596,24,ppo_seed45,ppo,PPO,45
77187,intercepted,1,0,0,0,57,9,4.5,48,57.0,28.5,4.876655578613281,0,1.1216641390810207,0.8021702170372009,1.195078157643725,49,ppo_seed45,ppo,PPO,45
77188,soldier_caught,0,1,0,0,87,36,18.0,51,,,1.6350971460342407,0,1.0126409132320147,0.668038010597229,1.1117197915965185,52,ppo_seed45,ppo,PPO,45
77189,intercepted,1,0,0,0,813,116,58.0,697,813.0,406.5,3.1265196800231934,0,1.1293892219641317,2.124983549118042,1.2271610668535102,698,ppo_seed45,ppo,PPO,45
77190,soldier_caught,0,1,0,0,14,13,6.5,1,,,1.8734663724899292,0,1.3023312091827393,1.9797152280807495,1.4679631083476845,2,ppo_seed45,ppo,PPO,45
77191,intercepted,1,0,0,0,404,110,55.0,294,404.0,202.0,3.235356330871582,0,1.1172573172945088,0.7200086712837219,1.212198109631712,295,ppo_seed45,ppo,PPO,45
77192,soldier_caught,0,1,0,0,63,63,31.5,0,,,1.7505472898483276,0,1.0730499029159546,1.0730499029159546,1.0730499029159546,1,ppo_seed45,ppo,PPO,45
77193,intercepted,1,0,0,0,270,11,5.5,259,270.0,135.0,2.884857177734375,0,1.133905578404665,0.7329345345497131,1.2370745538271473,260,ppo_seed45,ppo,PPO,45
77194,soldier_caught,0,1,0,0,192,156,78.0,36,,,0.8906422257423401,0,1.0013308074023273,1.1917574405670166,1.0317703413850676,37,ppo_seed45,ppo,PPO,45
77195,soldier_caught,0,1,0,0,57,30,15.0,27,,,0.8825037479400635,0,1.0100459514984064,1.1787735223770142,1.1169712271717356,28,ppo_seed45,ppo,PPO,45
77196,intercepted,1,0,0,0,405,331,165.5,74,405.0,202.5,4.962846279144287,0,1.1042723166942596,0.7911188006401062,1.2143603558260514,75,ppo_seed45,ppo,PPO,45
77197,intercepted,1,0,0,0,190,53,26.5,137,190.0,95.0,4.481066703796387,0,1.0922103889178538,0.6516358256340027,1.1978516575830211,138,ppo_seed45,ppo,PPO,45
77198,intercepted,1,0,0,0,924,442,221.0,482,924.0,462.0,2.3036081790924072,0,1.1035911634903763,1.2691082954406738,1.2008106265834433,483,ppo_seed45,ppo,PPO,45
77199,intercepted,1,0,0,0,1763,1297,648.5,466,1763.0,881.5,3.4121859073638916,0,1.1121975590317357,1.2503559589385986,1.2076182792125223,467,ppo_seed45,ppo,PPO,45
77200,intercepted,1,0,0,0,1338,1095,547.5,243,1338.0,669.0,2.6001741886138916,0,1.144311432406062,1.7572131156921387,1.2279000428318587,244,ppo_seed45,ppo,PPO,45
77201,intercepted,1,0,0,0,408,320,160.0,88,408.0,204.0,3.4639008045196533,0,1.1913516652048304,0.7232334017753601,1.269568482694746,89,ppo_seed45,ppo,PPO,45
77202,intercepted,1,0,0,0,469,397,198.5,72,469.0,234.5,4.041192531585693,0,1.0771142699538845,1.8282575607299805,1.182113079638132,73,ppo_seed45,ppo,PPO,45
77203,intercepted,1,0,0,0,336,262,131.0,74,336.0,168.0,2.2547638416290283,0,1.1207163778940836,1.0303560495376587,1.2154663595819035,75,ppo_seed45,ppo,PPO,45
77204,intercepted,1,0,0,0,288,154,77.0,134,288.0,144.0,3.830425500869751,0,1.144696350230111,1.653822898864746,1.2362168973234853,135,ppo_seed45,ppo,PPO,45
77205,intercepted,1,0,0,0,369,39,19.5,330,369.0,184.5,4.202274322509766,0,1.1295146816086552,1.0445889234542847,1.226177167477417,331,ppo_seed45,ppo,PPO,45
77206,soldier_caught,0,1,0,0,698,13,6.5,685,,,1.692469596862793,0,1.1272846267126913,0.8936254978179932,1.2186981635827232,686,ppo_seed45,ppo,PPO,45
77207,intercepted,1,0,0,0,395,203,101.5,192,395.0,197.5,2.5581836700439453,0,1.1672933552549294,1.2386114597320557,1.2692877448290318,193,ppo_seed45,ppo,PPO,45
77208,soldier_caught,0,1,0,0,46,46,23.0,0,,,1.0151299238204956,0,1.019036054611206,1.019036054611206,1.019036054611206,1,ppo_seed45,ppo,PPO,45
77209,intercepted,1,0,0,0,378,145,72.5,233,378.0,189.0,2.7537801265716553,0,1.1072060234653645,0.4240502715110779,1.2162123348384235,234,ppo_seed45,ppo,PPO,45
77210,intercepted,1,0,0,0,885,876,438.0,9,885.0,442.5,4.002096652984619,0,1.2387377858161925,1.4596595764160156,1.2911736891997327,10,ppo_seed45,ppo,PPO,45
77211,unsafe_intercept,0,0,1,0,1405,1404,702.0,1,,,2.6908814907073975,0,1.1278542876243591,1.4953806400299072,1.1862254902948164,2,ppo_seed45,ppo,PPO,45
77212,intercepted,1,0,0,0,510,207,103.5,303,510.0,255.0,4.802278995513916,0,1.1386752805035365,1.2758129835128784,1.2359946436440143,304,ppo_seed45,ppo,PPO,45
77213,unsafe_intercept,0,0,1,0,807,807,403.5,0,,,2.227975606918335,0,2.0748677253723145,2.0748677253723145,2.0748677253723145,1,ppo_seed45,ppo,PPO,45
77214,soldier_caught,0,1,0,0,577,529,264.5,48,,,1.6981910467147827,0,1.1241240957561804,1.1376335620880127,1.2076548350513858,49,ppo_seed45,ppo,PPO,45
77215,soldier_caught,0,1,0,0,12,11,5.5,1,,,1.4076743125915527,0,0.309825599193573,0.45663437247276306,0.3428479514703233,2,ppo_seed45,ppo,PPO,45
77216,intercepted,1,0,0,0,782,754,377.0,28,782.0,391.0,3.3625001907348633,0,1.0725793026644608,0.5655797123908997,1.1927738061598552,29,ppo_seed45,ppo,PPO,45
77217,intercepted,1,0,0,0,393,129,64.5,264,393.0,196.5,4.042569160461426,0,1.1340675340508515,1.115250587463379,1.2278556714912428,265,ppo_seed45,ppo,PPO,45
77218,soldier_caught,0,1,0,0,243,243,121.5,0,,,1.7150065898895264,0,1.6982213258743286,1.6982213258743286,1.6982213258743286,1,ppo_seed45,ppo,PPO,45
77219,intercepted,1,0,0,0,292,123,61.5,169,292.0,146.0,3.2863097190856934,0,1.1044367278323455,1.404294490814209,1.2121931984592071,170,ppo_seed45,ppo,PPO,45
77220,intercepted,1,0,0,0,366,350,175.0,16,366.0,183.0,4.898138046264648,0,1.2285913193927092,1.7160407304763794,1.3184147656066383,17,ppo_seed45,ppo,PPO,45
77221,intercepted,1,0,0,0,803,514,257.0,289,803.0,401.5,4.724642753601074,0,1.0829868316136557,0.5828759670257568,1.1715307236090788,290,ppo_seed45,ppo,PPO,45
77222,intercepted,1,0,0,0,356,346,173.0,10,356.0,178.0,3.1741130352020264,0,1.0883732302622362,0.26643988490104675,1.1894176064818982,11,ppo_seed45,ppo,PPO,45
77223,unsafe_intercept,0,0,1,0,353,39,19.5,314,,,2.562079668045044,0,1.1518033378654056,0.8474520444869995,1.264788760998131,315,ppo_seed45,ppo,PPO,45
77224,intercepted,1,0,0,0,195,78,39.0,117,195.0,97.5,3.8432271480560303,0,1.1036597064743607,0.40657439827919006,1.2084957460088752,118,ppo_seed45,ppo,PPO,45
77225,unsafe_intercept,0,0,1,0,279,279,139.5,0,,,2.208972692489624,0,1.647761583328247,1.647761583328247,1.647761583328247,1,ppo_seed45,ppo,PPO,45
77226,intercepted,1,0,0,0,190,40,20.0,150,190.0,95.0,2.392848253250122,0,1.1430233026182415,0.7277467846870422,1.2343627352677073,151,ppo_seed45,ppo,PPO,45
77227,intercepted,1,0,0,0,208,76,38.0,132,208.0,104.0,4.728821754455566,0,1.0829324842171562,1.3133304119110107,1.1735629598975763,133,ppo_seed45,ppo,PPO,45
77228,intercepted,1,0,0,0,643,463,231.5,180,643.0,321.5,2.8830020427703857,0,1.1009307665884165,1.1126787662506104,1.2001432196217965,181,ppo_seed45,ppo,PPO,45
77229,intercepted,1,0,0,0,43,10,5.0,33,43.0,21.5,4.973092079162598,0,1.1558721591444576,1.087544322013855,1.2782947580773496,34,ppo_seed45,ppo,PPO,45
77230,intercepted,1,0,0,0,304,293,146.5,11,304.0,152.0,4.010082244873047,0,1.162073478102684,0.8422086238861084,1.2569414044461107,12,ppo_seed45,ppo,PPO,45
77231,intercepted,1,0,0,0,320,94,47.0,226,320.0,160.0,2.0635814666748047,0,1.11967744612615,1.2021459341049194,1.2086719008092475,227,ppo_seed45,ppo,PPO,45
77232,intercepted,1,0,0,0,129,73,36.5,56,129.0,64.5,3.0982213020324707,0,1.1551093087907423,1.7427729368209839,1.2487765968156448,57,ppo_seed45,ppo,PPO,45
77233,intercepted,1,0,0,0,369,32,16.0,337,369.0,184.5,3.1141016483306885,0,1.1349716156103906,1.0100440979003906,1.2304274261093697,338,ppo_seed45,ppo,PPO,45
77234,intercepted,1,0,0,0,491,262,131.0,229,491.0,245.5,2.6798980236053467,0,1.166286724222743,0.733666718006134,1.2684014218715076,230,ppo_seed45,ppo,PPO,45
77235,soldier_caught,0,1,0,0,194,193,96.5,1,,,1.8924764394760132,0,1.4045867919921875,2.138723373413086,1.5848724164484875,2,ppo_seed45,ppo,PPO,45
77236,intercepted,1,0,0,0,285,274,137.0,11,285.0,142.5,2.718381404876709,0,1.2806875705718994,0.832365095615387,1.441430117222948,12,ppo_seed45,ppo,PPO,45
77237,intercepted,1,0,0,0,748,417,208.5,331,748.0,374.0,2.802140712738037,0,1.1442351161715496,0.9598499536514282,1.2362238608029374,332,ppo_seed45,ppo,PPO,45
77238,soldier_caught,0,1,0,0,635,609,304.5,26,,,1.2963848114013672,0,0.9936987382394297,0.9585157036781311,1.0649417884488483,27,ppo_seed45,ppo,PPO,45
77239,intercepted,1,0,0,0,447,369,184.5,78,447.0,223.5,3.325259208679199,0,1.1203491221877593,0.8599598407745361,1.2241063732537332,79,ppo_seed45,ppo,PPO,45
77240,intercepted,1,0,0,0,139,12,6.0,127,139.0,69.5,4.046036720275879,0,1.1166538270190358,1.8911041021347046,1.1993387361090986,128,ppo_seed45,ppo,PPO,45
77241,soldier_caught,0,1,0,0,171,170,85.0,1,,,1.9197548627853394,0,1.3331353962421417,1.7887187004089355,1.408831477412833,2,ppo_seed45,ppo,PPO,45
77242,soldier_caught,0,1,0,0,11,10,5.0,1,,,1.6140074729919434,0,0.8680543303489685,0.6180322170257568,0.9033434438729275,2,ppo_seed45,ppo,PPO,45
77243,soldier_caught,0,1,0,0,42,10,5.0,32,,,1.7071033716201782,0,1.200295130411784,0.7177261710166931,1.2874839118455046,33,ppo_seed45,ppo,PPO,45
77244,intercepted,1,0,0,0,73,60,30.0,13,73.0,36.5,2.847684621810913,0,1.261452738727842,0.5511990785598755,1.3548560256091358,14,ppo_seed45,ppo,PPO,45
77245,intercepted,1,0,0,0,490,16,8.0,474,490.0,245.0,2.307924270629883,0,1.1292491414515595,1.3908454179763794,1.2207367933414104,475,ppo_seed45,ppo,PPO,45
77246,intercepted,1,0,0,0,239,120,60.0,119,239.0,119.5,4.676394939422607,0,1.225937097147107,0.7347779870033264,1.327599078203438,120,ppo_seed45,ppo,PPO,45
77247,soldier_caught,0,1,0,0,319,318,159.0,1,,,1.5609092712402344,0,0.8541766256093979,0.35294613242149353,0.990378571576974,2,ppo_seed45,ppo,PPO,45
77248,intercepted,1,0,0,0,885,711,355.5,174,885.0,442.5,3.545318841934204,0,1.1122239315509796,1.1073805093765259,1.204632155775683,175,ppo_seed45,ppo,PPO,45
77249,intercepted,1,0,0,0,784,682,341.0,102,784.0,392.0,3.8720719814300537,0,1.0935940513911757,1.5696290731430054,1.1876565218356636,103,ppo_seed45,ppo,PPO,45
77250,unsafe_intercept,0,0,1,0,480,480,240.0,0,,,2.328684091567993,0,1.146245002746582,1.146245002746582,1.146245002746582,1,ppo_seed45,ppo,PPO,45
77251,unsafe_intercept,0,0,1,0,82,81,40.5,1,,,2.271649122238159,0,0.9875352382659912,1.3304321765899658,1.0453727359793843,2,ppo_seed45,ppo,PPO,45
77252,intercepted,1,0,0,0,664,577,288.5,87,664.0,332.0,4.05244255065918,0,1.169908471998166,1.4699093103408813,1.269709853995072,88,ppo_seed45,ppo,PPO,45
77253,soldier_caught,0,1,0,0,58,57,28.5,1,,,1.5539848804473877,0,1.3004512786865234,1.4451298713684082,1.308474464182555,2,ppo_seed45,ppo,PPO,45
77254,intercepted,1,0,0,0,277,130,65.0,147,277.0,138.5,3.6421749591827393,0,1.0930005650262575,1.6042028665542603,1.1811714743880557,148,ppo_seed45,ppo,PPO,45
77255,intercepted,1,0,0,0,284,75,37.5,209,284.0,142.0,3.3738694190979004,0,1.1668373537915093,0.45162296295166016,1.2603199023162042,210,ppo_seed45,ppo,PPO,45
77256,soldier_caught,0,1,0,0,216,63,31.5,153,,,0.7037680745124817,0,1.1235868775999391,1.590443730354309,1.2111360442408043,154,ppo_seed45,ppo,PPO,45
77257,unsafe_intercept,0,0,1,0,304,303,151.5,1,,,2.528430461883545,0,1.4447124600410461,1.6653738021850586,1.4614669069515902,2,ppo_seed45,ppo,PPO,45
77258,intercepted,1,0,0,0,42,11,5.5,31,42.0,21.0,2.666307210922241,0,1.1395130008459091,1.5965269804000854,1.2265673235340964,32,ppo_seed45,ppo,PPO,45
77259,unsafe_intercept,0,0,1,0,284,284,142.0,0,,,2.0483686923980713,0,0.579125165939331,0.579125165939331,0.579125165939331,1,ppo_seed45,ppo,PPO,45
77260,unsafe_intercept,0,0,1,0,928,927,463.5,1,,,2.8337652683258057,0,0.6508477628231049,0.6267121434211731,0.6512951239612925,2,ppo_seed45,ppo,PPO,45
77261,intercepted,1,0,0,0,251,215,107.5,36,251.0,125.5,4.494691371917725,0,1.0189537176409282,1.155871868133545,1.109172403106905,37,ppo_seed45,ppo,PPO,45
77262,intercepted,1,0,0,0,340,62,31.0,278,340.0,170.0,4.089670658111572,0,1.109404130141154,0.8898187875747681,1.210480308648451,279,ppo_seed45,ppo,PPO,45
77263,unsafe_intercept,0,0,1,0,166,166,83.0,0,,,2.476933240890503,0,0.8898237943649292,0.8898237943649292,0.8898237943649292,1,ppo_seed45,ppo,PPO,45
77264,soldier_caught,0,1,0,0,357,356,178.0,1,,,0.6490150094032288,0,0.890924721956253,0.9084749817848206,0.8910975658214296,2,ppo_seed45,ppo,PPO,45
77265,intercepted,1,0,0,0,433,371,185.5,62,433.0,216.5,2.9851138591766357,0,1.214806059996287,1.4924604892730713,1.3163200142214193,63,ppo_seed45,ppo,PPO,45
77266,unsafe_intercept,0,0,1,0,708,707,353.5,1,,,2.660898208618164,0,0.8653778731822968,0.9881671071052551,0.8740457993497265,2,ppo_seed45,ppo,PPO,45
77267,soldier_caught,0,1,0,0,35,13,6.5,22,,,0.398468554019928,0,1.0579268867554872,1.2232997417449951,1.1440751620361094,23,ppo_seed45,ppo,PPO,45
77268,soldier_caught,0,1,0,0,256,256,128.0,0,,,1.6957483291625977,0,0.8984442949295044,0.8984442949295044,0.8984442949295044,1,ppo_seed45,ppo,PPO,45
77269,intercepted,1,0,0,0,250,213,106.5,37,250.0,125.0,2.826735258102417,0,1.0717940526573282,1.0759994983673096,1.1783046902551777,38,ppo_seed45,ppo,PPO,45
77270,intercepted,1,0,0,0,198,82,41.0,116,198.0,99.0,3.7809314727783203,0,1.0310366832547717,0.9499722123146057,1.1710062925266942,117,ppo_seed45,ppo,PPO,45
77271,intercepted,1,0,0,0,1320,1284,642.0,36,1320.0,660.0,3.2983689308166504,0,1.2704792747626434,1.2732315063476562,1.339169093506283,37,ppo_seed45,ppo,PPO,45
77272,intercepted,1,0,0,0,279,12,6.0,267,279.0,139.5,2.1061689853668213,0,1.154740106203218,0.7218491435050964,1.2503114763639354,268,ppo_seed45,ppo,PPO,45
77273,unsafe_intercept,0,0,1,0,617,616,308.0,1,,,2.090930938720703,0,1.2367916405200958,0.660347044467926,1.3645299316534392,2,ppo_seed45,ppo,PPO,45
77274,intercepted,1,0,0,0,31,15,7.5,16,31.0,15.5,4.321237087249756,0,1.0548815744764664,1.2676818370819092,1.144861760602504,17,ppo_seed45,ppo,PPO,45
77275,soldier_caught,0,1,0,0,114,60,30.0,54,,,1.8435028791427612,0,1.0521435770121488,0.4999579191207886,1.1674314564646011,55,ppo_seed45,ppo,PPO,45
77276,unsafe_intercept,0,0,1,0,417,416,208.0,1,,,2.4769301414489746,0,1.2471903562545776,1.2077134847640991,1.2478149735105346,2,ppo_seed45,ppo,PPO,45
77277,intercepted,1,0,0,0,165,42,21.0,123,165.0,82.5,4.541377067565918,0,1.157083530579844,2.591027021408081,1.2455700433501609,124,ppo_seed45,ppo,PPO,45
77278,soldier_caught,0,1,0,0,217,217,108.5,0,,,0.8087678551673889,0,2.7959370613098145,2.7959370613098145,2.7959370613098145,1,ppo_seed45,ppo,PPO,45
77279,soldier_caught,0,1,0,0,674,648,324.0,26,,,0.6190468072891235,0,1.113950506404594,1.255738377571106,1.2190990666783001,27,ppo_seed45,ppo,PPO,45
77280,soldier_caught,0,1,0,0,315,45,22.5,270,,,1.471545696258545,0,1.1500861130627318,0.34061020612716675,1.2501253441041542,271,ppo_seed45,ppo,PPO,45
77281,soldier_caught,0,1,0,0,263,262,131.0,1,,,1.8984326124191284,0,1.0598292350769043,0.6416958570480347,1.1393302986164853,2,ppo_seed45,ppo,PPO,45
77282,intercepted,1,0,0,0,111,64,32.0,47,111.0,55.5,2.8488757610321045,0,1.1093355175107718,1.3179914951324463,1.2015431510180472,48,ppo_seed45,ppo,PPO,45
77283,intercepted,1,0,0,0,786,677,338.5,109,786.0,393.0,3.2032101154327393,0,1.1273491357537833,0.9937179684638977,1.2153681170066954,110,ppo_seed45,ppo,PPO,45
77284,unsafe_intercept,0,0,1,0,54,53,26.5,1,,,2.462266206741333,0,1.4573637247085571,1.362749457359314,1.460431746327925,2,ppo_seed45,ppo,PPO,45
77285,intercepted,1,0,0,0,449,319,159.5,130,449.0,224.5,3.920477867126465,0,1.0986284157474533,1.2656224966049194,1.2007448478909883,131,ppo_seed45,ppo,PPO,45
77286,intercepted,1,0,0,0,240,162,81.0,78,240.0,120.0,2.973966598510742,0,1.1163098898869526,0.5627588629722595,1.1834635320900464,79,ppo_seed45,ppo,PPO,45
77287,intercepted,1,0,0,0,148,71,35.5,77,148.0,74.0,2.512333393096924,0,1.1501411149899166,0.6690633296966553,1.2326334552250016,78,ppo_seed45,ppo,PPO,45
77288,unsafe_intercept,0,0,1,0,277,277,138.5,0,,,2.104783058166504,0,0.7481353878974915,0.7481353878974915,0.7481353878974915,1,ppo_seed45,ppo,PPO,45
77289,soldier_caught,0,1,0,0,224,12,6.0,212,,,1.8869428634643555,0,1.1240576203090484,0.8302340507507324,1.2195860076331015,213,ppo_seed45,ppo,PPO,45
77290,intercepted,1,0,0,0,175,83,41.5,92,175.0,87.5,2.971341609954834,0,1.193501169803322,1.0484808683395386,1.2682621244223313,93,ppo_seed45,ppo,PPO,45
77291,intercepted,1,0,0,0,466,216,108.0,250,466.0,233.0,3.1496596336364746,0,1.176635909424835,0.5576996803283691,1.286097146952747,251,ppo_seed45,ppo,PPO,45
77292,intercepted,1,0,0,0,553,252,126.0,301,553.0,276.5,4.055792808532715,0,1.123290911415555,2.0877649784088135,1.2339382461586301,302,ppo_seed45,ppo,PPO,45
77293,soldier_caught,0,1,0,0,61,60,30.0,1,,,1.673985242843628,0,1.0975303053855896,0.9179147481918335,1.1121306216563813,2,ppo_seed45,ppo,PPO,45
77294,intercepted,1,0,0,0,247,11,5.5,236,247.0,123.5,2.4168360233306885,0,1.1284224644994938,1.459424376487732,1.2176070958698682,237,ppo_seed45,ppo,PPO,45
77295,intercepted,1,0,0,0,491,485,242.5,6,491.0,245.5,3.872861385345459,0,0.9675610406058175,0.6592813730239868,1.1405696186483272,7,ppo_seed45,ppo,PPO,45
77296,intercepted,1,0,0,0,82,10,5.0,72,82.0,41.0,3.134915590286255,0,1.1756709381325605,1.7254763841629028,1.264870777619565,73,ppo_seed45,ppo,PPO,45
77297,intercepted,1,0,0,0,471,10,5.0,461,471.0,235.5,2.160829782485962,0,1.0815696707277587,1.0033000707626343,1.176642225031744,462,ppo_seed45,ppo,PPO,45
77298,intercepted,1,0,0,0,390,363,181.5,27,390.0,195.0,4.634263038635254,0,1.3319518598062652,0.9086238741874695,1.446035384977185,28,ppo_seed45,ppo,PPO,45
77299,intercepted,1,0,0,0,782,551,275.5,231,782.0,391.0,3.382754325866699,0,1.1666265851336306,1.8140660524368286,1.2558325915379822,232,ppo_seed45,ppo,PPO,45
77300,soldier_caught,0,1,0,0,217,83,41.5,134,,,1.833085060119629,0,1.1231169903719866,1.1490466594696045,1.2166586084469964,135,ppo_seed45,ppo,PPO,45
77301,soldier_caught,0,1,0,0,815,273,136.5,542,,,0.9398580193519592,0,1.1449041938474385,1.5146920680999756,1.2407486028027355,543,ppo_seed45,ppo,PPO,45
77302,intercepted,1,0,0,0,538,320,160.0,218,538.0,269.0,4.709076404571533,0,1.0549713631062747,0.8960863351821899,1.154141019264674,219,ppo_seed45,ppo,PPO,45
77303,intercepted,1,0,0,0,42,33,16.5,9,42.0,21.0,4.988903522491455,0,1.0714138448238373,0.9145326018333435,1.135169460374374,10,ppo_seed45,ppo,PPO,45
77304,unsafe_intercept,0,0,1,0,1024,1024,512.0,0,,,2.1721909046173096,0,1.0284799337387085,1.0284799337387085,1.0284799337387085,1,ppo_seed45,ppo,PPO,45
77305,soldier_caught,0,1,0,0,172,172,86.0,0,,,1.8499528169631958,0,1.0403562784194946,1.0403562784194946,1.0403562784194946,1,ppo_seed45,ppo,PPO,45
77306,intercepted,1,0,0,0,404,315,157.5,89,404.0,202.0,4.590068817138672,0,1.1150860705309444,1.0855858325958252,1.2090699054084684,90,ppo_seed45,ppo,PPO,45
77307,intercepted,1,0,0,0,326,230,115.0,96,326.0,163.0,3.484103202819824,0,1.0463120645468997,0.7903996706008911,1.1589413520981018,97,ppo_seed45,ppo,PPO,45
77308,unsafe_intercept,0,0,1,0,230,230,115.0,0,,,2.286402463912964,0,1.4099069833755493,1.4099069833755493,1.4099069833755493,1,ppo_seed45,ppo,PPO,45
77309,intercepted,1,0,0,0,23,10,5.0,13,23.0,11.5,4.481729984283447,0,1.0034889695899827,0.7101860046386719,1.1097391938540282,14,ppo_seed45,ppo,PPO,45
77310,unsafe_intercept,0,0,1,0,389,389,194.5,0,,,2.2968757152557373,0,1.3572362661361694,1.3572362661361694,1.3572362661361694,1,ppo_seed45,ppo,PPO,45
77311,intercepted,1,0,0,0,374,158,79.0,216,374.0,187.0,3.0964906215667725,0,1.1383888287478328,1.143135666847229,1.2450726716299567,217,ppo_seed45,ppo,PPO,45
77312,soldier_caught,0,1,0,0,172,143,71.5,29,,,1.636633276939392,0,1.182047681013743,2.139739990234375,1.237499890823765,30,ppo_seed45,ppo,PPO,45
77313,intercepted,1,0,0,0,268,10,5.0,258,268.0,134.0,2.4199330806732178,0,1.1577192238283893,0.6629507541656494,1.2495139201515517,259,ppo_seed45,ppo,PPO,45
77314,unsafe_intercept,0,0,1,0,76,76,38.0,0,,,2.264536142349243,0,1.011144757270813,1.011144757270813,1.011144757270813,1,ppo_seed45,ppo,PPO,45
77315,intercepted,1,0,0,0,511,146,73.0,365,511.0,255.5,3.5207161903381348,0,1.1291395471802825,1.0019816160202026,1.2211356659993091,366,ppo_seed45,ppo,PPO,45
77316,unsafe_intercept,0,0,1,0,36,36,18.0,0,,,2.024066209793091,0,1.299434781074524,1.299434781074524,1.299434781074524,1,ppo_seed45,ppo,PPO,45
77317,soldier_caught,0,1,0,0,37,37,18.5,0,,,1.9277340173721313,0,1.4309557676315308,1.4309557676315308,1.4309557676315308,1,ppo_seed45,ppo,PPO,45
77318,unsafe_intercept,0,0,1,0,212,212,106.0,0,,,2.34527850151062,0,1.6739751100540161,1.6739751100540161,1.6739751100540161,1,ppo_seed45,ppo,PPO,45
77319,intercepted,1,0,0,0,572,456,228.0,116,572.0,286.0,2.643078327178955,0,1.139018326233595,1.7057784795761108,1.2417171391688726,117,ppo_seed45,ppo,PPO,45
77320,intercepted,1,0,0,0,594,34,17.0,560,594.0,297.0,3.360086441040039,0,1.1217067585378195,1.9541641473770142,1.225009642152939,561,ppo_seed45,ppo,PPO,45
77321,intercepted,1,0,0,0,323,233,116.5,90,323.0,161.5,4.976024150848389,0,1.108439611373367,1.1325072050094604,1.1923398160402892,91,ppo_seed45,ppo,PPO,45
77322,intercepted,1,0,0,0,615,509,254.5,106,615.0,307.5,4.769620895385742,0,1.1379706824772826,1.2282034158706665,1.2135649095661036,107,ppo_seed45,ppo,PPO,45
77323,intercepted,1,0,0,0,341,237,118.5,104,341.0,170.5,2.5592520236968994,0,1.1692131989058994,1.8080525398254395,1.2468132895721546,105,ppo_seed45,ppo,PPO,45
77324,intercepted,1,0,0,0,1186,349,174.5,837,1186.0,593.0,3.1405229568481445,0,1.1371052631739358,0.7345012426376343,1.2342731071471311,838,ppo_seed45,ppo,PPO,45
77325,intercepted,1,0,0,0,478,204,102.0,274,478.0,239.0,4.133947849273682,0,1.1196593549034812,1.1062101125717163,1.2193105437850387,275,ppo_seed45,ppo,PPO,45
77326,unsafe_intercept,0,0,1,0,13,12,6.0,1,,,2.2827911376953125,0,1.311713993549347,1.1292551755905151,1.324343165921926,2,ppo_seed45,ppo,PPO,45
77327,soldier_caught,0,1,0,0,143,143,71.5,0,,,1.2780808210372925,0,1.9404484033584595,1.9404484033584595,1.9404484033584595,1,ppo_seed45,ppo,PPO,45
77328,unsafe_intercept,0,0,1,0,684,683,341.5,1,,,2.3581998348236084,0,1.1130110621452332,1.5257611274719238,1.1870788688561715,2,ppo_seed45,ppo,PPO,45
77329,intercepted,1,0,0,0,136,106,53.0,30,136.0,68.0,3.9778363704681396,0,1.1118458451763276,1.6131575107574463,1.1859243376685895,31,ppo_seed45,ppo,PPO,45
77330,intercepted,1,0,0,0,346,15,7.5,331,346.0,173.0,3.6014866828918457,0,1.0971030615359905,1.8102608919143677,1.1949116860550342,332,ppo_seed45,ppo,PPO,45
77331,soldier_caught,0,1,0,0,420,267,133.5,153,,,1.6215533018112183,0,1.0864844284467883,1.1473268270492554,1.168458701378704,154,ppo_seed45,ppo,PPO,45
77332,intercepted,1,0,0,0,493,243,121.5,250,493.0,246.5,3.2432191371917725,0,1.1804931328828592,1.7057310342788696,1.288987581029868,251,ppo_seed45,ppo,PPO,45
77333,intercepted,1,0,0,0,85,33,16.5,52,85.0,42.5,4.658885478973389,0,1.1118855094009976,1.9738657474517822,1.2308908382673778,53,ppo_seed45,ppo,PPO,45
77334,unsafe_intercept,0,0,1,0,46,46,23.0,0,,,2.3863625526428223,0,0.988478422164917,0.988478422164917,0.988478422164917,1,ppo_seed45,ppo,PPO,45
77335,intercepted,1,0,0,0,216,51,25.5,165,216.0,108.0,4.043050289154053,0,1.1588093831865902,1.6481986045837402,1.2549822009730103,166,ppo_seed45,ppo,PPO,45
77336,soldier_caught,0,1,0,0,199,199,99.5,0,,,1.7678484916687012,0,0.5904507040977478,0.5904507040977478,0.5904507040977478,1,ppo_seed45,ppo,PPO,45
77337,intercepted,1,0,0,0,1131,1031,515.5,100,1131.0,565.5,4.2880072593688965,0,1.0766893516820255,0.19282923638820648,1.2102918829080374,101,ppo_seed45,ppo,PPO,45
77338,unsafe_intercept,0,0,1,0,10,10,5.0,0,,,2.1981863975524902,0,1.0332555770874023,1.0332555770874023,1.0332555770874023,1,ppo_seed45,ppo,PPO,45
77339,soldier_caught,0,1,0,0,316,315,157.5,1,,,1.1389951705932617,0,0.9764739573001862,0.8487582802772522,0.9847906800142415,2,ppo_seed45,ppo,PPO,45
77340,intercepted,1,0,0,0,541,157,78.5,384,541.0,270.5,2.8322129249572754,0,1.1173004793462815,0.9064812064170837,1.2176072335901063,385,ppo_seed45,ppo,PPO,45
77341,soldier_caught,0,1,0,0,305,14,7.0,291,,,1.9725589752197266,0,1.090308412807445,1.2717432975769043,1.180780325203726,292,ppo_seed45,ppo,PPO,45
77342,intercepted,1,0,0,0,562,322,161.0,240,562.0,281.0,3.472559690475464,0,1.1588904479850872,2.0661427974700928,1.2507557829467255,241,ppo_seed45,ppo,PPO,45
77343,intercepted,1,0,0,0,520,372,186.0,148,520.0,260.0,3.0760304927825928,0,1.1355287635686413,0.28845128417015076,1.2360318645571993,149,ppo_seed45,ppo,PPO,45
77344,soldier_caught,0,1,0,0,220,219,109.5,1,,,1.31515634059906,0,0.5516216605901718,0.21363577246665955,0.6469319260964774,2,ppo_seed45,ppo,PPO,45
77345,unsafe_intercept,0,0,1,0,470,470,235.0,0,,,2.2185003757476807,0,0.8506628274917603,0.8506628274917603,0.8506628274917603,1,ppo_seed45,ppo,PPO,45
77346,intercepted,1,0,0,0,95,83,41.5,12,95.0,47.5,4.8455634117126465,0,1.2448585216815655,1.7539117336273193,1.3161936417098792,13,ppo_seed45,ppo,PPO,45
77347,unsafe_intercept,0,0,1,0,203,203,101.5,0,,,2.3310654163360596,0,1.180192232131958,1.180192232131958,1.180192232131958,1,ppo_seed45,ppo,PPO,45
77348,soldier_caught,0,1,0,0,94,93,46.5,1,,,1.5252410173416138,0,1.2585025429725647,1.3066794872283936,1.2594243401754,2,ppo_seed45,ppo,PPO,45
77349,intercepted,1,0,0,0,214,9,4.5,205,214.0,107.0,4.7375640869140625,0,1.1189894274745174,0.9895698428153992,1.203860010272814,206,ppo_seed45,ppo,PPO,45
77350,intercepted,1,0,0,0,312,96,48.0,216,312.0,156.0,2.940678834915161,0,1.1350328496524267,1.2640546560287476,1.2152919266987192,217,ppo_seed45,ppo,PPO,45
77351,intercepted,1,0,0,0,345,31,15.5,314,345.0,172.5,4.089468479156494,0,1.11253521125468,0.41690313816070557,1.1946186058968578,315,ppo_seed45,ppo,PPO,45
77352,soldier_caught,0,1,0,0,16,16,8.0,0,,,1.9169644117355347,0,1.6880786418914795,1.6880786418914795,1.6880786418914795,1,ppo_seed45,ppo,PPO,45
77353,intercepted,1,0,0,0,644,636,318.0,8,644.0,322.0,2.586555004119873,0,1.2618403169843886,0.6338926553726196,1.3042845126692546,9,ppo_seed45,ppo,PPO,45
77354,soldier_caught,0,1,0,0,14,14,7.0,0,,,1.7258144617080688,0,1.134795069694519,1.134795069694519,1.134795069694519,1,ppo_seed45,ppo,PPO,45
77355,intercepted,1,0,0,0,81,59,29.5,22,81.0,40.5,3.793186902999878,0,1.2173850354940996,1.1868889331817627,1.2716900439147159,23,ppo_seed45,ppo,PPO,45
77356,intercepted,1,0,0,0,315,222,111.0,93,315.0,157.5,3.760608434677124,0,1.1899814380610243,0.9128909111022949,1.305838722044156,94,ppo_seed45,ppo,PPO,45
77357,intercepted,1,0,0,0,587,503,251.5,84,587.0,293.5,3.153181314468384,0,1.1402772633468403,0.848320722579956,1.2211953309905046,85,ppo_seed45,ppo,PPO,45
77358,intercepted,1,0,0,0,122,54,27.0,68,122.0,61.0,2.6495320796966553,0,1.1975611050923665,0.6812986731529236,1.3356082032437138,69,ppo_seed45,ppo,PPO,45
77359,unsafe_intercept,0,0,1,0,98,98,49.0,0,,,2.062865734100342,0,1.2620935440063477,1.2620935440063477,1.2620935440063477,1,ppo_seed45,ppo,PPO,45
77360,intercepted,1,0,0,0,119,107,53.5,12,119.0,59.5,4.704704761505127,0,1.1609265208244324,0.8746596574783325,1.2339418460749183,13,ppo_seed45,ppo,PPO,45
77361,soldier_caught,0,1,0,0,232,232,116.0,0,,,1.4915634393692017,0,0.7249058485031128,0.7249058485031128,0.7249058485031128,1,ppo_seed45,ppo,PPO,45
77362,intercepted,1,0,0,0,64,10,5.0,54,64.0,32.0,2.7612807750701904,0,1.1207000656561419,0.5959767699241638,1.223076382404252,55,ppo_seed45,ppo,PPO,45
77363,intercepted,1,0,0,0,566,438,219.0,128,566.0,283.0,4.1080169677734375,0,1.147689591544543,1.0458433628082275,1.2392452574614319,129,ppo_seed45,ppo,PPO,45
77364,soldier_caught,0,1,0,0,79,79,39.5,0,,,1.5504070520401,0,0.9234578609466553,0.9234578609466553,0.9234578609466553,1,ppo_seed45,ppo,PPO,45
77365,unsafe_intercept,0,0,1,0,464,464,232.0,0,,,2.100215196609497,0,0.9441095590591431,0.9441095590591431,0.9441095590591431,1,ppo_seed45,ppo,PPO,45
77366,intercepted,1,0,0,0,430,283,141.5,147,430.0,215.0,2.075852870941162,0,1.144057691197943,0.7967430949211121,1.2377326261952368,148,ppo_seed45,ppo,PPO,45
77367,unsafe_intercept,0,0,1,0,379,379,189.5,0,,,2.295452356338501,0,0.9032989144325256,0.9032989144325256,0.9032989144325256,1,ppo_seed45,ppo,PPO,45
77368,intercepted,1,0,0,0,122,67,33.5,55,122.0,61.0,3.557239532470703,0,1.2117971980145998,0.5085572004318237,1.3142195301471702,56,ppo_seed45,ppo,PPO,45
77369,intercepted,1,0,0,0,64,10,5.0,54,64.0,32.0,3.8718366622924805,0,1.0989211385900324,1.1182345151901245,1.173472811845669,55,ppo_seed45,ppo,PPO,45
77370,unsafe_intercept,0,0,1,0,187,187,93.5,0,,,2.1862752437591553,0,1.2491976022720337,1.2491976022720337,1.2491976022720337,1,ppo_seed45,ppo,PPO,45
77371,intercepted,1,0,0,0,611,369,184.5,242,611.0,305.5,3.545947313308716,0,1.0614452782420465,2.3589465618133545,1.159425885548203,243,ppo_seed45,ppo,PPO,45
77372,intercepted,1,0,0,0,70,44,22.0,26,70.0,35.0,2.208845615386963,0,0.9982839265355358,0.7720709443092346,1.0576298042205408,27,ppo_seed45,ppo,PPO,45
77373,intercepted,1,0,0,0,501,297,148.5,204,501.0,250.5,3.9885365962982178,0,1.1224325555853727,1.521117091178894,1.2185101129974731,205,ppo_seed45,ppo,PPO,45
77374,intercepted,1,0,0,0,276,248,124.0,28,276.0,138.0,3.402407169342041,0,1.0305892681253368,1.408367395401001,1.1120805219874186,29,ppo_seed45,ppo,PPO,45
77375,intercepted,1,0,0,0,217,129,64.5,88,217.0,108.5,4.666269779205322,0,1.0519120147388972,1.6252862215042114,1.127634224281678,89,ppo_seed45,ppo,PPO,45
77376,intercepted,1,0,0,0,246,11,5.5,235,246.0,123.0,3.230076313018799,0,1.1394003608690229,0.9348047375679016,1.2442926246319073,236,ppo_seed45,ppo,PPO,45
77377,soldier_caught,0,1,0,0,535,376,188.0,159,,,1.52120840549469,0,1.0940248474478722,0.8547108769416809,1.20007302686424,160,ppo_seed45,ppo,PPO,45
77378,intercepted,1,0,0,0,20,10,5.0,10,20.0,10.0,4.666530609130859,0,1.1249186288226733,1.0000910758972168,1.2029088690292196,11,ppo_seed45,ppo,PPO,45
77379,intercepted,1,0,0,0,74,64,32.0,10,74.0,37.0,3.2334492206573486,0,1.254153086380525,0.37910863757133484,1.338513247147757,11,ppo_seed45,ppo,PPO,45
77380,intercepted,1,0,0,0,517,36,18.0,481,517.0,258.5,4.609057426452637,0,1.0895996925989127,2.185689926147461,1.181653581387378,482,ppo_seed45,ppo,PPO,45
77381,intercepted,1,0,0,0,58,10,5.0,48,58.0,29.0,2.8697266578674316,0,1.132597629208954,1.6981241703033447,1.2100441919160334,49,ppo_seed45,ppo,PPO,45
77382,intercepted,1,0,0,0,197,170,85.0,27,197.0,98.5,3.869131088256836,0,1.186973603176219,1.5787336826324463,1.282521694419971,28,ppo_seed45,ppo,PPO,45
77383,intercepted,1,0,0,0,191,155,77.5,36,191.0,95.5,4.246495723724365,0,1.2195630742085946,1.2345402240753174,1.308840335281249,37,ppo_seed45,ppo,PPO,45
77384,soldier_caught,0,1,0,0,393,370,185.0,23,,,1.4179433584213257,0,0.9412775176266829,1.137641191482544,1.0025208847203537,24,ppo_seed45,ppo,PPO,45
77385,intercepted,1,0,0,0,192,17,8.5,175,192.0,96.0,3.9652819633483887,0,1.121852463788607,0.97382652759552,1.2235194282463369,176,ppo_seed45,ppo,PPO,45
77386,intercepted,1,0,0,0,268,72,36.0,196,268.0,134.0,3.977015733718872,0,1.2075701354421335,0.6457318067550659,1.3135917891443394,197,ppo_seed45,ppo,PPO,45
77387,intercepted,1,0,0,0,150,117,58.5,33,150.0,75.0,2.928154230117798,0,1.1969191309283762,0.40894585847854614,1.2771715062326825,34,ppo_seed45,ppo,PPO,45
77388,soldier_caught,0,1,0,0,513,489,244.5,24,,,0.45234695076942444,0,0.9945041084289551,0.8950177431106567,1.0737337884514326,25,ppo_seed45,ppo,PPO,45
77389,intercepted,1,0,0,0,517,448,224.0,69,517.0,258.5,3.934450387954712,0,1.1097052071775708,0.877225935459137,1.2122315318783434,70,ppo_seed45,ppo,PPO,45
77390,soldier_caught,0,1,0,0,341,341,170.5,0,,,1.721756935119629,0,0.2444954365491867,0.2444954365491867,0.2444954365491867,1,ppo_seed45,ppo,PPO,45
77391,intercepted,1,0,0,0,217,128,64.0,89,217.0,108.5,2.732473850250244,0,1.1244650815924009,1.1533452272415161,1.2335323382816095,90,ppo_seed45,ppo,PPO,45
77392,soldier_caught,0,1,0,0,774,773,386.5,1,,,1.481753945350647,0,1.2652413249015808,1.2370343208312988,1.2655557061296545,2,ppo_seed45,ppo,PPO,45
77393,intercepted,1,0,0,0,124,78,39.0,46,124.0,62.0,4.437187194824219,0,1.0197398060179772,0.6591240763664246,1.134989632242322,47,ppo_seed45,ppo,PPO,45
77394,intercepted,1,0,0,0,1137,927,463.5,210,1137.0,568.5,2.5274136066436768,0,1.0822500571679166,1.2942969799041748,1.1656135980225517,211,ppo_seed45,ppo,PPO,45
77395,intercepted,1,0,0,0,360,316,158.0,44,360.0,180.0,4.254807472229004,0,1.041889496313201,1.2518157958984375,1.1517579607245332,45,ppo_seed45,ppo,PPO,45
77396,intercepted,1,0,0,0,116,74,37.0,42,116.0,58.0,3.9914722442626953,0,1.0736740855283515,0.4696367084980011,1.1691016039015216,43,ppo_seed45,ppo,PPO,45
77397,unsafe_intercept,0,0,1,0,11,11,5.5,0,,,2.305056095123291,0,0.7142171859741211,0.7142171859741211,0.7142171859741211,1,ppo_seed45,ppo,PPO,45
77398,intercepted,1,0,0,0,417,220,110.0,197,417.0,208.5,2.5450708866119385,0,1.1334309851882434,0.4604952037334442,1.2450408890273121,198,ppo_seed45,ppo,PPO,45
77399,soldier_caught,0,1,0,0,76,75,37.5,1,,,1.8070555925369263,0,1.1641179323196411,1.638551950454712,1.2570832104168543,2,ppo_seed45,ppo,PPO,45
77400,intercepted,1,0,0,0,1192,1044,522.0,148,1192.0,596.0,4.581140995025635,0,1.0631481113049808,0.7962762117385864,1.15179417666265,149,ppo_seed45,ppo,PPO,45
77401,unsafe_intercept,0,0,1,0,176,176,88.0,0,,,2.3986144065856934,0,0.4580806791782379,0.4580806791782379,0.4580806791782379,1,ppo_seed45,ppo,PPO,45
77402,soldier_caught,0,1,0,0,458,457,228.5,1,,,1.979156732559204,0,2.1918909549713135,1.89593505859375,2.2117811490031523,2,ppo_seed45,ppo,PPO,45
77403,soldier_caught,0,1,0,0,264,263,131.5,1,,,1.9225469827651978,0,1.255558967590332,1.0038892030715942,1.280533479245825,2,ppo_seed45,ppo,PPO,45
77404,intercepted,1,0,0,0,1258,413,206.5,845,1258.0,629.0,2.0415916442871094,0,1.1286570125349729,2.282240629196167,1.2262905917297313,846,ppo_seed45,ppo,PPO,45
77405,soldier_caught,0,1,0,0,41,40,20.0,1,,,1.1608742475509644,0,1.2852260172367096,1.738555669784546,1.362832964548949,2,ppo_seed45,ppo,PPO,45
77406,intercepted,1,0,0,0,628,578,289.0,50,628.0,314.0,2.6930487155914307,0,1.1378954248685462,0.923883855342865,1.2102956446903272,51,ppo_seed45,ppo,PPO,45
77407,intercepted,1,0,0,0,160,14,7.0,146,160.0,80.0,3.8874125480651855,0,1.1926965094139788,0.2170805037021637,1.3004194426183493,147,ppo_seed45,ppo,PPO,45
77408,soldier_caught,0,1,0,0,78,55,27.5,23,,,1.1206110715866089,0,0.9212930252154669,0.8901431560516357,0.9853617464290376,24,ppo_seed45,ppo,PPO,45
77409,intercepted,1,0,0,0,24,12,6.0,12,24.0,12.0,4.082300662994385,0,1.0696883362073164,1.0298534631729126,1.198297469012357,13,ppo_seed45,ppo,PPO,45
77410,intercepted,1,0,0,0,840,677,338.5,163,840.0,420.0,3.496217966079712,0,1.1015432703240615,1.378888726234436,1.1877357155428516,164,ppo_seed45,ppo,PPO,45
77411,soldier_caught,0,1,0,0,69,18,9.0,51,,,1.8613580465316772,0,1.1279988563977754,0.6150738596916199,1.236489399400153,52,ppo_seed45,ppo,PPO,45
77412,unsafe_intercept,0,0,1,0,56,56,28.0,0,,,2.410487651824951,0,0.8103070855140686,0.8103070855140686,0.8103070855140686,1,ppo_seed45,ppo,PPO,45
77413,soldier_caught,0,1,0,0,525,525,262.5,0,,,1.5322661399841309,0,2.214796304702759,2.214796304702759,2.214796304702759,1,ppo_seed45,ppo,PPO,45
77414,unsafe_intercept,0,0,1,0,346,346,173.0,0,,,2.048494338989258,0,1.0194162130355835,1.0194162130355835,1.0194162130355835,1,ppo_seed45,ppo,PPO,45
77415,soldier_caught,0,1,0,0,797,561,280.5,236,,,0.8313668966293335,0,1.1482905392468228,0.635342001914978,1.2355203971176674,237,ppo_seed45,ppo,PPO,45
77416,intercepted,1,0,0,0,1254,1010,505.0,244,1254.0,627.0,2.33473801612854,0,1.1653054123022117,0.9925910830497742,1.2706856455937947,245,ppo_seed45,ppo,PPO,45
77417,soldier_caught,0,1,0,0,152,152,76.0,0,,,1.6420793533325195,0,0.4800230860710144,0.4800230860710144,0.4800230860710144,1,ppo_seed45,ppo,PPO,45
77418,intercepted,1,0,0,0,396,311,155.5,85,396.0,198.0,3.5216081142425537,0,1.1050114754674047,1.5372415781021118,1.1922973731590012,86,ppo_seed45,ppo,PPO,45
77419,soldier_caught,0,1,0,0,13,12,6.0,1,,,0.8333197832107544,0,0.9606226682662964,1.102062702178955,0.9709795023481561,2,ppo_seed45,ppo,PPO,45
77420,soldier_caught,0,1,0,0,241,241,120.5,0,,,1.9650840759277344,0,1.6620619297027588,1.6620619297027588,1.6620619297027588,1,ppo_seed45,ppo,PPO,45
77421,intercepted,1,0,0,0,83,38,19.0,45,83.0,41.5,2.709902763366699,0,1.148919608929883,1.2813773155212402,1.2488204432590195,46,ppo_seed45,ppo,PPO,45
77422,intercepted,1,0,0,0,683,639,319.5,44,683.0,341.5,4.306426048278809,0,1.0963921593295203,0.9833397269248962,1.2309522361018888,45,ppo_seed45,ppo,PPO,45
77423,soldier_caught,0,1,0,0,34,34,17.0,0,,,1.7164597511291504,0,1.245460033416748,1.245460033416748,1.245460033416748,1,ppo_seed45,ppo,PPO,45
77424,intercepted,1,0,0,0,137,66,33.0,71,137.0,68.5,3.8310701847076416,0,1.140262406733301,1.6935328245162964,1.2246280361506836,72,ppo_seed45,ppo,PPO,45
77425,intercepted,1,0,0,0,242,74,37.0,168,242.0,121.0,4.709837913513184,0,1.1415039791157966,1.8532859086990356,1.2483112078058924,169,ppo_seed45,ppo,PPO,45
77426,unsafe_intercept,0,0,1,0,12,11,5.5,1,,,2.197873115539551,0,1.3009519577026367,1.2122128009796143,1.3039749361802304,2,ppo_seed45,ppo,PPO,45
77427,intercepted,1,0,0,0,674,610,305.0,64,674.0,337.0,4.372094631195068,0,1.049051034450531,1.1476383209228516,1.147065708675289,65,ppo_seed45,ppo,PPO,45
77428,intercepted,1,0,0,0,67,34,17.0,33,67.0,33.5,3.70894455909729,0,0.9966847992995206,1.0034615993499756,1.0462347545142232,34,ppo_seed45,ppo,PPO,45
77429,intercepted,1,0,0,0,397,39,19.5,358,397.0,198.5,2.9345879554748535,0,1.1439901507747539,1.0702357292175293,1.2373874958616857,359,ppo_seed45,ppo,PPO,45
77430,soldier_caught,0,1,0,0,59,58,29.0,1,,,1.3233153820037842,0,1.0263626873493195,1.3640457391738892,1.0804860986946903,2,ppo_seed45,ppo,PPO,45
77431,intercepted,1,0,0,0,612,248,124.0,364,612.0,306.0,3.0433411598205566,0,1.1438755943962973,1.739930510520935,1.2338031626500758,365,ppo_seed45,ppo,PPO,45
77432,intercepted,1,0,0,0,955,485,242.5,470,955.0,477.5,2.399966239929199,0,1.1653453584309597,0.7659266591072083,1.2574843945639929,471,ppo_seed45,ppo,PPO,45
77433,intercepted,1,0,0,0,343,272,136.0,71,343.0,171.5,3.4042437076568604,0,1.2226352567474048,1.2794350385665894,1.316053455632847,72,ppo_seed45,ppo,PPO,45
77434,intercepted,1,0,0,0,117,13,6.5,104,117.0,58.5,2.826533317565918,0,1.1322336719149635,0.7332369685173035,1.2364794109080965,105,ppo_seed45,ppo,PPO,45
77435,unsafe_intercept,0,0,1,0,265,264,132.0,1,,,3.117581605911255,0,1.6679352521896362,1.3428304195404053,1.6993237354044077,2,ppo_seed45,ppo,PPO,45
77436,soldier_caught,0,1,0,0,216,216,108.0,0,,,0.5657556653022766,0,1.3714112043380737,1.3714112043380737,1.3714112043380737,1,ppo_seed45,ppo,PPO,45
77437,unsafe_intercept,0,0,1,0,38,37,18.5,1,,,2.468017339706421,0,1.0941579639911652,0.5815015435218811,1.2083038755270428,2,ppo_seed45,ppo,PPO,45
77438,soldier_caught,0,1,0,0,712,712,356.0,0,,,1.559525728225708,0,0.5853974223136902,0.5853974223136902,0.5853974223136902,1,ppo_seed45,ppo,PPO,45
77439,intercepted,1,0,0,0,309,105,52.5,204,309.0,154.5,2.8490989208221436,0,1.2038539379108242,1.259356141090393,1.2878265809393423,205,ppo_seed45,ppo,PPO,45
77440,intercepted,1,0,0,0,277,267,133.5,10,277.0,138.5,3.2792415618896484,0,1.3348177454688332,0.7236813306808472,1.4086679535615987,11,ppo_seed45,ppo,PPO,45
77441,soldier_caught,0,1,0,0,404,403,201.5,1,,,0.037252407521009445,0,1.071906864643097,1.0565781593322754,1.0720164624088104,2,ppo_seed45,ppo,PPO,45
77442,intercepted,1,0,0,0,233,135,67.5,98,233.0,116.5,2.064870595932007,0,1.1394444556549341,0.8423928022384644,1.243769276583979,99,ppo_seed45,ppo,PPO,45
77443,soldier_caught,0,1,0,0,807,807,403.5,0,,,1.6602751016616821,0,0.6476386785507202,0.6476386785507202,0.6476386785507202,1,ppo_seed45,ppo,PPO,45
77444,intercepted,1,0,0,0,66,10,5.0,56,66.0,33.0,4.243592739105225,0,1.1085937875404692,0.5881531834602356,1.1976010402613708,57,ppo_seed45,ppo,PPO,45
77445,soldier_caught,0,1,0,0,805,755,377.5,50,,,0.9191439747810364,0,1.1608539062972163,0.704906702041626,1.2315048336604368,51,ppo_seed45,ppo,PPO,45
77446,intercepted,1,0,0,0,429,93,46.5,336,429.0,214.5,3.0180861949920654,0,1.1482901350769161,1.1187242269515991,1.251401528827718,337,ppo_seed45,ppo,PPO,45
77447,intercepted,1,0,0,0,592,529,264.5,63,592.0,296.0,3.8364462852478027,0,1.145028521772474,1.5648808479309082,1.2390585997056682,64,ppo_seed45,ppo,PPO,45
77448,intercepted,1,0,0,0,1026,1016,508.0,10,1026.0,513.0,4.872146129608154,0,1.0799618769775738,0.9859020709991455,1.1645318231683806,11,ppo_seed45,ppo,PPO,45
77449,unsafe_intercept,0,0,1,0,332,331,165.5,1,,,2.548114776611328,0,0.7999408841133118,0.8740695118904114,0.8033682042078232,2,ppo_seed45,ppo,PPO,45
77450,intercepted,1,0,0,0,698,630,315.0,68,698.0,349.0,4.305923938751221,0,1.1910977121712505,0.6441969275474548,1.312905675817579,69,ppo_seed45,ppo,PPO,45
77451,intercepted,1,0,0,0,404,339,169.5,65,404.0,202.0,2.516627311706543,0,1.1223022319150693,0.772959291934967,1.1967732159421145,66,ppo_seed45,ppo,PPO,45
77452,soldier_caught,0,1,0,0,61,61,30.5,0,,,1.0163666009902954,0,0.8370084166526794,0.8370084166526794,0.8370084166526794,1,ppo_seed45,ppo,PPO,45
77453,soldier_caught,0,1,0,0,809,809,404.5,0,,,0.8453303575515747,0,0.7603553533554077,0.7603553533554077,0.7603553533554077,1,ppo_seed45,ppo,PPO,45
77454,soldier_caught,0,1,0,0,1004,720,360.0,284,,,1.5731110572814941,0,1.1725988519557735,1.1336995363235474,1.2710136354322197,285,ppo_seed45,ppo,PPO,45
77455,intercepted,1,0,0,0,341,285,142.5,56,341.0,170.5,2.8941526412963867,0,1.1318064682316362,1.960313081741333,1.2391671665258988,57,ppo_seed45,ppo,PPO,45
77456,soldier_caught,0,1,0,0,649,649,324.5,0,,,1.8462109565734863,0,1.0163837671279907,1.0163837671279907,1.0163837671279907,1,ppo_seed45,ppo,PPO,45
77457,soldier_caught,0,1,0,0,96,96,48.0,0,,,1.0393550395965576,0,1.9370934963226318,1.9370934963226318,1.9370934963226318,1,ppo_seed45,ppo,PPO,45
77458,intercepted,1,0,0,0,368,275,137.5,93,368.0,184.0,2.587167501449585,0,1.0816008499328127,0.9416264295578003,1.1887394116479892,94,ppo_seed45,ppo,PPO,45
77459,intercepted,1,0,0,0,641,616,308.0,25,641.0,320.5,3.061781883239746,0,1.1194830124194806,1.1067276000976562,1.206438449250913,26,ppo_seed45,ppo,PPO,45
77460,intercepted,1,0,0,0,504,476,238.0,28,504.0,252.0,4.641544818878174,0,1.16839471664922,0.8847982287406921,1.240839287064119,29,ppo_seed45,ppo,PPO,45
77461,soldier_caught,0,1,0,0,44,43,21.5,1,,,0.6035594344139099,0,1.141072541475296,1.6344120502471924,1.2431534160449333,2,ppo_seed45,ppo,PPO,45
77462,soldier_caught,0,1,0,0,276,275,137.5,1,,,1.8192018270492554,0,0.8837733268737793,0.6076502799987793,0.9259045470830572,2,ppo_seed45,ppo,PPO,45
77463,intercepted,1,0,0,0,317,15,7.5,302,317.0,158.5,4.267317295074463,0,1.1408872801822798,1.0597840547561646,1.2373082654088523,303,ppo_seed45,ppo,PPO,45
77464,intercepted,1,0,0,0,286,104,52.0,182,286.0,143.0,2.9343531131744385,0,1.1688029097566188,1.0868364572525024,1.259196428097704,183,ppo_seed45,ppo,PPO,45
77465,unsafe_intercept,0,0,1,0,515,514,257.0,1,,,2.410263776779175,0,1.4880252182483673,0.8430925011634827,1.6217759585434706,2,ppo_seed45,ppo,PPO,45
77466,intercepted,1,0,0,0,400,393,196.5,7,400.0,200.0,4.066611289978027,0,0.970148079097271,0.45816856622695923,1.0144347739453585,8,ppo_seed45,ppo,PPO,45
77467,intercepted,1,0,0,0,519,14,7.0,505,519.0,259.5,2.7735419273376465,0,1.1770550793132528,1.014510154724121,1.2784393440278687,506,ppo_seed45,ppo,PPO,45
77468,intercepted,1,0,0,0,508,332,166.0,176,508.0,254.0,3.2956595420837402,0,1.1777680763753795,1.6666646003723145,1.2805668089405426,177,ppo_seed45,ppo,PPO,45
77469,soldier_caught,0,1,0,0,800,800,400.0,0,,,0.5519832968711853,0,1.0687658786773682,1.0687658786773682,1.0687658786773682,1,ppo_seed45,ppo,PPO,45
77470,soldier_caught,0,1,0,0,271,270,135.0,1,,,1.6934635639190674,0,1.15268275141716,1.4908311367034912,1.2012584467492362,2,ppo_seed45,ppo,PPO,45
77471,unsafe_intercept,0,0,1,0,18,17,8.5,1,,,3.0143754482269287,0,1.3254420161247253,0.7918804883956909,1.42880524984384,2,ppo_seed45,ppo,PPO,45
77472,intercepted,1,0,0,0,143,135,67.5,8,143.0,71.5,3.9006457328796387,0,1.075420316722658,2.0125908851623535,1.1940714170186986,9,ppo_seed45,ppo,PPO,45
77473,unsafe_intercept,0,0,1,0,820,820,410.0,0,,,2.3046483993530273,0,1.1844476461410522,1.1844476461410522,1.1844476461410522,1,ppo_seed45,ppo,PPO,45
77474,soldier_caught,0,1,0,0,702,702,351.0,0,,,1.941827416419983,0,0.7626845836639404,0.7626845836639404,0.7626845836639404,1,ppo_seed45,ppo,PPO,45
77475,intercepted,1,0,0,0,841,626,313.0,215,841.0,420.5,2.5857090950012207,0,1.1561937240055866,0.9846875071525574,1.2467284176349474,216,ppo_seed45,ppo,PPO,45
77476,soldier_caught,0,1,0,0,49,49,24.5,0,,,1.6891313791275024,0,1.0149636268615723,1.0149636268615723,1.0149636268615723,1,ppo_seed45,ppo,PPO,45
77477,intercepted,1,0,0,0,350,325,162.5,25,350.0,175.0,4.559492588043213,0,1.0694906872052412,1.2160981893539429,1.1303111248131057,26,ppo_seed45,ppo,PPO,45
77478,intercepted,1,0,0,0,521,517,258.5,4,521.0,260.5,4.554836750030518,0,0.9073995172977447,1.4886800050735474,0.9973566379720962,5,ppo_seed45,ppo,PPO,45
77479,intercepted,1,0,0,0,38,11,5.5,27,38.0,19.0,4.732668876647949,0,1.264086201786995,1.4823964834213257,1.3625844510629512,28,ppo_seed45,ppo,PPO,45
77480,intercepted,1,0,0,0,176,148,74.0,28,176.0,88.0,2.9759910106658936,0,1.3210534617818634,1.379500150680542,1.3942368195986912,29,ppo_seed45,ppo,PPO,45
77481,intercepted,1,0,0,0,1002,484,242.0,518,1002.0,501.0,3.864757776260376,0,1.1425843430622005,0.4703482389450073,1.2482620904302042,519,ppo_seed45,ppo,PPO,45
77482,unsafe_intercept,0,0,1,0,14,13,6.5,1,,,2.8786070346832275,0,0.988940954208374,1.118486762046814,0.9973897569351128,2,ppo_seed45,ppo,PPO,45
77483,intercepted,1,0,0,0,250,55,27.5,195,250.0,125.0,4.500043869018555,0,1.1435700456554792,1.5242050886154175,1.2306150137713536,196,ppo_seed45,ppo,PPO,45
77484,intercepted,1,0,0,0,205,126,63.0,79,205.0,102.5,4.1426920890808105,0,1.0946909952908754,0.7706466317176819,1.194683240631385,80,ppo_seed45,ppo,PPO,45
77485,soldier_caught,0,1,0,0,522,170,85.0,352,,,0.8332160711288452,0,1.108665105050414,1.0656310319900513,1.2093213134742167,353,ppo_seed45,ppo,PPO,45
77486,intercepted,1,0,0,0,497,396,198.0,101,497.0,248.5,2.220987319946289,0,1.1855069558848352,2.1883716583251953,1.2804336525194864,102,ppo_seed45,ppo,PPO,45
77487,soldier_caught,0,1,0,0,72,50,25.0,22,,,1.1946921348571777,0,0.9661261795655541,1.5991610288619995,1.0617042724787227,23,ppo_seed45,ppo,PPO,45
77488,intercepted,1,0,0,0,19,9,4.5,10,19.0,9.5,2.5100042819976807,0,1.4074490612203425,1.4755852222442627,1.4776430235274847,11,ppo_seed45,ppo,PPO,45
77489,unsafe_intercept,0,0,1,0,168,168,84.0,0,,,2.060182809829712,0,1.1020764112472534,1.1020764112472534,1.1020764112472534,1,ppo_seed45,ppo,PPO,45
77490,intercepted,1,0,0,0,326,114,57.0,212,326.0,163.0,4.7345170974731445,0,1.1077702971691257,1.5038098096847534,1.193140608513918,213,ppo_seed45,ppo,PPO,45
77491,intercepted,1,0,0,0,237,236,118.0,1,237.0,118.5,2.8204452991485596,0,1.2816922068595886,0.73218834400177,1.3945212111761753,2,ppo_seed45,ppo,PPO,45
77492,soldier_caught,0,1,0,0,61,61,30.5,0,,,0.9352788925170898,0,1.5641875267028809,1.5641875267028809,1.5641875267028809,1,ppo_seed45,ppo,PPO,45
77493,intercepted,1,0,0,0,99,11,5.5,88,99.0,49.5,3.203251838684082,0,1.083351250612334,1.6306228637695312,1.1643090792572262,89,ppo_seed45,ppo,PPO,45
77494,intercepted,1,0,0,0,278,12,6.0,266,278.0,139.0,2.5502407550811768,0,1.193557724970557,1.6375865936279297,1.2915965361080977,267,ppo_seed45,ppo,PPO,45
77495,soldier_caught,0,1,0,0,384,162,81.0,222,,,1.5665444135665894,0,1.2057180593099295,1.7509300708770752,1.3035719662760918,223,ppo_seed45,ppo,PPO,45
77496,soldier_caught,0,1,0,0,111,88,44.0,23,,,1.923647403717041,0,1.2322916612029076,1.7700519561767578,1.3176454520121113,24,ppo_seed45,ppo,PPO,45
77497,intercepted,1,0,0,0,439,395,197.5,44,439.0,219.5,2.798200845718384,0,1.165065852801005,1.0576037168502808,1.2536437417492252,45,ppo_seed45,ppo,PPO,45
77498,soldier_caught,0,1,0,0,643,642,321.0,1,,,0.8873926401138306,0,1.254094511270523,0.7739332318305969,1.3428730012448082,2,ppo_seed45,ppo,PPO,45
77499,unsafe_intercept,0,0,1,0,788,788,394.0,0,,,2.306939125061035,0,1.9867329597473145,1.9867329597473145,1.9867329597473145,1,ppo_seed45,ppo,PPO,45
77500,intercepted,1,0,0,0,136,77,38.5,59,136.0,68.0,2.886044502258301,0,1.1481536716222762,0.8591884970664978,1.2125933193021519,60,ppo_seed45,ppo,PPO,45
77501,intercepted,1,0,0,0,154,64,32.0,90,154.0,77.0,3.456017017364502,0,1.2101177473317135,2.1525771617889404,1.3146489379043687,91,ppo_seed45,ppo,PPO,45
77502,unsafe_intercept,0,0,1,0,368,368,184.0,0,,,2.252105474472046,0,1.4044557809829712,1.4044557809829712,1.4044557809829712,1,ppo_seed45,ppo,PPO,45
77503,intercepted,1,0,0,0,189,126,63.0,63,189.0,94.5,4.660279750823975,0,1.1253113355487585,1.4148573875427246,1.22632126162164,64,ppo_seed45,ppo,PPO,45
77504,intercepted,1,0,0,0,687,537,268.5,150,687.0,343.5,2.7139854431152344,0,1.087971668073673,1.5721845626831055,1.198394103971184,151,ppo_seed45,ppo,PPO,45
77505,intercepted,1,0,0,0,209,60,30.0,149,209.0,104.5,2.7082221508026123,0,1.0822005569934845,0.8135442733764648,1.1862008982309598,150,ppo_seed45,ppo,PPO,45
77506,intercepted,1,0,0,0,174,11,5.5,163,174.0,87.0,3.369621753692627,0,1.0913130368401365,0.9787259697914124,1.1767283119713605,164,ppo_seed45,ppo,PPO,45
77507,soldier_caught,0,1,0,0,384,335,167.5,49,,,1.0617271661758423,0,1.151079434156418,1.711565375328064,1.230088230711276,50,ppo_seed45,ppo,PPO,45
77508,intercepted,1,0,0,0,28,11,5.5,17,28.0,14.0,4.957841873168945,0,1.204957561360465,2.685549736022949,1.3335223798819857,18,ppo_seed45,ppo,PPO,45
77509,soldier_caught,0,1,0,0,34,34,17.0,0,,,1.0771594047546387,0,1.9318314790725708,1.9318314790725708,1.9318314790725708,1,ppo_seed45,ppo,PPO,45
77510,unsafe_intercept,0,0,1,0,318,318,159.0,0,,,2.0681676864624023,0,0.9646127223968506,0.9646127223968506,0.9646127223968506,1,ppo_seed45,ppo,PPO,45
77511,unsafe_intercept,0,0,1,0,609,608,304.0,1,,,3.030125617980957,0,0.8811044692993164,0.4968845844268799,0.9612335854258415,2,ppo_seed45,ppo,PPO,45
77512,intercepted,1,0,0,0,451,109,54.5,342,451.0,225.5,2.8125317096710205,0,1.1267296158798235,0.5001196265220642,1.2323301180645703,343,ppo_seed45,ppo,PPO,45
77513,soldier_caught,0,1,0,0,165,164,82.0,1,,,1.1933835744857788,0,1.5746347904205322,1.7498468160629272,1.5843528575202006,2,ppo_seed45,ppo,PPO,45
77514,unsafe_intercept,0,0,1,0,76,76,38.0,0,,,2.3765058517456055,0,1.0813602209091187,1.0813602209091187,1.0813602209091187,1,ppo_seed45,ppo,PPO,45
77515,soldier_caught,0,1,0,0,54,15,7.5,39,,,0.5950843095779419,0,1.0891249440610409,0.4673101007938385,1.1885011498317555,40,ppo_seed45,ppo,PPO,45
77516,intercepted,1,0,0,0,397,253,126.5,144,397.0,198.5,3.5229790210723877,0,1.1264486687964406,1.6850121021270752,1.2283866719327723,145,ppo_seed45,ppo,PPO,45
77517,intercepted,1,0,0,0,267,32,16.0,235,267.0,133.5,4.430050373077393,0,1.134224818672164,0.7366671562194824,1.2247109105341898,236,ppo_seed45,ppo,PPO,45
77518,intercepted,1,0,0,0,282,273,136.5,9,282.0,141.0,2.3483664989471436,0,1.0070307463407517,0.9384861588478088,1.0547663115480674,10,ppo_seed45,ppo,PPO,45
77519,soldier_caught,0,1,0,0,97,52,26.0,45,,,1.9371849298477173,0,1.1259210427170214,1.4097195863723755,1.2105430893623816,46,ppo_seed45,ppo,PPO,45
77520,soldier_caught,0,1,0,0,12,12,6.0,0,,,1.680672287940979,0,1.6834516525268555,1.6834516525268555,1.6834516525268555,1,ppo_seed45,ppo,PPO,45
77521,intercepted,1,0,0,0,101,13,6.5,88,101.0,50.5,4.569463729858398,0,1.0983710206961363,1.580220341682434,1.192563210507695,89,ppo_seed45,ppo,PPO,45
77522,intercepted,1,0,0,0,887,538,269.0,349,887.0,443.5,2.335148811340332,0,1.1308988483888762,1.1859534978866577,1.2272690923452736,350,ppo_seed45,ppo,PPO,45
77523,soldier_caught,0,1,0,0,223,134,67.0,89,,,1.5295212268829346,0,1.0626684796479013,1.3393231630325317,1.1595091434936668,90,ppo_seed45,ppo,PPO,45
77524,intercepted,1,0,0,0,744,718,359.0,26,744.0,372.0,3.2287254333496094,0,1.1495607870596427,0.6225950121879578,1.2626328237701658,27,ppo_seed45,ppo,PPO,45
77525,intercepted,1,0,0,0,175,152,76.0,23,175.0,87.5,3.764023542404175,0,0.9967240877449512,1.7732059955596924,1.093609789800313,24,ppo_seed45,ppo,PPO,45
77526,intercepted,1,0,0,0,57,14,7.0,43,57.0,28.5,3.7607805728912354,0,1.0729553326964378,1.6182154417037964,1.1609771718573543,44,ppo_seed45,ppo,PPO,45
77527,intercepted,1,0,0,0,29,11,5.5,18,29.0,14.5,3.5222442150115967,0,1.021002101270776,1.583357334136963,1.087493056638205,19,ppo_seed45,ppo,PPO,45
77528,unsafe_intercept,0,0,1,0,11,11,5.5,0,,,2.075718402862549,0,1.4594084024429321,1.4594084024429321,1.4594084024429321,1,ppo_seed45,ppo,PPO,45
77529,intercepted,1,0,0,0,1591,1236,618.0,355,1591.0,795.5,3.6737453937530518,0,1.162683991192097,1.4144729375839233,1.2650223484548333,356,ppo_seed45,ppo,PPO,45
77530,intercepted,1,0,0,0,85,59,29.5,26,85.0,42.5,3.948967695236206,0,1.1513383167761344,1.2753067016601562,1.2901061887560124,27,ppo_seed45,ppo,PPO,45
77531,soldier_caught,0,1,0,0,508,507,253.5,1,,,1.9156382083892822,0,1.1003211736679077,1.1974974870681763,1.1046039657306999,2,ppo_seed45,ppo,PPO,45
77532,intercepted,1,0,0,0,210,70,35.0,140,210.0,105.0,4.155792236328125,0,1.077613833525502,0.6164185404777527,1.1596856023759508,141,ppo_seed45,ppo,PPO,45
77533,intercepted,1,0,0,0,772,542,271.0,230,772.0,386.0,2.9549386501312256,0,1.161609145921546,0.6341505646705627,1.2574664462502008,231,ppo_seed45,ppo,PPO,45
77534,intercepted,1,0,0,0,394,180,90.0,214,394.0,197.0,3.466402769088745,0,1.058172987540101,0.9142748117446899,1.1307666916519048,215,ppo_seed45,ppo,PPO,45
77535,intercepted,1,0,0,0,912,753,376.5,159,912.0,456.0,3.689483404159546,0,1.1587159311398865,1.2496427297592163,1.2809800100938487,160,ppo_seed45,ppo,PPO,45
77536,intercepted,1,0,0,0,441,11,5.5,430,441.0,220.5,2.500220537185669,0,1.1235845801863482,0.48342496156692505,1.218232033450125,431,ppo_seed45,ppo,PPO,45
77537,soldier_caught,0,1,0,0,42,42,21.0,0,,,1.9166479110717773,0,1.0644181966781616,1.0644181966781616,1.0644181966781616,1,ppo_seed45,ppo,PPO,45
77538,soldier_caught,0,1,0,0,446,445,222.5,1,,,1.1538887023925781,0,1.093045562505722,0.865185558795929,1.1165432293485449,2,ppo_seed45,ppo,PPO,45
77539,soldier_caught,0,1,0,0,15,14,7.0,1,,,1.7703661918640137,0,1.0279321372509003,0.9501549601554871,1.0308703934395123,2,ppo_seed45,ppo,PPO,45
77540,intercepted,1,0,0,0,162,13,6.5,149,162.0,81.0,2.6139729022979736,0,1.1231181904673577,1.354222297668457,1.2047004153628937,150,ppo_seed45,ppo,PPO,45
77541,intercepted,1,0,0,0,73,53,26.5,20,73.0,36.5,3.1532130241394043,0,1.095844959928876,1.9366902112960815,1.205690000796761,21,ppo_seed45,ppo,PPO,45
77542,soldier_caught,0,1,0,0,160,159,79.5,1,,,1.488128900527954,0,1.012998253107071,1.355683445930481,1.0693916972645687,2,ppo_seed45,ppo,PPO,45
77543,intercepted,1,0,0,0,846,679,339.5,167,846.0,423.0,3.3841359615325928,0,1.1253210324794054,0.9812819361686707,1.2185065366543246,168,ppo_seed45,ppo,PPO,45
77544,unsafe_intercept,0,0,1,0,190,190,95.0,0,,,2.286154270172119,0,1.3201040029525757,1.3201040029525757,1.3201040029525757,1,ppo_seed45,ppo,PPO,45
77545,soldier_caught,0,1,0,0,188,187,93.5,1,,,0.6515852212905884,0,0.5780916512012482,0.5995602607727051,0.5784901540955708,2,ppo_seed45,ppo,PPO,45
77546,intercepted,1,0,0,0,403,351,175.5,52,403.0,201.5,3.219153881072998,0,1.1818370048729878,0.599199652671814,1.2875935131177343,53,ppo_seed45,ppo,PPO,45
77547,soldier_caught,0,1,0,0,245,220,110.0,25,,,1.2548761367797852,0,1.2159408995738397,0.7143835425376892,1.3244740273636741,26,ppo_seed45,ppo,PPO,45
77548,soldier_caught,0,1,0,0,149,149,74.5,0,,,1.9598519802093506,0,1.1360868215560913,1.1360868215560913,1.1360868215560913,1,ppo_seed45,ppo,PPO,45
77549,intercepted,1,0,0,0,1124,1049,524.5,75,1124.0,562.0,4.599042892456055,0,1.0335873569803018,1.1437993049621582,1.125759141861444,76,ppo_seed45,ppo,PPO,45
77550,intercepted,1,0,0,0,1031,11,5.5,1020,1031.0,515.5,2.03127384185791,0,1.1470984164753109,2.0695958137512207,1.2499177591861743,1021,ppo_seed45,ppo,PPO,45
77551,intercepted,1,0,0,0,158,133,66.5,25,158.0,79.0,2.8747260570526123,0,1.0442137500414481,1.6968344449996948,1.102259146405484,26,ppo_seed45,ppo,PPO,45
77552,intercepted,1,0,0,0,115,86,43.0,29,115.0,57.5,4.630459785461426,0,1.0673958232005438,1.1338595151901245,1.163670107235034,30,ppo_seed45,ppo,PPO,45
77553,intercepted,1,0,0,0,211,9,4.5,202,211.0,105.5,3.7067556381225586,0,1.1381080596905035,0.7041382789611816,1.228164364686894,203,ppo_seed45,ppo,PPO,45
77554,intercepted,1,0,0,0,281,82,41.0,199,281.0,140.5,4.0069193840026855,0,1.1636731665581466,0.7170008420944214,1.263065206027959,200,ppo_seed45,ppo,PPO,45
77555,intercepted,1,0,0,0,27,14,7.0,13,27.0,13.5,2.880382537841797,0,0.9830437004566193,0.8620889782905579,1.0402360675846913,14,ppo_seed45,ppo,PPO,45
77556,soldier_caught,0,1,0,0,108,108,54.0,0,,,1.7564444541931152,0,0.4022108018398285,0.4022108018398285,0.4022108018398285,1,ppo_seed45,ppo,PPO,45
77557,unsafe_intercept,0,0,1,0,10,10,5.0,0,,,2.428629159927368,0,1.6278676986694336,1.6278676986694336,1.6278676986694336,1,ppo_seed45,ppo,PPO,45
77558,intercepted,1,0,0,0,178,44,22.0,134,178.0,89.0,4.699789524078369,0,1.1457322806119918,1.3184375762939453,1.2446023918209619,135,ppo_seed45,ppo,PPO,45
77559,intercepted,1,0,0,0,220,168,84.0,52,220.0,110.0,2.3376059532165527,0,1.117357559361548,0.9915552139282227,1.2093014479374369,53,ppo_seed45,ppo,PPO,45
77560,soldier_caught,0,1,0,0,112,111,55.5,1,,,1.7776297330856323,0,1.8948242664337158,1.5018324851989746,1.935148971212326,2,ppo_seed45,ppo,PPO,45
77561,intercepted,1,0,0,0,887,668,334.0,219,887.0,443.5,3.084674835205078,0,1.1212229126556352,0.8301253914833069,1.2225988147249234,220,ppo_seed45,ppo,PPO,45
77562,intercepted,1,0,0,0,881,425,212.5,456,881.0,440.5,2.9781320095062256,0,1.1518157131937323,1.516383171081543,1.2479035333040784,457,ppo_seed45,ppo,PPO,45
77563,unsafe_intercept,0,0,1,0,396,396,198.0,0,,,2.430673837661743,0,0.7049142718315125,0.7049142718315125,0.7049142718315125,1,ppo_seed45,ppo,PPO,45
77564,soldier_caught,0,1,0,0,588,463,231.5,125,,,1.9944171905517578,0,1.1304734239266032,1.4218286275863647,1.2191627167841759,126,ppo_seed45,ppo,PPO,45
77565,intercepted,1,0,0,0,164,131,65.5,33,164.0,82.0,2.5245230197906494,0,1.3706477775293238,1.1839450597763062,1.4441152992647457,34,ppo_seed45,ppo,PPO,45
77566,soldier_caught,0,1,0,0,17,17,8.5,0,,,1.3597174882888794,0,1.6402254104614258,1.6402254104614258,1.6402254104614258,1,ppo_seed45,ppo,PPO,45
77567,unsafe_intercept,0,0,1,0,156,156,78.0,0,,,2.122103691101074,0,0.6801472306251526,0.6801472306251526,0.6801472306251526,1,ppo_seed45,ppo,PPO,45
77568,soldier_caught,0,1,0,0,524,205,102.5,319,,,1.063884973526001,0,1.1420961818192155,0.6862956285476685,1.2382588532011496,320,ppo_seed45,ppo,PPO,45
77569,unsafe_intercept,0,0,1,0,977,976,488.0,1,,,2.603933811187744,0,1.832026481628418,1.5668981075286865,1.8511115806835003,2,ppo_seed45,ppo,PPO,45
77570,intercepted,1,0,0,0,91,80,40.0,11,91.0,45.5,4.388120174407959,0,1.1030610178907712,0.41267821192741394,1.177933242312729,12,ppo_seed45,ppo,PPO,45
77571,intercepted,1,0,0,0,774,432,216.0,342,774.0,387.0,3.3817386627197266,0,1.1278354268379878,1.3566638231277466,1.2179341114557833,343,ppo_seed45,ppo,PPO,45
77572,intercepted,1,0,0,0,270,201,100.5,69,270.0,135.0,2.4124836921691895,0,1.0874812032495227,1.4777638912200928,1.161563872991487,70,ppo_seed45,ppo,PPO,45
77573,intercepted,1,0,0,0,774,616,308.0,158,774.0,387.0,4.12586784362793,0,1.1442704449565906,0.8991710543632507,1.245178659925663,159,ppo_seed45,ppo,PPO,45
77574,intercepted,1,0,0,0,405,232,116.0,173,405.0,202.5,3.0901894569396973,0,1.1461620252022797,0.48207566142082214,1.2321176424259515,174,ppo_seed45,ppo,PPO,45
77575,soldier_caught,0,1,0,0,102,101,50.5,1,,,1.8941272497177124,0,0.7207231819629669,0.7552872896194458,0.7215515106746798,2,ppo_seed45,ppo,PPO,45
77576,intercepted,1,0,0,0,213,208,104.0,5,213.0,106.5,2.664839267730713,0,1.1712815463542938,0.5895065665245056,1.2790614640705837,6,ppo_seed45,ppo,PPO,45
77577,intercepted,1,0,0,0,329,12,6.0,317,329.0,164.5,4.813128471374512,0,1.1750234008866287,0.9769405126571655,1.275531852913978,318,ppo_seed45,ppo,PPO,45
77578,soldier_caught,0,1,0,0,385,385,192.5,0,,,0.5122803449630737,0,1.6427847146987915,1.6427847146987915,1.6427847146987915,1,ppo_seed45,ppo,PPO,45
77579,unsafe_intercept,0,0,1,0,153,153,76.5,0,,,2.3258605003356934,0,0.9601008296012878,0.9601008296012878,0.9601008296012878,1,ppo_seed45,ppo,PPO,45
77580,soldier_caught,0,1,0,0,38,10,5.0,28,,,0.9339894652366638,0,1.201797767959792,1.0732043981552124,1.2967755766219067,29,ppo_seed45,ppo,PPO,45
77581,soldier_caught,0,1,0,0,690,689,344.5,1,,,1.5915217399597168,0,0.9892419278621674,1.2541676759719849,1.024102164753109,2,ppo_seed45,ppo,PPO,45
77582,intercepted,1,0,0,0,207,74,37.0,133,207.0,103.5,2.035668134689331,0,1.0992367095800477,1.1560163497924805,1.2025454180514172,134,ppo_seed45,ppo,PPO,45
77583,unsafe_intercept,0,0,1,0,530,530,265.0,0,,,2.4217522144317627,0,0.4054970443248749,0.4054970443248749,0.4054970443248749,1,ppo_seed45,ppo,PPO,45
77584,intercepted,1,0,0,0,450,168,84.0,282,450.0,225.0,3.475094795227051,0,1.094431756084041,1.476169228553772,1.1800560648592306,283,ppo_seed45,ppo,PPO,45
77585,soldier_caught,0,1,0,0,246,16,8.0,230,,,1.709073781967163,0,1.1042666717138125,1.299323558807373,1.1985502467094946,231,ppo_seed45,ppo,PPO,45
77586,soldier_caught,0,1,0,0,89,89,44.5,0,,,1.1288375854492188,0,2.2050061225891113,2.2050061225891113,2.2050061225891113,1,ppo_seed45,ppo,PPO,45
77587,intercepted,1,0,0,0,170,12,6.0,158,170.0,85.0,3.2519967555999756,0,1.1892004797481142,1.1046366691589355,1.299898919117785,159,ppo_seed45,ppo,PPO,45
77588,intercepted,1,0,0,0,169,13,6.5,156,169.0,84.5,3.0248312950134277,0,1.1492991533818517,0.7933066487312317,1.2411496354239535,157,ppo_seed45,ppo,PPO,45
77589,intercepted,1,0,0,0,669,497,248.5,172,669.0,334.5,2.3230385780334473,0,1.1421954556007605,1.7733299732208252,1.2263232768721684,173,ppo_seed45,ppo,PPO,45
77590,unsafe_intercept,0,0,1,0,85,85,42.5,0,,,2.474141836166382,0,1.656995177268982,1.656995177268982,1.656995177268982,1,ppo_seed45,ppo,PPO,45
77591,soldier_caught,0,1,0,0,10,10,5.0,0,,,1.027126431465149,0,2.5670907497406006,2.5670907497406006,2.5670907497406006,1,ppo_seed45,ppo,PPO,45
77592,soldier_caught,0,1,0,0,436,340,170.0,96,,,1.6758217811584473,0,1.2667316858915938,2.3242204189300537,1.3605276376549944,97,ppo_seed45,ppo,PPO,45
77593,unsafe_intercept,0,0,1,0,35,35,17.5,0,,,2.2218451499938965,0,1.0041985511779785,1.0041985511779785,1.0041985511779785,1,ppo_seed45,ppo,PPO,45
77594,unsafe_intercept,0,0,1,0,12,11,5.5,1,,,2.4664549827575684,0,1.2063859701156616,1.6944185495376587,1.3013619432998622,2,ppo_seed45,ppo,PPO,45
77595,intercepted,1,0,0,0,106,13,6.5,93,106.0,53.0,4.107589244842529,0,1.17441781372466,1.2066518068313599,1.2957548168063064,94,ppo_seed45,ppo,PPO,45
77596,intercepted,1,0,0,0,195,127,63.5,68,195.0,97.5,3.4721641540527344,0,1.0763170250516008,0.8922685384750366,1.1763198930188545,69,ppo_seed45,ppo,PPO,45
77597,soldier_caught,0,1,0,0,34,12,6.0,22,,,1.3222148418426514,0,0.9924146390479544,1.7122000455856323,1.0524083478241282,23,ppo_seed45,ppo,PPO,45
77598,intercepted,1,0,0,0,703,683,341.5,20,703.0,351.5,3.2420732975006104,0,1.2397293349107106,1.197540044784546,1.337807591180706,21,ppo_seed45,ppo,PPO,45
77599,intercepted,1,0,0,0,533,511,255.5,22,533.0,266.5,3.6817283630371094,0,0.9631975552310115,0.924987256526947,1.058288043776544,23,ppo_seed45,ppo,PPO,45
77600,soldier_caught,0,1,0,0,142,142,71.0,0,,,0.9030213356018066,0,2.0893290042877197,2.0893290042877197,2.0893290042877197,1,ppo_seed45,ppo,PPO,45
77601,unsafe_intercept,0,0,1,0,69,68,34.0,1,,,2.6410462856292725,0,2.3953672647476196,2.219609260559082,2.401806655220364,2,ppo_seed45,ppo,PPO,45
77602,soldier_caught,0,1,0,0,516,515,257.5,1,,,1.586003303527832,0,1.5430712699890137,1.6029797792434692,1.5442337820895509,2,ppo_seed45,ppo,PPO,45
77603,unsafe_intercept,0,0,1,0,617,617,308.5,0,,,2.0544254779815674,0,0.9543858170509338,0.9543858170509338,0.9543858170509338,1,ppo_seed45,ppo,PPO,45
77604,unsafe_intercept,0,0,1,0,120,120,60.0,0,,,2.32515549659729,0,1.5981041193008423,1.5981041193008423,1.5981041193008423,1,ppo_seed45,ppo,PPO,45
77605,intercepted,1,0,0,0,106,83,41.5,23,106.0,53.0,2.615414619445801,0,1.0447215450306733,0.6986395120620728,1.2005605978194582,24,ppo_seed45,ppo,PPO,45
77606,intercepted,1,0,0,0,25,13,6.5,12,25.0,12.5,4.404320240020752,0,1.193766176700592,1.3689379692077637,1.2986050909482536,13,ppo_seed45,ppo,PPO,45
77607,soldier_caught,0,1,0,0,103,11,5.5,92,,,1.6583456993103027,0,1.068447134427486,0.4874432384967804,1.1843575953936718,93,ppo_seed45,ppo,PPO,45
77608,soldier_caught,0,1,0,0,359,359,179.5,0,,,1.9876785278320312,0,0.9050077795982361,0.9050077795982361,0.9050077795982361,1,ppo_seed45,ppo,PPO,45
77609,intercepted,1,0,0,0,391,66,33.0,325,391.0,195.5,3.675416946411133,0,1.1679636108363334,0.5201834440231323,1.2665391076879127,326,ppo_seed45,ppo,PPO,45
77610,intercepted,1,0,0,0,679,640,320.0,39,679.0,339.5,3.5431246757507324,0,1.139835750311613,1.8319061994552612,1.2522415495757349,40,ppo_seed45,ppo,PPO,45
77611,intercepted,1,0,0,0,900,584,292.0,316,900.0,450.0,3.8928110599517822,0,1.125725013600539,0.7693639397621155,1.2164336173064594,317,ppo_seed45,ppo,PPO,45
77612,intercepted,1,0,0,0,56,33,16.5,23,56.0,28.0,3.940751314163208,0,1.2982216191788514,0.8130775094032288,1.3511221797445763,24,ppo_seed45,ppo,PPO,45
77613,intercepted,1,0,0,0,446,180,90.0,266,446.0,223.0,4.5014472007751465,0,1.197601566488823,1.0676233768463135,1.2884781336361253,267,ppo_seed45,ppo,PPO,45
77614,intercepted,1,0,0,0,112,44,22.0,68,112.0,56.0,4.231422424316406,0,1.0705397694871046,1.4539103507995605,1.1729633099506247,69,ppo_seed45,ppo,PPO,45
77615,intercepted,1,0,0,0,160,100,50.0,60,160.0,80.0,4.999902725219727,0,1.1059868755887767,1.2215977907180786,1.2013751213481698,61,ppo_seed45,ppo,PPO,45
77616,soldier_caught,0,1,0,0,811,810,405.0,1,,,0.4928898811340332,0,1.0112701058387756,0.7699521780014038,1.0396641617651785,2,ppo_seed45,ppo,PPO,45
77617,intercepted,1,0,0,0,564,457,228.5,107,564.0,282.0,4.1957597732543945,0,1.1131596569385793,2.1644115447998047,1.1888329555154686,108,ppo_seed45,ppo,PPO,45
77618,intercepted,1,0,0,0,409,156,78.0,253,409.0,204.5,4.934962272644043,0,1.1590843039938783,0.9904569387435913,1.274778749707411,254,ppo_seed45,ppo,PPO,45
77619,intercepted,1,0,0,0,356,79,39.5,277,356.0,178.0,2.112488031387329,0,1.1472302838329145,1.4983216524124146,1.2607599893824804,278,ppo_seed45,ppo,PPO,45
77620,intercepted,1,0,0,0,205,10,5.0,195,205.0,102.5,4.919683456420898,0,1.1038321028938707,0.8807563781738281,1.2038006306497275,196,ppo_seed45,ppo,PPO,45
77621,soldier_caught,0,1,0,0,12,12,6.0,0,,,1.7509400844573975,0,1.367394208908081,1.367394208908081,1.367394208908081,1,ppo_seed45,ppo,PPO,45
77622,intercepted,1,0,0,0,65,11,5.5,54,65.0,32.5,3.1570322513580322,0,1.1069438181140205,0.8531668186187744,1.198099713091312,55,ppo_seed45,ppo,PPO,45
77623,soldier_caught,0,1,0,0,32,32,16.0,0,,,1.7900723218917847,0,2.4445672035217285,2.4445672035217285,2.4445672035217285,1,ppo_seed45,ppo,PPO,45
77624,intercepted,1,0,0,0,1035,905,452.5,130,1035.0,517.5,2.4648492336273193,0,1.1037165552718948,0.2030106782913208,1.2096789861624904,131,ppo_seed45,ppo,PPO,45
77625,soldier_caught,0,1,0,0,264,263,131.5,1,,,1.5607300996780396,0,1.086978256702423,1.0284491777420044,1.088552885085421,2,ppo_seed45,ppo,PPO,45
77626,intercepted,1,0,0,0,513,444,222.0,69,513.0,256.5,2.6796035766601562,0,1.1939236406769071,1.6399121284484863,1.293972544932774,70,ppo_seed45,ppo,PPO,45
77627,intercepted,1,0,0,0,368,316,158.0,52,368.0,184.0,3.693295478820801,0,1.1251531665055257,0.47646811604499817,1.227474340922274,53,ppo_seed45,ppo,PPO,45
77628,intercepted,1,0,0,0,1105,800,400.0,305,1105.0,552.5,4.2364654541015625,0,1.1492487099386899,1.170028567314148,1.2385368272047186,306,ppo_seed45,ppo,PPO,45
77629,unsafe_intercept,0,0,1,0,283,283,141.5,0,,,2.060007095336914,0,0.8575742840766907,0.8575742840766907,0.8575742840766907,1,ppo_seed45,ppo,PPO,45
77630,intercepted,1,0,0,0,379,338,169.0,41,379.0,189.5,4.817903995513916,0,1.0143999687972522,0.24528080224990845,1.1214442204468673,42,ppo_seed45,ppo,PPO,45
77631,intercepted,1,0,0,0,675,410,205.0,265,675.0,337.5,2.8682050704956055,0,1.1234987829356713,1.199078917503357,1.2374347866697915,266,ppo_seed45,ppo,PPO,45
77632,intercepted,1,0,0,0,470,327,163.5,143,470.0,235.0,2.0265376567840576,0,1.1460032088992496,1.5837209224700928,1.2409756596535544,144,ppo_seed45,ppo,PPO,45
77633,intercepted,1,0,0,0,202,11,5.5,191,202.0,101.0,4.052396297454834,0,1.1485814521244417,0.6368116736412048,1.2578676105563158,192,ppo_seed45,ppo,PPO,45
77634,intercepted,1,0,0,0,308,260,130.0,48,308.0,154.0,4.913177013397217,0,1.0802191319514294,1.0771715641021729,1.1653287484323156,49,ppo_seed45,ppo,PPO,45
77635,intercepted,1,0,0,0,192,11,5.5,181,192.0,96.0,4.202345848083496,0,1.0978872245484657,1.6489911079406738,1.201848978492668,182,ppo_seed45,ppo,PPO,45
77636,intercepted,1,0,0,0,870,112,56.0,758,870.0,435.0,3.016486406326294,0,1.120675803173201,1.1960395574569702,1.219960518594031,759,ppo_seed45,ppo,PPO,45
77637,intercepted,1,0,0,0,553,234,117.0,319,553.0,276.5,2.0861706733703613,0,1.142678696429357,1.1214160919189453,1.2289386834158276,320,ppo_seed45,ppo,PPO,45
77638,soldier_caught,0,1,0,0,80,79,39.5,1,,,0.47695401310920715,0,1.0548678189516068,0.3930063545703888,1.2453139015897037,2,ppo_seed45,ppo,PPO,45
77639,timeout,0,0,0,1,2000,1804,902.0,196,,,3.5722386837005615,0,1.1443995418887454,0.4342200458049774,1.244846664645213,197,ppo_seed45,ppo,PPO,45
77640,intercepted,1,0,0,0,593,380,190.0,213,593.0,296.5,4.887502670288086,0,1.149834397031325,1.857083797454834,1.2343848409246634,214,ppo_seed45,ppo,PPO,45
77641,intercepted,1,0,0,0,1157,1124,562.0,33,1157.0,578.5,4.950771808624268,0,1.1289703092154335,0.8372848629951477,1.2404692011247052,34,ppo_seed45,ppo,PPO,45
77642,intercepted,1,0,0,0,595,484,242.0,111,595.0,297.5,3.2425315380096436,0,1.0910813662090473,1.196396827697754,1.1676333308302773,112,ppo_seed45,ppo,PPO,45
77643,intercepted,1,0,0,0,568,416,208.0,152,568.0,284.0,3.381855010986328,0,1.1259798503973906,2.120020866394043,1.2344607137456185,153,ppo_seed45,ppo,PPO,45
77644,intercepted,1,0,0,0,1092,847,423.5,245,1092.0,546.0,2.3337361812591553,0,1.1663331340362386,1.1202675104141235,1.2617486994538345,246,ppo_seed45,ppo,PPO,45
77645,intercepted,1,0,0,0,155,102,51.0,53,155.0,77.5,3.9002890586853027,0,1.1773184057739046,1.1616038084030151,1.260422438418514,54,ppo_seed45,ppo,PPO,45
77646,unsafe_intercept,0,0,1,0,37,37,18.5,0,,,2.3612937927246094,0,1.0771745443344116,1.0771745443344116,1.0771745443344116,1,ppo_seed45,ppo,PPO,45
77647,intercepted,1,0,0,0,294,280,140.0,14,294.0,147.0,3.800462007522583,0,1.0246436337629954,1.4487004280090332,1.0844692652582424,15,ppo_seed45,ppo,PPO,45
77648,intercepted,1,0,0,0,12,11,5.5,1,12.0,6.0,3.051027536392212,0,0.8899213671684265,0.9332873225212097,0.8909773542725881,2,ppo_seed45,ppo,PPO,45
77649,intercepted,1,0,0,0,80,14,7.0,66,80.0,40.0,3.1687021255493164,0,1.1250354972348284,0.7998190522193909,1.2250534822090642,67,ppo_seed45,ppo,PPO,45
77650,soldier_caught,0,1,0,0,728,707,353.5,21,,,1.1189740896224976,0,1.0795819109136409,0.570401668548584,1.1716401627078128,22,ppo_seed45,ppo,PPO,45
77651,soldier_caught,0,1,0,0,1990,1793,896.5,197,,,1.051779866218567,0,1.1613295753345345,1.4459549188613892,1.2450854985240616,198,ppo_seed45,ppo,PPO,45
77652,unsafe_intercept,0,0,1,0,12,12,6.0,0,,,2.041156053543091,0,0.773802638053894,0.773802638053894,0.773802638053894,1,ppo_seed45,ppo,PPO,45
77653,soldier_caught,0,1,0,0,86,86,43.0,0,,,0.9761230945587158,0,1.1585016250610352,1.1585016250610352,1.1585016250610352,1,ppo_seed45,ppo,PPO,45
77654,intercepted,1,0,0,0,327,303,151.5,24,327.0,163.5,3.7287862300872803,0,1.1232822585105895,1.0887774229049683,1.2078519770530503,25,ppo_seed45,ppo,PPO,45
77655,intercepted,1,0,0,0,151,11,5.5,140,151.0,75.5,4.8347907066345215,0,1.1780552058777911,1.473158597946167,1.2663701219461536,141,ppo_seed45,ppo,PPO,45
77656,intercepted,1,0,0,0,409,288,144.0,121,409.0,204.5,4.40606689453125,0,1.185350074509128,0.815639078617096,1.2737579722443626,122,ppo_seed45,ppo,PPO,45
77657,soldier_caught,0,1,0,0,158,158,79.0,0,,,1.6113513708114624,0,0.9599761366844177,0.9599761366844177,0.9599761366844177,1,ppo_seed45,ppo,PPO,45
77658,intercepted,1,0,0,0,175,10,5.0,165,175.0,87.5,4.551527500152588,0,1.0878604871321873,0.4677217900753021,1.183614036146596,166,ppo_seed45,ppo,PPO,45
77659,intercepted,1,0,0,0,770,671,335.5,99,770.0,385.0,2.760258436203003,0,1.1265189975500107,1.1095802783966064,1.2202615290554713,100,ppo_seed45,ppo,PPO,45
77660,intercepted,1,0,0,0,277,120,60.0,157,277.0,138.5,2.8115572929382324,0,1.1306595611798613,1.1368560791015625,1.2339749652138763,158,ppo_seed45,ppo,PPO,45
77661,intercepted,1,0,0,0,622,80,40.0,542,622.0,311.0,2.506451368331909,0,1.151298797660221,0.6074508428573608,1.2471505252165462,543,ppo_seed45,ppo,PPO,45
77662,intercepted,1,0,0,0,526,505,252.5,21,526.0,263.0,2.5112526416778564,0,1.1441427597945386,1.8443987369537354,1.2510194962359207,22,ppo_seed45,ppo,PPO,45
77663,soldier_caught,0,1,0,0,147,147,73.5,0,,,1.9986052513122559,0,1.6914682388305664,1.6914682388305664,1.6914682388305664,1,ppo_seed45,ppo,PPO,45
77664,intercepted,1,0,0,0,684,199,99.5,485,684.0,342.0,2.940294027328491,0,1.1341409680468064,1.3903181552886963,1.2241314816564377,486,ppo_seed45,ppo,PPO,45
77665,soldier_caught,0,1,0,0,172,172,86.0,0,,,0.5660324096679688,0,0.6192922592163086,0.6192922592163086,0.6192922592163086,1,ppo_seed45,ppo,PPO,45
77666,soldier_caught,0,1,0,0,761,761,380.5,0,,,1.341054081916809,0,1.4792197942733765,1.4792197942733765,1.4792197942733765,1,ppo_seed45,ppo,PPO,45
77667,soldier_caught,0,1,0,0,155,155,77.5,0,,,1.9706825017929077,0,1.2258412837982178,1.2258412837982178,1.2258412837982178,1,ppo_seed45,ppo,PPO,45
77668,intercepted,1,0,0,0,333,58,29.0,275,333.0,166.5,2.418330669403076,0,1.0985457619679146,0.9520182609558105,1.186271763334165,276,ppo_seed45,ppo,PPO,45
77669,soldier_caught,0,1,0,0,514,513,256.5,1,,,1.7414554357528687,0,0.8146176338195801,0.7208163738250732,0.8200003449428351,2,ppo_seed45,ppo,PPO,45
77670,intercepted,1,0,0,0,673,544,272.0,129,673.0,336.5,3.639010190963745,0,1.1093112014807187,1.1567909717559814,1.1960489302307376,130,ppo_seed45,ppo,PPO,45
77671,intercepted,1,0,0,0,220,14,7.0,206,220.0,110.0,4.023731708526611,0,1.138164970141966,1.810658574104309,1.2243438606592967,207,ppo_seed45,ppo,PPO,45
77672,unsafe_intercept,0,0,1,0,53,53,26.5,0,,,2.377223253250122,0,0.45663103461265564,0.45663103461265564,0.45663103461265564,1,ppo_seed45,ppo,PPO,45
77673,unsafe_intercept,0,0,1,0,347,347,173.5,0,,,2.2805655002593994,0,0.7009807825088501,0.7009807825088501,0.7009807825088501,1,ppo_seed45,ppo,PPO,45
77674,unsafe_intercept,0,0,1,0,421,421,210.5,0,,,2.034320831298828,0,0.9221936464309692,0.9221936464309692,0.9221936464309692,1,ppo_seed45,ppo,PPO,45
77675,intercepted,1,0,0,0,395,186,93.0,209,395.0,197.5,4.32769775390625,0,1.2083213352731297,3.3378705978393555,1.3178513478044918,210,ppo_seed45,ppo,PPO,45
77676,soldier_caught,0,1,0,0,10,10,5.0,0,,,1.9485231637954712,0,0.8345082998275757,0.8345082998275757,0.8345082998275757,1,ppo_seed45,ppo,PPO,45
77677,intercepted,1,0,0,0,267,241,120.5,26,267.0,133.5,3.7134265899658203,0,1.1155740210303553,0.7824580073356628,1.2081626132756598,27,ppo_seed45,ppo,PPO,45
77678,intercepted,1,0,0,0,723,590,295.0,133,723.0,361.5,3.9649062156677246,0,1.1174142617565483,1.2552191019058228,1.2165364847914184,134,ppo_seed45,ppo,PPO,45
77679,intercepted,1,0,0,0,487,261,130.5,226,487.0,243.5,2.064208984375,0,1.1066308058305985,1.4054515361785889,1.2066289279662419,227,ppo_seed45,ppo,PPO,45
77680,intercepted,1,0,0,0,787,695,347.5,92,787.0,393.5,4.386083126068115,0,1.1566240117754987,0.45392170548439026,1.2610324505653563,93,ppo_seed45,ppo,PPO,45
77681,intercepted,1,0,0,0,382,96,48.0,286,382.0,191.0,3.0350375175476074,0,1.1331720296098795,1.140789270401001,1.2329923722122709,287,ppo_seed45,ppo,PPO,45
77682,intercepted,1,0,0,0,318,312,156.0,6,318.0,159.0,4.639138698577881,0,1.1291747518948145,0.6179162263870239,1.2174404158282406,7,ppo_seed45,ppo,PPO,45
77683,intercepted,1,0,0,0,233,205,102.5,28,233.0,116.5,3.8618521690368652,0,1.0829439533167873,0.5500256419181824,1.1992528056805303,29,ppo_seed45,ppo,PPO,45
77684,intercepted,1,0,0,0,148,11,5.5,137,148.0,74.0,3.321019172668457,0,1.0932834286620652,1.5730183124542236,1.195764215514678,138,ppo_seed45,ppo,PPO,45
77685,intercepted,1,0,0,0,202,119,59.5,83,202.0,101.0,3.193359136581421,0,1.1334110452305703,1.9070645570755005,1.2277993900570594,84,ppo_seed45,ppo,PPO,45
77686,soldier_caught,0,1,0,0,812,811,405.5,1,,,1.9637750387191772,0,1.4167932868003845,2.0717995166778564,1.5608767980532403,2,ppo_seed45,ppo,PPO,45
77687,soldier_caught,0,1,0,0,519,519,259.5,0,,,1.0136491060256958,0,1.0597642660140991,1.0597642660140991,1.0597642660140991,1,ppo_seed45,ppo,PPO,45
77688,intercepted,1,0,0,0,187,10,5.0,177,187.0,93.5,3.5013773441314697,0,1.1463444109880523,0.46380868554115295,1.2494349681360457,178,ppo_seed45,ppo,PPO,45
77689,intercepted,1,0,0,0,464,285,142.5,179,464.0,232.0,3.353614091873169,0,1.176947369095352,1.4073861837387085,1.2761452326421285,180,ppo_seed45,ppo,PPO,45
77690,intercepted,1,0,0,0,684,622,311.0,62,684.0,342.0,3.0577728748321533,0,1.193909966046848,0.7485277652740479,1.2963577666297323,63,ppo_seed45,ppo,PPO,45
77691,intercepted,1,0,0,0,423,36,18.0,387,423.0,211.5,3.216294288635254,0,1.1401012812539475,1.0571609735488892,1.2277640184452205,388,ppo_seed45,ppo,PPO,45
77692,soldier_caught,0,1,0,0,144,143,71.5,1,,,1.7537825107574463,0,0.8924762010574341,0.5764553546905518,0.9467750233251563,2,ppo_seed45,ppo,PPO,45
77693,intercepted,1,0,0,0,48,36,18.0,12,48.0,24.0,4.211389541625977,0,0.9354590062911694,0.7511059045791626,1.0021132835232598,13,ppo_seed45,ppo,PPO,45
77694,soldier_caught,0,1,0,0,83,82,41.0,1,,,1.478684663772583,0,0.9746497869491577,0.6489200592041016,1.0276390722120812,2,ppo_seed45,ppo,PPO,45
77695,soldier_caught,0,1,0,0,402,401,200.5,1,,,1.172175645828247,0,1.0218841433525085,1.475212574005127,1.1179239099658151,2,ppo_seed45,ppo,PPO,45
77696,intercepted,1,0,0,0,1007,900,450.0,107,1007.0,503.5,3.1868603229522705,0,1.1129182433640514,0.31546148657798767,1.2248930087655416,108,ppo_seed45,ppo,PPO,45
77697,intercepted,1,0,0,0,233,11,5.5,222,233.0,116.5,4.44786262512207,0,1.0712306313049633,0.5109978318214417,1.1742352127435647,223,ppo_seed45,ppo,PPO,45
77698,intercepted,1,0,0,0,303,33,16.5,270,303.0,151.5,2.2733211517333984,0,1.0942564828259478,1.4744406938552856,1.1908578807942316,271,ppo_seed45,ppo,PPO,45
77699,intercepted,1,0,0,0,290,205,102.5,85,290.0,145.0,4.474509239196777,0,1.1574292075495387,0.8954047560691833,1.2585704631911894,86,ppo_seed45,ppo,PPO,45
77700,intercepted,1,0,0,0,547,381,190.5,166,547.0,273.5,2.5850892066955566,0,1.115902827617651,0.8851118683815002,1.203734939511202,167,ppo_seed45,ppo,PPO,45
77701,intercepted,1,0,0,0,324,293,146.5,31,324.0,162.0,4.656952381134033,0,1.1987158870324492,1.5721853971481323,1.3224804457559824,32,ppo_seed45,ppo,PPO,45
77702,intercepted,1,0,0,0,267,220,110.0,47,267.0,133.5,2.507866144180298,0,1.124043732881546,1.1497119665145874,1.1871773568535255,48,ppo_seed45,ppo,PPO,45
77703,soldier_caught,0,1,0,0,488,462,231.0,26,,,1.7024682760238647,0,1.1004674876177754,1.497572898864746,1.141604570647995,27,ppo_seed45,ppo,PPO,45
77704,intercepted,1,0,0,0,495,286,143.0,209,495.0,247.5,3.263054609298706,0,1.0785136873523393,0.7412466406822205,1.1984493959546276,210,ppo_seed45,ppo,PPO,45
77705,intercepted,1,0,0,0,103,91,45.5,12,103.0,51.5,3.40129017829895,0,1.2028409013381371,1.696033239364624,1.2913420730251688,13,ppo_seed45,ppo,PPO,45
77706,soldier_caught,0,1,0,0,258,257,128.5,1,,,1.6329152584075928,0,0.7658745646476746,0.9185394644737244,0.780942008354758,2,ppo_seed45,ppo,PPO,45
77707,intercepted,1,0,0,0,225,87,43.5,138,225.0,112.5,2.3445229530334473,0,1.1784791051269434,0.9555737376213074,1.2631548952769678,139,ppo_seed45,ppo,PPO,45
77708,soldier_caught,0,1,0,0,125,125,62.5,0,,,1.9050523042678833,0,0.5093024969100952,0.5093024969100952,0.5093024969100952,1,ppo_seed45,ppo,PPO,45
77709,unsafe_intercept,0,0,1,0,147,147,73.5,0,,,2.4232969284057617,0,1.3551745414733887,1.3551745414733887,1.3551745414733887,1,ppo_seed45,ppo,PPO,45
77710,soldier_caught,0,1,0,0,1188,1062,531.0,126,,,0.9897609949111938,0,1.1435578657886174,1.8079341650009155,1.2644012120364267,127,ppo_seed45,ppo,PPO,45
77711,soldier_caught,0,1,0,0,198,198,99.0,0,,,1.810445785522461,0,1.4121676683425903,1.4121676683425903,1.4121676683425903,1,ppo_seed45,ppo,PPO,45
77712,intercepted,1,0,0,0,273,76,38.0,197,273.0,136.5,3.9855427742004395,0,1.1095735572955825,1.646825909614563,1.2085871777400836,198,ppo_seed45,ppo,PPO,45
77713,intercepted,1,0,0,0,216,215,107.5,1,216.0,108.0,3.544201612472534,0,1.1715241074562073,1.2219082117080688,1.172607049404158,2,ppo_seed45,ppo,PPO,45
77714,intercepted,1,0,0,0,171,11,5.5,160,171.0,85.5,2.802490472793579,0,1.1179467787653763,1.7474714517593384,1.210935366949322,161,ppo_seed45,ppo,PPO,45
77715,intercepted,1,0,0,0,51,38,19.0,13,51.0,25.5,4.241109848022461,0,1.1346997320652008,1.141649603843689,1.2456555494395247,14,ppo_seed45,ppo,PPO,45
77716,intercepted,1,0,0,0,160,134,67.0,26,160.0,80.0,4.1493449211120605,0,1.1897798798702381,0.32548728585243225,1.3380711964595566,27,ppo_seed45,ppo,PPO,45
77717,intercepted,1,0,0,0,504,14,7.0,490,504.0,252.0,2.1691465377807617,0,1.1574093885188677,2.368070125579834,1.2449470318654554,491,ppo_seed45,ppo,PPO,45
77718,intercepted,1,0,0,0,83,73,36.5,10,83.0,41.5,4.0686163902282715,0,0.966888776557012,1.4077600240707397,1.0667571402034473,11,ppo_seed45,ppo,PPO,45
77719,intercepted,1,0,0,0,51,15,7.5,36,51.0,25.5,3.5550482273101807,0,1.242683232636065,0.7704178690910339,1.3471468894120298,37,ppo_seed45,ppo,PPO,45
77720,intercepted,1,0,0,0,134,41,20.5,93,134.0,67.0,4.900688648223877,0,1.0622958477507247,1.2682543992996216,1.1197671945363221,94,ppo_seed45,ppo,PPO,45
77721,intercepted,1,0,0,0,595,450,225.0,145,595.0,297.5,2.4177210330963135,0,1.1244687926891732,1.4998538494110107,1.2270399879068608,146,ppo_seed45,ppo,PPO,45
77722,soldier_caught,0,1,0,0,58,58,29.0,0,,,1.5702271461486816,0,1.1766986846923828,1.1766986846923828,1.1766986846923828,1,ppo_seed45,ppo,PPO,45
77723,intercepted,1,0,0,0,268,191,95.5,77,268.0,134.0,3.2451772689819336,0,1.2309922044857955,0.9483196139335632,1.32757917226314,78,ppo_seed45,ppo,PPO,45
77724,soldier_caught,0,1,0,0,14,14,7.0,0,,,1.7627261877059937,0,0.5589630603790283,0.5589630603790283,0.5589630603790283,1,ppo_seed45,ppo,PPO,45
77725,soldier_caught,0,1,0,0,45,45,22.5,0,,,1.173936367034912,0,0.758002519607544,0.758002519607544,0.758002519607544,1,ppo_seed45,ppo,PPO,45
77726,intercepted,1,0,0,0,497,449,224.5,48,497.0,248.5,4.7319655418396,0,1.1895045297486442,0.6542604565620422,1.2605912787036204,49,ppo_seed45,ppo,PPO,45
77727,soldier_caught,0,1,0,0,226,204,102.0,22,,,1.527653455734253,0,1.1329650412435117,0.966383159160614,1.234627998301692,23,ppo_seed45,ppo,PPO,45
77728,intercepted,1,0,0,0,154,87,43.5,67,154.0,77.0,2.998152494430542,0,1.009288266301155,1.3697186708450317,1.0826267183683131,68,ppo_seed45,ppo,PPO,45
77729,intercepted,1,0,0,0,411,144,72.0,267,411.0,205.5,2.9139211177825928,0,1.140492637933635,1.5735499858856201,1.2546584996529533,268,ppo_seed45,ppo,PPO,45
77730,soldier_caught,0,1,0,0,440,439,219.5,1,,,1.7308988571166992,0,1.393128216266632,1.0724729299545288,1.4295544899017123,2,ppo_seed45,ppo,PPO,45
77731,unsafe_intercept,0,0,1,0,180,180,90.0,0,,,2.224907398223877,0,0.6427016258239746,0.6427016258239746,0.6427016258239746,1,ppo_seed45,ppo,PPO,45
77732,intercepted,1,0,0,0,975,878,439.0,97,975.0,487.5,2.222820520401001,0,1.1374154638270944,1.371751070022583,1.2117574485292126,98,ppo_seed45,ppo,PPO,45
77733,intercepted,1,0,0,0,201,181,90.5,20,201.0,100.5,4.090908050537109,0,1.1905729557786668,1.032836675643921,1.276883112369571,21,ppo_seed45,ppo,PPO,45
77734,intercepted,1,0,0,0,464,379,189.5,85,464.0,232.0,4.929505825042725,0,1.1616208061229352,1.7805522680282593,1.251368951705066,86,ppo_seed45,ppo,PPO,45
77735,soldier_caught,0,1,0,0,66,66,33.0,0,,,1.2348170280456543,0,1.1080299615859985,1.1080299615859985,1.1080299615859985,1,ppo_seed45,ppo,PPO,45
77736,soldier_caught,0,1,0,0,760,717,358.5,43,,,1.076003909111023,0,1.1548333113843745,2.40189790725708,1.2692533377684292,44,ppo_seed45,ppo,PPO,45
77737,intercepted,1,0,0,0,418,398,199.0,20,418.0,209.0,3.074216365814209,0,1.2416702849524361,1.1682816743850708,1.3506578260815267,21,ppo_seed45,ppo,PPO,45
77738,intercepted,1,0,0,0,156,42,21.0,114,156.0,78.0,3.163620948791504,0,1.08632138332595,1.5084514617919922,1.1828434285206193,115,ppo_seed45,ppo,PPO,45
77739,soldier_caught,0,1,0,0,1424,1347,673.5,77,,,1.8785953521728516,0,1.076160028958932,0.8738132119178772,1.1572548709055572,78,ppo_seed45,ppo,PPO,45
77740,intercepted,1,0,0,0,42,10,5.0,32,42.0,21.0,4.66670560836792,0,1.1913832335761099,0.677657425403595,1.2832836961481724,33,ppo_seed45,ppo,PPO,45
77741,intercepted,1,0,0,0,430,418,209.0,12,430.0,215.0,2.8091328144073486,0,1.157914666029123,0.6808956861495972,1.2201795691972888,13,ppo_seed45,ppo,PPO,45
77742,intercepted,1,0,0,0,599,99,49.5,500,599.0,299.5,2.5972046852111816,0,1.1056138513806812,0.5776398181915283,1.2088490366043243,501,ppo_seed45,ppo,PPO,45
77743,intercepted,1,0,0,0,684,513,256.5,171,684.0,342.0,3.383157730102539,0,1.137931422135511,1.487987995147705,1.2203403878755956,172,ppo_seed45,ppo,PPO,45
77744,intercepted,1,0,0,0,856,611,305.5,245,856.0,428.0,2.1336300373077393,0,1.1615745790181606,1.0273054838180542,1.2613098124810946,246,ppo_seed45,ppo,PPO,45
77745,intercepted,1,0,0,0,1019,977,488.5,42,1019.0,509.5,4.234507083892822,0,1.2000411249870477,1.1852725744247437,1.2851181598593584,43,ppo_seed45,ppo,PPO,45
77746,soldier_caught,0,1,0,0,115,114,57.0,1,,,0.6501681208610535,0,1.0446543097496033,1.0390337705612183,1.0446694296949577,2,ppo_seed45,ppo,PPO,45
77747,intercepted,1,0,0,0,383,142,71.0,241,383.0,191.5,3.7922322750091553,0,1.086746297776699,1.0446096658706665,1.1832825709327366,242,ppo_seed45,ppo,PPO,45
77748,intercepted,1,0,0,0,896,41,20.5,855,896.0,448.0,2.3537919521331787,0,1.0902638773947397,0.21498000621795654,1.1871493555030357,856,ppo_seed45,ppo,PPO,45
77749,soldier_caught,0,1,0,0,194,15,7.5,179,,,1.4222450256347656,0,1.1349630647235447,0.9660200476646423,1.2233994530649743,180,ppo_seed45,ppo,PPO,45
77750,unsafe_intercept,0,0,1,0,17,16,8.0,1,,,2.7062814235687256,0,1.7957635521888733,1.9485704898834229,1.8022532273733307,2,ppo_seed45,ppo,PPO,45
77751,intercepted,1,0,0,0,181,33,16.5,148,181.0,90.5,4.1134724617004395,0,1.0679938955194999,0.6848120093345642,1.173997298289647,149,ppo_seed45,ppo,PPO,45
77752,intercepted,1,0,0,0,452,243,121.5,209,452.0,226.0,2.8484714031219482,0,1.1332324918536913,1.7247018814086914,1.2084174704208763,210,ppo_seed45,ppo,PPO,45
77753,intercepted,1,0,0,0,346,305,152.5,41,346.0,173.0,2.5104098320007324,0,1.1174597910472326,1.467349886894226,1.2030359660160435,42,ppo_seed45,ppo,PPO,45
77754,soldier_caught,0,1,0,0,15,15,7.5,0,,,1.0444538593292236,0,0.5444552898406982,0.5444552898406982,0.5444552898406982,1,ppo_seed45,ppo,PPO,45
77755,soldier_caught,0,1,0,0,177,177,88.5,0,,,1.5539036989212036,0,1.5330384969711304,1.5330384969711304,1.5330384969711304,1,ppo_seed45,ppo,PPO,45
77756,soldier_caught,0,1,0,0,75,75,37.5,0,,,1.7526130676269531,0,1.0539826154708862,1.0539826154708862,1.0539826154708862,1,ppo_seed45,ppo,PPO,45
77757,intercepted,1,0,0,0,129,128,64.0,1,129.0,64.5,4.771717071533203,0,0.6946925222873688,0.8730640411376953,0.7172266721608719,2,ppo_seed45,ppo,PPO,45
77758,intercepted,1,0,0,0,427,362,181.0,65,427.0,213.5,4.370336532592773,0,1.1777652339501814,1.0679982900619507,1.273639043867383,66,ppo_seed45,ppo,PPO,45
77759,intercepted,1,0,0,0,377,308,154.0,69,377.0,188.5,4.114815711975098,0,1.0943559729627201,1.3960851430892944,1.1848031965897519,70,ppo_seed45,ppo,PPO,45
77760,soldier_caught,0,1,0,0,168,36,18.0,132,,,1.6419999599456787,0,1.0993827785316266,1.3011735677719116,1.1994157306776383,133,ppo_seed45,ppo,PPO,45
77761,intercepted,1,0,0,0,411,369,184.5,42,411.0,205.5,4.62069845199585,0,1.2528797194015149,0.9183951020240784,1.355377250772965,43,ppo_seed45,ppo,PPO,45
77762,intercepted,1,0,0,0,648,559,279.5,89,648.0,324.0,4.629954814910889,0,1.08871280145314,1.6976509094238281,1.1688509678642296,90,ppo_seed45,ppo,PPO,45
77763,soldier_caught,0,1,0,0,309,309,154.5,0,,,1.1694961786270142,0,1.598846197128296,1.598846197128296,1.598846197128296,1,ppo_seed45,ppo,PPO,45
77764,unsafe_intercept,0,0,1,0,60,60,30.0,0,,,2.4591073989868164,0,1.5640275478363037,1.5640275478363037,1.5640275478363037,1,ppo_seed45,ppo,PPO,45
77765,intercepted,1,0,0,0,251,231,115.5,20,251.0,125.5,3.989091634750366,0,1.1348936472620283,1.7259308099746704,1.1667440055922578,21,ppo_seed45,ppo,PPO,45
77766,soldier_caught,0,1,0,0,757,757,378.5,0,,,1.6082442998886108,0,0.7170478701591492,0.7170478701591492,0.7170478701591492,1,ppo_seed45,ppo,PPO,45
77767,soldier_caught,0,1,0,0,420,405,202.5,15,,,1.2689712047576904,0,1.0597949069924653,1.7037159204483032,1.2099626646039703,16,ppo_seed45,ppo,PPO,45
77768,soldier_caught,0,1,0,0,1638,1612,806.0,26,,,1.6609293222427368,0,1.1294368163303092,0.318654328584671,1.1958354367876929,27,ppo_seed45,ppo,PPO,45
77769,timeout,0,0,0,1,2000,1875,937.5,125,,,3.970072031021118,0,1.1440478445045532,1.105854868888855,1.2335755035527296,126,ppo_seed45,ppo,PPO,45
77770,soldier_caught,0,1,0,0,12,12,6.0,0,,,1.3372923135757446,0,0.7213118672370911,0.7213118672370911,0.7213118672370911,1,ppo_seed45,ppo,PPO,45
77771,intercepted,1,0,0,0,299,272,136.0,27,299.0,149.5,4.412223815917969,0,1.0481396817735262,1.6054741144180298,1.135790255058406,28,ppo_seed45,ppo,PPO,45
77772,intercepted,1,0,0,0,924,727,363.5,197,924.0,462.0,2.359557867050171,0,1.089015030349144,1.1116514205932617,1.185501309117868,198,ppo_seed45,ppo,PPO,45
77773,intercepted,1,0,0,0,220,94,47.0,126,220.0,110.0,2.5928165912628174,0,1.1131016419628474,1.1104331016540527,1.2079288239257968,127,ppo_seed45,ppo,PPO,45
77774,intercepted,1,0,0,0,57,11,5.5,46,57.0,28.5,3.024857759475708,0,1.1220665123868496,2.1360700130462646,1.2212299108210831,47,ppo_seed45,ppo,PPO,45
77775,intercepted,1,0,0,0,1592,1119,559.5,473,1592.0,796.0,2.1174962520599365,0,1.1525578653510613,1.5169644355773926,1.247883543022016,474,ppo_seed45,ppo,PPO,45
77776,intercepted,1,0,0,0,240,91,45.5,149,240.0,120.0,3.0706546306610107,0,1.1643637255827586,1.8214253187179565,1.2473999841705508,150,ppo_seed45,ppo,PPO,45
77777,intercepted,1,0,0,0,430,65,32.5,365,430.0,215.0,4.546680927276611,0,1.076068605270868,0.7468132972717285,1.1729618783252016,366,ppo_seed45,ppo,PPO,45
77778,intercepted,1,0,0,0,294,230,115.0,64,294.0,147.0,2.5699267387390137,0,1.074636456141105,1.2864532470703125,1.1399449284164802,65,ppo_seed45,ppo,PPO,45
77779,intercepted,1,0,0,0,396,16,8.0,380,396.0,198.0,4.061886787414551,0,1.090743329473759,0.8879778385162354,1.1879006145505562,381,ppo_seed45,ppo,PPO,45
77780,intercepted,1,0,0,0,188,158,79.0,30,188.0,94.0,4.500194072723389,0,1.1515954636758374,1.5564407110214233,1.232749202924928,31,ppo_seed45,ppo,PPO,45
77781,unsafe_intercept,0,0,1,0,196,196,98.0,0,,,2.3925139904022217,0,0.8414501547813416,0.8414501547813416,0.8414501547813416,1,ppo_seed45,ppo,PPO,45
77782,intercepted,1,0,0,0,288,11,5.5,277,288.0,144.0,2.1754722595214844,0,1.1491546460943256,0.5247211456298828,1.2365795724941182,278,ppo_seed45,ppo,PPO,45
77783,soldier_caught,0,1,0,0,1114,1113,556.5,1,,,0.45110365748405457,0,0.6360947787761688,0.6563177108764648,0.6364161646038199,2,ppo_seed45,ppo,PPO,45
77784,soldier_caught,0,1,0,0,13,12,6.0,1,,,0.7810919284820557,0,1.861726462841034,2.268544912338257,1.9056564940444833,2,ppo_seed45,ppo,PPO,45
77785,intercepted,1,0,0,0,470,370,185.0,100,470.0,235.0,4.465829372406006,0,1.103929415935337,0.4419768750667572,1.2140221661047654,101,ppo_seed45,ppo,PPO,45
77786,soldier_caught,0,1,0,0,546,345,172.5,201,,,1.6797475814819336,0,1.1080711463300308,1.5268200635910034,1.1944010087331491,202,ppo_seed45,ppo,PPO,45
77787,soldier_caught,0,1,0,0,252,168,84.0,84,,,1.6578441858291626,0,1.1038027554750443,0.444979727268219,1.2251013485938247,85,ppo_seed45,ppo,PPO,45
77788,intercepted,1,0,0,0,461,357,178.5,104,461.0,230.5,3.514678716659546,0,1.0802004286221096,0.7739229798316956,1.1830298263387855,105,ppo_seed45,ppo,PPO,45
77789,intercepted,1,0,0,0,86,10,5.0,76,86.0,43.0,2.257612943649292,0,1.1509954863554472,1.4835723638534546,1.23938284682831,77,ppo_seed45,ppo,PPO,45
77790,intercepted,1,0,0,0,99,16,8.0,83,99.0,49.5,2.9657068252563477,0,1.0656204197023595,0.9947404861450195,1.1482744012624844,84,ppo_seed45,ppo,PPO,45
77791,intercepted,1,0,0,0,324,283,141.5,41,324.0,162.0,3.902925491333008,0,1.057005143591336,0.7507455945014954,1.1543121735555135,42,ppo_seed45,ppo,PPO,45
77792,soldier_caught,0,1,0,0,89,89,44.5,0,,,1.244254469871521,0,0.565870463848114,0.565870463848114,0.565870463848114,1,ppo_seed45,ppo,PPO,45
77793,intercepted,1,0,0,0,21,11,5.5,10,21.0,10.5,4.193328380584717,0,1.230490890416232,1.4719138145446777,1.27427214375445,11,ppo_seed45,ppo,PPO,45
77794,soldier_caught,0,1,0,0,36,35,17.5,1,,,1.4179140329360962,0,1.3581548929214478,1.6640069484710693,1.3921674443293084,2,ppo_seed45,ppo,PPO,45
77795,intercepted,1,0,0,0,577,445,222.5,132,577.0,288.5,4.264470100402832,0,1.180429265239185,1.6220402717590332,1.2559746739876891,133,ppo_seed45,ppo,PPO,45
77796,intercepted,1,0,0,0,308,246,123.0,62,308.0,154.0,2.8854737281799316,0,1.1292872679611994,0.4573517143726349,1.2409957671072143,63,ppo_seed45,ppo,PPO,45
77797,intercepted,1,0,0,0,41,11,5.5,30,41.0,20.5,2.663094997406006,0,1.133074637382261,0.8857970237731934,1.2366555988170143,31,ppo_seed45,ppo,PPO,45
77798,intercepted,1,0,0,0,369,202,101.0,167,369.0,184.5,2.314274311065674,0,1.100559113103719,1.0453424453735352,1.1938990483363183,168,ppo_seed45,ppo,PPO,45
77799,intercepted,1,0,0,0,557,512,256.0,45,557.0,278.5,4.940443515777588,0,1.2757921944493833,2.0998880863189697,1.3819233416520478,46,ppo_seed45,ppo,PPO,45
77800,intercepted,1,0,0,0,445,416,208.0,29,445.0,222.5,2.8386640548706055,0,1.196096749107043,1.4615569114685059,1.2750845250169556,30,ppo_seed45,ppo,PPO,45
77801,intercepted,1,0,0,0,299,83,41.5,216,299.0,149.5,3.2444589138031006,0,1.1439562584123304,0.4592360556125641,1.2387781279810948,217,ppo_seed45,ppo,PPO,45
77802,soldier_caught,0,1,0,0,350,58,29.0,292,,,1.952260971069336,0,1.0830660075610408,0.9621570706367493,1.1877253412422253,293,ppo_seed45,ppo,PPO,45
77803,soldier_caught,0,1,0,0,32,32,16.0,0,,,1.3152709007263184,0,1.1919326782226562,1.1919326782226562,1.1919326782226562,1,ppo_seed45,ppo,PPO,45
77804,intercepted,1,0,0,0,678,340,170.0,338,678.0,339.0,2.3110756874084473,0,1.1233189620714976,1.357682466506958,1.2224839880212337,339,ppo_seed45,ppo,PPO,45
77805,intercepted,1,0,0,0,894,670,335.0,224,894.0,447.0,3.742595672607422,0,1.1351951659388013,1.4680840969085693,1.2287960641285194,225,ppo_seed45,ppo,PPO,45
77806,intercepted,1,0,0,0,95,48,24.0,47,95.0,47.5,4.014468669891357,0,1.0415415226792295,0.862626850605011,1.1416178645846216,48,ppo_seed45,ppo,PPO,45
77807,intercepted,1,0,0,0,194,10,5.0,184,194.0,97.0,2.7036819458007812,0,1.2134973111184868,0.7194697260856628,1.3264432664799193,185,ppo_seed45,ppo,PPO,45
77808,intercepted,1,0,0,0,708,638,319.0,70,708.0,354.0,2.720841646194458,0,1.163871966197457,1.1557379961013794,1.2806955306232777,71,ppo_seed45,ppo,PPO,45
77809,soldier_caught,0,1,0,0,59,12,6.0,47,,,1.1720472574234009,0,1.0532712743928034,0.4364284873008728,1.1402737256843378,48,ppo_seed45,ppo,PPO,45
77810,intercepted,1,0,0,0,233,10,5.0,223,233.0,116.5,3.7368788719177246,0,1.12396547447757,1.3128052949905396,1.2220730609660635,224,ppo_seed45,ppo,PPO,45
77811,intercepted,1,0,0,0,421,301,150.5,120,421.0,210.5,3.5229411125183105,0,1.1507742727590986,0.6888390779495239,1.2599946546518297,121,ppo_seed45,ppo,PPO,45
77812,soldier_caught,0,1,0,0,42,18,9.0,24,,,1.2861069440841675,0,1.1777470070123672,1.3080101013183594,1.276931705387813,25,ppo_seed45,ppo,PPO,45
77813,intercepted,1,0,0,0,783,758,379.0,25,783.0,391.5,2.1861817836761475,0,0.9459061141197498,0.8209730386734009,1.0285174296247068,26,ppo_seed45,ppo,PPO,45
77814,soldier_caught,0,1,0,0,319,299,149.5,20,,,1.0290931463241577,0,1.0979610667342232,1.3688185214996338,1.2035629651928694,21,ppo_seed45,ppo,PPO,45
77815,unsafe_intercept,0,0,1,0,106,106,53.0,0,,,2.2125043869018555,0,1.0956907272338867,1.0956907272338867,1.0956907272338867,1,ppo_seed45,ppo,PPO,45
77816,intercepted,1,0,0,0,383,33,16.5,350,383.0,191.5,2.164231300354004,0,1.09364555930013,0.7030760645866394,1.1894694730653124,351,ppo_seed45,ppo,PPO,45
77817,intercepted,1,0,0,0,405,38,19.0,367,405.0,202.5,3.966391086578369,0,1.1232592725478436,0.641151487827301,1.2214694297896016,368,ppo_seed45,ppo,PPO,45
77818,intercepted,1,0,0,0,615,589,294.5,26,615.0,307.5,3.2032809257507324,0,1.0635399498321392,0.9194415211677551,1.1167478615659996,27,ppo_seed45,ppo,PPO,45
77819,intercepted,1,0,0,0,398,355,177.5,43,398.0,199.0,4.709740161895752,0,1.2087860263206742,1.1027361154556274,1.2939335935310787,44,ppo_seed45,ppo,PPO,45
77820,unsafe_intercept,0,0,1,0,724,724,362.0,0,,,2.0144577026367188,0,1.998724102973938,1.998724102973938,1.998724102973938,1,ppo_seed45,ppo,PPO,45
77821,intercepted,1,0,0,0,140,102,51.0,38,140.0,70.0,2.6633288860321045,0,1.0518802895377843,0.9636521935462952,1.1688044227713208,39,ppo_seed45,ppo,PPO,45
77822,soldier_caught,0,1,0,0,552,10,5.0,542,,,1.9660849571228027,0,1.098513157671218,1.9023947715759277,1.1922268518125798,543,ppo_seed45,ppo,PPO,45
77823,intercepted,1,0,0,0,53,11,5.5,42,53.0,26.5,3.962441921234131,0,1.2528650317081185,1.4815024137496948,1.3568850808827255,43,ppo_seed45,ppo,PPO,45
77824,unsafe_intercept,0,0,1,0,122,122,61.0,0,,,2.3982064723968506,0,1.0651698112487793,1.0651698112487793,1.0651698112487793,1,ppo_seed45,ppo,PPO,45
77825,unsafe_intercept,0,0,1,0,60,59,29.5,1,,,2.3501181602478027,0,1.3606730699539185,1.2489213943481445,1.3652544232847295,2,ppo_seed45,ppo,PPO,45
77826,soldier_caught,0,1,0,0,17,17,8.5,0,,,1.6480435132980347,0,1.344234585762024,1.344234585762024,1.344234585762024,1,ppo_seed45,ppo,PPO,45
77827,soldier_caught,0,1,0,0,101,101,50.5,0,,,1.8552260398864746,0,0.6840699315071106,0.6840699315071106,0.6840699315071106,1,ppo_seed45,ppo,PPO,45
77828,unsafe_intercept,0,0,1,0,419,419,209.5,0,,,2.3233213424682617,0,2.071507215499878,2.071507215499878,2.071507215499878,1,ppo_seed45,ppo,PPO,45
77829,soldier_caught,0,1,0,0,16,16,8.0,0,,,1.3081114292144775,0,1.555559515953064,1.555559515953064,1.555559515953064,1,ppo_seed45,ppo,PPO,45
77830,soldier_caught,0,1,0,0,201,171,85.5,30,,,0.9866089820861816,0,1.190359277109946,1.1964620351791382,1.2764217974459753,31,ppo_seed45,ppo,PPO,45
77831,intercepted,1,0,0,0,301,271,135.5,30,301.0,150.5,2.673243284225464,0,1.1153689767083814,1.0058543682098389,1.1916332803278347,31,ppo_seed45,ppo,PPO,45
77832,intercepted,1,0,0,0,197,10,5.0,187,197.0,98.5,3.0108590126037598,0,1.0818356446763302,0.6248727440834045,1.177664381209409,188,ppo_seed45,ppo,PPO,45
77833,intercepted,1,0,0,0,113,12,6.0,101,113.0,56.5,4.092923641204834,0,1.1219562333004147,0.8588193655014038,1.2243286981357298,102,ppo_seed45,ppo,PPO,45
77834,intercepted,1,0,0,0,281,271,135.5,10,281.0,140.5,2.3420403003692627,0,0.9838151850483634,0.8475158214569092,1.0721556522703155,11,ppo_seed45,ppo,PPO,45
77835,soldier_caught,0,1,0,0,36,36,18.0,0,,,0.7472968697547913,0,0.729853630065918,0.729853630065918,0.729853630065918,1,ppo_seed45,ppo,PPO,45
77836,intercepted,1,0,0,0,78,11,5.5,67,78.0,39.0,3.2815966606140137,0,1.079650631722282,0.8073341250419617,1.1728220863887102,68,ppo_seed45,ppo,PPO,45
77837,intercepted,1,0,0,0,734,712,356.0,22,734.0,367.0,2.8935153484344482,0,1.0995053325010382,0.5288674831390381,1.1900634208869985,23,ppo_seed45,ppo,PPO,45
77838,soldier_caught,0,1,0,0,33,32,16.0,1,,,0.8637924790382385,0,1.4498336911201477,1.4500422477722168,1.4498337061204465,2,ppo_seed45,ppo,PPO,45
77839,intercepted,1,0,0,0,859,782,391.0,77,859.0,429.5,2.7609262466430664,0,1.1438722043083265,1.721759557723999,1.2222699779964685,78,ppo_seed45,ppo,PPO,45
77840,intercepted,1,0,0,0,149,66,33.0,83,149.0,74.5,2.7596118450164795,0,1.1157227431734402,1.2173689603805542,1.2038606434640844,84,ppo_seed45,ppo,PPO,45
77841,intercepted,1,0,0,0,46,19,9.5,27,46.0,23.0,3.581671953201294,0,1.1838509387203626,1.146925926208496,1.2503595611825826,28,ppo_seed45,ppo,PPO,45
77842,intercepted,1,0,0,0,111,42,21.0,69,111.0,55.5,3.3765573501586914,0,1.0319349695529256,1.8446968793869019,1.1132013036130046,70,ppo_seed45,ppo,PPO,45
77843,intercepted,1,0,0,0,320,199,99.5,121,320.0,160.0,3.3966596126556396,0,1.2126917619197095,0.935520350933075,1.3206689978213457,122,ppo_seed45,ppo,PPO,45
77844,intercepted,1,0,0,0,77,11,5.5,66,77.0,38.5,4.529224872589111,0,1.076227435869957,1.0967885255813599,1.1737992713478655,67,ppo_seed45,ppo,PPO,45
77845,unsafe_intercept,0,0,1,0,204,203,101.5,1,,,2.6143205165863037,0,1.2749263644218445,1.4334406852722168,1.2847427853903506,2,ppo_seed45,ppo,PPO,45
77846,intercepted,1,0,0,0,224,126,63.0,98,224.0,112.0,2.442608594894409,0,1.1306660328850602,1.1507201194763184,1.21741965949661,99,ppo_seed45,ppo,PPO,45
77847,intercepted,1,0,0,0,494,483,241.5,11,494.0,247.0,4.028239727020264,0,1.0364903683463733,0.690069854259491,1.1186430853013993,12,ppo_seed45,ppo,PPO,45
77848,intercepted,1,0,0,0,87,77,38.5,10,87.0,43.5,4.379607677459717,0,1.3461467799815265,1.2613236904144287,1.4679233900082422,11,ppo_seed45,ppo,PPO,45
77849,intercepted,1,0,0,0,565,15,7.5,550,565.0,282.5,2.0649561882019043,0,1.1501948591423121,1.0815329551696777,1.2473585853008329,551,ppo_seed45,ppo,PPO,45
77850,soldier_caught,0,1,0,0,552,507,253.5,45,,,1.7181590795516968,0,1.0246682928308197,1.3397294282913208,1.1252600638576806,46,ppo_seed45,ppo,PPO,45
77851,intercepted,1,0,0,0,990,915,457.5,75,990.0,495.0,2.836108684539795,0,1.035152512455457,1.2298352718353271,1.1171450668048588,76,ppo_seed45,ppo,PPO,45
77852,intercepted,1,0,0,0,389,59,29.5,330,389.0,194.5,3.247713565826416,0,1.1322653860844154,0.8199973702430725,1.224541578925993,331,ppo_seed45,ppo,PPO,45
77853,unsafe_intercept,0,0,1,0,267,267,133.5,0,,,2.0707340240478516,0,1.1296305656433105,1.1296305656433105,1.1296305656433105,1,ppo_seed45,ppo,PPO,45
77854,intercepted,1,0,0,0,1487,1249,624.5,238,1487.0,743.5,2.85063099861145,0,1.2006377190600879,1.3694380521774292,1.2982621532021326,239,ppo_seed45,ppo,PPO,45
77855,intercepted,1,0,0,0,114,19,9.5,95,114.0,57.0,3.3441050052642822,0,1.159937240338574,0.7401543259620667,1.2642017609039329,96,ppo_seed45,ppo,PPO,45
77856,intercepted,1,0,0,0,293,10,5.0,283,293.0,146.5,2.637321710586548,0,1.1419665100394,0.6885833144187927,1.2335017230802516,284,ppo_seed45,ppo,PPO,45
77857,intercepted,1,0,0,0,298,32,16.0,266,298.0,149.0,3.2122108936309814,0,1.1544287472628476,1.141661286354065,1.2450692629632332,267,ppo_seed45,ppo,PPO,45
77858,intercepted,1,0,0,0,563,197,98.5,366,563.0,281.5,4.92841100692749,0,1.1108351820821007,1.259499192237854,1.2067665857587189,367,ppo_seed45,ppo,PPO,45
77859,soldier_caught,0,1,0,0,534,186,93.0,348,,,1.7284735441207886,0,1.1344455177001762,0.7535324096679688,1.2329702174691628,349,ppo_seed45,ppo,PPO,45
77860,unsafe_intercept,0,0,1,0,34,33,16.5,1,,,2.49111008644104,0,0.9806216061115265,1.6615506410598755,1.1938522040053532,2,ppo_seed45,ppo,PPO,45
77861,intercepted,1,0,0,0,1106,1078,539.0,28,1106.0,553.0,2.8207037448883057,0,1.1752070219352329,1.444266438484192,1.3116058212797665,29,ppo_seed45,ppo,PPO,45
77862,unsafe_intercept,0,0,1,0,239,239,119.5,0,,,2.325477123260498,0,1.2006994485855103,1.2006994485855103,1.2006994485855103,1,ppo_seed45,ppo,PPO,45
77863,intercepted,1,0,0,0,234,134,67.0,100,234.0,117.0,3.9541895389556885,0,1.12048341496156,1.4128180742263794,1.20497291896892,101,ppo_seed45,ppo,PPO,45
77864,unsafe_intercept,0,0,1,0,11,11,5.5,0,,,2.052396059036255,0,0.7404184937477112,0.7404184937477112,0.7404184937477112,1,ppo_seed45,ppo,PPO,45
77865,intercepted,1,0,0,0,948,509,254.5,439,948.0,474.0,2.6458611488342285,0,1.13625674713403,1.1434409618377686,1.22569765128451,440,ppo_seed45,ppo,PPO,45
77866,intercepted,1,0,0,0,279,193,96.5,86,279.0,139.5,3.793715000152588,0,1.1563666959603627,2.4071388244628906,1.2829467536647077,87,ppo_seed45,ppo,PPO,45
77867,intercepted,1,0,0,0,126,56,28.0,70,126.0,63.0,3.3389694690704346,0,1.1646852925629683,1.2240897417068481,1.2554387040493686,71,ppo_seed45,ppo,PPO,45
77868,intercepted,1,0,0,0,60,12,6.0,48,60.0,30.0,4.819908142089844,0,1.1215101450073475,1.947792649269104,1.2030107384535162,49,ppo_seed45,ppo,PPO,45
77869,intercepted,1,0,0,0,251,186,93.0,65,251.0,125.5,3.205904245376587,0,1.2132602939099977,0.8434380292892456,1.3030133455610775,66,ppo_seed45,ppo,PPO,45
77870,soldier_caught,0,1,0,0,538,251,125.5,287,,,1.9238611459732056,0,1.1282168350492914,1.6118005514144897,1.2214588446891448,288,ppo_seed45,ppo,PPO,45
77871,soldier_caught,0,1,0,0,688,688,344.0,0,,,1.2348843812942505,0,0.6876939535140991,0.6876939535140991,0.6876939535140991,1,ppo_seed45,ppo,PPO,45
77872,intercepted,1,0,0,0,505,369,184.5,136,505.0,252.5,2.9195504188537598,0,1.0495624861469235,0.6795985102653503,1.1520892404521175,137,ppo_seed45,ppo,PPO,45
77873,intercepted,1,0,0,0,757,630,315.0,127,757.0,378.5,2.843447208404541,0,1.1599535183049738,1.013582706451416,1.2487280601482411,128,ppo_seed45,ppo,PPO,45
77874,intercepted,1,0,0,0,810,635,317.5,175,810.0,405.0,3.57407283782959,0,1.112714309753342,0.3511766493320465,1.2040128014416889,176,ppo_seed45,ppo,PPO,45
77875,intercepted,1,0,0,0,91,14,7.0,77,91.0,45.5,2.9309701919555664,0,1.0602144092703476,1.3956594467163086,1.1468874712305184,78,ppo_seed45,ppo,PPO,45
77876,soldier_caught,0,1,0,0,253,253,126.5,0,,,1.811278223991394,0,0.8382347822189331,0.8382347822189331,0.8382347822189331,1,ppo_seed45,ppo,PPO,45
77877,intercepted,1,0,0,0,463,359,179.5,104,463.0,231.5,4.58937931060791,0,1.203075431074415,1.2698274850845337,1.3114325775480498,105,ppo_seed45,ppo,PPO,45
77878,soldier_caught,0,1,0,0,90,90,45.0,0,,,1.5977840423583984,0,1.67564058303833,1.67564058303833,1.67564058303833,1,ppo_seed45,ppo,PPO,45
77879,intercepted,1,0,0,0,1140,702,351.0,438,1140.0,570.0,2.6504101753234863,0,1.165486810758608,1.427056074142456,1.2721588696503028,439,ppo_seed45,ppo,PPO,45
77880,intercepted,1,0,0,0,190,124,62.0,66,190.0,95.0,3.22869610786438,0,1.01709064863511,0.39686715602874756,1.1115948365546122,67,ppo_seed45,ppo,PPO,45
77881,unsafe_intercept,0,0,1,0,10,10,5.0,0,,,2.004845380783081,0,1.0417922735214233,1.0417922735214233,1.0417922735214233,1,ppo_seed45,ppo,PPO,45
77882,intercepted,1,0,0,0,343,84,42.0,259,343.0,171.5,3.4533276557922363,0,1.0962075176147315,0.8156716227531433,1.1935497656921021,260,ppo_seed45,ppo,PPO,45
77883,intercepted,1,0,0,0,311,232,116.0,79,311.0,155.5,3.0491082668304443,0,1.0720466569066047,1.025422215461731,1.1738204508522754,80,ppo_seed45,ppo,PPO,45
77884,intercepted,1,0,0,0,427,21,10.5,406,427.0,213.5,4.01866340637207,0,1.1368790997480585,0.7319673299789429,1.2307473462317782,407,ppo_seed45,ppo,PPO,45
77885,intercepted,1,0,0,0,441,386,193.0,55,441.0,220.5,4.283063888549805,0,1.1429301375257117,0.9367558360099792,1.2419253437584201,56,ppo_seed45,ppo,PPO,45
77886,intercepted,1,0,0,0,94,37,18.5,57,94.0,47.0,3.2092933654785156,0,1.0450280175126831,1.60652756690979,1.1581184873007726,58,ppo_seed45,ppo,PPO,45
77887,unsafe_intercept,0,0,1,0,148,147,73.5,1,,,2.4649698734283447,0,1.6662133932113647,1.5377833843231201,1.6711556896052397,2,ppo_seed45,ppo,PPO,45
77888,soldier_caught,0,1,0,0,351,351,175.5,0,,,1.277860403060913,0,1.5090183019638062,1.5090183019638062,1.5090183019638062,1,ppo_seed45,ppo,PPO,45
77889,intercepted,1,0,0,0,358,57,28.5,301,358.0,179.0,2.6830523014068604,0,1.1393839620201793,0.7192631959915161,1.231228805703293,302,ppo_seed45,ppo,PPO,45
77890,soldier_caught,0,1,0,0,86,86,43.0,0,,,1.9805294275283813,0,1.9762134552001953,1.9762134552001953,1.9762134552001953,1,ppo_seed45,ppo,PPO,45
77891,intercepted,1,0,0,0,35,13,6.5,22,35.0,17.5,3.6518373489379883,0,1.195566230494043,1.89213228225708,1.3324406633685468,23,ppo_seed45,ppo,PPO,45
77892,intercepted,1,0,0,0,85,46,23.0,39,85.0,42.5,2.6045169830322266,0,0.9644488230347633,1.0741568803787231,1.0465091086699556,40,ppo_seed45,ppo,PPO,45
77893,intercepted,1,0,0,0,907,485,242.5,422,907.0,453.5,3.988231897354126,0,1.1333695650805256,1.1732476949691772,1.230877464816693,423,ppo_seed45,ppo,PPO,45
77894,soldier_caught,0,1,0,0,1305,1305,652.5,0,,,0.8887814283370972,0,1.501497745513916,1.501497745513916,1.501497745513916,1,ppo_seed45,ppo,PPO,45
77895,intercepted,1,0,0,0,123,57,28.5,66,123.0,61.5,2.819399833679199,0,1.16653186950221,1.404081106185913,1.264499685067075,67,ppo_seed45,ppo,PPO,45
77896,unsafe_intercept,0,0,1,0,279,278,139.0,1,,,2.508507013320923,0,1.1714113056659698,1.3946682214736938,1.1924965817552808,2,ppo_seed45,ppo,PPO,45
77897,intercepted,1,0,0,0,594,522,261.0,72,594.0,297.0,3.2413179874420166,0,1.2691062803137791,1.0171785354614258,1.361148627684206,73,ppo_seed45,ppo,PPO,45
77898,soldier_caught,0,1,0,0,13,12,6.0,1,,,1.1271528005599976,0,0.7287333123385906,1.4135633707046509,1.0000222244298551,2,ppo_seed45,ppo,PPO,45
77899,intercepted,1,0,0,0,305,218,109.0,87,305.0,152.5,2.8267979621887207,0,1.1154703921215101,0.4388486444950104,1.2133203901382135,88,ppo_seed45,ppo,PPO,45
77900,soldier_caught,0,1,0,0,197,168,84.0,29,,,1.934684157371521,0,1.0436260710159937,1.1654757261276245,1.177527551764194,30,ppo_seed45,ppo,PPO,45
77901,intercepted,1,0,0,0,106,10,5.0,96,106.0,53.0,3.7336034774780273,0,1.1597762086342291,0.8593477010726929,1.2566385329955574,97,ppo_seed45,ppo,PPO,45
77902,unsafe_intercept,0,0,1,0,451,428,214.0,23,,,3.124680995941162,0,1.1452311625083287,1.488599181175232,1.261864068834585,24,ppo_seed45,ppo,PPO,45
77903,unsafe_intercept,0,0,1,0,124,123,61.5,1,,,2.339261293411255,0,1.6960159540176392,1.5862681865692139,1.6995630876028922,2,ppo_seed45,ppo,PPO,45
77904,intercepted,1,0,0,0,24,13,6.5,11,24.0,12.0,4.055700302124023,0,0.9776967763900757,0.8011763691902161,1.0400139788055103,12,ppo_seed45,ppo,PPO,45
77905,unsafe_intercept,0,0,1,0,43,42,21.0,1,,,2.6767473220825195,0,1.4220897555351257,1.4232769012451172,1.4220902510434739,2,ppo_seed45,ppo,PPO,45
77906,intercepted,1,0,0,0,20,11,5.5,9,20.0,10.0,3.1426305770874023,0,1.1388624757528305,1.6503020524978638,1.270096960534493,10,ppo_seed45,ppo,PPO,45
77907,soldier_caught,0,1,0,0,362,361,180.5,1,,,1.5245227813720703,0,1.7659245133399963,2.3131422996520996,1.848766262260165,2,ppo_seed45,ppo,PPO,45
77908,soldier_caught,0,1,0,0,15,14,7.0,1,,,1.116246223449707,0,1.406874418258667,1.2222986221313477,1.4189305315154426,2,ppo_seed45,ppo,PPO,45
77909,intercepted,1,0,0,0,842,780,390.0,62,842.0,421.0,3.594801187515259,0,1.1155364390403506,1.027463436126709,1.2245367004494894,63,ppo_seed45,ppo,PPO,45
77910,intercepted,1,0,0,0,82,40,20.0,42,82.0,41.0,2.371938705444336,0,1.0082871511925098,1.2325316667556763,1.1158577439780604,43,ppo_seed45,ppo,PPO,45
77911,intercepted,1,0,0,0,419,14,7.0,405,419.0,209.5,2.277996063232422,0,1.128273374267987,1.403286337852478,1.2220488286568492,406,ppo_seed45,ppo,PPO,45
77912,intercepted,1,0,0,0,326,281,140.5,45,326.0,163.0,4.3372039794921875,0,1.270190671734188,1.5637555122375488,1.345269358419062,46,ppo_seed45,ppo,PPO,45
77913,soldier_caught,0,1,0,0,565,565,282.5,0,,,1.1074633598327637,0,1.5410702228546143,1.5410702228546143,1.5410702228546143,1,ppo_seed45,ppo,PPO,45
77914,intercepted,1,0,0,0,726,79,39.5,647,726.0,363.0,2.851356029510498,0,1.1243686427442747,1.741143822669983,1.2170637282172465,648,ppo_seed45,ppo,PPO,45
77915,intercepted,1,0,0,0,814,11,5.5,803,814.0,407.0,2.562459945678711,0,1.1139079628892206,1.8895857334136963,1.215441807357761,804,ppo_seed45,ppo,PPO,45
77916,unsafe_intercept,0,0,1,0,1134,1133,566.5,1,,,3.436734437942505,0,1.155810970813036,2.1941511631011963,1.5537211317262782,2,ppo_seed45,ppo,PPO,45
77917,soldier_caught,0,1,0,0,209,87,43.5,122,,,1.5750761032104492,0,1.144906065812925,1.449908971786499,1.236936985933081,123,ppo_seed45,ppo,PPO,45
77918,soldier_caught,0,1,0,0,489,264,132.0,225,,,1.3901019096374512,0,1.1189385349244143,0.8566100001335144,1.2295705948491171,226,ppo_seed45,ppo,PPO,45
77919,intercepted,1,0,0,0,57,13,6.5,44,57.0,28.5,4.251967430114746,0,1.0953877402676477,0.6544668674468994,1.178415467108783,45,ppo_seed45,ppo,PPO,45
77920,soldier_caught,0,1,0,0,375,375,187.5,0,,,0.9326116442680359,0,0.5143980979919434,0.5143980979919434,0.5143980979919434,1,ppo_seed45,ppo,PPO,45
77921,intercepted,1,0,0,0,127,103,51.5,24,127.0,63.5,2.613842248916626,0,1.1941214442253112,1.3127875328063965,1.2419642033262386,25,ppo_seed45,ppo,PPO,45
77922,intercepted,1,0,0,0,181,105,52.5,76,181.0,90.5,2.5723876953125,0,1.192647201287282,0.423017293214798,1.267821333237245,77,ppo_seed45,ppo,PPO,45
77923,intercepted,1,0,0,0,251,221,110.5,30,251.0,125.5,2.9842333793640137,0,1.1224795724115064,1.1236847639083862,1.236310065075675,31,ppo_seed45,ppo,PPO,45
77924,soldier_caught,0,1,0,0,118,118,59.0,0,,,1.367473840713501,0,0.9041927456855774,0.9041927456855774,0.9041927456855774,1,ppo_seed45,ppo,PPO,45
77925,intercepted,1,0,0,0,1085,1079,539.5,6,1085.0,542.5,3.726015329360962,0,0.9394805984837669,0.3393208384513855,1.0446062556701368,7,ppo_seed45,ppo,PPO,45
77926,soldier_caught,0,1,0,0,733,597,298.5,136,,,0.7656325697898865,0,1.1789401665221166,0.621577262878418,1.2814760826642966,137,ppo_seed45,ppo,PPO,45
77927,soldier_caught,0,1,0,0,12,11,5.5,1,,,1.5026137828826904,0,1.6256498396396637,0.9159775376319885,1.7738016172496114,2,ppo_seed45,ppo,PPO,45
77928,intercepted,1,0,0,0,311,139,69.5,172,311.0,155.5,2.876710891723633,0,1.2007503246813152,0.7758026719093323,1.2866938929146856,173,ppo_seed45,ppo,PPO,45
77929,soldier_caught,0,1,0,0,219,179,89.5,40,,,1.8763846158981323,0,1.0652388788577987,0.47706282138824463,1.1643244660074976,41,ppo_seed45,ppo,PPO,45
77930,unsafe_intercept,0,0,1,0,281,281,140.5,0,,,2.016658306121826,0,0.7424060106277466,0.7424060106277466,0.7424060106277466,1,ppo_seed45,ppo,PPO,45
77931,intercepted,1,0,0,0,384,12,6.0,372,384.0,192.0,3.206667184829712,0,1.1641746852696742,2.0352652072906494,1.2612789345204154,373,ppo_seed45,ppo,PPO,45
77932,soldier_caught,0,1,0,0,94,14,7.0,80,,,1.022499918937683,0,1.1839638356073403,0.5275411605834961,1.2702686497807447,81,ppo_seed45,ppo,PPO,45
77933,intercepted,1,0,0,0,58,36,18.0,22,58.0,29.0,2.762791872024536,0,1.1528209940246914,1.1840051412582397,1.2511687715213748,23,ppo_seed45,ppo,PPO,45
77934,intercepted,1,0,0,0,409,155,77.5,254,409.0,204.5,3.612393379211426,0,1.1207971123503704,1.0593299865722656,1.2047170814528325,255,ppo_seed45,ppo,PPO,45
77935,soldier_caught,0,1,0,0,226,226,113.0,0,,,1.7532174587249756,0,0.8702385425567627,0.8702385425567627,0.8702385425567627,1,ppo_seed45,ppo,PPO,45
77936,intercepted,1,0,0,0,245,170,85.0,75,245.0,122.5,3.590843439102173,0,1.0984366914551509,1.4018954038619995,1.1907705474887884,76,ppo_seed45,ppo,PPO,45
77937,intercepted,1,0,0,0,418,41,20.5,377,418.0,209.0,2.767359733581543,0,1.1401311615629801,0.6269113421440125,1.2422119878045206,378,ppo_seed45,ppo,PPO,45
77938,intercepted,1,0,0,0,494,350,175.0,144,494.0,247.0,3.5167694091796875,0,1.149018582701683,0.7661511898040771,1.2478293073549949,145,ppo_seed45,ppo,PPO,45
77939,intercepted,1,0,0,0,1096,1067,533.5,29,1096.0,548.0,4.65645170211792,0,0.9032390892505646,0.7752345204353333,1.027349111392259,30,ppo_seed45,ppo,PPO,45
77940,intercepted,1,0,0,0,51,11,5.5,40,51.0,25.5,3.408780574798584,0,1.037303601823202,1.127296805381775,1.1452563353465628,41,ppo_seed45,ppo,PPO,45
77941,soldier_caught,0,1,0,0,468,42,21.0,426,,,1.5759434700012207,0,1.1174947233124695,1.4110863208770752,1.2126444894632677,427,ppo_seed45,ppo,PPO,45
77942,soldier_caught,0,1,0,0,776,776,388.0,0,,,1.88307785987854,0,1.3960930109024048,1.3960930109024048,1.3960930109024048,1,ppo_seed45,ppo,PPO,45
77943,intercepted,1,0,0,0,108,58,29.0,50,108.0,54.0,2.831982374191284,0,1.0372701462577372,1.0604673624038696,1.1327718887820708,51,ppo_seed45,ppo,PPO,45
77944,intercepted,1,0,0,0,171,160,80.0,11,171.0,85.5,3.9312219619750977,0,1.33784286181132,0.8318893313407898,1.3915477049924059,12,ppo_seed45,ppo,PPO,45
77945,soldier_caught,0,1,0,0,65,17,8.5,48,,,1.8953279256820679,0,1.1807233484423891,1.399235725402832,1.2867166435303448,49,ppo_seed45,ppo,PPO,45
77946,intercepted,1,0,0,0,187,14,7.0,173,187.0,93.5,4.806315898895264,0,1.1814770392816643,1.0895602703094482,1.2703152747813033,174,ppo_seed45,ppo,PPO,45
77947,intercepted,1,0,0,0,59,10,5.0,49,59.0,29.5,3.7955260276794434,0,1.1421664786338805,0.46390479803085327,1.2709821875403515,50,ppo_seed45,ppo,PPO,45
77948,intercepted,1,0,0,0,343,11,5.5,332,343.0,171.5,2.609005928039551,0,1.099191984928048,0.45070740580558777,1.2006936939888797,333,ppo_seed45,ppo,PPO,45
77949,intercepted,1,0,0,0,112,111,55.5,1,112.0,56.0,3.3199985027313232,0,1.2448747158050537,1.4484301805496216,1.26140710529079,2,ppo_seed45,ppo,PPO,45
77950,soldier_caught,0,1,0,0,329,328,164.0,1,,,1.89618980884552,0,1.6191403269767761,1.5071418285369873,1.6230092612475226,2,ppo_seed45,ppo,PPO,45
77951,intercepted,1,0,0,0,1149,414,207.0,735,1149.0,574.5,3.503399610519409,0,1.11859315805866,1.5221823453903198,1.2224361557442947,736,ppo_seed45,ppo,PPO,45
77952,intercepted,1,0,0,0,153,37,18.5,116,153.0,76.5,4.226006031036377,0,1.0750815984275606,1.352110743522644,1.1848952253268838,117,ppo_seed45,ppo,PPO,45
77953,intercepted,1,0,0,0,453,417,208.5,36,453.0,226.5,4.108691692352295,0,1.1916026287787669,1.843892216682434,1.269673295293283,37,ppo_seed45,ppo,PPO,45
77954,intercepted,1,0,0,0,389,43,21.5,346,389.0,194.5,3.8472588062286377,0,1.128650485073627,0.866392195224762,1.2301314945644544,347,ppo_seed45,ppo,PPO,45
77955,intercepted,1,0,0,0,241,38,19.0,203,241.0,120.5,2.6257846355438232,0,1.113448427515287,0.9807615280151367,1.204462730184886,204,ppo_seed45,ppo,PPO,45
77956,intercepted,1,0,0,0,36,13,6.5,23,36.0,18.0,4.1151018142700195,0,1.0562954619526863,0.5188671946525574,1.1736981978313274,24,ppo_seed45,ppo,PPO,45
77957,intercepted,1,0,0,0,523,404,202.0,119,523.0,261.5,3.2013063430786133,0,1.1531488994757335,1.6002744436264038,1.2322440455100323,120,ppo_seed45,ppo,PPO,45
77958,intercepted,1,0,0,0,374,129,64.5,245,374.0,187.0,2.6536476612091064,0,1.171816060425547,1.361344814300537,1.2772377931431298,246,ppo_seed45,ppo,PPO,45
77959,intercepted,1,0,0,0,860,733,366.5,127,860.0,430.0,2.4373972415924072,0,1.1257363789482042,2.677300453186035,1.2195254281001586,128,ppo_seed45,ppo,PPO,45
77960,soldier_caught,0,1,0,0,15,15,7.5,0,,,1.7235108613967896,0,1.6521090269088745,1.6521090269088745,1.6521090269088745,1,ppo_seed45,ppo,PPO,45
77961,intercepted,1,0,0,0,526,519,259.5,7,526.0,263.0,3.696983814239502,0,1.1276491917669773,1.0758328437805176,1.2966622654381903,8,ppo_seed45,ppo,PPO,45
77962,intercepted,1,0,0,0,709,511,255.5,198,709.0,354.5,4.14110803604126,0,1.126412639890484,0.9743134379386902,1.229604542811234,199,ppo_seed45,ppo,PPO,45
77963,intercepted,1,0,0,0,53,18,9.0,35,53.0,26.5,2.9434921741485596,0,1.0963087764879067,0.5048491954803467,1.189422176386621,36,ppo_seed45,ppo,PPO,45
77964,intercepted,1,0,0,0,61,37,18.5,24,61.0,30.5,2.260354995727539,0,1.1271002852916718,2.2785871028900146,1.2329395982025426,25,ppo_seed45,ppo,PPO,45
77965,intercepted,1,0,0,0,92,14,7.0,78,92.0,46.0,3.124927282333374,0,1.126503349105014,1.600368618965149,1.2340775266396882,79,ppo_seed45,ppo,PPO,45
77966,intercepted,1,0,0,0,369,285,142.5,84,369.0,184.5,4.282907962799072,0,1.1217652561033473,0.5197001695632935,1.2619085879031358,85,ppo_seed45,ppo,PPO,45
77967,intercepted,1,0,0,0,635,355,177.5,280,635.0,317.5,2.9669370651245117,0,1.1062399433707002,0.7583116888999939,1.200894003622282,281,ppo_seed45,ppo,PPO,45
77968,intercepted,1,0,0,0,182,169,84.5,13,182.0,91.0,4.868722438812256,0,1.3053033096449715,0.3757588267326355,1.389693516754393,14,ppo_seed45,ppo,PPO,45
77969,unsafe_intercept,0,0,1,0,190,190,95.0,0,,,2.115081310272217,0,2.3101799488067627,2.3101799488067627,2.3101799488067627,1,ppo_seed45,ppo,PPO,45
77970,soldier_caught,0,1,0,0,103,103,51.5,0,,,1.4932246208190918,0,1.4184315204620361,1.4184315204620361,1.4184315204620361,1,ppo_seed45,ppo,PPO,45
77971,intercepted,1,0,0,0,208,77,38.5,131,208.0,104.0,2.8150386810302734,0,1.1433366871241368,1.4774651527404785,1.235347163637646,132,ppo_seed45,ppo,PPO,45
77972,unsafe_intercept,0,0,1,0,34,33,16.5,1,,,2.8740861415863037,0,0.8521259129047394,0.7374883890151978,0.8598024966975036,2,ppo_seed45,ppo,PPO,45
77973,soldier_caught,0,1,0,0,99,99,49.5,0,,,1.6370123624801636,0,0.8386099934577942,0.8386099934577942,0.8386099934577942,1,ppo_seed45,ppo,PPO,45
77974,soldier_caught,0,1,0,0,10,9,4.5,1,,,0.9778239130973816,0,1.4116745591163635,1.4239274263381958,1.4117277335277987,2,ppo_seed45,ppo,PPO,45
77975,intercepted,1,0,0,0,180,158,79.0,22,180.0,90.0,3.236943244934082,0,1.1304956143317015,0.8702728152275085,1.204595322634923,23,ppo_seed45,ppo,PPO,45
77976,soldier_caught,0,1,0,0,496,472,236.0,24,,,0.1242966577410698,0,0.9776632559299469,0.8450319766998291,1.0502007547356016,25,ppo_seed45,ppo,PPO,45
77977,intercepted,1,0,0,0,946,683,341.5,263,946.0,473.0,2.518143892288208,0,1.0974245360967787,1.4111320972442627,1.1956807651631274,264,ppo_seed45,ppo,PPO,45
77978,soldier_caught,0,1,0,0,1175,1175,587.5,0,,,1.6911050081253052,0,0.3018707036972046,0.3018707036972046,0.3018707036972046,1,ppo_seed45,ppo,PPO,45
77979,intercepted,1,0,0,0,150,128,64.0,22,150.0,75.0,3.307330846786499,0,1.1605159588482068,1.216140866279602,1.230582645071275,23,ppo_seed45,ppo,PPO,45
77980,soldier_caught,0,1,0,0,663,663,331.5,0,,,1.9725005626678467,0,1.2255653142929077,1.2255653142929077,1.2255653142929077,1,ppo_seed45,ppo,PPO,45
77981,intercepted,1,0,0,0,167,100,50.0,67,167.0,83.5,3.2016265392303467,0,1.101898328784634,0.6110829710960388,1.184433652846895,68,ppo_seed45,ppo,PPO,45
77982,soldier_caught,0,1,0,0,292,292,146.0,0,,,1.8420771360397339,0,0.47814521193504333,0.47814521193504333,0.47814521193504333,1,ppo_seed45,ppo,PPO,45
77983,intercepted,1,0,0,0,99,11,5.5,88,99.0,49.5,2.810394048690796,0,1.10697995728991,1.5739151239395142,1.2000575958513082,89,ppo_seed45,ppo,PPO,45
77984,intercepted,1,0,0,0,1304,1259,629.5,45,1304.0,652.0,3.264294385910034,0,1.2229364734628927,0.9857128262519836,1.2991374837571334,46,ppo_seed45,ppo,PPO,45
77985,unsafe_intercept,0,0,1,0,274,274,137.0,0,,,2.0384790897369385,0,0.34555575251579285,0.34555575251579285,0.34555575251579285,1,ppo_seed45,ppo,PPO,45
77986,unsafe_intercept,0,0,1,0,148,148,74.0,0,,,2.494832754135132,0,0.8708261847496033,0.8708261847496033,0.8708261847496033,1,ppo_seed45,ppo,PPO,45
77987,intercepted,1,0,0,0,57,10,5.0,47,57.0,28.5,3.5214362144470215,0,1.1362546999007463,1.7619906663894653,1.2263466812493924,48,ppo_seed45,ppo,PPO,45
77988,intercepted,1,0,0,0,676,572,286.0,104,676.0,338.0,4.858323097229004,0,1.0513159287117777,0.8016342520713806,1.1450056135284088,105,ppo_seed45,ppo,PPO,45
77989,unsafe_intercept,0,0,1,0,13,12,6.0,1,,,2.238483190536499,0,1.791856288909912,1.605942726135254,1.8014751768840915,2,ppo_seed45,ppo,PPO,45
77990,unsafe_intercept,0,0,1,0,345,345,172.5,0,,,2.4430601596832275,0,0.8156575560569763,0.8156575560569763,0.8156575560569763,1,ppo_seed45,ppo,PPO,45
77991,soldier_caught,0,1,0,0,445,282,141.0,163,,,1.9798545837402344,0,1.1619303049292506,1.044960379600525,1.2571329231794428,164,ppo_seed45,ppo,PPO,45
77992,soldier_caught,0,1,0,0,538,538,269.0,0,,,1.2290267944335938,0,0.3485729396343231,0.3485729396343231,0.3485729396343231,1,ppo_seed45,ppo,PPO,45
77993,soldier_caught,0,1,0,0,136,136,68.0,0,,,1.7411690950393677,0,1.4009865522384644,1.4009865522384644,1.4009865522384644,1,ppo_seed45,ppo,PPO,45
77994,intercepted,1,0,0,0,775,299,149.5,476,775.0,387.5,3.0789310932159424,0,1.090861338098969,0.5692940354347229,1.1839136164155322,477,ppo_seed45,ppo,PPO,45
77995,soldier_caught,0,1,0,0,242,241,120.5,1,,,0.6517204642295837,0,1.230779767036438,1.7458527088165283,1.3342109916727058,2,ppo_seed45,ppo,PPO,45
77996,intercepted,1,0,0,0,254,158,79.0,96,254.0,127.0,4.22098970413208,0,1.2395336855318129,0.9541785717010498,1.3426489228604614,97,ppo_seed45,ppo,PPO,45
77997,intercepted,1,0,0,0,462,451,225.5,11,462.0,231.0,4.167046546936035,0,1.121313805381457,0.7971161007881165,1.2293259079315908,12,ppo_seed45,ppo,PPO,45
77998,unsafe_intercept,0,0,1,0,11,11,5.5,0,,,2.4731974601745605,0,1.6276109218597412,1.6276109218597412,1.6276109218597412,1,ppo_seed45,ppo,PPO,45
77999,soldier_caught,0,1,0,0,574,574,287.0,0,,,1.7713648080825806,0,1.7317785024642944,1.7317785024642944,1.7317785024642944,1,ppo_seed45,ppo,PPO,45
