environment_seed,outcome,success,soldier_caught,unsafe_intercept,timeout,total_steps,detection_step,detection_time_seconds,post_detection_steps,intercept_step,intercept_time_seconds,min_enemy_soldier_dist,physical_limit_violations,mean_tracking_error,final_tracking_error,tracking_rmse,n_tracking_samples,instance_id,instance_name,family,training_seed
77000,intercepted,1,0,0,0,737,238,119.0,499,737.0,368.5,3.4427192211151123,0,2.540104890614748,3.6922767162323,2.6291846193567405,500,ppo_kalman_seed46,ppo_kalman,PPO-Kalman,46
77001,intercepted,1,0,0,0,307,282,141.0,25,307.0,153.5,3.8034558296203613,0,2.1447705236765056,3.206082582473755,2.380177227533554,26,ppo_kalman_seed46,ppo_kalman,PPO-Kalman,46
77002,intercepted,1,0,0,0,502,395,197.5,107,502.0,251.0,4.641254425048828,0,2.5065299222866693,0.6012765765190125,2.630032635165634,108,ppo_kalman_seed46,ppo_kalman,PPO-Kalman,46
77003,unsafe_intercept,0,0,1,0,499,499,249.5,0,,,2.231374740600586,0,0.8109434843063354,0.8109434843063354,0.8109434843063354,1,ppo_kalman_seed46,ppo_kalman,PPO-Kalman,46
77004,soldier_caught,0,1,0,0,1435,1435,717.5,0,,,0.6248793601989746,0,0.7066055536270142,0.7066055536270142,0.7066055536270142,1,ppo_kalman_seed46,ppo_kalman,PPO-Kalman,46
77005,soldier_caught,0,1,0,0,568,568,284.0,0,,,0.26938682794570923,0,2.4094505310058594,2.4094505310058594,2.4094505310058594,1,ppo_kalman_seed46,ppo_kalman,PPO-Kalman,46
77006,intercepted,1,0,0,0,305,151,75.5,154,305.0,152.5,4.0623555183410645,0,2.422539565447838,3.313318967819214,2.565934804018646,155,ppo_kalman_seed46,ppo_kalman,PPO-Kalman,46
77007,intercepted,1,0,0,0,517,200,100.0,317,517.0,258.5,2.036670446395874,0,2.602489544910455,3.4163544178009033,2.713216159275582,318,ppo_kalman_seed46,ppo_kalman,PPO-Kalman,46
77008,intercepted,1,0,0,0,294,33,16.5,261,294.0,147.0,2.876715898513794,0,2.546435086781742,2.5269482135772705,2.6171700694408035,262,ppo_kalman_seed46,ppo_kalman,PPO-Kalman,46
77009,intercepted,1,0,0,0,406,291,145.5,115,406.0,203.0,2.6286916732788086,0,2.487909304170773,2.539246082305908,2.56938368519589,116,ppo_kalman_seed46,ppo_kalman,PPO-Kalman,46
77010,intercepted,1,0,0,0,221,77,38.5,144,221.0,110.5,3.9140076637268066,0,2.6490199193872255,3.072761058807373,2.7303625035756003,145,ppo_kalman_seed46,ppo_kalman,PPO-Kalman,46
77011,intercepted,1,0,0,0,356,102,51.0,254,356.0,178.0,3.3754513263702393,0,2.5400593186126037,3.6568596363067627,2.6224220866761265,255,ppo_kalman_seed46,ppo_kalman,PPO-Kalman,46
77012,intercepted,1,0,0,0,125,37,18.5,88,125.0,62.5,3.7550442218780518,0,2.5710265393672365,3.227067470550537,2.649507396815059,89,ppo_kalman_seed46,ppo_kalman,PPO-Kalman,46
77013,soldier_caught,0,1,0,0,1131,1131,565.5,0,,,1.5480592250823975,0,1.1092720031738281,1.1092720031738281,1.1092720031738281,1,ppo_kalman_seed46,ppo_kalman,PPO-Kalman,46
77014,intercepted,1,0,0,0,178,13,6.5,165,178.0,89.0,2.9370925426483154,0,2.2873662645558275,2.0310075283050537,2.440952319229454,166,ppo_kalman_seed46,ppo_kalman,PPO-Kalman,46
77015,soldier_caught,0,1,0,0,124,79,39.5,45,,,1.7426002025604248,0,2.2783634351647417,1.0001332759857178,2.4250701321248918,46,ppo_kalman_seed46,ppo_kalman,PPO-Kalman,46
77016,intercepted,1,0,0,0,252,34,17.0,218,252.0,126.0,2.1765081882476807,0,2.5507256275714805,1.9359616041183472,2.6313212809875335,219,ppo_kalman_seed46,ppo_kalman,PPO-Kalman,46
77017,soldier_caught,0,1,0,0,667,642,321.0,25,,,1.4019144773483276,0,2.5011072686085334,3.060244083404541,2.667538007371081,26,ppo_kalman_seed46,ppo_kalman,PPO-Kalman,46
77018,soldier_caught,0,1,0,0,102,101,50.5,1,,,1.1392302513122559,0,1.5812090635299683,1.369267463684082,1.5953499128199284,2,ppo_kalman_seed46,ppo_kalman,PPO-Kalman,46
77019,intercepted,1,0,0,0,669,541,270.5,128,669.0,334.5,2.584409475326538,0,2.348984427230303,2.6895735263824463,2.457026711867714,129,ppo_kalman_seed46,ppo_kalman,PPO-Kalman,46
77020,soldier_caught,0,1,0,0,1990,1825,912.5,165,,,0.7403226494789124,0,2.467157901949193,3.4739370346069336,2.5906095820762842,166,ppo_kalman_seed46,ppo_kalman,PPO-Kalman,46
77021,intercepted,1,0,0,0,740,663,331.5,77,740.0,370.0,4.258903980255127,0,1.9327400544515023,3.258465051651001,2.0862487744739027,78,ppo_kalman_seed46,ppo_kalman,PPO-Kalman,46
77022,intercepted,1,0,0,0,483,18,9.0,465,483.0,241.5,3.5045509338378906,0,2.67624724601983,3.2968151569366455,2.7340564697613283,466,ppo_kalman_seed46,ppo_kalman,PPO-Kalman,46
77023,intercepted,1,0,0,0,290,35,17.5,255,290.0,145.0,2.328058958053589,0,2.5563365326961502,2.322643756866455,2.640297325235133,256,ppo_kalman_seed46,ppo_kalman,PPO-Kalman,46
77024,intercepted,1,0,0,0,1019,996,498.0,23,1019.0,509.5,2.5164456367492676,0,2.2868525832891464,2.766528844833374,2.4263358893442293,24,ppo_kalman_seed46,ppo_kalman,PPO-Kalman,46
77025,intercepted,1,0,0,0,594,593,296.5,1,594.0,297.0,3.7117273807525635,0,1.2916869521141052,1.0661795139312744,1.3112241558702349,2,ppo_kalman_seed46,ppo_kalman,PPO-Kalman,46
77026,intercepted,1,0,0,0,715,689,344.5,26,715.0,357.5,2.941678285598755,0,2.357240906468144,3.5166261196136475,2.4459634723950363,27,ppo_kalman_seed46,ppo_kalman,PPO-Kalman,46
77027,intercepted,1,0,0,0,97,24,12.0,73,97.0,48.5,2.6837401390075684,0,2.526124469331793,2.4181487560272217,2.6053946840513564,74,ppo_kalman_seed46,ppo_kalman,PPO-Kalman,46
77028,intercepted,1,0,0,0,145,103,51.5,42,145.0,72.5,2.7372710704803467,0,2.5061804194783055,2.7294297218322754,2.629414215580555,43,ppo_kalman_seed46,ppo_kalman,PPO-Kalman,46
77029,soldier_caught,0,1,0,0,208,208,104.0,0,,,1.0801197290420532,0,1.2510684728622437,1.2510684728622437,1.2510684728622437,1,ppo_kalman_seed46,ppo_kalman,PPO-Kalman,46
77030,soldier_caught,0,1,0,0,245,245,122.5,0,,,1.3338195085525513,0,1.0282388925552368,1.0282388925552368,1.0282388925552368,1,ppo_kalman_seed46,ppo_kalman,PPO-Kalman,46
77031,soldier_caught,0,1,0,0,285,267,133.5,18,,,0.8234255909919739,0,2.110864504387504,2.0888516902923584,2.3452411823480412,19,ppo_kalman_seed46,ppo_kalman,PPO-Kalman,46
77032,unsafe_intercept,0,0,1,0,203,184,92.0,19,,,3.47717547416687,0,1.9379816398024559,0.8250734210014343,2.237191953090178,20,ppo_kalman_seed46,ppo_kalman,PPO-Kalman,46
77033,unsafe_intercept,0,0,1,0,16,15,7.5,1,,,2.552212715148926,0,1.703209787607193,0.6344960331916809,2.010739334045524,2,ppo_kalman_seed46,ppo_kalman,PPO-Kalman,46
77034,intercepted,1,0,0,0,195,37,18.5,158,195.0,97.5,2.2739903926849365,0,2.5034280633026698,3.2208364009857178,2.59270296414434,159,ppo_kalman_seed46,ppo_kalman,PPO-Kalman,46
77035,soldier_caught,0,1,0,0,35,35,17.5,0,,,1.6373635530471802,0,2.0075533390045166,2.0075533390045166,2.0075533390045166,1,ppo_kalman_seed46,ppo_kalman,PPO-Kalman,46
77036,intercepted,1,0,0,0,102,15,7.5,87,102.0,51.0,2.9662725925445557,0,2.543982095000419,2.361267566680908,2.6490222747496146,88,ppo_kalman_seed46,ppo_kalman,PPO-Kalman,46
77037,intercepted,1,0,0,0,1248,1161,580.5,87,1248.0,624.0,3.9912681579589844,0,2.1527661471204325,1.8523141145706177,2.3434506001097923,88,ppo_kalman_seed46,ppo_kalman,PPO-Kalman,46
77038,soldier_caught,0,1,0,0,293,150,75.0,143,,,1.9947696924209595,0,2.603625195721785,2.560680627822876,2.7198901348202074,144,ppo_kalman_seed46,ppo_kalman,PPO-Kalman,46
77039,soldier_caught,0,1,0,0,276,276,138.0,0,,,1.9417202472686768,0,1.3701748847961426,1.3701748847961426,1.3701748847961426,1,ppo_kalman_seed46,ppo_kalman,PPO-Kalman,46
77040,unsafe_intercept,0,0,1,0,56,56,28.0,0,,,2.4703831672668457,0,1.1675270795822144,1.1675270795822144,1.1675270795822144,1,ppo_kalman_seed46,ppo_kalman,PPO-Kalman,46
77041,unsafe_intercept,0,0,1,0,44,44,22.0,0,,,2.444850444793701,0,0.3259643018245697,0.3259643018245697,0.3259643018245697,1,ppo_kalman_seed46,ppo_kalman,PPO-Kalman,46
77042,unsafe_intercept,0,0,1,0,10,10,5.0,0,,,2.229530096054077,0,0.884209156036377,0.884209156036377,0.884209156036377,1,ppo_kalman_seed46,ppo_kalman,PPO-Kalman,46
77043,intercepted,1,0,0,0,383,39,19.5,344,383.0,191.5,2.1040003299713135,0,2.585043434086053,2.200589895248413,2.6711977280153723,345,ppo_kalman_seed46,ppo_kalman,PPO-Kalman,46
77044,intercepted,1,0,0,0,81,15,7.5,66,81.0,40.5,3.668275833129883,0,2.5399336721470105,3.562880754470825,2.6756358712660284,67,ppo_kalman_seed46,ppo_kalman,PPO-Kalman,46
77045,intercepted,1,0,0,0,651,470,235.0,181,651.0,325.5,2.93376088142395,0,2.452414333329096,3.17600417137146,2.576963448206296,182,ppo_kalman_seed46,ppo_kalman,PPO-Kalman,46
77046,intercepted,1,0,0,0,945,618,309.0,327,945.0,472.5,3.318713903427124,0,2.6245187023063985,3.4732871055603027,2.760104109199649,328,ppo_kalman_seed46,ppo_kalman,PPO-Kalman,46
77047,unsafe_intercept,0,0,1,0,11,11,5.5,0,,,2.430607557296753,0,0.9727330803871155,0.9727330803871155,0.9727330803871155,1,ppo_kalman_seed46,ppo_kalman,PPO-Kalman,46
77048,intercepted,1,0,0,0,186,83,41.5,103,186.0,93.0,4.3824143409729,0,2.6857061724250135,3.1444714069366455,2.7570431993465636,104,ppo_kalman_seed46,ppo_kalman,PPO-Kalman,46
77049,intercepted,1,0,0,0,223,159,79.5,64,223.0,111.5,3.645073413848877,0,2.050588352405108,2.957461357116699,2.183392080890698,65,ppo_kalman_seed46,ppo_kalman,PPO-Kalman,46
77050,soldier_caught,0,1,0,0,38,38,19.0,0,,,0.8753161430358887,0,1.398564338684082,1.398564338684082,1.398564338684082,1,ppo_kalman_seed46,ppo_kalman,PPO-Kalman,46
77051,intercepted,1,0,0,0,198,118,59.0,80,198.0,99.0,2.212188243865967,0,2.161604976028572,3.2992076873779297,2.2812941144620082,81,ppo_kalman_seed46,ppo_kalman,PPO-Kalman,46
77052,intercepted,1,0,0,0,370,194,97.0,176,370.0,185.0,4.823126792907715,0,2.542013277105019,0.8270775079727173,2.645112966300953,177,ppo_kalman_seed46,ppo_kalman,PPO-Kalman,46
77053,intercepted,1,0,0,0,490,429,214.5,61,490.0,245.0,4.332381248474121,0,2.5675682098634782,2.8668951988220215,2.6258584449704334,62,ppo_kalman_seed46,ppo_kalman,PPO-Kalman,46
77054,intercepted,1,0,0,0,907,906,453.0,1,907.0,453.5,2.7962374687194824,0,1.4170350432395935,2.108370542526245,1.5766842062832243,2,ppo_kalman_seed46,ppo_kalman,PPO-Kalman,46
77055,soldier_caught,0,1,0,0,224,99,49.5,125,,,0.8158450126647949,0,2.419996346746172,2.1602001190185547,2.566936883252589,126,ppo_kalman_seed46,ppo_kalman,PPO-Kalman,46
77056,intercepted,1,0,0,0,437,157,78.5,280,437.0,218.5,2.2242519855499268,0,2.59873850076224,3.669147253036499,2.692419348593001,281,ppo_kalman_seed46,ppo_kalman,PPO-Kalman,46
77057,unsafe_intercept,0,0,1,0,37,36,18.0,1,,,2.406883716583252,0,0.7539815902709961,0.8266047239303589,0.7574710278354453,2,ppo_kalman_seed46,ppo_kalman,PPO-Kalman,46
77058,unsafe_intercept,0,0,1,0,78,78,39.0,0,,,2.3066208362579346,0,0.9127029180526733,0.9127029180526733,0.9127029180526733,1,ppo_kalman_seed46,ppo_kalman,PPO-Kalman,46
77059,soldier_caught,0,1,0,0,561,560,280.0,1,,,0.4109880328178406,0,0.9163787662982941,0.9447701573371887,0.9168184740762518,2,ppo_kalman_seed46,ppo_kalman,PPO-Kalman,46
77060,soldier_caught,0,1,0,0,191,167,83.5,24,,,1.6806631088256836,0,2.185944128036499,2.5619804859161377,2.355340421906556,25,ppo_kalman_seed46,ppo_kalman,PPO-Kalman,46
77061,intercepted,1,0,0,0,230,10,5.0,220,230.0,115.0,3.060659885406494,0,2.6193013064462134,3.0048906803131104,2.679843809571697,221,ppo_kalman_seed46,ppo_kalman,PPO-Kalman,46
77062,soldier_caught,0,1,0,0,130,14,7.0,116,,,1.1199041604995728,0,2.5570037314015575,0.9709190130233765,2.6748672778159857,117,ppo_kalman_seed46,ppo_kalman,PPO-Kalman,46
77063,unsafe_intercept,0,0,1,0,566,565,282.5,1,,,2.3973922729492188,0,1.2870723009109497,1.0692156553268433,1.3053798779655543,2,ppo_kalman_seed46,ppo_kalman,PPO-Kalman,46
77064,unsafe_intercept,0,0,1,0,286,263,131.5,23,,,2.6667845249176025,0,2.3165944317976632,2.379002571105957,2.3674267682961485,24,ppo_kalman_seed46,ppo_kalman,PPO-Kalman,46
77065,unsafe_intercept,0,0,1,0,82,82,41.0,0,,,2.3955633640289307,0,1.0658751726150513,1.0658751726150513,1.0658751726150513,1,ppo_kalman_seed46,ppo_kalman,PPO-Kalman,46
77066,intercepted,1,0,0,0,14,13,6.5,1,14.0,7.0,3.7106595039367676,0,0.5035717636346817,0.3117075264453888,0.5388844093517393,2,ppo_kalman_seed46,ppo_kalman,PPO-Kalman,46
77067,soldier_caught,0,1,0,0,108,107,53.5,1,,,1.6621952056884766,0,1.6609909534454346,2.0086517333984375,1.696985257845543,2,ppo_kalman_seed46,ppo_kalman,PPO-Kalman,46
77068,intercepted,1,0,0,0,110,85,42.5,25,110.0,55.0,4.487205982208252,0,2.220157497204267,2.570406675338745,2.3690881178309433,26,ppo_kalman_seed46,ppo_kalman,PPO-Kalman,46
77069,unsafe_intercept,0,0,1,0,682,682,341.0,0,,,2.422853708267212,0,0.9465869665145874,0.9465869665145874,0.9465869665145874,1,ppo_kalman_seed46,ppo_kalman,PPO-Kalman,46
77070,intercepted,1,0,0,0,103,14,7.0,89,103.0,51.5,4.4356255531311035,0,2.566448339488771,2.087820053100586,2.647172331019781,90,ppo_kalman_seed46,ppo_kalman,PPO-Kalman,46
77071,intercepted,1,0,0,0,795,585,292.5,210,795.0,397.5,2.4830081462860107,0,2.3158822714999956,2.8191187381744385,2.5002541487578047,211,ppo_kalman_seed46,ppo_kalman,PPO-Kalman,46
77072,soldier_caught,0,1,0,0,233,232,116.0,1,,,1.4118013381958008,0,1.364429384469986,0.8683314919471741,1.4518197767528587,2,ppo_kalman_seed46,ppo_kalman,PPO-Kalman,46
77073,unsafe_intercept,0,0,1,0,871,849,424.5,22,,,2.7941267490386963,0,2.026003765023273,2.689812660217285,2.115091955673226,23,ppo_kalman_seed46,ppo_kalman,PPO-Kalman,46
77074,intercepted,1,0,0,0,119,13,6.5,106,119.0,59.5,4.203171253204346,0,2.401907339831379,2.2708237171173096,2.552757815316052,107,ppo_kalman_seed46,ppo_kalman,PPO-Kalman,46
77075,intercepted,1,0,0,0,201,179,89.5,22,201.0,100.5,4.981606960296631,0,2.179332188937975,3.003011465072632,2.3032812788330648,23,ppo_kalman_seed46,ppo_kalman,PPO-Kalman,46
77076,intercepted,1,0,0,0,272,188,94.0,84,272.0,136.0,2.7846810817718506,0,2.2842194663251147,0.8255047798156738,2.4419368800900143,85,ppo_kalman_seed46,ppo_kalman,PPO-Kalman,46
77077,intercepted,1,0,0,0,224,155,77.5,69,224.0,112.0,3.670825719833374,0,2.4177896584783283,2.4864516258239746,2.5106910250647436,70,ppo_kalman_seed46,ppo_kalman,PPO-Kalman,46
77078,intercepted,1,0,0,0,474,423,211.5,51,474.0,237.0,4.1053643226623535,0,2.3714672355697703,3.461620569229126,2.4914122220501236,52,ppo_kalman_seed46,ppo_kalman,PPO-Kalman,46
77079,intercepted,1,0,0,0,245,25,12.5,220,245.0,122.5,2.114678382873535,0,2.576068935755691,1.997828483581543,2.7192401987705166,221,ppo_kalman_seed46,ppo_kalman,PPO-Kalman,46
77080,soldier_caught,0,1,0,0,482,481,240.5,1,,,1.7050583362579346,0,0.8835398107767105,1.363869309425354,1.0056634747764297,2,ppo_kalman_seed46,ppo_kalman,PPO-Kalman,46
77081,soldier_caught,0,1,0,0,402,401,200.5,1,,,0.5253730416297913,0,1.3865289092063904,1.4668904542922974,1.3888557858876698,2,ppo_kalman_seed46,ppo_kalman,PPO-Kalman,46
77082,intercepted,1,0,0,0,723,713,356.5,10,723.0,361.5,3.375264883041382,0,2.269327851859006,3.3682620525360107,2.531317241761871,11,ppo_kalman_seed46,ppo_kalman,PPO-Kalman,46
77083,soldier_caught,0,1,0,0,783,727,363.5,56,,,1.0786527395248413,0,2.1630688968457674,2.676560878753662,2.297572307204278,57,ppo_kalman_seed46,ppo_kalman,PPO-Kalman,46
77084,intercepted,1,0,0,0,424,13,6.5,411,424.0,212.0,4.034796237945557,0,2.6473930598173325,3.0414414405822754,2.7398592274783815,412,ppo_kalman_seed46,ppo_kalman,PPO-Kalman,46
77085,intercepted,1,0,0,0,228,10,5.0,218,228.0,114.0,3.387993574142456,0,2.7401396241634406,2.8217101097106934,2.796612413281098,219,ppo_kalman_seed46,ppo_kalman,PPO-Kalman,46
77086,unsafe_intercept,0,0,1,0,725,724,362.0,1,,,2.005042314529419,0,0.9374543130397797,1.0159193277359009,0.9407323464026034,2,ppo_kalman_seed46,ppo_kalman,PPO-Kalman,46
77087,intercepted,1,0,0,0,31,11,5.5,20,31.0,15.5,3.7895545959472656,0,2.2028712204524448,2.567500591278076,2.316734841865079,21,ppo_kalman_seed46,ppo_kalman,PPO-Kalman,46
77088,soldier_caught,0,1,0,0,353,110,55.0,243,,,1.2830262184143066,0,2.367777618350553,2.2982261180877686,2.48630964179763,244,ppo_kalman_seed46,ppo_kalman,PPO-Kalman,46
77089,intercepted,1,0,0,0,456,51,25.5,405,456.0,228.0,3.3452014923095703,0,2.530240402139466,2.8905184268951416,2.607923162838022,406,ppo_kalman_seed46,ppo_kalman,PPO-Kalman,46
77090,soldier_caught,0,1,0,0,364,208,104.0,156,,,0.11697934567928314,0,2.382794792485085,0.5528990030288696,2.5152171144449307,157,ppo_kalman_seed46,ppo_kalman,PPO-Kalman,46
77091,soldier_caught,0,1,0,0,395,373,186.5,22,,,1.0868027210235596,0,2.0790835761505626,3.227457284927368,2.248362759151852,23,ppo_kalman_seed46,ppo_kalman,PPO-Kalman,46
77092,intercepted,1,0,0,0,457,81,40.5,376,457.0,228.5,2.683704376220703,0,2.7668725304325315,2.5405120849609375,2.8300037260678996,377,ppo_kalman_seed46,ppo_kalman,PPO-Kalman,46
77093,soldier_caught,0,1,0,0,176,121,60.5,55,,,1.4115782976150513,0,2.471380775528295,2.5717649459838867,2.59718676498436,56,ppo_kalman_seed46,ppo_kalman,PPO-Kalman,46
77094,soldier_caught,0,1,0,0,370,63,31.5,307,,,1.5270028114318848,0,2.49753634167182,2.644566535949707,2.606657941272088,308,ppo_kalman_seed46,ppo_kalman,PPO-Kalman,46
77095,intercepted,1,0,0,0,547,466,233.0,81,547.0,273.5,3.409508466720581,0,2.3765318640848485,3.198164224624634,2.609730998481947,82,ppo_kalman_seed46,ppo_kalman,PPO-Kalman,46
77096,intercepted,1,0,0,0,324,273,136.5,51,324.0,162.0,2.6760807037353516,0,2.183877193870453,2.9654269218444824,2.3652026419637333,52,ppo_kalman_seed46,ppo_kalman,PPO-Kalman,46
77097,intercepted,1,0,0,0,386,58,29.0,328,386.0,193.0,3.7337186336517334,0,2.5883487664095175,2.034651517868042,2.6781319978165787,329,ppo_kalman_seed46,ppo_kalman,PPO-Kalman,46
77098,intercepted,1,0,0,0,276,145,72.5,131,276.0,138.0,3.673092842102051,0,2.5105833112064637,2.4304873943328857,2.593799867574996,132,ppo_kalman_seed46,ppo_kalman,PPO-Kalman,46
77099,soldier_caught,0,1,0,0,137,66,33.0,71,,,1.6881476640701294,0,2.313564360141754,1.5016809701919556,2.422848124494703,72,ppo_kalman_seed46,ppo_kalman,PPO-Kalman,46
77100,intercepted,1,0,0,0,1100,977,488.5,123,1100.0,550.0,3.82058048248291,0,2.7105338063932236,3.184645652770996,2.7762173284456617,124,ppo_kalman_seed46,ppo_kalman,PPO-Kalman,46
77101,intercepted,1,0,0,0,537,450,225.0,87,537.0,268.5,4.060736656188965,0,2.612693840468472,2.8526880741119385,2.757203434233805,88,ppo_kalman_seed46,ppo_kalman,PPO-Kalman,46
77102,intercepted,1,0,0,0,102,79,39.5,23,102.0,51.0,4.837916374206543,0,2.1226156627138457,2.899745225906372,2.2841627473803983,24,ppo_kalman_seed46,ppo_kalman,PPO-Kalman,46
77103,intercepted,1,0,0,0,172,10,5.0,162,172.0,86.0,2.167374610900879,0,2.5821002240926942,3.340047836303711,2.67741143760562,163,ppo_kalman_seed46,ppo_kalman,PPO-Kalman,46
77104,soldier_caught,0,1,0,0,251,36,18.0,215,,,1.2139277458190918,0,2.633177003374806,1.1598926782608032,2.6992594739618094,216,ppo_kalman_seed46,ppo_kalman,PPO-Kalman,46
77105,intercepted,1,0,0,0,544,120,60.0,424,544.0,272.0,4.432329177856445,0,2.6134938547541116,2.6690659523010254,2.710392113038195,425,ppo_kalman_seed46,ppo_kalman,PPO-Kalman,46
77106,intercepted,1,0,0,0,595,173,86.5,422,595.0,297.5,3.0259993076324463,0,2.496012665419432,1.210344910621643,2.603324863520575,423,ppo_kalman_seed46,ppo_kalman,PPO-Kalman,46
77107,intercepted,1,0,0,0,431,429,214.5,2,431.0,215.5,2.016544818878174,0,1.404884974161784,1.6589906215667725,1.4971137927065925,3,ppo_kalman_seed46,ppo_kalman,PPO-Kalman,46
77108,soldier_caught,0,1,0,0,61,61,30.5,0,,,1.8274084329605103,0,0.3279072344303131,0.3279072344303131,0.3279072344303131,1,ppo_kalman_seed46,ppo_kalman,PPO-Kalman,46
77109,intercepted,1,0,0,0,707,218,109.0,489,707.0,353.5,4.372148036956787,0,2.610416077837652,2.294851303100586,2.6873610720901078,490,ppo_kalman_seed46,ppo_kalman,PPO-Kalman,46
77110,intercepted,1,0,0,0,361,136,68.0,225,361.0,180.5,2.4223222732543945,0,2.659654074406202,2.7369883060455322,2.726586764210635,226,ppo_kalman_seed46,ppo_kalman,PPO-Kalman,46
77111,soldier_caught,0,1,0,0,549,548,274.0,1,,,1.5957286357879639,0,0.6977392584085464,0.9295371174812317,0.7352348741696009,2,ppo_kalman_seed46,ppo_kalman,PPO-Kalman,46
77112,soldier_caught,0,1,0,0,618,396,198.0,222,,,1.1135540008544922,0,2.558895389996302,2.951836585998535,2.651883918401135,223,ppo_kalman_seed46,ppo_kalman,PPO-Kalman,46
77113,unsafe_intercept,0,0,1,0,1055,1054,527.0,1,,,3.4665961265563965,0,0.5581916570663452,0.6263232231140137,0.5623342745294654,2,ppo_kalman_seed46,ppo_kalman,PPO-Kalman,46
77114,intercepted,1,0,0,0,481,462,231.0,19,481.0,240.5,4.552765369415283,0,2.433021347224712,2.3253896236419678,2.638567971791536,20,ppo_kalman_seed46,ppo_kalman,PPO-Kalman,46
77115,intercepted,1,0,0,0,128,70,35.0,58,128.0,64.0,4.240067005157471,0,2.3856132267895394,2.8682641983032227,2.550463193228291,59,ppo_kalman_seed46,ppo_kalman,PPO-Kalman,46
77116,soldier_caught,0,1,0,0,598,513,256.5,85,,,1.9734328985214233,0,2.4525594855117245,2.040891170501709,2.5639443421882984,86,ppo_kalman_seed46,ppo_kalman,PPO-Kalman,46
77117,intercepted,1,0,0,0,288,150,75.0,138,288.0,144.0,4.749837398529053,0,2.7497359574269904,2.1197285652160645,2.8218232835138024,139,ppo_kalman_seed46,ppo_kalman,PPO-Kalman,46
77118,intercepted,1,0,0,0,357,33,16.5,324,357.0,178.5,2.605041265487671,0,2.6282964964096363,2.8522608280181885,2.702236693871647,325,ppo_kalman_seed46,ppo_kalman,PPO-Kalman,46
77119,unsafe_intercept,0,0,1,0,11,10,5.0,1,,,2.7077338695526123,0,0.9165365993976593,0.7937864661216736,0.9247199215193201,2,ppo_kalman_seed46,ppo_kalman,PPO-Kalman,46
77120,unsafe_intercept,0,0,1,0,422,422,211.0,0,,,2.031139850616455,0,0.6707066893577576,0.6707066893577576,0.6707066893577576,1,ppo_kalman_seed46,ppo_kalman,PPO-Kalman,46
77121,soldier_caught,0,1,0,0,17,16,8.0,1,,,1.235305666923523,0,0.6113127917051315,0.8020801544189453,0.6403870048487128,2,ppo_kalman_seed46,ppo_kalman,PPO-Kalman,46
77122,soldier_caught,0,1,0,0,1053,980,490.0,73,,,1.3709537982940674,0,2.3558932115902773,2.6211941242218018,2.511885830238221,74,ppo_kalman_seed46,ppo_kalman,PPO-Kalman,46
77123,intercepted,1,0,0,0,32,10,5.0,22,32.0,16.0,2.8713314533233643,0,2.4957714936007624,3.538330316543579,2.6201331437323714,23,ppo_kalman_seed46,ppo_kalman,PPO-Kalman,46
77124,intercepted,1,0,0,0,333,218,109.0,115,333.0,166.5,4.217789173126221,0,2.7627100065864365,1.8956964015960693,2.842592437969806,116,ppo_kalman_seed46,ppo_kalman,PPO-Kalman,46
77125,soldier_caught,0,1,0,0,34,9,4.5,25,,,1.8911535739898682,0,2.0726802268853555,2.5122323036193848,2.2704565974659654,26,ppo_kalman_seed46,ppo_kalman,PPO-Kalman,46
77126,intercepted,1,0,0,0,298,14,7.0,284,298.0,149.0,3.0474839210510254,0,2.6153729194088986,2.372685670852661,2.69997107470077,285,ppo_kalman_seed46,ppo_kalman,PPO-Kalman,46
77127,intercepted,1,0,0,0,1125,919,459.5,206,1125.0,562.5,3.459974527359009,0,2.542337000945916,2.7233121395111084,2.663014451161692,207,ppo_kalman_seed46,ppo_kalman,PPO-Kalman,46
77128,soldier_caught,0,1,0,0,12,11,5.5,1,,,1.577687382698059,0,1.1575530767440796,1.6057019233703613,1.2412761635559395,2,ppo_kalman_seed46,ppo_kalman,PPO-Kalman,46
77129,soldier_caught,0,1,0,0,604,489,244.5,115,,,1.9420952796936035,0,2.2755722907082787,1.7656197547912598,2.4546125794541824,116,ppo_kalman_seed46,ppo_kalman,PPO-Kalman,46
77130,intercepted,1,0,0,0,774,758,379.0,16,774.0,387.0,4.24713659286499,0,1.9964166669284595,2.201903820037842,2.2217957719632015,17,ppo_kalman_seed46,ppo_kalman,PPO-Kalman,46
77131,intercepted,1,0,0,0,278,13,6.5,265,278.0,139.0,2.588441848754883,0,2.649401872901988,2.3648433685302734,2.731088245322631,266,ppo_kalman_seed46,ppo_kalman,PPO-Kalman,46
77132,soldier_caught,0,1,0,0,282,11,5.5,271,,,1.2208696603775024,0,2.58460629780722,1.4407682418823242,2.6824272354062733,272,ppo_kalman_seed46,ppo_kalman,PPO-Kalman,46
77133,intercepted,1,0,0,0,266,126,63.0,140,266.0,133.0,3.489614248275757,0,2.459198145790303,2.731555938720703,2.6347028827266987,141,ppo_kalman_seed46,ppo_kalman,PPO-Kalman,46
77134,intercepted,1,0,0,0,391,11,5.5,380,391.0,195.5,4.8513641357421875,0,2.3729994690480822,2.4923095703125,2.492084907705483,381,ppo_kalman_seed46,ppo_kalman,PPO-Kalman,46
77135,soldier_caught,0,1,0,0,89,89,44.5,0,,,1.53912353515625,0,1.5448564291000366,1.5448564291000366,1.5448564291000366,1,ppo_kalman_seed46,ppo_kalman,PPO-Kalman,46
77136,soldier_caught,0,1,0,0,252,251,125.5,1,,,1.9917901754379272,0,1.5208825469017029,1.2612541913986206,1.5428838596768861,2,ppo_kalman_seed46,ppo_kalman,PPO-Kalman,46
77137,soldier_caught,0,1,0,0,55,30,15.0,25,,,1.065467119216919,0,2.103327045073876,2.371502161026001,2.2532811747461876,26,ppo_kalman_seed46,ppo_kalman,PPO-Kalman,46
77138,intercepted,1,0,0,0,120,88,44.0,32,120.0,60.0,3.5319504737854004,0,2.639302033366579,2.309800863265991,2.7601276538047266,33,ppo_kalman_seed46,ppo_kalman,PPO-Kalman,46
77139,soldier_caught,0,1,0,0,44,43,21.5,1,,,1.7486412525177002,0,1.527609646320343,1.2496368885040283,1.5526944598403676,2,ppo_kalman_seed46,ppo_kalman,PPO-Kalman,46
77140,soldier_caught,0,1,0,0,497,497,248.5,0,,,1.4318231344223022,0,1.0717980861663818,1.0717980861663818,1.0717980861663818,1,ppo_kalman_seed46,ppo_kalman,PPO-Kalman,46
77141,intercepted,1,0,0,0,967,952,476.0,15,967.0,483.5,3.849281072616577,0,2.138592291623354,2.170043468475342,2.2891653733944692,16,ppo_kalman_seed46,ppo_kalman,PPO-Kalman,46
77142,intercepted,1,0,0,0,41,15,7.5,26,41.0,20.5,3.0788848400115967,0,2.087113536066479,0.40892839431762695,2.340110855459099,27,ppo_kalman_seed46,ppo_kalman,PPO-Kalman,46
77143,unsafe_intercept,0,0,1,0,516,516,258.0,0,,,2.0169410705566406,0,1.249298095703125,1.249298095703125,1.249298095703125,1,ppo_kalman_seed46,ppo_kalman,PPO-Kalman,46
77144,intercepted,1,0,0,0,481,251,125.5,230,481.0,240.5,3.5974061489105225,0,2.594206283812399,2.957392930984497,2.6931965355089815,231,ppo_kalman_seed46,ppo_kalman,PPO-Kalman,46
77145,soldier_caught,0,1,0,0,175,174,87.0,1,,,1.7736326456069946,0,1.2953612804412842,1.0537283420562744,1.317705325093231,2,ppo_kalman_seed46,ppo_kalman,PPO-Kalman,46
77146,intercepted,1,0,0,0,290,208,104.0,82,290.0,145.0,3.7712690830230713,0,2.5521642917610077,2.345796585083008,2.6650539828027053,83,ppo_kalman_seed46,ppo_kalman,PPO-Kalman,46
77147,intercepted,1,0,0,0,420,419,209.5,1,420.0,210.0,3.7653517723083496,0,0.8552829772233963,0.10073640942573547,1.1405478920691348,2,ppo_kalman_seed46,ppo_kalman,PPO-Kalman,46
77148,soldier_caught,0,1,0,0,448,447,223.5,1,,,1.6981323957443237,0,1.0018811225891113,0.31859326362609863,1.212702800362346,2,ppo_kalman_seed46,ppo_kalman,PPO-Kalman,46
77149,soldier_caught,0,1,0,0,40,15,7.5,25,,,0.6796522736549377,0,2.137444399870359,2.524393081665039,2.270911785187626,26,ppo_kalman_seed46,ppo_kalman,PPO-Kalman,46
77150,intercepted,1,0,0,0,317,227,113.5,90,317.0,158.5,2.1400203704833984,0,2.3555416520480272,2.8661253452301025,2.4397323404459414,91,ppo_kalman_seed46,ppo_kalman,PPO-Kalman,46
77151,unsafe_intercept,0,0,1,0,1085,1084,542.0,1,,,2.59460186958313,0,1.0226801037788391,1.345321774482727,1.072367587322413,2,ppo_kalman_seed46,ppo_kalman,PPO-Kalman,46
77152,intercepted,1,0,0,0,392,331,165.5,61,392.0,196.0,3.7630209922790527,0,2.5672904887507038,3.216904640197754,2.6723569229809017,62,ppo_kalman_seed46,ppo_kalman,PPO-Kalman,46
77153,intercepted,1,0,0,0,364,332,166.0,32,364.0,182.0,3.6920220851898193,0,2.1641922990481057,0.8268998265266418,2.334419169662722,33,ppo_kalman_seed46,ppo_kalman,PPO-Kalman,46
77154,unsafe_intercept,0,0,1,0,333,332,166.0,1,,,2.9106369018554688,0,1.584244191646576,1.7029792070388794,1.5886874024319961,2,ppo_kalman_seed46,ppo_kalman,PPO-Kalman,46
77155,unsafe_intercept,0,0,1,0,323,323,161.5,0,,,2.389982223510742,0,1.1377028226852417,1.1377028226852417,1.1377028226852417,1,ppo_kalman_seed46,ppo_kalman,PPO-Kalman,46
77156,intercepted,1,0,0,0,333,285,142.5,48,333.0,166.5,4.521727561950684,0,2.566430232354573,2.819533586502075,2.6643508241449947,49,ppo_kalman_seed46,ppo_kalman,PPO-Kalman,46
77157,soldier_caught,0,1,0,0,38,15,7.5,23,,,1.8190420866012573,0,2.3418592711289725,2.472302198410034,2.4895159240026947,24,ppo_kalman_seed46,ppo_kalman,PPO-Kalman,46
77158,unsafe_intercept,0,0,1,0,10,10,5.0,0,,,2.4396817684173584,0,1.2584835290908813,1.2584835290908813,1.2584835290908813,1,ppo_kalman_seed46,ppo_kalman,PPO-Kalman,46
77159,intercepted,1,0,0,0,216,100,50.0,116,216.0,108.0,2.1608409881591797,0,2.613634928678855,3.0546514987945557,2.694989348702293,117,ppo_kalman_seed46,ppo_kalman,PPO-Kalman,46
77160,intercepted,1,0,0,0,124,79,39.5,45,124.0,62.0,2.5884318351745605,0,2.600232932878577,3.0664212703704834,2.7110174332516883,46,ppo_kalman_seed46,ppo_kalman,PPO-Kalman,46
77161,soldier_caught,0,1,0,0,35,12,6.0,23,,,1.917284607887268,0,2.659057430922985,3.220489740371704,2.794717566032704,24,ppo_kalman_seed46,ppo_kalman,PPO-Kalman,46
77162,intercepted,1,0,0,0,681,462,231.0,219,681.0,340.5,2.5304222106933594,0,2.490765612640164,2.941986560821533,2.6509256255548115,220,ppo_kalman_seed46,ppo_kalman,PPO-Kalman,46
77163,soldier_caught,0,1,0,0,469,308,154.0,161,,,0.9523786902427673,0,2.436121013613395,3.2942874431610107,2.554868785312796,162,ppo_kalman_seed46,ppo_kalman,PPO-Kalman,46
77164,intercepted,1,0,0,0,223,107,53.5,116,223.0,111.5,3.989886522293091,0,2.5538470500554795,3.5717835426330566,2.6502283012957584,117,ppo_kalman_seed46,ppo_kalman,PPO-Kalman,46
77165,intercepted,1,0,0,0,165,53,26.5,112,165.0,82.5,3.0272557735443115,0,2.5023900373319607,2.9465649127960205,2.6353162723218078,113,ppo_kalman_seed46,ppo_kalman,PPO-Kalman,46
77166,unsafe_intercept,0,0,1,0,83,82,41.0,1,,,2.781789779663086,0,1.5642748475074768,0.8751708269119263,1.7093332471304397,2,ppo_kalman_seed46,ppo_kalman,PPO-Kalman,46
77167,soldier_caught,0,1,0,0,36,13,6.5,23,,,0.513256847858429,0,2.470157419020931,2.6685516834259033,2.674450281158812,24,ppo_kalman_seed46,ppo_kalman,PPO-Kalman,46
77168,unsafe_intercept,0,0,1,0,560,559,279.5,1,,,2.409355401992798,0,1.4158995747566223,1.5323749780654907,1.4206822746032792,2,ppo_kalman_seed46,ppo_kalman,PPO-Kalman,46
77169,soldier_caught,0,1,0,0,58,57,28.5,1,,,1.6388907432556152,0,1.4531809091567993,2.046168088912964,1.569512201320191,2,ppo_kalman_seed46,ppo_kalman,PPO-Kalman,46
77170,intercepted,1,0,0,0,139,112,56.0,27,139.0,69.5,4.751366138458252,0,2.086503912295614,2.9437413215637207,2.246860303777288,28,ppo_kalman_seed46,ppo_kalman,PPO-Kalman,46
77171,unsafe_intercept,0,0,1,0,63,62,31.0,1,,,2.8444464206695557,0,1.1322557628154755,1.5311647653579712,1.200471367729486,2,ppo_kalman_seed46,ppo_kalman,PPO-Kalman,46
77172,intercepted,1,0,0,0,850,447,223.5,403,850.0,425.0,2.7676877975463867,0,2.585052148319117,2.727308511734009,2.6620767345194696,404,ppo_kalman_seed46,ppo_kalman,PPO-Kalman,46
77173,intercepted,1,0,0,0,465,173,86.5,292,465.0,232.5,3.6009485721588135,0,2.403145769146929,2.678025722503662,2.5509022617036443,293,ppo_kalman_seed46,ppo_kalman,PPO-Kalman,46
77174,intercepted,1,0,0,0,276,125,62.5,151,276.0,138.0,2.626812219619751,0,2.5294598068453764,2.1861650943756104,2.644729130346899,152,ppo_kalman_seed46,ppo_kalman,PPO-Kalman,46
77175,intercepted,1,0,0,0,170,97,48.5,73,170.0,85.0,4.1314826011657715,0,2.345788672969148,2.797476291656494,2.4436445741111625,74,ppo_kalman_seed46,ppo_kalman,PPO-Kalman,46
77176,soldier_caught,0,1,0,0,238,38,19.0,200,,,1.884162187576294,0,2.5995529603898824,3.0193264484405518,2.656834683810513,201,ppo_kalman_seed46,ppo_kalman,PPO-Kalman,46
77177,unsafe_intercept,0,0,1,0,446,446,223.0,0,,,2.344655990600586,0,0.5368062257766724,0.5368062257766724,0.5368062257766724,1,ppo_kalman_seed46,ppo_kalman,PPO-Kalman,46
77178,intercepted,1,0,0,0,194,173,86.5,21,194.0,97.0,2.7187960147857666,0,2.4110722595995124,2.0589118003845215,2.512471207590537,22,ppo_kalman_seed46,ppo_kalman,PPO-Kalman,46
77179,unsafe_intercept,0,0,1,0,60,59,29.5,1,,,2.4512760639190674,0,0.9339509308338165,0.955704391002655,0.9342042358256943,2,ppo_kalman_seed46,ppo_kalman,PPO-Kalman,46
77180,soldier_caught,0,1,0,0,16,16,8.0,0,,,1.476803183555603,0,0.8361353874206543,0.8361353874206543,0.8361353874206543,1,ppo_kalman_seed46,ppo_kalman,PPO-Kalman,46
77181,intercepted,1,0,0,0,901,815,407.5,86,901.0,450.5,4.469653606414795,0,2.592988090953608,1.8857665061950684,2.701885330458423,87,ppo_kalman_seed46,ppo_kalman,PPO-Kalman,46
77182,intercepted,1,0,0,0,1163,1162,581.0,1,1163.0,581.5,3.2915232181549072,0,1.695700764656067,1.814746379852295,1.699874389992572,2,ppo_kalman_seed46,ppo_kalman,PPO-Kalman,46
77183,intercepted,1,0,0,0,166,10,5.0,156,166.0,83.0,3.6514768600463867,0,2.426838525731093,2.14349102973938,2.516978766321531,157,ppo_kalman_seed46,ppo_kalman,PPO-Kalman,46
77184,soldier_caught,0,1,0,0,729,491,245.5,238,,,0.21476411819458008,0,2.6395659376886598,2.1196236610412598,2.7110216810972387,239,ppo_kalman_seed46,ppo_kalman,PPO-Kalman,46
77185,soldier_caught,0,1,0,0,422,422,211.0,0,,,1.3617923259735107,0,1.6111713647842407,1.6111713647842407,1.6111713647842407,1,ppo_kalman_seed46,ppo_kalman,PPO-Kalman,46
77186,intercepted,1,0,0,0,169,122,61.0,47,169.0,84.5,4.929953575134277,0,2.400054986278216,2.503915548324585,2.5086514914422837,48,ppo_kalman_seed46,ppo_kalman,PPO-Kalman,46
77187,intercepted,1,0,0,0,38,9,4.5,29,38.0,19.0,4.876655578613281,0,2.208494754632314,3.425997018814087,2.3419585298991294,30,ppo_kalman_seed46,ppo_kalman,PPO-Kalman,46
77188,soldier_caught,0,1,0,0,87,36,18.0,51,,,0.9931043982505798,0,2.2733327305087676,1.0374189615249634,2.435660555948811,52,ppo_kalman_seed46,ppo_kalman,PPO-Kalman,46
77189,unsafe_intercept,0,0,1,0,117,116,58.0,1,,,3.1265196800231934,0,1.4525662064552307,0.5649555921554565,1.7022929203733894,2,ppo_kalman_seed46,ppo_kalman,PPO-Kalman,46
77190,soldier_caught,0,1,0,0,14,13,6.5,1,,,1.8734663724899292,0,1.2699750661849976,1.9150029420852661,1.4243937761096828,2,ppo_kalman_seed46,ppo_kalman,PPO-Kalman,46
77191,intercepted,1,0,0,0,469,110,55.0,359,469.0,234.5,3.235356330871582,0,2.6358944181766777,2.8274285793304443,2.7092656427927095,360,ppo_kalman_seed46,ppo_kalman,PPO-Kalman,46
77192,soldier_caught,0,1,0,0,63,63,31.5,0,,,1.7505472898483276,0,1.0730499029159546,1.0730499029159546,1.0730499029159546,1,ppo_kalman_seed46,ppo_kalman,PPO-Kalman,46
77193,intercepted,1,0,0,0,146,11,5.5,135,146.0,73.0,4.7060866355896,0,2.379215221632929,3.35347318649292,2.4911712855584205,136,ppo_kalman_seed46,ppo_kalman,PPO-Kalman,46
77194,intercepted,1,0,0,0,267,156,78.0,111,267.0,133.5,3.9082155227661133,0,2.5441819908363477,2.7308690547943115,2.6870808070531913,112,ppo_kalman_seed46,ppo_kalman,PPO-Kalman,46
77195,soldier_caught,0,1,0,0,57,30,15.0,27,,,1.3380762338638306,0,2.1920186962400163,3.1040191650390625,2.346513575399861,28,ppo_kalman_seed46,ppo_kalman,PPO-Kalman,46
77196,intercepted,1,0,0,0,456,331,165.5,125,456.0,228.0,4.962846279144287,0,2.299527822978913,2.525858163833618,2.4271904523688606,126,ppo_kalman_seed46,ppo_kalman,PPO-Kalman,46
77197,intercepted,1,0,0,0,140,53,26.5,87,140.0,70.0,4.481066703796387,0,2.5646066235547718,2.0938589572906494,2.7262524229822502,88,ppo_kalman_seed46,ppo_kalman,PPO-Kalman,46
77198,intercepted,1,0,0,0,538,442,221.0,96,538.0,269.0,2.4169399738311768,0,2.2867124633690747,2.6890501976013184,2.4093991404375164,97,ppo_kalman_seed46,ppo_kalman,PPO-Kalman,46
77199,unsafe_intercept,0,0,1,0,1298,1297,648.5,1,,,3.4121859073638916,0,1.2092573642730713,1.2837647199630737,1.2115505433536695,2,ppo_kalman_seed46,ppo_kalman,PPO-Kalman,46
77200,unsafe_intercept,0,0,1,0,1096,1095,547.5,1,,,2.6001741886138916,0,0.47780419886112213,0.5184621214866638,0.47953093656357904,2,ppo_kalman_seed46,ppo_kalman,PPO-Kalman,46
77201,intercepted,1,0,0,0,445,320,160.0,125,445.0,222.5,3.4639008045196533,0,2.5217834327902113,1.9671740531921387,2.6545114024004928,126,ppo_kalman_seed46,ppo_kalman,PPO-Kalman,46
77202,intercepted,1,0,0,0,437,397,198.5,40,437.0,218.5,4.464950084686279,0,2.338094925008169,1.2504634857177734,2.4449584782949367,41,ppo_kalman_seed46,ppo_kalman,PPO-Kalman,46
77203,soldier_caught,0,1,0,0,290,262,131.0,28,,,1.8577628135681152,0,1.909552076767231,2.816563606262207,2.1435848906220056,29,ppo_kalman_seed46,ppo_kalman,PPO-Kalman,46
77204,intercepted,1,0,0,0,184,154,77.0,30,184.0,92.0,3.830425500869751,0,2.1134585642045542,2.5166563987731934,2.245400373640441,31,ppo_kalman_seed46,ppo_kalman,PPO-Kalman,46
77205,intercepted,1,0,0,0,97,39,19.5,58,97.0,48.5,4.202274322509766,0,2.488193111904597,2.869774341583252,2.6514952639378517,59,ppo_kalman_seed46,ppo_kalman,PPO-Kalman,46
77206,intercepted,1,0,0,0,359,13,6.5,346,359.0,179.5,4.118732452392578,0,2.7180318641731307,2.472482681274414,2.7718626831376816,347,ppo_kalman_seed46,ppo_kalman,PPO-Kalman,46
77207,intercepted,1,0,0,0,453,203,101.5,250,453.0,226.5,2.4939446449279785,0,2.4013102324122926,3.622708320617676,2.507940299388534,251,ppo_kalman_seed46,ppo_kalman,PPO-Kalman,46
77208,soldier_caught,0,1,0,0,46,46,23.0,0,,,1.0151299238204956,0,1.019036054611206,1.019036054611206,1.019036054611206,1,ppo_kalman_seed46,ppo_kalman,PPO-Kalman,46
77209,intercepted,1,0,0,0,173,145,72.5,28,173.0,86.5,2.7537801265716553,0,2.22301814062842,3.130850315093994,2.4840631999025407,29,ppo_kalman_seed46,ppo_kalman,PPO-Kalman,46
77210,intercepted,1,0,0,0,926,876,438.0,50,926.0,463.0,3.6657421588897705,0,2.4930093358544743,2.0842597484588623,2.550688023315829,51,ppo_kalman_seed46,ppo_kalman,PPO-Kalman,46
77211,timeout,0,0,0,1,2000,1404,702.0,596,,,2.6908814907073975,0,2.6537484852737516,1.000279426574707,2.7186869772695115,597,ppo_kalman_seed46,ppo_kalman,PPO-Kalman,46
77212,intercepted,1,0,0,0,367,207,103.5,160,367.0,183.5,2.825291156768799,0,2.3260204910491566,2.6208691596984863,2.4568544342455203,161,ppo_kalman_seed46,ppo_kalman,PPO-Kalman,46
77213,unsafe_intercept,0,0,1,0,807,807,403.5,0,,,2.227975606918335,0,2.0748677253723145,2.0748677253723145,2.0748677253723145,1,ppo_kalman_seed46,ppo_kalman,PPO-Kalman,46
77214,intercepted,1,0,0,0,546,529,264.5,17,546.0,273.0,3.6340582370758057,0,2.2098155551486545,2.8073809146881104,2.3604183913158034,18,ppo_kalman_seed46,ppo_kalman,PPO-Kalman,46
77215,soldier_caught,0,1,0,0,12,11,5.5,1,,,1.4076743125915527,0,0.2967112809419632,0.43040573596954346,0.32544091866780106,2,ppo_kalman_seed46,ppo_kalman,PPO-Kalman,46
77216,soldier_caught,0,1,0,0,779,754,377.0,25,,,1.8111029863357544,0,2.02147216292528,0.7738781571388245,2.321068579433774,26,ppo_kalman_seed46,ppo_kalman,PPO-Kalman,46
77217,intercepted,1,0,0,0,244,129,64.5,115,244.0,122.0,4.900536060333252,0,2.573786490436258,2.847174882888794,2.6452244369134896,116,ppo_kalman_seed46,ppo_kalman,PPO-Kalman,46
77218,soldier_caught,0,1,0,0,243,243,121.5,0,,,1.7150065898895264,0,1.6982213258743286,1.6982213258743286,1.6982213258743286,1,ppo_kalman_seed46,ppo_kalman,PPO-Kalman,46
77219,intercepted,1,0,0,0,424,123,61.5,301,424.0,212.0,3.2863097190856934,0,2.6589928387806117,0.4853033423423767,2.7388790764722843,302,ppo_kalman_seed46,ppo_kalman,PPO-Kalman,46
77220,intercepted,1,0,0,0,400,350,175.0,50,400.0,200.0,4.898138046264648,0,2.294068043138467,3.425464153289795,2.4281213185570425,51,ppo_kalman_seed46,ppo_kalman,PPO-Kalman,46
77221,intercepted,1,0,0,0,541,514,257.0,27,541.0,270.5,4.724642753601074,0,2.3981954253145625,2.852889060974121,2.5161992169495435,28,ppo_kalman_seed46,ppo_kalman,PPO-Kalman,46
77222,intercepted,1,0,0,0,416,346,173.0,70,416.0,208.0,3.1741130352020264,0,2.493319898004263,2.1573424339294434,2.5860873619480595,71,ppo_kalman_seed46,ppo_kalman,PPO-Kalman,46
77223,intercepted,1,0,0,0,62,39,19.5,23,62.0,31.0,3.3894362449645996,0,2.253948099911213,2.708200216293335,2.5072802329924646,24,ppo_kalman_seed46,ppo_kalman,PPO-Kalman,46
77224,intercepted,1,0,0,0,148,78,39.0,70,148.0,74.0,3.8432271480560303,0,2.636806610604407,3.04486083984375,2.7061149958288744,71,ppo_kalman_seed46,ppo_kalman,PPO-Kalman,46
77225,unsafe_intercept,0,0,1,0,279,279,139.5,0,,,2.208972692489624,0,1.647761583328247,1.647761583328247,1.647761583328247,1,ppo_kalman_seed46,ppo_kalman,PPO-Kalman,46
77226,intercepted,1,0,0,0,181,40,20.0,141,181.0,90.5,3.0787007808685303,0,2.620745164197935,3.4446730613708496,2.710996645902049,142,ppo_kalman_seed46,ppo_kalman,PPO-Kalman,46
77227,intercepted,1,0,0,0,252,76,38.0,176,252.0,126.0,2.335033655166626,0,2.3604034324318675,1.9838392734527588,2.4861893759976836,177,ppo_kalman_seed46,ppo_kalman,PPO-Kalman,46
77228,intercepted,1,0,0,0,754,463,231.5,291,754.0,377.0,2.8830020427703857,0,2.549731848378704,3.782554864883423,2.6534520954015592,292,ppo_kalman_seed46,ppo_kalman,PPO-Kalman,46
77229,intercepted,1,0,0,0,401,10,5.0,391,401.0,200.5,2.599992036819458,0,2.540948139921743,3.4165844917297363,2.6358012454205992,392,ppo_kalman_seed46,ppo_kalman,PPO-Kalman,46
77230,intercepted,1,0,0,0,721,293,146.5,428,721.0,360.5,2.4907777309417725,0,2.5881934681764016,0.9408515095710754,2.672922853746887,429,ppo_kalman_seed46,ppo_kalman,PPO-Kalman,46
77231,intercepted,1,0,0,0,140,94,47.0,46,140.0,70.0,2.094860792160034,0,2.4921593323667,2.587172031402588,2.587869540582323,47,ppo_kalman_seed46,ppo_kalman,PPO-Kalman,46
77232,intercepted,1,0,0,0,92,73,36.5,19,92.0,46.0,4.653438091278076,0,2.37207190990448,2.1063055992126465,2.539478713925995,20,ppo_kalman_seed46,ppo_kalman,PPO-Kalman,46
77233,intercepted,1,0,0,0,52,32,16.0,20,52.0,26.0,3.9647622108459473,0,2.3930483715874806,3.400128126144409,2.536748054161149,21,ppo_kalman_seed46,ppo_kalman,PPO-Kalman,46
77234,soldier_caught,0,1,0,0,291,262,131.0,29,,,1.4906644821166992,0,1.844679315884908,1.1610229015350342,2.0550804650195076,30,ppo_kalman_seed46,ppo_kalman,PPO-Kalman,46
77235,soldier_caught,0,1,0,0,194,193,96.5,1,,,1.8924764394760132,0,1.3366646766662598,2.0028791427612305,1.4934906001316257,2,ppo_kalman_seed46,ppo_kalman,PPO-Kalman,46
77236,intercepted,1,0,0,0,332,274,137.0,58,332.0,166.0,2.718381404876709,0,2.578722778013197,2.376962423324585,2.6760866558582954,59,ppo_kalman_seed46,ppo_kalman,PPO-Kalman,46
77237,intercepted,1,0,0,0,610,417,208.5,193,610.0,305.0,2.802140712738037,0,2.549698955004977,1.8799422979354858,2.6570276076456314,194,ppo_kalman_seed46,ppo_kalman,PPO-Kalman,46
77238,intercepted,1,0,0,0,896,609,304.5,287,896.0,448.0,2.437291145324707,0,2.63255319558084,3.1805760860443115,2.725895593771568,288,ppo_kalman_seed46,ppo_kalman,PPO-Kalman,46
77239,intercepted,1,0,0,0,391,369,184.5,22,391.0,195.5,3.325259208679199,0,2.4288062505100085,3.266559600830078,2.586360215895729,23,ppo_kalman_seed46,ppo_kalman,PPO-Kalman,46
77240,intercepted,1,0,0,0,160,12,6.0,148,160.0,80.0,2.763516664505005,0,2.5398667772744328,2.6906683444976807,2.5997530469413377,149,ppo_kalman_seed46,ppo_kalman,PPO-Kalman,46
77241,soldier_caught,0,1,0,0,171,170,85.0,1,,,1.9197548627853394,0,1.3170961439609528,1.7566401958465576,1.388503232255808,2,ppo_kalman_seed46,ppo_kalman,PPO-Kalman,46
77242,soldier_caught,0,1,0,0,11,10,5.0,1,,,1.6140074729919434,0,0.8506125807762146,0.583148717880249,0.8916718457650237,2,ppo_kalman_seed46,ppo_kalman,PPO-Kalman,46
77243,intercepted,1,0,0,0,43,10,5.0,33,43.0,21.5,3.717134714126587,0,2.0949106286553776,3.196526050567627,2.23918572505745,34,ppo_kalman_seed46,ppo_kalman,PPO-Kalman,46
77244,intercepted,1,0,0,0,81,60,30.0,21,81.0,40.5,2.847684621810913,0,2.186281071467833,2.8000149726867676,2.3248968249015185,22,ppo_kalman_seed46,ppo_kalman,PPO-Kalman,46
77245,soldier_caught,0,1,0,0,68,16,8.0,52,,,0.32626086473464966,0,2.1487039473821534,1.2509739398956299,2.33816553458099,53,ppo_kalman_seed46,ppo_kalman,PPO-Kalman,46
77246,intercepted,1,0,0,0,472,120,60.0,352,472.0,236.0,2.121302604675293,0,2.4817550965814346,2.6226487159729004,2.6176084222393747,353,ppo_kalman_seed46,ppo_kalman,PPO-Kalman,46
77247,soldier_caught,0,1,0,0,319,318,159.0,1,,,1.5609092712402344,0,0.8881319314241409,0.4208567440509796,1.0035558919909733,2,ppo_kalman_seed46,ppo_kalman,PPO-Kalman,46
77248,intercepted,1,0,0,0,729,711,355.5,18,729.0,364.5,3.545318841934204,0,2.2000790646201684,2.417971611022949,2.2974955091139737,19,ppo_kalman_seed46,ppo_kalman,PPO-Kalman,46
77249,intercepted,1,0,0,0,812,682,341.0,130,812.0,406.0,3.8720719814300537,0,2.616530657497071,2.104276418685913,2.712466978178574,131,ppo_kalman_seed46,ppo_kalman,PPO-Kalman,46
77250,unsafe_intercept,0,0,1,0,480,480,240.0,0,,,2.328684091567993,0,1.146245002746582,1.146245002746582,1.146245002746582,1,ppo_kalman_seed46,ppo_kalman,PPO-Kalman,46
77251,intercepted,1,0,0,0,257,81,40.5,176,257.0,128.5,2.271649122238159,0,2.4903057385972662,2.2821381092071533,2.6018542848878683,177,ppo_kalman_seed46,ppo_kalman,PPO-Kalman,46
77252,intercepted,1,0,0,0,790,577,288.5,213,790.0,395.0,4.05244255065918,0,2.5455967931546897,2.0457096099853516,2.6364995906741497,214,ppo_kalman_seed46,ppo_kalman,PPO-Kalman,46
77253,soldier_caught,0,1,0,0,58,57,28.5,1,,,1.5539848804473877,0,1.2518973350524902,1.3480219841003418,1.2555822894840862,2,ppo_kalman_seed46,ppo_kalman,PPO-Kalman,46
77254,intercepted,1,0,0,0,131,130,65.0,1,131.0,65.5,3.6421749591827393,0,1.1691501140594482,1.2846020460128784,1.1748366430261699,2,ppo_kalman_seed46,ppo_kalman,PPO-Kalman,46
77255,intercepted,1,0,0,0,357,75,37.5,282,357.0,178.5,3.3738694190979004,0,2.551398576990876,2.364318609237671,2.634812959552154,283,ppo_kalman_seed46,ppo_kalman,PPO-Kalman,46
77256,soldier_caught,0,1,0,0,194,63,31.5,131,,,0.4576249122619629,0,2.6136522037964878,2.9976541996002197,2.700337457233914,132,ppo_kalman_seed46,ppo_kalman,PPO-Kalman,46
77257,unsafe_intercept,0,0,1,0,304,303,151.5,1,,,2.528430461883545,0,1.3975911736488342,1.5711312294006348,1.4083242664995388,2,ppo_kalman_seed46,ppo_kalman,PPO-Kalman,46
77258,unsafe_intercept,0,0,1,0,34,11,5.5,23,,,2.25384521484375,0,2.3878982911507287,1.911902666091919,2.5069992172273206,24,ppo_kalman_seed46,ppo_kalman,PPO-Kalman,46
77259,unsafe_intercept,0,0,1,0,284,284,142.0,0,,,2.0483686923980713,0,0.579125165939331,0.579125165939331,0.579125165939331,1,ppo_kalman_seed46,ppo_kalman,PPO-Kalman,46
77260,intercepted,1,0,0,0,1009,927,463.5,82,1009.0,504.5,2.8337652683258057,0,2.2770911702908667,3.1673295497894287,2.424860923750989,83,ppo_kalman_seed46,ppo_kalman,PPO-Kalman,46
77261,soldier_caught,0,1,0,0,600,215,107.5,385,,,1.9956541061401367,0,2.5490269572160407,1.2810053825378418,2.651815625657444,386,ppo_kalman_seed46,ppo_kalman,PPO-Kalman,46
77262,intercepted,1,0,0,0,126,62,31.0,64,126.0,63.0,4.20155143737793,0,2.5243899235358604,2.4591546058654785,2.626590418421593,65,ppo_kalman_seed46,ppo_kalman,PPO-Kalman,46
77263,unsafe_intercept,0,0,1,0,166,166,83.0,0,,,2.476933240890503,0,0.8898237943649292,0.8898237943649292,0.8898237943649292,1,ppo_kalman_seed46,ppo_kalman,PPO-Kalman,46
77264,soldier_caught,0,1,0,0,357,356,178.0,1,,,0.6490150094032288,0,0.8870875239372253,0.9008005857467651,0.8871935094382001,2,ppo_kalman_seed46,ppo_kalman,PPO-Kalman,46
77265,intercepted,1,0,0,0,450,371,185.5,79,450.0,225.0,2.7117459774017334,0,2.569478116184473,0.5537269115447998,2.7244755965193845,80,ppo_kalman_seed46,ppo_kalman,PPO-Kalman,46
77266,soldier_caught,0,1,0,0,732,707,353.5,25,,,1.2947262525558472,0,1.974504941358016,2.092628002166748,2.0913978732179497,26,ppo_kalman_seed46,ppo_kalman,PPO-Kalman,46
77267,soldier_caught,0,1,0,0,35,13,6.5,22,,,0.10407374799251556,0,2.3944423224615012,2.572040557861328,2.48411359380485,23,ppo_kalman_seed46,ppo_kalman,PPO-Kalman,46
77268,soldier_caught,0,1,0,0,256,256,128.0,0,,,1.6957483291625977,0,0.8984442949295044,0.8984442949295044,0.8984442949295044,1,ppo_kalman_seed46,ppo_kalman,PPO-Kalman,46
77269,unsafe_intercept,0,0,1,0,214,213,106.5,1,,,2.826735258102417,0,1.2360152155160904,0.47275665402412415,1.4526862168679349,2,ppo_kalman_seed46,ppo_kalman,PPO-Kalman,46
77270,intercepted,1,0,0,0,121,82,41.0,39,121.0,60.5,3.7809314727783203,0,2.5138240829110146,2.6212077140808105,2.6317744916771266,40,ppo_kalman_seed46,ppo_kalman,PPO-Kalman,46
77271,soldier_caught,0,1,0,0,1487,1284,642.0,203,,,1.8605304956436157,0,2.579170121135665,3.3010470867156982,2.698355155496043,204,ppo_kalman_seed46,ppo_kalman,PPO-Kalman,46
77272,intercepted,1,0,0,0,35,12,6.0,23,35.0,17.5,3.9438748359680176,0,2.293698159356912,1.7421244382858276,2.420576305237579,24,ppo_kalman_seed46,ppo_kalman,PPO-Kalman,46
77273,unsafe_intercept,0,0,1,0,617,616,308.0,1,,,2.090930938720703,0,1.2411878108978271,0.6691393852233887,1.3666698881726866,2,ppo_kalman_seed46,ppo_kalman,PPO-Kalman,46
77274,intercepted,1,0,0,0,69,15,7.5,54,69.0,34.5,4.321237087249756,0,2.2436394621025433,1.19196617603302,2.407689402664427,55,ppo_kalman_seed46,ppo_kalman,PPO-Kalman,46
77275,soldier_caught,0,1,0,0,114,60,30.0,54,,,1.1623388528823853,0,2.272246780178764,1.5677400827407837,2.472346503548554,55,ppo_kalman_seed46,ppo_kalman,PPO-Kalman,46
77276,soldier_caught,0,1,0,0,676,416,208.0,260,,,1.487886667251587,0,2.618821820308422,1.7909599542617798,2.70190162767833,261,ppo_kalman_seed46,ppo_kalman,PPO-Kalman,46
77277,intercepted,1,0,0,0,521,42,21.0,479,521.0,260.5,4.541377067565918,0,2.6127439330021542,2.9480884075164795,2.6936035003643597,480,ppo_kalman_seed46,ppo_kalman,PPO-Kalman,46
77278,soldier_caught,0,1,0,0,217,217,108.5,0,,,0.8087678551673889,0,2.7959370613098145,2.7959370613098145,2.7959370613098145,1,ppo_kalman_seed46,ppo_kalman,PPO-Kalman,46
77279,intercepted,1,0,0,0,836,648,324.0,188,836.0,418.0,2.6537890434265137,0,2.557235068114346,3.4954895973205566,2.675657907088945,189,ppo_kalman_seed46,ppo_kalman,PPO-Kalman,46
77280,intercepted,1,0,0,0,190,45,22.5,145,190.0,95.0,2.6856541633605957,0,2.2525925656704056,2.2160804271698,2.4321356607889637,146,ppo_kalman_seed46,ppo_kalman,PPO-Kalman,46
77281,soldier_caught,0,1,0,0,263,262,131.0,1,,,1.8984326124191284,0,1.1129425466060638,0.7479224801063538,1.171273136801764,2,ppo_kalman_seed46,ppo_kalman,PPO-Kalman,46
77282,intercepted,1,0,0,0,938,64,32.0,874,938.0,469.0,2.698004722595215,0,2.643787421311651,2.305063486099243,2.725037353849363,875,ppo_kalman_seed46,ppo_kalman,PPO-Kalman,46
77283,intercepted,1,0,0,0,708,677,338.5,31,708.0,354.0,3.2032101154327393,0,2.5991465263068676,2.2223100662231445,2.7125737504767122,32,ppo_kalman_seed46,ppo_kalman,PPO-Kalman,46
77284,soldier_caught,0,1,0,0,412,53,26.5,359,,,1.116210699081421,0,2.5454970801042185,3.4960925579071045,2.648067181282857,360,ppo_kalman_seed46,ppo_kalman,PPO-Kalman,46
77285,intercepted,1,0,0,0,740,319,159.5,421,740.0,370.0,3.2169950008392334,0,2.551853783252115,2.929211139678955,2.6295030155828854,422,ppo_kalman_seed46,ppo_kalman,PPO-Kalman,46
77286,intercepted,1,0,0,0,359,162,81.0,197,359.0,179.5,2.973966598510742,0,2.6464461128820074,3.2502644062042236,2.733946838333565,198,ppo_kalman_seed46,ppo_kalman,PPO-Kalman,46
77287,intercepted,1,0,0,0,171,71,35.5,100,171.0,85.5,2.512333393096924,0,2.2192737728652387,2.5261330604553223,2.385667624945094,101,ppo_kalman_seed46,ppo_kalman,PPO-Kalman,46
77288,unsafe_intercept,0,0,1,0,277,277,138.5,0,,,2.104783058166504,0,0.7481353878974915,0.7481353878974915,0.7481353878974915,1,ppo_kalman_seed46,ppo_kalman,PPO-Kalman,46
77289,intercepted,1,0,0,0,146,12,6.0,134,146.0,73.0,2.694575071334839,0,2.5457611863259917,2.4495434761047363,2.6416334100021084,135,ppo_kalman_seed46,ppo_kalman,PPO-Kalman,46
77290,intercepted,1,0,0,0,238,83,41.5,155,238.0,119.0,2.4386940002441406,0,2.624765393061516,2.2008628845214844,2.692219638153259,156,ppo_kalman_seed46,ppo_kalman,PPO-Kalman,46
77291,soldier_caught,0,1,0,0,321,216,108.0,105,,,0.6194936037063599,0,2.517089102065788,3.260423421859741,2.594125649865741,106,ppo_kalman_seed46,ppo_kalman,PPO-Kalman,46
77292,intercepted,1,0,0,0,359,252,126.0,107,359.0,179.5,4.35911750793457,0,2.5295706894938594,2.592822313308716,2.675390586011067,108,ppo_kalman_seed46,ppo_kalman,PPO-Kalman,46
77293,soldier_caught,0,1,0,0,61,60,30.0,1,,,1.673985242843628,0,1.0806813538074493,0.884216845035553,1.0983945063928917,2,ppo_kalman_seed46,ppo_kalman,PPO-Kalman,46
77294,intercepted,1,0,0,0,240,11,5.5,229,240.0,120.0,4.175103187561035,0,2.510922577653242,2.4214625358581543,2.6238523398791385,230,ppo_kalman_seed46,ppo_kalman,PPO-Kalman,46
77295,intercepted,1,0,0,0,555,485,242.5,70,555.0,277.5,3.872861385345459,0,2.4054847380644837,1.878138542175293,2.495415321154553,71,ppo_kalman_seed46,ppo_kalman,PPO-Kalman,46
77296,intercepted,1,0,0,0,180,10,5.0,170,180.0,90.0,2.114844799041748,0,2.6634462655287736,2.647588014602661,2.7395508685564764,171,ppo_kalman_seed46,ppo_kalman,PPO-Kalman,46
77297,intercepted,1,0,0,0,197,10,5.0,187,197.0,98.5,3.817535400390625,0,2.6033621573067727,2.650871515274048,2.673862976825415,188,ppo_kalman_seed46,ppo_kalman,PPO-Kalman,46
77298,intercepted,1,0,0,0,559,363,181.5,196,559.0,279.5,4.634263038635254,0,2.6922632239494226,2.793407678604126,2.7613062631934406,197,ppo_kalman_seed46,ppo_kalman,PPO-Kalman,46
77299,intercepted,1,0,0,0,604,551,275.5,53,604.0,302.0,3.382754325866699,0,2.478046107623312,2.1239871978759766,2.582065358166963,54,ppo_kalman_seed46,ppo_kalman,PPO-Kalman,46
77300,intercepted,1,0,0,0,106,83,41.5,23,106.0,53.0,3.1506874561309814,0,2.473408085604509,2.267491102218628,2.6119041967063454,24,ppo_kalman_seed46,ppo_kalman,PPO-Kalman,46
77301,intercepted,1,0,0,0,525,273,136.5,252,525.0,262.5,2.511237621307373,0,2.437512357833357,2.2346060276031494,2.5445432944202824,253,ppo_kalman_seed46,ppo_kalman,PPO-Kalman,46
77302,intercepted,1,0,0,0,733,320,160.0,413,733.0,366.5,4.709076404571533,0,2.5729919181785723,2.8480215072631836,2.644271968362404,414,ppo_kalman_seed46,ppo_kalman,PPO-Kalman,46
77303,intercepted,1,0,0,0,108,33,16.5,75,108.0,54.0,4.988903522491455,0,2.433432751972424,2.2298471927642822,2.586010444717029,76,ppo_kalman_seed46,ppo_kalman,PPO-Kalman,46
77304,unsafe_intercept,0,0,1,0,1024,1024,512.0,0,,,2.1721909046173096,0,1.0284799337387085,1.0284799337387085,1.0284799337387085,1,ppo_kalman_seed46,ppo_kalman,PPO-Kalman,46
77305,soldier_caught,0,1,0,0,172,172,86.0,0,,,1.8499528169631958,0,1.0403562784194946,1.0403562784194946,1.0403562784194946,1,ppo_kalman_seed46,ppo_kalman,PPO-Kalman,46
77306,intercepted,1,0,0,0,414,315,157.5,99,414.0,207.0,4.590068817138672,0,2.6241663020849226,2.613009214401245,2.7065441010353744,100,ppo_kalman_seed46,ppo_kalman,PPO-Kalman,46
77307,intercepted,1,0,0,0,397,230,115.0,167,397.0,198.5,3.484103202819824,0,2.465172270401603,1.2978898286819458,2.5954991579090234,168,ppo_kalman_seed46,ppo_kalman,PPO-Kalman,46
77308,unsafe_intercept,0,0,1,0,230,230,115.0,0,,,2.286402463912964,0,1.4099069833755493,1.4099069833755493,1.4099069833755493,1,ppo_kalman_seed46,ppo_kalman,PPO-Kalman,46
77309,soldier_caught,0,1,0,0,276,10,5.0,266,,,1.3869373798370361,0,2.5651571861143863,2.4175493717193604,2.652553264324882,267,ppo_kalman_seed46,ppo_kalman,PPO-Kalman,46
77310,unsafe_intercept,0,0,1,0,389,389,194.5,0,,,2.2968757152557373,0,1.3572362661361694,1.3572362661361694,1.3572362661361694,1,ppo_kalman_seed46,ppo_kalman,PPO-Kalman,46
77311,intercepted,1,0,0,0,397,158,79.0,239,397.0,198.5,2.5613951683044434,0,2.4793017599731684,2.1988208293914795,2.577479212318589,240,ppo_kalman_seed46,ppo_kalman,PPO-Kalman,46
77312,intercepted,1,0,0,0,685,143,71.5,542,685.0,342.5,2.103451728820801,0,2.6236975236931337,1.4979894161224365,2.710957076837376,543,ppo_kalman_seed46,ppo_kalman,PPO-Kalman,46
77313,soldier_caught,0,1,0,0,37,10,5.0,27,,,1.4193495512008667,0,2.160459221473762,2.436063528060913,2.30956492370606,28,ppo_kalman_seed46,ppo_kalman,PPO-Kalman,46
77314,unsafe_intercept,0,0,1,0,76,76,38.0,0,,,2.264536142349243,0,1.011144757270813,1.011144757270813,1.011144757270813,1,ppo_kalman_seed46,ppo_kalman,PPO-Kalman,46
77315,soldier_caught,0,1,0,0,195,146,73.0,49,,,1.3514490127563477,0,2.1433884036540984,0.278667688369751,2.319009101966496,50,ppo_kalman_seed46,ppo_kalman,PPO-Kalman,46
77316,unsafe_intercept,0,0,1,0,36,36,18.0,0,,,2.024066209793091,0,1.299434781074524,1.299434781074524,1.299434781074524,1,ppo_kalman_seed46,ppo_kalman,PPO-Kalman,46
77317,soldier_caught,0,1,0,0,37,37,18.5,0,,,1.9277340173721313,0,1.4309557676315308,1.4309557676315308,1.4309557676315308,1,ppo_kalman_seed46,ppo_kalman,PPO-Kalman,46
77318,unsafe_intercept,0,0,1,0,212,212,106.0,0,,,2.34527850151062,0,1.6739751100540161,1.6739751100540161,1.6739751100540161,1,ppo_kalman_seed46,ppo_kalman,PPO-Kalman,46
77319,intercepted,1,0,0,0,503,456,228.0,47,503.0,251.5,2.643078327178955,0,2.488294097284476,3.394644260406494,2.5615367938101725,48,ppo_kalman_seed46,ppo_kalman,PPO-Kalman,46
77320,soldier_caught,0,1,0,0,83,34,17.0,49,,,1.6790419816970825,0,2.4136134418845177,1.7195788621902466,2.622092527041127,50,ppo_kalman_seed46,ppo_kalman,PPO-Kalman,46
77321,intercepted,1,0,0,0,353,233,116.5,120,353.0,176.5,4.976024150848389,0,2.360831799585957,3.0593085289001465,2.504615220370764,121,ppo_kalman_seed46,ppo_kalman,PPO-Kalman,46
77322,intercepted,1,0,0,0,734,509,254.5,225,734.0,367.0,4.769620895385742,0,2.6300249101050133,2.830287456512451,2.709205706007082,226,ppo_kalman_seed46,ppo_kalman,PPO-Kalman,46
77323,intercepted,1,0,0,0,253,237,118.5,16,253.0,126.5,2.5592520236968994,0,1.807146950679667,1.994872808456421,1.939355001409012,17,ppo_kalman_seed46,ppo_kalman,PPO-Kalman,46
77324,intercepted,1,0,0,0,429,349,174.5,80,429.0,214.5,3.1405229568481445,0,2.5260646034170082,1.4837541580200195,2.664897773900257,81,ppo_kalman_seed46,ppo_kalman,PPO-Kalman,46
77325,intercepted,1,0,0,0,242,204,102.0,38,242.0,121.0,4.133947849273682,0,2.3819847030517383,3.0160939693450928,2.5237141210404217,39,ppo_kalman_seed46,ppo_kalman,PPO-Kalman,46
77326,unsafe_intercept,0,0,1,0,13,12,6.0,1,,,2.2827911376953125,0,1.2659066915512085,1.0376405715942383,1.28632234421794,2,ppo_kalman_seed46,ppo_kalman,PPO-Kalman,46
77327,soldier_caught,0,1,0,0,143,143,71.5,0,,,1.2780808210372925,0,1.9404484033584595,1.9404484033584595,1.9404484033584595,1,ppo_kalman_seed46,ppo_kalman,PPO-Kalman,46
77328,intercepted,1,0,0,0,753,683,341.5,70,753.0,376.5,2.3581998348236084,0,2.5409756462338944,1.716609001159668,2.634387234021696,71,ppo_kalman_seed46,ppo_kalman,PPO-Kalman,46
77329,intercepted,1,0,0,0,438,106,53.0,332,438.0,219.0,3.9778363704681396,0,2.5538970202476055,2.05525279045105,2.6422482443239037,333,ppo_kalman_seed46,ppo_kalman,PPO-Kalman,46
77330,intercepted,1,0,0,0,368,15,7.5,353,368.0,184.0,2.196773052215576,0,2.4685858907335896,2.4800760746002197,2.591491052337279,354,ppo_kalman_seed46,ppo_kalman,PPO-Kalman,46
77331,intercepted,1,0,0,0,303,267,133.5,36,303.0,151.5,4.800548553466797,0,2.537488079554326,2.6041128635406494,2.6847815550469134,37,ppo_kalman_seed46,ppo_kalman,PPO-Kalman,46
77332,intercepted,1,0,0,0,289,243,121.5,46,289.0,144.5,3.2432191371917725,0,1.96409979747965,2.4647395610809326,2.143624256720542,47,ppo_kalman_seed46,ppo_kalman,PPO-Kalman,46
77333,soldier_caught,0,1,0,0,227,33,16.5,194,,,1.3499929904937744,0,2.616701881854962,2.204730987548828,2.7195953009456098,195,ppo_kalman_seed46,ppo_kalman,PPO-Kalman,46
77334,unsafe_intercept,0,0,1,0,46,46,23.0,0,,,2.3863625526428223,0,0.988478422164917,0.988478422164917,0.988478422164917,1,ppo_kalman_seed46,ppo_kalman,PPO-Kalman,46
77335,intercepted,1,0,0,0,200,51,25.5,149,200.0,100.0,4.043050289154053,0,2.642573055624962,2.1632561683654785,2.7658338158728286,150,ppo_kalman_seed46,ppo_kalman,PPO-Kalman,46
77336,soldier_caught,0,1,0,0,199,199,99.5,0,,,1.7678484916687012,0,0.5904507040977478,0.5904507040977478,0.5904507040977478,1,ppo_kalman_seed46,ppo_kalman,PPO-Kalman,46
77337,soldier_caught,0,1,0,0,1463,1031,515.5,432,,,1.6286938190460205,0,2.5523442860701344,1.4727680683135986,2.667776828968369,433,ppo_kalman_seed46,ppo_kalman,PPO-Kalman,46
77338,unsafe_intercept,0,0,1,0,10,10,5.0,0,,,2.1981863975524902,0,1.0332555770874023,1.0332555770874023,1.0332555770874023,1,ppo_kalman_seed46,ppo_kalman,PPO-Kalman,46
77339,soldier_caught,0,1,0,0,316,315,157.5,1,,,1.1389951705932617,0,0.9638095498085022,0.8234294652938843,0.9739791663225651,2,ppo_kalman_seed46,ppo_kalman,PPO-Kalman,46
77340,intercepted,1,0,0,0,240,157,78.5,83,240.0,120.0,2.5906238555908203,0,2.570186390231053,2.8165788650512695,2.686207556795442,84,ppo_kalman_seed46,ppo_kalman,PPO-Kalman,46
77341,intercepted,1,0,0,0,33,14,7.0,19,33.0,16.5,4.951031684875488,0,2.5635345011949537,2.259108066558838,2.6897176325824637,20,ppo_kalman_seed46,ppo_kalman,PPO-Kalman,46
77342,intercepted,1,0,0,0,1056,322,161.0,734,1056.0,528.0,3.472559690475464,0,2.6568366474034835,2.765815496444702,2.728516280227342,735,ppo_kalman_seed46,ppo_kalman,PPO-Kalman,46
77343,intercepted,1,0,0,0,462,372,186.0,90,462.0,231.0,2.6976022720336914,0,2.574888845066448,1.7747889757156372,2.6951020216426333,91,ppo_kalman_seed46,ppo_kalman,PPO-Kalman,46
77344,soldier_caught,0,1,0,0,220,219,109.5,1,,,1.31515634059906,0,0.5593890994787216,0.22917065024375916,0.6495847818651224,2,ppo_kalman_seed46,ppo_kalman,PPO-Kalman,46
77345,unsafe_intercept,0,0,1,0,470,470,235.0,0,,,2.2185003757476807,0,0.8506628274917603,0.8506628274917603,0.8506628274917603,1,ppo_kalman_seed46,ppo_kalman,PPO-Kalman,46
77346,intercepted,1,0,0,0,196,83,41.5,113,196.0,98.0,4.8455634117126465,0,2.553122355226885,2.871070623397827,2.6354877720529832,114,ppo_kalman_seed46,ppo_kalman,PPO-Kalman,46
77347,unsafe_intercept,0,0,1,0,203,203,101.5,0,,,2.3310654163360596,0,1.180192232131958,1.180192232131958,1.180192232131958,1,ppo_kalman_seed46,ppo_kalman,PPO-Kalman,46
77348,soldier_caught,0,1,0,0,94,93,46.5,1,,,1.5252410173416138,0,1.2291154265403748,1.2479052543640137,1.2292590408002575,2,ppo_kalman_seed46,ppo_kalman,PPO-Kalman,46
77349,soldier_caught,0,1,0,0,124,9,4.5,115,,,1.8716360330581665,0,2.414970272445473,2.080540657043457,2.5287968384665436,116,ppo_kalman_seed46,ppo_kalman,PPO-Kalman,46
77350,intercepted,1,0,0,0,122,96,48.0,26,122.0,61.0,2.940678834915161,0,2.1668344382886535,2.2367851734161377,2.338377221556342,27,ppo_kalman_seed46,ppo_kalman,PPO-Kalman,46
77351,intercepted,1,0,0,0,54,31,15.5,23,54.0,27.0,4.089468479156494,0,2.1623880273352065,1.0868161916732788,2.383375325064888,24,ppo_kalman_seed46,ppo_kalman,PPO-Kalman,46
77352,soldier_caught,0,1,0,0,16,16,8.0,0,,,1.9169644117355347,0,1.6880786418914795,1.6880786418914795,1.6880786418914795,1,ppo_kalman_seed46,ppo_kalman,PPO-Kalman,46
77353,intercepted,1,0,0,0,646,636,318.0,10,646.0,323.0,2.586555004119873,0,1.8569883419708773,3.2574679851531982,2.0827563232462247,11,ppo_kalman_seed46,ppo_kalman,PPO-Kalman,46
77354,soldier_caught,0,1,0,0,14,14,7.0,0,,,1.7258144617080688,0,1.134795069694519,1.134795069694519,1.134795069694519,1,ppo_kalman_seed46,ppo_kalman,PPO-Kalman,46
77355,intercepted,1,0,0,0,84,59,29.5,25,84.0,42.0,3.3805596828460693,0,2.4926048952799578,1.9821966886520386,2.590198483896613,26,ppo_kalman_seed46,ppo_kalman,PPO-Kalman,46
77356,soldier_caught,0,1,0,0,393,222,111.0,171,,,1.7243521213531494,0,2.4709252125995103,3.2863004207611084,2.5655448456916146,172,ppo_kalman_seed46,ppo_kalman,PPO-Kalman,46
77357,intercepted,1,0,0,0,523,503,251.5,20,523.0,261.5,3.153181314468384,0,2.5103355248769126,3.1456527709960938,2.722088345923031,21,ppo_kalman_seed46,ppo_kalman,PPO-Kalman,46
77358,soldier_caught,0,1,0,0,151,54,27.0,97,,,1.5714908838272095,0,2.412987836161438,2.1422646045684814,2.5122049825427832,98,ppo_kalman_seed46,ppo_kalman,PPO-Kalman,46
77359,unsafe_intercept,0,0,1,0,98,98,49.0,0,,,2.062865734100342,0,1.2620935440063477,1.2620935440063477,1.2620935440063477,1,ppo_kalman_seed46,ppo_kalman,PPO-Kalman,46
77360,intercepted,1,0,0,0,625,107,53.5,518,625.0,312.5,2.9356675148010254,0,2.579387871688501,2.852112293243408,2.6766889855847227,519,ppo_kalman_seed46,ppo_kalman,PPO-Kalman,46
77361,soldier_caught,0,1,0,0,232,232,116.0,0,,,1.4915634393692017,0,0.7249058485031128,0.7249058485031128,0.7249058485031128,1,ppo_kalman_seed46,ppo_kalman,PPO-Kalman,46
77362,intercepted,1,0,0,0,225,10,5.0,215,225.0,112.5,2.062605381011963,0,2.623445295142355,2.2331337928771973,2.711772308703582,216,ppo_kalman_seed46,ppo_kalman,PPO-Kalman,46
77363,soldier_caught,0,1,0,0,719,438,219.0,281,,,1.761682391166687,0,2.521224910274465,2.417393684387207,2.6163258057113534,282,ppo_kalman_seed46,ppo_kalman,PPO-Kalman,46
77364,soldier_caught,0,1,0,0,79,79,39.5,0,,,1.5504070520401,0,0.9234578609466553,0.9234578609466553,0.9234578609466553,1,ppo_kalman_seed46,ppo_kalman,PPO-Kalman,46
77365,unsafe_intercept,0,0,1,0,464,464,232.0,0,,,2.100215196609497,0,0.9441095590591431,0.9441095590591431,0.9441095590591431,1,ppo_kalman_seed46,ppo_kalman,PPO-Kalman,46
77366,intercepted,1,0,0,0,457,283,141.5,174,457.0,228.5,4.839810848236084,0,2.522757863657815,3.281038999557495,2.625864334129855,175,ppo_kalman_seed46,ppo_kalman,PPO-Kalman,46
77367,unsafe_intercept,0,0,1,0,379,379,189.5,0,,,2.295452356338501,0,0.9032989144325256,0.9032989144325256,0.9032989144325256,1,ppo_kalman_seed46,ppo_kalman,PPO-Kalman,46
77368,intercepted,1,0,0,0,444,67,33.5,377,444.0,222.0,3.253889560699463,0,2.542314681426558,2.5628738403320312,2.631353991599281,378,ppo_kalman_seed46,ppo_kalman,PPO-Kalman,46
77369,intercepted,1,0,0,0,149,10,5.0,139,149.0,74.5,3.8718366622924805,0,2.4521044152123586,2.453486204147339,2.5713885779278023,140,ppo_kalman_seed46,ppo_kalman,PPO-Kalman,46
77370,unsafe_intercept,0,0,1,0,187,187,93.5,0,,,2.1862752437591553,0,1.2491976022720337,1.2491976022720337,1.2491976022720337,1,ppo_kalman_seed46,ppo_kalman,PPO-Kalman,46
77371,intercepted,1,0,0,0,833,369,184.5,464,833.0,416.5,2.1037449836730957,0,2.4903924742693544,1.6437740325927734,2.582405106010686,465,ppo_kalman_seed46,ppo_kalman,PPO-Kalman,46
77372,soldier_caught,0,1,0,0,67,44,22.0,23,,,1.9432579278945923,0,1.557390150303642,0.6624444723129272,1.8815702914700716,24,ppo_kalman_seed46,ppo_kalman,PPO-Kalman,46
77373,intercepted,1,0,0,0,420,297,148.5,123,420.0,210.0,3.9885365962982178,0,2.364075684499356,2.3746771812438965,2.486068031582036,124,ppo_kalman_seed46,ppo_kalman,PPO-Kalman,46
77374,intercepted,1,0,0,0,313,248,124.0,65,313.0,156.5,3.879164218902588,0,2.4749377315694634,2.9854588508605957,2.593869618507642,66,ppo_kalman_seed46,ppo_kalman,PPO-Kalman,46
77375,intercepted,1,0,0,0,173,129,64.5,44,173.0,86.5,4.666269779205322,0,2.520224274529351,3.2277474403381348,2.5964878252508345,45,ppo_kalman_seed46,ppo_kalman,PPO-Kalman,46
77376,intercepted,1,0,0,0,285,11,5.5,274,285.0,142.5,3.230076313018799,0,2.4610490634224633,2.905923843383789,2.581503130665267,275,ppo_kalman_seed46,ppo_kalman,PPO-Kalman,46
77377,intercepted,1,0,0,0,849,376,188.0,473,849.0,424.5,2.1862430572509766,0,2.6214035608911814,2.784759521484375,2.714287156054895,474,ppo_kalman_seed46,ppo_kalman,PPO-Kalman,46
77378,intercepted,1,0,0,0,248,10,5.0,238,248.0,124.0,2.3652658462524414,0,2.588437074647289,2.4666249752044678,2.6677215766101314,239,ppo_kalman_seed46,ppo_kalman,PPO-Kalman,46
77379,intercepted,1,0,0,0,191,64,32.0,127,191.0,95.5,3.2334492206573486,0,2.6127061978913844,1.3537300825119019,2.6961576929178217,128,ppo_kalman_seed46,ppo_kalman,PPO-Kalman,46
77380,soldier_caught,0,1,0,0,236,36,18.0,200,,,1.2126981019973755,0,2.5292566949455297,2.758657217025757,2.6202620997695893,201,ppo_kalman_seed46,ppo_kalman,PPO-Kalman,46
77381,intercepted,1,0,0,0,157,10,5.0,147,157.0,78.5,2.8697266578674316,0,2.482358074268779,1.984558343887329,2.6226773223042206,148,ppo_kalman_seed46,ppo_kalman,PPO-Kalman,46
77382,intercepted,1,0,0,0,327,170,85.0,157,327.0,163.5,2.7271575927734375,0,2.403854699451712,4.036811351776123,2.55320689398468,158,ppo_kalman_seed46,ppo_kalman,PPO-Kalman,46
77383,intercepted,1,0,0,0,372,155,77.5,217,372.0,186.0,2.3666622638702393,0,2.4147547591443455,2.8935070037841797,2.5324020916036996,218,ppo_kalman_seed46,ppo_kalman,PPO-Kalman,46
77384,soldier_caught,0,1,0,0,393,370,185.0,23,,,1.4598952531814575,0,2.4178252617518106,2.6520321369171143,2.5297902802587187,24,ppo_kalman_seed46,ppo_kalman,PPO-Kalman,46
77385,intercepted,1,0,0,0,207,17,8.5,190,207.0,103.5,3.9652819633483887,0,2.2583524229014733,2.7842955589294434,2.440280322545711,191,ppo_kalman_seed46,ppo_kalman,PPO-Kalman,46
77386,soldier_caught,0,1,0,0,91,72,36.0,19,,,1.9814796447753906,0,2.4646575063467027,3.329845666885376,2.6105866089657948,20,ppo_kalman_seed46,ppo_kalman,PPO-Kalman,46
77387,intercepted,1,0,0,0,649,117,58.5,532,649.0,324.5,2.5286521911621094,0,2.517862049181287,3.257523536682129,2.63214125953263,533,ppo_kalman_seed46,ppo_kalman,PPO-Kalman,46
77388,soldier_caught,0,1,0,0,513,489,244.5,24,,,0.36747676134109497,0,2.2185992968082426,2.958327531814575,2.3699667940462508,25,ppo_kalman_seed46,ppo_kalman,PPO-Kalman,46
77389,intercepted,1,0,0,0,875,448,224.0,427,875.0,437.5,3.934450387954712,0,2.4279689987268402,2.177700996398926,2.5539347013861486,428,ppo_kalman_seed46,ppo_kalman,PPO-Kalman,46
77390,soldier_caught,0,1,0,0,341,341,170.5,0,,,1.721756935119629,0,0.2444954365491867,0.2444954365491867,0.2444954365491867,1,ppo_kalman_seed46,ppo_kalman,PPO-Kalman,46
77391,intercepted,1,0,0,0,265,128,64.0,137,265.0,132.5,2.732473850250244,0,2.567223094511723,2.5999321937561035,2.6288571553083555,138,ppo_kalman_seed46,ppo_kalman,PPO-Kalman,46
77392,soldier_caught,0,1,0,0,774,773,386.5,1,,,1.481753945350647,0,1.2675262689590454,1.241604208946228,1.2677913060502295,2,ppo_kalman_seed46,ppo_kalman,PPO-Kalman,46
77393,intercepted,1,0,0,0,463,78,39.0,385,463.0,231.5,2.3715498447418213,0,2.712372112922718,2.3727328777313232,2.77873157089468,386,ppo_kalman_seed46,ppo_kalman,PPO-Kalman,46
77394,intercepted,1,0,0,0,1187,927,463.5,260,1187.0,593.5,2.6569275856018066,0,2.6074261948523394,2.610024929046631,2.675812391625885,261,ppo_kalman_seed46,ppo_kalman,PPO-Kalman,46
77395,intercepted,1,0,0,0,341,316,158.0,25,341.0,170.5,4.254807472229004,0,2.1954037799285007,2.3591578006744385,2.3204289049132876,26,ppo_kalman_seed46,ppo_kalman,PPO-Kalman,46
77396,intercepted,1,0,0,0,124,74,37.0,50,124.0,62.0,3.9914722442626953,0,2.3173182232707155,2.813199758529663,2.4771957198496746,51,ppo_kalman_seed46,ppo_kalman,PPO-Kalman,46
77397,unsafe_intercept,0,0,1,0,11,11,5.5,0,,,2.305056095123291,0,0.7142171859741211,0.7142171859741211,0.7142171859741211,1,ppo_kalman_seed46,ppo_kalman,PPO-Kalman,46
77398,soldier_caught,0,1,0,0,372,220,110.0,152,,,1.2141671180725098,0,2.458781054596496,2.9931042194366455,2.5431386527427926,153,ppo_kalman_seed46,ppo_kalman,PPO-Kalman,46
77399,soldier_caught,0,1,0,0,76,75,37.5,1,,,1.8070555925369263,0,1.1827340126037598,1.6757841110229492,1.2813891462475258,2,ppo_kalman_seed46,ppo_kalman,PPO-Kalman,46
77400,intercepted,1,0,0,0,1333,1044,522.0,289,1333.0,666.5,3.6581664085388184,0,2.419076189193232,2.182981491088867,2.527820934293102,290,ppo_kalman_seed46,ppo_kalman,PPO-Kalman,46
77401,unsafe_intercept,0,0,1,0,176,176,88.0,0,,,2.3986144065856934,0,0.4580806791782379,0.4580806791782379,0.4580806791782379,1,ppo_kalman_seed46,ppo_kalman,PPO-Kalman,46
77402,soldier_caught,0,1,0,0,458,457,228.5,1,,,1.979156732559204,0,2.139088451862335,1.7903300523757935,2.167332883085387,2,ppo_kalman_seed46,ppo_kalman,PPO-Kalman,46
77403,soldier_caught,0,1,0,0,264,263,131.5,1,,,1.9225469827651978,0,1.2327731847763062,0.9583176374435425,1.262955095229139,2,ppo_kalman_seed46,ppo_kalman,PPO-Kalman,46
77404,intercepted,1,0,0,0,1496,413,206.5,1083,1496.0,748.0,2.661078453063965,0,2.6241982713534164,2.442038059234619,2.7083251939770085,1084,ppo_kalman_seed46,ppo_kalman,PPO-Kalman,46
77405,soldier_caught,0,1,0,0,41,40,20.0,1,,,1.1608742475509644,0,1.2995910942554474,1.7672858238220215,1.3811862192812459,2,ppo_kalman_seed46,ppo_kalman,PPO-Kalman,46
77406,unsafe_intercept,0,0,1,0,579,578,289.0,1,,,2.6930487155914307,0,1.0662609934806824,1.2301961183547974,1.0787897067482168,2,ppo_kalman_seed46,ppo_kalman,PPO-Kalman,46
77407,soldier_caught,0,1,0,0,302,14,7.0,288,,,0.9328917860984802,0,2.7233367310675782,2.950986623764038,2.7870281611333314,289,ppo_kalman_seed46,ppo_kalman,PPO-Kalman,46
77408,intercepted,1,0,0,0,273,55,27.5,218,273.0,136.5,3.3112869262695312,0,2.439325338493199,0.5259671211242676,2.563790096974005,219,ppo_kalman_seed46,ppo_kalman,PPO-Kalman,46
77409,intercepted,1,0,0,0,233,12,6.0,221,233.0,116.5,4.082300662994385,0,2.703490780481884,1.7785581350326538,2.7928058678227417,222,ppo_kalman_seed46,ppo_kalman,PPO-Kalman,46
77410,intercepted,1,0,0,0,742,677,338.5,65,742.0,371.0,3.4359798431396484,0,2.605236315591769,2.5649940967559814,2.7104517547849425,66,ppo_kalman_seed46,ppo_kalman,PPO-Kalman,46
77411,soldier_caught,0,1,0,0,45,18,9.0,27,,,1.6554957628250122,0,2.0558838099241257,1.8947961330413818,2.164075005953811,28,ppo_kalman_seed46,ppo_kalman,PPO-Kalman,46
77412,unsafe_intercept,0,0,1,0,56,56,28.0,0,,,2.410487651824951,0,0.8103070855140686,0.8103070855140686,0.8103070855140686,1,ppo_kalman_seed46,ppo_kalman,PPO-Kalman,46
77413,soldier_caught,0,1,0,0,525,525,262.5,0,,,1.5322661399841309,0,2.214796304702759,2.214796304702759,2.214796304702759,1,ppo_kalman_seed46,ppo_kalman,PPO-Kalman,46
77414,unsafe_intercept,0,0,1,0,346,346,173.0,0,,,2.048494338989258,0,1.0194162130355835,1.0194162130355835,1.0194162130355835,1,ppo_kalman_seed46,ppo_kalman,PPO-Kalman,46
77415,unsafe_intercept,0,0,1,0,562,561,280.5,1,,,2.251939535140991,0,1.2640704214572906,0.9858121275901794,1.2943344654721392,2,ppo_kalman_seed46,ppo_kalman,PPO-Kalman,46
77416,intercepted,1,0,0,0,1101,1010,505.0,91,1101.0,550.5,2.092320203781128,0,2.3658390453328257,1.8997567892074585,2.5039262627360093,92,ppo_kalman_seed46,ppo_kalman,PPO-Kalman,46
77417,soldier_caught,0,1,0,0,152,152,76.0,0,,,1.6420793533325195,0,0.4800230860710144,0.4800230860710144,0.4800230860710144,1,ppo_kalman_seed46,ppo_kalman,PPO-Kalman,46
77418,intercepted,1,0,0,0,671,311,155.5,360,671.0,335.5,3.147188186645508,0,2.5660301300792483,1.6392197608947754,2.660955933229172,361,ppo_kalman_seed46,ppo_kalman,PPO-Kalman,46
77419,soldier_caught,0,1,0,0,13,12,6.0,1,,,0.8333197832107544,0,0.9231503009796143,1.0271179676055908,0.9289864121193606,2,ppo_kalman_seed46,ppo_kalman,PPO-Kalman,46
77420,soldier_caught,0,1,0,0,241,241,120.5,0,,,1.9650840759277344,0,1.6620619297027588,1.6620619297027588,1.6620619297027588,1,ppo_kalman_seed46,ppo_kalman,PPO-Kalman,46
77421,soldier_caught,0,1,0,0,310,38,19.0,272,,,0.4038832187652588,0,2.5351143384372796,0.6007753610610962,2.6231382552336293,273,ppo_kalman_seed46,ppo_kalman,PPO-Kalman,46
77422,intercepted,1,0,0,0,770,639,319.5,131,770.0,385.0,4.306426048278809,0,2.6300301655675424,2.809854745864868,2.70572926760264,132,ppo_kalman_seed46,ppo_kalman,PPO-Kalman,46
77423,soldier_caught,0,1,0,0,34,34,17.0,0,,,1.7164597511291504,0,1.245460033416748,1.245460033416748,1.245460033416748,1,ppo_kalman_seed46,ppo_kalman,PPO-Kalman,46
77424,intercepted,1,0,0,0,159,66,33.0,93,159.0,79.5,3.8310701847076416,0,2.58083882737667,2.6872141361236572,2.661303841181691,94,ppo_kalman_seed46,ppo_kalman,PPO-Kalman,46
77425,intercepted,1,0,0,0,123,74,37.0,49,123.0,61.5,4.709837913513184,0,2.254796713590622,3.012758731842041,2.416858373613332,50,ppo_kalman_seed46,ppo_kalman,PPO-Kalman,46
77426,unsafe_intercept,0,0,1,0,12,11,5.5,1,,,2.197873115539551,0,1.3100807070732117,1.2304702997207642,1.3124973432370326,2,ppo_kalman_seed46,ppo_kalman,PPO-Kalman,46
77427,intercepted,1,0,0,0,725,610,305.0,115,725.0,362.5,4.372094631195068,0,2.5720164346797714,3.5293824672698975,2.7018662111109215,116,ppo_kalman_seed46,ppo_kalman,PPO-Kalman,46
77428,intercepted,1,0,0,0,228,34,17.0,194,228.0,114.0,3.70894455909729,0,2.6662002597099694,2.601499557495117,2.719606720906814,195,ppo_kalman_seed46,ppo_kalman,PPO-Kalman,46
77429,intercepted,1,0,0,0,113,39,19.5,74,113.0,56.5,4.391066074371338,0,2.521567587852478,2.2840960025787354,2.6551619033392377,75,ppo_kalman_seed46,ppo_kalman,PPO-Kalman,46
77430,soldier_caught,0,1,0,0,59,58,29.0,1,,,1.3233153820037842,0,1.0336214005947113,1.3785631656646729,1.0896595895310395,2,ppo_kalman_seed46,ppo_kalman,PPO-Kalman,46
77431,intercepted,1,0,0,0,667,248,124.0,419,667.0,333.5,3.6950109004974365,0,2.5902258780740555,2.6629223823547363,2.6866059228735684,420,ppo_kalman_seed46,ppo_kalman,PPO-Kalman,46
77432,intercepted,1,0,0,0,834,485,242.5,349,834.0,417.0,2.399966239929199,0,2.6246558460167475,2.6875674724578857,2.7211882684437403,350,ppo_kalman_seed46,ppo_kalman,PPO-Kalman,46
77433,intercepted,1,0,0,0,553,272,136.0,281,553.0,276.5,3.4042437076568604,0,2.6636819519261095,3.102071762084961,2.7360081551642446,282,ppo_kalman_seed46,ppo_kalman,PPO-Kalman,46
77434,soldier_caught,0,1,0,0,203,13,6.5,190,,,1.9541243314743042,0,2.359471263997842,0.19829006493091583,2.4996413626960092,191,ppo_kalman_seed46,ppo_kalman,PPO-Kalman,46
77435,unsafe_intercept,0,0,1,0,265,264,132.0,1,,,3.117581605911255,0,1.6380330920219421,1.283026099205017,1.6760615667414729,2,ppo_kalman_seed46,ppo_kalman,PPO-Kalman,46
77436,soldier_caught,0,1,0,0,216,216,108.0,0,,,0.5657556653022766,0,1.3714112043380737,1.3714112043380737,1.3714112043380737,1,ppo_kalman_seed46,ppo_kalman,PPO-Kalman,46
77437,unsafe_intercept,0,0,1,0,38,37,18.5,1,,,2.468017339706421,0,1.0572874546051025,0.5077605247497559,1.191568969175339,2,ppo_kalman_seed46,ppo_kalman,PPO-Kalman,46
77438,soldier_caught,0,1,0,0,712,712,356.0,0,,,1.559525728225708,0,0.5853974223136902,0.5853974223136902,0.5853974223136902,1,ppo_kalman_seed46,ppo_kalman,PPO-Kalman,46
77439,soldier_caught,0,1,0,0,208,105,52.5,103,,,1.332643747329712,0,2.422319828890837,1.5040007829666138,2.5216999592764155,104,ppo_kalman_seed46,ppo_kalman,PPO-Kalman,46
77440,intercepted,1,0,0,0,284,267,133.5,17,284.0,142.0,3.2792415618896484,0,2.11883636812369,2.303530216217041,2.261232191570465,18,ppo_kalman_seed46,ppo_kalman,PPO-Kalman,46
77441,soldier_caught,0,1,0,0,404,403,201.5,1,,,0.037252407521009445,0,1.0580960512161255,1.0289565324783325,1.0584972201906946,2,ppo_kalman_seed46,ppo_kalman,PPO-Kalman,46
77442,unsafe_intercept,0,0,1,0,136,135,67.5,1,,,2.064870595932007,0,1.4561707973480225,1.679551362991333,1.4732047611097043,2,ppo_kalman_seed46,ppo_kalman,PPO-Kalman,46
77443,soldier_caught,0,1,0,0,807,807,403.5,0,,,1.6602751016616821,0,0.6476386785507202,0.6476386785507202,0.6476386785507202,1,ppo_kalman_seed46,ppo_kalman,PPO-Kalman,46
77444,soldier_caught,0,1,0,0,856,10,5.0,846,,,0.24433158338069916,0,2.595858546961297,2.334456205368042,2.6861106315670567,847,ppo_kalman_seed46,ppo_kalman,PPO-Kalman,46
77445,unsafe_intercept,0,0,1,0,781,755,377.5,26,,,2.581125259399414,0,2.3426551266952798,2.891335964202881,2.4763464995815903,27,ppo_kalman_seed46,ppo_kalman,PPO-Kalman,46
77446,intercepted,1,0,0,0,116,93,46.5,23,116.0,58.0,3.0180861949920654,0,2.5356032997369766,3.128385543823242,2.6573642568573836,24,ppo_kalman_seed46,ppo_kalman,PPO-Kalman,46
77447,intercepted,1,0,0,0,530,529,264.5,1,530.0,265.0,3.8364462852478027,0,0.9466481804847717,0.924773633480072,0.9469008783509443,2,ppo_kalman_seed46,ppo_kalman,PPO-Kalman,46
77448,intercepted,1,0,0,0,1284,1016,508.0,268,1284.0,642.0,2.8822715282440186,0,2.5192931202486104,3.0646579265594482,2.633743600275402,269,ppo_kalman_seed46,ppo_kalman,PPO-Kalman,46
77449,unsafe_intercept,0,0,1,0,332,331,165.5,1,,,2.548114776611328,0,0.7415942251682281,0.7573761940002441,0.7417621352853483,2,ppo_kalman_seed46,ppo_kalman,PPO-Kalman,46
77450,intercepted,1,0,0,0,649,630,315.0,19,649.0,324.5,4.305923938751221,0,2.038269156217575,2.2004191875457764,2.1631834461135857,20,ppo_kalman_seed46,ppo_kalman,PPO-Kalman,46
77451,intercepted,1,0,0,0,419,339,169.5,80,419.0,209.5,2.516627311706543,0,2.3204368603082353,2.5273520946502686,2.4975397661520904,81,ppo_kalman_seed46,ppo_kalman,PPO-Kalman,46
77452,soldier_caught,0,1,0,0,61,61,30.5,0,,,1.0163666009902954,0,0.8370084166526794,0.8370084166526794,0.8370084166526794,1,ppo_kalman_seed46,ppo_kalman,PPO-Kalman,46
77453,soldier_caught,0,1,0,0,809,809,404.5,0,,,0.8453303575515747,0,0.7603553533554077,0.7603553533554077,0.7603553533554077,1,ppo_kalman_seed46,ppo_kalman,PPO-Kalman,46
77454,intercepted,1,0,0,0,1153,720,360.0,433,1153.0,576.5,3.1611499786376953,0,2.610122750775056,3.0690062046051025,2.709745191559922,434,ppo_kalman_seed46,ppo_kalman,PPO-Kalman,46
77455,intercepted,1,0,0,0,582,285,142.5,297,582.0,291.0,2.8941526412963867,0,2.5839921471056524,3.516029119491577,2.6730259925430486,298,ppo_kalman_seed46,ppo_kalman,PPO-Kalman,46
77456,soldier_caught,0,1,0,0,649,649,324.5,0,,,1.8462109565734863,0,1.0163837671279907,1.0163837671279907,1.0163837671279907,1,ppo_kalman_seed46,ppo_kalman,PPO-Kalman,46
77457,soldier_caught,0,1,0,0,96,96,48.0,0,,,1.0393550395965576,0,1.9370934963226318,1.9370934963226318,1.9370934963226318,1,ppo_kalman_seed46,ppo_kalman,PPO-Kalman,46
77458,intercepted,1,0,0,0,301,275,137.5,26,301.0,150.5,2.3712174892425537,0,2.129496845934126,1.0107671022415161,2.356022253628007,27,ppo_kalman_seed46,ppo_kalman,PPO-Kalman,46
77459,soldier_caught,0,1,0,0,662,616,308.0,46,,,1.465967059135437,0,2.3851667617229704,2.617380142211914,2.510933689690958,47,ppo_kalman_seed46,ppo_kalman,PPO-Kalman,46
77460,soldier_caught,0,1,0,0,654,476,238.0,178,,,1.0318938493728638,0,2.2742330673353632,0.9117531776428223,2.433679941260071,179,ppo_kalman_seed46,ppo_kalman,PPO-Kalman,46
77461,soldier_caught,0,1,0,0,44,43,21.5,1,,,0.6035594344139099,0,1.181528776884079,1.7153245210647583,1.2965138437789983,2,ppo_kalman_seed46,ppo_kalman,PPO-Kalman,46
77462,soldier_caught,0,1,0,0,276,275,137.5,1,,,1.8192018270492554,0,0.8836240470409393,0.6073517203330994,0.9258065969810172,2,ppo_kalman_seed46,ppo_kalman,PPO-Kalman,46
77463,intercepted,1,0,0,0,204,15,7.5,189,204.0,102.0,4.267317295074463,0,2.6612500704432787,2.747994899749756,2.7444226105217213,190,ppo_kalman_seed46,ppo_kalman,PPO-Kalman,46
77464,intercepted,1,0,0,0,234,104,52.0,130,234.0,117.0,2.9343531131744385,0,2.601338455240235,2.4194369316101074,2.685162647196299,131,ppo_kalman_seed46,ppo_kalman,PPO-Kalman,46
77465,soldier_caught,0,1,0,0,538,514,257.0,24,,,1.8283835649490356,0,2.2294517993927,2.3415446281433105,2.418107861982552,25,ppo_kalman_seed46,ppo_kalman,PPO-Kalman,46
77466,intercepted,1,0,0,0,491,393,196.5,98,491.0,245.5,4.066611289978027,0,2.608307982333983,2.4880990982055664,2.696843883424,99,ppo_kalman_seed46,ppo_kalman,PPO-Kalman,46
77467,intercepted,1,0,0,0,249,14,7.0,235,249.0,124.5,2.271676778793335,0,2.4737689906762816,0.7769613265991211,2.557408728171662,236,ppo_kalman_seed46,ppo_kalman,PPO-Kalman,46
77468,intercepted,1,0,0,0,379,332,166.0,47,379.0,189.5,3.2956595420837402,0,2.2798936360826096,0.7494866847991943,2.3722324775146673,48,ppo_kalman_seed46,ppo_kalman,PPO-Kalman,46
77469,soldier_caught,0,1,0,0,800,800,400.0,0,,,0.5519832968711853,0,1.0687658786773682,1.0687658786773682,1.0687658786773682,1,ppo_kalman_seed46,ppo_kalman,PPO-Kalman,46
77470,soldier_caught,0,1,0,0,271,270,135.0,1,,,1.6934635639190674,0,1.1507847607135773,1.4870351552963257,1.1989036213756548,2,ppo_kalman_seed46,ppo_kalman,PPO-Kalman,46
77471,soldier_caught,0,1,0,0,98,17,8.5,81,,,1.066150426864624,0,2.020789333596462,0.4103332757949829,2.1902921277166087,82,ppo_kalman_seed46,ppo_kalman,PPO-Kalman,46
77472,intercepted,1,0,0,0,1108,135,67.5,973,1108.0,554.0,2.496469497680664,0,2.6551522209138843,2.6712279319763184,2.7346670320510413,974,ppo_kalman_seed46,ppo_kalman,PPO-Kalman,46
77473,unsafe_intercept,0,0,1,0,820,820,410.0,0,,,2.3046483993530273,0,1.1844476461410522,1.1844476461410522,1.1844476461410522,1,ppo_kalman_seed46,ppo_kalman,PPO-Kalman,46
77474,soldier_caught,0,1,0,0,702,702,351.0,0,,,1.941827416419983,0,0.7626845836639404,0.7626845836639404,0.7626845836639404,1,ppo_kalman_seed46,ppo_kalman,PPO-Kalman,46
77475,unsafe_intercept,0,0,1,0,627,626,313.0,1,,,2.5857090950012207,0,0.7884069532155991,1.1474323272705078,0.8663052251337118,2,ppo_kalman_seed46,ppo_kalman,PPO-Kalman,46
77476,soldier_caught,0,1,0,0,49,49,24.5,0,,,1.6891313791275024,0,1.0149636268615723,1.0149636268615723,1.0149636268615723,1,ppo_kalman_seed46,ppo_kalman,PPO-Kalman,46
77477,intercepted,1,0,0,0,360,325,162.5,35,360.0,180.0,4.559492588043213,0,2.5339198824432163,3.4625813961029053,2.643850646930196,36,ppo_kalman_seed46,ppo_kalman,PPO-Kalman,46
77478,soldier_caught,0,1,0,0,984,517,258.5,467,,,1.682225227355957,0,2.640338504925752,3.308889627456665,2.7284920759397067,468,ppo_kalman_seed46,ppo_kalman,PPO-Kalman,46
77479,soldier_caught,0,1,0,0,181,11,5.5,170,,,1.8470735549926758,0,2.2680763635370464,2.4448609352111816,2.3827527815538647,171,ppo_kalman_seed46,ppo_kalman,PPO-Kalman,46
77480,soldier_caught,0,1,0,0,169,148,74.0,21,,,1.1634933948516846,0,2.2982645468278364,2.654691696166992,2.391298104957982,22,ppo_kalman_seed46,ppo_kalman,PPO-Kalman,46
77481,intercepted,1,0,0,0,776,484,242.0,292,776.0,388.0,3.864757776260376,0,2.5625602629404427,1.085552453994751,2.6490165459063255,293,ppo_kalman_seed46,ppo_kalman,PPO-Kalman,46
77482,unsafe_intercept,0,0,1,0,14,13,6.5,1,,,2.8786070346832275,0,0.9842116832733154,1.1090282201766968,0.9920946554519111,2,ppo_kalman_seed46,ppo_kalman,PPO-Kalman,46
77483,intercepted,1,0,0,0,728,55,27.5,673,728.0,364.0,2.664926290512085,0,2.558460020346882,2.641319751739502,2.6563688040244067,674,ppo_kalman_seed46,ppo_kalman,PPO-Kalman,46
77484,intercepted,1,0,0,0,253,126,63.0,127,253.0,126.5,3.337941884994507,0,2.5826380657963455,2.973989486694336,2.7106699632690283,128,ppo_kalman_seed46,ppo_kalman,PPO-Kalman,46
77485,intercepted,1,0,0,0,195,170,85.0,25,195.0,97.5,2.5897786617279053,0,1.920283585213698,2.2082176208496094,2.2405370119323336,26,ppo_kalman_seed46,ppo_kalman,PPO-Kalman,46
77486,intercepted,1,0,0,0,691,396,198.0,295,691.0,345.5,2.790889263153076,0,2.4254360297141044,3.015000343322754,2.52831886887915,296,ppo_kalman_seed46,ppo_kalman,PPO-Kalman,46
77487,intercepted,1,0,0,0,51,50,25.0,1,51.0,25.5,2.5151829719543457,0,0.8949567675590515,0.7819662094116211,0.9020612407315891,2,ppo_kalman_seed46,ppo_kalman,PPO-Kalman,46
77488,intercepted,1,0,0,0,82,9,4.5,73,82.0,41.0,2.0385732650756836,0,2.6105534530974723,2.528684139251709,2.7574792661208405,74,ppo_kalman_seed46,ppo_kalman,PPO-Kalman,46
77489,unsafe_intercept,0,0,1,0,168,168,84.0,0,,,2.060182809829712,0,1.1020764112472534,1.1020764112472534,1.1020764112472534,1,ppo_kalman_seed46,ppo_kalman,PPO-Kalman,46
77490,intercepted,1,0,0,0,226,114,57.0,112,226.0,113.0,4.7345170974731445,0,2.3132951510163533,1.5367199182510376,2.476149482455592,113,ppo_kalman_seed46,ppo_kalman,PPO-Kalman,46
77491,intercepted,1,0,0,0,259,236,118.0,23,259.0,129.5,2.8204452991485596,0,2.527387484908104,3.4131546020507812,2.611530137854331,24,ppo_kalman_seed46,ppo_kalman,PPO-Kalman,46
77492,soldier_caught,0,1,0,0,61,61,30.5,0,,,0.9352788925170898,0,1.5641875267028809,1.5641875267028809,1.5641875267028809,1,ppo_kalman_seed46,ppo_kalman,PPO-Kalman,46
77493,intercepted,1,0,0,0,244,11,5.5,233,244.0,122.0,2.1147050857543945,0,2.4885012239345117,3.0361690521240234,2.582444112414078,234,ppo_kalman_seed46,ppo_kalman,PPO-Kalman,46
77494,unsafe_intercept,0,0,1,0,13,12,6.0,1,,,3.3638811111450195,0,1.4690542817115784,1.490538477897644,1.4692113712127615,2,ppo_kalman_seed46,ppo_kalman,PPO-Kalman,46
77495,soldier_caught,0,1,0,0,326,162,81.0,164,,,0.9342895150184631,0,2.7132402308059462,3.025451183319092,2.8022544503530074,165,ppo_kalman_seed46,ppo_kalman,PPO-Kalman,46
77496,soldier_caught,0,1,0,0,111,88,44.0,23,,,1.786731481552124,0,2.275422230362892,3.2562098503112793,2.40688093558139,24,ppo_kalman_seed46,ppo_kalman,PPO-Kalman,46
77497,intercepted,1,0,0,0,505,395,197.5,110,505.0,252.5,2.798200845718384,0,2.387985790903504,2.935673236846924,2.522584435283029,111,ppo_kalman_seed46,ppo_kalman,PPO-Kalman,46
77498,soldier_caught,0,1,0,0,643,642,321.0,1,,,0.8873926401138306,0,1.2748732268810272,0.8154906630516052,1.3551140485466662,2,ppo_kalman_seed46,ppo_kalman,PPO-Kalman,46
77499,unsafe_intercept,0,0,1,0,788,788,394.0,0,,,2.306939125061035,0,1.9867329597473145,1.9867329597473145,1.9867329597473145,1,ppo_kalman_seed46,ppo_kalman,PPO-Kalman,46
77500,intercepted,1,0,0,0,184,77,38.5,107,184.0,92.0,2.886044502258301,0,2.267428862551848,2.874826192855835,2.411134235909759,108,ppo_kalman_seed46,ppo_kalman,PPO-Kalman,46
77501,intercepted,1,0,0,0,86,64,32.0,22,86.0,43.0,3.456017017364502,0,2.4046872050865837,1.6628328561782837,2.5293799015419998,23,ppo_kalman_seed46,ppo_kalman,PPO-Kalman,46
77502,unsafe_intercept,0,0,1,0,368,368,184.0,0,,,2.252105474472046,0,1.4044557809829712,1.4044557809829712,1.4044557809829712,1,ppo_kalman_seed46,ppo_kalman,PPO-Kalman,46
77503,intercepted,1,0,0,0,260,126,63.0,134,260.0,130.0,3.1637091636657715,0,2.5783920226273715,2.2725327014923096,2.6709407433881274,135,ppo_kalman_seed46,ppo_kalman,PPO-Kalman,46
77504,intercepted,1,0,0,0,605,537,268.5,68,605.0,302.5,2.7139854431152344,0,2.4061982292627944,1.841166615486145,2.491886396517777,69,ppo_kalman_seed46,ppo_kalman,PPO-Kalman,46
77505,unsafe_intercept,0,0,1,0,61,60,30.0,1,,,2.7082221508026123,0,1.7044183611869812,1.2657605409622192,1.759960974907016,2,ppo_kalman_seed46,ppo_kalman,PPO-Kalman,46
77506,soldier_caught,0,1,0,0,483,11,5.5,472,,,1.9291303157806396,0,2.6512880831893857,0.8770503401756287,2.730982923124827,473,ppo_kalman_seed46,ppo_kalman,PPO-Kalman,46
77507,soldier_caught,0,1,0,0,384,335,167.5,49,,,0.531940758228302,0,2.052816995382309,0.9431771636009216,2.16490805668185,50,ppo_kalman_seed46,ppo_kalman,PPO-Kalman,46
77508,intercepted,1,0,0,0,37,11,5.5,26,37.0,18.5,3.9626827239990234,0,2.3696568343374462,2.3159289360046387,2.5467298385573156,27,ppo_kalman_seed46,ppo_kalman,PPO-Kalman,46
77509,soldier_caught,0,1,0,0,34,34,17.0,0,,,1.0771594047546387,0,1.9318314790725708,1.9318314790725708,1.9318314790725708,1,ppo_kalman_seed46,ppo_kalman,PPO-Kalman,46
77510,unsafe_intercept,0,0,1,0,318,318,159.0,0,,,2.0681676864624023,0,0.9646127223968506,0.9646127223968506,0.9646127223968506,1,ppo_kalman_seed46,ppo_kalman,PPO-Kalman,46
77511,intercepted,1,0,0,0,784,608,304.0,176,784.0,392.0,3.030125617980957,0,2.265819055380794,2.592334747314453,2.418512996624154,177,ppo_kalman_seed46,ppo_kalman,PPO-Kalman,46
77512,intercepted,1,0,0,0,172,109,54.5,63,172.0,86.0,2.8125317096710205,0,2.239524943754077,3.57185697555542,2.3818322187813172,64,ppo_kalman_seed46,ppo_kalman,PPO-Kalman,46
77513,soldier_caught,0,1,0,0,165,164,82.0,1,,,1.1933835744857788,0,1.5297119617462158,1.6600011587142944,1.53525045538376,2,ppo_kalman_seed46,ppo_kalman,PPO-Kalman,46
77514,unsafe_intercept,0,0,1,0,76,76,38.0,0,,,2.3765058517456055,0,1.0813602209091187,1.0813602209091187,1.0813602209091187,1,ppo_kalman_seed46,ppo_kalman,PPO-Kalman,46
77515,intercepted,1,0,0,0,295,15,7.5,280,295.0,147.5,2.1349949836730957,0,2.4356541485124636,1.9136285781860352,2.567805109298106,281,ppo_kalman_seed46,ppo_kalman,PPO-Kalman,46
77516,intercepted,1,0,0,0,314,253,126.5,61,314.0,157.0,4.9013214111328125,0,2.513253435011833,2.5286920070648193,2.6407968593737476,62,ppo_kalman_seed46,ppo_kalman,PPO-Kalman,46
77517,intercepted,1,0,0,0,201,32,16.0,169,201.0,100.5,4.430050373077393,0,2.7400702301193687,2.9832348823547363,2.809956714551066,170,ppo_kalman_seed46,ppo_kalman,PPO-Kalman,46
77518,unsafe_intercept,0,0,1,0,274,273,136.5,1,,,2.3483664989471436,0,0.8934015333652496,0.9604486227035522,0.8959138418442465,2,ppo_kalman_seed46,ppo_kalman,PPO-Kalman,46
77519,soldier_caught,0,1,0,0,97,52,26.0,45,,,0.26612910628318787,0,2.5013254375561425,2.9659583568573,2.6217150845151784,46,ppo_kalman_seed46,ppo_kalman,PPO-Kalman,46
77520,soldier_caught,0,1,0,0,12,12,6.0,0,,,1.680672287940979,0,1.6834516525268555,1.6834516525268555,1.6834516525268555,1,ppo_kalman_seed46,ppo_kalman,PPO-Kalman,46
77521,intercepted,1,0,0,0,158,13,6.5,145,158.0,79.0,2.6999399662017822,0,2.5975098177178264,2.4926395416259766,2.673985503940609,146,ppo_kalman_seed46,ppo_kalman,PPO-Kalman,46
77522,intercepted,1,0,0,0,693,538,269.0,155,693.0,346.5,3.5137548446655273,0,2.6147066282156186,2.6750247478485107,2.716572051568402,156,ppo_kalman_seed46,ppo_kalman,PPO-Kalman,46
77523,intercepted,1,0,0,0,195,134,67.0,61,195.0,97.5,4.834207534790039,0,2.5229386504619353,2.7609386444091797,2.610502542815987,62,ppo_kalman_seed46,ppo_kalman,PPO-Kalman,46
77524,soldier_caught,0,1,0,0,736,718,359.0,18,,,1.913779616355896,0,2.335074048293264,1.12399423122406,2.582088291149368,19,ppo_kalman_seed46,ppo_kalman,PPO-Kalman,46
77525,intercepted,1,0,0,0,175,152,76.0,23,175.0,87.5,3.764023542404175,0,2.3785475802918277,3.2879045009613037,2.529707025423127,24,ppo_kalman_seed46,ppo_kalman,PPO-Kalman,46
77526,soldier_caught,0,1,0,0,37,14,7.0,23,,,1.4557307958602905,0,2.506387879451116,2.3414297103881836,2.607298059316549,24,ppo_kalman_seed46,ppo_kalman,PPO-Kalman,46
77527,intercepted,1,0,0,0,82,11,5.5,71,82.0,41.0,3.5222442150115967,0,2.3348716890646353,2.4658217430114746,2.5310789958615234,72,ppo_kalman_seed46,ppo_kalman,PPO-Kalman,46
77528,unsafe_intercept,0,0,1,0,11,11,5.5,0,,,2.075718402862549,0,1.4594084024429321,1.4594084024429321,1.4594084024429321,1,ppo_kalman_seed46,ppo_kalman,PPO-Kalman,46
77529,unsafe_intercept,0,0,1,0,1322,1236,618.0,86,,,2.3726751804351807,0,2.2292492221826796,2.3344242572784424,2.3867970787527746,87,ppo_kalman_seed46,ppo_kalman,PPO-Kalman,46
77530,intercepted,1,0,0,0,264,59,29.5,205,264.0,132.0,2.252535581588745,0,2.6258585538389614,2.266244649887085,2.700231422856069,206,ppo_kalman_seed46,ppo_kalman,PPO-Kalman,46
77531,soldier_caught,0,1,0,0,508,507,253.5,1,,,1.9156382083892822,0,1.1071541905403137,1.2111635208129883,1.112028930565544,2,ppo_kalman_seed46,ppo_kalman,PPO-Kalman,46
77532,intercepted,1,0,0,0,92,70,35.0,22,92.0,46.0,4.155792236328125,0,2.156087823536085,2.669936180114746,2.248889525501512,23,ppo_kalman_seed46,ppo_kalman,PPO-Kalman,46
77533,intercepted,1,0,0,0,543,542,271.0,1,543.0,271.5,2.9549386501312256,0,0.9702362418174744,1.0440527200698853,0.9730402033820007,2,ppo_kalman_seed46,ppo_kalman,PPO-Kalman,46
77534,soldier_caught,0,1,0,0,680,180,90.0,500,,,0.5010658502578735,0,2.5339248411788673,1.7340368032455444,2.6399239354400272,501,ppo_kalman_seed46,ppo_kalman,PPO-Kalman,46
77535,intercepted,1,0,0,0,830,753,376.5,77,830.0,415.0,3.689483404159546,0,2.611261872144846,2.605858325958252,2.7509466706041112,78,ppo_kalman_seed46,ppo_kalman,PPO-Kalman,46
77536,intercepted,1,0,0,0,71,11,5.5,60,71.0,35.5,2.5608556270599365,0,2.117355996468028,2.8322625160217285,2.3502337650243317,61,ppo_kalman_seed46,ppo_kalman,PPO-Kalman,46
77537,soldier_caught,0,1,0,0,42,42,21.0,0,,,1.9166479110717773,0,1.0644181966781616,1.0644181966781616,1.0644181966781616,1,ppo_kalman_seed46,ppo_kalman,PPO-Kalman,46
77538,soldier_caught,0,1,0,0,446,445,222.5,1,,,1.1538887023925781,0,1.0864392220973969,0.8519728779792786,1.1114515958132016,2,ppo_kalman_seed46,ppo_kalman,PPO-Kalman,46
77539,soldier_caught,0,1,0,0,15,14,7.0,1,,,1.7703661918640137,0,0.9908081293106079,0.8759069442749023,0.9974482600268526,2,ppo_kalman_seed46,ppo_kalman,PPO-Kalman,46
77540,intercepted,1,0,0,0,147,13,6.5,134,147.0,73.5,2.6139729022979736,0,2.600832274666539,1.9720379114151,2.656502018966469,135,ppo_kalman_seed46,ppo_kalman,PPO-Kalman,46
77541,intercepted,1,0,0,0,105,53,26.5,52,105.0,52.5,3.1532130241394043,0,2.597253646490709,2.7093076705932617,2.6887072941063725,53,ppo_kalman_seed46,ppo_kalman,PPO-Kalman,46
77542,soldier_caught,0,1,0,0,160,159,79.5,1,,,1.488128900527954,0,1.017775148153305,1.3652372360229492,1.0754516050037837,2,ppo_kalman_seed46,ppo_kalman,PPO-Kalman,46
77543,intercepted,1,0,0,0,697,679,339.5,18,697.0,348.5,3.3841359615325928,0,2.347766487221969,3.318317413330078,2.520745994971951,19,ppo_kalman_seed46,ppo_kalman,PPO-Kalman,46
77544,unsafe_intercept,0,0,1,0,190,190,95.0,0,,,2.286154270172119,0,1.3201040029525757,1.3201040029525757,1.3201040029525757,1,ppo_kalman_seed46,ppo_kalman,PPO-Kalman,46
77545,soldier_caught,0,1,0,0,188,187,93.5,1,,,0.6515852212905884,0,0.6071797311306,0.6577364206314087,0.6092808915017021,2,ppo_kalman_seed46,ppo_kalman,PPO-Kalman,46
77546,intercepted,1,0,0,0,686,351,175.5,335,686.0,343.0,2.641282320022583,0,2.4586065849732783,2.1896352767944336,2.554227203303687,336,ppo_kalman_seed46,ppo_kalman,PPO-Kalman,46
77547,intercepted,1,0,0,0,245,220,110.0,25,245.0,122.5,3.050156354904175,0,2.50992751121521,1.749947190284729,2.6536661157519887,26,ppo_kalman_seed46,ppo_kalman,PPO-Kalman,46
77548,soldier_caught,0,1,0,0,149,149,74.5,0,,,1.9598519802093506,0,1.1360868215560913,1.1360868215560913,1.1360868215560913,1,ppo_kalman_seed46,ppo_kalman,PPO-Kalman,46
77549,intercepted,1,0,0,0,1241,1049,524.5,192,1241.0,620.5,2.426330089569092,0,2.645491961524894,2.6563880443573,2.74240515658457,193,ppo_kalman_seed46,ppo_kalman,PPO-Kalman,46
77550,intercepted,1,0,0,0,126,11,5.5,115,126.0,63.0,2.03127384185791,0,2.447519383039968,2.7587227821350098,2.557691095425337,116,ppo_kalman_seed46,ppo_kalman,PPO-Kalman,46
77551,intercepted,1,0,0,0,260,133,66.5,127,260.0,130.0,2.8747260570526123,0,2.5482770618982613,2.142775297164917,2.647287170035,128,ppo_kalman_seed46,ppo_kalman,PPO-Kalman,46
77552,unsafe_intercept,0,0,1,0,112,86,43.0,26,,,2.1264822483062744,0,2.095550152990553,2.408250331878662,2.2088616179217455,27,ppo_kalman_seed46,ppo_kalman,PPO-Kalman,46
77553,intercepted,1,0,0,0,147,9,4.5,138,147.0,73.5,3.7067556381225586,0,2.4765577093302773,2.6908042430877686,2.595242540243572,139,ppo_kalman_seed46,ppo_kalman,PPO-Kalman,46
77554,soldier_caught,0,1,0,0,105,82,41.0,23,,,1.3260210752487183,0,2.6484337002038956,2.2579798698425293,2.7291956520960428,24,ppo_kalman_seed46,ppo_kalman,PPO-Kalman,46
77555,intercepted,1,0,0,0,386,14,7.0,372,386.0,193.0,2.880382537841797,0,2.540672839047442,2.8030898571014404,2.623529883119741,373,ppo_kalman_seed46,ppo_kalman,PPO-Kalman,46
77556,soldier_caught,0,1,0,0,108,108,54.0,0,,,1.7564444541931152,0,0.4022108018398285,0.4022108018398285,0.4022108018398285,1,ppo_kalman_seed46,ppo_kalman,PPO-Kalman,46
77557,unsafe_intercept,0,0,1,0,10,10,5.0,0,,,2.428629159927368,0,1.6278676986694336,1.6278676986694336,1.6278676986694336,1,ppo_kalman_seed46,ppo_kalman,PPO-Kalman,46
77558,intercepted,1,0,0,0,106,44,22.0,62,106.0,53.0,4.699789524078369,0,2.421270264046533,3.559812545776367,2.5384087152804646,63,ppo_kalman_seed46,ppo_kalman,PPO-Kalman,46
77559,intercepted,1,0,0,0,217,168,84.0,49,217.0,108.5,3.266371726989746,0,2.1066738447546958,0.8816751837730408,2.3909000267083735,50,ppo_kalman_seed46,ppo_kalman,PPO-Kalman,46
77560,soldier_caught,0,1,0,0,112,111,55.5,1,,,1.7776297330856323,0,1.8652018308639526,1.4425876140594482,1.912480234173291,2,ppo_kalman_seed46,ppo_kalman,PPO-Kalman,46
77561,intercepted,1,0,0,0,769,668,334.0,101,769.0,384.5,2.133110523223877,0,2.550475491028206,2.086296558380127,2.639957527327732,102,ppo_kalman_seed46,ppo_kalman,PPO-Kalman,46
77562,intercepted,1,0,0,0,799,425,212.5,374,799.0,399.5,3.6011998653411865,0,2.6010782797733945,2.9435441493988037,2.7226598406300306,375,ppo_kalman_seed46,ppo_kalman,PPO-Kalman,46
77563,unsafe_intercept,0,0,1,0,396,396,198.0,0,,,2.430673837661743,0,0.7049142718315125,0.7049142718315125,0.7049142718315125,1,ppo_kalman_seed46,ppo_kalman,PPO-Kalman,46
77564,intercepted,1,0,0,0,528,463,231.5,65,528.0,264.0,3.6432266235351562,0,2.6122294872096092,2.5321905612945557,2.7383417778093158,66,ppo_kalman_seed46,ppo_kalman,PPO-Kalman,46
77565,intercepted,1,0,0,0,158,131,65.5,27,158.0,79.0,2.5245230197906494,0,1.9236012739794595,1.0578913688659668,2.106226956162209,28,ppo_kalman_seed46,ppo_kalman,PPO-Kalman,46
77566,soldier_caught,0,1,0,0,17,17,8.5,0,,,1.3597174882888794,0,1.6402254104614258,1.6402254104614258,1.6402254104614258,1,ppo_kalman_seed46,ppo_kalman,PPO-Kalman,46
77567,unsafe_intercept,0,0,1,0,156,156,78.0,0,,,2.122103691101074,0,0.6801472306251526,0.6801472306251526,0.6801472306251526,1,ppo_kalman_seed46,ppo_kalman,PPO-Kalman,46
77568,intercepted,1,0,0,0,248,205,102.5,43,248.0,124.0,2.8611154556274414,0,2.2983578870242294,2.8699207305908203,2.420476891915595,44,ppo_kalman_seed46,ppo_kalman,PPO-Kalman,46
77569,unsafe_intercept,0,0,1,0,977,976,488.0,1,,,2.603933811187744,0,1.7864205837249756,1.4756863117218018,1.81324413407396,2,ppo_kalman_seed46,ppo_kalman,PPO-Kalman,46
77570,intercepted,1,0,0,0,122,80,40.0,42,122.0,61.0,4.388120174407959,0,2.405100879281066,2.9054527282714844,2.5464899845482862,43,ppo_kalman_seed46,ppo_kalman,PPO-Kalman,46
77571,soldier_caught,0,1,0,0,475,432,216.0,43,,,1.6181960105895996,0,2.4753499952229587,3.59659743309021,2.670419916371786,44,ppo_kalman_seed46,ppo_kalman,PPO-Kalman,46
77572,intercepted,1,0,0,0,420,201,100.5,219,420.0,210.0,2.4124836921691895,0,2.7323909947817975,1.9145125150680542,2.812460830464334,220,ppo_kalman_seed46,ppo_kalman,PPO-Kalman,46
77573,intercepted,1,0,0,0,643,616,308.0,27,643.0,321.5,4.12586784362793,0,2.225944678698267,3.5085031986236572,2.4013036474417326,28,ppo_kalman_seed46,ppo_kalman,PPO-Kalman,46
77574,intercepted,1,0,0,0,531,232,116.0,299,531.0,265.5,2.8568789958953857,0,2.506807007690271,2.079836130142212,2.6018421725318417,300,ppo_kalman_seed46,ppo_kalman,PPO-Kalman,46
77575,soldier_caught,0,1,0,0,102,101,50.5,1,,,1.8941272497177124,0,0.7478536069393158,0.8095481395721436,0.7503940516614772,2,ppo_kalman_seed46,ppo_kalman,PPO-Kalman,46
77576,intercepted,1,0,0,0,540,208,104.0,332,540.0,270.0,2.4362382888793945,0,2.5601805485225655,4.927216529846191,2.667041299553766,333,ppo_kalman_seed46,ppo_kalman,PPO-Kalman,46
77577,intercepted,1,0,0,0,311,12,6.0,299,311.0,155.5,4.813128471374512,0,2.5225330992539723,1.605853796005249,2.6402595484255458,300,ppo_kalman_seed46,ppo_kalman,PPO-Kalman,46
77578,soldier_caught,0,1,0,0,385,385,192.5,0,,,0.5122803449630737,0,1.6427847146987915,1.6427847146987915,1.6427847146987915,1,ppo_kalman_seed46,ppo_kalman,PPO-Kalman,46
77579,unsafe_intercept,0,0,1,0,153,153,76.5,0,,,2.3258605003356934,0,0.9601008296012878,0.9601008296012878,0.9601008296012878,1,ppo_kalman_seed46,ppo_kalman,PPO-Kalman,46
77580,intercepted,1,0,0,0,371,10,5.0,361,371.0,185.5,2.6210520267486572,0,2.480660235684221,3.5630476474761963,2.589770338237212,362,ppo_kalman_seed46,ppo_kalman,PPO-Kalman,46
77581,soldier_caught,0,1,0,0,690,689,344.5,1,,,1.5915217399597168,0,1.0325694382190704,1.340822696685791,1.077599051641842,2,ppo_kalman_seed46,ppo_kalman,PPO-Kalman,46
77582,intercepted,1,0,0,0,323,74,37.0,249,323.0,161.5,2.3698537349700928,0,2.645036720752716,3.2458369731903076,2.737790506080315,250,ppo_kalman_seed46,ppo_kalman,PPO-Kalman,46
77583,unsafe_intercept,0,0,1,0,530,530,265.0,0,,,2.4217522144317627,0,0.4054970443248749,0.4054970443248749,0.4054970443248749,1,ppo_kalman_seed46,ppo_kalman,PPO-Kalman,46
77584,intercepted,1,0,0,0,219,168,84.0,51,219.0,109.5,3.475094795227051,0,2.222624759834546,3.098201036453247,2.3555246861814414,52,ppo_kalman_seed46,ppo_kalman,PPO-Kalman,46
77585,intercepted,1,0,0,0,162,16,8.0,146,162.0,81.0,4.189350128173828,0,2.47912349526574,2.7573130130767822,2.569588085745801,147,ppo_kalman_seed46,ppo_kalman,PPO-Kalman,46
77586,soldier_caught,0,1,0,0,89,89,44.5,0,,,1.1288375854492188,0,2.2050061225891113,2.2050061225891113,2.2050061225891113,1,ppo_kalman_seed46,ppo_kalman,PPO-Kalman,46
77587,intercepted,1,0,0,0,312,12,6.0,300,312.0,156.0,3.1244330406188965,0,2.5472561529902524,2.6813085079193115,2.6530774068301146,301,ppo_kalman_seed46,ppo_kalman,PPO-Kalman,46
77588,intercepted,1,0,0,0,112,13,6.5,99,112.0,56.0,3.0248312950134277,0,2.3067801612615586,2.50992751121521,2.4138635816628042,100,ppo_kalman_seed46,ppo_kalman,PPO-Kalman,46
77589,soldier_caught,0,1,0,0,1038,497,248.5,541,,,1.8974196910858154,0,2.63959378361482,2.4868931770324707,2.7427398525732545,542,ppo_kalman_seed46,ppo_kalman,PPO-Kalman,46
77590,unsafe_intercept,0,0,1,0,85,85,42.5,0,,,2.474141836166382,0,1.656995177268982,1.656995177268982,1.656995177268982,1,ppo_kalman_seed46,ppo_kalman,PPO-Kalman,46
77591,soldier_caught,0,1,0,0,10,10,5.0,0,,,1.027126431465149,0,2.5670907497406006,2.5670907497406006,2.5670907497406006,1,ppo_kalman_seed46,ppo_kalman,PPO-Kalman,46
77592,soldier_caught,0,1,0,0,376,340,170.0,36,,,1.6120377779006958,0,2.5874162549908095,1.7427470684051514,2.81780465715621,37,ppo_kalman_seed46,ppo_kalman,PPO-Kalman,46
77593,unsafe_intercept,0,0,1,0,35,35,17.5,0,,,2.2218451499938965,0,1.0041985511779785,1.0041985511779785,1.0041985511779785,1,ppo_kalman_seed46,ppo_kalman,PPO-Kalman,46
77594,unsafe_intercept,0,0,1,0,12,11,5.5,1,,,2.4664549827575684,0,1.1990936398506165,1.6798338890075684,1.2918733468454593,2,ppo_kalman_seed46,ppo_kalman,PPO-Kalman,46
77595,soldier_caught,0,1,0,0,37,13,6.5,24,,,0.8308222889900208,0,1.8965007758140564,0.4792467951774597,2.1736975599452357,25,ppo_kalman_seed46,ppo_kalman,PPO-Kalman,46
77596,intercepted,1,0,0,0,161,127,63.5,34,161.0,80.5,3.4721641540527344,0,2.1823219537734984,2.2140722274780273,2.3200058006199957,35,ppo_kalman_seed46,ppo_kalman,PPO-Kalman,46
77597,soldier_caught,0,1,0,0,34,12,6.0,22,,,1.2447460889816284,0,2.4202578741571177,3.427793264389038,2.5382346615194784,23,ppo_kalman_seed46,ppo_kalman,PPO-Kalman,46
77598,intercepted,1,0,0,0,1312,683,341.5,629,1312.0,656.0,2.9799578189849854,0,2.621421093127084,2.6782758235931396,2.7077607939569805,630,ppo_kalman_seed46,ppo_kalman,PPO-Kalman,46
77599,intercepted,1,0,0,0,605,511,255.5,94,605.0,302.5,3.6817283630371094,0,2.6244801835009928,2.8368780612945557,2.747335956095989,95,ppo_kalman_seed46,ppo_kalman,PPO-Kalman,46
77600,soldier_caught,0,1,0,0,142,142,71.0,0,,,0.9030213356018066,0,2.0893290042877197,2.0893290042877197,2.0893290042877197,1,ppo_kalman_seed46,ppo_kalman,PPO-Kalman,46
77601,intercepted,1,0,0,0,172,68,34.0,104,172.0,86.0,2.6410462856292725,0,2.417435359387171,2.6852762699127197,2.528840662568544,105,ppo_kalman_seed46,ppo_kalman,PPO-Kalman,46
77602,soldier_caught,0,1,0,0,516,515,257.5,1,,,1.586003303527832,0,1.5494385361671448,1.6157143115997314,1.5508553303802954,2,ppo_kalman_seed46,ppo_kalman,PPO-Kalman,46
77603,unsafe_intercept,0,0,1,0,617,617,308.5,0,,,2.0544254779815674,0,0.9543858170509338,0.9543858170509338,0.9543858170509338,1,ppo_kalman_seed46,ppo_kalman,PPO-Kalman,46
77604,unsafe_intercept,0,0,1,0,120,120,60.0,0,,,2.32515549659729,0,1.5981041193008423,1.5981041193008423,1.5981041193008423,1,ppo_kalman_seed46,ppo_kalman,PPO-Kalman,46
77605,unsafe_intercept,0,0,1,0,84,83,41.5,1,,,2.615414619445801,0,1.0939307510852814,0.7085160613059998,1.1598400627964476,2,ppo_kalman_seed46,ppo_kalman,PPO-Kalman,46
77606,intercepted,1,0,0,0,316,13,6.5,303,316.0,158.0,2.780815362930298,0,2.3861508260628113,3.3669395446777344,2.5056952123186784,304,ppo_kalman_seed46,ppo_kalman,PPO-Kalman,46
77607,intercepted,1,0,0,0,74,11,5.5,63,74.0,37.0,3.8372881412506104,0,2.3947687121108174,2.0486338138580322,2.521913435271399,64,ppo_kalman_seed46,ppo_kalman,PPO-Kalman,46
77608,soldier_caught,0,1,0,0,359,359,179.5,0,,,1.9876785278320312,0,0.9050077795982361,0.9050077795982361,0.9050077795982361,1,ppo_kalman_seed46,ppo_kalman,PPO-Kalman,46
77609,soldier_caught,0,1,0,0,122,66,33.0,56,,,1.49038827419281,0,2.236043391520517,2.8180365562438965,2.4504799921145133,57,ppo_kalman_seed46,ppo_kalman,PPO-Kalman,46
77610,intercepted,1,0,0,0,757,640,320.0,117,757.0,378.5,3.5431246757507324,0,2.6592165398395666,3.0140156745910645,2.7568400525415138,118,ppo_kalman_seed46,ppo_kalman,PPO-Kalman,46
77611,intercepted,1,0,0,0,820,584,292.0,236,820.0,410.0,3.8928110599517822,0,2.504825412221096,1.9045583009719849,2.5842793018823706,237,ppo_kalman_seed46,ppo_kalman,PPO-Kalman,46
77612,intercepted,1,0,0,0,197,33,16.5,164,197.0,98.5,2.8947713375091553,0,2.6899799827373387,3.469367504119873,2.780812001283136,165,ppo_kalman_seed46,ppo_kalman,PPO-Kalman,46
77613,intercepted,1,0,0,0,199,180,90.0,19,199.0,99.5,4.5014472007751465,0,2.1904316514730455,1.2372524738311768,2.305798791742766,20,ppo_kalman_seed46,ppo_kalman,PPO-Kalman,46
77614,intercepted,1,0,0,0,396,44,22.0,352,396.0,198.0,4.231422424316406,0,2.556398101720864,2.6226553916931152,2.6578767295444763,353,ppo_kalman_seed46,ppo_kalman,PPO-Kalman,46
77615,intercepted,1,0,0,0,160,100,50.0,60,160.0,80.0,4.999902725219727,0,2.5405797098503737,2.9808719158172607,2.630804435245209,61,ppo_kalman_seed46,ppo_kalman,PPO-Kalman,46
77616,soldier_caught,0,1,0,0,811,810,405.0,1,,,0.4928898811340332,0,0.9470514357089996,0.6415148377418518,0.9951175983650455,2,ppo_kalman_seed46,ppo_kalman,PPO-Kalman,46
77617,intercepted,1,0,0,0,555,457,228.5,98,555.0,277.5,4.062047481536865,0,2.500142897846121,2.7314743995666504,2.651427164779432,99,ppo_kalman_seed46,ppo_kalman,PPO-Kalman,46
77618,intercepted,1,0,0,0,301,156,78.0,145,301.0,150.5,4.934962272644043,0,2.5901154108243447,2.7621524333953857,2.6872418534234983,146,ppo_kalman_seed46,ppo_kalman,PPO-Kalman,46
77619,unsafe_intercept,0,0,1,0,80,79,39.5,1,,,2.112488031387329,0,1.9656607508659363,2.887556552886963,2.171108946432405,2,ppo_kalman_seed46,ppo_kalman,PPO-Kalman,46
77620,intercepted,1,0,0,0,36,10,5.0,26,36.0,18.0,4.919683456420898,0,2.183737123454059,2.9427497386932373,2.342757242501151,27,ppo_kalman_seed46,ppo_kalman,PPO-Kalman,46
77621,soldier_caught,0,1,0,0,12,12,6.0,0,,,1.7509400844573975,0,1.367394208908081,1.367394208908081,1.367394208908081,1,ppo_kalman_seed46,ppo_kalman,PPO-Kalman,46
77622,intercepted,1,0,0,0,647,11,5.5,636,647.0,323.5,2.157745838165283,0,2.5886871856834675,2.8302996158599854,2.675172199673206,637,ppo_kalman_seed46,ppo_kalman,PPO-Kalman,46
77623,soldier_caught,0,1,0,0,32,32,16.0,0,,,1.7900723218917847,0,2.4445672035217285,2.4445672035217285,2.4445672035217285,1,ppo_kalman_seed46,ppo_kalman,PPO-Kalman,46
77624,intercepted,1,0,0,0,950,905,452.5,45,950.0,475.0,2.4648492336273193,0,2.4177166897317637,2.8008718490600586,2.5007631573487012,46,ppo_kalman_seed46,ppo_kalman,PPO-Kalman,46
77625,soldier_caught,0,1,0,0,264,263,131.5,1,,,1.5607300996780396,0,1.0349006950855255,0.9242940545082092,1.0407945415058169,2,ppo_kalman_seed46,ppo_kalman,PPO-Kalman,46
77626,intercepted,1,0,0,0,530,444,222.0,86,530.0,265.0,2.6796035766601562,0,2.502098962835882,2.4595911502838135,2.6175660634156603,87,ppo_kalman_seed46,ppo_kalman,PPO-Kalman,46
77627,intercepted,1,0,0,0,693,316,158.0,377,693.0,346.5,3.693295478820801,0,2.590916811079575,2.8484060764312744,2.68941308062954,378,ppo_kalman_seed46,ppo_kalman,PPO-Kalman,46
77628,intercepted,1,0,0,0,885,800,400.0,85,885.0,442.5,4.2364654541015625,0,2.296306959764902,2.3423991203308105,2.4657256746363734,86,ppo_kalman_seed46,ppo_kalman,PPO-Kalman,46
77629,unsafe_intercept,0,0,1,0,283,283,141.5,0,,,2.060007095336914,0,0.8575742840766907,0.8575742840766907,0.8575742840766907,1,ppo_kalman_seed46,ppo_kalman,PPO-Kalman,46
77630,intercepted,1,0,0,0,387,338,169.0,49,387.0,193.5,4.831033706665039,0,2.3069165074825286,2.853815793991089,2.426859892106893,50,ppo_kalman_seed46,ppo_kalman,PPO-Kalman,46
77631,unsafe_intercept,0,0,1,0,506,410,205.0,96,,,2.9950411319732666,0,2.3554671956706295,3.0144362449645996,2.496706453831696,97,ppo_kalman_seed46,ppo_kalman,PPO-Kalman,46
77632,intercepted,1,0,0,0,580,327,163.5,253,580.0,290.0,4.451633930206299,0,2.6722134114719753,3.1454224586486816,2.7458656678199405,254,ppo_kalman_seed46,ppo_kalman,PPO-Kalman,46
77633,intercepted,1,0,0,0,81,11,5.5,70,81.0,40.5,4.052396297454834,0,2.7830251648392474,3.0984463691711426,2.856794691883791,71,ppo_kalman_seed46,ppo_kalman,PPO-Kalman,46
77634,intercepted,1,0,0,0,565,260,130.0,305,565.0,282.5,4.913177013397217,0,2.5157134230035583,3.2098517417907715,2.603570480152673,306,ppo_kalman_seed46,ppo_kalman,PPO-Kalman,46
77635,intercepted,1,0,0,0,589,11,5.5,578,589.0,294.5,2.268186092376709,0,2.4732132011024035,3.2921159267425537,2.5886786473453824,579,ppo_kalman_seed46,ppo_kalman,PPO-Kalman,46
77636,intercepted,1,0,0,0,332,112,56.0,220,332.0,166.0,3.5544040203094482,0,2.5683179773154303,0.39514973759651184,2.64847266223335,221,ppo_kalman_seed46,ppo_kalman,PPO-Kalman,46
77637,intercepted,1,0,0,0,289,234,117.0,55,289.0,144.5,2.3188626766204834,0,2.121638917497226,2.4864585399627686,2.276078311241239,56,ppo_kalman_seed46,ppo_kalman,PPO-Kalman,46
77638,soldier_caught,0,1,0,0,80,79,39.5,1,,,0.47695401310920715,0,1.050932064652443,0.38513484597206116,1.2440836551121386,2,ppo_kalman_seed46,ppo_kalman,PPO-Kalman,46
77639,intercepted,1,0,0,0,1843,1804,902.0,39,1843.0,921.5,3.5722386837005615,0,2.5011883080005646,2.1112987995147705,2.6192451867308613,40,ppo_kalman_seed46,ppo_kalman,PPO-Kalman,46
77640,intercepted,1,0,0,0,537,380,190.0,157,537.0,268.5,4.887502670288086,0,2.604761260219767,2.671112298965454,2.6618146385014567,158,ppo_kalman_seed46,ppo_kalman,PPO-Kalman,46
77641,intercepted,1,0,0,0,1306,1124,562.0,182,1306.0,653.0,2.5353503227233887,0,2.4654707624449754,3.966343879699707,2.601331390356479,183,ppo_kalman_seed46,ppo_kalman,PPO-Kalman,46
77642,soldier_caught,0,1,0,0,653,484,242.0,169,,,1.9898455142974854,0,2.207522138865555,0.554844856262207,2.3850765319399843,170,ppo_kalman_seed46,ppo_kalman,PPO-Kalman,46
77643,intercepted,1,0,0,0,486,416,208.0,70,486.0,243.0,3.381855010986328,0,2.6396932442423324,2.9065346717834473,2.7120170193855397,71,ppo_kalman_seed46,ppo_kalman,PPO-Kalman,46
77644,intercepted,1,0,0,0,990,847,423.5,143,990.0,495.0,3.963989734649658,0,2.6091621443629265,3.191460371017456,2.7300269233706818,144,ppo_kalman_seed46,ppo_kalman,PPO-Kalman,46
77645,intercepted,1,0,0,0,224,102,51.0,122,224.0,112.0,2.227881908416748,0,2.3477751383694208,2.709193229675293,2.456803895044125,123,ppo_kalman_seed46,ppo_kalman,PPO-Kalman,46
77646,unsafe_intercept,0,0,1,0,37,37,18.5,0,,,2.3612937927246094,0,1.0771745443344116,1.0771745443344116,1.0771745443344116,1,ppo_kalman_seed46,ppo_kalman,PPO-Kalman,46
77647,intercepted,1,0,0,0,897,280,140.0,617,897.0,448.5,3.800462007522583,0,2.6054904846215323,2.441602945327759,2.693980614794272,618,ppo_kalman_seed46,ppo_kalman,PPO-Kalman,46
77648,intercepted,1,0,0,0,12,11,5.5,1,12.0,6.0,3.051027536392212,0,0.86479052901268,0.8830256462097168,0.8649827620069782,2,ppo_kalman_seed46,ppo_kalman,PPO-Kalman,46
77649,intercepted,1,0,0,0,103,14,7.0,89,103.0,51.5,3.1687021255493164,0,2.5468303120798534,2.4527194499969482,2.645742009328048,90,ppo_kalman_seed46,ppo_kalman,PPO-Kalman,46
77650,soldier_caught,0,1,0,0,728,707,353.5,21,,,1.2712386846542358,0,2.290872546759519,1.531775712966919,2.43241943705097,22,ppo_kalman_seed46,ppo_kalman,PPO-Kalman,46
77651,unsafe_intercept,0,0,1,0,1794,1793,896.5,1,,,2.483182191848755,0,1.3359180092811584,1.0965120792388916,1.357200105681228,2,ppo_kalman_seed46,ppo_kalman,PPO-Kalman,46
77652,unsafe_intercept,0,0,1,0,12,12,6.0,0,,,2.041156053543091,0,0.773802638053894,0.773802638053894,0.773802638053894,1,ppo_kalman_seed46,ppo_kalman,PPO-Kalman,46
77653,soldier_caught,0,1,0,0,86,86,43.0,0,,,0.9761230945587158,0,1.1585016250610352,1.1585016250610352,1.1585016250610352,1,ppo_kalman_seed46,ppo_kalman,PPO-Kalman,46
77654,intercepted,1,0,0,0,352,303,151.5,49,352.0,176.0,3.7287862300872803,0,2.5428522378206253,3.4501121044158936,2.643680451263305,50,ppo_kalman_seed46,ppo_kalman,PPO-Kalman,46
77655,intercepted,1,0,0,0,223,11,5.5,212,223.0,111.5,4.8347907066345215,0,2.620751438706134,3.315889358520508,2.716501982575121,213,ppo_kalman_seed46,ppo_kalman,PPO-Kalman,46
77656,intercepted,1,0,0,0,379,288,144.0,91,379.0,189.5,4.980534553527832,0,2.51667225425658,1.9286768436431885,2.631149974344577,92,ppo_kalman_seed46,ppo_kalman,PPO-Kalman,46
77657,soldier_caught,0,1,0,0,158,158,79.0,0,,,1.6113513708114624,0,0.9599761366844177,0.9599761366844177,0.9599761366844177,1,ppo_kalman_seed46,ppo_kalman,PPO-Kalman,46
77658,intercepted,1,0,0,0,150,10,5.0,140,150.0,75.0,4.551527500152588,0,2.5714531923439488,4.087368011474609,2.6660148480681807,141,ppo_kalman_seed46,ppo_kalman,PPO-Kalman,46
77659,intercepted,1,0,0,0,730,671,335.5,59,730.0,365.0,2.760258436203003,0,2.4591388374567034,2.856642246246338,2.5323508198527946,60,ppo_kalman_seed46,ppo_kalman,PPO-Kalman,46
77660,unsafe_intercept,0,0,1,0,173,120,60.0,53,,,2.308079242706299,0,2.131083122558064,0.7949370741844177,2.3301467537174996,54,ppo_kalman_seed46,ppo_kalman,PPO-Kalman,46
77661,soldier_caught,0,1,0,0,148,80,40.0,68,,,1.2462178468704224,0,2.6274403463239255,2.5051093101501465,2.7083329907674942,69,ppo_kalman_seed46,ppo_kalman,PPO-Kalman,46
77662,intercepted,1,0,0,0,571,505,252.5,66,571.0,285.5,2.3218116760253906,0,2.105024945602488,2.0931923389434814,2.300947007049849,67,ppo_kalman_seed46,ppo_kalman,PPO-Kalman,46
77663,soldier_caught,0,1,0,0,147,147,73.5,0,,,1.9986052513122559,0,1.6914682388305664,1.6914682388305664,1.6914682388305664,1,ppo_kalman_seed46,ppo_kalman,PPO-Kalman,46
77664,intercepted,1,0,0,0,802,199,99.5,603,802.0,401.0,2.940294027328491,0,2.5882091418106037,3.040499448776245,2.6740329120245523,604,ppo_kalman_seed46,ppo_kalman,PPO-Kalman,46
77665,soldier_caught,0,1,0,0,172,172,86.0,0,,,0.5660324096679688,0,0.6192922592163086,0.6192922592163086,0.6192922592163086,1,ppo_kalman_seed46,ppo_kalman,PPO-Kalman,46
77666,soldier_caught,0,1,0,0,761,761,380.5,0,,,1.341054081916809,0,1.4792197942733765,1.4792197942733765,1.4792197942733765,1,ppo_kalman_seed46,ppo_kalman,PPO-Kalman,46
77667,soldier_caught,0,1,0,0,155,155,77.5,0,,,1.9706825017929077,0,1.2258412837982178,1.2258412837982178,1.2258412837982178,1,ppo_kalman_seed46,ppo_kalman,PPO-Kalman,46
77668,intercepted,1,0,0,0,196,58,29.0,138,196.0,98.0,2.468177318572998,0,2.530333373829615,3.888092041015625,2.6501153493993392,139,ppo_kalman_seed46,ppo_kalman,PPO-Kalman,46
77669,soldier_caught,0,1,0,0,514,513,256.5,1,,,1.7414554357528687,0,0.7848301231861115,0.661241352558136,0.7945014200652263,2,ppo_kalman_seed46,ppo_kalman,PPO-Kalman,46
77670,intercepted,1,0,0,0,683,544,272.0,139,683.0,341.5,3.639010190963745,0,2.512927444917815,2.5705337524414062,2.6458933822164656,140,ppo_kalman_seed46,ppo_kalman,PPO-Kalman,46
77671,intercepted,1,0,0,0,395,14,7.0,381,395.0,197.5,2.433454751968384,0,2.580629111935643,3.225308656692505,2.6876443003043713,382,ppo_kalman_seed46,ppo_kalman,PPO-Kalman,46
77672,unsafe_intercept,0,0,1,0,53,53,26.5,0,,,2.377223253250122,0,0.45663103461265564,0.45663103461265564,0.45663103461265564,1,ppo_kalman_seed46,ppo_kalman,PPO-Kalman,46
77673,unsafe_intercept,0,0,1,0,347,347,173.5,0,,,2.2805655002593994,0,0.7009807825088501,0.7009807825088501,0.7009807825088501,1,ppo_kalman_seed46,ppo_kalman,PPO-Kalman,46
77674,unsafe_intercept,0,0,1,0,421,421,210.5,0,,,2.034320831298828,0,0.9221936464309692,0.9221936464309692,0.9221936464309692,1,ppo_kalman_seed46,ppo_kalman,PPO-Kalman,46
77675,intercepted,1,0,0,0,352,186,93.0,166,352.0,176.0,4.32769775390625,0,2.721736781611414,3.343512773513794,2.7872821025644527,167,ppo_kalman_seed46,ppo_kalman,PPO-Kalman,46
77676,soldier_caught,0,1,0,0,10,10,5.0,0,,,1.9485231637954712,0,0.8345082998275757,0.8345082998275757,0.8345082998275757,1,ppo_kalman_seed46,ppo_kalman,PPO-Kalman,46
77677,intercepted,1,0,0,0,333,241,120.5,92,333.0,166.5,3.7134265899658203,0,2.7230282477153245,2.2703378200531006,2.798121550681818,93,ppo_kalman_seed46,ppo_kalman,PPO-Kalman,46
77678,intercepted,1,0,0,0,792,590,295.0,202,792.0,396.0,3.9649062156677246,0,2.547639945017293,2.2492759227752686,2.639990855561027,203,ppo_kalman_seed46,ppo_kalman,PPO-Kalman,46
77679,unsafe_intercept,0,0,1,0,262,261,130.5,1,,,2.9007701873779297,0,0.6452239006757736,0.36454257369041443,0.7036305062470805,2,ppo_kalman_seed46,ppo_kalman,PPO-Kalman,46
77680,intercepted,1,0,0,0,828,695,347.5,133,828.0,414.0,3.9601144790649414,0,2.583341040495616,2.667633056640625,2.712171727550542,134,ppo_kalman_seed46,ppo_kalman,PPO-Kalman,46
77681,intercepted,1,0,0,0,120,96,48.0,24,120.0,60.0,3.53478741645813,0,2.037711601257324,1.0273408889770508,2.248425102579995,25,ppo_kalman_seed46,ppo_kalman,PPO-Kalman,46
77682,intercepted,1,0,0,0,323,312,156.0,11,323.0,161.5,4.639138698577881,0,2.5597604165474572,3.5531728267669678,2.77627567769447,12,ppo_kalman_seed46,ppo_kalman,PPO-Kalman,46
77683,intercepted,1,0,0,0,226,205,102.5,21,226.0,113.0,3.8618521690368652,0,2.1515942459756676,0.7722421884536743,2.266796462491097,22,ppo_kalman_seed46,ppo_kalman,PPO-Kalman,46
77684,intercepted,1,0,0,0,297,11,5.5,286,297.0,148.5,2.449974536895752,0,2.4413386252075955,2.360219717025757,2.5673246306982067,287,ppo_kalman_seed46,ppo_kalman,PPO-Kalman,46
77685,intercepted,1,0,0,0,405,119,59.5,286,405.0,202.5,3.193359136581421,0,2.553862970361311,1.0287108421325684,2.6547219739235834,287,ppo_kalman_seed46,ppo_kalman,PPO-Kalman,46
77686,soldier_caught,0,1,0,0,812,811,405.5,1,,,1.9637750387191772,0,1.3595132231712341,1.9572393894195557,1.4851103574466626,2,ppo_kalman_seed46,ppo_kalman,PPO-Kalman,46
77687,soldier_caught,0,1,0,0,519,519,259.5,0,,,1.0136491060256958,0,1.0597642660140991,1.0597642660140991,1.0597642660140991,1,ppo_kalman_seed46,ppo_kalman,PPO-Kalman,46
77688,intercepted,1,0,0,0,170,10,5.0,160,170.0,85.0,3.5013773441314697,0,2.399211287498474,2.3847291469573975,2.5091097562357483,161,ppo_kalman_seed46,ppo_kalman,PPO-Kalman,46
77689,intercepted,1,0,0,0,512,285,142.5,227,512.0,256.0,3.353614091873169,0,2.6829311592798484,2.268361806869507,2.7577356654380862,228,ppo_kalman_seed46,ppo_kalman,PPO-Kalman,46
77690,intercepted,1,0,0,0,747,622,311.0,125,747.0,373.5,2.3178908824920654,0,2.426195801013992,2.829606771469116,2.58211482763628,126,ppo_kalman_seed46,ppo_kalman,PPO-Kalman,46
77691,intercepted,1,0,0,0,91,36,18.0,55,91.0,45.5,4.936245918273926,0,2.416524256446532,1.7979183197021484,2.551477896749308,56,ppo_kalman_seed46,ppo_kalman,PPO-Kalman,46
77692,soldier_caught,0,1,0,0,144,143,71.5,1,,,1.7537825107574463,0,0.8412462472915649,0.4739954471588135,0.9179152459678873,2,ppo_kalman_seed46,ppo_kalman,PPO-Kalman,46
77693,intercepted,1,0,0,0,55,36,18.0,19,55.0,27.5,4.211389541625977,0,2.2119504235684873,2.189589262008667,2.4896055663800625,20,ppo_kalman_seed46,ppo_kalman,PPO-Kalman,46
77694,soldier_caught,0,1,0,0,83,82,41.0,1,,,1.478684663772583,0,1.0153668522834778,0.7303541898727417,1.0546099100854847,2,ppo_kalman_seed46,ppo_kalman,PPO-Kalman,46
77695,soldier_caught,0,1,0,0,402,401,200.5,1,,,1.172175645828247,0,1.0149571299552917,1.4613585472106934,1.1087886187072422,2,ppo_kalman_seed46,ppo_kalman,PPO-Kalman,46
77696,intercepted,1,0,0,0,994,900,450.0,94,994.0,497.0,3.1868603229522705,0,2.7808541536331175,3.9604790210723877,2.8667018251475493,95,ppo_kalman_seed46,ppo_kalman,PPO-Kalman,46
77697,intercepted,1,0,0,0,30,11,5.5,19,30.0,15.0,4.44786262512207,0,2.1571261912584303,2.861893653869629,2.3691476933985314,20,ppo_kalman_seed46,ppo_kalman,PPO-Kalman,46
77698,intercepted,1,0,0,0,102,33,16.5,69,102.0,51.0,2.550480842590332,0,2.262918741788183,2.29846453666687,2.4250676319378965,70,ppo_kalman_seed46,ppo_kalman,PPO-Kalman,46
77699,unsafe_intercept,0,0,1,0,228,205,102.5,23,,,3.2300658226013184,0,2.3586959342161813,3.0282387733459473,2.483180435774413,24,ppo_kalman_seed46,ppo_kalman,PPO-Kalman,46
77700,intercepted,1,0,0,0,493,381,190.5,112,493.0,246.5,2.381587266921997,0,2.3618772451856493,3.4104251861572266,2.5057526588842047,113,ppo_kalman_seed46,ppo_kalman,PPO-Kalman,46
77701,soldier_caught,0,1,0,0,780,293,146.5,487,,,0.8440945744514465,0,2.7210743530790826,2.364546537399292,2.786601294070866,488,ppo_kalman_seed46,ppo_kalman,PPO-Kalman,46
77702,intercepted,1,0,0,0,514,220,110.0,294,514.0,257.0,2.507866144180298,0,2.607749538805525,2.910750389099121,2.6851429257153745,295,ppo_kalman_seed46,ppo_kalman,PPO-Kalman,46
77703,soldier_caught,0,1,0,0,758,462,231.0,296,,,1.947917103767395,0,2.3258652127150334,2.288444995880127,2.501135749031653,297,ppo_kalman_seed46,ppo_kalman,PPO-Kalman,46
77704,intercepted,1,0,0,0,408,286,143.0,122,408.0,204.0,4.477027893066406,0,2.560939537315834,2.731900930404663,2.7041378319418548,123,ppo_kalman_seed46,ppo_kalman,PPO-Kalman,46
77705,intercepted,1,0,0,0,347,91,45.5,256,347.0,173.5,3.40129017829895,0,2.5965274978240642,2.456265449523926,2.701352490269719,257,ppo_kalman_seed46,ppo_kalman,PPO-Kalman,46
77706,soldier_caught,0,1,0,0,258,257,128.5,1,,,1.6329152584075928,0,0.7904894649982452,0.9677692651748657,0.8101245100747628,2,ppo_kalman_seed46,ppo_kalman,PPO-Kalman,46
77707,intercepted,1,0,0,0,182,87,43.5,95,182.0,91.0,4.975318908691406,0,2.572038296610117,2.4391276836395264,2.652703365869524,96,ppo_kalman_seed46,ppo_kalman,PPO-Kalman,46
77708,soldier_caught,0,1,0,0,125,125,62.5,0,,,1.9050523042678833,0,0.5093024969100952,0.5093024969100952,0.5093024969100952,1,ppo_kalman_seed46,ppo_kalman,PPO-Kalman,46
77709,unsafe_intercept,0,0,1,0,147,147,73.5,0,,,2.4232969284057617,0,1.3551745414733887,1.3551745414733887,1.3551745414733887,1,ppo_kalman_seed46,ppo_kalman,PPO-Kalman,46
77710,soldier_caught,0,1,0,0,1355,1062,531.0,293,,,1.9020675420761108,0,2.7026929490420284,2.0464553833007812,2.775052738670117,294,ppo_kalman_seed46,ppo_kalman,PPO-Kalman,46
77711,soldier_caught,0,1,0,0,198,198,99.0,0,,,1.810445785522461,0,1.4121676683425903,1.4121676683425903,1.4121676683425903,1,ppo_kalman_seed46,ppo_kalman,PPO-Kalman,46
77712,intercepted,1,0,0,0,98,76,38.0,22,98.0,49.0,3.9855427742004395,0,2.2655109037523684,2.6957921981811523,2.383640091183984,23,ppo_kalman_seed46,ppo_kalman,PPO-Kalman,46
77713,intercepted,1,0,0,0,216,215,107.5,1,216.0,108.0,3.544201612472534,0,1.1097583174705505,1.0983766317367554,1.1098166812429926,2,ppo_kalman_seed46,ppo_kalman,PPO-Kalman,46
77714,intercepted,1,0,0,0,244,11,5.5,233,244.0,122.0,2.802490472793579,0,2.531632287762104,2.2183291912078857,2.6791073523032383,234,ppo_kalman_seed46,ppo_kalman,PPO-Kalman,46
77715,intercepted,1,0,0,0,61,38,19.0,23,61.0,30.5,2.6321544647216797,0,2.3676732468108335,1.2307536602020264,2.5280728077790258,24,ppo_kalman_seed46,ppo_kalman,PPO-Kalman,46
77716,intercepted,1,0,0,0,238,134,67.0,104,238.0,119.0,4.1493449211120605,0,2.6282510291962398,2.787219762802124,2.753669697241939,105,ppo_kalman_seed46,ppo_kalman,PPO-Kalman,46
77717,intercepted,1,0,0,0,37,14,7.0,23,37.0,18.5,3.4606127738952637,0,2.4831245789925256,1.8406966924667358,2.582502127234971,24,ppo_kalman_seed46,ppo_kalman,PPO-Kalman,46
77718,intercepted,1,0,0,0,152,73,36.5,79,152.0,76.0,4.0686163902282715,0,2.551136814057827,3.2621428966522217,2.6157787290132273,80,ppo_kalman_seed46,ppo_kalman,PPO-Kalman,46
77719,intercepted,1,0,0,0,46,15,7.5,31,46.0,23.0,3.5550482273101807,0,2.481547260656953,2.5068089962005615,2.587899169217297,32,ppo_kalman_seed46,ppo_kalman,PPO-Kalman,46
77720,intercepted,1,0,0,0,235,41,20.5,194,235.0,117.5,4.900688648223877,0,2.590821251960901,3.195789337158203,2.6557446843531465,195,ppo_kalman_seed46,ppo_kalman,PPO-Kalman,46
77721,intercepted,1,0,0,0,498,450,225.0,48,498.0,249.0,2.8751919269561768,0,2.056490042988135,1.743414044380188,2.1722468901976026,49,ppo_kalman_seed46,ppo_kalman,PPO-Kalman,46
77722,soldier_caught,0,1,0,0,58,58,29.0,0,,,1.5702271461486816,0,1.1766986846923828,1.1766986846923828,1.1766986846923828,1,ppo_kalman_seed46,ppo_kalman,PPO-Kalman,46
77723,intercepted,1,0,0,0,240,191,95.5,49,240.0,120.0,3.2451772689819336,0,2.379083681106567,2.5489022731781006,2.487237149646979,50,ppo_kalman_seed46,ppo_kalman,PPO-Kalman,46
77724,soldier_caught,0,1,0,0,14,14,7.0,0,,,1.7627261877059937,0,0.5589630603790283,0.5589630603790283,0.5589630603790283,1,ppo_kalman_seed46,ppo_kalman,PPO-Kalman,46
77725,soldier_caught,0,1,0,0,45,45,22.5,0,,,1.173936367034912,0,0.758002519607544,0.758002519607544,0.758002519607544,1,ppo_kalman_seed46,ppo_kalman,PPO-Kalman,46
77726,intercepted,1,0,0,0,484,449,224.5,35,484.0,242.0,4.7319655418396,0,2.0645790433304176,3.1660213470458984,2.320877503009938,36,ppo_kalman_seed46,ppo_kalman,PPO-Kalman,46
77727,soldier_caught,0,1,0,0,226,204,102.0,22,,,1.2430765628814697,0,2.1086517753808396,2.008873224258423,2.2523515195400394,23,ppo_kalman_seed46,ppo_kalman,PPO-Kalman,46
77728,intercepted,1,0,0,0,150,87,43.5,63,150.0,75.0,2.998152494430542,0,2.5313084544613957,2.388477087020874,2.615389889478551,64,ppo_kalman_seed46,ppo_kalman,PPO-Kalman,46
77729,intercepted,1,0,0,0,281,144,72.0,137,281.0,140.5,2.564835548400879,0,2.259625342445097,3.729235887527466,2.412398267009486,138,ppo_kalman_seed46,ppo_kalman,PPO-Kalman,46
77730,soldier_caught,0,1,0,0,440,439,219.5,1,,,1.7308988571166992,0,1.3984670042991638,1.0831505060195923,1.4335740149014868,2,ppo_kalman_seed46,ppo_kalman,PPO-Kalman,46
77731,unsafe_intercept,0,0,1,0,180,180,90.0,0,,,2.224907398223877,0,0.6427016258239746,0.6427016258239746,0.6427016258239746,1,ppo_kalman_seed46,ppo_kalman,PPO-Kalman,46
77732,intercepted,1,0,0,0,986,878,439.0,108,986.0,493.0,2.80133056640625,0,2.3648208623085547,2.279383897781372,2.582993691563908,109,ppo_kalman_seed46,ppo_kalman,PPO-Kalman,46
77733,soldier_caught,0,1,0,0,228,181,90.5,47,,,1.8333364725112915,0,2.2519924404720464,1.5676796436309814,2.37998087741302,48,ppo_kalman_seed46,ppo_kalman,PPO-Kalman,46
77734,intercepted,1,0,0,0,426,379,189.5,47,426.0,213.0,4.929505825042725,0,2.3552997882167497,2.2035932540893555,2.434220890560153,48,ppo_kalman_seed46,ppo_kalman,PPO-Kalman,46
77735,soldier_caught,0,1,0,0,66,66,33.0,0,,,1.2348170280456543,0,1.1080299615859985,1.1080299615859985,1.1080299615859985,1,ppo_kalman_seed46,ppo_kalman,PPO-Kalman,46
77736,unsafe_intercept,0,0,1,0,738,717,358.5,21,,,2.8104898929595947,0,2.505619087002494,2.00724720954895,2.641963538620015,22,ppo_kalman_seed46,ppo_kalman,PPO-Kalman,46
77737,intercepted,1,0,0,0,702,398,199.0,304,702.0,351.0,3.074216365814209,0,2.549083610831714,2.30607008934021,2.6182648825043295,305,ppo_kalman_seed46,ppo_kalman,PPO-Kalman,46
77738,intercepted,1,0,0,0,370,42,21.0,328,370.0,185.0,2.381099224090576,0,2.4815018940660365,2.5724525451660156,2.590263801930782,329,ppo_kalman_seed46,ppo_kalman,PPO-Kalman,46
77739,soldier_caught,0,1,0,0,1399,1347,673.5,52,,,0.4321344792842865,0,2.301143285238518,4.146464824676514,2.468134305000919,53,ppo_kalman_seed46,ppo_kalman,PPO-Kalman,46
77740,intercepted,1,0,0,0,227,10,5.0,217,227.0,113.5,4.66670560836792,0,2.779654939240272,2.5649993419647217,2.828312683165009,218,ppo_kalman_seed46,ppo_kalman,PPO-Kalman,46
77741,intercepted,1,0,0,0,602,418,209.0,184,602.0,301.0,2.7687952518463135,0,2.4306246369271665,3.0399370193481445,2.514645430601874,185,ppo_kalman_seed46,ppo_kalman,PPO-Kalman,46
77742,intercepted,1,0,0,0,220,99,49.5,121,220.0,110.0,2.5972046852111816,0,2.612368502333516,3.088229179382324,2.694079107751185,122,ppo_kalman_seed46,ppo_kalman,PPO-Kalman,46
77743,soldier_caught,0,1,0,0,721,513,256.5,208,,,1.5769777297973633,0,2.5009546654218693,3.18033766746521,2.6122074201915546,209,ppo_kalman_seed46,ppo_kalman,PPO-Kalman,46
77744,intercepted,1,0,0,0,639,611,305.5,28,639.0,319.5,2.1336300373077393,0,1.9944330906045848,2.2518460750579834,2.21765165362103,29,ppo_kalman_seed46,ppo_kalman,PPO-Kalman,46
77745,soldier_caught,0,1,0,0,1040,977,488.5,63,,,1.742587685585022,0,2.352918352931738,1.8080661296844482,2.5777675511607065,64,ppo_kalman_seed46,ppo_kalman,PPO-Kalman,46
77746,soldier_caught,0,1,0,0,115,114,57.0,1,,,0.6501681208610535,0,1.0875205993652344,1.1247663497924805,1.0881582145849047,2,ppo_kalman_seed46,ppo_kalman,PPO-Kalman,46
77747,intercepted,1,0,0,0,186,142,71.0,44,186.0,93.0,2.1857590675354004,0,2.2800649152861703,3.332881450653076,2.3863249395392607,45,ppo_kalman_seed46,ppo_kalman,PPO-Kalman,46
77748,intercepted,1,0,0,0,65,41,20.5,24,65.0,32.5,2.3537919521331787,0,2.205828038454056,2.4182310104370117,2.3624033936589246,25,ppo_kalman_seed46,ppo_kalman,PPO-Kalman,46
77749,intercepted,1,0,0,0,242,15,7.5,227,242.0,121.0,4.750237464904785,0,2.556633420157851,2.429877758026123,2.6263480052995165,228,ppo_kalman_seed46,ppo_kalman,PPO-Kalman,46
77750,intercepted,1,0,0,0,579,16,8.0,563,579.0,289.5,2.237266778945923,0,2.610958987728078,3.5305469036102295,2.695249387512308,564,ppo_kalman_seed46,ppo_kalman,PPO-Kalman,46
77751,intercepted,1,0,0,0,681,33,16.5,648,681.0,340.5,4.1134724617004395,0,2.6729431374139154,2.6159331798553467,2.7322609967773324,649,ppo_kalman_seed46,ppo_kalman,PPO-Kalman,46
77752,intercepted,1,0,0,0,1018,243,121.5,775,1018.0,509.0,2.0315279960632324,0,2.6214095212173523,2.4314491748809814,2.7106148203451785,776,ppo_kalman_seed46,ppo_kalman,PPO-Kalman,46
77753,intercepted,1,0,0,0,306,305,152.5,1,306.0,153.0,2.5104098320007324,0,1.3448656797409058,1.2955541610717773,1.345769416511768,2,ppo_kalman_seed46,ppo_kalman,PPO-Kalman,46
77754,soldier_caught,0,1,0,0,15,15,7.5,0,,,1.0444538593292236,0,0.5444552898406982,0.5444552898406982,0.5444552898406982,1,ppo_kalman_seed46,ppo_kalman,PPO-Kalman,46
77755,soldier_caught,0,1,0,0,177,177,88.5,0,,,1.5539036989212036,0,1.5330384969711304,1.5330384969711304,1.5330384969711304,1,ppo_kalman_seed46,ppo_kalman,PPO-Kalman,46
77756,soldier_caught,0,1,0,0,75,75,37.5,0,,,1.7526130676269531,0,1.0539826154708862,1.0539826154708862,1.0539826154708862,1,ppo_kalman_seed46,ppo_kalman,PPO-Kalman,46
77757,intercepted,1,0,0,0,363,128,64.0,235,363.0,181.5,4.275125503540039,0,2.5477288443658312,3.37984037399292,2.6318225661754697,236,ppo_kalman_seed46,ppo_kalman,PPO-Kalman,46
77758,intercepted,1,0,0,0,597,362,181.0,235,597.0,298.5,4.370336532592773,0,2.5859083899502027,2.2180392742156982,2.6703495333986997,236,ppo_kalman_seed46,ppo_kalman,PPO-Kalman,46
77759,soldier_caught,0,1,0,0,327,308,154.0,19,,,1.9418275356292725,0,2.487180548906326,1.741756796836853,2.61662618037076,20,ppo_kalman_seed46,ppo_kalman,PPO-Kalman,46
77760,intercepted,1,0,0,0,87,36,18.0,51,87.0,43.5,3.7561211585998535,0,2.115124000952794,1.9030650854110718,2.2492175280400377,52,ppo_kalman_seed46,ppo_kalman,PPO-Kalman,46
77761,intercepted,1,0,0,0,422,369,184.5,53,422.0,211.0,4.62069845199585,0,2.4122846176226935,2.843641996383667,2.4976916904498925,54,ppo_kalman_seed46,ppo_kalman,PPO-Kalman,46
77762,intercepted,1,0,0,0,709,559,279.5,150,709.0,354.5,4.629954814910889,0,2.392190773952876,1.0330556631088257,2.5156372532968954,151,ppo_kalman_seed46,ppo_kalman,PPO-Kalman,46
77763,soldier_caught,0,1,0,0,309,309,154.5,0,,,1.1694961786270142,0,1.598846197128296,1.598846197128296,1.598846197128296,1,ppo_kalman_seed46,ppo_kalman,PPO-Kalman,46
77764,unsafe_intercept,0,0,1,0,60,60,30.0,0,,,2.4591073989868164,0,1.5640275478363037,1.5640275478363037,1.5640275478363037,1,ppo_kalman_seed46,ppo_kalman,PPO-Kalman,46
77765,soldier_caught,0,1,0,0,253,231,115.5,22,,,1.434592366218567,0,2.1572886549908183,2.4772846698760986,2.2638320832777867,23,ppo_kalman_seed46,ppo_kalman,PPO-Kalman,46
77766,soldier_caught,0,1,0,0,757,757,378.5,0,,,1.6082442998886108,0,0.7170478701591492,0.7170478701591492,0.7170478701591492,1,ppo_kalman_seed46,ppo_kalman,PPO-Kalman,46
77767,soldier_caught,0,1,0,0,420,405,202.5,15,,,1.3465945720672607,0,2.3146618716418743,2.0827505588531494,2.553088574437521,16,ppo_kalman_seed46,ppo_kalman,PPO-Kalman,46
77768,intercepted,1,0,0,0,1683,1612,806.0,71,1683.0,841.5,2.1501803398132324,0,2.423041588316361,2.423675060272217,2.5599261722515014,72,ppo_kalman_seed46,ppo_kalman,PPO-Kalman,46
77769,timeout,0,0,0,1,2000,1875,937.5,125,,,3.970072031021118,0,2.7226202289263406,2.4237189292907715,2.791237339242343,126,ppo_kalman_seed46,ppo_kalman,PPO-Kalman,46
77770,soldier_caught,0,1,0,0,12,12,6.0,0,,,1.3372923135757446,0,0.7213118672370911,0.7213118672370911,0.7213118672370911,1,ppo_kalman_seed46,ppo_kalman,PPO-Kalman,46
77771,intercepted,1,0,0,0,347,272,136.0,75,347.0,173.5,4.412223815917969,0,2.597937042775907,2.0385520458221436,2.67170194526248,76,ppo_kalman_seed46,ppo_kalman,PPO-Kalman,46
77772,intercepted,1,0,0,0,799,727,363.5,72,799.0,399.5,2.2680389881134033,0,2.0954516301416373,1.770979881286621,2.3015842874950865,73,ppo_kalman_seed46,ppo_kalman,PPO-Kalman,46
77773,intercepted,1,0,0,0,169,94,47.0,75,169.0,84.5,2.481334686279297,0,2.320969431023849,2.360593795776367,2.448301543545431,76,ppo_kalman_seed46,ppo_kalman,PPO-Kalman,46
77774,intercepted,1,0,0,0,756,11,5.5,745,756.0,378.0,3.024857759475708,0,2.609627487432541,1.9813050031661987,2.681320091467508,746,ppo_kalman_seed46,ppo_kalman,PPO-Kalman,46
77775,intercepted,1,0,0,0,1340,1119,559.5,221,1340.0,670.0,4.123559474945068,0,2.7931221451711012,3.413330554962158,2.8486947917641916,222,ppo_kalman_seed46,ppo_kalman,PPO-Kalman,46
77776,soldier_caught,0,1,0,0,1064,91,45.5,973,,,1.982369303703308,0,2.595222611569281,2.251847982406616,2.6775810809168283,974,ppo_kalman_seed46,ppo_kalman,PPO-Kalman,46
77777,intercepted,1,0,0,0,207,65,32.5,142,207.0,103.5,4.546680927276611,0,2.548035286940061,3.08793044090271,2.635598522031688,143,ppo_kalman_seed46,ppo_kalman,PPO-Kalman,46
77778,intercepted,1,0,0,0,388,230,115.0,158,388.0,194.0,2.5699267387390137,0,2.6286441162697174,2.9974215030670166,2.711260328191842,159,ppo_kalman_seed46,ppo_kalman,PPO-Kalman,46
77779,intercepted,1,0,0,0,624,16,8.0,608,624.0,312.0,2.696044445037842,0,2.684934112410044,2.5950167179107666,2.750094838654636,609,ppo_kalman_seed46,ppo_kalman,PPO-Kalman,46
77780,intercepted,1,0,0,0,389,158,79.0,231,389.0,194.5,4.500194072723389,0,2.4536707337046493,1.7068729400634766,2.5565894343124325,232,ppo_kalman_seed46,ppo_kalman,PPO-Kalman,46
77781,unsafe_intercept,0,0,1,0,196,196,98.0,0,,,2.3925139904022217,0,0.8414501547813416,0.8414501547813416,0.8414501547813416,1,ppo_kalman_seed46,ppo_kalman,PPO-Kalman,46
77782,intercepted,1,0,0,0,315,11,5.5,304,315.0,157.5,4.009735584259033,0,2.4942224620307076,2.9912641048431396,2.5927100393091442,305,ppo_kalman_seed46,ppo_kalman,PPO-Kalman,46
77783,soldier_caught,0,1,0,0,1114,1113,556.5,1,,,0.45110365748405457,0,0.6618481278419495,0.7078244090080261,0.6634431119227598,2,ppo_kalman_seed46,ppo_kalman,PPO-Kalman,46
77784,soldier_caught,0,1,0,0,13,12,6.0,1,,,0.7810919284820557,0,1.7832611203193665,2.111614227294922,1.8132390868562211,2,ppo_kalman_seed46,ppo_kalman,PPO-Kalman,46
77785,intercepted,1,0,0,0,481,370,185.0,111,481.0,240.5,4.465829372406006,0,2.458632522395679,3.386624813079834,2.553126102164859,112,ppo_kalman_seed46,ppo_kalman,PPO-Kalman,46
77786,intercepted,1,0,0,0,384,345,172.5,39,384.0,192.0,3.3149685859680176,0,2.008394657820463,3.0369956493377686,2.1817149794679604,40,ppo_kalman_seed46,ppo_kalman,PPO-Kalman,46
77787,intercepted,1,0,0,0,624,168,84.0,456,624.0,312.0,4.58043098449707,0,2.5662707162764193,1.6663776636123657,2.6557866466650624,457,ppo_kalman_seed46,ppo_kalman,PPO-Kalman,46
77788,soldier_caught,0,1,0,0,565,357,178.5,208,,,1.3879706859588623,0,2.352262742068779,0.5453173518180847,2.4875814461639085,209,ppo_kalman_seed46,ppo_kalman,PPO-Kalman,46
77789,intercepted,1,0,0,0,79,10,5.0,69,79.0,39.5,2.257612943649292,0,2.4670392853873118,1.8432704210281372,2.5814938269076455,70,ppo_kalman_seed46,ppo_kalman,PPO-Kalman,46
77790,intercepted,1,0,0,0,161,16,8.0,145,161.0,80.5,3.258357048034668,0,2.623412883036757,2.621975898742676,2.6997593207869235,146,ppo_kalman_seed46,ppo_kalman,PPO-Kalman,46
77791,soldier_caught,0,1,0,0,415,283,141.5,132,,,1.1743731498718262,0,2.451568259332413,2.857435941696167,2.5528632805170144,133,ppo_kalman_seed46,ppo_kalman,PPO-Kalman,46
77792,soldier_caught,0,1,0,0,89,89,44.5,0,,,1.244254469871521,0,0.565870463848114,0.565870463848114,0.565870463848114,1,ppo_kalman_seed46,ppo_kalman,PPO-Kalman,46
77793,intercepted,1,0,0,0,512,11,5.5,501,512.0,256.0,2.4610800743103027,0,2.7089363378120135,2.7278759479522705,2.7753528322142222,502,ppo_kalman_seed46,ppo_kalman,PPO-Kalman,46
77794,soldier_caught,0,1,0,0,36,35,17.5,1,,,1.4179140329360962,0,1.3747203946113586,1.6971379518508911,1.412023103414642,2,ppo_kalman_seed46,ppo_kalman,PPO-Kalman,46
77795,intercepted,1,0,0,0,564,445,222.5,119,564.0,282.0,4.264470100402832,0,2.426466054469347,3.201509475708008,2.5509256435846925,120,ppo_kalman_seed46,ppo_kalman,PPO-Kalman,46
77796,intercepted,1,0,0,0,265,246,123.0,19,265.0,132.5,2.8854737281799316,0,1.9755345791578294,2.4975740909576416,2.105297425954687,20,ppo_kalman_seed46,ppo_kalman,PPO-Kalman,46
77797,intercepted,1,0,0,0,87,11,5.5,76,87.0,43.5,2.663094997406006,0,2.273076528465593,2.2031893730163574,2.464537827963757,77,ppo_kalman_seed46,ppo_kalman,PPO-Kalman,46
77798,intercepted,1,0,0,0,223,202,101.0,21,223.0,111.5,2.5626778602600098,0,2.3719715855338355,2.6854445934295654,2.6159753314600165,22,ppo_kalman_seed46,ppo_kalman,PPO-Kalman,46
77799,soldier_caught,0,1,0,0,641,512,256.0,129,,,1.2129920721054077,0,2.524996999708506,1.548210859298706,2.629483118073131,130,ppo_kalman_seed46,ppo_kalman,PPO-Kalman,46
77800,soldier_caught,0,1,0,0,519,416,208.0,103,,,0.3287602961063385,0,2.615514154617603,2.7656941413879395,2.705265509974584,104,ppo_kalman_seed46,ppo_kalman,PPO-Kalman,46
77801,intercepted,1,0,0,0,276,83,41.5,193,276.0,138.0,3.8705124855041504,0,2.631603302030834,3.6599647998809814,2.7453495365748437,194,ppo_kalman_seed46,ppo_kalman,PPO-Kalman,46
77802,intercepted,1,0,0,0,272,58,29.0,214,272.0,136.0,2.6351261138916016,0,2.603651954545531,2.66137433052063,2.6748652466093397,215,ppo_kalman_seed46,ppo_kalman,PPO-Kalman,46
77803,soldier_caught,0,1,0,0,32,32,16.0,0,,,1.3152709007263184,0,1.1919326782226562,1.1919326782226562,1.1919326782226562,1,ppo_kalman_seed46,ppo_kalman,PPO-Kalman,46
77804,intercepted,1,0,0,0,671,340,170.0,331,671.0,335.5,2.0981247425079346,0,2.5088234470192208,2.7798879146575928,2.6181281381669086,332,ppo_kalman_seed46,ppo_kalman,PPO-Kalman,46
77805,soldier_caught,0,1,0,0,981,670,335.0,311,,,1.9811996221542358,0,2.5189719384965987,1.371665596961975,2.6319055310074884,312,ppo_kalman_seed46,ppo_kalman,PPO-Kalman,46
77806,intercepted,1,0,0,0,66,48,24.0,18,66.0,33.0,4.014468669891357,0,2.4851269565130534,2.8757524490356445,2.6667285910807594,19,ppo_kalman_seed46,ppo_kalman,PPO-Kalman,46
77807,unsafe_intercept,0,0,1,0,54,10,5.0,44,,,2.064600706100464,0,2.184684913025962,0.4088512361049652,2.385404888455723,45,ppo_kalman_seed46,ppo_kalman,PPO-Kalman,46
77808,intercepted,1,0,0,0,757,638,319.0,119,757.0,378.5,2.720841646194458,0,2.475797549635172,1.6321306228637695,2.594526156947963,120,ppo_kalman_seed46,ppo_kalman,PPO-Kalman,46
77809,soldier_caught,0,1,0,0,59,12,6.0,47,,,0.5873221755027771,0,2.5468608736991882,2.455719470977783,2.6487678198597178,48,ppo_kalman_seed46,ppo_kalman,PPO-Kalman,46
77810,soldier_caught,0,1,0,0,34,10,5.0,24,,,1.1246017217636108,0,2.1505414700508116,1.5563101768493652,2.317389620283745,25,ppo_kalman_seed46,ppo_kalman,PPO-Kalman,46
77811,intercepted,1,0,0,0,326,301,150.5,25,326.0,163.0,3.5229411125183105,0,2.200083228257986,2.8532040119171143,2.351386756028291,26,ppo_kalman_seed46,ppo_kalman,PPO-Kalman,46
77812,intercepted,1,0,0,0,233,18,9.0,215,233.0,116.5,2.1381490230560303,0,2.5982275085040816,3.897453784942627,2.6949437861311463,216,ppo_kalman_seed46,ppo_kalman,PPO-Kalman,46
77813,intercepted,1,0,0,0,777,758,379.0,19,777.0,388.5,2.1861817836761475,0,2.337430053949356,2.900378942489624,2.4809123916831073,20,ppo_kalman_seed46,ppo_kalman,PPO-Kalman,46
77814,intercepted,1,0,0,0,411,299,149.5,112,411.0,205.5,4.0124969482421875,0,2.594095733313434,3.054141044616699,2.7130725290275572,113,ppo_kalman_seed46,ppo_kalman,PPO-Kalman,46
77815,unsafe_intercept,0,0,1,0,106,106,53.0,0,,,2.2125043869018555,0,1.0956907272338867,1.0956907272338867,1.0956907272338867,1,ppo_kalman_seed46,ppo_kalman,PPO-Kalman,46
77816,intercepted,1,0,0,0,172,33,16.5,139,172.0,86.0,2.2582218647003174,0,2.3634492788996013,1.7819089889526367,2.489163205911115,140,ppo_kalman_seed46,ppo_kalman,PPO-Kalman,46
77817,intercepted,1,0,0,0,109,38,19.0,71,109.0,54.5,4.776052474975586,0,2.200446330010891,2.934838056564331,2.3588949472503886,72,ppo_kalman_seed46,ppo_kalman,PPO-Kalman,46
77818,intercepted,1,0,0,0,651,589,294.5,62,651.0,325.5,3.2032809257507324,0,2.6757306011896285,3.497385263442993,2.7471444944076473,63,ppo_kalman_seed46,ppo_kalman,PPO-Kalman,46
77819,intercepted,1,0,0,0,399,355,177.5,44,399.0,199.5,4.709740161895752,0,2.5559561133384703,2.080430269241333,2.6707532110612204,45,ppo_kalman_seed46,ppo_kalman,PPO-Kalman,46
77820,unsafe_intercept,0,0,1,0,724,724,362.0,0,,,2.0144577026367188,0,1.998724102973938,1.998724102973938,1.998724102973938,1,ppo_kalman_seed46,ppo_kalman,PPO-Kalman,46
77821,intercepted,1,0,0,0,298,102,51.0,196,298.0,149.0,2.6633288860321045,0,2.434413551679117,3.067196846008301,2.529980256652371,197,ppo_kalman_seed46,ppo_kalman,PPO-Kalman,46
77822,intercepted,1,0,0,0,144,10,5.0,134,144.0,72.0,2.9640541076660156,0,2.3737839217539185,3.176068067550659,2.5089577560465712,135,ppo_kalman_seed46,ppo_kalman,PPO-Kalman,46
77823,intercepted,1,0,0,0,36,11,5.5,25,36.0,18.0,3.962441921234131,0,2.2077556263941984,2.6148762702941895,2.3770879935877733,26,ppo_kalman_seed46,ppo_kalman,PPO-Kalman,46
77824,unsafe_intercept,0,0,1,0,122,122,61.0,0,,,2.3982064723968506,0,1.0651698112487793,1.0651698112487793,1.0651698112487793,1,ppo_kalman_seed46,ppo_kalman,PPO-Kalman,46
77825,unsafe_intercept,0,0,1,0,60,59,29.5,1,,,2.3501181602478027,0,1.3388418555259705,1.2052589654922485,1.345489465814573,2,ppo_kalman_seed46,ppo_kalman,PPO-Kalman,46
77826,soldier_caught,0,1,0,0,17,17,8.5,0,,,1.6480435132980347,0,1.344234585762024,1.344234585762024,1.344234585762024,1,ppo_kalman_seed46,ppo_kalman,PPO-Kalman,46
77827,soldier_caught,0,1,0,0,101,101,50.5,0,,,1.8552260398864746,0,0.6840699315071106,0.6840699315071106,0.6840699315071106,1,ppo_kalman_seed46,ppo_kalman,PPO-Kalman,46
77828,unsafe_intercept,0,0,1,0,419,419,209.5,0,,,2.3233213424682617,0,2.071507215499878,2.071507215499878,2.071507215499878,1,ppo_kalman_seed46,ppo_kalman,PPO-Kalman,46
77829,soldier_caught,0,1,0,0,16,16,8.0,0,,,1.3081114292144775,0,1.555559515953064,1.555559515953064,1.555559515953064,1,ppo_kalman_seed46,ppo_kalman,PPO-Kalman,46
77830,soldier_caught,0,1,0,0,383,171,85.5,212,,,1.9997388124465942,0,2.4912273361929147,1.7174826860427856,2.5764985707852226,213,ppo_kalman_seed46,ppo_kalman,PPO-Kalman,46
77831,intercepted,1,0,0,0,361,271,135.5,90,361.0,180.5,2.673243284225464,0,2.5740175338891835,2.6593339443206787,2.6728243637363525,91,ppo_kalman_seed46,ppo_kalman,PPO-Kalman,46
77832,soldier_caught,0,1,0,0,200,10,5.0,190,,,1.0276122093200684,0,2.5666783743815897,2.625308036804199,2.6464001691521584,191,ppo_kalman_seed46,ppo_kalman,PPO-Kalman,46
77833,intercepted,1,0,0,0,606,12,6.0,594,606.0,303.0,2.379185438156128,0,2.6888985091898623,2.7364625930786133,2.7424093998558896,595,ppo_kalman_seed46,ppo_kalman,PPO-Kalman,46
77834,intercepted,1,0,0,0,293,271,135.5,22,293.0,146.5,2.3420403003692627,0,2.235034115936445,1.9187037944793701,2.293727139045503,23,ppo_kalman_seed46,ppo_kalman,PPO-Kalman,46
77835,soldier_caught,0,1,0,0,36,36,18.0,0,,,0.7472968697547913,0,0.729853630065918,0.729853630065918,0.729853630065918,1,ppo_kalman_seed46,ppo_kalman,PPO-Kalman,46
77836,intercepted,1,0,0,0,59,11,5.5,48,59.0,29.5,3.2815966606140137,0,2.4895686373418693,2.4397597312927246,2.5601327459566883,49,ppo_kalman_seed46,ppo_kalman,PPO-Kalman,46
77837,soldier_caught,0,1,0,0,735,712,356.0,23,,,1.3839114904403687,0,2.6029224395751953,2.6616032123565674,2.735309127499661,24,ppo_kalman_seed46,ppo_kalman,PPO-Kalman,46
77838,soldier_caught,0,1,0,0,33,32,16.0,1,,,0.8637924790382385,0,1.4563040137290955,1.4629828929901123,1.4563193289356757,2,ppo_kalman_seed46,ppo_kalman,PPO-Kalman,46
77839,intercepted,1,0,0,0,1000,782,391.0,218,1000.0,500.0,2.7609262466430664,0,2.6918848861842397,2.057502508163452,2.773291643093249,219,ppo_kalman_seed46,ppo_kalman,PPO-Kalman,46
77840,unsafe_intercept,0,0,1,0,67,66,33.0,1,,,2.7596118450164795,0,0.9578378796577454,0.7170125246047974,0.9876488522463963,2,ppo_kalman_seed46,ppo_kalman,PPO-Kalman,46
77841,intercepted,1,0,0,0,390,19,9.5,371,390.0,195.0,2.4268248081207275,0,2.491551182282868,3.267807960510254,2.5915549802760283,372,ppo_kalman_seed46,ppo_kalman,PPO-Kalman,46
77842,soldier_caught,0,1,0,0,64,42,21.0,22,,,1.9034680128097534,0,2.342243702515312,2.6294307708740234,2.423325552078983,23,ppo_kalman_seed46,ppo_kalman,PPO-Kalman,46
77843,intercepted,1,0,0,0,479,199,99.5,280,479.0,239.5,3.3966596126556396,0,2.4550254137066334,2.5456600189208984,2.573252126322377,281,ppo_kalman_seed46,ppo_kalman,PPO-Kalman,46
77844,intercepted,1,0,0,0,32,11,5.5,21,32.0,16.0,4.529224872589111,0,2.391562679951841,2.108506202697754,2.541087192941019,22,ppo_kalman_seed46,ppo_kalman,PPO-Kalman,46
77845,intercepted,1,0,0,0,269,203,101.5,66,269.0,134.5,2.4756546020507812,0,2.1843748937791854,2.3971939086914062,2.3535787891124778,67,ppo_kalman_seed46,ppo_kalman,PPO-Kalman,46
77846,intercepted,1,0,0,0,455,126,63.0,329,455.0,227.5,2.442608594894409,0,2.6896864237207354,2.8607895374298096,2.7627591668221037,330,ppo_kalman_seed46,ppo_kalman,PPO-Kalman,46
77847,intercepted,1,0,0,0,645,483,241.5,162,645.0,322.5,4.028239727020264,0,2.4946122911810145,3.4628236293792725,2.573857684528508,163,ppo_kalman_seed46,ppo_kalman,PPO-Kalman,46
77848,intercepted,1,0,0,0,148,77,38.5,71,148.0,74.0,4.379607677459717,0,2.518602943047881,3.276538133621216,2.6420299490919645,72,ppo_kalman_seed46,ppo_kalman,PPO-Kalman,46
77849,intercepted,1,0,0,0,129,15,7.5,114,129.0,64.5,4.126534938812256,0,2.5552782732507455,1.7070269584655762,2.6532943906828006,115,ppo_kalman_seed46,ppo_kalman,PPO-Kalman,46
77850,intercepted,1,0,0,0,721,507,253.5,214,721.0,360.5,2.0779240131378174,0,2.4914213268562806,2.641683340072632,2.6127564266648124,215,ppo_kalman_seed46,ppo_kalman,PPO-Kalman,46
77851,intercepted,1,0,0,0,1045,915,457.5,130,1045.0,522.5,2.650386333465576,0,2.533866256702947,2.062371015548706,2.6323209984480536,131,ppo_kalman_seed46,ppo_kalman,PPO-Kalman,46
77852,soldier_caught,0,1,0,0,275,59,29.5,216,,,1.765141487121582,0,2.4794194236878426,2.8555397987365723,2.5754053153268353,217,ppo_kalman_seed46,ppo_kalman,PPO-Kalman,46
77853,unsafe_intercept,0,0,1,0,267,267,133.5,0,,,2.0707340240478516,0,1.1296305656433105,1.1296305656433105,1.1296305656433105,1,ppo_kalman_seed46,ppo_kalman,PPO-Kalman,46
77854,intercepted,1,0,0,0,1296,1249,624.5,47,1296.0,648.0,2.85063099861145,0,2.3165558129549026,3.012328624725342,2.5224784028027227,48,ppo_kalman_seed46,ppo_kalman,PPO-Kalman,46
77855,intercepted,1,0,0,0,42,19,9.5,23,42.0,21.0,3.3441050052642822,0,2.444788083434105,2.9825828075408936,2.54953930031023,24,ppo_kalman_seed46,ppo_kalman,PPO-Kalman,46
77856,intercepted,1,0,0,0,166,10,5.0,156,166.0,83.0,2.637321710586548,0,2.717431485273276,3.60394024848938,2.8206812173425897,157,ppo_kalman_seed46,ppo_kalman,PPO-Kalman,46
77857,intercepted,1,0,0,0,128,32,16.0,96,128.0,64.0,4.677133560180664,0,2.5138181509430875,2.672880172729492,2.5864569902206007,97,ppo_kalman_seed46,ppo_kalman,PPO-Kalman,46
77858,intercepted,1,0,0,0,568,197,98.5,371,568.0,284.0,4.92841100692749,0,2.634068611007865,3.084794521331787,2.692610364331134,372,ppo_kalman_seed46,ppo_kalman,PPO-Kalman,46
77859,intercepted,1,0,0,0,367,186,93.0,181,367.0,183.5,3.4245619773864746,0,2.3883907990223103,2.5206868648529053,2.545604080021585,182,ppo_kalman_seed46,ppo_kalman,PPO-Kalman,46
77860,unsafe_intercept,0,0,1,0,34,33,16.5,1,,,2.49111008644104,0,0.9616424143314362,1.6235922574996948,1.1674475268343651,2,ppo_kalman_seed46,ppo_kalman,PPO-Kalman,46
77861,intercepted,1,0,0,0,1107,1078,539.0,29,1107.0,553.5,2.8207037448883057,0,2.1538579245408376,2.2230961322784424,2.35759233846468,30,ppo_kalman_seed46,ppo_kalman,PPO-Kalman,46
77862,unsafe_intercept,0,0,1,0,239,239,119.5,0,,,2.325477123260498,0,1.2006994485855103,1.2006994485855103,1.2006994485855103,1,ppo_kalman_seed46,ppo_kalman,PPO-Kalman,46
77863,soldier_caught,0,1,0,0,307,134,67.0,173,,,1.9586704969406128,0,2.597155669126017,2.4952192306518555,2.6903025175638606,174,ppo_kalman_seed46,ppo_kalman,PPO-Kalman,46
77864,unsafe_intercept,0,0,1,0,11,11,5.5,0,,,2.052396059036255,0,0.7404184937477112,0.7404184937477112,0.7404184937477112,1,ppo_kalman_seed46,ppo_kalman,PPO-Kalman,46
77865,intercepted,1,0,0,0,553,509,254.5,44,553.0,276.5,2.6458611488342285,0,2.895713237259123,2.8765406608581543,3.0001716554554623,45,ppo_kalman_seed46,ppo_kalman,PPO-Kalman,46
77866,soldier_caught,0,1,0,0,418,193,96.5,225,,,1.8394849300384521,0,2.4858213193648684,2.8436241149902344,2.6369594791214928,226,ppo_kalman_seed46,ppo_kalman,PPO-Kalman,46
77867,intercepted,1,0,0,0,80,56,28.0,24,80.0,40.0,3.3389694690704346,0,2.6977759313583376,3.0566415786743164,2.810752787909921,25,ppo_kalman_seed46,ppo_kalman,PPO-Kalman,46
77868,intercepted,1,0,0,0,219,12,6.0,207,219.0,109.5,4.131582736968994,0,2.551746710561789,3.24839186668396,2.632933660585923,208,ppo_kalman_seed46,ppo_kalman,PPO-Kalman,46
77869,intercepted,1,0,0,0,234,186,93.0,48,234.0,117.0,4.059148788452148,0,2.1675775732312883,1.7818433046340942,2.376939725140976,49,ppo_kalman_seed46,ppo_kalman,PPO-Kalman,46
77870,intercepted,1,0,0,0,361,251,125.5,110,361.0,180.5,4.746064186096191,0,2.460887712804047,2.206444263458252,2.59109949278216,111,ppo_kalman_seed46,ppo_kalman,PPO-Kalman,46
77871,soldier_caught,0,1,0,0,688,688,344.0,0,,,1.2348843812942505,0,0.6876939535140991,0.6876939535140991,0.6876939535140991,1,ppo_kalman_seed46,ppo_kalman,PPO-Kalman,46
77872,intercepted,1,0,0,0,392,369,184.5,23,392.0,196.0,2.9195504188537598,0,2.221018852045139,2.4996747970581055,2.3470674182191376,24,ppo_kalman_seed46,ppo_kalman,PPO-Kalman,46
77873,intercepted,1,0,0,0,744,630,315.0,114,744.0,372.0,2.843447208404541,0,2.369000074137812,2.7874648571014404,2.493246901705832,115,ppo_kalman_seed46,ppo_kalman,PPO-Kalman,46
77874,soldier_caught,0,1,0,0,729,635,317.5,94,,,1.4806987047195435,0,2.5838827359048944,3.609994888305664,2.726155043536328,95,ppo_kalman_seed46,ppo_kalman,PPO-Kalman,46
77875,intercepted,1,0,0,0,108,14,7.0,94,108.0,54.0,2.9309701919555664,0,2.3239156126976015,2.2561752796173096,2.414944822131688,95,ppo_kalman_seed46,ppo_kalman,PPO-Kalman,46
77876,soldier_caught,0,1,0,0,253,253,126.5,0,,,1.811278223991394,0,0.8382347822189331,0.8382347822189331,0.8382347822189331,1,ppo_kalman_seed46,ppo_kalman,PPO-Kalman,46
77877,intercepted,1,0,0,0,580,359,179.5,221,580.0,290.0,4.58937931060791,0,2.514356955483153,3.008063554763794,2.594781771838752,222,ppo_kalman_seed46,ppo_kalman,PPO-Kalman,46
77878,soldier_caught,0,1,0,0,90,90,45.0,0,,,1.5977840423583984,0,1.67564058303833,1.67564058303833,1.67564058303833,1,ppo_kalman_seed46,ppo_kalman,PPO-Kalman,46
77879,intercepted,1,0,0,0,759,702,351.0,57,759.0,379.5,2.713017463684082,0,2.0021645724773407,0.8017635941505432,2.212076836659699,58,ppo_kalman_seed46,ppo_kalman,PPO-Kalman,46
77880,intercepted,1,0,0,0,316,124,62.0,192,316.0,158.0,4.763853073120117,0,2.533994611989649,2.905103921890259,2.630121053990966,193,ppo_kalman_seed46,ppo_kalman,PPO-Kalman,46
77881,unsafe_intercept,0,0,1,0,10,10,5.0,0,,,2.004845380783081,0,1.0417922735214233,1.0417922735214233,1.0417922735214233,1,ppo_kalman_seed46,ppo_kalman,PPO-Kalman,46
77882,intercepted,1,0,0,0,551,84,42.0,467,551.0,275.5,2.532085657119751,0,2.492561783482376,1.9913880825042725,2.6135394792412203,468,ppo_kalman_seed46,ppo_kalman,PPO-Kalman,46
77883,soldier_caught,0,1,0,0,497,232,116.0,265,,,0.8567919731140137,0,2.6769869884938227,3.103286027908325,2.7930701746536597,266,ppo_kalman_seed46,ppo_kalman,PPO-Kalman,46
77884,intercepted,1,0,0,0,220,21,10.5,199,220.0,110.0,4.01866340637207,0,2.608532893061638,3.05717396736145,2.6852200211974044,200,ppo_kalman_seed46,ppo_kalman,PPO-Kalman,46
77885,intercepted,1,0,0,0,408,386,193.0,22,408.0,204.0,4.283063888549805,0,2.20045442684837,2.7134571075439453,2.408149071893007,23,ppo_kalman_seed46,ppo_kalman,PPO-Kalman,46
77886,intercepted,1,0,0,0,228,37,18.5,191,228.0,114.0,3.2092933654785156,0,2.645543163176626,2.7314040660858154,2.7239796271684114,192,ppo_kalman_seed46,ppo_kalman,PPO-Kalman,46
77887,intercepted,1,0,0,0,497,147,73.5,350,497.0,248.5,2.4649698734283447,0,2.567235275466218,2.877108335494995,2.6697120784977044,351,ppo_kalman_seed46,ppo_kalman,PPO-Kalman,46
77888,soldier_caught,0,1,0,0,351,351,175.5,0,,,1.277860403060913,0,1.5090183019638062,1.5090183019638062,1.5090183019638062,1,ppo_kalman_seed46,ppo_kalman,PPO-Kalman,46
77889,soldier_caught,0,1,0,0,103,57,28.5,46,,,1.3549026250839233,0,2.368635629085784,3.0838828086853027,2.487306350421905,47,ppo_kalman_seed46,ppo_kalman,PPO-Kalman,46
77890,soldier_caught,0,1,0,0,86,86,43.0,0,,,1.9805294275283813,0,1.9762134552001953,1.9762134552001953,1.9762134552001953,1,ppo_kalman_seed46,ppo_kalman,PPO-Kalman,46
77891,intercepted,1,0,0,0,138,13,6.5,125,138.0,69.0,3.6518373489379883,0,2.491620986707627,3.115978717803955,2.558955349008956,126,ppo_kalman_seed46,ppo_kalman,PPO-Kalman,46
77892,soldier_caught,0,1,0,0,68,46,23.0,22,,,1.0549546480178833,0,2.341392457485199,1.9451203346252441,2.4463364780836847,23,ppo_kalman_seed46,ppo_kalman,PPO-Kalman,46
77893,intercepted,1,0,0,0,577,485,242.5,92,577.0,288.5,3.988231897354126,0,2.5118089632321428,1.4257497787475586,2.5918295838512684,93,ppo_kalman_seed46,ppo_kalman,PPO-Kalman,46
77894,soldier_caught,0,1,0,0,1305,1305,652.5,0,,,0.8887814283370972,0,1.501497745513916,1.501497745513916,1.501497745513916,1,ppo_kalman_seed46,ppo_kalman,PPO-Kalman,46
77895,intercepted,1,0,0,0,694,57,28.5,637,694.0,347.0,2.819399833679199,0,2.6385268900765335,3.340862989425659,2.7109712173996368,638,ppo_kalman_seed46,ppo_kalman,PPO-Kalman,46
77896,unsafe_intercept,0,0,1,0,279,278,139.0,1,,,2.508507013320923,0,1.1633314788341522,1.3785085678100586,1.18306437241031,2,ppo_kalman_seed46,ppo_kalman,PPO-Kalman,46
77897,intercepted,1,0,0,0,574,522,261.0,52,574.0,287.0,3.2413179874420166,0,2.526912957992194,2.583599328994751,2.597576588300359,53,ppo_kalman_seed46,ppo_kalman,PPO-Kalman,46
77898,soldier_caught,0,1,0,0,13,12,6.0,1,,,1.1271528005599976,0,0.6820578686892986,1.320212483406067,0.9340472410565193,2,ppo_kalman_seed46,ppo_kalman,PPO-Kalman,46
77899,soldier_caught,0,1,0,0,367,218,109.0,149,,,1.2843620777130127,0,2.464970277150472,0.7608408331871033,2.5716739977680816,150,ppo_kalman_seed46,ppo_kalman,PPO-Kalman,46
77900,intercepted,1,0,0,0,195,168,84.0,27,195.0,97.5,4.579089164733887,0,1.9090855802808488,1.4879019260406494,2.060834147742506,28,ppo_kalman_seed46,ppo_kalman,PPO-Kalman,46
77901,intercepted,1,0,0,0,174,10,5.0,164,174.0,87.0,3.7336034774780273,0,2.3637392911044035,2.952291965484619,2.5024860729888267,165,ppo_kalman_seed46,ppo_kalman,PPO-Kalman,46
77902,intercepted,1,0,0,0,543,428,214.0,115,543.0,271.5,2.841909408569336,0,2.4046129304273376,3.1737217903137207,2.529027026044879,116,ppo_kalman_seed46,ppo_kalman,PPO-Kalman,46
77903,unsafe_intercept,0,0,1,0,124,123,61.5,1,,,2.339261293411255,0,1.6875765919685364,1.5693894624710083,1.6917100671625163,2,ppo_kalman_seed46,ppo_kalman,PPO-Kalman,46
77904,intercepted,1,0,0,0,178,13,6.5,165,178.0,89.0,2.720449447631836,0,2.4759978124176163,1.821996808052063,2.574031164114239,166,ppo_kalman_seed46,ppo_kalman,PPO-Kalman,46
77905,intercepted,1,0,0,0,108,42,21.0,66,108.0,54.0,2.6767473220825195,0,2.441602000549658,2.679975986480713,2.539893600751821,67,ppo_kalman_seed46,ppo_kalman,PPO-Kalman,46
77906,unsafe_intercept,0,0,1,0,57,11,5.5,46,,,2.9889402389526367,0,2.6201723560373833,2.334618091583252,2.7110434039590285,47,ppo_kalman_seed46,ppo_kalman,PPO-Kalman,46
77907,soldier_caught,0,1,0,0,362,361,180.5,1,,,1.5245227813720703,0,1.7204522490501404,2.2221977710723877,1.792122905978009,2,ppo_kalman_seed46,ppo_kalman,PPO-Kalman,46
77908,soldier_caught,0,1,0,0,15,14,7.0,1,,,1.116246223449707,0,1.3893877267837524,1.1873252391815186,1.4040040969432126,2,ppo_kalman_seed46,ppo_kalman,PPO-Kalman,46
77909,intercepted,1,0,0,0,1493,780,390.0,713,1493.0,746.5,3.594801187515259,0,2.670899904993068,0.8137020468711853,2.733301294036149,714,ppo_kalman_seed46,ppo_kalman,PPO-Kalman,46
77910,intercepted,1,0,0,0,557,40,20.0,517,557.0,278.5,2.7078943252563477,0,2.6475052656929465,3.008683681488037,2.712243859444902,518,ppo_kalman_seed46,ppo_kalman,PPO-Kalman,46
77911,intercepted,1,0,0,0,65,14,7.0,51,65.0,32.5,2.2560696601867676,0,2.402938474256259,2.98468279838562,2.543544729009338,52,ppo_kalman_seed46,ppo_kalman,PPO-Kalman,46
77912,intercepted,1,0,0,0,530,281,140.5,249,530.0,265.0,4.3372039794921875,0,2.726565823853016,2.632457971572876,2.803448213883483,250,ppo_kalman_seed46,ppo_kalman,PPO-Kalman,46
77913,soldier_caught,0,1,0,0,565,565,282.5,0,,,1.1074633598327637,0,1.5410702228546143,1.5410702228546143,1.5410702228546143,1,ppo_kalman_seed46,ppo_kalman,PPO-Kalman,46
77914,intercepted,1,0,0,0,341,79,39.5,262,341.0,170.5,4.724157810211182,0,2.665953404096596,2.6941146850585938,2.7208140040375985,263,ppo_kalman_seed46,ppo_kalman,PPO-Kalman,46
77915,intercepted,1,0,0,0,165,11,5.5,154,165.0,82.5,2.562459945678711,0,2.7165630242516916,2.1404366493225098,2.781852534996105,155,ppo_kalman_seed46,ppo_kalman,PPO-Kalman,46
77916,unsafe_intercept,0,0,1,0,1134,1133,566.5,1,,,3.436734437942505,0,1.1237172074615955,2.1299636363983154,1.5084005562492968,2,ppo_kalman_seed46,ppo_kalman,PPO-Kalman,46
77917,soldier_caught,0,1,0,0,111,87,43.5,24,,,0.819290041923523,0,2.2687490117549896,1.8663949966430664,2.4772470061709164,25,ppo_kalman_seed46,ppo_kalman,PPO-Kalman,46
77918,intercepted,1,0,0,0,318,264,132.0,54,318.0,159.0,2.528864622116089,0,2.0219595854932613,2.137376308441162,2.198267619899326,55,ppo_kalman_seed46,ppo_kalman,PPO-Kalman,46
77919,intercepted,1,0,0,0,36,13,6.5,23,36.0,18.0,4.251967430114746,0,2.205960877239704,0.6845058798789978,2.2990813708482776,24,ppo_kalman_seed46,ppo_kalman,PPO-Kalman,46
77920,soldier_caught,0,1,0,0,375,375,187.5,0,,,0.9326116442680359,0,0.5143980979919434,0.5143980979919434,0.5143980979919434,1,ppo_kalman_seed46,ppo_kalman,PPO-Kalman,46
77921,intercepted,1,0,0,0,309,103,51.5,206,309.0,154.5,2.613842248916626,0,2.5766184232085223,3.0131540298461914,2.644625487489768,207,ppo_kalman_seed46,ppo_kalman,PPO-Kalman,46
77922,intercepted,1,0,0,0,432,105,52.5,327,432.0,216.0,2.5723876953125,0,2.6345071725365594,2.546330690383911,2.7302486520665186,328,ppo_kalman_seed46,ppo_kalman,PPO-Kalman,46
77923,soldier_caught,0,1,0,0,642,221,110.5,421,,,1.7734477519989014,0,2.5557547432692695,3.168931245803833,2.6586597256831648,422,ppo_kalman_seed46,ppo_kalman,PPO-Kalman,46
77924,soldier_caught,0,1,0,0,118,118,59.0,0,,,1.367473840713501,0,0.9041927456855774,0.9041927456855774,0.9041927456855774,1,ppo_kalman_seed46,ppo_kalman,PPO-Kalman,46
77925,intercepted,1,0,0,0,1376,1079,539.5,297,1376.0,688.0,3.726015329360962,0,2.630947720384438,2.832566261291504,2.703688846041051,298,ppo_kalman_seed46,ppo_kalman,PPO-Kalman,46
77926,intercepted,1,0,0,0,598,597,298.5,1,598.0,299.0,4.114865303039551,0,0.9520008563995361,0.8531615734100342,0.9571179835565358,2,ppo_kalman_seed46,ppo_kalman,PPO-Kalman,46
77927,soldier_caught,0,1,0,0,12,11,5.5,1,,,1.5026137828826904,0,1.6751230359077454,1.0149239301681519,1.8005277128242543,2,ppo_kalman_seed46,ppo_kalman,PPO-Kalman,46
77928,intercepted,1,0,0,0,167,139,69.5,28,167.0,83.5,2.876710891723633,0,2.206077853667325,2.8432517051696777,2.3206975365347127,29,ppo_kalman_seed46,ppo_kalman,PPO-Kalman,46
77929,soldier_caught,0,1,0,0,202,179,89.5,23,,,1.1020416021347046,0,2.494019682208697,3.0840272903442383,2.6304934396047654,24,ppo_kalman_seed46,ppo_kalman,PPO-Kalman,46
77930,unsafe_intercept,0,0,1,0,281,281,140.5,0,,,2.016658306121826,0,0.7424060106277466,0.7424060106277466,0.7424060106277466,1,ppo_kalman_seed46,ppo_kalman,PPO-Kalman,46
77931,intercepted,1,0,0,0,220,12,6.0,208,220.0,110.0,3.3842673301696777,0,2.7122360119979345,1.5735334157943726,2.774282494433384,209,ppo_kalman_seed46,ppo_kalman,PPO-Kalman,46
77932,intercepted,1,0,0,0,544,14,7.0,530,544.0,272.0,4.225693702697754,0,2.562233217804221,2.5043861865997314,2.6478439226321773,531,ppo_kalman_seed46,ppo_kalman,PPO-Kalman,46
77933,intercepted,1,0,0,0,62,36,18.0,26,62.0,31.0,2.0725927352905273,0,1.992753596217544,1.0743603706359863,2.1229019867399597,27,ppo_kalman_seed46,ppo_kalman,PPO-Kalman,46
77934,intercepted,1,0,0,0,243,155,77.5,88,243.0,121.5,3.612393379211426,0,2.2790222573146393,0.7319715619087219,2.4126965708654495,89,ppo_kalman_seed46,ppo_kalman,PPO-Kalman,46
77935,soldier_caught,0,1,0,0,226,226,113.0,0,,,1.7532174587249756,0,0.8702385425567627,0.8702385425567627,0.8702385425567627,1,ppo_kalman_seed46,ppo_kalman,PPO-Kalman,46
77936,intercepted,1,0,0,0,421,170,85.0,251,421.0,210.5,2.311577320098877,0,2.4652669937128113,1.2608047723770142,2.587751748626001,252,ppo_kalman_seed46,ppo_kalman,PPO-Kalman,46
77937,intercepted,1,0,0,0,491,41,20.5,450,491.0,245.5,2.767359733581543,0,2.671520824806389,2.5121042728424072,2.7418063823080545,451,ppo_kalman_seed46,ppo_kalman,PPO-Kalman,46
77938,intercepted,1,0,0,0,536,350,175.0,186,536.0,268.0,3.218482494354248,0,2.5419178563643268,1.100326418876648,2.624979667582919,187,ppo_kalman_seed46,ppo_kalman,PPO-Kalman,46
77939,intercepted,1,0,0,0,1188,1067,533.5,121,1188.0,594.0,3.1852996349334717,0,2.3412873417627615,2.7419841289520264,2.4897877019173325,122,ppo_kalman_seed46,ppo_kalman,PPO-Kalman,46
77940,intercepted,1,0,0,0,412,11,5.5,401,412.0,206.0,2.6264326572418213,0,2.6352798970629325,3.2401697635650635,2.719999810947548,402,ppo_kalman_seed46,ppo_kalman,PPO-Kalman,46
77941,intercepted,1,0,0,0,692,42,21.0,650,692.0,346.0,2.4499611854553223,0,2.5504707626758085,2.5010921955108643,2.6538043520978776,651,ppo_kalman_seed46,ppo_kalman,PPO-Kalman,46
77942,soldier_caught,0,1,0,0,776,776,388.0,0,,,1.88307785987854,0,1.3960930109024048,1.3960930109024048,1.3960930109024048,1,ppo_kalman_seed46,ppo_kalman,PPO-Kalman,46
77943,intercepted,1,0,0,0,270,58,29.0,212,270.0,135.0,2.739530086517334,0,2.5054397326260105,3.1001124382019043,2.5793286880173283,213,ppo_kalman_seed46,ppo_kalman,PPO-Kalman,46
77944,soldier_caught,0,1,0,0,355,160,80.0,195,,,1.3144829273223877,0,2.478252994314748,1.9842958450317383,2.5726957557151953,196,ppo_kalman_seed46,ppo_kalman,PPO-Kalman,46
77945,soldier_caught,0,1,0,0,65,17,8.5,48,,,1.4839470386505127,0,2.2023085538221867,1.3929150104522705,2.384616267214997,49,ppo_kalman_seed46,ppo_kalman,PPO-Kalman,46
77946,intercepted,1,0,0,0,85,14,7.0,71,85.0,42.5,4.806315898895264,0,2.4800291665726237,2.4314825534820557,2.569789523697121,72,ppo_kalman_seed46,ppo_kalman,PPO-Kalman,46
77947,intercepted,1,0,0,0,480,10,5.0,470,480.0,240.0,3.735145330429077,0,2.6849826452838386,2.6964478492736816,2.7539012230441346,471,ppo_kalman_seed46,ppo_kalman,PPO-Kalman,46
77948,intercepted,1,0,0,0,105,11,5.5,94,105.0,52.5,2.609005928039551,0,2.39430929547862,3.108766555786133,2.473445408344175,95,ppo_kalman_seed46,ppo_kalman,PPO-Kalman,46
77949,intercepted,1,0,0,0,155,111,55.5,44,155.0,77.5,3.3199985027313232,0,2.4081488953696355,2.3607311248779297,2.512800132927458,45,ppo_kalman_seed46,ppo_kalman,PPO-Kalman,46
77950,soldier_caught,0,1,0,0,329,328,164.0,1,,,1.89618980884552,0,1.5839866995811462,1.4368345737457275,1.5908072204349135,2,ppo_kalman_seed46,ppo_kalman,PPO-Kalman,46
77951,intercepted,1,0,0,0,512,414,207.0,98,512.0,256.0,3.503399610519409,0,2.336777576894471,2.164621114730835,2.469008129835416,99,ppo_kalman_seed46,ppo_kalman,PPO-Kalman,46
77952,intercepted,1,0,0,0,121,37,18.5,84,121.0,60.5,2.340393304824829,0,2.4425131363027237,2.4156174659729004,2.552729746490719,85,ppo_kalman_seed46,ppo_kalman,PPO-Kalman,46
77953,soldier_caught,0,1,0,0,493,417,208.5,76,,,1.7338899374008179,0,2.388396102112609,2.726557970046997,2.495601649292276,77,ppo_kalman_seed46,ppo_kalman,PPO-Kalman,46
77954,intercepted,1,0,0,0,263,43,21.5,220,263.0,131.5,3.8472588062286377,0,2.6385165130660546,1.9494965076446533,2.7359504971552875,221,ppo_kalman_seed46,ppo_kalman,PPO-Kalman,46
77955,intercepted,1,0,0,0,892,38,19.0,854,892.0,446.0,2.117499351501465,0,2.4478991524082176,1.538800597190857,2.5804987285746197,855,ppo_kalman_seed46,ppo_kalman,PPO-Kalman,46
77956,soldier_caught,0,1,0,0,62,13,6.5,49,,,1.9975666999816895,0,2.2203952115774155,0.512801468372345,2.392535232232312,50,ppo_kalman_seed46,ppo_kalman,PPO-Kalman,46
77957,intercepted,1,0,0,0,606,404,202.0,202,606.0,303.0,3.2013063430786133,0,2.572086597751514,2.8133366107940674,2.679100047623906,203,ppo_kalman_seed46,ppo_kalman,PPO-Kalman,46
77958,intercepted,1,0,0,0,372,129,64.5,243,372.0,186.0,2.612065076828003,0,2.6963392260377526,3.8104610443115234,2.773706672099012,244,ppo_kalman_seed46,ppo_kalman,PPO-Kalman,46
77959,soldier_caught,0,1,0,0,933,733,366.5,200,,,0.6082685589790344,0,2.101409919671158,2.0162649154663086,2.2701591022991408,201,ppo_kalman_seed46,ppo_kalman,PPO-Kalman,46
77960,soldier_caught,0,1,0,0,15,15,7.5,0,,,1.7235108613967896,0,1.6521090269088745,1.6521090269088745,1.6521090269088745,1,ppo_kalman_seed46,ppo_kalman,PPO-Kalman,46
77961,intercepted,1,0,0,0,534,519,259.5,15,534.0,267.0,3.696983814239502,0,2.059516740962863,2.505493402481079,2.3973847058428084,16,ppo_kalman_seed46,ppo_kalman,PPO-Kalman,46
77962,intercepted,1,0,0,0,742,511,255.5,231,742.0,371.0,2.3725550174713135,0,2.539850843106878,1.0017567873001099,2.659386952051287,232,ppo_kalman_seed46,ppo_kalman,PPO-Kalman,46
77963,intercepted,1,0,0,0,219,18,9.0,201,219.0,109.5,2.0772342681884766,0,2.6325272289243076,2.8917434215545654,2.7436678962722096,202,ppo_kalman_seed46,ppo_kalman,PPO-Kalman,46
77964,unsafe_intercept,0,0,1,0,38,37,18.5,1,,,2.260354995727539,0,0.8320516347885132,0.522663950920105,0.8877109112113557,2,ppo_kalman_seed46,ppo_kalman,PPO-Kalman,46
77965,intercepted,1,0,0,0,94,14,7.0,80,94.0,47.0,2.701578140258789,0,2.2681519308207947,1.7917020320892334,2.374259578456589,81,ppo_kalman_seed46,ppo_kalman,PPO-Kalman,46
77966,intercepted,1,0,0,0,471,285,142.5,186,471.0,235.5,4.282907962799072,0,2.64831748046977,3.5207672119140625,2.741002276014133,187,ppo_kalman_seed46,ppo_kalman,PPO-Kalman,46
77967,intercepted,1,0,0,0,460,355,177.5,105,460.0,230.0,3.507405996322632,0,2.4465158930364646,3.6989543437957764,2.555660776341765,106,ppo_kalman_seed46,ppo_kalman,PPO-Kalman,46
77968,soldier_caught,0,1,0,0,286,169,84.5,117,,,0.5169840455055237,0,2.555947511630543,2.2059850692749023,2.6678001065756445,118,ppo_kalman_seed46,ppo_kalman,PPO-Kalman,46
77969,unsafe_intercept,0,0,1,0,190,190,95.0,0,,,2.115081310272217,0,2.3101799488067627,2.3101799488067627,2.3101799488067627,1,ppo_kalman_seed46,ppo_kalman,PPO-Kalman,46
77970,soldier_caught,0,1,0,0,103,103,51.5,0,,,1.4932246208190918,0,1.4184315204620361,1.4184315204620361,1.4184315204620361,1,ppo_kalman_seed46,ppo_kalman,PPO-Kalman,46
77971,soldier_caught,0,1,0,0,94,77,38.5,17,,,1.6298010349273682,0,2.178858738806513,0.6391152739524841,2.4686101443666684,18,ppo_kalman_seed46,ppo_kalman,PPO-Kalman,46
77972,unsafe_intercept,0,0,1,0,34,33,16.5,1,,,2.8740861415863037,0,0.8362613916397095,0.7057593464851379,0.8463828323735716,2,ppo_kalman_seed46,ppo_kalman,PPO-Kalman,46
77973,soldier_caught,0,1,0,0,99,99,49.5,0,,,1.6370123624801636,0,0.8386099934577942,0.8386099934577942,0.8386099934577942,1,ppo_kalman_seed46,ppo_kalman,PPO-Kalman,46
77974,soldier_caught,0,1,0,0,10,9,4.5,1,,,0.9778239130973816,0,1.3712396621704102,1.343057632446289,1.371529233340869,2,ppo_kalman_seed46,ppo_kalman,PPO-Kalman,46
77975,intercepted,1,0,0,0,437,158,79.0,279,437.0,218.5,4.140597820281982,0,2.541450209915638,2.7316999435424805,2.6471353982609607,280,ppo_kalman_seed46,ppo_kalman,PPO-Kalman,46
77976,soldier_caught,0,1,0,0,496,472,236.0,24,,,0.9484667181968689,0,2.2495613932609557,3.0174996852874756,2.376911957842313,25,ppo_kalman_seed46,ppo_kalman,PPO-Kalman,46
77977,soldier_caught,0,1,0,0,729,683,341.5,46,,,1.3177909851074219,0,2.6094530554527933,3.691866874694824,2.7734846946254628,47,ppo_kalman_seed46,ppo_kalman,PPO-Kalman,46
77978,soldier_caught,0,1,0,0,1175,1175,587.5,0,,,1.6911050081253052,0,0.3018707036972046,0.3018707036972046,0.3018707036972046,1,ppo_kalman_seed46,ppo_kalman,PPO-Kalman,46
77979,unsafe_intercept,0,0,1,0,129,128,64.0,1,,,3.307330846786499,0,1.6401262879371643,1.612259864807129,1.6403630018750741,2,ppo_kalman_seed46,ppo_kalman,PPO-Kalman,46
77980,soldier_caught,0,1,0,0,663,663,331.5,0,,,1.9725005626678467,0,1.2255653142929077,1.2255653142929077,1.2255653142929077,1,ppo_kalman_seed46,ppo_kalman,PPO-Kalman,46
77981,intercepted,1,0,0,0,262,100,50.0,162,262.0,131.0,3.2016265392303467,0,2.3588007286282404,1.2752113342285156,2.4616956482393086,163,ppo_kalman_seed46,ppo_kalman,PPO-Kalman,46
77982,soldier_caught,0,1,0,0,292,292,146.0,0,,,1.8420771360397339,0,0.47814521193504333,0.47814521193504333,0.47814521193504333,1,ppo_kalman_seed46,ppo_kalman,PPO-Kalman,46
77983,intercepted,1,0,0,0,77,11,5.5,66,77.0,38.5,2.810394048690796,0,2.3445627840597236,2.885033130645752,2.4587659982551644,67,ppo_kalman_seed46,ppo_kalman,PPO-Kalman,46
77984,intercepted,1,0,0,0,1286,1259,629.5,27,1286.0,643.0,3.264294385910034,0,2.343404252614294,4.6477813720703125,2.552831359201825,28,ppo_kalman_seed46,ppo_kalman,PPO-Kalman,46
77985,unsafe_intercept,0,0,1,0,274,274,137.0,0,,,2.0384790897369385,0,0.34555575251579285,0.34555575251579285,0.34555575251579285,1,ppo_kalman_seed46,ppo_kalman,PPO-Kalman,46
77986,unsafe_intercept,0,0,1,0,148,148,74.0,0,,,2.494832754135132,0,0.8708261847496033,0.8708261847496033,0.8708261847496033,1,ppo_kalman_seed46,ppo_kalman,PPO-Kalman,46
77987,intercepted,1,0,0,0,90,10,5.0,80,90.0,45.0,3.5214362144470215,0,2.507933549307011,3.0390892028808594,2.6345501163441534,81,ppo_kalman_seed46,ppo_kalman,PPO-Kalman,46
77988,intercepted,1,0,0,0,608,572,286.0,36,608.0,304.0,4.858323097229004,0,2.261543277953122,3.203524112701416,2.3880056465661155,37,ppo_kalman_seed46,ppo_kalman,PPO-Kalman,46
77989,soldier_caught,0,1,0,0,36,12,6.0,24,,,1.953170895576477,0,2.124347333908081,1.9229580163955688,2.2026738528442733,25,ppo_kalman_seed46,ppo_kalman,PPO-Kalman,46
77990,unsafe_intercept,0,0,1,0,345,345,172.5,0,,,2.4430601596832275,0,0.8156575560569763,0.8156575560569763,0.8156575560569763,1,ppo_kalman_seed46,ppo_kalman,PPO-Kalman,46
77991,soldier_caught,0,1,0,0,596,282,141.0,314,,,1.575385570526123,0,2.5459998249534577,3.626696825027466,2.7166852486499757,315,ppo_kalman_seed46,ppo_kalman,PPO-Kalman,46
77992,soldier_caught,0,1,0,0,538,538,269.0,0,,,1.2290267944335938,0,0.3485729396343231,0.3485729396343231,0.3485729396343231,1,ppo_kalman_seed46,ppo_kalman,PPO-Kalman,46
77993,soldier_caught,0,1,0,0,136,136,68.0,0,,,1.7411690950393677,0,1.4009865522384644,1.4009865522384644,1.4009865522384644,1,ppo_kalman_seed46,ppo_kalman,PPO-Kalman,46
77994,soldier_caught,0,1,0,0,401,299,149.5,102,,,1.180493950843811,0,2.54860886699945,2.9549078941345215,2.681344376058286,103,ppo_kalman_seed46,ppo_kalman,PPO-Kalman,46
77995,soldier_caught,0,1,0,0,242,241,120.5,1,,,0.6517204642295837,0,1.1676446795463562,1.6195825338363647,1.252055079384757,2,ppo_kalman_seed46,ppo_kalman,PPO-Kalman,46
77996,intercepted,1,0,0,0,197,158,79.0,39,197.0,98.5,4.22098970413208,0,2.4528141379356385,2.245811939239502,2.5645555341194397,40,ppo_kalman_seed46,ppo_kalman,PPO-Kalman,46
77997,intercepted,1,0,0,0,744,451,225.5,293,744.0,372.0,3.8313639163970947,0,2.6776320130443896,2.263146162033081,2.748105123032053,294,ppo_kalman_seed46,ppo_kalman,PPO-Kalman,46
77998,unsafe_intercept,0,0,1,0,11,11,5.5,0,,,2.4731974601745605,0,1.6276109218597412,1.6276109218597412,1.6276109218597412,1,ppo_kalman_seed46,ppo_kalman,PPO-Kalman,46
77999,soldier_caught,0,1,0,0,574,574,287.0,0,,,1.7713648080825806,0,1.7317785024642944,1.7317785024642944,1.7317785024642944,1,ppo_kalman_seed46,ppo_kalman,PPO-Kalman,46
