environment_seed,outcome,success,soldier_caught,unsafe_intercept,timeout,total_steps,detection_step,detection_time_seconds,post_detection_steps,intercept_step,intercept_time_seconds,min_enemy_soldier_dist,physical_limit_violations,mean_tracking_error,final_tracking_error,tracking_rmse,n_tracking_samples,instance_id,instance_name,family,training_seed
77000,intercepted,1,0,0,0,45,9,4.5,36,45.0,22.5,12.634657859802246,0,1.1138155162334442,0.8832901120185852,1.213239109621508,37,ppo_seed47,ppo,PPO,47
77001,intercepted,1,0,0,0,54,17,8.5,37,54.0,27.0,7.196549892425537,0,1.1794157937953347,1.0380656719207764,1.271436713072292,38,ppo_seed47,ppo,PPO,47
77002,intercepted,1,0,0,0,201,58,29.0,143,201.0,100.5,13.240352630615234,0,1.0746505070063803,1.3431233167648315,1.176356033718602,144,ppo_seed47,ppo,PPO,47
77003,intercepted,1,0,0,0,88,30,15.0,58,88.0,44.0,10.894830703735352,0,1.1804168214232236,0.7068081498146057,1.2686125356483728,59,ppo_seed47,ppo,PPO,47
77004,soldier_caught,0,1,0,0,128,71,35.5,57,,,1.0826640129089355,0,1.1909302318918293,1.243523359298706,1.2819135237921928,58,ppo_seed47,ppo,PPO,47
77005,intercepted,1,0,0,0,36,13,6.5,23,36.0,18.0,7.340373516082764,0,0.9865873232483864,0.307714581489563,1.1513864058433931,24,ppo_seed47,ppo,PPO,47
77006,intercepted,1,0,0,0,87,31,15.5,56,87.0,43.5,2.45412015914917,0,1.0234954762354231,0.4269869327545166,1.1324044325275548,57,ppo_seed47,ppo,PPO,47
77007,intercepted,1,0,0,0,329,16,8.0,313,329.0,164.5,6.552701950073242,0,1.1922963870938417,1.4852756261825562,1.2901194908423586,314,ppo_seed47,ppo,PPO,47
77008,soldier_caught,0,1,0,0,143,9,4.5,134,,,1.259946346282959,0,1.170754768230297,0.42743706703186035,1.2491717913076765,135,ppo_seed47,ppo,PPO,47
77009,intercepted,1,0,0,0,344,136,68.0,208,344.0,172.0,8.736034393310547,0,1.103655137656408,1.2633885145187378,1.2057287438992847,209,ppo_seed47,ppo,PPO,47
77010,intercepted,1,0,0,0,152,10,5.0,142,152.0,76.0,8.580021858215332,0,1.1624855563773975,1.2544413805007935,1.2483875484493772,143,ppo_seed47,ppo,PPO,47
77011,intercepted,1,0,0,0,200,17,8.5,183,200.0,100.0,2.4901788234710693,0,1.0951900089402562,0.7279075384140015,1.190348713362704,184,ppo_seed47,ppo,PPO,47
77012,soldier_caught,0,1,0,0,35,10,5.0,25,,,1.9262052774429321,0,0.9801909212882702,1.215448260307312,1.0560021948503284,26,ppo_seed47,ppo,PPO,47
77013,intercepted,1,0,0,0,47,29,14.5,18,47.0,23.5,14.313295364379883,0,1.1457889989802712,1.1181772947311401,1.1839655835973206,19,ppo_seed47,ppo,PPO,47
77014,intercepted,1,0,0,0,357,10,5.0,347,357.0,178.5,4.359268665313721,0,1.100757623540944,0.9958837032318115,1.186811669505748,348,ppo_seed47,ppo,PPO,47
77015,intercepted,1,0,0,0,76,9,4.5,67,76.0,38.0,8.873013496398926,0,1.1463966132963406,1.397341251373291,1.2236955981292914,68,ppo_seed47,ppo,PPO,47
77016,intercepted,1,0,0,0,103,8,4.0,95,103.0,51.5,3.730513572692871,0,1.1540575977414846,0.306194543838501,1.2542484200265123,96,ppo_seed47,ppo,PPO,47
77017,intercepted,1,0,0,0,433,14,7.0,419,433.0,216.5,4.859132766723633,0,1.1681940014518442,1.8088284730911255,1.2490424390003654,420,ppo_seed47,ppo,PPO,47
77018,intercepted,1,0,0,0,209,77,38.5,132,209.0,104.5,3.987555503845215,0,1.168187575680869,1.1188910007476807,1.258871471835394,133,ppo_seed47,ppo,PPO,47
77019,intercepted,1,0,0,0,26,8,4.0,18,26.0,13.0,9.112486839294434,0,1.1176625623514778,1.4720673561096191,1.1960607993161319,19,ppo_seed47,ppo,PPO,47
77020,intercepted,1,0,0,0,57,10,5.0,47,57.0,28.5,7.089316368103027,0,1.1799463511755068,0.6222825646400452,1.2747163238869421,48,ppo_seed47,ppo,PPO,47
77021,intercepted,1,0,0,0,255,41,20.5,214,255.0,127.5,2.505601644515991,0,1.1281781904919204,0.914139449596405,1.206400899447337,215,ppo_seed47,ppo,PPO,47
77022,intercepted,1,0,0,0,63,16,8.0,47,63.0,31.5,3.5210154056549072,0,1.1905541416878502,0.7363945841789246,1.3074601286920284,48,ppo_seed47,ppo,PPO,47
77023,intercepted,1,0,0,0,54,12,6.0,42,54.0,27.0,13.180529594421387,0,1.049770049230997,2.203974962234497,1.1431643899263675,43,ppo_seed47,ppo,PPO,47
77024,intercepted,1,0,0,0,89,18,9.0,71,89.0,44.5,8.89749526977539,0,1.1448444610254631,2.258805751800537,1.2485116456523617,72,ppo_seed47,ppo,PPO,47
77025,intercepted,1,0,0,0,241,57,28.5,184,241.0,120.5,12.81489372253418,0,1.1961480139075098,1.8828903436660767,1.2895016663525205,185,ppo_seed47,ppo,PPO,47
77026,soldier_caught,0,1,0,0,103,10,5.0,93,,,1.6817487478256226,0,1.1940065482036863,1.1157385110855103,1.3072524980677087,94,ppo_seed47,ppo,PPO,47
77027,intercepted,1,0,0,0,217,21,10.5,196,217.0,108.5,2.6880574226379395,0,1.0992847948812592,0.9172152876853943,1.1919740904960598,197,ppo_seed47,ppo,PPO,47
77028,intercepted,1,0,0,0,18,10,5.0,8,18.0,9.0,11.501891136169434,0,1.0332868562804327,1.2450979948043823,1.0918736131607978,9,ppo_seed47,ppo,PPO,47
77029,soldier_caught,0,1,0,0,230,15,7.5,215,,,1.6543985605239868,0,1.1352736104141783,0.7636353373527527,1.224044672354503,216,ppo_seed47,ppo,PPO,47
77030,intercepted,1,0,0,0,279,9,4.5,270,279.0,139.5,11.35525894165039,0,1.0973143610567184,1.4502991437911987,1.198289611071544,271,ppo_seed47,ppo,PPO,47
77031,intercepted,1,0,0,0,89,9,4.5,80,89.0,44.5,5.485912322998047,0,1.1161928625754367,1.1777410507202148,1.234135650598195,81,ppo_seed47,ppo,PPO,47
77032,intercepted,1,0,0,0,365,31,15.5,334,365.0,182.5,4.598282814025879,0,1.1030376348255286,1.297267198562622,1.1996716903323945,335,ppo_seed47,ppo,PPO,47
77033,unsafe_intercept,0,0,1,0,16,14,7.0,2,,,2.7922801971435547,0,1.4369585712750752,0.7975903749465942,1.7194309922289217,3,ppo_seed47,ppo,PPO,47
77034,intercepted,1,0,0,0,292,10,5.0,282,292.0,146.0,3.483017683029175,0,1.1296925572645538,0.6618230938911438,1.2325228872500436,283,ppo_seed47,ppo,PPO,47
77035,soldier_caught,0,1,0,0,35,13,6.5,22,,,1.0016250610351562,0,1.0523476626562036,0.33265718817710876,1.2091734669338454,23,ppo_seed47,ppo,PPO,47
77036,unsafe_intercept,0,0,1,0,15,13,6.5,2,,,2.9941577911376953,0,0.9757543007532755,1.0746915340423584,0.983992796999555,3,ppo_seed47,ppo,PPO,47
77037,intercepted,1,0,0,0,326,12,6.0,314,326.0,163.0,3.361870050430298,0,1.15862901139827,0.7367714047431946,1.2629341556194837,315,ppo_seed47,ppo,PPO,47
77038,intercepted,1,0,0,0,156,11,5.5,145,156.0,78.0,8.409347534179688,0,1.1191174934988153,0.5397350192070007,1.2109032457132656,146,ppo_seed47,ppo,PPO,47
77039,soldier_caught,0,1,0,0,548,13,6.5,535,,,1.278644323348999,0,1.1237622236888578,1.3242425918579102,1.2155829190365541,536,ppo_seed47,ppo,PPO,47
77040,intercepted,1,0,0,0,59,10,5.0,49,59.0,29.5,6.566102981567383,0,1.1140938806533813,0.6985258460044861,1.1857525845979606,50,ppo_seed47,ppo,PPO,47
77041,soldier_caught,0,1,0,0,68,18,9.0,50,,,1.8636019229888916,0,1.129883530385354,1.129532814025879,1.267155405429342,51,ppo_seed47,ppo,PPO,47
77042,intercepted,1,0,0,0,38,8,4.0,30,38.0,19.0,2.3648955821990967,0,1.214972754639964,1.3740864992141724,1.299949320694091,31,ppo_seed47,ppo,PPO,47
77043,soldier_caught,0,1,0,0,161,13,6.5,148,,,1.9428157806396484,0,1.1192402570639681,0.8313917517662048,1.203910316300706,149,ppo_seed47,ppo,PPO,47
77044,soldier_caught,0,1,0,0,113,13,6.5,100,,,1.2023123502731323,0,1.1890892106117588,1.2067254781723022,1.286255801273307,101,ppo_seed47,ppo,PPO,47
77045,intercepted,1,0,0,0,169,63,31.5,106,169.0,84.5,9.642613410949707,0,1.0790289719806654,1.2380861043930054,1.1782956784321348,107,ppo_seed47,ppo,PPO,47
77046,intercepted,1,0,0,0,133,13,6.5,120,133.0,66.5,6.771244049072266,0,1.165851788703075,1.4897980690002441,1.2727950085865982,121,ppo_seed47,ppo,PPO,47
77047,soldier_caught,0,1,0,0,59,9,4.5,50,,,1.7745444774627686,0,1.0473855199182736,1.4564435482025146,1.1684677535398282,51,ppo_seed47,ppo,PPO,47
77048,soldier_caught,0,1,0,0,326,34,17.0,292,,,1.4426302909851074,0,1.1362533635958876,1.051463007926941,1.228798592509502,293,ppo_seed47,ppo,PPO,47
77049,intercepted,1,0,0,0,165,34,17.0,131,165.0,82.5,3.837782382965088,0,1.0930596933220371,1.516835331916809,1.2069066096609051,132,ppo_seed47,ppo,PPO,47
77050,intercepted,1,0,0,0,144,10,5.0,134,144.0,72.0,5.531434059143066,0,1.1226901625041608,1.1010290384292603,1.2322810878887145,135,ppo_seed47,ppo,PPO,47
77051,soldier_caught,0,1,0,0,139,15,7.5,124,,,1.8859364986419678,0,1.061896484851837,1.0531469583511353,1.1511555994144425,125,ppo_seed47,ppo,PPO,47
77052,intercepted,1,0,0,0,296,17,8.5,279,296.0,148.0,4.191966533660889,0,1.1274800413953407,1.4356497526168823,1.2261043385604102,280,ppo_seed47,ppo,PPO,47
77053,intercepted,1,0,0,0,46,11,5.5,35,46.0,23.0,8.514425277709961,0,1.19350958449973,1.6130614280700684,1.2769657384191946,36,ppo_seed47,ppo,PPO,47
77054,intercepted,1,0,0,0,929,19,9.5,910,929.0,464.5,2.164344549179077,0,1.1514583212025995,1.587805986404419,1.2473264586447723,911,ppo_seed47,ppo,PPO,47
77055,intercepted,1,0,0,0,70,13,6.5,57,70.0,35.0,12.101852416992188,0,1.1583620469117988,1.2548400163650513,1.243247566912741,58,ppo_seed47,ppo,PPO,47
77056,unsafe_intercept,0,0,1,0,104,102,51.0,2,,,2.0316967964172363,0,0.793309211730957,0.6765795946121216,0.8226091149474983,3,ppo_seed47,ppo,PPO,47
77057,soldier_caught,0,1,0,0,37,10,5.0,27,,,1.6045233011245728,0,1.0179376559598106,0.8171190023422241,1.1572351690175033,28,ppo_seed47,ppo,PPO,47
77058,intercepted,1,0,0,0,11,7,3.5,4,11.0,5.5,7.646106243133545,0,0.895990002155304,0.7352372407913208,0.9306398277196133,5,ppo_seed47,ppo,PPO,47
77059,intercepted,1,0,0,0,59,11,5.5,48,59.0,29.5,8.651597023010254,0,1.1004783821349242,0.8308992385864258,1.1942634984620295,49,ppo_seed47,ppo,PPO,47
77060,intercepted,1,0,0,0,111,10,5.0,101,111.0,55.5,6.232016563415527,0,1.0555013280873204,1.671592354774475,1.1470650322467277,102,ppo_seed47,ppo,PPO,47
77061,intercepted,1,0,0,0,184,8,4.0,176,184.0,92.0,3.5128021240234375,0,1.156456270207793,1.5561386346817017,1.2645495287034043,177,ppo_seed47,ppo,PPO,47
77062,intercepted,1,0,0,0,16,11,5.5,5,16.0,8.0,3.901327133178711,0,1.0426389624675114,0.4746907651424408,1.1420553965219964,6,ppo_seed47,ppo,PPO,47
77063,intercepted,1,0,0,0,53,8,4.0,45,53.0,26.5,6.692231178283691,0,1.0732684239097263,0.45815110206604004,1.1786609570825923,46,ppo_seed47,ppo,PPO,47
77064,intercepted,1,0,0,0,287,7,3.5,280,287.0,143.5,2.149231195449829,0,1.1398580493239745,1.3186748027801514,1.2388653654257504,281,ppo_seed47,ppo,PPO,47
77065,intercepted,1,0,0,0,298,11,5.5,287,298.0,149.0,2.3783066272735596,0,1.1442572464131646,0.8321775794029236,1.245245501983015,288,ppo_seed47,ppo,PPO,47
77066,soldier_caught,0,1,0,0,777,12,6.0,765,,,1.536021113395691,0,1.0779537836347486,1.0398035049438477,1.1744843802471399,766,ppo_seed47,ppo,PPO,47
77067,soldier_caught,0,1,0,0,108,82,41.0,26,,,1.5523838996887207,0,1.1325677224883326,1.3304836750030518,1.2567534815176584,27,ppo_seed47,ppo,PPO,47
77068,intercepted,1,0,0,0,92,10,5.0,82,92.0,46.0,3.6023316383361816,0,1.155814660600869,2.198927402496338,1.251174570536631,83,ppo_seed47,ppo,PPO,47
77069,intercepted,1,0,0,0,104,9,4.5,95,104.0,52.0,7.571425437927246,0,1.1993840113282204,0.9589486718177795,1.2709833542761817,96,ppo_seed47,ppo,PPO,47
77070,intercepted,1,0,0,0,72,11,5.5,61,72.0,36.0,4.374083995819092,0,1.0210171423612102,1.0828280448913574,1.0896691037129733,62,ppo_seed47,ppo,PPO,47
77071,intercepted,1,0,0,0,45,15,7.5,30,45.0,22.5,14.765785217285156,0,0.8956142063102415,1.7462873458862305,0.9908611907868334,31,ppo_seed47,ppo,PPO,47
77072,intercepted,1,0,0,0,35,17,8.5,18,35.0,17.5,12.351530075073242,0,1.19167675940614,0.7322928309440613,1.2967321150472606,19,ppo_seed47,ppo,PPO,47
77073,intercepted,1,0,0,0,19,11,5.5,8,19.0,9.5,10.96838092803955,0,0.8487871156798469,1.0818021297454834,0.9423253903411964,9,ppo_seed47,ppo,PPO,47
77074,soldier_caught,0,1,0,0,116,10,5.0,106,,,0.9667375683784485,0,1.1643183964574448,1.5201637744903564,1.2646080072434367,107,ppo_seed47,ppo,PPO,47
77075,intercepted,1,0,0,0,83,12,6.0,71,83.0,41.5,5.910647869110107,0,1.1219036355614662,2.4394164085388184,1.2316463275591414,72,ppo_seed47,ppo,PPO,47
77076,intercepted,1,0,0,0,102,8,4.0,94,102.0,51.0,7.275457382202148,0,1.1725578024983405,0.7138250470161438,1.2815555570215442,95,ppo_seed47,ppo,PPO,47
77077,intercepted,1,0,0,0,47,16,8.0,31,47.0,23.5,5.033345699310303,0,1.1974845454096794,1.0762441158294678,1.2871850472688324,32,ppo_seed47,ppo,PPO,47
77078,intercepted,1,0,0,0,122,9,4.5,113,122.0,61.0,2.4899230003356934,0,1.1160034675870025,1.5543322563171387,1.2404969288760828,114,ppo_seed47,ppo,PPO,47
77079,soldier_caught,0,1,0,0,49,22,11.0,27,,,1.6222026348114014,0,1.028098240494728,0.4977889060974121,1.1231066427082166,28,ppo_seed47,ppo,PPO,47
77080,intercepted,1,0,0,0,15,9,4.5,6,15.0,7.5,11.249330520629883,0,1.073543723140444,0.7857087850570679,1.1287595404958162,7,ppo_seed47,ppo,PPO,47
77081,intercepted,1,0,0,0,492,30,15.0,462,492.0,246.0,2.0783908367156982,0,1.1022285353673973,0.49312546849250793,1.1937667169077653,463,ppo_seed47,ppo,PPO,47
77082,intercepted,1,0,0,0,1019,8,4.0,1011,1019.0,509.5,4.347408294677734,0,1.1686713729024287,1.5789272785186768,1.266637703429538,1012,ppo_seed47,ppo,PPO,47
77083,intercepted,1,0,0,0,146,8,4.0,138,146.0,73.0,4.3347673416137695,0,1.1645270400017285,1.0412346124649048,1.2604789338830014,139,ppo_seed47,ppo,PPO,47
77084,intercepted,1,0,0,0,270,10,5.0,260,270.0,135.0,4.333880424499512,0,1.1156559120649578,1.7558367252349854,1.2265911924956314,261,ppo_seed47,ppo,PPO,47
77085,intercepted,1,0,0,0,131,8,4.0,123,131.0,65.5,2.8337249755859375,0,1.0922141052301853,0.4966147840023041,1.1931531170011764,124,ppo_seed47,ppo,PPO,47
77086,intercepted,1,0,0,0,14,9,4.5,5,14.0,7.0,6.03045129776001,0,0.9285845706860224,0.9320486187934875,0.9622496656203267,6,ppo_seed47,ppo,PPO,47
77087,intercepted,1,0,0,0,12,9,4.5,3,12.0,6.0,3.801664352416992,0,1.2535499334335327,1.7490719556808472,1.2978821678232153,4,ppo_seed47,ppo,PPO,47
77088,intercepted,1,0,0,0,145,9,4.5,136,145.0,72.5,2.3066165447235107,0,1.0343176870450486,1.5869930982589722,1.1318778023146077,137,ppo_seed47,ppo,PPO,47
77089,intercepted,1,0,0,0,166,49,24.5,117,166.0,83.0,3.580803632736206,0,1.0764496548701141,1.2014795541763306,1.165368293682352,118,ppo_seed47,ppo,PPO,47
77090,intercepted,1,0,0,0,187,10,5.0,177,187.0,93.5,5.936610221862793,0,1.0671830728566378,1.395957350730896,1.1681643342514876,178,ppo_seed47,ppo,PPO,47
77091,intercepted,1,0,0,0,82,8,4.0,74,82.0,41.0,7.165692329406738,0,1.0333663735787073,0.6578894853591919,1.102612483881785,75,ppo_seed47,ppo,PPO,47
77092,intercepted,1,0,0,0,74,9,4.5,65,74.0,37.0,10.561013221740723,0,1.0615858941367178,1.092361330986023,1.1358731144184107,66,ppo_seed47,ppo,PPO,47
77093,intercepted,1,0,0,0,93,40,20.0,53,93.0,46.5,13.190373420715332,0,1.1183289504713483,0.619273841381073,1.2195464184612625,54,ppo_seed47,ppo,PPO,47
77094,intercepted,1,0,0,0,20,15,7.5,5,20.0,10.0,9.682426452636719,0,0.8688281898697218,0.9956441521644592,0.940856944330056,6,ppo_seed47,ppo,PPO,47
77095,soldier_caught,0,1,0,0,711,10,5.0,701,,,1.470306634902954,0,1.1275940284217865,1.334114670753479,1.2210946551801383,702,ppo_seed47,ppo,PPO,47
77096,intercepted,1,0,0,0,136,12,6.0,124,136.0,68.0,7.304041862487793,0,1.1579373607635497,2.184756278991699,1.2561889157190882,125,ppo_seed47,ppo,PPO,47
77097,intercepted,1,0,0,0,284,11,5.5,273,284.0,142.0,3.027564764022827,0,1.1061754949445273,1.1622306108474731,1.2067351386782883,274,ppo_seed47,ppo,PPO,47
77098,intercepted,1,0,0,0,116,11,5.5,105,116.0,58.0,14.183348655700684,0,1.0721062362756368,0.4628582000732422,1.174026355436531,106,ppo_seed47,ppo,PPO,47
77099,intercepted,1,0,0,0,11,8,4.0,3,11.0,5.5,6.334784507751465,0,1.2641311287879944,1.166385293006897,1.2692091445039508,4,ppo_seed47,ppo,PPO,47
77100,intercepted,1,0,0,0,25,20,10.0,5,25.0,12.5,6.277556896209717,0,1.3498150010903676,1.115066647529602,1.4080156495292662,6,ppo_seed47,ppo,PPO,47
77101,intercepted,1,0,0,0,378,15,7.5,363,378.0,189.0,2.0053014755249023,0,1.1203502904992182,0.5217400193214417,1.209748730720134,364,ppo_seed47,ppo,PPO,47
77102,intercepted,1,0,0,0,222,10,5.0,212,222.0,111.0,2.9019131660461426,0,1.0890266134145674,0.7087928652763367,1.1765946626133845,213,ppo_seed47,ppo,PPO,47
77103,intercepted,1,0,0,0,145,8,4.0,137,145.0,72.5,3.861876964569092,0,1.016733367913875,1.1149927377700806,1.1009501561336197,138,ppo_seed47,ppo,PPO,47
77104,intercepted,1,0,0,0,64,12,6.0,52,64.0,32.0,4.977315902709961,0,1.111466959681151,1.9428236484527588,1.2119159469456033,53,ppo_seed47,ppo,PPO,47
77105,intercepted,1,0,0,0,142,25,12.5,117,142.0,71.0,6.684394836425781,0,1.183045698424517,1.044837236404419,1.2725656375734649,118,ppo_seed47,ppo,PPO,47
77106,intercepted,1,0,0,0,71,12,6.0,59,71.0,35.5,10.448308944702148,0,1.120624546209971,0.6269358396530151,1.1800174524405787,60,ppo_seed47,ppo,PPO,47
77107,intercepted,1,0,0,0,385,8,4.0,377,385.0,192.5,5.932662487030029,0,1.0904673567564083,0.6505939364433289,1.192261934797372,378,ppo_seed47,ppo,PPO,47
77108,intercepted,1,0,0,0,35,11,5.5,24,35.0,17.5,11.548133850097656,0,0.8586651007831096,1.4293372631072998,0.985343928502784,25,ppo_seed47,ppo,PPO,47
77109,intercepted,1,0,0,0,18,9,4.5,9,18.0,9.0,8.048746109008789,0,1.327059555053711,1.6987661123275757,1.404019802381915,10,ppo_seed47,ppo,PPO,47
77110,soldier_caught,0,1,0,0,177,15,7.5,162,,,1.2878036499023438,0,1.064984523125587,1.3360966444015503,1.1642457320668373,163,ppo_seed47,ppo,PPO,47
77111,intercepted,1,0,0,0,55,9,4.5,46,55.0,27.5,7.836745262145996,0,1.1373474686703784,2.017730712890625,1.2479022674984743,47,ppo_seed47,ppo,PPO,47
77112,intercepted,1,0,0,0,60,32,16.0,28,60.0,30.0,11.722448348999023,0,1.1621847728203083,0.32756680250167847,1.2762952187237322,29,ppo_seed47,ppo,PPO,47
77113,intercepted,1,0,0,0,260,12,6.0,248,260.0,130.0,12.512348175048828,0,1.1358087926384914,0.6803557872772217,1.2387738450965855,249,ppo_seed47,ppo,PPO,47
77114,intercepted,1,0,0,0,483,12,6.0,471,483.0,241.5,6.066790580749512,0,1.156944500566539,2.4506001472473145,1.253157067667746,472,ppo_seed47,ppo,PPO,47
77115,intercepted,1,0,0,0,330,14,7.0,316,330.0,165.0,4.8841447830200195,0,1.1506427706510112,1.1978518962860107,1.2411684563114533,317,ppo_seed47,ppo,PPO,47
77116,intercepted,1,0,0,0,550,23,11.5,527,550.0,275.0,4.262199401855469,0,1.1242538373352904,1.4883885383605957,1.2196833476199058,528,ppo_seed47,ppo,PPO,47
77117,intercepted,1,0,0,0,204,11,5.5,193,204.0,102.0,7.676215648651123,0,1.173508174525401,0.8617454767227173,1.27364892690649,194,ppo_seed47,ppo,PPO,47
77118,intercepted,1,0,0,0,216,10,5.0,206,216.0,108.0,2.571216106414795,0,1.132266305135068,1.2993117570877075,1.2269882562642078,207,ppo_seed47,ppo,PPO,47
77119,intercepted,1,0,0,0,461,8,4.0,453,461.0,230.5,2.786853551864624,0,1.1212053367548052,1.9823187589645386,1.2302018475852325,454,ppo_seed47,ppo,PPO,47
77120,intercepted,1,0,0,0,116,42,21.0,74,116.0,58.0,11.20645523071289,0,1.08338669359684,0.8393704295158386,1.1810689692682665,75,ppo_seed47,ppo,PPO,47
77121,soldier_caught,0,1,0,0,17,14,7.0,3,,,1.3077784776687622,0,1.1371697187423706,2.483865976333618,1.387975475929835,4,ppo_seed47,ppo,PPO,47
77122,intercepted,1,0,0,0,15,10,5.0,5,15.0,7.5,6.5790839195251465,0,1.1779541571935017,1.3119637966156006,1.2871076620874033,6,ppo_seed47,ppo,PPO,47
77123,intercepted,1,0,0,0,12,8,4.0,4,12.0,6.0,2.911747455596924,0,0.9399275064468384,0.5279501080513,0.975012023747375,5,ppo_seed47,ppo,PPO,47
77124,intercepted,1,0,0,0,137,13,6.5,124,137.0,68.5,8.401225090026855,0,1.146686887025833,0.9773268103599548,1.223951485886256,125,ppo_seed47,ppo,PPO,47
77125,intercepted,1,0,0,0,387,7,3.5,380,387.0,193.5,3.3202154636383057,0,1.1717626353887123,0.9289971590042114,1.2750760218916544,381,ppo_seed47,ppo,PPO,47
77126,unsafe_intercept,0,0,1,0,14,12,6.0,2,,,3.118267059326172,0,1.3230219682057698,0.5666495561599731,1.5474170774204845,3,ppo_seed47,ppo,PPO,47
77127,intercepted,1,0,0,0,706,12,6.0,694,706.0,353.0,2.938441276550293,0,1.1288438805358874,1.1632978916168213,1.2244964058114527,695,ppo_seed47,ppo,PPO,47
77128,intercepted,1,0,0,0,11,9,4.5,2,11.0,5.5,4.309571266174316,0,1.1308887203534443,1.0573227405548096,1.1923175533311616,3,ppo_seed47,ppo,PPO,47
77129,soldier_caught,0,1,0,0,153,18,9.0,135,,,1.785244107246399,0,1.1782245631603634,1.0980373620986938,1.2652555399081884,136,ppo_seed47,ppo,PPO,47
77130,intercepted,1,0,0,0,76,10,5.0,66,76.0,38.0,12.384982109069824,0,1.147957250698289,1.290726900100708,1.2332338593418815,67,ppo_seed47,ppo,PPO,47
77131,intercepted,1,0,0,0,15,11,5.5,4,15.0,7.5,4.933505535125732,0,1.172553288936615,0.6860854625701904,1.248255986872011,5,ppo_seed47,ppo,PPO,47
77132,intercepted,1,0,0,0,386,10,5.0,376,386.0,193.0,2.421097993850708,0,1.175125972227013,0.8354389071464539,1.2721809136592466,377,ppo_seed47,ppo,PPO,47
77133,soldier_caught,0,1,0,0,176,11,5.5,165,,,1.195702075958252,0,1.1733167526054096,2.036931276321411,1.2688714889632633,166,ppo_seed47,ppo,PPO,47
77134,intercepted,1,0,0,0,53,9,4.5,44,53.0,26.5,5.1560492515563965,0,1.0171250469154782,0.829398512840271,1.10400294709478,45,ppo_seed47,ppo,PPO,47
77135,intercepted,1,0,0,0,275,10,5.0,265,275.0,137.5,2.240892171859741,0,1.123071274138931,1.1569501161575317,1.216594018758854,266,ppo_seed47,ppo,PPO,47
77136,intercepted,1,0,0,0,553,166,83.0,387,553.0,276.5,3.3591277599334717,0,1.1304895148718173,0.4957250952720642,1.2318742396056284,388,ppo_seed47,ppo,PPO,47
77137,soldier_caught,0,1,0,0,55,7,3.5,48,,,1.0400959253311157,0,1.1948824987119557,1.0895113945007324,1.2814783399963146,49,ppo_seed47,ppo,PPO,47
77138,intercepted,1,0,0,0,62,15,7.5,47,62.0,31.0,7.331066608428955,0,1.1134849196920793,0.554907500743866,1.1846353945460297,48,ppo_seed47,ppo,PPO,47
77139,intercepted,1,0,0,0,194,14,7.0,180,194.0,97.0,3.6701276302337646,0,1.0793784381770297,1.874155879020691,1.1728188657388638,181,ppo_seed47,ppo,PPO,47
77140,intercepted,1,0,0,0,111,15,7.5,96,111.0,55.5,8.0314359664917,0,1.1458697328247975,0.812559962272644,1.2246468673001505,97,ppo_seed47,ppo,PPO,47
77141,intercepted,1,0,0,0,171,16,8.0,155,171.0,85.5,3.5453264713287354,0,1.095142038204731,1.3824349641799927,1.1753067399718553,156,ppo_seed47,ppo,PPO,47
77142,intercepted,1,0,0,0,93,14,7.0,79,93.0,46.5,2.871044397354126,0,1.015520690754056,1.3561254739761353,1.0890742325691347,80,ppo_seed47,ppo,PPO,47
77143,intercepted,1,0,0,0,126,13,6.5,113,126.0,63.0,7.273033142089844,0,1.073780486981074,0.6493867039680481,1.171407944776956,114,ppo_seed47,ppo,PPO,47
77144,intercepted,1,0,0,0,291,8,4.0,283,291.0,145.5,3.3034770488739014,0,1.1419503999952698,1.0473735332489014,1.2382610288563733,284,ppo_seed47,ppo,PPO,47
77145,soldier_caught,0,1,0,0,111,42,21.0,69,,,1.4990674257278442,0,1.13858673955713,1.442275047302246,1.2302105363063458,70,ppo_seed47,ppo,PPO,47
77146,intercepted,1,0,0,0,271,11,5.5,260,271.0,135.5,2.387364387512207,0,1.1286676039070005,1.1045777797698975,1.2222040917689008,261,ppo_seed47,ppo,PPO,47
77147,intercepted,1,0,0,0,37,14,7.0,23,37.0,18.5,10.635231971740723,0,1.0658979521443446,1.3473979234695435,1.1356907726150083,24,ppo_seed47,ppo,PPO,47
77148,intercepted,1,0,0,0,243,16,8.0,227,243.0,121.5,2.203115701675415,0,1.139410919918303,2.0538575649261475,1.229761208012406,228,ppo_seed47,ppo,PPO,47
77149,soldier_caught,0,1,0,0,40,13,6.5,27,,,1.5229607820510864,0,1.0340941878301757,0.39850085973739624,1.1395392024686226,28,ppo_seed47,ppo,PPO,47
77150,intercepted,1,0,0,0,17,10,5.0,7,17.0,8.5,11.018047332763672,0,1.2738454937934875,1.7914561033248901,1.3262678710708262,8,ppo_seed47,ppo,PPO,47
77151,intercepted,1,0,0,0,97,12,6.0,85,97.0,48.5,2.9860336780548096,0,1.1199379137089087,1.3781661987304688,1.1945840045563842,86,ppo_seed47,ppo,PPO,47
77152,intercepted,1,0,0,0,49,27,13.5,22,49.0,24.5,12.624335289001465,0,1.0651223374449688,0.9162996411323547,1.2066231701370258,23,ppo_seed47,ppo,PPO,47
77153,soldier_caught,0,1,0,0,35,11,5.5,24,,,0.7256965637207031,0,1.2610667181015014,0.5485871434211731,1.373505029408965,25,ppo_seed47,ppo,PPO,47
77154,intercepted,1,0,0,0,105,15,7.5,90,105.0,52.5,6.001100540161133,0,1.186953936959361,1.5982153415679932,1.2771141787365485,91,ppo_seed47,ppo,PPO,47
77155,intercepted,1,0,0,0,175,12,6.0,163,175.0,87.5,4.472316265106201,0,1.0469531208367608,0.36237865686416626,1.140336683719254,164,ppo_seed47,ppo,PPO,47
77156,intercepted,1,0,0,0,61,10,5.0,51,61.0,30.5,7.1298441886901855,0,1.1319182337476656,1.8816263675689697,1.2437085358391755,52,ppo_seed47,ppo,PPO,47
77157,soldier_caught,0,1,0,0,38,13,6.5,25,,,1.2644473314285278,0,1.2183430974300091,0.7051786780357361,1.3195282050329673,26,ppo_seed47,ppo,PPO,47
77158,intercepted,1,0,0,0,23,8,4.0,15,23.0,11.5,2.69850492477417,0,1.016080528497696,0.8186559081077576,1.0727577417922005,16,ppo_seed47,ppo,PPO,47
77159,intercepted,1,0,0,0,38,16,8.0,22,38.0,19.0,7.3904571533203125,0,1.0604824410832447,0.46537676453590393,1.1554180680051347,23,ppo_seed47,ppo,PPO,47
77160,intercepted,1,0,0,0,213,17,8.5,196,213.0,106.5,3.3706061840057373,0,1.1270929230802555,1.3722858428955078,1.222885615004547,197,ppo_seed47,ppo,PPO,47
77161,soldier_caught,0,1,0,0,35,10,5.0,25,,,1.9395235776901245,0,1.1874687877985148,1.2987507581710815,1.2787437617434125,26,ppo_seed47,ppo,PPO,47
77162,soldier_caught,0,1,0,0,44,15,7.5,29,,,1.5601708889007568,0,1.1527805308500925,0.4945072531700134,1.2337528700523197,30,ppo_seed47,ppo,PPO,47
77163,intercepted,1,0,0,0,324,19,9.5,305,324.0,162.0,4.106358528137207,0,1.127458916185728,2.0322751998901367,1.221346160121711,306,ppo_seed47,ppo,PPO,47
77164,intercepted,1,0,0,0,225,12,6.0,213,225.0,112.5,3.253971815109253,0,1.110786000284079,1.755672574043274,1.2011857295774249,214,ppo_seed47,ppo,PPO,47
77165,intercepted,1,0,0,0,153,14,7.0,139,153.0,76.5,5.7629570960998535,0,1.104430723616055,1.2384830713272095,1.200865370973972,140,ppo_seed47,ppo,PPO,47
77166,soldier_caught,0,1,0,0,412,16,8.0,396,,,1.767822265625,0,1.140443278687727,1.0523511171340942,1.233145515537439,397,ppo_seed47,ppo,PPO,47
77167,soldier_caught,0,1,0,0,36,11,5.5,25,,,0.44567441940307617,0,1.2259287983179092,0.933749258518219,1.3126021928941465,26,ppo_seed47,ppo,PPO,47
77168,intercepted,1,0,0,0,82,12,6.0,70,82.0,41.0,11.826611518859863,0,1.0634701827042539,1.093151569366455,1.1374495050700502,71,ppo_seed47,ppo,PPO,47
77169,soldier_caught,0,1,0,0,58,10,5.0,48,,,1.552737832069397,0,1.2226800979400168,0.9402467608451843,1.3314262564274475,49,ppo_seed47,ppo,PPO,47
77170,intercepted,1,0,0,0,54,30,15.0,24,54.0,27.0,14.385445594787598,0,1.0211779928207398,1.3158015012741089,1.1712490888819767,25,ppo_seed47,ppo,PPO,47
77171,intercepted,1,0,0,0,84,9,4.5,75,84.0,42.0,2.005117893218994,0,1.0645584718961465,0.848369300365448,1.1600867740556529,76,ppo_seed47,ppo,PPO,47
77172,intercepted,1,0,0,0,40,12,6.0,28,40.0,20.0,9.409150123596191,0,1.0669953802536274,0.08723697066307068,1.1828157064031701,29,ppo_seed47,ppo,PPO,47
77173,soldier_caught,0,1,0,0,208,60,30.0,148,,,1.4319313764572144,0,1.0695092351044584,1.4102530479431152,1.1633801248788362,149,ppo_seed47,ppo,PPO,47
77174,soldier_caught,0,1,0,0,103,15,7.5,88,,,0.6106374859809875,0,1.2259569479508345,1.5052505731582642,1.3105261556716432,89,ppo_seed47,ppo,PPO,47
77175,soldier_caught,0,1,0,0,129,7,3.5,122,,,1.090091586112976,0,1.1033260348608824,1.6550273895263672,1.223582433162258,123,ppo_seed47,ppo,PPO,47
77176,intercepted,1,0,0,0,324,13,6.5,311,324.0,162.0,3.371295690536499,0,1.0935530975843086,0.9492668509483337,1.2008838609040826,312,ppo_seed47,ppo,PPO,47
77177,intercepted,1,0,0,0,21,14,7.0,7,21.0,10.5,5.672394275665283,0,0.824639093130827,0.5801237225532532,0.9215665513959813,8,ppo_seed47,ppo,PPO,47
77178,intercepted,1,0,0,0,35,10,5.0,25,35.0,17.5,10.28098201751709,0,1.3434995722312193,1.1742393970489502,1.4481892302048693,26,ppo_seed47,ppo,PPO,47
77179,intercepted,1,0,0,0,306,10,5.0,296,306.0,153.0,2.9394757747650146,0,1.1910712122917175,1.0954563617706299,1.2748559168472402,297,ppo_seed47,ppo,PPO,47
77180,soldier_caught,0,1,0,0,16,13,6.5,3,,,1.7100565433502197,0,1.1855579316616058,0.9956849813461304,1.2966892158733783,4,ppo_seed47,ppo,PPO,47
77181,intercepted,1,0,0,0,50,19,9.5,31,50.0,25.0,8.950430870056152,0,1.0650170976296067,0.5177788734436035,1.1484350868905893,32,ppo_seed47,ppo,PPO,47
77182,intercepted,1,0,0,0,56,13,6.5,43,56.0,28.0,9.182376861572266,0,1.2054521597244523,1.2219411134719849,1.289616804790125,44,ppo_seed47,ppo,PPO,47
77183,intercepted,1,0,0,0,12,8,4.0,4,12.0,6.0,3.7390613555908203,0,1.5340929985046388,1.6489591598510742,1.572537496634701,5,ppo_seed47,ppo,PPO,47
77184,intercepted,1,0,0,0,303,15,7.5,288,303.0,151.5,8.429455757141113,0,1.0913428361285928,0.9207311868667603,1.1887131771186263,289,ppo_seed47,ppo,PPO,47
77185,intercepted,1,0,0,0,62,32,16.0,30,62.0,31.0,13.31352424621582,0,1.0086637543093773,0.926691472530365,1.1196461133092208,31,ppo_seed47,ppo,PPO,47
77186,intercepted,1,0,0,0,16,11,5.5,5,16.0,8.0,5.961305618286133,0,0.8805000136295954,1.2906532287597656,0.973465157915992,6,ppo_seed47,ppo,PPO,47
77187,soldier_caught,0,1,0,0,725,7,3.5,718,,,1.8092076778411865,0,1.1330399398843503,0.6760258674621582,1.2240592702657707,719,ppo_seed47,ppo,PPO,47
77188,intercepted,1,0,0,0,17,12,6.0,5,17.0,8.5,5.397014617919922,0,0.9281466007232666,0.7382956743240356,0.9558836209852098,6,ppo_seed47,ppo,PPO,47
77189,soldier_caught,0,1,0,0,276,8,4.0,268,,,0.7114484310150146,0,1.129273266071059,0.3992386758327484,1.2234505794076076,269,ppo_seed47,ppo,PPO,47
77190,intercepted,1,0,0,0,90,12,6.0,78,90.0,45.0,2.4714860916137695,0,1.1969547825334947,0.31087690591812134,1.3192542277598849,79,ppo_seed47,ppo,PPO,47
77191,intercepted,1,0,0,0,9,7,3.5,2,9.0,4.5,5.312931060791016,0,1.5951183636983235,1.9882396459579468,1.6254006391364368,3,ppo_seed47,ppo,PPO,47
77192,intercepted,1,0,0,0,47,7,3.5,40,47.0,23.5,9.41314697265625,0,1.1611300038128365,1.91939115524292,1.2392353133363114,41,ppo_seed47,ppo,PPO,47
77193,intercepted,1,0,0,0,72,9,4.5,63,72.0,36.0,4.660489082336426,0,1.1551849665120244,1.4451837539672852,1.249009980115566,64,ppo_seed47,ppo,PPO,47
77194,intercepted,1,0,0,0,43,20,10.0,23,43.0,21.5,6.267329692840576,0,0.9638837004701296,1.0389142036437988,0.9867910014418942,24,ppo_seed47,ppo,PPO,47
77195,intercepted,1,0,0,0,210,7,3.5,203,210.0,105.0,3.0309364795684814,0,1.1294739301152088,0.6898265480995178,1.2324920572080178,204,ppo_seed47,ppo,PPO,47
77196,intercepted,1,0,0,0,309,9,4.5,300,309.0,154.5,2.371293544769287,0,1.1231241692043221,1.56454598903656,1.228412071235981,301,ppo_seed47,ppo,PPO,47
77197,intercepted,1,0,0,0,455,27,13.5,428,455.0,227.5,4.090846538543701,0,1.119056864843502,0.2503429651260376,1.2149266984043368,429,ppo_seed47,ppo,PPO,47
77198,intercepted,1,0,0,0,124,8,4.0,116,124.0,62.0,3.427896499633789,0,1.1015147734911015,0.9633339047431946,1.189126431825605,117,ppo_seed47,ppo,PPO,47
77199,intercepted,1,0,0,0,147,17,8.5,130,147.0,73.5,10.004121780395508,0,1.1352628758390442,1.144899845123291,1.2189936550733416,131,ppo_seed47,ppo,PPO,47
77200,intercepted,1,0,0,0,82,77,38.5,5,82.0,41.0,13.375102996826172,0,1.0214350720246632,0.7083008885383606,1.1308462550716192,6,ppo_seed47,ppo,PPO,47
77201,intercepted,1,0,0,0,66,9,4.5,57,66.0,33.0,7.632296085357666,0,1.2211736106667026,1.5279631614685059,1.295447588133604,58,ppo_seed47,ppo,PPO,47
77202,intercepted,1,0,0,0,196,11,5.5,185,196.0,98.0,6.282101631164551,0,1.095460225737864,1.1967837810516357,1.186282603956712,186,ppo_seed47,ppo,PPO,47
77203,intercepted,1,0,0,0,213,14,7.0,199,213.0,106.5,2.3308026790618896,0,1.1230907924473286,1.460087537765503,1.2126416914021132,200,ppo_seed47,ppo,PPO,47
77204,intercepted,1,0,0,0,79,35,17.5,44,79.0,39.5,13.139620780944824,0,1.1779283963971667,1.240738034248352,1.2424939453645163,45,ppo_seed47,ppo,PPO,47
77205,intercepted,1,0,0,0,89,11,5.5,78,89.0,44.5,2.3274645805358887,0,1.064908095270018,1.569319486618042,1.15947705862979,79,ppo_seed47,ppo,PPO,47
77206,intercepted,1,0,0,0,13,11,5.5,2,13.0,6.5,4.589964866638184,0,1.077892820040385,1.25274658203125,1.0853382301785968,3,ppo_seed47,ppo,PPO,47
77207,intercepted,1,0,0,0,159,9,4.5,150,159.0,79.5,6.50026273727417,0,1.1286211151950407,1.2607183456420898,1.2204746776010966,151,ppo_seed47,ppo,PPO,47
77208,soldier_caught,0,1,0,0,46,44,22.0,2,,,1.4125995635986328,0,0.8091657161712646,0.7685060501098633,0.8243337506432811,3,ppo_seed47,ppo,PPO,47
77209,intercepted,1,0,0,0,84,20,10.0,64,84.0,42.0,6.747399806976318,0,1.1482816911660707,1.3746999502182007,1.2658600620727742,65,ppo_seed47,ppo,PPO,47
77210,intercepted,1,0,0,0,271,19,9.5,252,271.0,135.5,4.928065776824951,0,1.0963412582756502,1.2934026718139648,1.1832794722105089,253,ppo_seed47,ppo,PPO,47
77211,intercepted,1,0,0,0,244,14,7.0,230,244.0,122.0,4.022491931915283,0,1.1407216121624042,0.6692401170730591,1.2341648978224515,231,ppo_seed47,ppo,PPO,47
77212,intercepted,1,0,0,0,426,11,5.5,415,426.0,213.0,2.033134937286377,0,1.1328291649070497,0.464420884847641,1.2302254519646727,416,ppo_seed47,ppo,PPO,47
77213,intercepted,1,0,0,0,136,9,4.5,127,136.0,68.0,5.735244274139404,0,1.1089118579402566,1.7016600370407104,1.1995939202513304,128,ppo_seed47,ppo,PPO,47
77214,intercepted,1,0,0,0,77,13,6.5,64,77.0,38.5,6.689016342163086,0,1.0818310451049071,1.6863328218460083,1.1658504815854562,65,ppo_seed47,ppo,PPO,47
77215,soldier_caught,0,1,0,0,12,10,5.0,2,,,1.3912391662597656,0,0.6353898644447327,1.2865182161331177,0.7937713150736729,3,ppo_seed47,ppo,PPO,47
77216,intercepted,1,0,0,0,168,42,21.0,126,168.0,84.0,3.4739937782287598,0,1.126120437200614,0.9844658374786377,1.2359438066187634,127,ppo_seed47,ppo,PPO,47
77217,intercepted,1,0,0,0,55,11,5.5,44,55.0,27.5,9.055869102478027,0,1.0828633189201355,0.7632656693458557,1.1662344687887356,45,ppo_seed47,ppo,PPO,47
77218,intercepted,1,0,0,0,21,16,8.0,5,21.0,10.5,11.807185173034668,0,1.9784174760182698,2.499681234359741,2.007198692987173,6,ppo_seed47,ppo,PPO,47
77219,intercepted,1,0,0,0,10,7,3.5,3,10.0,5.0,5.8694658279418945,0,1.0363421589136124,0.9963926076889038,1.0486587399971923,4,ppo_seed47,ppo,PPO,47
77220,intercepted,1,0,0,0,115,11,5.5,104,115.0,57.5,12.874383926391602,0,1.1182635446389517,2.101900815963745,1.2079870037676343,105,ppo_seed47,ppo,PPO,47
77221,intercepted,1,0,0,0,131,9,4.5,122,131.0,65.5,6.439923286437988,0,1.1113454857008245,0.8053780794143677,1.1971166233948152,123,ppo_seed47,ppo,PPO,47
77222,intercepted,1,0,0,0,21,9,4.5,12,21.0,10.5,11.583666801452637,0,1.1116394721544707,0.8323267102241516,1.2078856347997284,13,ppo_seed47,ppo,PPO,47
77223,soldier_caught,0,1,0,0,67,8,4.0,59,,,1.9864466190338135,0,1.0529191633065542,1.0465707778930664,1.1436143977131503,60,ppo_seed47,ppo,PPO,47
77224,intercepted,1,0,0,0,64,12,6.0,52,64.0,32.0,9.024282455444336,0,1.1285960961062953,0.675491988658905,1.2286679101877147,53,ppo_seed47,ppo,PPO,47
77225,soldier_caught,0,1,0,0,123,80,40.0,43,,,1.586410641670227,0,1.1369622708721594,1.0144872665405273,1.2247729386754005,44,ppo_seed47,ppo,PPO,47
77226,intercepted,1,0,0,0,160,16,8.0,144,160.0,80.0,2.7517449855804443,0,1.1426769180544492,1.6656237840652466,1.2316952404970032,145,ppo_seed47,ppo,PPO,47
77227,intercepted,1,0,0,0,425,10,5.0,415,425.0,212.5,3.4994897842407227,0,1.0972890222104839,1.1395323276519775,1.1926162330586032,416,ppo_seed47,ppo,PPO,47
77228,intercepted,1,0,0,0,52,15,7.5,37,52.0,26.0,11.16340446472168,0,1.1738479290353625,1.1927937269210815,1.270759603808467,38,ppo_seed47,ppo,PPO,47
77229,intercepted,1,0,0,0,11,8,4.0,3,11.0,5.5,4.999703407287598,0,1.2724812924861908,1.1794285774230957,1.2858376411559085,4,ppo_seed47,ppo,PPO,47
77230,intercepted,1,0,0,0,89,17,8.5,72,89.0,44.5,10.234265327453613,0,1.123459507443317,0.882964551448822,1.2143629770984001,73,ppo_seed47,ppo,PPO,47
77231,intercepted,1,0,0,0,333,14,7.0,319,333.0,166.5,6.3601765632629395,0,1.0984758403385058,1.4071065187454224,1.1874343136826813,320,ppo_seed47,ppo,PPO,47
77232,soldier_caught,0,1,0,0,94,11,5.5,83,,,0.9493271708488464,0,1.1462152409589006,1.3221300840377808,1.2423585356203088,84,ppo_seed47,ppo,PPO,47
77233,intercepted,1,0,0,0,192,8,4.0,184,192.0,96.0,4.0422163009643555,0,1.0955073199562124,0.9558660387992859,1.1902151373043384,185,ppo_seed47,ppo,PPO,47
77234,intercepted,1,0,0,0,18,11,5.5,7,18.0,9.0,9.107412338256836,0,1.0069635324180126,1.0380897521972656,1.0679114417696987,8,ppo_seed47,ppo,PPO,47
77235,intercepted,1,0,0,0,85,11,5.5,74,85.0,42.5,5.392460823059082,0,1.0822576316197714,0.3744633197784424,1.1627081306019753,75,ppo_seed47,ppo,PPO,47
77236,intercepted,1,0,0,0,20,11,5.5,9,20.0,10.0,10.225369453430176,0,1.3542775750160216,1.1755057573318481,1.524911505765154,10,ppo_seed47,ppo,PPO,47
77237,intercepted,1,0,0,0,55,9,4.5,46,55.0,27.5,7.012974262237549,0,1.1885382602823542,1.2434589862823486,1.2744938082313522,47,ppo_seed47,ppo,PPO,47
77238,intercepted,1,0,0,0,231,12,6.0,219,231.0,115.5,6.96158504486084,0,1.0630225804719058,0.9626701474189758,1.168978281481571,220,ppo_seed47,ppo,PPO,47
77239,intercepted,1,0,0,0,208,16,8.0,192,208.0,104.0,10.800082206726074,0,1.105420720739377,1.3007341623306274,1.2025105997811176,193,ppo_seed47,ppo,PPO,47
77240,intercepted,1,0,0,0,210,10,5.0,200,210.0,105.0,3.63230037689209,0,1.1044127638289585,0.5927443504333496,1.2078287827036285,201,ppo_seed47,ppo,PPO,47
77241,intercepted,1,0,0,0,11,7,3.5,4,11.0,5.5,6.58598518371582,0,1.4137067198753357,0.746675968170166,1.4977759087845157,5,ppo_seed47,ppo,PPO,47
77242,soldier_caught,0,1,0,0,11,8,4.0,3,,,1.8055427074432373,0,0.7342924326658249,0.4599815607070923,0.7734404585577364,4,ppo_seed47,ppo,PPO,47
77243,intercepted,1,0,0,0,10,8,4.0,2,10.0,5.0,3.6683332920074463,0,1.3328005870183308,1.1048394441604614,1.3865781977935305,3,ppo_seed47,ppo,PPO,47
77244,soldier_caught,0,1,0,0,60,11,5.5,49,,,1.6891902685165405,0,1.2737199622392654,0.3249831795692444,1.3686746141564363,50,ppo_seed47,ppo,PPO,47
77245,intercepted,1,0,0,0,239,14,7.0,225,239.0,119.5,2.7992687225341797,0,1.1519643197544909,1.1215085983276367,1.2374586721354819,226,ppo_seed47,ppo,PPO,47
77246,intercepted,1,0,0,0,22,12,6.0,10,22.0,11.0,10.813033103942871,0,1.1087007062001661,1.0840530395507812,1.2771094855396414,11,ppo_seed47,ppo,PPO,47
77247,intercepted,1,0,0,0,12,9,4.5,3,12.0,6.0,8.092156410217285,0,0.9574500098824501,1.5392816066741943,1.0805096702790524,4,ppo_seed47,ppo,PPO,47
77248,intercepted,1,0,0,0,60,14,7.0,46,60.0,30.0,14.697887420654297,0,1.1462279577204522,1.1362450122833252,1.1859122290497475,47,ppo_seed47,ppo,PPO,47
77249,intercepted,1,0,0,0,101,10,5.0,91,101.0,50.5,6.292246341705322,0,1.0986906707934712,1.3964799642562866,1.1893249463982003,92,ppo_seed47,ppo,PPO,47
77250,intercepted,1,0,0,0,162,9,4.5,153,162.0,81.0,9.661157608032227,0,1.1585891078431885,0.1483708769083023,1.2577341789901808,154,ppo_seed47,ppo,PPO,47
77251,soldier_caught,0,1,0,0,201,13,6.5,188,,,1.9569979906082153,0,1.1658542608773266,0.9649387001991272,1.2563055293456844,189,ppo_seed47,ppo,PPO,47
77252,intercepted,1,0,0,0,115,13,6.5,102,115.0,57.5,2.4900882244110107,0,1.177171141994231,1.0126490592956543,1.2753579991893835,103,ppo_seed47,ppo,PPO,47
77253,intercepted,1,0,0,0,355,8,4.0,347,355.0,177.5,3.0120370388031006,0,1.1646665107758565,1.4815006256103516,1.2591509661265379,348,ppo_seed47,ppo,PPO,47
77254,intercepted,1,0,0,0,96,20,10.0,76,96.0,48.0,13.017902374267578,0,1.0979878910176166,2.192686080932617,1.1811150284936907,77,ppo_seed47,ppo,PPO,47
77255,intercepted,1,0,0,0,23,7,3.5,16,23.0,11.5,11.345044136047363,0,1.1072385398780598,1.3054749965667725,1.2265814764996132,17,ppo_seed47,ppo,PPO,47
77256,intercepted,1,0,0,0,178,35,17.5,143,178.0,89.0,5.535943508148193,0,1.12586137962838,2.0943384170532227,1.2104810296191642,144,ppo_seed47,ppo,PPO,47
77257,intercepted,1,0,0,0,108,9,4.5,99,108.0,54.0,2.950261354446411,0,1.2148238477110862,1.8440459966659546,1.3072940981627765,100,ppo_seed47,ppo,PPO,47
77258,intercepted,1,0,0,0,200,9,4.5,191,200.0,100.0,2.2240192890167236,0,1.062386899876098,1.3901968002319336,1.1571316553286464,192,ppo_seed47,ppo,PPO,47
77259,soldier_caught,0,1,0,0,395,26,13.0,369,,,1.964242696762085,0,1.1245842621535869,1.3544379472732544,1.2188358562521586,370,ppo_seed47,ppo,PPO,47
77260,intercepted,1,0,0,0,134,48,24.0,86,134.0,67.0,5.390231132507324,0,1.133969894942196,0.8392266631126404,1.2339637625675899,87,ppo_seed47,ppo,PPO,47
77261,soldier_caught,0,1,0,0,216,131,65.5,85,,,1.3757832050323486,0,1.0804853446261828,0.8730566501617432,1.1622432850148003,86,ppo_seed47,ppo,PPO,47
77262,intercepted,1,0,0,0,164,13,6.5,151,164.0,82.0,5.9251604080200195,0,1.1028321196668243,0.6588431596755981,1.1978827587092464,152,ppo_seed47,ppo,PPO,47
77263,intercepted,1,0,0,0,74,40,20.0,34,74.0,37.0,8.812481880187988,0,1.110633711729731,1.033109188079834,1.1774802392633859,35,ppo_seed47,ppo,PPO,47
77264,intercepted,1,0,0,0,332,14,7.0,318,332.0,166.0,4.0197248458862305,0,1.158460603659056,1.7300182580947876,1.2627900441912088,319,ppo_seed47,ppo,PPO,47
77265,intercepted,1,0,0,0,104,7,3.5,97,104.0,52.0,5.5892767906188965,0,1.1677630598447761,0.8044379353523254,1.269187615359809,98,ppo_seed47,ppo,PPO,47
77266,intercepted,1,0,0,0,318,31,15.5,287,318.0,159.0,4.395797252655029,0,1.122644210803426,1.1474599838256836,1.2181181329340791,288,ppo_seed47,ppo,PPO,47
77267,intercepted,1,0,0,0,36,11,5.5,25,36.0,18.0,2.703746795654297,0,1.083430433502564,0.8352559804916382,1.1679734157386061,26,ppo_seed47,ppo,PPO,47
77268,intercepted,1,0,0,0,35,30,15.0,5,35.0,17.5,10.971000671386719,0,1.3358801404635112,1.2216072082519531,1.3773003976308442,6,ppo_seed47,ppo,PPO,47
77269,intercepted,1,0,0,0,87,12,6.0,75,87.0,43.5,12.934189796447754,0,1.0334632271214534,0.6649372577667236,1.1120962479139531,76,ppo_seed47,ppo,PPO,47
77270,intercepted,1,0,0,0,17,9,4.5,8,17.0,8.5,7.669755935668945,0,0.936932149860594,2.1000616550445557,1.0561669182634688,9,ppo_seed47,ppo,PPO,47
77271,soldier_caught,0,1,0,0,512,10,5.0,502,,,1.6343917846679688,0,1.1485295647655283,0.9901209473609924,1.2388903969360816,503,ppo_seed47,ppo,PPO,47
77272,intercepted,1,0,0,0,117,10,5.0,107,117.0,58.5,2.3727996349334717,0,1.0928896028134558,0.29781651496887207,1.1907096597621953,108,ppo_seed47,ppo,PPO,47
77273,intercepted,1,0,0,0,26,11,5.5,15,26.0,13.0,10.96323013305664,0,1.210427539423108,1.9019399881362915,1.3235620438975573,16,ppo_seed47,ppo,PPO,47
77274,intercepted,1,0,0,0,128,12,6.0,116,128.0,64.0,5.228773593902588,0,1.0882311798313744,1.2367675304412842,1.1766781087814684,117,ppo_seed47,ppo,PPO,47
77275,intercepted,1,0,0,0,82,11,5.5,71,82.0,41.0,11.865245819091797,0,1.0855191093352106,1.8457273244857788,1.189424552488845,72,ppo_seed47,ppo,PPO,47
77276,intercepted,1,0,0,0,210,10,5.0,200,210.0,105.0,2.3665359020233154,0,1.142978484580173,0.5488075017929077,1.2449278829390371,201,ppo_seed47,ppo,PPO,47
77277,intercepted,1,0,0,0,424,17,8.5,407,424.0,212.0,2.914898633956909,0,1.1371635932694464,1.4434767961502075,1.2317140275034344,408,ppo_seed47,ppo,PPO,47
77278,intercepted,1,0,0,0,53,14,7.0,39,53.0,26.5,11.914496421813965,0,1.1738122925162315,0.5991790890693665,1.302760782606881,40,ppo_seed47,ppo,PPO,47
77279,intercepted,1,0,0,0,222,9,4.5,213,222.0,111.0,6.562136173248291,0,1.157409602236525,1.4606372117996216,1.2483967076047227,214,ppo_seed47,ppo,PPO,47
77280,soldier_caught,0,1,0,0,46,15,7.5,31,,,1.440531849861145,0,1.061871218495071,1.2380605936050415,1.1412406453950916,32,ppo_seed47,ppo,PPO,47
77281,intercepted,1,0,0,0,115,42,21.0,73,115.0,57.5,13.141807556152344,0,1.101294578732671,0.9115874171257019,1.2090445052336387,74,ppo_seed47,ppo,PPO,47
77282,intercepted,1,0,0,0,132,7,3.5,125,132.0,66.0,4.389161586761475,0,1.1413785077276684,1.3349965810775757,1.2295857777024553,126,ppo_seed47,ppo,PPO,47
77283,intercepted,1,0,0,0,89,23,11.5,66,89.0,44.5,13.963401794433594,0,1.0988727585593265,1.1603745222091675,1.1940630690577971,67,ppo_seed47,ppo,PPO,47
77284,intercepted,1,0,0,0,17,9,4.5,8,17.0,8.5,6.518050670623779,0,1.1906016336547003,0.5008108615875244,1.2675229176003622,9,ppo_seed47,ppo,PPO,47
77285,intercepted,1,0,0,0,93,38,19.0,55,93.0,46.5,12.166983604431152,0,1.0927162830318724,0.3384970724582672,1.198884125148003,56,ppo_seed47,ppo,PPO,47
77286,soldier_caught,0,1,0,0,58,9,4.5,49,,,1.9021707773208618,0,1.1196188092231751,0.75389164686203,1.1835850346042742,50,ppo_seed47,ppo,PPO,47
77287,soldier_caught,0,1,0,0,163,47,23.5,116,,,1.0495173931121826,0,1.1604148200434496,1.2839314937591553,1.237868777056368,117,ppo_seed47,ppo,PPO,47
77288,intercepted,1,0,0,0,62,9,4.5,53,62.0,31.0,8.608318328857422,0,1.142904995492211,1.0885461568832397,1.2548031288648556,54,ppo_seed47,ppo,PPO,47
77289,intercepted,1,0,0,0,13,10,5.0,3,13.0,6.5,2.647378921508789,0,1.2644668892025948,1.6334937810897827,1.3662219287799926,4,ppo_seed47,ppo,PPO,47
77290,soldier_caught,0,1,0,0,82,13,6.5,69,,,0.7868062257766724,0,1.1950513369270734,0.8611025214195251,1.276911263433398,70,ppo_seed47,ppo,PPO,47
77291,intercepted,1,0,0,0,66,14,7.0,52,66.0,33.0,10.830519676208496,0,1.2204042060195275,0.6441295742988586,1.3140788694144039,53,ppo_seed47,ppo,PPO,47
77292,soldier_caught,0,1,0,0,186,44,22.0,142,,,1.9780900478363037,0,1.0854876838572376,1.6129300594329834,1.195035250420339,143,ppo_seed47,ppo,PPO,47
77293,intercepted,1,0,0,0,108,12,6.0,96,108.0,54.0,4.689313888549805,0,1.1019333734647514,0.35678088665008545,1.1980031602411199,97,ppo_seed47,ppo,PPO,47
77294,intercepted,1,0,0,0,17,9,4.5,8,17.0,8.5,4.085064888000488,0,1.083430551820331,1.0713748931884766,1.171493272003605,9,ppo_seed47,ppo,PPO,47
77295,intercepted,1,0,0,0,84,34,17.0,50,84.0,42.0,12.257397651672363,0,1.1956742546137642,0.8684005737304688,1.2998283238981798,51,ppo_seed47,ppo,PPO,47
77296,intercepted,1,0,0,0,111,8,4.0,103,111.0,55.5,2.6473658084869385,0,1.1705056615173817,1.4610936641693115,1.2537840101918885,104,ppo_seed47,ppo,PPO,47
77297,soldier_caught,0,1,0,0,337,8,4.0,329,,,0.41893717646598816,0,1.0942491360911817,1.2664715051651,1.1878465113132206,330,ppo_seed47,ppo,PPO,47
77298,soldier_caught,0,1,0,0,226,9,4.5,217,,,1.2933036088943481,0,1.183952895052936,1.2963989973068237,1.2832125184008074,218,ppo_seed47,ppo,PPO,47
77299,intercepted,1,0,0,0,229,14,7.0,215,229.0,114.5,10.2662992477417,0,1.1742484254969492,1.1912779808044434,1.2639469330838793,216,ppo_seed47,ppo,PPO,47
77300,intercepted,1,0,0,0,223,10,5.0,213,223.0,111.5,3.1568212509155273,0,1.1448593560223268,1.0754047632217407,1.2342095230795338,214,ppo_seed47,ppo,PPO,47
77301,intercepted,1,0,0,0,514,11,5.5,503,514.0,257.0,2.6944563388824463,0,1.15056086464652,0.3797939717769623,1.2483656729758894,504,ppo_seed47,ppo,PPO,47
77302,intercepted,1,0,0,0,149,17,8.5,132,149.0,74.5,9.793888092041016,0,1.0149518282789933,1.2571947574615479,1.0956704054913173,133,ppo_seed47,ppo,PPO,47
77303,soldier_caught,0,1,0,0,105,9,4.5,96,,,0.9623823165893555,0,1.1612459877409886,1.5199837684631348,1.2379783326209166,97,ppo_seed47,ppo,PPO,47
77304,soldier_caught,0,1,0,0,130,11,5.5,119,,,1.311332106590271,0,1.1305286925286055,1.4696990251541138,1.2296903340213337,120,ppo_seed47,ppo,PPO,47
77305,soldier_caught,0,1,0,0,111,16,8.0,95,,,0.598397433757782,0,1.1598115670494735,1.9560421705245972,1.2398462987213823,96,ppo_seed47,ppo,PPO,47
77306,intercepted,1,0,0,0,63,37,18.5,26,63.0,31.5,13.174666404724121,0,1.1153808125743159,1.013474941253662,1.2292057480462586,27,ppo_seed47,ppo,PPO,47
77307,intercepted,1,0,0,0,164,11,5.5,153,164.0,82.0,9.36815071105957,0,1.0715674569273923,1.2352237701416016,1.1728986940501045,154,ppo_seed47,ppo,PPO,47
77308,intercepted,1,0,0,0,60,27,13.5,33,60.0,30.0,14.960103988647461,0,1.0105061425882227,0.4507698714733124,1.0954264401842617,34,ppo_seed47,ppo,PPO,47
77309,intercepted,1,0,0,0,76,8,4.0,68,76.0,38.0,4.443464756011963,0,1.10370154786801,1.3640650510787964,1.1883394987552076,69,ppo_seed47,ppo,PPO,47
77310,intercepted,1,0,0,0,82,12,6.0,70,82.0,41.0,10.465123176574707,0,1.1096350214850734,0.28324106335639954,1.1891517390367197,71,ppo_seed47,ppo,PPO,47
77311,intercepted,1,0,0,0,122,44,22.0,78,122.0,61.0,2.838606595993042,0,1.1608118260208564,1.6547131538391113,1.2790567137897955,79,ppo_seed47,ppo,PPO,47
77312,intercepted,1,0,0,0,262,40,20.0,222,262.0,131.0,5.841464996337891,0,1.1905570869488566,1.3938498497009277,1.2790855028637895,223,ppo_seed47,ppo,PPO,47
77313,soldier_caught,0,1,0,0,81,8,4.0,73,,,1.5363249778747559,0,1.1320517643077954,1.0335915088653564,1.243964867456145,74,ppo_seed47,ppo,PPO,47
77314,intercepted,1,0,0,0,18,12,6.0,6,18.0,9.0,8.645970344543457,0,1.2720987456185477,1.7206424474716187,1.317484067365486,7,ppo_seed47,ppo,PPO,47
77315,intercepted,1,0,0,0,142,17,8.5,125,142.0,71.0,4.697379112243652,0,1.0997555802265804,0.7068608403205872,1.2000806757978497,126,ppo_seed47,ppo,PPO,47
77316,intercepted,1,0,0,0,29,13,6.5,16,29.0,14.5,8.724190711975098,0,1.1558718032696669,0.44796884059906006,1.2774444401577463,17,ppo_seed47,ppo,PPO,47
77317,intercepted,1,0,0,0,93,10,5.0,83,93.0,46.5,6.027796268463135,0,1.1040384966347898,1.8600345849990845,1.2249222522004497,84,ppo_seed47,ppo,PPO,47
77318,intercepted,1,0,0,0,485,11,5.5,474,485.0,242.5,5.7452497482299805,0,1.1599988032014747,0.8271278738975525,1.2509848939662502,475,ppo_seed47,ppo,PPO,47
77319,intercepted,1,0,0,0,347,57,28.5,290,347.0,173.5,8.102590560913086,0,1.1310131031623,0.8923755288124084,1.2241760825283998,291,ppo_seed47,ppo,PPO,47
77320,intercepted,1,0,0,0,237,10,5.0,227,237.0,118.5,2.818189859390259,0,1.1013273328150575,1.7372626066207886,1.2031690121788625,228,ppo_seed47,ppo,PPO,47
77321,intercepted,1,0,0,0,100,52,26.0,48,100.0,50.0,8.080021858215332,0,1.1446351074442571,0.8960748314857483,1.2262958276873548,49,ppo_seed47,ppo,PPO,47
77322,intercepted,1,0,0,0,43,14,7.0,29,43.0,21.5,11.834715843200684,0,1.0799220154682796,1.8705508708953857,1.1722466197441237,30,ppo_seed47,ppo,PPO,47
77323,intercepted,1,0,0,0,164,13,6.5,151,164.0,82.0,7.35491418838501,0,1.1679628132107227,0.8409314155578613,1.2502206008301953,152,ppo_seed47,ppo,PPO,47
77324,intercepted,1,0,0,0,66,8,4.0,58,66.0,33.0,12.222453117370605,0,1.084711553181632,0.31461411714553833,1.1692798040420473,59,ppo_seed47,ppo,PPO,47
77325,intercepted,1,0,0,0,97,12,6.0,85,97.0,48.5,3.1239116191864014,0,1.1267563156610312,0.5942137241363525,1.1961640400035367,86,ppo_seed47,ppo,PPO,47
77326,intercepted,1,0,0,0,192,11,5.5,181,192.0,96.0,2.2817604541778564,0,1.094171545867409,1.380282998085022,1.1808460158154739,182,ppo_seed47,ppo,PPO,47
77327,intercepted,1,0,0,0,42,10,5.0,32,42.0,21.0,5.554941177368164,0,1.1843225992087163,1.326468825340271,1.2639335786658399,33,ppo_seed47,ppo,PPO,47
77328,intercepted,1,0,0,0,485,14,7.0,471,485.0,242.5,4.2486371994018555,0,1.1232276470479319,0.7688837051391602,1.214514674901477,472,ppo_seed47,ppo,PPO,47
77329,intercepted,1,0,0,0,86,21,10.5,65,86.0,43.0,10.859325408935547,0,1.1000911944517584,0.814444899559021,1.1810132191827745,66,ppo_seed47,ppo,PPO,47
77330,intercepted,1,0,0,0,72,13,6.5,59,72.0,36.0,2.5112524032592773,0,1.0849783579508463,0.7001634240150452,1.1653659962777358,60,ppo_seed47,ppo,PPO,47
77331,intercepted,1,0,0,0,73,14,7.0,59,73.0,36.5,6.055712699890137,0,1.0544686570763588,1.7722833156585693,1.115546281134423,60,ppo_seed47,ppo,PPO,47
77332,intercepted,1,0,0,0,75,9,4.5,66,75.0,37.5,10.527318000793457,0,1.1518361773063888,1.1695821285247803,1.2699366986005776,67,ppo_seed47,ppo,PPO,47
77333,intercepted,1,0,0,0,71,10,5.0,61,71.0,35.5,7.6491522789001465,0,1.1254307550768698,1.4267326593399048,1.2422315427575539,62,ppo_seed47,ppo,PPO,47
77334,intercepted,1,0,0,0,153,14,7.0,139,153.0,76.5,5.9795966148376465,0,1.1434806715164865,2.332496166229248,1.2417189773599908,140,ppo_seed47,ppo,PPO,47
77335,soldier_caught,0,1,0,0,51,48,24.0,3,,,1.0999993085861206,0,1.2598456740379333,1.2946970462799072,1.2676934719065378,4,ppo_seed47,ppo,PPO,47
77336,soldier_caught,0,1,0,0,195,8,4.0,187,,,1.9449049234390259,0,1.1032646017030199,1.4046069383621216,1.2106932864425997,188,ppo_seed47,ppo,PPO,47
77337,intercepted,1,0,0,0,26,15,7.5,11,26.0,13.0,10.140167236328125,0,0.9759894261757532,0.7771449089050293,1.0924322185260131,12,ppo_seed47,ppo,PPO,47
77338,unsafe_intercept,0,0,1,0,11,8,4.0,3,,,2.215745687484741,0,0.8423769176006317,1.0842032432556152,0.8988911272000214,4,ppo_seed47,ppo,PPO,47
77339,intercepted,1,0,0,0,189,14,7.0,175,189.0,94.5,7.392305850982666,0,1.1750553854402492,1.139747142791748,1.2745244341402848,176,ppo_seed47,ppo,PPO,47
77340,intercepted,1,0,0,0,293,10,5.0,283,293.0,146.5,2.937922477722168,0,1.1163780348716488,1.6205233335494995,1.2222792719315976,284,ppo_seed47,ppo,PPO,47
77341,intercepted,1,0,0,0,283,12,6.0,271,283.0,141.5,4.403820037841797,0,1.0961838407880242,1.040916919708252,1.187795821879411,272,ppo_seed47,ppo,PPO,47
77342,intercepted,1,0,0,0,107,31,15.5,76,107.0,53.5,13.54939079284668,0,1.1047888328502704,1.0754796266555786,1.206801959136782,77,ppo_seed47,ppo,PPO,47
77343,intercepted,1,0,0,0,117,11,5.5,106,117.0,58.5,3.492717981338501,0,1.1826124224707344,1.0046173334121704,1.2806366911952793,107,ppo_seed47,ppo,PPO,47
77344,soldier_caught,0,1,0,0,190,102,51.0,88,,,1.620240330696106,0,1.1025879796636238,1.0877023935317993,1.1969624528322182,89,ppo_seed47,ppo,PPO,47
77345,intercepted,1,0,0,0,59,13,6.5,46,59.0,29.5,10.17557144165039,0,1.093596765969662,0.7262296676635742,1.1760991412877846,47,ppo_seed47,ppo,PPO,47
77346,intercepted,1,0,0,0,155,15,7.5,140,155.0,77.5,6.379703521728516,0,1.081892321295772,1.6116939783096313,1.172899666433939,141,ppo_seed47,ppo,PPO,47
77347,intercepted,1,0,0,0,125,11,5.5,114,125.0,62.5,8.929880142211914,0,1.1022865647855011,1.575313925743103,1.2021219290904204,115,ppo_seed47,ppo,PPO,47
77348,intercepted,1,0,0,0,162,13,6.5,149,162.0,81.0,8.163252830505371,0,1.19515729367733,1.9546149969100952,1.2871743673933231,150,ppo_seed47,ppo,PPO,47
77349,intercepted,1,0,0,0,124,8,4.0,116,124.0,62.0,4.491408824920654,0,1.1201635298565922,1.148031234741211,1.2094403532019844,117,ppo_seed47,ppo,PPO,47
77350,intercepted,1,0,0,0,42,34,17.0,8,42.0,21.0,11.093001365661621,0,1.246406959162818,1.360121726989746,1.2888875746566495,9,ppo_seed47,ppo,PPO,47
77351,intercepted,1,0,0,0,119,8,4.0,111,119.0,59.5,7.983482837677002,0,1.1526751659278358,0.6738675236701965,1.2377125791627603,112,ppo_seed47,ppo,PPO,47
77352,soldier_caught,0,1,0,0,16,13,6.5,3,,,1.9517912864685059,0,1.1780760139226913,1.456345558166504,1.2459178259932073,4,ppo_seed47,ppo,PPO,47
77353,intercepted,1,0,0,0,94,9,4.5,85,94.0,47.0,2.977931022644043,0,1.1490772002658178,1.4102342128753662,1.218060229401644,86,ppo_seed47,ppo,PPO,47
77354,soldier_caught,0,1,0,0,14,12,6.0,2,,,1.7409617900848389,0,1.1677953998247783,1.4408451318740845,1.1866629935633701,3,ppo_seed47,ppo,PPO,47
77355,intercepted,1,0,0,0,91,18,9.0,73,91.0,45.5,12.491077423095703,0,1.213898932007519,1.1673036813735962,1.2969993473213641,74,ppo_seed47,ppo,PPO,47
77356,intercepted,1,0,0,0,30,9,4.5,21,30.0,15.0,7.4711079597473145,0,1.1307425986636768,0.8742684721946716,1.2113513528599755,22,ppo_seed47,ppo,PPO,47
77357,intercepted,1,0,0,0,358,11,5.5,347,358.0,179.0,3.5336685180664062,0,1.1152201927770142,1.5229307413101196,1.2107543568369141,348,ppo_seed47,ppo,PPO,47
77358,intercepted,1,0,0,0,19,10,5.0,9,19.0,9.5,13.530184745788574,0,1.199815320968628,1.5813707113265991,1.2886431379396857,10,ppo_seed47,ppo,PPO,47
77359,intercepted,1,0,0,0,141,50,25.0,91,141.0,70.5,10.621638298034668,0,1.1611704162281493,0.6695896983146667,1.2479390172956308,92,ppo_seed47,ppo,PPO,47
77360,intercepted,1,0,0,0,199,13,6.5,186,199.0,99.5,2.233625650405884,0,1.1086938387569896,2.443490505218506,1.2054337473025092,187,ppo_seed47,ppo,PPO,47
77361,intercepted,1,0,0,0,488,7,3.5,481,488.0,244.0,2.6119203567504883,0,1.1373443716201792,1.1258975267410278,1.2350365648115502,482,ppo_seed47,ppo,PPO,47
77362,intercepted,1,0,0,0,148,8,4.0,140,148.0,74.0,2.862305164337158,0,1.1477551468720673,0.9057394862174988,1.2381388519547878,141,ppo_seed47,ppo,PPO,47
77363,intercepted,1,0,0,0,282,13,6.5,269,282.0,141.0,5.162889003753662,0,1.1203078207042483,0.9930256605148315,1.2089265234095257,270,ppo_seed47,ppo,PPO,47
77364,soldier_caught,0,1,0,0,79,17,8.5,62,,,1.460829257965088,0,1.1675556292609564,0.8271126747131348,1.2520264648862967,63,ppo_seed47,ppo,PPO,47
77365,intercepted,1,0,0,0,193,45,22.5,148,193.0,96.5,11.955214500427246,0,1.0868068209430515,1.379717230796814,1.165420957659879,149,ppo_seed47,ppo,PPO,47
77366,soldier_caught,0,1,0,0,35,9,4.5,26,,,1.59694242477417,0,1.0615654366987723,0.8464257121086121,1.1493054894242043,27,ppo_seed47,ppo,PPO,47
77367,soldier_caught,0,1,0,0,1263,10,5.0,1253,,,1.518681526184082,0,1.1485402842053767,1.381026029586792,1.2426218946648329,1254,ppo_seed47,ppo,PPO,47
77368,intercepted,1,0,0,0,18,14,7.0,4,18.0,9.0,10.002988815307617,0,0.9251395702362061,1.8112207651138306,1.0672506626183316,5,ppo_seed47,ppo,PPO,47
77369,intercepted,1,0,0,0,10,8,4.0,2,10.0,5.0,3.9216179847717285,0,1.0270941456158955,0.8634436726570129,1.0340947896021553,3,ppo_seed47,ppo,PPO,47
77370,intercepted,1,0,0,0,184,38,19.0,146,184.0,92.0,11.389892578125,0,1.098136562271183,0.9768345355987549,1.1947300786488133,147,ppo_seed47,ppo,PPO,47
77371,intercepted,1,0,0,0,246,72,36.0,174,246.0,123.0,7.005838871002197,0,1.0318970882892609,1.383036494255066,1.1248692704435819,175,ppo_seed47,ppo,PPO,47
77372,soldier_caught,0,1,0,0,68,15,7.5,53,,,1.6024712324142456,0,1.1354184037557356,0.5634905099868774,1.248478625274663,54,ppo_seed47,ppo,PPO,47
77373,intercepted,1,0,0,0,258,20,10.0,238,258.0,129.0,2.896728754043579,0,1.1044415044422928,0.5300005078315735,1.1988402538057146,239,ppo_seed47,ppo,PPO,47
77374,intercepted,1,0,0,0,92,11,5.5,81,92.0,46.0,5.964540481567383,0,1.1430100304324453,1.395538091659546,1.2424182106667752,82,ppo_seed47,ppo,PPO,47
77375,intercepted,1,0,0,0,135,13,6.5,122,135.0,67.5,8.483626365661621,0,1.0520487507668936,0.5489190220832825,1.1362654280855466,123,ppo_seed47,ppo,PPO,47
77376,intercepted,1,0,0,0,43,9,4.5,34,43.0,21.5,3.249765157699585,0,1.1994720884731838,0.8647041320800781,1.310053659806942,35,ppo_seed47,ppo,PPO,47
77377,intercepted,1,0,0,0,225,12,6.0,213,225.0,112.5,9.87109661102295,0,1.1080837189872688,1.1247138977050781,1.2063059152292088,214,ppo_seed47,ppo,PPO,47
77378,soldier_caught,0,1,0,0,271,8,4.0,263,,,1.1946028470993042,0,1.1658546196466142,0.4210553467273712,1.2688702336363964,264,ppo_seed47,ppo,PPO,47
77379,intercepted,1,0,0,0,133,10,5.0,123,133.0,66.5,3.1015372276306152,0,1.1252230697822185,1.0503188371658325,1.2394117025207352,124,ppo_seed47,ppo,PPO,47
77380,intercepted,1,0,0,0,113,10,5.0,103,113.0,56.5,5.770933151245117,0,1.039366003125906,0.9131669998168945,1.1266702954155743,104,ppo_seed47,ppo,PPO,47
77381,intercepted,1,0,0,0,379,8,4.0,371,379.0,189.5,3.032209873199463,0,1.1056258817633955,0.8801838159561157,1.19976656361789,372,ppo_seed47,ppo,PPO,47
77382,intercepted,1,0,0,0,137,10,5.0,127,137.0,68.5,7.224470138549805,0,1.1725055808201432,1.6313307285308838,1.2670506748457713,128,ppo_seed47,ppo,PPO,47
77383,intercepted,1,0,0,0,54,11,5.5,43,54.0,27.0,5.150729656219482,0,1.2309275594624607,2.0221707820892334,1.3143497606796648,44,ppo_seed47,ppo,PPO,47
77384,intercepted,1,0,0,0,148,8,4.0,140,148.0,74.0,5.68005895614624,0,1.0632267740178616,1.257302165031433,1.1498088058022435,141,ppo_seed47,ppo,PPO,47
77385,intercepted,1,0,0,0,200,14,7.0,186,200.0,100.0,3.9995100498199463,0,1.12145910410081,1.6635502576828003,1.2223963757043075,187,ppo_seed47,ppo,PPO,47
77386,intercepted,1,0,0,0,199,46,23.0,153,199.0,99.5,5.879062652587891,0,1.1718338617643753,1.387984275817871,1.2827338576134162,154,ppo_seed47,ppo,PPO,47
77387,intercepted,1,0,0,0,43,12,6.0,31,43.0,21.5,10.178157806396484,0,1.2127428213134408,0.9653960466384888,1.288244703790668,32,ppo_seed47,ppo,PPO,47
77388,intercepted,1,0,0,0,234,7,3.5,227,234.0,117.0,3.0058774948120117,0,1.1411217316462283,1.0207382440567017,1.2287475811411033,228,ppo_seed47,ppo,PPO,47
77389,intercepted,1,0,0,0,425,14,7.0,411,425.0,212.5,2.4329757690429688,0,1.1277832066983853,1.6435438394546509,1.2212341084043814,412,ppo_seed47,ppo,PPO,47
77390,intercepted,1,0,0,0,46,13,6.5,33,46.0,23.0,5.707637310028076,0,1.013377353987273,1.6996006965637207,1.142928054361455,34,ppo_seed47,ppo,PPO,47
77391,intercepted,1,0,0,0,135,35,17.5,100,135.0,67.5,8.124917030334473,0,1.108737110649005,1.0451881885528564,1.2143493280828837,101,ppo_seed47,ppo,PPO,47
77392,intercepted,1,0,0,0,221,38,19.0,183,221.0,110.5,10.976353645324707,0,1.0722665690371525,1.2131049633026123,1.162973960803068,184,ppo_seed47,ppo,PPO,47
77393,soldier_caught,0,1,0,0,79,7,3.5,72,,,1.8805007934570312,0,1.0735339510114226,1.7197186946868896,1.1844221914885849,73,ppo_seed47,ppo,PPO,47
77394,intercepted,1,0,0,0,70,17,8.5,53,70.0,35.0,7.107968330383301,0,1.1041626825376794,0.9233659505844116,1.1820700465871004,54,ppo_seed47,ppo,PPO,47
77395,intercepted,1,0,0,0,13,10,5.0,3,13.0,6.5,6.802003860473633,0,1.1196593642234802,0.9890438318252563,1.124274623099637,4,ppo_seed47,ppo,PPO,47
77396,intercepted,1,0,0,0,10,8,4.0,2,10.0,5.0,5.381855487823486,0,0.9615572889645895,0.5518315434455872,1.0272252402266575,3,ppo_seed47,ppo,PPO,47
77397,intercepted,1,0,0,0,41,9,4.5,32,41.0,20.5,2.3202641010284424,0,1.2610819800333544,2.0848984718322754,1.3621526088992926,33,ppo_seed47,ppo,PPO,47
77398,intercepted,1,0,0,0,144,88,44.0,56,144.0,72.0,9.5686674118042,0,1.0963210155043686,1.8390434980392456,1.2026426414651399,57,ppo_seed47,ppo,PPO,47
77399,intercepted,1,0,0,0,40,11,5.5,29,40.0,20.0,11.936983108520508,0,1.2228847215572993,0.8060616254806519,1.3073715825714982,30,ppo_seed47,ppo,PPO,47
77400,intercepted,1,0,0,0,135,114,57.0,21,135.0,67.5,13.725341796875,0,1.0340801965106616,0.6745848059654236,1.098989652793255,22,ppo_seed47,ppo,PPO,47
77401,intercepted,1,0,0,0,124,12,6.0,112,124.0,62.0,3.871673107147217,0,1.1456290744574724,1.4014811515808105,1.2453371140488898,113,ppo_seed47,ppo,PPO,47
77402,intercepted,1,0,0,0,66,61,30.5,5,66.0,33.0,14.510486602783203,0,1.4232764840126038,1.2407113313674927,1.6458508388165933,6,ppo_seed47,ppo,PPO,47
77403,intercepted,1,0,0,0,300,72,36.0,228,300.0,150.0,7.083045482635498,0,1.1676891371282427,1.4297765493392944,1.2681668545908236,229,ppo_seed47,ppo,PPO,47
77404,intercepted,1,0,0,0,72,16,8.0,56,72.0,36.0,4.300038814544678,0,1.1685459229506945,0.45285892486572266,1.267246625110099,57,ppo_seed47,ppo,PPO,47
77405,soldier_caught,0,1,0,0,41,13,6.5,28,,,1.3398197889328003,0,1.0884441021701385,0.8481505513191223,1.2222284931156786,29,ppo_seed47,ppo,PPO,47
77406,intercepted,1,0,0,0,162,8,4.0,154,162.0,81.0,10.318202018737793,0,1.0859081427897177,0.7505316734313965,1.1725338989047975,155,ppo_seed47,ppo,PPO,47
77407,intercepted,1,0,0,0,443,12,6.0,431,443.0,221.5,3.4048352241516113,0,1.1350439012533537,1.9198540449142456,1.242810537976136,432,ppo_seed47,ppo,PPO,47
77408,soldier_caught,0,1,0,0,305,32,16.0,273,,,1.3802428245544434,0,1.0774935929607736,1.3866562843322754,1.167060311618904,274,ppo_seed47,ppo,PPO,47
77409,soldier_caught,0,1,0,0,243,10,5.0,233,,,1.8842589855194092,0,1.134724775568033,1.492721438407898,1.2388682026582767,234,ppo_seed47,ppo,PPO,47
77410,intercepted,1,0,0,0,685,7,3.5,678,685.0,342.5,4.9093708992004395,0,1.0900798570556738,1.5208854675292969,1.1866693613492783,679,ppo_seed47,ppo,PPO,47
77411,soldier_caught,0,1,0,0,176,16,8.0,160,,,1.4959607124328613,0,1.1165068727102339,1.0248558521270752,1.2134538952632525,161,ppo_seed47,ppo,PPO,47
77412,intercepted,1,0,0,0,306,9,4.5,297,306.0,153.0,2.5343310832977295,0,1.1175290794180543,0.5522609949111938,1.2050689889862585,298,ppo_seed47,ppo,PPO,47
77413,intercepted,1,0,0,0,74,36,18.0,38,74.0,37.0,10.939453125,0,1.1567090084919562,1.1510823965072632,1.2401212296401307,39,ppo_seed47,ppo,PPO,47
77414,intercepted,1,0,0,0,122,16,8.0,106,122.0,61.0,6.0766706466674805,0,1.224288501750643,1.7556272745132446,1.3046148713893542,107,ppo_seed47,ppo,PPO,47
77415,intercepted,1,0,0,0,183,9,4.5,174,183.0,91.5,11.121270179748535,0,1.1589483611924307,1.4983162879943848,1.2433405846656203,175,ppo_seed47,ppo,PPO,47
77416,soldier_caught,0,1,0,0,247,11,5.5,236,,,1.395518183708191,0,1.1717040167830663,0.4788952171802521,1.275449937862699,237,ppo_seed47,ppo,PPO,47
77417,soldier_caught,0,1,0,0,153,11,5.5,142,,,0.9250507950782776,0,1.138834216169544,0.6189934611320496,1.2544477755974144,143,ppo_seed47,ppo,PPO,47
77418,intercepted,1,0,0,0,18,9,4.5,9,18.0,9.0,9.750484466552734,0,1.0347190767526626,1.5590498447418213,1.1581527666572673,10,ppo_seed47,ppo,PPO,47
77419,soldier_caught,0,1,0,0,13,10,5.0,3,,,1.0094395875930786,0,0.9740778803825378,1.4279043674468994,1.0276063166917553,4,ppo_seed47,ppo,PPO,47
77420,intercepted,1,0,0,0,353,48,24.0,305,353.0,176.5,7.394410610198975,0,1.123575657947001,1.097779631614685,1.2161720566740428,306,ppo_seed47,ppo,PPO,47
77421,intercepted,1,0,0,0,104,10,5.0,94,104.0,52.0,4.254073619842529,0,1.131471514074426,1.4615858793258667,1.2318546841328117,95,ppo_seed47,ppo,PPO,47
77422,intercepted,1,0,0,0,93,18,9.0,75,93.0,46.5,11.170735359191895,0,1.1638274043798447,1.7950633764266968,1.2776335371970664,76,ppo_seed47,ppo,PPO,47
77423,intercepted,1,0,0,0,79,8,4.0,71,79.0,39.5,5.463320732116699,0,1.0958421435207129,0.4845450520515442,1.1934040773783412,72,ppo_seed47,ppo,PPO,47
77424,soldier_caught,0,1,0,0,169,19,9.5,150,,,1.7048275470733643,0,1.1337777035717933,1.057121992111206,1.2337086231795724,151,ppo_seed47,ppo,PPO,47
77425,intercepted,1,0,0,0,93,8,4.0,85,93.0,46.5,10.33506965637207,0,1.185326460489007,1.2597663402557373,1.2902736952273464,86,ppo_seed47,ppo,PPO,47
77426,intercepted,1,0,0,0,15,9,4.5,6,15.0,7.5,2.27752423286438,0,1.2681911204542433,1.2776907682418823,1.3694477313123723,7,ppo_seed47,ppo,PPO,47
77427,intercepted,1,0,0,0,152,11,5.5,141,152.0,76.0,7.8000969886779785,0,1.1157669945501945,0.6450486183166504,1.2042602741556863,142,ppo_seed47,ppo,PPO,47
77428,intercepted,1,0,0,0,434,10,5.0,424,434.0,217.0,3.330991506576538,0,1.0970069891039063,0.9244149923324585,1.189318472516296,425,ppo_seed47,ppo,PPO,47
77429,intercepted,1,0,0,0,15,11,5.5,4,15.0,7.5,7.0735063552856445,0,1.5148364424705505,1.6179981231689453,1.5624994157148167,5,ppo_seed47,ppo,PPO,47
77430,soldier_caught,0,1,0,0,59,17,8.5,42,,,0.9404929876327515,0,1.2271918626718743,1.2432912588119507,1.3264460967299154,43,ppo_seed47,ppo,PPO,47
77431,intercepted,1,0,0,0,133,57,28.5,76,133.0,66.5,10.304577827453613,0,1.1239263341798411,1.9687412977218628,1.2090128441915142,77,ppo_seed47,ppo,PPO,47
77432,soldier_caught,0,1,0,0,154,10,5.0,144,,,0.8043880462646484,0,1.1641533352177718,1.2275534868240356,1.2652788758333933,145,ppo_seed47,ppo,PPO,47
77433,intercepted,1,0,0,0,72,9,4.5,63,72.0,36.0,8.17387580871582,0,1.210867179557681,0.5329214334487915,1.3031184466701786,64,ppo_seed47,ppo,PPO,47
77434,intercepted,1,0,0,0,77,11,5.5,66,77.0,38.5,2.072131395339966,0,1.0810826451920752,0.7559617757797241,1.1929356668328146,67,ppo_seed47,ppo,PPO,47
77435,intercepted,1,0,0,0,612,9,4.5,603,612.0,306.0,4.518239974975586,0,1.136817215294238,0.48978403210639954,1.2313792382797124,604,ppo_seed47,ppo,PPO,47
77436,intercepted,1,0,0,0,17,13,6.5,4,17.0,8.5,5.3433051109313965,0,0.9827986121177673,1.0792312622070312,1.0093838400318544,5,ppo_seed47,ppo,PPO,47
77437,intercepted,1,0,0,0,396,12,6.0,384,396.0,198.0,2.041349411010742,0,1.1142632066042393,0.824158787727356,1.2071974507641905,385,ppo_seed47,ppo,PPO,47
77438,intercepted,1,0,0,0,15,10,5.0,5,15.0,7.5,8.673089981079102,0,0.9613999625047048,1.2731952667236328,1.041995081381902,6,ppo_seed47,ppo,PPO,47
77439,intercepted,1,0,0,0,178,10,5.0,168,178.0,89.0,3.0973916053771973,0,1.1964576048611184,1.1903295516967773,1.2774337771597195,169,ppo_seed47,ppo,PPO,47
77440,intercepted,1,0,0,0,15,9,4.5,6,15.0,7.5,8.371684074401855,0,1.2369065625326974,1.2785781621932983,1.3030842800223934,7,ppo_seed47,ppo,PPO,47
77441,intercepted,1,0,0,0,84,78,39.0,6,84.0,42.0,12.937129974365234,0,0.7731031051703862,0.9949027299880981,0.8169527913927948,7,ppo_seed47,ppo,PPO,47
77442,intercepted,1,0,0,0,19,14,7.0,5,19.0,9.5,6.3405327796936035,0,1.3362656037012737,1.1758009195327759,1.4100447766365178,6,ppo_seed47,ppo,PPO,47
77443,intercepted,1,0,0,0,163,29,14.5,134,163.0,81.5,2.0413694381713867,0,1.1020055380132463,0.7605645656585693,1.1968774887449598,135,ppo_seed47,ppo,PPO,47
77444,intercepted,1,0,0,0,10,8,4.0,2,10.0,5.0,4.332835674285889,0,1.1097001632054646,1.4349675178527832,1.1483163674644266,3,ppo_seed47,ppo,PPO,47
77445,intercepted,1,0,0,0,45,25,12.5,20,45.0,22.5,14.237521171569824,0,1.1658923909777688,0.9860718846321106,1.218713218720975,21,ppo_seed47,ppo,PPO,47
77446,soldier_caught,0,1,0,0,258,43,21.5,215,,,1.817955493927002,0,1.16362031556114,1.221350908279419,1.2648115443157044,216,ppo_seed47,ppo,PPO,47
77447,intercepted,1,0,0,0,139,18,9.0,121,139.0,69.5,2.4031901359558105,0,1.1421150508962694,1.1909898519515991,1.2327325732553747,122,ppo_seed47,ppo,PPO,47
77448,intercepted,1,0,0,0,88,9,4.5,79,88.0,44.0,9.84815788269043,0,1.1650404930114746,1.4010658264160156,1.2588656957751285,80,ppo_seed47,ppo,PPO,47
77449,intercepted,1,0,0,0,47,10,5.0,37,47.0,23.5,8.259775161743164,0,1.0560297605238462,1.0634006261825562,1.1201895842382559,38,ppo_seed47,ppo,PPO,47
77450,intercepted,1,0,0,0,304,13,6.5,291,304.0,152.0,5.055129528045654,0,1.1593326098502499,1.5285358428955078,1.2663721941070587,292,ppo_seed47,ppo,PPO,47
77451,intercepted,1,0,0,0,156,71,35.5,85,156.0,78.0,12.625149726867676,0,1.1022778867289078,0.9347065091133118,1.171164765531141,86,ppo_seed47,ppo,PPO,47
77452,intercepted,1,0,0,0,610,11,5.5,599,610.0,305.0,2.4280898571014404,0,1.1075068957358598,1.0201444625854492,1.2035372975213654,600,ppo_seed47,ppo,PPO,47
77453,intercepted,1,0,0,0,102,12,6.0,90,102.0,51.0,2.6215603351593018,0,1.1655740683877862,0.44736355543136597,1.2553068484446144,91,ppo_seed47,ppo,PPO,47
77454,intercepted,1,0,0,0,213,12,6.0,201,213.0,106.5,8.449673652648926,0,1.1780300672249038,0.465419739484787,1.2733041629255266,202,ppo_seed47,ppo,PPO,47
77455,intercepted,1,0,0,0,306,8,4.0,298,306.0,153.0,2.215568780899048,0,1.1248680219602425,1.337319254875183,1.2213301951091056,299,ppo_seed47,ppo,PPO,47
77456,intercepted,1,0,0,0,18,13,6.5,5,18.0,9.0,13.255534172058105,0,0.8695836911598841,1.41751229763031,0.9496078640785192,6,ppo_seed47,ppo,PPO,47
77457,intercepted,1,0,0,0,57,19,9.5,38,57.0,28.5,11.748784065246582,0,1.0544635844536316,0.6649217009544373,1.1572999804910293,39,ppo_seed47,ppo,PPO,47
77458,intercepted,1,0,0,0,291,10,5.0,281,291.0,145.5,2.66464900970459,0,1.0743980031486944,1.1582674980163574,1.1672241183728396,282,ppo_seed47,ppo,PPO,47
77459,intercepted,1,0,0,0,15,11,5.5,4,15.0,7.5,6.823957920074463,0,0.846539580821991,0.6990711688995361,0.8620618844962508,5,ppo_seed47,ppo,PPO,47
77460,intercepted,1,0,0,0,173,14,7.0,159,173.0,86.5,6.756349086761475,0,1.1306413803249598,1.6022138595581055,1.223326981905157,160,ppo_seed47,ppo,PPO,47
77461,soldier_caught,0,1,0,0,44,12,6.0,32,,,0.9847482442855835,0,1.1939645210901897,0.5602622032165527,1.2752050062775748,33,ppo_seed47,ppo,PPO,47
77462,intercepted,1,0,0,0,252,31,15.5,221,252.0,126.0,9.411571502685547,0,1.1642801085705157,1.0288459062576294,1.2665787791062917,222,ppo_seed47,ppo,PPO,47
77463,intercepted,1,0,0,0,15,13,6.5,2,15.0,7.5,4.521273136138916,0,1.0948499043782551,1.059651494026184,1.0966189672766553,3,ppo_seed47,ppo,PPO,47
77464,intercepted,1,0,0,0,73,13,6.5,60,73.0,36.5,7.085172176361084,0,1.2842225305369643,1.8225843906402588,1.379415879932554,61,ppo_seed47,ppo,PPO,47
77465,intercepted,1,0,0,0,57,26,13.0,31,57.0,28.5,13.898643493652344,0,1.0074693374335766,0.7545647025108337,1.0841678253571432,32,ppo_seed47,ppo,PPO,47
77466,intercepted,1,0,0,0,73,47,23.5,26,73.0,36.5,13.802474021911621,0,1.092684633202023,1.0161001682281494,1.1762564128997013,27,ppo_seed47,ppo,PPO,47
77467,intercepted,1,0,0,0,141,12,6.0,129,141.0,70.5,2.7141616344451904,0,1.1337898226884695,0.8556093573570251,1.2386478315441245,130,ppo_seed47,ppo,PPO,47
77468,intercepted,1,0,0,0,124,11,5.5,113,124.0,62.0,2.2098677158355713,0,1.169381992597329,2.6579947471618652,1.2674225500256677,114,ppo_seed47,ppo,PPO,47
77469,intercepted,1,0,0,0,27,12,6.0,15,27.0,13.5,14.09839916229248,0,1.1354656051844358,2.0817136764526367,1.224289964587534,16,ppo_seed47,ppo,PPO,47
77470,intercepted,1,0,0,0,75,21,10.5,54,75.0,37.5,10.42464542388916,0,1.160033784400333,1.422658085823059,1.2577506299760526,55,ppo_seed47,ppo,PPO,47
77471,intercepted,1,0,0,0,147,15,7.5,132,147.0,73.5,3.07633113861084,0,1.0720692228777964,0.8835511803627014,1.161684475983783,133,ppo_seed47,ppo,PPO,47
77472,intercepted,1,0,0,0,527,14,7.0,513,527.0,263.5,2.6910247802734375,0,1.12148955113577,1.0520848035812378,1.2141722881705272,514,ppo_seed47,ppo,PPO,47
77473,intercepted,1,0,0,0,305,12,6.0,293,305.0,152.5,6.160848140716553,0,1.140669795703523,1.0408036708831787,1.2279296136732434,294,ppo_seed47,ppo,PPO,47
77474,soldier_caught,0,1,0,0,203,19,9.5,184,,,0.7965622544288635,0,1.0622470738114538,1.1562213897705078,1.1559483385768905,185,ppo_seed47,ppo,PPO,47
77475,intercepted,1,0,0,0,101,9,4.5,92,101.0,50.5,9.130929946899414,0,1.1862038353117563,1.3027921915054321,1.2776090364659336,93,ppo_seed47,ppo,PPO,47
77476,soldier_caught,0,1,0,0,49,14,7.0,35,,,1.3502168655395508,0,1.124843843281269,1.3598781824111938,1.2157111563038265,36,ppo_seed47,ppo,PPO,47
77477,intercepted,1,0,0,0,37,13,6.5,24,37.0,18.5,6.427999496459961,0,1.0636264324188232,0.8754727840423584,1.1267438130621346,25,ppo_seed47,ppo,PPO,47
77478,intercepted,1,0,0,0,173,8,4.0,165,173.0,86.5,7.104795932769775,0,1.135384761111205,0.2768952548503876,1.2528067562271603,166,ppo_seed47,ppo,PPO,47
77479,intercepted,1,0,0,0,60,9,4.5,51,60.0,30.0,5.199151039123535,0,1.1674143087405424,0.46755290031433105,1.2589415282786773,52,ppo_seed47,ppo,PPO,47
77480,intercepted,1,0,0,0,177,98,49.0,79,177.0,88.5,5.574458122253418,0,1.1981055941432714,0.7411686778068542,1.28783468559187,80,ppo_seed47,ppo,PPO,47
77481,intercepted,1,0,0,0,169,83,41.5,86,169.0,84.5,6.350767612457275,0,1.0867236028800065,1.2805159091949463,1.1956376579411356,87,ppo_seed47,ppo,PPO,47
77482,unsafe_intercept,0,0,1,0,14,12,6.0,2,,,2.7606759071350098,0,1.2014867663383484,1.6265783309936523,1.243024513540012,3,ppo_seed47,ppo,PPO,47
77483,intercepted,1,0,0,0,66,31,15.5,35,66.0,33.0,8.700977325439453,0,1.269601250688235,1.133096694946289,1.3681629466048761,36,ppo_seed47,ppo,PPO,47
77484,intercepted,1,0,0,0,16,13,6.5,3,16.0,8.0,5.217143535614014,0,1.304011270403862,1.4591959714889526,1.365342728604544,4,ppo_seed47,ppo,PPO,47
77485,soldier_caught,0,1,0,0,171,71,35.5,100,,,1.2064197063446045,0,1.1113571046602608,1.722991943359375,1.2042329982269613,101,ppo_seed47,ppo,PPO,47
77486,intercepted,1,0,0,0,41,14,7.0,27,41.0,20.5,8.441267967224121,0,1.2123752108642034,1.6784248352050781,1.3243754858806354,28,ppo_seed47,ppo,PPO,47
77487,intercepted,1,0,0,0,555,48,24.0,507,555.0,277.5,2.446608781814575,0,1.0841631007446784,1.2173054218292236,1.1792922197240048,508,ppo_seed47,ppo,PPO,47
77488,intercepted,1,0,0,0,12,7,3.5,5,12.0,6.0,2.2633960247039795,0,1.474846621354421,1.1459908485412598,1.576980456214279,6,ppo_seed47,ppo,PPO,47
77489,intercepted,1,0,0,0,118,12,6.0,106,118.0,59.0,9.57199764251709,0,1.1798321175798077,0.34553268551826477,1.2860717652103226,107,ppo_seed47,ppo,PPO,47
77490,soldier_caught,0,1,0,0,117,57,28.5,60,,,0.5251106023788452,0,1.0946732090144862,1.5039492845535278,1.1822605669850088,61,ppo_seed47,ppo,PPO,47
77491,intercepted,1,0,0,0,67,10,5.0,57,67.0,33.5,6.392634391784668,0,1.132791565410022,1.7033982276916504,1.2040322657768159,58,ppo_seed47,ppo,PPO,47
77492,intercepted,1,0,0,0,284,12,6.0,272,284.0,142.0,2.42393159866333,0,1.1750635195509855,0.7213475704193115,1.2849604427137513,273,ppo_seed47,ppo,PPO,47
77493,intercepted,1,0,0,0,39,10,5.0,29,39.0,19.5,2.5105371475219727,0,1.104000527660052,1.4213467836380005,1.1889685741195133,30,ppo_seed47,ppo,PPO,47
77494,intercepted,1,0,0,0,339,10,5.0,329,339.0,169.5,2.688875675201416,0,1.193842721301498,0.1576705425977707,1.293006882233686,330,ppo_seed47,ppo,PPO,47
77495,soldier_caught,0,1,0,0,465,20,10.0,445,,,1.8334134817123413,0,1.1801342711921765,1.2227327823638916,1.283338493250317,446,ppo_seed47,ppo,PPO,47
77496,intercepted,1,0,0,0,142,62,31.0,80,142.0,71.0,11.133556365966797,0,1.1693203294718708,1.214226484298706,1.2559026505358433,81,ppo_seed47,ppo,PPO,47
77497,intercepted,1,0,0,0,50,9,4.5,41,50.0,25.0,11.55279541015625,0,1.1853405045611518,1.5805416107177734,1.2753760503924338,42,ppo_seed47,ppo,PPO,47
77498,intercepted,1,0,0,0,97,52,26.0,45,97.0,48.5,13.401920318603516,0,1.073886047238889,0.477764368057251,1.1610706126049044,46,ppo_seed47,ppo,PPO,47
77499,intercepted,1,0,0,0,88,10,5.0,78,88.0,44.0,9.726688385009766,0,1.1154646945150593,0.9221264123916626,1.2265812745706448,79,ppo_seed47,ppo,PPO,47
77500,intercepted,1,0,0,0,160,13,6.5,147,160.0,80.0,2.291361093521118,0,1.1143100319077839,1.377325177192688,1.1923976628975925,148,ppo_seed47,ppo,PPO,47
77501,intercepted,1,0,0,0,20,14,7.0,6,20.0,10.0,10.485211372375488,0,0.990095066172736,1.0989221334457397,1.0427761168761283,7,ppo_seed47,ppo,PPO,47
77502,intercepted,1,0,0,0,225,9,4.5,216,225.0,112.5,2.557171106338501,0,1.124871026741744,0.3809419870376587,1.2177068824466681,217,ppo_seed47,ppo,PPO,47
77503,intercepted,1,0,0,0,95,10,5.0,85,95.0,47.5,9.564712524414062,0,1.1379701150364654,1.146757960319519,1.2462066260250952,86,ppo_seed47,ppo,PPO,47
77504,intercepted,1,0,0,0,68,38,19.0,30,68.0,34.0,14.538290977478027,0,0.9515074611671509,0.6070454716682434,1.0664697571500792,31,ppo_seed47,ppo,PPO,47
77505,intercepted,1,0,0,0,48,12,6.0,36,48.0,24.0,3.6280174255371094,0,1.067414411821881,0.46628060936927795,1.1896973645937376,37,ppo_seed47,ppo,PPO,47
77506,intercepted,1,0,0,0,158,9,4.5,149,158.0,79.0,3.2700178623199463,0,1.0805459269881248,0.9539313912391663,1.1652960501416632,150,ppo_seed47,ppo,PPO,47
77507,intercepted,1,0,0,0,588,9,4.5,579,588.0,294.0,2.5133564472198486,0,1.1630583397016443,0.929262638092041,1.2649507283401662,580,ppo_seed47,ppo,PPO,47
77508,intercepted,1,0,0,0,150,9,4.5,141,150.0,75.0,4.187758445739746,0,1.1367835899893666,1.2096527814865112,1.232027350349363,142,ppo_seed47,ppo,PPO,47
77509,intercepted,1,0,0,0,18,8,4.0,10,18.0,9.0,8.72482681274414,0,1.2174082154577428,1.0867893695831299,1.2973325396101392,11,ppo_seed47,ppo,PPO,47
77510,intercepted,1,0,0,0,88,18,9.0,70,88.0,44.0,12.883225440979004,0,1.0440707145862176,1.2637152671813965,1.1412498081898526,71,ppo_seed47,ppo,PPO,47
77511,intercepted,1,0,0,0,75,12,6.0,63,75.0,37.5,11.307976722717285,0,1.2006894713267684,1.1126086711883545,1.275857819268989,64,ppo_seed47,ppo,PPO,47
77512,intercepted,1,0,0,0,15,11,5.5,4,15.0,7.5,6.581563949584961,0,1.1546159386634827,1.2445019483566284,1.3110626531670866,5,ppo_seed47,ppo,PPO,47
77513,intercepted,1,0,0,0,147,18,9.0,129,147.0,73.5,9.971879005432129,0,1.1095276767244706,1.1139694452285767,1.200325079429629,130,ppo_seed47,ppo,PPO,47
77514,intercepted,1,0,0,0,93,9,4.5,84,93.0,46.5,5.110123157501221,0,1.144947401565664,1.6021896600723267,1.2433609505561036,85,ppo_seed47,ppo,PPO,47
77515,intercepted,1,0,0,0,325,13,6.5,312,325.0,162.5,2.6716597080230713,0,1.121522493041552,0.3344373404979706,1.2149583520653768,313,ppo_seed47,ppo,PPO,47
77516,intercepted,1,0,0,0,631,12,6.0,619,631.0,315.5,2.1048219203948975,0,1.143093816166924,0.5735973119735718,1.2422900398728738,620,ppo_seed47,ppo,PPO,47
77517,soldier_caught,0,1,0,0,221,9,4.5,212,,,1.0060114860534668,0,1.1320923229618252,1.140946626663208,1.2206777689370536,213,ppo_seed47,ppo,PPO,47
77518,intercepted,1,0,0,0,80,12,6.0,68,80.0,40.0,11.689911842346191,0,1.12057737811752,1.8392237424850464,1.1945724585266564,69,ppo_seed47,ppo,PPO,47
77519,intercepted,1,0,0,0,286,8,4.0,278,286.0,143.0,6.531904220581055,0,1.1435597235049826,1.2509762048721313,1.2330266921584452,279,ppo_seed47,ppo,PPO,47
77520,soldier_caught,0,1,0,0,12,10,5.0,2,,,1.5796465873718262,0,1.2194030582904816,1.6791900396347046,1.3833593318846047,3,ppo_seed47,ppo,PPO,47
77521,soldier_caught,0,1,0,0,610,11,5.5,599,,,1.2553974390029907,0,1.137192962716023,1.2542064189910889,1.2308466454796032,600,ppo_seed47,ppo,PPO,47
77522,intercepted,1,0,0,0,266,9,4.5,257,266.0,133.0,7.085117816925049,0,1.1406350136380787,1.438555359840393,1.2438707170624175,258,ppo_seed47,ppo,PPO,47
77523,intercepted,1,0,0,0,121,7,3.5,114,121.0,60.5,7.390162944793701,0,1.0662514448165894,0.9971356987953186,1.1628808869578153,115,ppo_seed47,ppo,PPO,47
77524,intercepted,1,0,0,0,209,15,7.5,194,209.0,104.5,8.129637718200684,0,1.1234578327490734,0.9319010972976685,1.2212948878770946,195,ppo_seed47,ppo,PPO,47
77525,intercepted,1,0,0,0,306,12,6.0,294,306.0,153.0,4.877291202545166,0,1.1635261130787558,0.8510535359382629,1.2654266478748217,295,ppo_seed47,ppo,PPO,47
77526,soldier_caught,0,1,0,0,37,12,6.0,25,,,1.9374524354934692,0,1.0719811245799065,0.7803365588188171,1.1583288593203724,26,ppo_seed47,ppo,PPO,47
77527,intercepted,1,0,0,0,775,9,4.5,766,775.0,387.5,2.9285101890563965,0,1.1191872730754033,0.5968205332756042,1.2125994484011935,767,ppo_seed47,ppo,PPO,47
77528,intercepted,1,0,0,0,321,9,4.5,312,321.0,160.5,2.1264259815216064,0,1.1170763085825375,0.6283305287361145,1.217720931517727,313,ppo_seed47,ppo,PPO,47
77529,intercepted,1,0,0,0,78,14,7.0,64,78.0,39.0,8.414651870727539,0,1.1120345670443315,1.10271155834198,1.1871259514154437,65,ppo_seed47,ppo,PPO,47
77530,intercepted,1,0,0,0,23,13,6.5,10,23.0,11.5,7.934649467468262,0,1.156561946327036,0.9781133532524109,1.2502740296106047,11,ppo_seed47,ppo,PPO,47
77531,intercepted,1,0,0,0,97,13,6.5,84,97.0,48.5,2.7870635986328125,0,1.1262574038084816,0.5391250848770142,1.2166926754082186,85,ppo_seed47,ppo,PPO,47
77532,intercepted,1,0,0,0,63,14,7.0,49,63.0,31.5,9.902909278869629,0,1.1316172856092452,1.9585061073303223,1.1923641695443405,50,ppo_seed47,ppo,PPO,47
77533,intercepted,1,0,0,0,121,8,4.0,113,121.0,60.5,11.616537094116211,0,1.1971477270126343,0.5080434083938599,1.2915702440140686,114,ppo_seed47,ppo,PPO,47
77534,intercepted,1,0,0,0,66,8,4.0,58,66.0,33.0,4.083168029785156,0,1.0720450294724966,0.4953131675720215,1.1539411211303066,59,ppo_seed47,ppo,PPO,47
77535,intercepted,1,0,0,0,888,25,12.5,863,888.0,444.0,2.1332290172576904,0,1.131676968238834,1.1374175548553467,1.23184228024155,864,ppo_seed47,ppo,PPO,47
77536,intercepted,1,0,0,0,283,9,4.5,274,283.0,141.5,3.231997489929199,0,1.1380733533339067,0.4119322597980499,1.2320137807863605,275,ppo_seed47,ppo,PPO,47
77537,intercepted,1,0,0,0,376,15,7.5,361,376.0,188.0,2.0583133697509766,0,1.102454856367401,0.8469434380531311,1.2097480856192324,362,ppo_seed47,ppo,PPO,47
77538,intercepted,1,0,0,0,58,9,4.5,49,58.0,29.0,12.573295593261719,0,1.1585122013092042,0.8665221333503723,1.2403475590415665,50,ppo_seed47,ppo,PPO,47
77539,soldier_caught,0,1,0,0,15,12,6.0,3,,,1.9543790817260742,0,0.9487859085202217,1.2433319091796875,0.9895990982089429,4,ppo_seed47,ppo,PPO,47
77540,intercepted,1,0,0,0,159,11,5.5,148,159.0,79.5,3.035839319229126,0,1.1215672085949238,0.8642646670341492,1.2036341972802485,149,ppo_seed47,ppo,PPO,47
77541,intercepted,1,0,0,0,206,15,7.5,191,206.0,103.0,4.30900764465332,0,1.1929991252254695,1.6752196550369263,1.302380277756826,192,ppo_seed47,ppo,PPO,47
77542,intercepted,1,0,0,0,78,11,5.5,67,78.0,39.0,10.393674850463867,0,1.143111238584799,1.046838641166687,1.2492841533392487,68,ppo_seed47,ppo,PPO,47
77543,intercepted,1,0,0,0,48,12,6.0,36,48.0,24.0,9.369722366333008,0,1.0971140978304115,0.5823988318443298,1.215605938911502,37,ppo_seed47,ppo,PPO,47
77544,intercepted,1,0,0,0,175,67,33.5,108,175.0,87.5,5.217711448669434,0,1.1708601808876073,0.7684171199798584,1.2818270493031139,109,ppo_seed47,ppo,PPO,47
77545,intercepted,1,0,0,0,38,31,15.5,7,38.0,19.0,11.140829086303711,0,0.9095077589154243,0.9030671119689941,1.0009967816311125,8,ppo_seed47,ppo,PPO,47
77546,intercepted,1,0,0,0,385,10,5.0,375,385.0,192.5,3.2370336055755615,0,1.1280277250929083,0.40263107419013977,1.2333210378559591,376,ppo_seed47,ppo,PPO,47
77547,intercepted,1,0,0,0,153,9,4.5,144,153.0,76.5,7.066713809967041,0,1.1665127945357356,1.7272744178771973,1.2645706817020947,145,ppo_seed47,ppo,PPO,47
77548,intercepted,1,0,0,0,225,28,14.0,197,225.0,112.5,4.632288932800293,0,1.135347283925071,0.4856409728527069,1.2371009660691423,198,ppo_seed47,ppo,PPO,47
77549,intercepted,1,0,0,0,702,20,10.0,682,702.0,351.0,2.9342429637908936,0,1.1239294390443653,0.8304987549781799,1.2189563725643329,683,ppo_seed47,ppo,PPO,47
77550,intercepted,1,0,0,0,53,9,4.5,44,53.0,26.5,2.01606822013855,0,1.067890406317181,1.0927791595458984,1.1604673101395968,45,ppo_seed47,ppo,PPO,47
77551,intercepted,1,0,0,0,16,10,5.0,6,16.0,8.0,13.826931953430176,0,1.3051743592534746,1.8939257860183716,1.3527940240699268,7,ppo_seed47,ppo,PPO,47
77552,intercepted,1,0,0,0,32,9,4.5,23,32.0,16.0,12.556903839111328,0,1.0824241048345964,0.8897189497947693,1.1901183077231354,24,ppo_seed47,ppo,PPO,47
77553,intercepted,1,0,0,0,78,7,3.5,71,78.0,39.0,3.592926025390625,0,1.1074909845160112,1.5276600122451782,1.2050373820504472,72,ppo_seed47,ppo,PPO,47
77554,intercepted,1,0,0,0,108,32,16.0,76,108.0,54.0,3.7772216796875,0,1.1699560778094578,1.4587587118148804,1.2570724474086126,77,ppo_seed47,ppo,PPO,47
77555,intercepted,1,0,0,0,255,11,5.5,244,255.0,127.5,3.1353845596313477,0,1.1752325940801174,1.4117399454116821,1.267999505913559,245,ppo_seed47,ppo,PPO,47
77556,intercepted,1,0,0,0,35,19,9.5,16,35.0,17.5,13.880950927734375,0,0.9661559094400967,0.6757283210754395,1.0786974923530561,17,ppo_seed47,ppo,PPO,47
77557,intercepted,1,0,0,0,100,8,4.0,92,100.0,50.0,2.6022095680236816,0,1.172577436893217,0.38328272104263306,1.2787215654009227,93,ppo_seed47,ppo,PPO,47
77558,soldier_caught,0,1,0,0,44,13,6.5,31,,,1.0137431621551514,0,1.15782330930233,1.7070715427398682,1.2417888382410982,32,ppo_seed47,ppo,PPO,47
77559,intercepted,1,0,0,0,39,10,5.0,29,39.0,19.5,6.198888301849365,0,1.1664349774519602,1.1369069814682007,1.2602545214805017,30,ppo_seed47,ppo,PPO,47
77560,soldier_caught,0,1,0,0,135,34,17.0,101,,,1.8689203262329102,0,1.1153984420439775,0.3007888197898865,1.2296085303261433,102,ppo_seed47,ppo,PPO,47
77561,intercepted,1,0,0,0,127,9,4.5,118,127.0,63.5,4.352262496948242,0,1.1536477104205043,0.7513390183448792,1.2493018318336988,119,ppo_seed47,ppo,PPO,47
77562,intercepted,1,0,0,0,271,20,10.0,251,271.0,135.5,2.4335103034973145,0,1.1427842080888768,1.1033803224563599,1.2489122912515354,252,ppo_seed47,ppo,PPO,47
77563,intercepted,1,0,0,0,129,12,6.0,117,129.0,64.5,3.3526291847229004,0,1.1232427623817476,1.0605597496032715,1.2263334794013385,118,ppo_seed47,ppo,PPO,47
77564,intercepted,1,0,0,0,301,32,16.0,269,301.0,150.5,10.262678146362305,0,1.1233106875861132,0.9657655954360962,1.2188704692927659,270,ppo_seed47,ppo,PPO,47
77565,intercepted,1,0,0,0,37,10,5.0,27,37.0,18.5,11.059209823608398,0,1.3774926832744054,1.7345341444015503,1.4592436563911682,28,ppo_seed47,ppo,PPO,47
77566,soldier_caught,0,1,0,0,17,15,7.5,2,,,1.3914600610733032,0,1.0996432801087697,0.4959944784641266,1.1955814214948988,3,ppo_seed47,ppo,PPO,47
77567,intercepted,1,0,0,0,19,13,6.5,6,19.0,9.5,5.796590805053711,0,1.100114413670131,1.9804267883300781,1.2496530589401547,7,ppo_seed47,ppo,PPO,47
77568,intercepted,1,0,0,0,18,11,5.5,7,18.0,9.0,14.519393920898438,0,0.8672439120709896,1.2308379411697388,0.936404707931853,8,ppo_seed47,ppo,PPO,47
77569,intercepted,1,0,0,0,159,10,5.0,149,159.0,79.5,3.0568461418151855,0,1.1419935617844263,1.915663480758667,1.2369923066996136,150,ppo_seed47,ppo,PPO,47
77570,intercepted,1,0,0,0,992,11,5.5,981,992.0,496.0,2.831467866897583,0,1.1014034159276673,1.4202979803085327,1.200729637650031,982,ppo_seed47,ppo,PPO,47
77571,intercepted,1,0,0,0,19,13,6.5,6,19.0,9.5,12.601258277893066,0,0.7421384028026036,1.1752365827560425,0.8359642403837081,7,ppo_seed47,ppo,PPO,47
77572,intercepted,1,0,0,0,159,58,29.0,101,159.0,79.5,10.700356483459473,0,1.0965478835152644,0.4258914291858673,1.1760599885626775,102,ppo_seed47,ppo,PPO,47
77573,intercepted,1,0,0,0,52,10,5.0,42,52.0,26.0,8.86972713470459,0,1.1206846379263455,0.5152743458747864,1.226409042374719,43,ppo_seed47,ppo,PPO,47
77574,intercepted,1,0,0,0,1254,12,6.0,1242,1254.0,627.0,2.3711278438568115,0,1.1412450017397047,1.4435747861862183,1.2356696264559437,1243,ppo_seed47,ppo,PPO,47
77575,intercepted,1,0,0,0,208,40,20.0,168,208.0,104.0,2.215773105621338,0,1.106790002501575,0.67291659116745,1.1928610415898229,169,ppo_seed47,ppo,PPO,47
77576,intercepted,1,0,0,0,33,8,4.0,25,33.0,16.5,7.487354278564453,0,0.9517512023448944,1.0646052360534668,1.0482140025180982,26,ppo_seed47,ppo,PPO,47
77577,intercepted,1,0,0,0,183,9,4.5,174,183.0,91.5,5.315230846405029,0,1.14841394671372,1.1503698825836182,1.2461076186557807,175,ppo_seed47,ppo,PPO,47
77578,intercepted,1,0,0,0,142,9,4.5,133,142.0,71.0,9.677531242370605,0,1.0842805053315945,1.2784243822097778,1.1700874683761378,134,ppo_seed47,ppo,PPO,47
77579,intercepted,1,0,0,0,91,16,8.0,75,91.0,45.5,3.8117339611053467,0,1.1886756596596617,0.30375146865844727,1.2862607747202026,76,ppo_seed47,ppo,PPO,47
77580,intercepted,1,0,0,0,10,8,4.0,2,10.0,5.0,4.675817012786865,0,1.6125587026278179,1.8225672245025635,1.7042696024078607,3,ppo_seed47,ppo,PPO,47
77581,intercepted,1,0,0,0,34,9,4.5,25,34.0,17.0,5.746550559997559,0,1.1900050365007842,1.587799072265625,1.2476982742815652,26,ppo_seed47,ppo,PPO,47
77582,soldier_caught,0,1,0,0,128,30,15.0,98,,,1.8002818822860718,0,1.1055986041372472,1.0279262065887451,1.2068462350048919,99,ppo_seed47,ppo,PPO,47
77583,intercepted,1,0,0,0,404,22,11.0,382,404.0,202.0,4.434711933135986,0,1.1334548564165752,1.3723989725112915,1.237912007835177,383,ppo_seed47,ppo,PPO,47
77584,soldier_caught,0,1,0,0,292,10,5.0,282,,,1.9441697597503662,0,1.0944317324159423,1.476169228553772,1.180056042757631,283,ppo_seed47,ppo,PPO,47
77585,intercepted,1,0,0,0,106,14,7.0,92,106.0,53.0,4.202714920043945,0,1.1089244156434972,1.6425753831863403,1.2026456070298919,93,ppo_seed47,ppo,PPO,47
77586,intercepted,1,0,0,0,76,9,4.5,67,76.0,38.0,5.947589874267578,0,1.0279485473737997,0.7479584217071533,1.1384668711518724,68,ppo_seed47,ppo,PPO,47
77587,intercepted,1,0,0,0,14,9,4.5,5,14.0,7.0,5.040818214416504,0,0.9564963032801946,1.8613694906234741,1.110034492096207,6,ppo_seed47,ppo,PPO,47
77588,intercepted,1,0,0,0,207,11,5.5,196,207.0,103.5,4.145107269287109,0,1.1776149282751955,0.7717915773391724,1.2689211763627974,197,ppo_seed47,ppo,PPO,47
77589,intercepted,1,0,0,0,415,18,9.0,397,415.0,207.5,3.698591470718384,0,1.1065736695300394,1.3232810497283936,1.1965205718791936,398,ppo_seed47,ppo,PPO,47
77590,soldier_caught,0,1,0,0,136,11,5.5,125,,,1.3213903903961182,0,1.166988170099637,0.3841208517551422,1.2803627574725744,126,ppo_seed47,ppo,PPO,47
77591,unsafe_intercept,0,0,1,0,10,8,4.0,2,,,2.473402738571167,0,1.9596473177274067,0.8207337260246277,2.1189010557936574,3,ppo_seed47,ppo,PPO,47
77592,intercepted,1,0,0,0,92,51,25.5,41,92.0,46.0,11.725412368774414,0,1.1957386508584023,0.9538993239402771,1.2950396463024538,42,ppo_seed47,ppo,PPO,47
77593,intercepted,1,0,0,0,178,11,5.5,167,178.0,89.0,2.2199864387512207,0,1.086544346685211,1.3203898668289185,1.173097817924175,168,ppo_seed47,ppo,PPO,47
77594,intercepted,1,0,0,0,41,9,4.5,32,41.0,20.5,2.3731398582458496,0,1.2442340390248732,1.372156023979187,1.3477782281184707,33,ppo_seed47,ppo,PPO,47
77595,intercepted,1,0,0,0,68,10,5.0,58,68.0,34.0,4.098895072937012,0,1.2056870324126745,0.3675365447998047,1.33463744839047,59,ppo_seed47,ppo,PPO,47
77596,intercepted,1,0,0,0,132,38,19.0,94,132.0,66.0,11.148698806762695,0,1.119385796942209,1.3644742965698242,1.2164936015775936,95,ppo_seed47,ppo,PPO,47
77597,intercepted,1,0,0,0,13,10,5.0,3,13.0,6.5,4.288005352020264,0,0.9886962175369263,0.883027195930481,0.9945759139946888,4,ppo_seed47,ppo,PPO,47
77598,soldier_caught,0,1,0,0,430,72,36.0,358,,,1.478440523147583,0,1.147930472674144,0.9456692934036255,1.2429953749363438,359,ppo_seed47,ppo,PPO,47
77599,intercepted,1,0,0,0,48,14,7.0,34,48.0,24.0,7.328065872192383,0,0.9877987921237945,0.7928063273429871,1.0579102898696957,35,ppo_seed47,ppo,PPO,47
77600,intercepted,1,0,0,0,111,40,20.0,71,111.0,55.5,8.751060485839844,0,1.1181422885921266,1.644838809967041,1.1967340063527168,72,ppo_seed47,ppo,PPO,47
77601,intercepted,1,0,0,0,19,16,8.0,3,19.0,9.5,5.949849605560303,0,1.8847732096910477,1.8097065687179565,1.9807483038628353,4,ppo_seed47,ppo,PPO,47
77602,intercepted,1,0,0,0,94,27,13.5,67,94.0,47.0,11.751713752746582,0,1.1314837577588417,1.0157971382141113,1.2287125940174184,68,ppo_seed47,ppo,PPO,47
77603,intercepted,1,0,0,0,44,9,4.5,35,44.0,22.0,6.997416019439697,0,1.0970849899782076,1.1169410943984985,1.1652741101487334,36,ppo_seed47,ppo,PPO,47
77604,intercepted,1,0,0,0,549,31,15.5,518,549.0,274.5,2.9468939304351807,0,1.124123032784416,0.827759325504303,1.2333218983687733,519,ppo_seed47,ppo,PPO,47
77605,intercepted,1,0,0,0,52,45,22.5,7,52.0,26.0,14.066821098327637,0,1.1834294572472572,1.200110673904419,1.2721545054644299,8,ppo_seed47,ppo,PPO,47
77606,soldier_caught,0,1,0,0,65,11,5.5,54,,,1.9494848251342773,0,1.0907362824136562,1.0322017669677734,1.1953827183775902,55,ppo_seed47,ppo,PPO,47
77607,soldier_caught,0,1,0,0,103,9,4.5,94,,,1.3264539241790771,0,1.0598635993505778,0.5776657462120056,1.1758011398740362,95,ppo_seed47,ppo,PPO,47
77608,intercepted,1,0,0,0,239,10,5.0,229,239.0,119.5,5.969797611236572,0,1.1757068078155104,2.0549986362457275,1.276250451762384,230,ppo_seed47,ppo,PPO,47
77609,intercepted,1,0,0,0,354,10,5.0,344,354.0,177.0,3.6329538822174072,0,1.1661601208690284,1.6147537231445312,1.2640980370588408,345,ppo_seed47,ppo,PPO,47
77610,intercepted,1,0,0,0,61,9,4.5,52,61.0,30.5,2.939173698425293,0,1.131118819961008,1.4756826162338257,1.240306762894271,53,ppo_seed47,ppo,PPO,47
77611,intercepted,1,0,0,0,183,8,4.0,175,183.0,91.5,9.422658920288086,0,1.0904035369272937,0.898637592792511,1.1869894721330903,176,ppo_seed47,ppo,PPO,47
77612,intercepted,1,0,0,0,675,8,4.0,667,675.0,337.5,2.04618763923645,0,1.1465122613632037,1.4852054119110107,1.2411094401711151,668,ppo_seed47,ppo,PPO,47
77613,intercepted,1,0,0,0,345,8,4.0,337,345.0,172.5,6.680238246917725,0,1.1771444362207983,1.6834650039672852,1.269642320719005,338,ppo_seed47,ppo,PPO,47
77614,soldier_caught,0,1,0,0,48,21,10.5,27,,,1.7808506488800049,0,0.9952157757111958,0.7653725147247314,1.0916417495294903,28,ppo_seed47,ppo,PPO,47
77615,intercepted,1,0,0,0,129,64,32.0,65,129.0,64.5,6.33596658706665,0,1.0902796039978664,0.7183454632759094,1.1860554350047727,66,ppo_seed47,ppo,PPO,47
77616,intercepted,1,0,0,0,21,16,8.0,5,21.0,10.5,6.558924198150635,0,1.083716904123624,0.3424869477748871,1.2529347058114304,6,ppo_seed47,ppo,PPO,47
77617,intercepted,1,0,0,0,290,123,61.5,167,290.0,145.0,4.286586761474609,0,1.1159614760073877,0.9066174030303955,1.1984785218757654,168,ppo_seed47,ppo,PPO,47
77618,intercepted,1,0,0,0,237,35,17.5,202,237.0,118.5,3.486994981765747,0,1.1726716630564535,0.40883368253707886,1.2814921720228807,203,ppo_seed47,ppo,PPO,47
77619,soldier_caught,0,1,0,0,616,12,6.0,604,,,1.7779613733291626,0,1.158863390200148,1.8311998844146729,1.2656363529185872,605,ppo_seed47,ppo,PPO,47
77620,intercepted,1,0,0,0,99,8,4.0,91,99.0,49.5,4.94722318649292,0,1.1604262174147626,1.3780304193496704,1.2570441361059796,92,ppo_seed47,ppo,PPO,47
77621,soldier_caught,0,1,0,0,12,10,5.0,2,,,1.8021470308303833,0,1.2685537338256836,1.1046723127365112,1.2739103353162147,3,ppo_seed47,ppo,PPO,47
77622,intercepted,1,0,0,0,221,9,4.5,212,221.0,110.5,4.109008312225342,0,1.1477557527067517,0.9112167954444885,1.2380043142871744,213,ppo_seed47,ppo,PPO,47
77623,intercepted,1,0,0,0,146,7,3.5,139,146.0,73.0,5.329443454742432,0,1.1316853877689157,1.3777198791503906,1.2285810827316161,140,ppo_seed47,ppo,PPO,47
77624,soldier_caught,0,1,0,0,108,15,7.5,93,,,1.942392110824585,0,1.1083573219465448,1.553194522857666,1.2014423502579092,94,ppo_seed47,ppo,PPO,47
77625,intercepted,1,0,0,0,55,14,7.0,41,55.0,27.5,11.034786224365234,0,1.1138184744687307,1.759055733680725,1.1940551958899395,42,ppo_seed47,ppo,PPO,47
77626,intercepted,1,0,0,0,89,19,9.5,70,89.0,44.5,13.444487571716309,0,1.1928809881210327,1.1198945045471191,1.291683647514329,71,ppo_seed47,ppo,PPO,47
77627,intercepted,1,0,0,0,152,11,5.5,141,152.0,76.0,6.70187520980835,0,1.1369280512903777,1.396802306175232,1.2493612093351516,142,ppo_seed47,ppo,PPO,47
77628,intercepted,1,0,0,0,15,11,5.5,4,15.0,7.5,6.159404754638672,0,1.1069380044937134,1.6353917121887207,1.2323143807881214,5,ppo_seed47,ppo,PPO,47
77629,intercepted,1,0,0,0,94,24,12.0,70,94.0,47.0,9.888031959533691,0,1.1729427341004492,1.2788310050964355,1.2647587408220473,71,ppo_seed47,ppo,PPO,47
77630,intercepted,1,0,0,0,278,49,24.5,229,278.0,139.0,12.450111389160156,0,1.0885083270461664,0.47894051671028137,1.1931292248241727,230,ppo_seed47,ppo,PPO,47
77631,intercepted,1,0,0,0,89,13,6.5,76,89.0,44.5,12.933753967285156,0,1.065212720980892,0.5415967702865601,1.1699088961576098,77,ppo_seed47,ppo,PPO,47
77632,soldier_caught,0,1,0,0,333,59,29.5,274,,,1.8408818244934082,0,1.1042721764066004,0.8259020447731018,1.207888744436289,275,ppo_seed47,ppo,PPO,47
77633,intercepted,1,0,0,0,59,9,4.5,50,59.0,29.5,4.3580708503723145,0,1.30848827958107,1.3814693689346313,1.4236970460897607,51,ppo_seed47,ppo,PPO,47
77634,intercepted,1,0,0,0,90,7,3.5,83,90.0,45.0,10.43552303314209,0,1.0814214425072783,1.332369089126587,1.1600839185459757,84,ppo_seed47,ppo,PPO,47
77635,soldier_caught,0,1,0,0,325,9,4.5,316,,,0.6864392757415771,0,1.1446559692876948,0.6437804102897644,1.2449209270121777,317,ppo_seed47,ppo,PPO,47
77636,intercepted,1,0,0,0,72,14,7.0,58,72.0,36.0,12.157546997070312,0,1.100021449186034,0.5955397486686707,1.1946277292943628,59,ppo_seed47,ppo,PPO,47
77637,intercepted,1,0,0,0,112,11,5.5,101,112.0,56.0,8.170353889465332,0,1.1715906816078168,1.2946528196334839,1.23868598754148,102,ppo_seed47,ppo,PPO,47
77638,intercepted,1,0,0,0,135,11,5.5,124,135.0,67.5,2.660367488861084,0,1.144787527680397,0.7007044553756714,1.2342525763768775,125,ppo_seed47,ppo,PPO,47
77639,intercepted,1,0,0,0,61,11,5.5,50,61.0,30.5,7.987323760986328,0,1.0551668612980376,0.7214416861534119,1.1536710980422207,51,ppo_seed47,ppo,PPO,47
77640,intercepted,1,0,0,0,96,14,7.0,82,96.0,48.0,10.735350608825684,0,1.1691471388541073,1.2426847219467163,1.267428207767632,83,ppo_seed47,ppo,PPO,47
77641,intercepted,1,0,0,0,188,10,5.0,178,188.0,94.0,4.813779354095459,0,1.158038696430249,0.596361517906189,1.2461972127074903,179,ppo_seed47,ppo,PPO,47
77642,intercepted,1,0,0,0,39,11,5.5,28,39.0,19.5,13.284199714660645,0,1.1344321051548267,1.6639231443405151,1.2250668331126309,29,ppo_seed47,ppo,PPO,47
77643,intercepted,1,0,0,0,242,9,4.5,233,242.0,121.0,2.195966958999634,0,1.1009836714300845,0.8189564347267151,1.2045290215226439,234,ppo_seed47,ppo,PPO,47
77644,intercepted,1,0,0,0,125,26,13.0,99,125.0,62.5,8.848440170288086,0,1.2247705614566804,1.1922048330307007,1.3080843799353588,100,ppo_seed47,ppo,PPO,47
77645,intercepted,1,0,0,0,59,9,4.5,50,59.0,29.5,11.57229995727539,0,1.1902550359567006,0.46075424551963806,1.2704781602903579,51,ppo_seed47,ppo,PPO,47
77646,intercepted,1,0,0,0,41,10,5.0,31,41.0,20.5,2.153289318084717,0,1.0252824369817972,1.6446921825408936,1.114656708652994,32,ppo_seed47,ppo,PPO,47
77647,intercepted,1,0,0,0,375,13,6.5,362,375.0,187.5,5.138285160064697,0,1.157862482217882,2.160022497177124,1.2456245540075277,363,ppo_seed47,ppo,PPO,47
77648,intercepted,1,0,0,0,13,9,4.5,4,13.0,6.5,3.1563398838043213,0,1.0853268027305603,1.109230637550354,1.1003521297863113,5,ppo_seed47,ppo,PPO,47
77649,intercepted,1,0,0,0,17,12,6.0,5,17.0,8.5,3.142770767211914,0,1.274246076742808,1.0085599422454834,1.3760054107891664,6,ppo_seed47,ppo,PPO,47
77650,intercepted,1,0,0,0,56,11,5.5,45,56.0,28.0,12.730982780456543,0,1.060936971851017,1.240552306175232,1.1819934593993804,46,ppo_seed47,ppo,PPO,47
77651,intercepted,1,0,0,0,83,15,7.5,68,83.0,41.5,13.061307907104492,0,1.1776574711868728,1.298101544380188,1.2372862932233555,69,ppo_seed47,ppo,PPO,47
77652,soldier_caught,0,1,0,0,12,10,5.0,2,,,1.9468903541564941,0,1.0267323851585388,0.8837725520133972,1.0651569059397907,3,ppo_seed47,ppo,PPO,47
77653,intercepted,1,0,0,0,55,16,8.0,39,55.0,27.5,11.94103717803955,0,1.305433152616024,1.3989717960357666,1.3978153112941607,40,ppo_seed47,ppo,PPO,47
77654,intercepted,1,0,0,0,91,13,6.5,78,91.0,45.5,8.942401885986328,0,1.1143449743195801,2.262362480163574,1.2282543165783988,79,ppo_seed47,ppo,PPO,47
77655,intercepted,1,0,0,0,407,8,4.0,399,407.0,203.5,2.1261146068573,0,1.1182335723191499,1.6425102949142456,1.205339814452536,400,ppo_seed47,ppo,PPO,47
77656,intercepted,1,0,0,0,62,12,6.0,50,62.0,31.0,7.880136489868164,0,1.122005668925304,0.8544324636459351,1.1817714252488087,51,ppo_seed47,ppo,PPO,47
77657,intercepted,1,0,0,0,594,12,6.0,582,594.0,297.0,2.513195037841797,0,1.0980300565296544,0.8858373761177063,1.195303931549486,583,ppo_seed47,ppo,PPO,47
77658,intercepted,1,0,0,0,71,8,4.0,63,71.0,35.5,4.883137226104736,0,1.0819134791381657,1.35868239402771,1.1689402279101233,64,ppo_seed47,ppo,PPO,47
77659,intercepted,1,0,0,0,124,7,3.5,117,124.0,62.0,7.166296005249023,0,1.1311654155537234,0.7791823148727417,1.2302517313921821,118,ppo_seed47,ppo,PPO,47
77660,intercepted,1,0,0,0,83,11,5.5,72,83.0,41.5,7.204125881195068,0,1.1851442346017655,1.4178203344345093,1.2872847427005372,73,ppo_seed47,ppo,PPO,47
77661,soldier_caught,0,1,0,0,40,11,5.5,29,,,0.6483051776885986,0,1.1497869551181794,1.0516812801361084,1.2410974176456397,30,ppo_seed47,ppo,PPO,47
77662,intercepted,1,0,0,0,58,10,5.0,48,58.0,29.0,11.098634719848633,0,1.067777615116567,0.8965181708335876,1.1871896187368225,49,ppo_seed47,ppo,PPO,47
77663,intercepted,1,0,0,0,15,8,4.0,7,15.0,7.5,7.956766128540039,0,1.4207596480846405,1.4029544591903687,1.5094062358108549,8,ppo_seed47,ppo,PPO,47
77664,intercepted,1,0,0,0,13,9,4.5,4,13.0,6.5,8.492877006530762,0,0.8079261302947998,1.276780605316162,0.8638414915093809,5,ppo_seed47,ppo,PPO,47
77665,intercepted,1,0,0,0,321,20,10.0,301,321.0,160.5,4.85740852355957,0,1.1222809405121583,1.6218372583389282,1.214286816863531,302,ppo_seed47,ppo,PPO,47
77666,intercepted,1,0,0,0,93,16,8.0,77,93.0,46.5,12.604291915893555,0,1.0965292417468169,0.9234151840209961,1.1987344298180236,78,ppo_seed47,ppo,PPO,47
77667,intercepted,1,0,0,0,226,12,6.0,214,226.0,113.0,5.077219486236572,0,1.105653137176536,1.4680949449539185,1.182745133742514,215,ppo_seed47,ppo,PPO,47
77668,soldier_caught,0,1,0,0,59,13,6.5,46,,,1.9447308778762817,0,1.044893112588436,1.8784968852996826,1.1233574825730652,47,ppo_seed47,ppo,PPO,47
77669,intercepted,1,0,0,0,99,10,5.0,89,99.0,49.5,7.414865016937256,0,1.0880654820137554,1.2006843090057373,1.1771831426804273,90,ppo_seed47,ppo,PPO,47
77670,intercepted,1,0,0,0,54,9,4.5,45,54.0,27.0,14.098408699035645,0,1.190939113497734,0.8740106225013733,1.30346080857815,46,ppo_seed47,ppo,PPO,47
77671,intercepted,1,0,0,0,14,12,6.0,2,14.0,7.0,4.26974630355835,0,1.1633720993995667,1.0669361352920532,1.2173831683976748,3,ppo_seed47,ppo,PPO,47
77672,intercepted,1,0,0,0,85,30,15.0,55,85.0,42.5,2.077542781829834,0,1.1432309148034878,1.6860086917877197,1.2218177486399884,56,ppo_seed47,ppo,PPO,47
77673,soldier_caught,0,1,0,0,177,11,5.5,166,,,1.9912872314453125,0,1.1170371241733699,1.2234736680984497,1.218983115125997,167,ppo_seed47,ppo,PPO,47
77674,intercepted,1,0,0,0,361,8,4.0,353,361.0,180.5,5.347827911376953,0,1.123618777273065,0.8884125351905823,1.2062935384128175,354,ppo_seed47,ppo,PPO,47
77675,unsafe_intercept,0,0,1,0,66,13,6.5,53,,,3.444032907485962,0,1.238110386663013,1.319091796875,1.3347446911822827,54,ppo_seed47,ppo,PPO,47
77676,soldier_caught,0,1,0,0,10,8,4.0,2,,,1.8921864032745361,0,1.2782411575317383,1.6496278047561646,1.3218373717790333,3,ppo_seed47,ppo,PPO,47
77677,intercepted,1,0,0,0,199,11,5.5,188,199.0,99.5,7.93331241607666,0,1.0781939943473806,0.9041945934295654,1.1687890708591513,189,ppo_seed47,ppo,PPO,47
77678,intercepted,1,0,0,0,185,11,5.5,174,185.0,92.5,2.8260183334350586,0,1.1436555118220193,0.8950579762458801,1.2505167276940914,175,ppo_seed47,ppo,PPO,47
77679,intercepted,1,0,0,0,121,11,5.5,110,121.0,60.5,5.139869213104248,0,1.1036665142924935,1.3690464496612549,1.1911806746524702,111,ppo_seed47,ppo,PPO,47
77680,intercepted,1,0,0,0,13,9,4.5,4,13.0,6.5,7.515446662902832,0,1.085710620880127,1.0702314376831055,1.226995280599953,5,ppo_seed47,ppo,PPO,47
77681,intercepted,1,0,0,0,177,33,16.5,144,177.0,88.5,4.456780433654785,0,1.1622429584634715,0.7007058262825012,1.2627337310387963,145,ppo_seed47,ppo,PPO,47
77682,intercepted,1,0,0,0,90,11,5.5,79,90.0,45.0,11.697890281677246,0,1.2594920875504614,0.4347371757030487,1.3667521427007425,80,ppo_seed47,ppo,PPO,47
77683,intercepted,1,0,0,0,50,9,4.5,41,50.0,25.0,13.03746223449707,0,1.1022471026295708,1.0248749256134033,1.2008197676259147,42,ppo_seed47,ppo,PPO,47
77684,intercepted,1,0,0,0,12,9,4.5,3,12.0,6.0,3.6050918102264404,0,0.8390574753284454,0.7537992000579834,0.88410769246324,4,ppo_seed47,ppo,PPO,47
77685,soldier_caught,0,1,0,0,122,11,5.5,111,,,1.8132190704345703,0,1.1433144930883177,0.6102019548416138,1.2476754228913105,112,ppo_seed47,ppo,PPO,47
77686,intercepted,1,0,0,0,280,11,5.5,269,280.0,140.0,5.377350330352783,0,1.1144100605337708,1.2694065570831299,1.202926300146979,270,ppo_seed47,ppo,PPO,47
77687,intercepted,1,0,0,0,145,12,6.0,133,145.0,72.5,3.5100598335266113,0,1.1600007288046736,0.8310409784317017,1.2502411848103478,134,ppo_seed47,ppo,PPO,47
77688,intercepted,1,0,0,0,136,8,4.0,128,136.0,68.0,3.524700880050659,0,1.1226300694221674,0.9669889211654663,1.2165554337074798,129,ppo_seed47,ppo,PPO,47
77689,intercepted,1,0,0,0,62,13,6.5,49,62.0,31.0,10.326305389404297,0,1.12474226385355,0.6376713514328003,1.2368311810176744,50,ppo_seed47,ppo,PPO,47
77690,intercepted,1,0,0,0,39,12,6.0,27,39.0,19.5,5.062658786773682,0,1.165590031870774,1.7957152128219604,1.2449511557494712,28,ppo_seed47,ppo,PPO,47
77691,intercepted,1,0,0,0,235,11,5.5,224,235.0,117.5,5.253827095031738,0,1.1257341130574545,0.5791561007499695,1.2268315502085458,225,ppo_seed47,ppo,PPO,47
77692,soldier_caught,0,1,0,0,142,13,6.5,129,,,1.4804035425186157,0,1.1145401848050265,0.9306298494338989,1.210090806686757,130,ppo_seed47,ppo,PPO,47
77693,intercepted,1,0,0,0,41,11,5.5,30,41.0,20.5,6.031689167022705,0,0.9867552225628207,2.0169920921325684,1.094107022024232,31,ppo_seed47,ppo,PPO,47
77694,intercepted,1,0,0,0,432,10,5.0,422,432.0,216.0,5.811144828796387,0,1.135778751356382,1.9080930948257446,1.2265886493395872,423,ppo_seed47,ppo,PPO,47
77695,intercepted,1,0,0,0,15,9,4.5,6,15.0,7.5,9.526253700256348,0,1.3757936784199305,1.7046691179275513,1.4469941423494646,7,ppo_seed47,ppo,PPO,47
77696,intercepted,1,0,0,0,176,7,3.5,169,176.0,88.0,9.600462913513184,0,1.1106055896071827,1.1229370832443237,1.221671012526701,170,ppo_seed47,ppo,PPO,47
77697,intercepted,1,0,0,0,13,9,4.5,4,13.0,6.5,4.460158824920654,0,0.975452435016632,0.7817071676254272,0.9899258343291001,5,ppo_seed47,ppo,PPO,47
77698,intercepted,1,0,0,0,250,8,4.0,242,250.0,125.0,4.465702533721924,0,1.0872221021249953,0.7620502710342407,1.1905351256201817,243,ppo_seed47,ppo,PPO,47
77699,intercepted,1,0,0,0,82,39,19.5,43,82.0,41.0,13.200860023498535,0,1.1295127038928596,0.6541382670402527,1.2225152899879896,44,ppo_seed47,ppo,PPO,47
77700,soldier_caught,0,1,0,0,180,65,32.5,115,,,1.189805269241333,0,1.1051108445972204,0.6290386319160461,1.1889480906886813,116,ppo_seed47,ppo,PPO,47
77701,intercepted,1,0,0,0,47,16,8.0,31,47.0,23.5,12.803690910339355,0,1.1987159317359328,1.5721858739852905,1.3224804544128532,32,ppo_seed47,ppo,PPO,47
77702,intercepted,1,0,0,0,157,12,6.0,145,157.0,78.5,9.63387680053711,0,1.1545288158606177,0.6718361377716064,1.2462658849546808,146,ppo_seed47,ppo,PPO,47
77703,intercepted,1,0,0,0,37,14,7.0,23,37.0,18.5,5.834347724914551,0,1.0923858570555847,1.0074251890182495,1.1337578977986618,24,ppo_seed47,ppo,PPO,47
77704,intercepted,1,0,0,0,66,21,10.5,45,66.0,33.0,14.410581588745117,0,1.0229921337703,0.6282755136489868,1.1610858388408163,46,ppo_seed47,ppo,PPO,47
77705,intercepted,1,0,0,0,44,11,5.5,33,44.0,22.0,13.681755065917969,0,1.0764878449194573,0.6407384872436523,1.2012778843454461,34,ppo_seed47,ppo,PPO,47
77706,intercepted,1,0,0,0,395,36,18.0,359,395.0,197.5,8.227813720703125,0,1.1178376115858555,0.9847509264945984,1.2223793010612118,360,ppo_seed47,ppo,PPO,47
77707,intercepted,1,0,0,0,254,41,20.5,213,254.0,127.0,4.098089694976807,0,1.175605780471151,0.6075495481491089,1.2645668580409928,214,ppo_seed47,ppo,PPO,47
77708,intercepted,1,0,0,0,555,22,11.0,533,555.0,277.5,6.102359771728516,0,1.1412301630842105,1.0714744329452515,1.2336837985526767,534,ppo_seed47,ppo,PPO,47
77709,intercepted,1,0,0,0,427,8,4.0,419,427.0,213.5,3.1122219562530518,0,1.1392310833469743,0.9131878018379211,1.2331072014410975,420,ppo_seed47,ppo,PPO,47
77710,intercepted,1,0,0,0,63,8,4.0,55,63.0,31.5,6.082208156585693,0,1.2266952666853155,2.1164615154266357,1.3717734607475713,56,ppo_seed47,ppo,PPO,47
77711,intercepted,1,0,0,0,292,14,7.0,278,292.0,146.0,6.255342483520508,0,1.126921922235506,0.4235919415950775,1.2292809458926346,279,ppo_seed47,ppo,PPO,47
77712,intercepted,1,0,0,0,56,52,26.0,4,56.0,28.0,7.283790588378906,0,1.168786919116974,1.1011302471160889,1.222397038967153,5,ppo_seed47,ppo,PPO,47
77713,intercepted,1,0,0,0,136,9,4.5,127,136.0,68.0,2.707202672958374,0,1.1889009034493938,1.105302095413208,1.2758416740208056,128,ppo_seed47,ppo,PPO,47
77714,intercepted,1,0,0,0,15,9,4.5,6,15.0,7.5,3.585341691970825,0,0.9427590795925685,0.5218321681022644,0.9708301191277342,7,ppo_seed47,ppo,PPO,47
77715,intercepted,1,0,0,0,456,10,5.0,446,456.0,228.0,2.771040201187134,0,1.1227672203741885,1.2454488277435303,1.2169394690045257,447,ppo_seed47,ppo,PPO,47
77716,intercepted,1,0,0,0,114,18,9.0,96,114.0,57.0,3.806593418121338,0,1.1254824383049895,1.6417778730392456,1.2558971836748907,97,ppo_seed47,ppo,PPO,47
77717,intercepted,1,0,0,0,15,12,6.0,3,15.0,7.5,3.659170150756836,0,1.2606276273727417,1.6246106624603271,1.3054992881109215,4,ppo_seed47,ppo,PPO,47
77718,intercepted,1,0,0,0,81,24,12.0,57,81.0,40.5,2.358933210372925,0,1.0911964348934848,2.2701356410980225,1.1962423708870744,58,ppo_seed47,ppo,PPO,47
77719,intercepted,1,0,0,0,334,13,6.5,321,334.0,167.0,3.432706356048584,0,1.1878479529426704,0.991075873374939,1.286573101056718,322,ppo_seed47,ppo,PPO,47
77720,intercepted,1,0,0,0,122,16,8.0,106,122.0,61.0,2.177219867706299,0,1.0385233747346378,0.7390742897987366,1.097982128695154,107,ppo_seed47,ppo,PPO,47
77721,soldier_caught,0,1,0,0,144,87,43.5,57,,,0.8210136890411377,0,1.2148027055222412,1.8717724084854126,1.328242402402278,58,ppo_seed47,ppo,PPO,47
77722,soldier_caught,0,1,0,0,134,11,5.5,123,,,0.669890820980072,0,1.1530417524758847,0.6151250600814819,1.2552257349380664,124,ppo_seed47,ppo,PPO,47
77723,intercepted,1,0,0,0,93,11,5.5,82,93.0,46.5,10.076207160949707,0,1.2211095644048897,0.9961453080177307,1.3143785207526575,83,ppo_seed47,ppo,PPO,47
77724,soldier_caught,0,1,0,0,14,12,6.0,2,,,1.7639305591583252,0,0.8705174922943115,1.4306069612503052,0.9567197791895055,3,ppo_seed47,ppo,PPO,47
77725,intercepted,1,0,0,0,22,15,7.5,7,22.0,11.0,11.203181266784668,0,1.1103964447975159,0.9267759919166565,1.143025391153802,8,ppo_seed47,ppo,PPO,47
77726,intercepted,1,0,0,0,15,10,5.0,5,15.0,7.5,13.188101768493652,0,1.0166806479295094,1.5123579502105713,1.0592969272067454,6,ppo_seed47,ppo,PPO,47
77727,intercepted,1,0,0,0,101,9,4.5,92,101.0,50.5,6.024399757385254,0,1.137104130880807,1.3122470378875732,1.2213008967046475,93,ppo_seed47,ppo,PPO,47
77728,soldier_caught,0,1,0,0,86,11,5.5,75,,,1.3421111106872559,0,1.023534786936484,0.9809121489524841,1.1020408314165422,76,ppo_seed47,ppo,PPO,47
77729,soldier_caught,0,1,0,0,227,83,41.5,144,,,0.2505265176296234,0,1.1179378098711885,1.2070516347885132,1.2352747729673472,145,ppo_seed47,ppo,PPO,47
77730,intercepted,1,0,0,0,96,10,5.0,86,96.0,48.0,2.156625747680664,0,1.1402082128086308,1.3535929918289185,1.2292213143350248,87,ppo_seed47,ppo,PPO,47
77731,intercepted,1,0,0,0,291,12,6.0,279,291.0,145.5,3.216525077819824,0,1.2134564820144857,2.1101865768432617,1.3116960848620225,280,ppo_seed47,ppo,PPO,47
77732,intercepted,1,0,0,0,145,35,17.5,110,145.0,72.5,9.15832233428955,0,1.1593680631470036,1.3058288097381592,1.2353249743010986,111,ppo_seed47,ppo,PPO,47
77733,intercepted,1,0,0,0,319,10,5.0,309,319.0,159.5,2.580305337905884,0,1.1240928352359802,0.4404568076133728,1.2242592462275705,310,ppo_seed47,ppo,PPO,47
77734,intercepted,1,0,0,0,373,13,6.5,360,373.0,186.5,8.128639221191406,0,1.1262984358991943,0.7135320901870728,1.221972539823163,361,ppo_seed47,ppo,PPO,47
77735,intercepted,1,0,0,0,96,24,12.0,72,96.0,48.0,12.872407913208008,0,1.1913975489466158,0.5944393873214722,1.2922999434835,73,ppo_seed47,ppo,PPO,47
77736,intercepted,1,0,0,0,233,29,14.5,204,233.0,116.5,4.250515937805176,0,1.1340337003149636,0.9231196641921997,1.2328528924821178,205,ppo_seed47,ppo,PPO,47
77737,intercepted,1,0,0,0,126,94,47.0,32,126.0,63.0,13.190513610839844,0,1.2172646129673177,0.5879127383232117,1.3323186658457806,33,ppo_seed47,ppo,PPO,47
77738,intercepted,1,0,0,0,274,14,7.0,260,274.0,137.0,2.4432871341705322,0,1.1417545180667863,1.6313177347183228,1.2424672401660697,261,ppo_seed47,ppo,PPO,47
77739,intercepted,1,0,0,0,71,8,4.0,63,71.0,35.5,6.835079669952393,0,1.1252533034421504,1.0415068864822388,1.205341217755433,64,ppo_seed47,ppo,PPO,47
77740,intercepted,1,0,0,0,10,8,4.0,2,10.0,5.0,4.702381610870361,0,1.1800611813863118,1.024554967880249,1.1903129173402243,3,ppo_seed47,ppo,PPO,47
77741,intercepted,1,0,0,0,63,39,19.5,24,63.0,31.5,10.665916442871094,0,1.1639468216896056,1.544568657875061,1.2348426684678562,25,ppo_seed47,ppo,PPO,47
77742,intercepted,1,0,0,0,324,9,4.5,315,324.0,162.0,6.0421624183654785,0,1.1157467011362314,0.4089986979961395,1.2241799981089783,316,ppo_seed47,ppo,PPO,47
77743,soldier_caught,0,1,0,0,58,9,4.5,49,,,1.9237102270126343,0,1.2082442826032638,1.200114130973816,1.296927775320663,50,ppo_seed47,ppo,PPO,47
77744,intercepted,1,0,0,0,177,14,7.0,163,177.0,88.5,8.416101455688477,0,1.1706245584277117,1.0842221975326538,1.2667162641168597,164,ppo_seed47,ppo,PPO,47
77745,intercepted,1,0,0,0,86,8,4.0,78,86.0,43.0,8.309130668640137,0,1.1769574933414217,0.5238245129585266,1.2800070071673988,79,ppo_seed47,ppo,PPO,47
77746,intercepted,1,0,0,0,61,31,15.5,30,61.0,30.5,13.497659683227539,0,0.9976897299770386,0.740868091583252,1.104939415502444,31,ppo_seed47,ppo,PPO,47
77747,intercepted,1,0,0,0,17,9,4.5,8,17.0,8.5,11.024497985839844,0,0.8729875567886565,1.312495231628418,0.9506503607588527,9,ppo_seed47,ppo,PPO,47
77748,intercepted,1,0,0,0,869,14,7.0,855,869.0,434.5,3.178906202316284,0,1.09026387221589,0.21497976779937744,1.1871493522753382,856,ppo_seed47,ppo,PPO,47
77749,intercepted,1,0,0,0,67,13,6.5,54,67.0,33.5,4.795968055725098,0,1.1325997431169856,1.234438180923462,1.2506488129997102,55,ppo_seed47,ppo,PPO,47
77750,intercepted,1,0,0,0,16,14,7.0,2,16.0,8.0,3.6544785499572754,0,1.7812278668085735,1.752156138420105,1.7857104816250466,3,ppo_seed47,ppo,PPO,47
77751,intercepted,1,0,0,0,33,31,15.5,2,33.0,16.5,4.311282157897949,0,1.248574952284495,1.8995945453643799,1.3316029711637254,3,ppo_seed47,ppo,PPO,47
77752,intercepted,1,0,0,0,84,16,8.0,68,84.0,42.0,9.492764472961426,0,1.0602388645427814,0.9255935549736023,1.1217787164508062,69,ppo_seed47,ppo,PPO,47
77753,intercepted,1,0,0,0,264,40,20.0,224,264.0,132.0,2.520692825317383,0,1.0805812296602462,1.1065688133239746,1.1713137449783186,225,ppo_seed47,ppo,PPO,47
77754,soldier_caught,0,1,0,0,15,13,6.5,2,,,1.477508544921875,0,1.2216454148292542,1.4621433019638062,1.3145821264068787,3,ppo_seed47,ppo,PPO,47
77755,intercepted,1,0,0,0,84,15,7.5,69,84.0,42.0,11.307685852050781,0,1.202546598655837,1.662191390991211,1.3151839396027105,70,ppo_seed47,ppo,PPO,47
77756,soldier_caught,0,1,0,0,75,18,9.0,57,,,0.924420952796936,0,1.2722655473084286,1.2195544242858887,1.353914699997058,58,ppo_seed47,ppo,PPO,47
77757,soldier_caught,0,1,0,0,293,76,38.0,217,,,1.589820146560669,0,1.1750380215021448,0.9123773574829102,1.2630759518636685,218,ppo_seed47,ppo,PPO,47
77758,soldier_caught,0,1,0,0,177,23,11.5,154,,,1.4547911882400513,0,1.1318519261575515,0.9844273328781128,1.2251006867687884,155,ppo_seed47,ppo,PPO,47
77759,intercepted,1,0,0,0,63,10,5.0,53,63.0,31.5,13.836530685424805,0,1.0856056870133788,1.5860871076583862,1.1672355644036123,54,ppo_seed47,ppo,PPO,47
77760,intercepted,1,0,0,0,136,13,6.5,123,136.0,68.0,3.9428293704986572,0,1.0949435349433654,1.2015948295593262,1.1953840711618873,124,ppo_seed47,ppo,PPO,47
77761,intercepted,1,0,0,0,124,7,3.5,117,124.0,62.0,3.509434938430786,0,1.1658826924986758,1.4319669008255005,1.2624908608326657,118,ppo_seed47,ppo,PPO,47
77762,intercepted,1,0,0,0,135,10,5.0,125,135.0,67.5,5.38852596282959,0,1.0675717551438582,1.08867609500885,1.1422078666614122,126,ppo_seed47,ppo,PPO,47
77763,intercepted,1,0,0,0,131,10,5.0,121,131.0,65.5,5.5279035568237305,0,1.1373856156820157,2.0803334712982178,1.2368366349726994,122,ppo_seed47,ppo,PPO,47
77764,soldier_caught,0,1,0,0,60,14,7.0,46,,,0.9186301827430725,0,1.1351744183834562,1.4009608030319214,1.240406145089911,47,ppo_seed47,ppo,PPO,47
77765,intercepted,1,0,0,0,67,8,4.0,59,67.0,33.5,6.066867351531982,0,1.1031567506492137,0.8347123861312866,1.1750923916423464,60,ppo_seed47,ppo,PPO,47
77766,intercepted,1,0,0,0,23,16,8.0,7,23.0,11.5,14.430068969726562,0,0.9725546613335609,1.234472393989563,0.9952236542717725,8,ppo_seed47,ppo,PPO,47
77767,intercepted,1,0,0,0,168,11,5.5,157,168.0,84.0,5.40979528427124,0,1.135326392005516,1.9067704677581787,1.2535518232237643,158,ppo_seed47,ppo,PPO,47
77768,intercepted,1,0,0,0,58,36,18.0,22,58.0,29.0,14.83958911895752,0,1.1548397981602212,1.4072972536087036,1.2181434540334493,23,ppo_seed47,ppo,PPO,47
77769,intercepted,1,0,0,0,115,16,8.0,99,115.0,57.5,6.881045818328857,0,1.1309187099337579,0.7689887881278992,1.221275534093537,100,ppo_seed47,ppo,PPO,47
77770,soldier_caught,0,1,0,0,12,10,5.0,2,,,1.9635673761367798,0,1.167538046836853,1.5434738397598267,1.2158428790179017,3,ppo_seed47,ppo,PPO,47
77771,intercepted,1,0,0,0,331,9,4.5,322,331.0,165.5,4.649971008300781,0,1.1220530449144612,1.0303192138671875,1.2206691278231436,323,ppo_seed47,ppo,PPO,47
77772,intercepted,1,0,0,0,111,33,16.5,78,111.0,55.5,9.394582748413086,0,1.0396903917382034,1.2750319242477417,1.1260063169797818,79,ppo_seed47,ppo,PPO,47
77773,intercepted,1,0,0,0,311,53,26.5,258,311.0,155.5,2.8421130180358887,0,1.1301094963858946,1.83449125289917,1.2253376429365963,259,ppo_seed47,ppo,PPO,47
77774,unsafe_intercept,0,0,1,0,11,9,4.5,2,,,3.022493600845337,0,1.5507570902506511,0.42786121368408203,1.8048587334844557,3,ppo_seed47,ppo,PPO,47
77775,intercepted,1,0,0,0,73,7,3.5,66,73.0,36.5,6.741324424743652,0,1.1015049397055783,0.8307091593742371,1.2149685685724763,67,ppo_seed47,ppo,PPO,47
77776,intercepted,1,0,0,0,65,10,5.0,55,65.0,32.5,9.858768463134766,0,1.1508090043706554,1.9561727046966553,1.2238281771880575,56,ppo_seed47,ppo,PPO,47
77777,intercepted,1,0,0,0,257,41,20.5,216,257.0,128.5,6.293292045593262,0,1.0495903260216186,0.5853288173675537,1.1494324609859676,217,ppo_seed47,ppo,PPO,47
77778,intercepted,1,0,0,0,88,11,5.5,77,88.0,44.0,2.562450408935547,0,1.0943729722729096,1.1432281732559204,1.1628146595909725,78,ppo_seed47,ppo,PPO,47
77779,intercepted,1,0,0,0,17,14,7.0,3,17.0,8.5,4.895871639251709,0,1.3248326182365417,1.1964778900146484,1.3340968249077068,4,ppo_seed47,ppo,PPO,47
77780,intercepted,1,0,0,0,93,46,23.0,47,93.0,46.5,10.051057815551758,0,1.1525500249117613,1.319164514541626,1.243775904895288,48,ppo_seed47,ppo,PPO,47
77781,intercepted,1,0,0,0,36,21,10.5,15,36.0,18.0,14.451883316040039,0,1.0617192387580872,1.544043779373169,1.1157781378678997,16,ppo_seed47,ppo,PPO,47
77782,intercepted,1,0,0,0,314,9,4.5,305,314.0,157.0,2.9184622764587402,0,1.1610846959687526,1.6199380159378052,1.2489264822872759,306,ppo_seed47,ppo,PPO,47
77783,intercepted,1,0,0,0,70,15,7.5,55,70.0,35.0,14.007718086242676,0,1.0476983607347523,1.5838861465454102,1.1461919378113041,56,ppo_seed47,ppo,PPO,47
77784,soldier_caught,0,1,0,0,13,11,5.5,2,,,0.6786432266235352,0,1.560865581035614,0.9591440558433533,1.6515658816933916,3,ppo_seed47,ppo,PPO,47
77785,intercepted,1,0,0,0,260,14,7.0,246,260.0,130.0,3.8636791706085205,0,1.1315427675300282,0.9158678650856018,1.240655837931373,247,ppo_seed47,ppo,PPO,47
77786,intercepted,1,0,0,0,192,90,45.0,102,192.0,96.0,6.6251912117004395,0,1.102407879331737,1.7277096509933472,1.1855268160781711,103,ppo_seed47,ppo,PPO,47
77787,intercepted,1,0,0,0,29,22,11.0,7,29.0,14.5,11.441614151000977,0,0.9620228968560696,0.8971250653266907,1.0092422824135572,8,ppo_seed47,ppo,PPO,47
77788,intercepted,1,0,0,0,77,13,6.5,64,77.0,38.5,3.8745369911193848,0,1.0731881641424619,1.0456360578536987,1.1720426875627281,65,ppo_seed47,ppo,PPO,47
77789,soldier_caught,0,1,0,0,11,8,4.0,3,,,1.9857031106948853,0,1.1162703037261963,0.9887292981147766,1.185333104664972,4,ppo_seed47,ppo,PPO,47
77790,intercepted,1,0,0,0,386,13,6.5,373,386.0,193.0,2.3262932300567627,0,1.1632717184443524,1.6203036308288574,1.2591879688066312,374,ppo_seed47,ppo,PPO,47
77791,intercepted,1,0,0,0,161,32,16.0,129,161.0,80.5,12.33581256866455,0,1.0402144625782968,0.9098826050758362,1.1381323566149097,130,ppo_seed47,ppo,PPO,47
77792,soldier_caught,0,1,0,0,89,22,11.0,67,,,1.9716224670410156,0,1.001873505027855,0.9764565229415894,1.0986842852585295,68,ppo_seed47,ppo,PPO,47
77793,intercepted,1,0,0,0,124,9,4.5,115,124.0,62.0,4.202548027038574,0,1.0908881154168268,1.4356918334960938,1.2044478424477014,116,ppo_seed47,ppo,PPO,47
77794,intercepted,1,0,0,0,357,13,6.5,344,357.0,178.5,7.933603763580322,0,1.151013005276521,0.9053676128387451,1.2424305995395752,345,ppo_seed47,ppo,PPO,47
77795,intercepted,1,0,0,0,22,13,6.5,9,22.0,11.0,9.732078552246094,0,1.1818730592727662,0.6376739740371704,1.231935777243105,10,ppo_seed47,ppo,PPO,47
77796,intercepted,1,0,0,0,376,7,3.5,369,376.0,188.0,3.9898900985717773,0,1.1491302542187072,0.5793853402137756,1.2476984124212003,370,ppo_seed47,ppo,PPO,47
77797,intercepted,1,0,0,0,99,9,4.5,90,99.0,49.5,2.751309633255005,0,1.1779228177044418,2.2433512210845947,1.265604288073266,91,ppo_seed47,ppo,PPO,47
77798,intercepted,1,0,0,0,118,10,5.0,108,118.0,59.0,7.523903846740723,0,1.1090437641384405,0.509234607219696,1.1937180679820998,109,ppo_seed47,ppo,PPO,47
77799,intercepted,1,0,0,0,296,21,10.5,275,296.0,148.0,7.570846080780029,0,1.1237746469568515,1.4897915124893188,1.2211055041900265,276,ppo_seed47,ppo,PPO,47
77800,soldier_caught,0,1,0,0,130,57,28.5,73,,,1.8804168701171875,0,1.2220508005167987,1.7478941679000854,1.3190551191164854,74,ppo_seed47,ppo,PPO,47
77801,intercepted,1,0,0,0,24,17,8.5,7,24.0,12.0,11.217945098876953,0,0.9765756726264954,0.7984825968742371,1.0264840945658442,8,ppo_seed47,ppo,PPO,47
77802,soldier_caught,0,1,0,0,598,11,5.5,587,,,0.9955995678901672,0,1.1170423616382743,1.047940969467163,1.2226209491351931,588,ppo_seed47,ppo,PPO,47
77803,soldier_caught,0,1,0,0,32,8,4.0,24,,,1.8296161890029907,0,1.0963268780708313,1.0455193519592285,1.2018486862672713,25,ppo_seed47,ppo,PPO,47
77804,soldier_caught,0,1,0,0,168,32,16.0,136,,,1.1129672527313232,0,1.1190693642753755,0.9398881196975708,1.2251352647859155,137,ppo_seed47,ppo,PPO,47
77805,soldier_caught,0,1,0,0,230,14,7.0,216,,,1.9375938177108765,0,1.137612061085789,0.8832126259803772,1.232704077939767,217,ppo_seed47,ppo,PPO,47
77806,intercepted,1,0,0,0,351,16,8.0,335,351.0,175.5,8.335225105285645,0,1.1618415693796815,0.5953696370124817,1.2623550497224378,336,ppo_seed47,ppo,PPO,47
77807,intercepted,1,0,0,0,249,7,3.5,242,249.0,124.5,2.6135969161987305,0,1.1999601780632396,1.026652216911316,1.3097744146662218,243,ppo_seed47,ppo,PPO,47
77808,intercepted,1,0,0,0,56,7,3.5,49,56.0,28.0,6.317757606506348,0,1.1606963607668876,1.1305084228515625,1.2764141487972158,50,ppo_seed47,ppo,PPO,47
77809,soldier_caught,0,1,0,0,59,10,5.0,49,,,0.5398195385932922,0,1.0663669037818908,2.038648843765259,1.1583532242583352,50,ppo_seed47,ppo,PPO,47
77810,soldier_caught,0,1,0,0,34,8,4.0,26,,,1.7559882402420044,0,1.2289427932765749,1.5821624994277954,1.3063375460288305,27,ppo_seed47,ppo,PPO,47
77811,intercepted,1,0,0,0,120,40,20.0,80,120.0,60.0,14.779857635498047,0,1.147467976734962,0.8209048509597778,1.2652649929169597,81,ppo_seed47,ppo,PPO,47
77812,intercepted,1,0,0,0,71,16,8.0,55,71.0,35.5,2.746304988861084,0,1.1712961867451668,0.9662527441978455,1.2630787652849271,56,ppo_seed47,ppo,PPO,47
77813,intercepted,1,0,0,0,238,41,20.5,197,238.0,119.0,8.031167984008789,0,1.139662495541452,0.8527550101280212,1.2293706692469735,198,ppo_seed47,ppo,PPO,47
77814,intercepted,1,0,0,0,206,9,4.5,197,206.0,103.0,2.0805046558380127,0,1.161252455202618,1.0762263536453247,1.2586511018266666,198,ppo_seed47,ppo,PPO,47
77815,intercepted,1,0,0,0,185,11,5.5,174,185.0,92.5,5.92420768737793,0,1.0568294429779053,1.2650455236434937,1.1471212548389242,175,ppo_seed47,ppo,PPO,47
77816,intercepted,1,0,0,0,39,9,4.5,30,39.0,19.5,3.2722275257110596,0,1.232858851071327,0.42727985978126526,1.3102937359357132,31,ppo_seed47,ppo,PPO,47
77817,intercepted,1,0,0,0,220,8,4.0,212,220.0,110.0,4.37257194519043,0,1.1064515763045477,1.0934128761291504,1.2087714222394264,213,ppo_seed47,ppo,PPO,47
77818,intercepted,1,0,0,0,62,29,14.5,33,62.0,31.0,4.335233688354492,0,1.0375756709014667,0.6828780770301819,1.0999165389508245,34,ppo_seed47,ppo,PPO,47
77819,intercepted,1,0,0,0,174,14,7.0,160,174.0,87.0,9.575708389282227,0,1.1736980969120998,0.5250911712646484,1.2721680051877264,161,ppo_seed47,ppo,PPO,47
77820,intercepted,1,0,0,0,45,11,5.5,34,45.0,22.5,11.640741348266602,0,1.2988569600241524,0.7325930595397949,1.371627258390486,35,ppo_seed47,ppo,PPO,47
77821,intercepted,1,0,0,0,141,17,8.5,124,141.0,70.5,12.963118553161621,0,1.1104749385714532,1.9045730829238892,1.1982762366152901,125,ppo_seed47,ppo,PPO,47
77822,intercepted,1,0,0,0,12,8,4.0,4,12.0,6.0,3.3013916015625,0,1.0678072929382325,1.0922057628631592,1.0791235842425715,5,ppo_seed47,ppo,PPO,47
77823,intercepted,1,0,0,0,222,8,4.0,214,222.0,111.0,4.07495641708374,0,1.1837990150202153,0.5580399632453918,1.294536219732265,215,ppo_seed47,ppo,PPO,47
77824,intercepted,1,0,0,0,578,11,5.5,567,578.0,289.0,2.9151196479797363,0,1.1398825857158699,0.8339990973472595,1.2414548418390339,568,ppo_seed47,ppo,PPO,47
77825,intercepted,1,0,0,0,102,13,6.5,89,102.0,51.0,10.309882164001465,0,1.1490554418828753,0.7061330676078796,1.234038804882867,90,ppo_seed47,ppo,PPO,47
77826,soldier_caught,0,1,0,0,17,15,7.5,2,,,1.772765874862671,0,1.1914690136909485,1.4819326400756836,1.2332820813552976,3,ppo_seed47,ppo,PPO,47
77827,intercepted,1,0,0,0,307,9,4.5,298,307.0,153.5,4.30935001373291,0,1.1588985718612288,1.1537234783172607,1.2491098372273215,299,ppo_seed47,ppo,PPO,47
77828,soldier_caught,0,1,0,0,416,9,4.5,407,,,1.7920693159103394,0,1.111654422921585,1.7238682508468628,1.213480995562929,408,ppo_seed47,ppo,PPO,47
77829,soldier_caught,0,1,0,0,16,14,7.0,2,,,1.355315089225769,0,0.9781937400499979,0.6180406808853149,1.0615761863355215,3,ppo_seed47,ppo,PPO,47
77830,soldier_caught,0,1,0,0,725,65,32.5,660,,,0.8508731722831726,0,1.1232590192475225,2.1682214736938477,1.2170618653766123,661,ppo_seed47,ppo,PPO,47
77831,intercepted,1,0,0,0,82,10,5.0,72,82.0,41.0,3.193917989730835,0,1.0822857965345252,0.23619896173477173,1.1572652249543833,73,ppo_seed47,ppo,PPO,47
77832,intercepted,1,0,0,0,64,8,4.0,56,64.0,32.0,3.0696940422058105,0,1.130654774214092,1.256717324256897,1.2182791675625297,57,ppo_seed47,ppo,PPO,47
77833,intercepted,1,0,0,0,95,10,5.0,85,95.0,47.5,4.497084140777588,0,1.1015298875958421,1.345880389213562,1.2094262214261542,86,ppo_seed47,ppo,PPO,47
77834,soldier_caught,0,1,0,0,178,10,5.0,168,,,1.8386116027832031,0,1.139695865956284,0.530867338180542,1.2324121377462256,169,ppo_seed47,ppo,PPO,47
77835,soldier_caught,0,1,0,0,36,9,4.5,27,,,0.37202417850494385,0,1.0901608754481589,0.36082038283348083,1.1979951321149376,28,ppo_seed47,ppo,PPO,47
77836,intercepted,1,0,0,0,15,8,4.0,7,15.0,7.5,3.0561397075653076,0,1.3346840590238571,1.0252459049224854,1.3629544035861192,8,ppo_seed47,ppo,PPO,47
77837,soldier_caught,0,1,0,0,339,12,6.0,327,,,1.782795786857605,0,1.1676710431532162,0.5165147185325623,1.2665938068241003,328,ppo_seed47,ppo,PPO,47
77838,soldier_caught,0,1,0,0,33,9,4.5,24,,,0.78033846616745,0,1.1491798079013824,0.4516734182834625,1.2348734815166766,25,ppo_seed47,ppo,PPO,47
77839,intercepted,1,0,0,0,140,9,4.5,131,140.0,70.0,12.046675682067871,0,1.1578417240896008,1.3008285760879517,1.2487427347178517,132,ppo_seed47,ppo,PPO,47
77840,intercepted,1,0,0,0,349,17,8.5,332,349.0,174.5,9.985382080078125,0,1.1207798024466087,1.0405714511871338,1.2138118111239597,333,ppo_seed47,ppo,PPO,47
77841,intercepted,1,0,0,0,323,16,8.0,307,323.0,161.5,2.2050728797912598,0,1.1323340786741924,1.1973164081573486,1.224425146576892,308,ppo_seed47,ppo,PPO,47
77842,intercepted,1,0,0,0,58,9,4.5,49,58.0,29.0,7.684354782104492,0,0.9762870645523072,0.34559890627861023,1.0403218850512759,50,ppo_seed47,ppo,PPO,47
77843,intercepted,1,0,0,0,393,99,49.5,294,393.0,196.5,11.08194637298584,0,1.156636020894778,1.1356201171875,1.2618740515721218,295,ppo_seed47,ppo,PPO,47
77844,intercepted,1,0,0,0,131,9,4.5,122,131.0,65.5,4.694132328033447,0,1.0849757859619653,1.3754849433898926,1.1876878566967155,123,ppo_seed47,ppo,PPO,47
77845,intercepted,1,0,0,0,186,14,7.0,172,186.0,93.0,10.789719581604004,0,1.1600635604706804,1.8676018714904785,1.2504081667861562,173,ppo_seed47,ppo,PPO,47
77846,intercepted,1,0,0,0,399,9,4.5,390,399.0,199.5,5.132824897766113,0,1.1438445868089682,0.5532991886138916,1.2362437296062703,391,ppo_seed47,ppo,PPO,47
77847,intercepted,1,0,0,0,84,59,29.5,25,84.0,42.0,9.79894733428955,0,1.0810034710627336,1.6501020193099976,1.1583255198751572,26,ppo_seed47,ppo,PPO,47
77848,intercepted,1,0,0,0,385,28,14.0,357,385.0,192.5,2.132195234298706,0,1.1200074938089488,1.0218063592910767,1.2021631016153338,358,ppo_seed47,ppo,PPO,47
77849,intercepted,1,0,0,0,65,11,5.5,54,65.0,32.5,5.201939582824707,0,1.2124855290759693,2.183741331100464,1.3174181781548207,55,ppo_seed47,ppo,PPO,47
77850,intercepted,1,0,0,0,230,30,15.0,200,230.0,115.0,7.200643539428711,0,1.1087453114007837,0.9789705872535706,1.1962599992818033,201,ppo_seed47,ppo,PPO,47
77851,intercepted,1,0,0,0,22,8,4.0,14,22.0,11.0,10.902450561523438,0,1.0372633953889212,0.9632137417793274,1.1642600122064395,15,ppo_seed47,ppo,PPO,47
77852,intercepted,1,0,0,0,39,13,6.5,26,39.0,19.5,7.674164772033691,0,1.1943205021045826,1.605023741722107,1.2472892416344117,27,ppo_seed47,ppo,PPO,47
77853,soldier_caught,0,1,0,0,266,10,5.0,256,,,1.4894250631332397,0,1.124621397790278,1.263980507850647,1.2115222793089317,257,ppo_seed47,ppo,PPO,47
77854,intercepted,1,0,0,0,41,11,5.5,30,41.0,20.5,7.013806343078613,0,1.2261739176127218,1.1413829326629639,1.3141419858204832,31,ppo_seed47,ppo,PPO,47
77855,intercepted,1,0,0,0,20,17,8.5,3,20.0,10.0,3.331526517868042,0,0.9347089231014252,0.7346448302268982,0.9621994989964817,4,ppo_seed47,ppo,PPO,47
77856,intercepted,1,0,0,0,13,8,4.0,5,13.0,6.5,2.7923166751861572,0,1.1511121541261673,1.2701916694641113,1.2644626256190319,6,ppo_seed47,ppo,PPO,47
77857,intercepted,1,0,0,0,204,9,4.5,195,204.0,102.0,2.0696723461151123,0,1.1409413336339045,1.113381266593933,1.232868477248818,196,ppo_seed47,ppo,PPO,47
77858,intercepted,1,0,0,0,78,10,5.0,68,78.0,39.0,5.764350891113281,0,0.9936691675929056,0.48303693532943726,1.1045823604990248,69,ppo_seed47,ppo,PPO,47
77859,intercepted,1,0,0,0,72,11,5.5,61,72.0,36.0,10.69679069519043,0,1.1032872538893455,1.314659833908081,1.2093247759868289,62,ppo_seed47,ppo,PPO,47
77860,soldier_caught,0,1,0,0,436,9,4.5,427,,,1.0986049175262451,0,1.1289208887719384,0.5915886759757996,1.2214578082802974,428,ppo_seed47,ppo,PPO,47
77861,intercepted,1,0,0,0,60,14,7.0,46,60.0,30.0,12.119930267333984,0,1.12184428788246,1.076912760734558,1.2300009562891985,47,ppo_seed47,ppo,PPO,47
77862,soldier_caught,0,1,0,0,239,16,8.0,223,,,0.8548063039779663,0,1.080397994590125,1.0195766687393188,1.168111735336311,224,ppo_seed47,ppo,PPO,47
77863,intercepted,1,0,0,0,45,15,7.5,30,45.0,22.5,9.825161933898926,0,1.0627897804783237,1.5754622220993042,1.1231783848882813,31,ppo_seed47,ppo,PPO,47
77864,intercepted,1,0,0,0,189,9,4.5,180,189.0,94.5,2.0484135150909424,0,1.127772627532153,1.548460602760315,1.229951643478754,181,ppo_seed47,ppo,PPO,47
77865,intercepted,1,0,0,0,145,27,13.5,118,145.0,72.5,10.356841087341309,0,1.1620396275480254,0.5513627529144287,1.2681885027803543,119,ppo_seed47,ppo,PPO,47
77866,intercepted,1,0,0,0,35,30,15.0,5,35.0,17.5,9.0986328125,0,1.0330374464392662,1.493213176727295,1.125068129522039,6,ppo_seed47,ppo,PPO,47
77867,intercepted,1,0,0,0,38,14,7.0,24,38.0,19.0,11.068256378173828,0,1.222119575738907,1.0136786699295044,1.3215120486363718,25,ppo_seed47,ppo,PPO,47
77868,intercepted,1,0,0,0,63,10,5.0,53,63.0,31.5,5.071004390716553,0,1.1216483309313103,2.2022829055786133,1.209280598264626,54,ppo_seed47,ppo,PPO,47
77869,intercepted,1,0,0,0,91,34,17.0,57,91.0,45.5,14.968035697937012,0,1.1908914757699802,0.9309062361717224,1.271016396481687,58,ppo_seed47,ppo,PPO,47
77870,intercepted,1,0,0,0,18,14,7.0,4,18.0,9.0,6.0092878341674805,0,0.9578452467918396,0.7590717673301697,1.093070114485915,5,ppo_seed47,ppo,PPO,47
77871,intercepted,1,0,0,0,61,9,4.5,52,61.0,30.5,13.276693344116211,0,1.1048628822812494,0.8144964575767517,1.2054225441524822,53,ppo_seed47,ppo,PPO,47
77872,intercepted,1,0,0,0,16,10,5.0,6,16.0,8.0,9.634995460510254,0,1.320449880191258,2.1552071571350098,1.3912957542015771,7,ppo_seed47,ppo,PPO,47
77873,intercepted,1,0,0,0,202,9,4.5,193,202.0,101.0,7.539755344390869,0,1.1699391257056255,1.0722582340240479,1.2564208633968,194,ppo_seed47,ppo,PPO,47
77874,intercepted,1,0,0,0,33,9,4.5,24,33.0,16.5,7.114205837249756,0,1.1687245678901672,0.9294857382774353,1.258048509869583,25,ppo_seed47,ppo,PPO,47
77875,intercepted,1,0,0,0,176,11,5.5,165,176.0,88.0,3.9486238956451416,0,1.1002881915633937,1.5740935802459717,1.181875335394114,166,ppo_seed47,ppo,PPO,47
77876,intercepted,1,0,0,0,68,14,7.0,54,68.0,34.0,11.818503379821777,0,1.162134417349642,1.5147154331207275,1.281547010509234,55,ppo_seed47,ppo,PPO,47
77877,intercepted,1,0,0,0,613,20,10.0,593,613.0,306.5,2.8125052452087402,0,1.1303290886810733,1.1027158498764038,1.2297828097103525,594,ppo_seed47,ppo,PPO,47
77878,intercepted,1,0,0,0,175,17,8.5,158,175.0,87.5,6.049546241760254,0,1.0904889332610856,1.732208251953125,1.1870716941822586,159,ppo_seed47,ppo,PPO,47
77879,intercepted,1,0,0,0,224,9,4.5,215,224.0,112.0,4.654098033905029,0,1.1629034336656332,1.0883885622024536,1.268575008111295,216,ppo_seed47,ppo,PPO,47
77880,intercepted,1,0,0,0,63,9,4.5,54,63.0,31.5,7.2486467361450195,0,0.9977579604495656,0.21522444486618042,1.0952631924809288,55,ppo_seed47,ppo,PPO,47
77881,intercepted,1,0,0,0,330,8,4.0,322,330.0,165.0,2.0411417484283447,0,1.155909569086305,0.2837652862071991,1.245728673647511,323,ppo_seed47,ppo,PPO,47
77882,intercepted,1,0,0,0,252,11,5.5,241,252.0,126.0,2.3043417930603027,0,1.1074052041719769,2.673163414001465,1.2063712631550527,242,ppo_seed47,ppo,PPO,47
77883,intercepted,1,0,0,0,985,10,5.0,975,985.0,492.5,2.08811354637146,0,1.1145820303507088,0.5256830453872681,1.2101293342851536,976,ppo_seed47,ppo,PPO,47
77884,intercepted,1,0,0,0,22,19,9.5,3,22.0,11.0,4.043890953063965,0,1.5953145623207092,1.2443196773529053,1.6174211205127544,4,ppo_seed47,ppo,PPO,47
77885,intercepted,1,0,0,0,127,74,37.0,53,127.0,63.5,9.029932975769043,0,1.1297667950943664,1.5992590188980103,1.226651544414703,54,ppo_seed47,ppo,PPO,47
77886,intercepted,1,0,0,0,95,10,5.0,85,95.0,47.5,2.120483636856079,0,1.0923366040684457,2.458118438720703,1.206341976349738,86,ppo_seed47,ppo,PPO,47
77887,intercepted,1,0,0,0,153,10,5.0,143,153.0,76.5,2.4408767223358154,0,1.2164434898230765,1.124366044998169,1.313551460438527,144,ppo_seed47,ppo,PPO,47
77888,soldier_caught,0,1,0,0,123,12,6.0,111,,,0.717718780040741,0,1.0475355012874519,0.5079426169395447,1.1568488829157662,112,ppo_seed47,ppo,PPO,47
77889,soldier_caught,0,1,0,0,646,9,4.5,637,,,1.806213617324829,0,1.157472993851549,1.3739709854125977,1.2537848442166974,638,ppo_seed47,ppo,PPO,47
77890,intercepted,1,0,0,0,685,10,5.0,675,685.0,342.5,2.4009621143341064,0,1.118637596719937,1.2159509658813477,1.2142210428016393,676,ppo_seed47,ppo,PPO,47
77891,intercepted,1,0,0,0,15,11,5.5,4,15.0,7.5,3.8163628578186035,0,1.053208166360855,0.5765764117240906,1.149238753813982,5,ppo_seed47,ppo,PPO,47
77892,intercepted,1,0,0,0,495,12,6.0,483,495.0,247.5,2.1943140029907227,0,1.1462010567592196,1.3500070571899414,1.2405678680566539,484,ppo_seed47,ppo,PPO,47
77893,soldier_caught,0,1,0,0,349,66,33.0,283,,,1.104650855064392,0,1.11004949355839,1.5981680154800415,1.2100871402395865,284,ppo_seed47,ppo,PPO,47
77894,intercepted,1,0,0,0,233,83,41.5,150,233.0,116.5,8.809953689575195,0,1.1581639369197239,1.6655360460281372,1.2476906396655076,151,ppo_seed47,ppo,PPO,47
77895,intercepted,1,0,0,0,134,9,4.5,125,134.0,67.0,2.135338306427002,0,1.1567029353408587,2.2011823654174805,1.250221013079279,126,ppo_seed47,ppo,PPO,47
77896,soldier_caught,0,1,0,0,174,9,4.5,165,,,1.8629156351089478,0,1.147252805531025,1.8872510194778442,1.2313322338212402,166,ppo_seed47,ppo,PPO,47
77897,intercepted,1,0,0,0,63,9,4.5,54,63.0,31.5,12.4006986618042,0,1.2322751657529312,1.2263423204421997,1.3196421444277633,55,ppo_seed47,ppo,PPO,47
77898,soldier_caught,0,1,0,0,13,10,5.0,3,,,1.2473129034042358,0,0.9598641553893685,0.5278228521347046,1.1954729364710792,4,ppo_seed47,ppo,PPO,47
77899,intercepted,1,0,0,0,74,12,6.0,62,74.0,37.0,8.927943229675293,0,1.1245236250143202,1.5280171632766724,1.2156173364326464,63,ppo_seed47,ppo,PPO,47
77900,intercepted,1,0,0,0,51,15,7.5,36,51.0,25.5,6.936437606811523,0,1.0000880288111198,0.803722083568573,1.1271168635430404,37,ppo_seed47,ppo,PPO,47
77901,intercepted,1,0,0,0,106,8,4.0,98,106.0,53.0,3.588632583618164,0,1.153248211350104,0.671065628528595,1.2497732350598814,99,ppo_seed47,ppo,PPO,47
77902,intercepted,1,0,0,0,17,13,6.5,4,17.0,8.5,9.97402286529541,0,1.0613626420497895,2.541748046875,1.3064316699319531,5,ppo_seed47,ppo,PPO,47
77903,intercepted,1,0,0,0,15,10,5.0,5,15.0,7.5,6.028355121612549,0,1.2817898591359456,0.7663925886154175,1.3280618321130901,6,ppo_seed47,ppo,PPO,47
77904,intercepted,1,0,0,0,129,10,5.0,119,129.0,64.5,5.672664642333984,0,1.1122343629598617,0.8265812993049622,1.2099839622732858,120,ppo_seed47,ppo,PPO,47
77905,intercepted,1,0,0,0,395,11,5.5,384,395.0,197.5,2.886270523071289,0,1.1087670995430512,0.9486260414123535,1.1952943993502054,385,ppo_seed47,ppo,PPO,47
77906,intercepted,1,0,0,0,12,9,4.5,3,12.0,6.0,3.367791175842285,0,1.236030101776123,1.5190740823745728,1.4783729133657468,4,ppo_seed47,ppo,PPO,47
77907,intercepted,1,0,0,0,358,59,29.5,299,358.0,179.0,5.562708854675293,0,1.1095244558155537,1.4596518278121948,1.2063301031899265,300,ppo_seed47,ppo,PPO,47
77908,soldier_caught,0,1,0,0,15,12,6.0,3,,,0.743221640586853,0,1.0189380794763565,0.39535844326019287,1.1106427994743262,4,ppo_seed47,ppo,PPO,47
77909,soldier_caught,0,1,0,0,212,9,4.5,203,,,1.9991979598999023,0,1.1422032066712193,1.3238495588302612,1.2444222642377107,204,ppo_seed47,ppo,PPO,47
77910,intercepted,1,0,0,0,158,13,6.5,145,158.0,79.0,2.7764689922332764,0,1.1130115664372706,1.1710121631622314,1.2162000614746566,146,ppo_seed47,ppo,PPO,47
77911,soldier_caught,0,1,0,0,36,11,5.5,25,,,1.8016389608383179,0,1.257087067915843,1.2571274042129517,1.3173824125073983,26,ppo_seed47,ppo,PPO,47
77912,intercepted,1,0,0,0,58,12,6.0,46,58.0,29.0,11.319185256958008,0,1.2741657235520951,1.457019329071045,1.3477434695844652,47,ppo_seed47,ppo,PPO,47
77913,intercepted,1,0,0,0,114,108,54.0,6,114.0,57.0,13.03857707977295,0,1.182637436049325,0.7924819588661194,1.2612243073128229,7,ppo_seed47,ppo,PPO,47
77914,intercepted,1,0,0,0,37,10,5.0,27,37.0,18.5,11.855485916137695,0,1.0428103474634034,1.1296619176864624,1.1147240240880094,28,ppo_seed47,ppo,PPO,47
77915,intercepted,1,0,0,0,862,9,4.5,853,862.0,431.0,2.21437931060791,0,1.1138970366389047,0.7358295321464539,1.217780684866502,854,ppo_seed47,ppo,PPO,47
77916,soldier_caught,0,1,0,0,233,9,4.5,224,,,0.8342406153678894,0,1.094813529054324,1.2668428421020508,1.1969990990129558,225,ppo_seed47,ppo,PPO,47
77917,intercepted,1,0,0,0,418,9,4.5,409,418.0,209.0,2.117433547973633,0,1.1275992964507966,0.9469873309135437,1.224643644760452,410,ppo_seed47,ppo,PPO,47
77918,intercepted,1,0,0,0,122,9,4.5,113,122.0,61.0,2.8425543308258057,0,1.124162449125658,0.6882951855659485,1.2306887762095713,114,ppo_seed47,ppo,PPO,47
77919,intercepted,1,0,0,0,385,11,5.5,374,385.0,192.5,4.256302833557129,0,1.131849319378535,0.6254374384880066,1.223141915290089,375,ppo_seed47,ppo,PPO,47
77920,intercepted,1,0,0,0,78,10,5.0,68,78.0,39.0,6.709425449371338,0,1.108214493031087,1.0707064867019653,1.2042482580752039,69,ppo_seed47,ppo,PPO,47
77921,intercepted,1,0,0,0,19,10,5.0,9,19.0,9.5,11.999192237854004,0,1.2623773634433746,0.9137285351753235,1.2896853726454223,10,ppo_seed47,ppo,PPO,47
77922,intercepted,1,0,0,0,65,13,6.5,52,65.0,32.5,2.365779399871826,0,1.2710658514274742,1.0239050388336182,1.323174857929911,53,ppo_seed47,ppo,PPO,47
77923,intercepted,1,0,0,0,124,8,4.0,116,124.0,62.0,6.875331401824951,0,1.1752688656760077,2.2516419887542725,1.300416368226659,117,ppo_seed47,ppo,PPO,47
77924,intercepted,1,0,0,0,272,8,4.0,264,272.0,136.0,7.638481140136719,0,1.1154610062264048,0.7784231305122375,1.213434897715952,265,ppo_seed47,ppo,PPO,47
77925,intercepted,1,0,0,0,126,29,14.5,97,126.0,63.0,7.938572883605957,0,1.0859911958401909,1.1748076677322388,1.1920861445231488,98,ppo_seed47,ppo,PPO,47
77926,intercepted,1,0,0,0,145,17,8.5,128,145.0,72.5,8.602960586547852,0,1.1789291172988654,1.102616548538208,1.2847809356019937,129,ppo_seed47,ppo,PPO,47
77927,soldier_caught,0,1,0,0,12,9,4.5,3,,,1.6517795324325562,0,1.50327667593956,1.5702917575836182,1.5951699875755905,4,ppo_seed47,ppo,PPO,47
77928,intercepted,1,0,0,0,193,10,5.0,183,193.0,96.5,9.094549179077148,0,1.1999202854931355,1.4078212976455688,1.2854753323589605,184,ppo_seed47,ppo,PPO,47
77929,soldier_caught,0,1,0,0,202,9,4.5,193,,,1.2708593606948853,0,1.1580258441186442,0.8147240877151489,1.244154736130857,194,ppo_seed47,ppo,PPO,47
77930,intercepted,1,0,0,0,186,17,8.5,169,186.0,93.0,8.549556732177734,0,1.2181974974625251,1.291370153427124,1.3091843236105885,170,ppo_seed47,ppo,PPO,47
77931,soldier_caught,0,1,0,0,35,10,5.0,25,,,0.6126047372817993,0,1.300630733370781,1.586870551109314,1.373564597284119,26,ppo_seed47,ppo,PPO,47
77932,intercepted,1,0,0,0,15,12,6.0,3,15.0,7.5,4.18965482711792,0,1.3995799869298935,1.8093249797821045,1.437290640931688,4,ppo_seed47,ppo,PPO,47
77933,intercepted,1,0,0,0,62,14,7.0,48,62.0,31.0,2.7697019577026367,0,1.172032977245292,1.4911357164382935,1.2700483276139063,49,ppo_seed47,ppo,PPO,47
77934,intercepted,1,0,0,0,222,15,7.5,207,222.0,111.0,3.87243390083313,0,1.1088323494992578,1.3030518293380737,1.1913986787839579,208,ppo_seed47,ppo,PPO,47
77935,intercepted,1,0,0,0,245,15,7.5,230,245.0,122.5,4.2742085456848145,0,1.1306295562616158,0.886024534702301,1.2275558519360217,231,ppo_seed47,ppo,PPO,47
77936,intercepted,1,0,0,0,40,16,8.0,24,40.0,20.0,9.396469116210938,0,1.0577664589881897,0.8270749449729919,1.1186675769890164,25,ppo_seed47,ppo,PPO,47
77937,intercepted,1,0,0,0,165,11,5.5,154,165.0,82.5,2.6398749351501465,0,1.076963350849767,0.7132452726364136,1.1734336328395527,155,ppo_seed47,ppo,PPO,47
77938,intercepted,1,0,0,0,147,11,5.5,136,147.0,73.5,10.94090747833252,0,1.1505911848405852,1.0601115226745605,1.2470399874430937,137,ppo_seed47,ppo,PPO,47
77939,intercepted,1,0,0,0,198,10,5.0,188,198.0,99.0,8.552972793579102,0,1.1075458766291382,2.1488702297210693,1.2211257677693463,189,ppo_seed47,ppo,PPO,47
77940,intercepted,1,0,0,0,98,9,4.5,89,98.0,49.0,3.386054515838623,0,1.0995867063601812,0.5528504848480225,1.2170823894956253,90,ppo_seed47,ppo,PPO,47
77941,intercepted,1,0,0,0,82,17,8.5,65,82.0,41.0,2.552844285964966,0,1.0227605745647892,0.8125573992729187,1.1108510487240062,66,ppo_seed47,ppo,PPO,47
77942,intercepted,1,0,0,0,523,17,8.5,506,523.0,261.5,2.813161849975586,0,1.133885001877591,0.5569478869438171,1.223610764978346,507,ppo_seed47,ppo,PPO,47
77943,intercepted,1,0,0,0,122,9,4.5,113,122.0,61.0,7.367381572723389,0,1.0680554533344613,1.474861741065979,1.1604160595085338,114,ppo_seed47,ppo,PPO,47
77944,intercepted,1,0,0,0,205,133,66.5,72,205.0,102.5,8.546504974365234,0,1.1048691699357882,0.6794455647468567,1.1921709109590142,73,ppo_seed47,ppo,PPO,47
77945,intercepted,1,0,0,0,68,15,7.5,53,68.0,34.0,4.902322769165039,0,1.1629443130007497,0.8742774128913879,1.2671196534705436,54,ppo_seed47,ppo,PPO,47
77946,intercepted,1,0,0,0,15,12,6.0,3,15.0,7.5,4.626158237457275,0,1.3272855132818222,2.5356881618499756,1.5202848996274727,4,ppo_seed47,ppo,PPO,47
77947,intercepted,1,0,0,0,11,8,4.0,3,11.0,5.5,4.78237771987915,0,0.8998484462499619,1.2725054025650024,0.9279827604990912,4,ppo_seed47,ppo,PPO,47
77948,intercepted,1,0,0,0,41,8,4.0,33,41.0,20.5,2.7141966819763184,0,1.199874328339801,1.269707202911377,1.286504927531833,34,ppo_seed47,ppo,PPO,47
77949,intercepted,1,0,0,0,90,9,4.5,81,90.0,45.0,5.862900733947754,0,1.2004509364686362,1.3305950164794922,1.2944130353439725,82,ppo_seed47,ppo,PPO,47
77950,intercepted,1,0,0,0,58,8,4.0,50,58.0,29.0,6.082094192504883,0,1.1874638088777953,1.240169882774353,1.3119609427052656,51,ppo_seed47,ppo,PPO,47
77951,intercepted,1,0,0,0,167,12,6.0,155,167.0,83.5,10.966943740844727,0,1.1219971130291622,0.9540122747421265,1.217759068601151,156,ppo_seed47,ppo,PPO,47
77952,intercepted,1,0,0,0,127,13,6.5,114,127.0,63.5,2.8010661602020264,0,1.065201863128206,0.2725915014743805,1.1747186402918244,115,ppo_seed47,ppo,PPO,47
77953,intercepted,1,0,0,0,402,91,45.5,311,402.0,201.0,6.261000156402588,0,1.1458002463556254,0.43717721104621887,1.2368472089028455,312,ppo_seed47,ppo,PPO,47
77954,intercepted,1,0,0,0,21,17,8.5,4,21.0,10.5,9.244592666625977,0,1.2336027950048447,1.930482268333435,1.3914341162269166,5,ppo_seed47,ppo,PPO,47
77955,intercepted,1,0,0,0,479,10,5.0,469,479.0,239.5,2.4139862060546875,0,1.088533689034112,0.5808598399162292,1.1880274303076932,470,ppo_seed47,ppo,PPO,47
77956,intercepted,1,0,0,0,310,10,5.0,300,310.0,155.0,4.949338436126709,0,1.0886144524941412,1.0013840198516846,1.1861642906575731,301,ppo_seed47,ppo,PPO,47
77957,intercepted,1,0,0,0,263,55,27.5,208,263.0,131.5,7.527194976806641,0,1.172409816506947,1.2173982858657837,1.2668992289617353,209,ppo_seed47,ppo,PPO,47
77958,intercepted,1,0,0,0,214,9,4.5,205,214.0,107.0,5.265324115753174,0,1.1576709982405589,1.1801854372024536,1.253384350838291,206,ppo_seed47,ppo,PPO,47
77959,intercepted,1,0,0,0,16,13,6.5,3,16.0,8.0,7.470369815826416,0,1.3041808307170868,1.2488045692443848,1.3423742778068544,4,ppo_seed47,ppo,PPO,47
77960,soldier_caught,0,1,0,0,15,13,6.5,2,,,1.7370002269744873,0,1.2171987692515056,1.349359154701233,1.287491315471901,3,ppo_seed47,ppo,PPO,47
77961,intercepted,1,0,0,0,215,19,9.5,196,215.0,107.5,11.345856666564941,0,1.1913963524520699,1.5635591745376587,1.292737325112946,197,ppo_seed47,ppo,PPO,47
77962,intercepted,1,0,0,0,69,8,4.0,61,69.0,34.5,2.47891902923584,0,1.115201591243667,0.9322697520256042,1.2112209853111486,62,ppo_seed47,ppo,PPO,47
77963,unsafe_intercept,0,0,1,0,18,16,8.0,2,,,3.1754837036132812,0,1.1336138248443604,1.3868398666381836,1.1686425844247648,3,ppo_seed47,ppo,PPO,47
77964,intercepted,1,0,0,0,61,11,5.5,50,61.0,30.5,2.165513515472412,0,1.086879947606255,1.0354869365692139,1.191042183100055,51,ppo_seed47,ppo,PPO,47
77965,unsafe_intercept,0,0,1,0,15,13,6.5,2,,,3.274789810180664,0,0.7621172269185384,0.5398720502853394,0.784000419558482,3,ppo_seed47,ppo,PPO,47
77966,intercepted,1,0,0,0,103,16,8.0,87,103.0,51.5,3.9190216064453125,0,1.136017956347628,2.5278549194335938,1.281538077540101,88,ppo_seed47,ppo,PPO,47
77967,intercepted,1,0,0,0,125,14,7.0,111,125.0,62.5,5.297227382659912,0,1.067143882491759,0.8283302187919617,1.1654863350135027,112,ppo_seed47,ppo,PPO,47
77968,intercepted,1,0,0,0,21,12,6.0,9,21.0,10.5,11.30988597869873,0,1.1788613677024842,1.1496036052703857,1.198247771961909,10,ppo_seed47,ppo,PPO,47
77969,intercepted,1,0,0,0,80,11,5.5,69,80.0,40.0,4.7891058921813965,0,1.214562177658081,1.6028071641921997,1.3106252509812337,70,ppo_seed47,ppo,PPO,47
77970,intercepted,1,0,0,0,277,13,6.5,264,277.0,138.5,2.7329015731811523,0,1.1049708476606406,0.9371427297592163,1.2103852032719875,265,ppo_seed47,ppo,PPO,47
77971,intercepted,1,0,0,0,390,11,5.5,379,390.0,195.0,2.7998363971710205,0,1.1400372199322049,1.9888263940811157,1.231573434151046,380,ppo_seed47,ppo,PPO,47
77972,unsafe_intercept,0,0,1,0,34,10,5.0,24,,,2.976404905319214,0,1.1828430485725403,0.679491400718689,1.256420116586987,25,ppo_seed47,ppo,PPO,47
77973,intercepted,1,0,0,0,75,7,3.5,68,75.0,37.5,4.838710308074951,0,1.1600907470868982,1.151760220527649,1.216755405587349,69,ppo_seed47,ppo,PPO,47
77974,intercepted,1,0,0,0,269,7,3.5,262,269.0,134.5,2.5854828357696533,0,1.1067455147212448,1.0559053421020508,1.2068812162697526,263,ppo_seed47,ppo,PPO,47
77975,intercepted,1,0,0,0,93,8,4.0,85,93.0,46.5,10.7554292678833,0,1.1210360577286675,0.6991302967071533,1.236591042962705,86,ppo_seed47,ppo,PPO,47
77976,soldier_caught,0,1,0,0,209,12,6.0,197,,,1.7788931131362915,0,1.1412265823043959,1.1826211214065552,1.2450788681368776,198,ppo_seed47,ppo,PPO,47
77977,intercepted,1,0,0,0,196,11,5.5,185,196.0,98.0,3.0725810527801514,0,1.0852471639312082,1.694061040878296,1.1898593270308422,186,ppo_seed47,ppo,PPO,47
77978,soldier_caught,0,1,0,0,70,11,5.5,59,,,1.4940686225891113,0,1.2187313010295233,1.5925772190093994,1.345828014113361,60,ppo_seed47,ppo,PPO,47
77979,intercepted,1,0,0,0,84,16,8.0,68,84.0,42.0,6.950598239898682,0,1.1616396897512933,0.4519937336444855,1.2525540835109659,69,ppo_seed47,ppo,PPO,47
77980,intercepted,1,0,0,0,102,14,7.0,88,102.0,51.0,14.114167213439941,0,1.1405409998103473,1.8753929138183594,1.2300692050586535,89,ppo_seed47,ppo,PPO,47
77981,intercepted,1,0,0,0,53,10,5.0,43,53.0,26.5,9.897876739501953,0,1.079873138530688,1.1559470891952515,1.1715864191502081,44,ppo_seed47,ppo,PPO,47
77982,intercepted,1,0,0,0,87,13,6.5,74,87.0,43.5,3.970276355743408,0,1.0036044957240422,0.5883544087409973,1.1091072124959642,75,ppo_seed47,ppo,PPO,47
77983,intercepted,1,0,0,0,93,9,4.5,84,93.0,46.5,2.910837411880493,0,1.0990014929981793,0.7488353848457336,1.1947775360103567,85,ppo_seed47,ppo,PPO,47
77984,intercepted,1,0,0,0,69,16,8.0,53,69.0,34.5,14.12221908569336,0,1.2216948176975604,1.4361580610275269,1.297596914364914,54,ppo_seed47,ppo,PPO,47
77985,soldier_caught,0,1,0,0,138,8,4.0,130,,,1.8298940658569336,0,1.109771975053062,1.5581519603729248,1.2145441212303574,131,ppo_seed47,ppo,PPO,47
77986,intercepted,1,0,0,0,55,47,23.5,8,55.0,27.5,14.012556076049805,0,0.9326745967070261,1.0186595916748047,0.9960093535450666,9,ppo_seed47,ppo,PPO,47
77987,intercepted,1,0,0,0,327,8,4.0,319,327.0,163.5,2.9324710369110107,0,1.1222590127261356,2.1325154304504395,1.2183930602650435,320,ppo_seed47,ppo,PPO,47
77988,intercepted,1,0,0,0,101,11,5.5,90,101.0,50.5,6.859347343444824,0,1.0530681529051655,1.190228819847107,1.1488429928618649,91,ppo_seed47,ppo,PPO,47
77989,soldier_caught,0,1,0,0,36,10,5.0,26,,,1.1252208948135376,0,1.1006745199362438,0.5559370517730713,1.1931003677107792,27,ppo_seed47,ppo,PPO,47
77990,intercepted,1,0,0,0,280,9,4.5,271,280.0,140.0,2.711390256881714,0,1.1716000318855924,1.5747184753417969,1.2640302052150056,272,ppo_seed47,ppo,PPO,47
77991,intercepted,1,0,0,0,65,29,14.5,36,65.0,32.5,9.528787612915039,0,1.1747532998387877,1.4448238611221313,1.302765628052435,37,ppo_seed47,ppo,PPO,47
77992,intercepted,1,0,0,0,77,51,25.5,26,77.0,38.5,10.4403715133667,0,1.1943939504800019,1.04302179813385,1.246588787295853,27,ppo_seed47,ppo,PPO,47
77993,soldier_caught,0,1,0,0,573,12,6.0,561,,,1.7522915601730347,0,1.1695510471153514,1.6711409091949463,1.2782042865093848,562,ppo_seed47,ppo,PPO,47
77994,intercepted,1,0,0,0,74,18,9.0,56,74.0,37.0,13.256488800048828,0,1.0504458682578908,1.309537410736084,1.1287204464797884,57,ppo_seed47,ppo,PPO,47
77995,intercepted,1,0,0,0,114,10,5.0,104,114.0,57.0,5.472693920135498,0,1.100279291045098,1.5236988067626953,1.2038630680633775,105,ppo_seed47,ppo,PPO,47
77996,intercepted,1,0,0,0,137,47,23.5,90,137.0,68.5,8.813899993896484,0,1.2193330932449509,1.234802484512329,1.3204578937067597,91,ppo_seed47,ppo,PPO,47
77997,intercepted,1,0,0,0,90,16,8.0,74,90.0,45.0,2.5965490341186523,0,1.1726151847839354,1.7231894731521606,1.2613128400121083,75,ppo_seed47,ppo,PPO,47
77998,intercepted,1,0,0,0,91,9,4.5,82,91.0,45.5,2.328956127166748,0,1.1489726337323707,2.2892377376556396,1.2502863203130197,83,ppo_seed47,ppo,PPO,47
77999,intercepted,1,0,0,0,229,13,6.5,216,229.0,114.5,6.468226432800293,0,1.1182143469834658,0.9489784836769104,1.2281702918943953,217,ppo_seed47,ppo,PPO,47
