environment_seed,outcome,success,soldier_caught,unsafe_intercept,timeout,total_steps,detection_step,detection_time_seconds,post_detection_steps,intercept_step,intercept_time_seconds,min_enemy_soldier_dist,physical_limit_violations,mean_tracking_error,final_tracking_error,tracking_rmse,n_tracking_samples,instance_id,instance_name,family,training_seed
77000,intercepted,1,0,0,0,88,9,4.5,79,88.0,44.0,7.521042346954346,0,2.2101501883938908,3.2164430618286133,2.455351614571826,80,ppo_kalman_seed45,ppo_kalman,PPO-Kalman,45
77001,intercepted,1,0,0,0,21,17,8.5,4,21.0,10.5,7.347997188568115,0,1.0973251581192016,1.0027492046356201,1.1256127374075093,5,ppo_kalman_seed45,ppo_kalman,PPO-Kalman,45
77002,intercepted,1,0,0,0,90,58,29.0,32,90.0,45.0,14.403212547302246,0,2.219948015429757,1.8897169828414917,2.337032814344775,33,ppo_kalman_seed45,ppo_kalman,PPO-Kalman,45
77003,intercepted,1,0,0,0,331,30,15.0,301,331.0,165.5,3.0063657760620117,0,2.431315589918206,2.5478599071502686,2.5356904348666522,302,ppo_kalman_seed45,ppo_kalman,PPO-Kalman,45
77004,intercepted,1,0,0,0,355,71,35.5,284,355.0,177.5,8.073406219482422,0,2.5316648992530086,3.079000949859619,2.620339868143145,285,ppo_kalman_seed45,ppo_kalman,PPO-Kalman,45
77005,intercepted,1,0,0,0,67,13,6.5,54,67.0,33.5,2.516737699508667,0,2.1772225721315905,1.6040794849395752,2.2963260762114177,55,ppo_kalman_seed45,ppo_kalman,PPO-Kalman,45
77006,intercepted,1,0,0,0,85,31,15.5,54,85.0,42.5,3.0322835445404053,0,2.419993261315606,0.7100085616111755,2.5601117917437093,55,ppo_kalman_seed45,ppo_kalman,PPO-Kalman,45
77007,intercepted,1,0,0,0,429,16,8.0,413,429.0,214.5,3.8649039268493652,0,2.5975064846556544,2.8965611457824707,2.702022531030408,414,ppo_kalman_seed45,ppo_kalman,PPO-Kalman,45
77008,intercepted,1,0,0,0,191,9,4.5,182,191.0,95.5,2.5940959453582764,0,2.4304835900582904,2.581610918045044,2.5503175374978815,183,ppo_kalman_seed45,ppo_kalman,PPO-Kalman,45
77009,intercepted,1,0,0,0,343,136,68.0,207,343.0,171.5,2.758202314376831,0,2.5165978773282123,2.9792845249176025,2.612271769482795,208,ppo_kalman_seed45,ppo_kalman,PPO-Kalman,45
77010,intercepted,1,0,0,0,19,10,5.0,9,19.0,9.5,10.62049388885498,0,1.9467992722988128,4.260537624359131,2.3053689289192048,10,ppo_kalman_seed45,ppo_kalman,PPO-Kalman,45
77011,intercepted,1,0,0,0,485,17,8.5,468,485.0,242.5,2.0959632396698,0,2.580304726068653,2.3206493854522705,2.6689252486852664,469,ppo_kalman_seed45,ppo_kalman,PPO-Kalman,45
77012,intercepted,1,0,0,0,89,10,5.0,79,89.0,44.5,5.747378349304199,0,2.1349839184433224,3.6238439083099365,2.299478436390306,80,ppo_kalman_seed45,ppo_kalman,PPO-Kalman,45
77013,intercepted,1,0,0,0,221,29,14.5,192,221.0,110.5,9.013764381408691,0,2.7326050051753383,2.872462034225464,2.7911673986252596,193,ppo_kalman_seed45,ppo_kalman,PPO-Kalman,45
77014,intercepted,1,0,0,0,15,10,5.0,5,15.0,7.5,5.113500595092773,0,1.2904429286718369,2.5864791870117188,1.4923512235956675,6,ppo_kalman_seed45,ppo_kalman,PPO-Kalman,45
77015,intercepted,1,0,0,0,142,9,4.5,133,142.0,71.0,8.875336647033691,0,2.5082349403580624,3.225781202316284,2.6229668069367733,134,ppo_kalman_seed45,ppo_kalman,PPO-Kalman,45
77016,intercepted,1,0,0,0,228,8,4.0,220,228.0,114.0,4.064143657684326,0,2.5726161564097687,3.4544012546539307,2.6793113822068264,221,ppo_kalman_seed45,ppo_kalman,PPO-Kalman,45
77017,intercepted,1,0,0,0,234,14,7.0,220,234.0,117.0,4.852933406829834,0,2.6043087217063388,2.3915200233459473,2.6972651830545096,221,ppo_kalman_seed45,ppo_kalman,PPO-Kalman,45
77018,intercepted,1,0,0,0,133,77,38.5,56,133.0,66.5,3.9751393795013428,0,2.412511582960162,3.1629011631011963,2.4649877929361685,57,ppo_kalman_seed45,ppo_kalman,PPO-Kalman,45
77019,intercepted,1,0,0,0,408,8,4.0,400,408.0,204.0,3.4982688426971436,0,2.4429418460983885,2.821686029434204,2.53972005220231,401,ppo_kalman_seed45,ppo_kalman,PPO-Kalman,45
77020,intercepted,1,0,0,0,40,10,5.0,30,40.0,20.0,7.089316368103027,0,2.233165923626192,2.107452869415283,2.2982077689510176,31,ppo_kalman_seed45,ppo_kalman,PPO-Kalman,45
77021,intercepted,1,0,0,0,50,41,20.5,9,50.0,25.0,13.84257984161377,0,1.7526293039321899,3.1372523307800293,1.9699438632574087,10,ppo_kalman_seed45,ppo_kalman,PPO-Kalman,45
77022,intercepted,1,0,0,0,62,16,8.0,46,62.0,31.0,3.535130262374878,0,2.0831458441754607,2.7053472995758057,2.1857407011249377,47,ppo_kalman_seed45,ppo_kalman,PPO-Kalman,45
77023,intercepted,1,0,0,0,53,12,6.0,41,53.0,26.5,2.528559684753418,0,2.230308774681318,2.053455114364624,2.4134417941598363,42,ppo_kalman_seed45,ppo_kalman,PPO-Kalman,45
77024,intercepted,1,0,0,0,25,18,9.0,7,25.0,12.5,13.302292823791504,0,1.6379601657390594,2.177703380584717,1.713790297669734,8,ppo_kalman_seed45,ppo_kalman,PPO-Kalman,45
77025,intercepted,1,0,0,0,103,57,28.5,46,103.0,51.5,11.85096549987793,0,2.564465018028909,2.057788372039795,2.6348019407183783,47,ppo_kalman_seed45,ppo_kalman,PPO-Kalman,45
77026,intercepted,1,0,0,0,220,10,5.0,210,220.0,110.0,3.6928975582122803,0,2.440984808861927,2.1288630962371826,2.5637021317894013,211,ppo_kalman_seed45,ppo_kalman,PPO-Kalman,45
77027,intercepted,1,0,0,0,134,21,10.5,113,134.0,67.0,2.688861608505249,0,2.337008901332554,2.746974468231201,2.4869784392710192,114,ppo_kalman_seed45,ppo_kalman,PPO-Kalman,45
77028,intercepted,1,0,0,0,125,10,5.0,115,125.0,62.5,8.883726119995117,0,2.5316724540858435,2.7271721363067627,2.673818288548297,116,ppo_kalman_seed45,ppo_kalman,PPO-Kalman,45
77029,soldier_caught,0,1,0,0,208,15,7.5,193,,,1.347212553024292,0,2.58529413145842,1.729375958442688,2.685975928326627,194,ppo_kalman_seed45,ppo_kalman,PPO-Kalman,45
77030,soldier_caught,0,1,0,0,152,9,4.5,143,,,1.6358654499053955,0,2.5781432021823196,1.150968074798584,2.6674128831105057,144,ppo_kalman_seed45,ppo_kalman,PPO-Kalman,45
77031,intercepted,1,0,0,0,88,9,4.5,79,88.0,44.0,5.5194830894470215,0,2.3711443789303304,1.8418073654174805,2.469433223453391,80,ppo_kalman_seed45,ppo_kalman,PPO-Kalman,45
77032,intercepted,1,0,0,0,190,31,15.5,159,190.0,95.0,10.162737846374512,0,2.5496573969721794,2.9160549640655518,2.654526863107204,160,ppo_kalman_seed45,ppo_kalman,PPO-Kalman,45
77033,unsafe_intercept,0,0,1,0,16,14,7.0,2,,,2.8101160526275635,0,1.4801756938298543,1.0434168577194214,1.7476782953842085,3,ppo_kalman_seed45,ppo_kalman,PPO-Kalman,45
77034,intercepted,1,0,0,0,349,10,5.0,339,349.0,174.5,5.716811180114746,0,2.5985718283583137,2.637026309967041,2.6699093707315664,340,ppo_kalman_seed45,ppo_kalman,PPO-Kalman,45
77035,intercepted,1,0,0,0,239,13,6.5,226,239.0,119.5,2.2667603492736816,0,2.449638636626861,2.573364496231079,2.5760179783668864,227,ppo_kalman_seed45,ppo_kalman,PPO-Kalman,45
77036,unsafe_intercept,0,0,1,0,15,13,6.5,2,,,2.9993085861206055,0,0.9570366342862447,1.0251119136810303,0.9643981659396691,3,ppo_kalman_seed45,ppo_kalman,PPO-Kalman,45
77037,intercepted,1,0,0,0,656,12,6.0,644,656.0,328.0,3.2617056369781494,0,2.6064911634885064,3.047806739807129,2.696911521938934,645,ppo_kalman_seed45,ppo_kalman,PPO-Kalman,45
77038,soldier_caught,0,1,0,0,294,11,5.5,283,,,0.9594923853874207,0,2.6795934635988425,2.636258602142334,2.743979545430182,284,ppo_kalman_seed45,ppo_kalman,PPO-Kalman,45
77039,intercepted,1,0,0,0,40,13,6.5,27,40.0,20.0,13.659366607666016,0,2.3522267448050633,2.2011282444000244,2.4327980008342065,28,ppo_kalman_seed45,ppo_kalman,PPO-Kalman,45
77040,intercepted,1,0,0,0,226,10,5.0,216,226.0,113.0,7.195468425750732,0,2.7167946039806314,3.220290184020996,2.7856104415927954,217,ppo_kalman_seed45,ppo_kalman,PPO-Kalman,45
77041,intercepted,1,0,0,0,145,18,9.0,127,145.0,72.5,2.4157283306121826,0,2.4511395732406527,2.778176784515381,2.600376996886272,128,ppo_kalman_seed45,ppo_kalman,PPO-Kalman,45
77042,intercepted,1,0,0,0,12,8,4.0,4,12.0,6.0,2.284141778945923,0,1.0855600953102111,1.1129744052886963,1.1625911409677416,5,ppo_kalman_seed45,ppo_kalman,PPO-Kalman,45
77043,intercepted,1,0,0,0,69,13,6.5,56,69.0,34.5,4.069465637207031,0,2.3630029454565884,2.945023775100708,2.4867190892738544,57,ppo_kalman_seed45,ppo_kalman,PPO-Kalman,45
77044,intercepted,1,0,0,0,314,13,6.5,301,314.0,157.0,2.919071674346924,0,2.4148420518794596,3.5893404483795166,2.5266383399856993,302,ppo_kalman_seed45,ppo_kalman,PPO-Kalman,45
77045,intercepted,1,0,0,0,102,63,31.5,39,102.0,51.0,14.18474292755127,0,2.4719751209020613,2.2079854011535645,2.557484723607333,40,ppo_kalman_seed45,ppo_kalman,PPO-Kalman,45
77046,intercepted,1,0,0,0,522,13,6.5,509,522.0,261.0,5.298398494720459,0,2.612309463818868,1.9336460828781128,2.7130614950788616,510,ppo_kalman_seed45,ppo_kalman,PPO-Kalman,45
77047,soldier_caught,0,1,0,0,59,9,4.5,50,,,1.3844387531280518,0,2.388150017635495,3.1019699573516846,2.5558512230529016,51,ppo_kalman_seed45,ppo_kalman,PPO-Kalman,45
77048,intercepted,1,0,0,0,109,34,17.0,75,109.0,54.5,4.650923728942871,0,2.431710865936781,3.7181243896484375,2.5744623622070963,76,ppo_kalman_seed45,ppo_kalman,PPO-Kalman,45
77049,intercepted,1,0,0,0,70,34,17.0,36,70.0,35.0,13.266481399536133,0,2.2082570887900688,2.8288509845733643,2.363785499910472,37,ppo_kalman_seed45,ppo_kalman,PPO-Kalman,45
77050,soldier_caught,0,1,0,0,37,10,5.0,27,,,1.2220150232315063,0,2.3339488868202483,2.3124594688415527,2.424966372361422,28,ppo_kalman_seed45,ppo_kalman,PPO-Kalman,45
77051,intercepted,1,0,0,0,362,15,7.5,347,362.0,181.0,2.7806315422058105,0,2.5605737996855003,2.6752333641052246,2.6469832259791626,348,ppo_kalman_seed45,ppo_kalman,PPO-Kalman,45
77052,intercepted,1,0,0,0,26,17,8.5,9,26.0,13.0,11.539163589477539,0,1.6535354614257813,2.2910337448120117,1.8005004885691749,10,ppo_kalman_seed45,ppo_kalman,PPO-Kalman,45
77053,soldier_caught,0,1,0,0,175,11,5.5,164,,,0.5357024669647217,0,2.432297524538907,2.2714343070983887,2.50420714676182,165,ppo_kalman_seed45,ppo_kalman,PPO-Kalman,45
77054,intercepted,1,0,0,0,63,19,9.5,44,63.0,31.5,12.669743537902832,0,2.623959567811754,2.491645097732544,2.7171444173798682,45,ppo_kalman_seed45,ppo_kalman,PPO-Kalman,45
77055,intercepted,1,0,0,0,158,13,6.5,145,158.0,79.0,2.745274543762207,0,2.503726476063467,3.7050702571868896,2.6279486927555102,146,ppo_kalman_seed45,ppo_kalman,PPO-Kalman,45
77056,unsafe_intercept,0,0,1,0,104,102,51.0,2,,,2.031705141067505,0,0.7565106153488159,0.6929968595504761,0.7724589494421178,3,ppo_kalman_seed45,ppo_kalman,PPO-Kalman,45
77057,intercepted,1,0,0,0,111,10,5.0,101,111.0,55.5,2.351369857788086,0,2.496481796105703,2.564612865447998,2.5800950499473525,102,ppo_kalman_seed45,ppo_kalman,PPO-Kalman,45
77058,intercepted,1,0,0,0,175,7,3.5,168,175.0,87.5,4.958632946014404,0,2.48424296283863,3.252002477645874,2.5928049469900265,169,ppo_kalman_seed45,ppo_kalman,PPO-Kalman,45
77059,intercepted,1,0,0,0,172,11,5.5,161,172.0,86.0,3.8470678329467773,0,2.550448495204802,3.2496118545532227,2.652472803037475,162,ppo_kalman_seed45,ppo_kalman,PPO-Kalman,45
77060,intercepted,1,0,0,0,33,10,5.0,23,33.0,16.5,6.520798683166504,0,2.1554190491636596,3.3639986515045166,2.3330322021010446,24,ppo_kalman_seed45,ppo_kalman,PPO-Kalman,45
77061,intercepted,1,0,0,0,57,8,4.0,49,57.0,28.5,3.540807008743286,0,2.3448781311511993,2.879702568054199,2.423922884538332,50,ppo_kalman_seed45,ppo_kalman,PPO-Kalman,45
77062,intercepted,1,0,0,0,152,11,5.5,141,152.0,76.0,2.9228508472442627,0,2.407043727141031,1.9926356077194214,2.53386590950276,142,ppo_kalman_seed45,ppo_kalman,PPO-Kalman,45
77063,intercepted,1,0,0,0,112,8,4.0,104,112.0,56.0,6.692231178283691,0,2.430778723671323,2.4319751262664795,2.512349456590217,105,ppo_kalman_seed45,ppo_kalman,PPO-Kalman,45
77064,intercepted,1,0,0,0,115,7,3.5,108,115.0,57.5,3.548832893371582,0,2.1757976836567625,2.043996572494507,2.340460540450217,109,ppo_kalman_seed45,ppo_kalman,PPO-Kalman,45
77065,soldier_caught,0,1,0,0,105,11,5.5,94,,,1.9137853384017944,0,2.7712598210886905,3.303389072418213,2.875319362773056,95,ppo_kalman_seed45,ppo_kalman,PPO-Kalman,45
77066,intercepted,1,0,0,0,39,12,6.0,27,39.0,19.5,3.947028398513794,0,2.3885412918669835,2.894294023513794,2.618266692799792,28,ppo_kalman_seed45,ppo_kalman,PPO-Kalman,45
77067,soldier_caught,0,1,0,0,108,82,41.0,26,,,1.5508084297180176,0,2.445706252698545,1.1665585041046143,2.602309390355895,27,ppo_kalman_seed45,ppo_kalman,PPO-Kalman,45
77068,intercepted,1,0,0,0,297,10,5.0,287,297.0,148.5,4.002647399902344,0,2.488415120376481,1.8932316303253174,2.593079176151009,288,ppo_kalman_seed45,ppo_kalman,PPO-Kalman,45
77069,soldier_caught,0,1,0,0,189,9,4.5,180,,,0.9353247284889221,0,2.323844836726373,0.39061158895492554,2.440290738357753,181,ppo_kalman_seed45,ppo_kalman,PPO-Kalman,45
77070,soldier_caught,0,1,0,0,159,11,5.5,148,,,1.9121003150939941,0,2.5400172564007293,3.425454616546631,2.644176141092761,149,ppo_kalman_seed45,ppo_kalman,PPO-Kalman,45
77071,intercepted,1,0,0,0,91,15,7.5,76,91.0,45.5,12.737536430358887,0,2.5578045887606486,2.271064281463623,2.6205512534050324,77,ppo_kalman_seed45,ppo_kalman,PPO-Kalman,45
77072,intercepted,1,0,0,0,172,17,8.5,155,172.0,86.0,6.462808132171631,0,2.602355869916769,2.3378841876983643,2.7013801092139405,156,ppo_kalman_seed45,ppo_kalman,PPO-Kalman,45
77073,intercepted,1,0,0,0,20,11,5.5,9,20.0,10.0,10.979718208312988,0,1.6003856629133224,0.5774275660514832,1.7362306843388144,10,ppo_kalman_seed45,ppo_kalman,PPO-Kalman,45
77074,intercepted,1,0,0,0,345,10,5.0,335,345.0,172.5,3.3154642581939697,0,2.558959555634785,2.188518524169922,2.6675510830231812,336,ppo_kalman_seed45,ppo_kalman,PPO-Kalman,45
77075,intercepted,1,0,0,0,45,12,6.0,33,45.0,22.5,5.587340354919434,0,1.7889057003399904,3.0816500186920166,2.035615658710566,34,ppo_kalman_seed45,ppo_kalman,PPO-Kalman,45
77076,intercepted,1,0,0,0,103,8,4.0,95,103.0,51.5,7.275457382202148,0,2.668245228317877,1.8187220096588135,2.7520699237675714,96,ppo_kalman_seed45,ppo_kalman,PPO-Kalman,45
77077,intercepted,1,0,0,0,343,16,8.0,327,343.0,171.5,3.929987907409668,0,2.4672503107931556,2.1552724838256836,2.578371329449654,328,ppo_kalman_seed45,ppo_kalman,PPO-Kalman,45
77078,intercepted,1,0,0,0,128,9,4.5,119,128.0,64.0,9.15697956085205,0,2.564268456896146,2.1149137020111084,2.6664212751254506,120,ppo_kalman_seed45,ppo_kalman,PPO-Kalman,45
77079,soldier_caught,0,1,0,0,48,22,11.0,26,,,0.9647738933563232,0,2.052856985065672,1.317327618598938,2.3109341935898446,27,ppo_kalman_seed45,ppo_kalman,PPO-Kalman,45
77080,intercepted,1,0,0,0,16,9,4.5,7,16.0,8.0,11.249330520629883,0,1.3205598928034306,2.485933780670166,1.4947316062295672,8,ppo_kalman_seed45,ppo_kalman,PPO-Kalman,45
77081,intercepted,1,0,0,0,72,30,15.0,42,72.0,36.0,11.102594375610352,0,2.427636075851529,0.8400810360908508,2.6058606207348287,43,ppo_kalman_seed45,ppo_kalman,PPO-Kalman,45
77082,soldier_caught,0,1,0,0,66,8,4.0,58,,,1.4350961446762085,0,2.3061339602632036,3.2255454063415527,2.4620133832179016,59,ppo_kalman_seed45,ppo_kalman,PPO-Kalman,45
77083,intercepted,1,0,0,0,489,8,4.0,481,489.0,244.5,2.136441707611084,0,2.5315297351091233,2.1760847568511963,2.6231509702867344,482,ppo_kalman_seed45,ppo_kalman,PPO-Kalman,45
77084,intercepted,1,0,0,0,193,10,5.0,183,193.0,96.5,4.155795574188232,0,2.596168001425331,2.6820220947265625,2.708023859499274,184,ppo_kalman_seed45,ppo_kalman,PPO-Kalman,45
77085,unsafe_intercept,0,0,1,0,10,8,4.0,2,,,2.839529275894165,0,0.887638250986735,0.48232924938201904,0.987424137447122,3,ppo_kalman_seed45,ppo_kalman,PPO-Kalman,45
77086,intercepted,1,0,0,0,38,9,4.5,29,38.0,19.0,6.063292026519775,0,1.8167151014010112,2.30631160736084,1.9598037061649536,30,ppo_kalman_seed45,ppo_kalman,PPO-Kalman,45
77087,intercepted,1,0,0,0,12,9,4.5,3,12.0,6.0,3.8051950931549072,0,1.1000252664089203,0.994178056716919,1.1214125537574045,4,ppo_kalman_seed45,ppo_kalman,PPO-Kalman,45
77088,intercepted,1,0,0,0,18,9,4.5,9,18.0,9.0,9.13223648071289,0,1.5736727297306061,2.4880423545837402,1.6770477919753648,10,ppo_kalman_seed45,ppo_kalman,PPO-Kalman,45
77089,intercepted,1,0,0,0,168,49,24.5,119,168.0,84.0,3.5774099826812744,0,2.58519968688488,2.9663808345794678,2.6458631368149756,120,ppo_kalman_seed45,ppo_kalman,PPO-Kalman,45
77090,soldier_caught,0,1,0,0,288,10,5.0,278,,,1.990537166595459,0,2.7576484414198066,2.386859893798828,2.8256483059326873,279,ppo_kalman_seed45,ppo_kalman,PPO-Kalman,45
77091,intercepted,1,0,0,0,11,8,4.0,3,11.0,5.5,7.179693222045898,0,0.8038178011775017,1.3079496622085571,0.8712673421402142,4,ppo_kalman_seed45,ppo_kalman,PPO-Kalman,45
77092,intercepted,1,0,0,0,53,9,4.5,44,53.0,26.5,11.537847518920898,0,2.5795209222369726,2.940666675567627,2.7054694011021323,45,ppo_kalman_seed45,ppo_kalman,PPO-Kalman,45
77093,intercepted,1,0,0,0,126,40,20.0,86,126.0,63.0,3.467958688735962,0,2.522209386715944,2.5230934619903564,2.607250469345117,87,ppo_kalman_seed45,ppo_kalman,PPO-Kalman,45
77094,intercepted,1,0,0,0,499,15,7.5,484,499.0,249.5,2.4713854789733887,0,2.3610103748508338,2.144984006881714,2.516084316533066,485,ppo_kalman_seed45,ppo_kalman,PPO-Kalman,45
77095,intercepted,1,0,0,0,173,10,5.0,163,173.0,86.5,2.831270694732666,0,2.2685842506769225,2.6895253658294678,2.428062258585232,164,ppo_kalman_seed45,ppo_kalman,PPO-Kalman,45
77096,intercepted,1,0,0,0,65,12,6.0,53,65.0,32.5,7.304041862487793,0,2.485857135719723,2.6970317363739014,2.5671458418356403,54,ppo_kalman_seed45,ppo_kalman,PPO-Kalman,45
77097,soldier_caught,0,1,0,0,61,11,5.5,50,,,1.6834627389907837,0,2.2581346560927,2.1423256397247314,2.3852121175420145,51,ppo_kalman_seed45,ppo_kalman,PPO-Kalman,45
77098,intercepted,1,0,0,0,314,11,5.5,303,314.0,157.0,8.899799346923828,0,2.6224496821431735,3.1609129905700684,2.704945386559181,304,ppo_kalman_seed45,ppo_kalman,PPO-Kalman,45
77099,intercepted,1,0,0,0,92,8,4.0,84,92.0,46.0,4.164045810699463,0,2.2846303182489733,2.000253438949585,2.3948944014753306,85,ppo_kalman_seed45,ppo_kalman,PPO-Kalman,45
77100,intercepted,1,0,0,0,629,20,10.0,609,629.0,314.5,3.1517484188079834,0,2.5122344354137045,1.2879992723464966,2.6220395568370534,610,ppo_kalman_seed45,ppo_kalman,PPO-Kalman,45
77101,soldier_caught,0,1,0,0,69,15,7.5,54,,,1.9637868404388428,0,2.268845662203702,1.8060475587844849,2.4598870925136964,55,ppo_kalman_seed45,ppo_kalman,PPO-Kalman,45
77102,intercepted,1,0,0,0,104,10,5.0,94,104.0,52.0,5.692436218261719,0,2.572685760573337,2.667436122894287,2.676289690294616,95,ppo_kalman_seed45,ppo_kalman,PPO-Kalman,45
77103,intercepted,1,0,0,0,89,8,4.0,81,89.0,44.5,3.9724035263061523,0,2.631531389748178,2.5354597568511963,2.724299556418833,82,ppo_kalman_seed45,ppo_kalman,PPO-Kalman,45
77104,intercepted,1,0,0,0,323,12,6.0,311,323.0,161.5,4.999746799468994,0,2.527691370401627,2.565305233001709,2.6010731613889524,312,ppo_kalman_seed45,ppo_kalman,PPO-Kalman,45
77105,intercepted,1,0,0,0,289,25,12.5,264,289.0,144.5,2.570742607116699,0,2.372101922305125,2.6697473526000977,2.528112014683087,265,ppo_kalman_seed45,ppo_kalman,PPO-Kalman,45
77106,intercepted,1,0,0,0,20,12,6.0,8,20.0,10.0,10.44644832611084,0,1.7538915508323245,2.469729423522949,1.9654789616989552,9,ppo_kalman_seed45,ppo_kalman,PPO-Kalman,45
77107,intercepted,1,0,0,0,57,8,4.0,49,57.0,28.5,6.3287353515625,0,2.444256525039673,2.391019582748413,2.546133991604703,50,ppo_kalman_seed45,ppo_kalman,PPO-Kalman,45
77108,intercepted,1,0,0,0,17,11,5.5,6,17.0,8.5,11.443083763122559,0,1.2520825011389596,2.576000452041626,1.4853668910897597,7,ppo_kalman_seed45,ppo_kalman,PPO-Kalman,45
77109,soldier_caught,0,1,0,0,373,9,4.5,364,,,1.0046547651290894,0,2.6146192428183883,2.542078971862793,2.680854776689233,365,ppo_kalman_seed45,ppo_kalman,PPO-Kalman,45
77110,intercepted,1,0,0,0,304,15,7.5,289,304.0,152.0,2.8947384357452393,0,2.5767080839337972,2.5159833431243896,2.6777678321738896,290,ppo_kalman_seed45,ppo_kalman,PPO-Kalman,45
77111,intercepted,1,0,0,0,795,9,4.5,786,795.0,397.5,9.061297416687012,0,2.6909007439638337,2.7320666313171387,2.7572298900447816,787,ppo_kalman_seed45,ppo_kalman,PPO-Kalman,45
77112,intercepted,1,0,0,0,529,32,16.0,497,529.0,264.5,7.405500888824463,0,2.669142720330671,2.6516075134277344,2.726077334542546,498,ppo_kalman_seed45,ppo_kalman,PPO-Kalman,45
77113,intercepted,1,0,0,0,467,12,6.0,455,467.0,233.5,3.1196320056915283,0,2.6135058803647233,2.49165415763855,2.6891789089741365,456,ppo_kalman_seed45,ppo_kalman,PPO-Kalman,45
77114,intercepted,1,0,0,0,178,12,6.0,166,178.0,89.0,9.181310653686523,0,2.578174890515333,2.4407806396484375,2.6717041135398656,167,ppo_kalman_seed45,ppo_kalman,PPO-Kalman,45
77115,intercepted,1,0,0,0,152,14,7.0,138,152.0,76.0,4.942166805267334,0,2.281360787024601,2.8322103023529053,2.43900158290179,139,ppo_kalman_seed45,ppo_kalman,PPO-Kalman,45
77116,intercepted,1,0,0,0,85,23,11.5,62,85.0,42.5,14.370433807373047,0,2.626240381172725,2.1074459552764893,2.70690882593246,63,ppo_kalman_seed45,ppo_kalman,PPO-Kalman,45
77117,intercepted,1,0,0,0,97,11,5.5,86,97.0,48.5,12.583014488220215,0,2.6855459802452173,2.0367209911346436,2.759563430419947,87,ppo_kalman_seed45,ppo_kalman,PPO-Kalman,45
77118,soldier_caught,0,1,0,0,330,10,5.0,320,,,1.8464651107788086,0,2.5861191769069602,3.3023266792297363,2.687120056445528,321,ppo_kalman_seed45,ppo_kalman,PPO-Kalman,45
77119,intercepted,1,0,0,0,259,8,4.0,251,259.0,129.5,2.894287586212158,0,2.735340322057406,2.0132927894592285,2.7978487696614267,252,ppo_kalman_seed45,ppo_kalman,PPO-Kalman,45
77120,intercepted,1,0,0,0,180,42,21.0,138,180.0,90.0,6.19018030166626,0,2.4877674909804366,3.6453888416290283,2.5818326866077292,139,ppo_kalman_seed45,ppo_kalman,PPO-Kalman,45
77121,soldier_caught,0,1,0,0,17,14,7.0,3,,,1.4281779527664185,0,0.7537787556648254,1.173997163772583,0.8025119228408646,4,ppo_kalman_seed45,ppo_kalman,PPO-Kalman,45
77122,intercepted,1,0,0,0,15,10,5.0,5,15.0,7.5,6.595872402191162,0,1.2496163149674733,1.8873189687728882,1.401227466856012,6,ppo_kalman_seed45,ppo_kalman,PPO-Kalman,45
77123,intercepted,1,0,0,0,34,8,4.0,26,34.0,17.0,2.763357639312744,0,2.3772115685321666,0.7747291326522827,2.5226094935127685,27,ppo_kalman_seed45,ppo_kalman,PPO-Kalman,45
77124,intercepted,1,0,0,0,79,13,6.5,66,79.0,39.5,4.525566577911377,0,2.236343233443018,2.950887441635132,2.3656568875434343,67,ppo_kalman_seed45,ppo_kalman,PPO-Kalman,45
77125,unsafe_intercept,0,0,1,0,9,7,3.5,2,,,3.3593621253967285,0,1.6220110654830933,1.4412966966629028,1.6298586306978013,3,ppo_kalman_seed45,ppo_kalman,PPO-Kalman,45
77126,unsafe_intercept,0,0,1,0,14,12,6.0,2,,,3.1211254596710205,0,1.3837344249089558,0.8909461498260498,1.525816598467094,3,ppo_kalman_seed45,ppo_kalman,PPO-Kalman,45
77127,intercepted,1,0,0,0,584,12,6.0,572,584.0,292.0,7.184470176696777,0,2.642091210495947,3.5055437088012695,2.7319186584027504,573,ppo_kalman_seed45,ppo_kalman,PPO-Kalman,45
77128,soldier_caught,0,1,0,0,12,9,4.5,3,,,1.8391274213790894,0,0.9713313579559326,0.5990678668022156,1.0543161518051,4,ppo_kalman_seed45,ppo_kalman,PPO-Kalman,45
77129,intercepted,1,0,0,0,250,18,9.0,232,250.0,125.0,2.2979390621185303,0,2.4919241613072898,2.2898097038269043,2.5744689608278053,233,ppo_kalman_seed45,ppo_kalman,PPO-Kalman,45
77130,soldier_caught,0,1,0,0,73,10,5.0,63,,,1.7432506084442139,0,2.6501771761104465,2.4467785358428955,2.7152901369989015,64,ppo_kalman_seed45,ppo_kalman,PPO-Kalman,45
77131,intercepted,1,0,0,0,58,11,5.5,47,58.0,29.0,4.9763875007629395,0,2.5852919841806092,3.172602415084839,2.681481316417849,48,ppo_kalman_seed45,ppo_kalman,PPO-Kalman,45
77132,intercepted,1,0,0,0,123,10,5.0,113,123.0,61.5,3.1070704460144043,0,2.634587649713483,2.3541340827941895,2.7408375498416997,114,ppo_kalman_seed45,ppo_kalman,PPO-Kalman,45
77133,intercepted,1,0,0,0,59,11,5.5,48,59.0,29.5,11.659255981445312,0,2.4796209754992504,2.9011425971984863,2.5849963437668246,49,ppo_kalman_seed45,ppo_kalman,PPO-Kalman,45
77134,intercepted,1,0,0,0,148,9,4.5,139,148.0,74.0,5.284970760345459,0,2.481121932608741,2.935933828353882,2.6078829935254046,140,ppo_kalman_seed45,ppo_kalman,PPO-Kalman,45
77135,intercepted,1,0,0,0,20,10,5.0,10,20.0,10.0,11.796744346618652,0,1.7991747801954097,3.4782798290252686,1.970939886081925,11,ppo_kalman_seed45,ppo_kalman,PPO-Kalman,45
77136,soldier_caught,0,1,0,0,252,166,83.0,86,,,1.6000490188598633,0,2.3602823070411025,1.0923031568527222,2.4950778044907307,87,ppo_kalman_seed45,ppo_kalman,PPO-Kalman,45
77137,soldier_caught,0,1,0,0,417,7,3.5,410,,,1.8588237762451172,0,2.553050209861022,2.789330244064331,2.6441955751137236,411,ppo_kalman_seed45,ppo_kalman,PPO-Kalman,45
77138,intercepted,1,0,0,0,686,15,7.5,671,686.0,343.0,4.131208419799805,0,2.685450636338265,1.6777892112731934,2.7617324238152925,672,ppo_kalman_seed45,ppo_kalman,PPO-Kalman,45
77139,soldier_caught,0,1,0,0,63,14,7.0,49,,,1.067476511001587,0,2.2733963936567307,3.5328421592712402,2.4613384314161557,50,ppo_kalman_seed45,ppo_kalman,PPO-Kalman,45
77140,intercepted,1,0,0,0,102,15,7.5,87,102.0,51.0,12.007922172546387,0,2.469198814847253,2.6334335803985596,2.5666498804229954,88,ppo_kalman_seed45,ppo_kalman,PPO-Kalman,45
77141,intercepted,1,0,0,0,126,16,8.0,110,126.0,63.0,2.506035089492798,0,2.4939921533202267,0.8934568166732788,2.5928614123704277,111,ppo_kalman_seed45,ppo_kalman,PPO-Kalman,45
77142,intercepted,1,0,0,0,71,14,7.0,57,71.0,35.5,3.1054046154022217,0,2.2509189505001594,1.9519729614257812,2.420841858893009,58,ppo_kalman_seed45,ppo_kalman,PPO-Kalman,45
77143,intercepted,1,0,0,0,128,13,6.5,115,128.0,64.0,4.311310768127441,0,2.474378672139398,1.278930425643921,2.5603763033430034,116,ppo_kalman_seed45,ppo_kalman,PPO-Kalman,45
77144,intercepted,1,0,0,0,131,8,4.0,123,131.0,65.5,8.999446868896484,0,2.5457836768079187,1.7793406248092651,2.6431471337581702,124,ppo_kalman_seed45,ppo_kalman,PPO-Kalman,45
77145,soldier_caught,0,1,0,0,87,42,21.0,45,,,1.9654124975204468,0,2.160605856905813,3.8672609329223633,2.2684723716894717,46,ppo_kalman_seed45,ppo_kalman,PPO-Kalman,45
77146,intercepted,1,0,0,0,643,11,5.5,632,643.0,321.5,6.728749752044678,0,2.5167589058149105,2.4440395832061768,2.614386220982269,633,ppo_kalman_seed45,ppo_kalman,PPO-Kalman,45
77147,intercepted,1,0,0,0,60,14,7.0,46,60.0,30.0,10.849323272705078,0,2.553795917237059,2.5646307468414307,2.6308441754301746,47,ppo_kalman_seed45,ppo_kalman,PPO-Kalman,45
77148,intercepted,1,0,0,0,145,16,8.0,129,145.0,72.5,3.283095598220825,0,2.4661089774507743,2.6832940578460693,2.5963985882892953,130,ppo_kalman_seed45,ppo_kalman,PPO-Kalman,45
77149,unsafe_intercept,0,0,1,0,15,13,6.5,2,,,2.727870225906372,0,1.1777175068855286,1.8776732683181763,1.2786710946338824,3,ppo_kalman_seed45,ppo_kalman,PPO-Kalman,45
77150,intercepted,1,0,0,0,116,10,5.0,106,116.0,58.0,5.231351375579834,0,2.45648733644842,3.1451053619384766,2.5846988551170633,107,ppo_kalman_seed45,ppo_kalman,PPO-Kalman,45
77151,intercepted,1,0,0,0,39,12,6.0,27,39.0,19.5,10.856111526489258,0,2.311377154929297,2.6787631511688232,2.4160981714902636,28,ppo_kalman_seed45,ppo_kalman,PPO-Kalman,45
77152,soldier_caught,0,1,0,0,268,27,13.5,241,,,0.7585629224777222,0,2.4415878564858238,3.1577236652374268,2.5482067689758465,242,ppo_kalman_seed45,ppo_kalman,PPO-Kalman,45
77153,soldier_caught,0,1,0,0,35,11,5.5,24,,,0.7398913502693176,0,2.4903242874145506,1.45317542552948,2.7391244147644502,25,ppo_kalman_seed45,ppo_kalman,PPO-Kalman,45
77154,intercepted,1,0,0,0,116,15,7.5,101,116.0,58.0,3.775482654571533,0,2.3783037539790657,1.8443865776062012,2.533254528680659,102,ppo_kalman_seed45,ppo_kalman,PPO-Kalman,45
77155,intercepted,1,0,0,0,56,12,6.0,44,56.0,28.0,11.12557315826416,0,2.144567010800044,3.2955188751220703,2.269099414217251,45,ppo_kalman_seed45,ppo_kalman,PPO-Kalman,45
77156,intercepted,1,0,0,0,111,10,5.0,101,111.0,55.5,7.152181148529053,0,2.3853680171510754,3.3555402755737305,2.529429221332753,102,ppo_kalman_seed45,ppo_kalman,PPO-Kalman,45
77157,intercepted,1,0,0,0,15,13,6.5,2,15.0,7.5,4.297224521636963,0,1.118367612361908,0.5522146821022034,1.1998316033047234,3,ppo_kalman_seed45,ppo_kalman,PPO-Kalman,45
77158,soldier_caught,0,1,0,0,353,8,4.0,345,,,1.4260119199752808,0,2.5944727794024987,3.1328985691070557,2.669471729171742,346,ppo_kalman_seed45,ppo_kalman,PPO-Kalman,45
77159,intercepted,1,0,0,0,39,16,8.0,23,39.0,19.5,7.388442039489746,0,2.409615121781826,2.425201892852783,2.546136148275939,24,ppo_kalman_seed45,ppo_kalman,PPO-Kalman,45
77160,intercepted,1,0,0,0,291,17,8.5,274,291.0,145.5,3.219879627227783,0,2.5519118831374428,3.4213151931762695,2.6536377860382494,275,ppo_kalman_seed45,ppo_kalman,PPO-Kalman,45
77161,intercepted,1,0,0,0,738,10,5.0,728,738.0,369.0,2.1801888942718506,0,2.4970539421333697,2.4658284187316895,2.599343571571809,729,ppo_kalman_seed45,ppo_kalman,PPO-Kalman,45
77162,intercepted,1,0,0,0,244,15,7.5,229,244.0,122.0,9.605904579162598,0,2.618767707762511,3.4421029090881348,2.694511017349578,230,ppo_kalman_seed45,ppo_kalman,PPO-Kalman,45
77163,intercepted,1,0,0,0,60,19,9.5,41,60.0,30.0,11.939270973205566,0,2.325885987707547,2.7552924156188965,2.496854405342639,42,ppo_kalman_seed45,ppo_kalman,PPO-Kalman,45
77164,intercepted,1,0,0,0,56,12,6.0,44,56.0,28.0,7.352993011474609,0,2.1051055987675986,2.4037246704101562,2.216453291251225,45,ppo_kalman_seed45,ppo_kalman,PPO-Kalman,45
77165,intercepted,1,0,0,0,149,14,7.0,135,149.0,74.5,8.592796325683594,0,2.429087083786726,2.775031566619873,2.569226577964523,136,ppo_kalman_seed45,ppo_kalman,PPO-Kalman,45
77166,soldier_caught,0,1,0,0,104,16,8.0,88,,,1.0074862241744995,0,2.4937482626920335,3.4950621128082275,2.6110630170583793,89,ppo_kalman_seed45,ppo_kalman,PPO-Kalman,45
77167,soldier_caught,0,1,0,0,36,11,5.5,25,,,0.34010767936706543,0,2.1923708629149656,2.954556465148926,2.363696236693743,26,ppo_kalman_seed45,ppo_kalman,PPO-Kalman,45
77168,intercepted,1,0,0,0,44,12,6.0,32,44.0,22.0,11.846208572387695,0,2.401214021624941,3.310875654220581,2.516297079595276,33,ppo_kalman_seed45,ppo_kalman,PPO-Kalman,45
77169,soldier_caught,0,1,0,0,58,10,5.0,48,,,1.5256154537200928,0,2.5343716235793368,2.6804466247558594,2.680516215843704,49,ppo_kalman_seed45,ppo_kalman,PPO-Kalman,45
77170,intercepted,1,0,0,0,227,30,15.0,197,227.0,113.5,6.456953525543213,0,2.512622372670607,1.4911246299743652,2.596351844142262,198,ppo_kalman_seed45,ppo_kalman,PPO-Kalman,45
77171,intercepted,1,0,0,0,426,9,4.5,417,426.0,213.0,2.1741771697998047,0,2.6160391102852434,2.4422473907470703,2.705212988270602,418,ppo_kalman_seed45,ppo_kalman,PPO-Kalman,45
77172,intercepted,1,0,0,0,347,12,6.0,335,347.0,173.5,10.935652732849121,0,2.687215419042678,2.1289618015289307,2.74961993371263,336,ppo_kalman_seed45,ppo_kalman,PPO-Kalman,45
77173,soldier_caught,0,1,0,0,204,60,30.0,144,,,0.6224833130836487,0,2.4892247469260775,3.0464730262756348,2.6590558614450415,145,ppo_kalman_seed45,ppo_kalman,PPO-Kalman,45
77174,intercepted,1,0,0,0,190,15,7.5,175,190.0,95.0,7.4869842529296875,0,2.5655975986949424,2.7744333744049072,2.6767086378765055,176,ppo_kalman_seed45,ppo_kalman,PPO-Kalman,45
77175,intercepted,1,0,0,0,16,7,3.5,9,16.0,8.0,10.291088104248047,0,2.2191421926021575,2.693150758743286,2.356092597316313,10,ppo_kalman_seed45,ppo_kalman,PPO-Kalman,45
77176,intercepted,1,0,0,0,72,13,6.5,59,72.0,36.0,7.277567386627197,0,2.0157264441251757,1.4706538915634155,2.1501611586909894,60,ppo_kalman_seed45,ppo_kalman,PPO-Kalman,45
77177,intercepted,1,0,0,0,366,14,7.0,352,366.0,183.0,3.284590482711792,0,2.479269616073657,3.8377232551574707,2.588657794778952,353,ppo_kalman_seed45,ppo_kalman,PPO-Kalman,45
77178,intercepted,1,0,0,0,62,10,5.0,52,62.0,31.0,6.762302398681641,0,2.2648993348175623,2.8114898204803467,2.3808474473421386,53,ppo_kalman_seed45,ppo_kalman,PPO-Kalman,45
77179,intercepted,1,0,0,0,38,10,5.0,28,38.0,19.0,7.384379863739014,0,2.3528166495520493,3.08720064163208,2.4784602628175283,29,ppo_kalman_seed45,ppo_kalman,PPO-Kalman,45
77180,soldier_caught,0,1,0,0,16,13,6.5,3,,,1.7166972160339355,0,1.200693517923355,1.1511054039001465,1.295906249015234,4,ppo_kalman_seed45,ppo_kalman,PPO-Kalman,45
77181,intercepted,1,0,0,0,26,19,9.5,7,26.0,13.0,11.121572494506836,0,1.927310898900032,2.4889307022094727,2.0570425360296616,8,ppo_kalman_seed45,ppo_kalman,PPO-Kalman,45
77182,intercepted,1,0,0,0,55,13,6.5,42,55.0,27.5,12.182273864746094,0,2.3810055602428526,1.5122640132904053,2.47964886948878,43,ppo_kalman_seed45,ppo_kalman,PPO-Kalman,45
77183,intercepted,1,0,0,0,12,8,4.0,4,12.0,6.0,3.775228261947632,0,1.291352128982544,1.1858563423156738,1.3416386222279335,5,ppo_kalman_seed45,ppo_kalman,PPO-Kalman,45
77184,intercepted,1,0,0,0,104,15,7.5,89,104.0,52.0,8.354069709777832,0,2.4096906416945987,2.640226364135742,2.5781559043968336,90,ppo_kalman_seed45,ppo_kalman,PPO-Kalman,45
77185,intercepted,1,0,0,0,118,32,16.0,86,118.0,59.0,11.648080825805664,0,2.6302764758296395,3.061863660812378,2.6956914486060066,87,ppo_kalman_seed45,ppo_kalman,PPO-Kalman,45
77186,intercepted,1,0,0,0,198,11,5.5,187,198.0,99.0,6.37652587890625,0,2.6127510771472404,2.5844311714172363,2.7404917986302975,188,ppo_kalman_seed45,ppo_kalman,PPO-Kalman,45
77187,intercepted,1,0,0,0,614,7,3.5,607,614.0,307.0,2.3947839736938477,0,2.572510506320549,2.8713676929473877,2.6851564747756944,608,ppo_kalman_seed45,ppo_kalman,PPO-Kalman,45
77188,intercepted,1,0,0,0,17,12,6.0,5,17.0,8.5,5.405864715576172,0,0.9080819487571716,1.0781553983688354,0.9279698778990491,6,ppo_kalman_seed45,ppo_kalman,PPO-Kalman,45
77189,intercepted,1,0,0,0,74,8,4.0,66,74.0,37.0,5.481575012207031,0,2.0609516101096994,2.5057504177093506,2.1884681186062025,67,ppo_kalman_seed45,ppo_kalman,PPO-Kalman,45
77190,intercepted,1,0,0,0,44,12,6.0,32,44.0,22.0,2.4639925956726074,0,2.3864028760881135,2.3730740547180176,2.490703052029396,33,ppo_kalman_seed45,ppo_kalman,PPO-Kalman,45
77191,intercepted,1,0,0,0,9,7,3.5,2,9.0,4.5,5.312931060791016,0,1.3869091669718425,1.3209046125411987,1.393301596382197,3,ppo_kalman_seed45,ppo_kalman,PPO-Kalman,45
77192,intercepted,1,0,0,0,99,7,3.5,92,99.0,49.5,2.2072908878326416,0,2.279767680232243,1.030212640762329,2.4284431986385657,93,ppo_kalman_seed45,ppo_kalman,PPO-Kalman,45
77193,intercepted,1,0,0,0,133,9,4.5,124,133.0,66.5,4.645495891571045,0,2.599306450843811,2.92669677734375,2.658268844220404,125,ppo_kalman_seed45,ppo_kalman,PPO-Kalman,45
77194,intercepted,1,0,0,0,90,20,10.0,70,90.0,45.0,6.271970748901367,0,2.4802001634953728,2.366682767868042,2.6079579434642253,71,ppo_kalman_seed45,ppo_kalman,PPO-Kalman,45
77195,intercepted,1,0,0,0,127,7,3.5,120,127.0,63.5,2.498272180557251,0,2.065349113103772,2.1572885513305664,2.222251851278521,121,ppo_kalman_seed45,ppo_kalman,PPO-Kalman,45
77196,intercepted,1,0,0,0,36,9,4.5,27,36.0,18.0,6.631937503814697,0,2.4360343739390373,2.468209743499756,2.5341468868371546,28,ppo_kalman_seed45,ppo_kalman,PPO-Kalman,45
77197,intercepted,1,0,0,0,80,27,13.5,53,80.0,40.0,4.494711399078369,0,2.3350432956660234,2.336426258087158,2.4272710836926907,54,ppo_kalman_seed45,ppo_kalman,PPO-Kalman,45
77198,intercepted,1,0,0,0,168,8,4.0,160,168.0,84.0,3.736783981323242,0,2.5079414955577497,3.074944019317627,2.6218702372931397,161,ppo_kalman_seed45,ppo_kalman,PPO-Kalman,45
77199,intercepted,1,0,0,0,97,17,8.5,80,97.0,48.5,11.68086051940918,0,2.4431893663641846,2.931389570236206,2.5635891644382336,81,ppo_kalman_seed45,ppo_kalman,PPO-Kalman,45
77200,intercepted,1,0,0,0,237,77,38.5,160,237.0,118.5,2.357586622238159,0,2.3174437469577196,2.9073421955108643,2.4517028669092884,161,ppo_kalman_seed45,ppo_kalman,PPO-Kalman,45
77201,intercepted,1,0,0,0,474,9,4.5,465,474.0,237.0,2.275003433227539,0,2.6378717486438834,3.1281931400299072,2.7007172023917336,466,ppo_kalman_seed45,ppo_kalman,PPO-Kalman,45
77202,intercepted,1,0,0,0,206,11,5.5,195,206.0,103.0,6.340826988220215,0,2.7033009439402695,2.763566255569458,2.7666667894920107,196,ppo_kalman_seed45,ppo_kalman,PPO-Kalman,45
77203,intercepted,1,0,0,0,101,14,7.0,87,101.0,50.5,9.820161819458008,0,2.3961034224114637,2.1618504524230957,2.4900426513721756,88,ppo_kalman_seed45,ppo_kalman,PPO-Kalman,45
77204,intercepted,1,0,0,0,105,35,17.5,70,105.0,52.5,10.67914867401123,0,2.523546772943416,3.662339687347412,2.6254208909682046,71,ppo_kalman_seed45,ppo_kalman,PPO-Kalman,45
77205,intercepted,1,0,0,0,250,11,5.5,239,250.0,125.0,2.005409002304077,0,2.6212351181854805,2.307304859161377,2.715419764148482,240,ppo_kalman_seed45,ppo_kalman,PPO-Kalman,45
77206,intercepted,1,0,0,0,14,11,5.5,3,14.0,7.0,4.588278293609619,0,0.9450560212135315,0.7742711901664734,0.9548273550336127,4,ppo_kalman_seed45,ppo_kalman,PPO-Kalman,45
77207,intercepted,1,0,0,0,46,9,4.5,37,46.0,23.0,6.825216293334961,0,2.0173450049601103,2.7732081413269043,2.2832279669440494,38,ppo_kalman_seed45,ppo_kalman,PPO-Kalman,45
77208,soldier_caught,0,1,0,0,46,44,22.0,2,,,1.4187097549438477,0,0.7253284056981405,0.6065900325775146,0.7548247055551519,3,ppo_kalman_seed45,ppo_kalman,PPO-Kalman,45
77209,intercepted,1,0,0,0,94,20,10.0,74,94.0,47.0,4.935663223266602,0,2.2111243083079657,2.5782179832458496,2.3420570417491384,75,ppo_kalman_seed45,ppo_kalman,PPO-Kalman,45
77210,intercepted,1,0,0,0,327,19,9.5,308,327.0,163.5,7.861041069030762,0,2.563710324876131,3.005953073501587,2.6426456766399524,309,ppo_kalman_seed45,ppo_kalman,PPO-Kalman,45
77211,intercepted,1,0,0,0,250,14,7.0,236,250.0,125.0,3.5756430625915527,0,2.4839952160537493,2.6797003746032715,2.591115083542467,237,ppo_kalman_seed45,ppo_kalman,PPO-Kalman,45
77212,intercepted,1,0,0,0,46,11,5.5,35,46.0,23.0,12.638226509094238,0,2.1077022776007652,3.81720232963562,2.289692650932338,36,ppo_kalman_seed45,ppo_kalman,PPO-Kalman,45
77213,intercepted,1,0,0,0,198,9,4.5,189,198.0,99.0,5.462201118469238,0,2.715273189858386,2.972757339477539,2.7870375963213334,190,ppo_kalman_seed45,ppo_kalman,PPO-Kalman,45
77214,intercepted,1,0,0,0,99,13,6.5,86,99.0,49.5,6.689016342163086,0,2.5230580157247084,3.3455724716186523,2.6300157822611885,87,ppo_kalman_seed45,ppo_kalman,PPO-Kalman,45
77215,soldier_caught,0,1,0,0,12,10,5.0,2,,,1.3896608352661133,0,0.5934660236040751,1.180957555770874,0.7329622214453695,3,ppo_kalman_seed45,ppo_kalman,PPO-Kalman,45
77216,intercepted,1,0,0,0,176,42,21.0,134,176.0,88.0,10.611590385437012,0,2.6838376795804058,2.231633424758911,2.7307275270287437,135,ppo_kalman_seed45,ppo_kalman,PPO-Kalman,45
77217,intercepted,1,0,0,0,39,11,5.5,28,39.0,19.5,8.040088653564453,0,2.0188458582450606,1.9302440881729126,2.1627498108525587,29,ppo_kalman_seed45,ppo_kalman,PPO-Kalman,45
77218,intercepted,1,0,0,0,21,16,8.0,5,21.0,10.5,11.807296752929688,0,1.8188924888769786,2.583059787750244,1.9229258557262454,6,ppo_kalman_seed45,ppo_kalman,PPO-Kalman,45
77219,intercepted,1,0,0,0,10,7,3.5,3,10.0,5.0,5.870760917663574,0,1.060733363032341,1.0182119607925415,1.0797779813892832,4,ppo_kalman_seed45,ppo_kalman,PPO-Kalman,45
77220,intercepted,1,0,0,0,33,11,5.5,22,33.0,16.5,13.074651718139648,0,2.2084730060204216,2.197892665863037,2.2896879394065057,23,ppo_kalman_seed45,ppo_kalman,PPO-Kalman,45
77221,soldier_caught,0,1,0,0,118,9,4.5,109,,,1.652415156364441,0,2.3661788536743686,1.5448247194290161,2.4641702626553026,110,ppo_kalman_seed45,ppo_kalman,PPO-Kalman,45
77222,intercepted,1,0,0,0,32,9,4.5,23,32.0,16.0,11.797513008117676,0,2.4060146088401475,2.4876279830932617,2.6459181670934955,24,ppo_kalman_seed45,ppo_kalman,PPO-Kalman,45
77223,intercepted,1,0,0,0,100,8,4.0,92,100.0,50.0,2.541485071182251,0,2.180471449769953,1.262734293937683,2.3202921883369663,93,ppo_kalman_seed45,ppo_kalman,PPO-Kalman,45
77224,intercepted,1,0,0,0,105,12,6.0,93,105.0,52.5,5.9497151374816895,0,2.4407827169337173,2.7577028274536133,2.550147149672639,94,ppo_kalman_seed45,ppo_kalman,PPO-Kalman,45
77225,intercepted,1,0,0,0,90,80,40.0,10,90.0,45.0,12.362531661987305,0,1.9182675968516956,2.8854665756225586,1.9957541420326328,11,ppo_kalman_seed45,ppo_kalman,PPO-Kalman,45
77226,soldier_caught,0,1,0,0,213,16,8.0,197,,,1.9758315086364746,0,2.596187096202012,0.8891250491142273,2.705348121469501,198,ppo_kalman_seed45,ppo_kalman,PPO-Kalman,45
77227,intercepted,1,0,0,0,39,10,5.0,29,39.0,19.5,10.057572364807129,0,2.5574942673246066,2.344313383102417,2.700981864544533,30,ppo_kalman_seed45,ppo_kalman,PPO-Kalman,45
77228,intercepted,1,0,0,0,41,15,7.5,26,41.0,20.5,11.162879943847656,0,2.7994197286941387,2.717010498046875,2.8912219316277166,27,ppo_kalman_seed45,ppo_kalman,PPO-Kalman,45
77229,intercepted,1,0,0,0,10,8,4.0,2,10.0,5.0,4.983417987823486,0,1.1842053731282551,1.2127453088760376,1.202106372125199,3,ppo_kalman_seed45,ppo_kalman,PPO-Kalman,45
77230,intercepted,1,0,0,0,67,17,8.5,50,67.0,33.5,9.942769050598145,0,2.753424609408659,2.0669918060302734,2.8421517709752124,51,ppo_kalman_seed45,ppo_kalman,PPO-Kalman,45
77231,intercepted,1,0,0,0,183,14,7.0,169,183.0,91.5,10.619803428649902,0,2.6208650350570677,3.5120391845703125,2.6682292786527904,170,ppo_kalman_seed45,ppo_kalman,PPO-Kalman,45
77232,intercepted,1,0,0,0,77,11,5.5,66,77.0,38.5,4.620790958404541,0,2.3710529701923257,1.8587841987609863,2.4838928093284025,67,ppo_kalman_seed45,ppo_kalman,PPO-Kalman,45
77233,intercepted,1,0,0,0,17,8,4.0,9,17.0,8.5,8.662595748901367,0,1.8950834453105927,3.3364343643188477,2.156592757398161,10,ppo_kalman_seed45,ppo_kalman,PPO-Kalman,45
77234,intercepted,1,0,0,0,85,11,5.5,74,85.0,42.5,6.531410217285156,0,2.429137274424235,1.895871639251709,2.51792186138019,75,ppo_kalman_seed45,ppo_kalman,PPO-Kalman,45
77235,intercepted,1,0,0,0,316,11,5.5,305,316.0,158.0,3.9451406002044678,0,2.475166717970293,2.2791318893432617,2.5744490097506953,306,ppo_kalman_seed45,ppo_kalman,PPO-Kalman,45
77236,intercepted,1,0,0,0,299,11,5.5,288,299.0,149.5,9.391644477844238,0,2.7379447057791646,2.566833734512329,2.819755741284182,289,ppo_kalman_seed45,ppo_kalman,PPO-Kalman,45
77237,intercepted,1,0,0,0,56,9,4.5,47,56.0,28.0,7.012974262237549,0,2.404542147492369,2.9658570289611816,2.5227730032303435,48,ppo_kalman_seed45,ppo_kalman,PPO-Kalman,45
77238,intercepted,1,0,0,0,41,12,6.0,29,41.0,20.5,6.966264247894287,0,2.2256652106841406,2.5093982219696045,2.345753708189657,30,ppo_kalman_seed45,ppo_kalman,PPO-Kalman,45
77239,intercepted,1,0,0,0,201,16,8.0,185,201.0,100.5,11.865169525146484,0,2.563804670206962,2.2730252742767334,2.655605641540011,186,ppo_kalman_seed45,ppo_kalman,PPO-Kalman,45
77240,intercepted,1,0,0,0,17,10,5.0,7,17.0,8.5,4.723766326904297,0,1.668519213795662,3.2232022285461426,1.8917657611307794,8,ppo_kalman_seed45,ppo_kalman,PPO-Kalman,45
77241,intercepted,1,0,0,0,66,7,3.5,59,66.0,33.0,6.584962844848633,0,2.5729611267646155,1.5124508142471313,2.6812056397868784,60,ppo_kalman_seed45,ppo_kalman,PPO-Kalman,45
77242,soldier_caught,0,1,0,0,11,8,4.0,3,,,1.7108367681503296,0,0.7427763193845749,0.4721077084541321,0.784608965600043,4,ppo_kalman_seed45,ppo_kalman,PPO-Kalman,45
77243,intercepted,1,0,0,0,10,8,4.0,2,10.0,5.0,3.6670515537261963,0,1.3559839328130086,1.1813713312149048,1.4057669703129063,3,ppo_kalman_seed45,ppo_kalman,PPO-Kalman,45
77244,soldier_caught,0,1,0,0,60,11,5.5,49,,,1.862136721611023,0,2.2539996111392977,2.0714902877807617,2.391304241666737,50,ppo_kalman_seed45,ppo_kalman,PPO-Kalman,45
77245,intercepted,1,0,0,0,75,14,7.0,61,75.0,37.5,2.1030924320220947,0,2.104950552025149,0.5992591381072998,2.3289606535773464,62,ppo_kalman_seed45,ppo_kalman,PPO-Kalman,45
77246,intercepted,1,0,0,0,22,12,6.0,10,22.0,11.0,10.918975830078125,0,1.9626848941499537,2.427039384841919,2.111149790531713,11,ppo_kalman_seed45,ppo_kalman,PPO-Kalman,45
77247,intercepted,1,0,0,0,139,9,4.5,130,139.0,69.5,5.555080890655518,0,2.467013549713688,2.9341373443603516,2.574898704644379,131,ppo_kalman_seed45,ppo_kalman,PPO-Kalman,45
77248,intercepted,1,0,0,0,956,14,7.0,942,956.0,478.0,4.729957580566406,0,2.6686107697062122,1.8275479078292847,2.7489294548510173,943,ppo_kalman_seed45,ppo_kalman,PPO-Kalman,45
77249,intercepted,1,0,0,0,97,10,5.0,87,97.0,48.5,4.926472187042236,0,2.303321959958835,1.9579750299453735,2.4471469395269274,88,ppo_kalman_seed45,ppo_kalman,PPO-Kalman,45
77250,intercepted,1,0,0,0,28,9,4.5,19,28.0,14.0,9.661157608032227,0,2.462615889310837,2.8266894817352295,2.5822205510406455,20,ppo_kalman_seed45,ppo_kalman,PPO-Kalman,45
77251,soldier_caught,0,1,0,0,66,13,6.5,53,,,1.8418399095535278,0,2.319244174493684,0.9815455675125122,2.464107733876638,54,ppo_kalman_seed45,ppo_kalman,PPO-Kalman,45
77252,intercepted,1,0,0,0,161,13,6.5,148,161.0,80.5,6.190420150756836,0,2.5402972444191874,2.8893163204193115,2.628517828771223,149,ppo_kalman_seed45,ppo_kalman,PPO-Kalman,45
77253,intercepted,1,0,0,0,86,8,4.0,78,86.0,43.0,3.382859468460083,0,2.3531666963915283,2.6214916706085205,2.4544639339408456,79,ppo_kalman_seed45,ppo_kalman,PPO-Kalman,45
77254,intercepted,1,0,0,0,146,20,10.0,126,146.0,73.0,2.343136787414551,0,2.4828224627990423,2.577646017074585,2.5819262920968944,127,ppo_kalman_seed45,ppo_kalman,PPO-Kalman,45
77255,intercepted,1,0,0,0,56,7,3.5,49,56.0,28.0,10.546982765197754,0,2.4733826810121537,1.689056396484375,2.5776011523258613,50,ppo_kalman_seed45,ppo_kalman,PPO-Kalman,45
77256,soldier_caught,0,1,0,0,63,35,17.5,28,,,1.7109793424606323,0,2.1591996725263267,0.5628103613853455,2.3496888880567823,29,ppo_kalman_seed45,ppo_kalman,PPO-Kalman,45
77257,intercepted,1,0,0,0,44,9,4.5,35,44.0,22.0,7.718188285827637,0,2.0322624329063625,1.5964032411575317,2.2719067393257455,36,ppo_kalman_seed45,ppo_kalman,PPO-Kalman,45
77258,intercepted,1,0,0,0,63,9,4.5,54,63.0,31.5,3.4244401454925537,0,2.626759164983576,1.9321330785751343,2.7126227445680073,55,ppo_kalman_seed45,ppo_kalman,PPO-Kalman,45
77259,intercepted,1,0,0,0,458,26,13.0,432,458.0,229.0,2.106881856918335,0,2.5953191694982056,2.661931037902832,2.6861231571595936,433,ppo_kalman_seed45,ppo_kalman,PPO-Kalman,45
77260,intercepted,1,0,0,0,75,48,24.0,27,75.0,37.5,13.717453956604004,0,2.45133906177112,2.7023990154266357,2.5534893663204326,28,ppo_kalman_seed45,ppo_kalman,PPO-Kalman,45
77261,intercepted,1,0,0,0,218,131,65.5,87,218.0,109.0,2.264831304550171,0,2.4338885857300325,1.3825479745864868,2.5712414716998313,88,ppo_kalman_seed45,ppo_kalman,PPO-Kalman,45
77262,intercepted,1,0,0,0,238,13,6.5,225,238.0,119.0,5.084830284118652,0,2.34869611078659,3.488477945327759,2.4994980102506457,226,ppo_kalman_seed45,ppo_kalman,PPO-Kalman,45
77263,intercepted,1,0,0,0,103,40,20.0,63,103.0,51.5,6.944256782531738,0,2.4774113101884723,2.448604106903076,2.6124763389539014,64,ppo_kalman_seed45,ppo_kalman,PPO-Kalman,45
77264,intercepted,1,0,0,0,71,14,7.0,57,71.0,35.5,4.351781368255615,0,2.19149179037275,2.853377103805542,2.409879429558099,58,ppo_kalman_seed45,ppo_kalman,PPO-Kalman,45
77265,intercepted,1,0,0,0,39,7,3.5,32,39.0,19.5,5.586859703063965,0,2.397960886810765,3.607130765914917,2.5424671390232745,33,ppo_kalman_seed45,ppo_kalman,PPO-Kalman,45
77266,intercepted,1,0,0,0,158,31,15.5,127,158.0,79.0,3.89516544342041,0,2.370581878349185,2.7243058681488037,2.515178383865196,128,ppo_kalman_seed45,ppo_kalman,PPO-Kalman,45
77267,soldier_caught,0,1,0,0,35,11,5.5,24,,,0.7719476222991943,0,2.419324588775635,3.5322155952453613,2.524447873062296,25,ppo_kalman_seed45,ppo_kalman,PPO-Kalman,45
77268,intercepted,1,0,0,0,158,30,15.0,128,158.0,79.0,10.974912643432617,0,2.6304703086845636,2.8061587810516357,2.6879385705382353,129,ppo_kalman_seed45,ppo_kalman,PPO-Kalman,45
77269,intercepted,1,0,0,0,449,12,6.0,437,449.0,224.5,2.2653486728668213,0,2.59380623677822,3.1604573726654053,2.677142836016466,438,ppo_kalman_seed45,ppo_kalman,PPO-Kalman,45
77270,intercepted,1,0,0,0,141,9,4.5,132,141.0,70.5,6.216737270355225,0,2.3210001387318275,3.515631914138794,2.451428594106263,133,ppo_kalman_seed45,ppo_kalman,PPO-Kalman,45
77271,intercepted,1,0,0,0,99,10,5.0,89,99.0,49.5,5.998784065246582,0,2.451704881588618,2.8026328086853027,2.6096580832231986,90,ppo_kalman_seed45,ppo_kalman,PPO-Kalman,45
77272,intercepted,1,0,0,0,384,10,5.0,374,384.0,192.0,2.7420620918273926,0,2.496519465446472,2.9449076652526855,2.6064294259047314,375,ppo_kalman_seed45,ppo_kalman,PPO-Kalman,45
77273,soldier_caught,0,1,0,0,131,11,5.5,120,,,1.5087132453918457,0,2.517828366480583,3.0723111629486084,2.6198994769692927,121,ppo_kalman_seed45,ppo_kalman,PPO-Kalman,45
77274,intercepted,1,0,0,0,14,12,6.0,2,14.0,7.0,5.188446998596191,0,1.5230444272359211,1.1189684867858887,1.5632296055896875,3,ppo_kalman_seed45,ppo_kalman,PPO-Kalman,45
77275,intercepted,1,0,0,0,34,11,5.5,23,34.0,17.0,11.196248054504395,0,2.1367564809819064,2.2735748291015625,2.264224242576542,24,ppo_kalman_seed45,ppo_kalman,PPO-Kalman,45
77276,intercepted,1,0,0,0,19,10,5.0,9,19.0,9.5,14.178800582885742,0,1.6699451625347137,1.7093522548675537,1.79976334461997,10,ppo_kalman_seed45,ppo_kalman,PPO-Kalman,45
77277,intercepted,1,0,0,0,46,17,8.5,29,46.0,23.0,4.427519798278809,0,2.0783012251059216,0.5084505081176758,2.2623382449065166,30,ppo_kalman_seed45,ppo_kalman,PPO-Kalman,45
77278,intercepted,1,0,0,0,255,14,7.0,241,255.0,127.5,2.2067503929138184,0,2.449566915384994,2.0133588314056396,2.580924453032708,242,ppo_kalman_seed45,ppo_kalman,PPO-Kalman,45
77279,intercepted,1,0,0,0,63,9,4.5,54,63.0,31.5,6.570485591888428,0,2.319392151182348,2.90278959274292,2.479877560615391,55,ppo_kalman_seed45,ppo_kalman,PPO-Kalman,45
77280,soldier_caught,0,1,0,0,46,15,7.5,31,,,1.4430625438690186,0,2.2507449090480804,1.9083596467971802,2.453618246400408,32,ppo_kalman_seed45,ppo_kalman,PPO-Kalman,45
77281,intercepted,1,0,0,0,320,42,21.0,278,320.0,160.0,2.6497111320495605,0,2.623887122959219,2.0706660747528076,2.725633955402766,279,ppo_kalman_seed45,ppo_kalman,PPO-Kalman,45
77282,intercepted,1,0,0,0,30,7,3.5,23,30.0,15.0,8.207167625427246,0,2.52963063120842,3.26950740814209,2.600003411130583,24,ppo_kalman_seed45,ppo_kalman,PPO-Kalman,45
77283,intercepted,1,0,0,0,197,23,11.5,174,197.0,98.5,6.275435924530029,0,2.59985376562391,2.6524033546447754,2.709676788463723,175,ppo_kalman_seed45,ppo_kalman,PPO-Kalman,45
77284,intercepted,1,0,0,0,30,9,4.5,21,30.0,15.0,6.517219066619873,0,2.388213176618923,2.9159185886383057,2.573875662778029,22,ppo_kalman_seed45,ppo_kalman,PPO-Kalman,45
77285,intercepted,1,0,0,0,325,38,19.0,287,325.0,162.5,10.680567741394043,0,2.6671929905811944,2.7382616996765137,2.7310589216023,288,ppo_kalman_seed45,ppo_kalman,PPO-Kalman,45
77286,intercepted,1,0,0,0,243,9,4.5,234,243.0,121.5,2.904250383377075,0,2.387260504162058,2.8603878021240234,2.5353166354685817,235,ppo_kalman_seed45,ppo_kalman,PPO-Kalman,45
77287,soldier_caught,0,1,0,0,220,47,23.5,173,,,1.9526129961013794,0,2.5373573501904807,1.451215147972107,2.6156885808013253,174,ppo_kalman_seed45,ppo_kalman,PPO-Kalman,45
77288,intercepted,1,0,0,0,222,9,4.5,213,222.0,111.0,8.702043533325195,0,2.618518118685651,2.870023488998413,2.700404575901446,214,ppo_kalman_seed45,ppo_kalman,PPO-Kalman,45
77289,intercepted,1,0,0,0,37,10,5.0,27,37.0,18.5,2.655874252319336,0,2.177308092159884,2.491719961166382,2.309671527731993,28,ppo_kalman_seed45,ppo_kalman,PPO-Kalman,45
77290,intercepted,1,0,0,0,315,13,6.5,302,315.0,157.5,4.210986614227295,0,2.6641461590532423,3.109127998352051,2.723959211414921,303,ppo_kalman_seed45,ppo_kalman,PPO-Kalman,45
77291,intercepted,1,0,0,0,143,14,7.0,129,143.0,71.5,6.757857322692871,0,2.4147848445635574,2.6678524017333984,2.5543675081220725,130,ppo_kalman_seed45,ppo_kalman,PPO-Kalman,45
77292,intercepted,1,0,0,0,62,44,22.0,18,62.0,31.0,13.201778411865234,0,2.378639058062905,2.259373664855957,2.4474997758038217,19,ppo_kalman_seed45,ppo_kalman,PPO-Kalman,45
77293,intercepted,1,0,0,0,264,12,6.0,252,264.0,132.0,2.3008716106414795,0,2.3984126176523124,2.88468337059021,2.5215806280475186,253,ppo_kalman_seed45,ppo_kalman,PPO-Kalman,45
77294,intercepted,1,0,0,0,13,9,4.5,4,13.0,6.5,4.158995151519775,0,1.0155640244483948,1.6040109395980835,1.0685915226136256,5,ppo_kalman_seed45,ppo_kalman,PPO-Kalman,45
77295,intercepted,1,0,0,0,125,34,17.0,91,125.0,62.5,11.945195198059082,0,2.5782046029749126,2.568619728088379,2.644273369715042,92,ppo_kalman_seed45,ppo_kalman,PPO-Kalman,45
77296,soldier_caught,0,1,0,0,33,8,4.0,25,,,1.627562165260315,0,2.4439118779622593,1.5712618827819824,2.5949811906736433,26,ppo_kalman_seed45,ppo_kalman,PPO-Kalman,45
77297,intercepted,1,0,0,0,135,8,4.0,127,135.0,67.5,4.264527320861816,0,2.447848823852837,1.3610363006591797,2.529929716150295,128,ppo_kalman_seed45,ppo_kalman,PPO-Kalman,45
77298,intercepted,1,0,0,0,266,9,4.5,257,266.0,133.0,2.4186651706695557,0,2.415278972812401,3.084752321243286,2.517096401434924,258,ppo_kalman_seed45,ppo_kalman,PPO-Kalman,45
77299,intercepted,1,0,0,0,180,14,7.0,166,180.0,90.0,10.26620101928711,0,2.5245783899180188,2.9686295986175537,2.589841508732887,167,ppo_kalman_seed45,ppo_kalman,PPO-Kalman,45
77300,intercepted,1,0,0,0,87,10,5.0,77,87.0,43.5,4.58323335647583,0,2.4169179766606064,0.7659459114074707,2.5430650977962546,78,ppo_kalman_seed45,ppo_kalman,PPO-Kalman,45
77301,intercepted,1,0,0,0,55,11,5.5,44,55.0,27.5,12.975297927856445,0,2.0179590423901876,2.4535937309265137,2.1498085709214525,45,ppo_kalman_seed45,ppo_kalman,PPO-Kalman,45
77302,intercepted,1,0,0,0,45,17,8.5,28,45.0,22.5,13.93116283416748,0,2.2896719965441474,2.4261457920074463,2.3842162909793596,29,ppo_kalman_seed45,ppo_kalman,PPO-Kalman,45
77303,intercepted,1,0,0,0,53,9,4.5,44,53.0,26.5,5.1684699058532715,0,2.3231504837671917,2.658022880554199,2.4346760148289674,45,ppo_kalman_seed45,ppo_kalman,PPO-Kalman,45
77304,intercepted,1,0,0,0,122,11,5.5,111,122.0,61.0,3.4511542320251465,0,2.4020557222621783,2.5023465156555176,2.509339827825831,112,ppo_kalman_seed45,ppo_kalman,PPO-Kalman,45
77305,intercepted,1,0,0,0,174,16,8.0,158,174.0,87.0,9.073409080505371,0,2.440693975244678,3.534423828125,2.539126299729562,159,ppo_kalman_seed45,ppo_kalman,PPO-Kalman,45
77306,soldier_caught,0,1,0,0,170,37,18.5,133,,,1.9052594900131226,0,2.692128290880972,2.725515842437744,2.771033062952522,134,ppo_kalman_seed45,ppo_kalman,PPO-Kalman,45
77307,intercepted,1,0,0,0,376,11,5.5,365,376.0,188.0,3.9771387577056885,0,2.5191032429699036,2.500958204269409,2.6076074802848965,366,ppo_kalman_seed45,ppo_kalman,PPO-Kalman,45
77308,soldier_caught,0,1,0,0,81,27,13.5,54,,,1.905324101448059,0,2.352505723996596,3.1490838527679443,2.4697318354605193,55,ppo_kalman_seed45,ppo_kalman,PPO-Kalman,45
77309,intercepted,1,0,0,0,35,8,4.0,27,35.0,17.5,4.540018558502197,0,2.176411363695349,1.179210901260376,2.3806205320551626,28,ppo_kalman_seed45,ppo_kalman,PPO-Kalman,45
77310,intercepted,1,0,0,0,60,12,6.0,48,60.0,30.0,10.299026489257812,0,2.333672999119272,2.6105644702911377,2.471763957439178,49,ppo_kalman_seed45,ppo_kalman,PPO-Kalman,45
77311,intercepted,1,0,0,0,99,44,22.0,55,99.0,49.5,2.4744668006896973,0,2.411527786936079,3.1680479049682617,2.500076330764392,56,ppo_kalman_seed45,ppo_kalman,PPO-Kalman,45
77312,soldier_caught,0,1,0,0,175,40,20.0,135,,,0.17766116559505463,0,2.5901227838852825,2.9464993476867676,2.703935251049348,136,ppo_kalman_seed45,ppo_kalman,PPO-Kalman,45
77313,intercepted,1,0,0,0,40,8,4.0,32,40.0,20.0,3.375434160232544,0,2.1775595329024573,0.7349359393119812,2.3113156345267716,33,ppo_kalman_seed45,ppo_kalman,PPO-Kalman,45
77314,intercepted,1,0,0,0,19,12,6.0,7,19.0,9.5,8.63980770111084,0,1.7423187345266342,2.661647081375122,1.8616334428044272,8,ppo_kalman_seed45,ppo_kalman,PPO-Kalman,45
77315,soldier_caught,0,1,0,0,199,17,8.5,182,,,1.2657643556594849,0,2.5569828323653487,2.9330568313598633,2.6679877129295897,183,ppo_kalman_seed45,ppo_kalman,PPO-Kalman,45
77316,intercepted,1,0,0,0,22,13,6.5,9,22.0,11.0,8.68256950378418,0,1.9321385443210601,2.1887638568878174,2.0640129088330714,10,ppo_kalman_seed45,ppo_kalman,PPO-Kalman,45
77317,intercepted,1,0,0,0,767,10,5.0,757,767.0,383.5,2.6019206047058105,0,2.629291208682085,2.8420321941375732,2.7215840946621923,758,ppo_kalman_seed45,ppo_kalman,PPO-Kalman,45
77318,intercepted,1,0,0,0,315,11,5.5,304,315.0,157.5,2.2774899005889893,0,2.598359131617624,2.5126290321350098,2.700537434668606,305,ppo_kalman_seed45,ppo_kalman,PPO-Kalman,45
77319,intercepted,1,0,0,0,235,57,28.5,178,235.0,117.5,10.411547660827637,0,2.5491923904618736,2.811565637588501,2.6242192759151477,179,ppo_kalman_seed45,ppo_kalman,PPO-Kalman,45
77320,intercepted,1,0,0,0,59,10,5.0,49,59.0,29.5,4.548765659332275,0,2.62673064827919,3.0942935943603516,2.718825444594779,50,ppo_kalman_seed45,ppo_kalman,PPO-Kalman,45
77321,soldier_caught,0,1,0,0,260,52,26.0,208,,,1.2259042263031006,0,2.4619669135677755,0.4383692443370819,2.5663632143676525,209,ppo_kalman_seed45,ppo_kalman,PPO-Kalman,45
77322,intercepted,1,0,0,0,47,14,7.0,33,47.0,23.5,10.907690048217773,0,2.4826917771030876,3.5020694732666016,2.571442212402787,34,ppo_kalman_seed45,ppo_kalman,PPO-Kalman,45
77323,intercepted,1,0,0,0,18,13,6.5,5,18.0,9.0,10.380252838134766,0,1.5932235618432362,2.9442036151885986,1.7783455232868235,6,ppo_kalman_seed45,ppo_kalman,PPO-Kalman,45
77324,intercepted,1,0,0,0,105,8,4.0,97,105.0,52.5,5.180188179016113,0,2.246947305543082,2.297527313232422,2.4013510105126574,98,ppo_kalman_seed45,ppo_kalman,PPO-Kalman,45
77325,intercepted,1,0,0,0,95,12,6.0,83,95.0,47.5,4.876867771148682,0,2.4150656114021936,3.1121060848236084,2.5216408561322603,84,ppo_kalman_seed45,ppo_kalman,PPO-Kalman,45
77326,intercepted,1,0,0,0,46,11,5.5,35,46.0,23.0,2.31282377243042,0,2.321429583761427,3.410050392150879,2.4436848361708443,36,ppo_kalman_seed45,ppo_kalman,PPO-Kalman,45
77327,intercepted,1,0,0,0,94,10,5.0,84,94.0,47.0,5.555840969085693,0,2.452129158552955,2.0861566066741943,2.559041492404324,85,ppo_kalman_seed45,ppo_kalman,PPO-Kalman,45
77328,intercepted,1,0,0,0,177,14,7.0,163,177.0,88.5,11.198129653930664,0,2.483370384610281,2.4073944091796875,2.609505213859429,164,ppo_kalman_seed45,ppo_kalman,PPO-Kalman,45
77329,intercepted,1,0,0,0,106,21,10.5,85,106.0,53.0,8.53982162475586,0,2.5345094928214715,1.5423561334609985,2.6340853324600677,86,ppo_kalman_seed45,ppo_kalman,PPO-Kalman,45
77330,intercepted,1,0,0,0,365,13,6.5,352,365.0,182.5,2.6919162273406982,0,2.521736427001845,2.821279764175415,2.62024256293346,353,ppo_kalman_seed45,ppo_kalman,PPO-Kalman,45
77331,soldier_caught,0,1,0,0,221,14,7.0,207,,,1.9074167013168335,0,2.487021130008193,2.208369731903076,2.615237650380029,208,ppo_kalman_seed45,ppo_kalman,PPO-Kalman,45
77332,intercepted,1,0,0,0,52,9,4.5,43,52.0,26.0,10.527318000793457,0,2.5240433012897316,2.9980874061584473,2.618817543012167,44,ppo_kalman_seed45,ppo_kalman,PPO-Kalman,45
77333,intercepted,1,0,0,0,38,10,5.0,28,38.0,19.0,7.6491522789001465,0,1.852304820870531,2.1602587699890137,2.0486042197248913,29,ppo_kalman_seed45,ppo_kalman,PPO-Kalman,45
77334,intercepted,1,0,0,0,211,14,7.0,197,211.0,105.5,6.934391498565674,0,2.4412779377566443,3.120246648788452,2.5335817867704655,198,ppo_kalman_seed45,ppo_kalman,PPO-Kalman,45
77335,intercepted,1,0,0,0,50,48,24.0,2,50.0,25.0,5.457290172576904,0,1.2240763902664185,1.3876303434371948,1.2333959993967172,3,ppo_kalman_seed45,ppo_kalman,PPO-Kalman,45
77336,intercepted,1,0,0,0,150,8,4.0,142,150.0,75.0,6.661154747009277,0,2.415112614214837,2.622755765914917,2.496638675784161,143,ppo_kalman_seed45,ppo_kalman,PPO-Kalman,45
77337,intercepted,1,0,0,0,377,15,7.5,362,377.0,188.5,6.912801742553711,0,2.556713331172617,2.9260404109954834,2.650362335430807,363,ppo_kalman_seed45,ppo_kalman,PPO-Kalman,45
77338,unsafe_intercept,0,0,1,0,11,8,4.0,3,,,2.2125189304351807,0,0.8930956944823265,1.2253485918045044,0.9587093723807978,4,ppo_kalman_seed45,ppo_kalman,PPO-Kalman,45
77339,intercepted,1,0,0,0,99,14,7.0,85,99.0,49.5,5.532627105712891,0,2.156664425550505,2.7878658771514893,2.2886484045095306,86,ppo_kalman_seed45,ppo_kalman,PPO-Kalman,45
77340,intercepted,1,0,0,0,35,10,5.0,25,35.0,17.5,8.602351188659668,0,2.6751891523599625,1.9006755352020264,2.8233834899946615,26,ppo_kalman_seed45,ppo_kalman,PPO-Kalman,45
77341,intercepted,1,0,0,0,34,12,6.0,22,34.0,17.0,5.935364246368408,0,2.5678171100823777,1.7205579280853271,2.6963767073427936,23,ppo_kalman_seed45,ppo_kalman,PPO-Kalman,45
77342,soldier_caught,0,1,0,0,318,31,15.5,287,,,1.790903925895691,0,2.7228212169268065,1.132612705230713,2.79913227647038,288,ppo_kalman_seed45,ppo_kalman,PPO-Kalman,45
77343,intercepted,1,0,0,0,170,11,5.5,159,170.0,85.0,6.89995813369751,0,2.4845117760822175,2.52925181388855,2.609629365048595,160,ppo_kalman_seed45,ppo_kalman,PPO-Kalman,45
77344,intercepted,1,0,0,0,386,102,51.0,284,386.0,193.0,4.177999496459961,0,2.6387173671471444,2.81528902053833,2.719716706588645,285,ppo_kalman_seed45,ppo_kalman,PPO-Kalman,45
77345,soldier_caught,0,1,0,0,198,13,6.5,185,,,1.5571715831756592,0,2.464114042699978,2.438328981399536,2.5960092809172575,186,ppo_kalman_seed45,ppo_kalman,PPO-Kalman,45
77346,intercepted,1,0,0,0,390,15,7.5,375,390.0,195.0,2.3574180603027344,0,2.5433390698534377,2.316824436187744,2.653449071097292,376,ppo_kalman_seed45,ppo_kalman,PPO-Kalman,45
77347,intercepted,1,0,0,0,131,11,5.5,120,131.0,65.5,3.6678640842437744,0,2.2378226363461864,1.7054578065872192,2.400549989697102,121,ppo_kalman_seed45,ppo_kalman,PPO-Kalman,45
77348,intercepted,1,0,0,0,144,13,6.5,131,144.0,72.0,4.494870185852051,0,2.2348701958403443,3.335655450820923,2.3810604949495087,132,ppo_kalman_seed45,ppo_kalman,PPO-Kalman,45
77349,intercepted,1,0,0,0,35,8,4.0,27,35.0,17.5,4.753910064697266,0,2.0946977883577347,1.5838756561279297,2.2081956351991208,28,ppo_kalman_seed45,ppo_kalman,PPO-Kalman,45
77350,intercepted,1,0,0,0,191,34,17.0,157,191.0,95.5,2.339259624481201,0,2.41706744091043,2.229546308517456,2.533578355911996,158,ppo_kalman_seed45,ppo_kalman,PPO-Kalman,45
77351,intercepted,1,0,0,0,107,8,4.0,99,107.0,53.5,9.835637092590332,0,2.5371778696775436,3.0688371658325195,2.6575159532693373,100,ppo_kalman_seed45,ppo_kalman,PPO-Kalman,45
77352,intercepted,1,0,0,0,15,13,6.5,2,15.0,7.5,5.357487201690674,0,0.9127913316090902,0.4740549921989441,1.0655811450174182,3,ppo_kalman_seed45,ppo_kalman,PPO-Kalman,45
77353,intercepted,1,0,0,0,55,9,4.5,46,55.0,27.5,8.841841697692871,0,2.31383682185031,2.3678529262542725,2.376312703183226,47,ppo_kalman_seed45,ppo_kalman,PPO-Kalman,45
77354,soldier_caught,0,1,0,0,14,12,6.0,2,,,1.6554267406463623,0,1.0817729632059734,1.1742833852767944,1.0867761914039435,3,ppo_kalman_seed45,ppo_kalman,PPO-Kalman,45
77355,intercepted,1,0,0,0,27,18,9.0,9,27.0,13.5,14.328415870666504,0,1.8272900104522705,2.090890884399414,1.9474738843233637,10,ppo_kalman_seed45,ppo_kalman,PPO-Kalman,45
77356,intercepted,1,0,0,0,110,9,4.5,101,110.0,55.0,7.466992378234863,0,2.4936017499250522,2.9107065200805664,2.5645022715596495,102,ppo_kalman_seed45,ppo_kalman,PPO-Kalman,45
77357,intercepted,1,0,0,0,248,11,5.5,237,248.0,124.0,6.811995029449463,0,2.5927993881852687,2.739506244659424,2.6612793584173677,238,ppo_kalman_seed45,ppo_kalman,PPO-Kalman,45
77358,intercepted,1,0,0,0,191,10,5.0,181,191.0,95.5,3.711540699005127,0,2.5911142832630283,3.0987958908081055,2.671866521470595,182,ppo_kalman_seed45,ppo_kalman,PPO-Kalman,45
77359,intercepted,1,0,0,0,167,50,25.0,117,167.0,83.5,10.621143341064453,0,2.6408370606980083,2.5277135372161865,2.696359925935994,118,ppo_kalman_seed45,ppo_kalman,PPO-Kalman,45
77360,intercepted,1,0,0,0,149,13,6.5,136,149.0,74.5,7.238696575164795,0,2.4568242522051733,3.1593375205993652,2.532608890898085,137,ppo_kalman_seed45,ppo_kalman,PPO-Kalman,45
77361,intercepted,1,0,0,0,589,7,3.5,582,589.0,294.5,2.97611927986145,0,2.6602094234774083,2.894709348678589,2.7595595374346624,583,ppo_kalman_seed45,ppo_kalman,PPO-Kalman,45
77362,intercepted,1,0,0,0,56,8,4.0,48,56.0,28.0,2.8477225303649902,0,2.128442690080526,1.8714170455932617,2.27890190122298,49,ppo_kalman_seed45,ppo_kalman,PPO-Kalman,45
77363,intercepted,1,0,0,0,39,13,6.5,26,39.0,19.5,9.596940040588379,0,2.2033444024898388,2.8074522018432617,2.323586731321826,27,ppo_kalman_seed45,ppo_kalman,PPO-Kalman,45
77364,intercepted,1,0,0,0,55,17,8.5,38,55.0,27.5,12.821736335754395,0,2.4295939115377574,3.0773561000823975,2.5194416234305512,39,ppo_kalman_seed45,ppo_kalman,PPO-Kalman,45
77365,intercepted,1,0,0,0,93,45,22.5,48,93.0,46.5,9.252337455749512,0,2.2895938723671194,3.106048345565796,2.419874814617711,49,ppo_kalman_seed45,ppo_kalman,PPO-Kalman,45
77366,intercepted,1,0,0,0,331,9,4.5,322,331.0,165.5,2.509557008743286,0,2.446602939728982,2.5736358165740967,2.5638161079093713,323,ppo_kalman_seed45,ppo_kalman,PPO-Kalman,45
77367,intercepted,1,0,0,0,183,10,5.0,173,183.0,91.5,5.991899013519287,0,2.352888874966523,1.7775346040725708,2.4780806373296063,174,ppo_kalman_seed45,ppo_kalman,PPO-Kalman,45
77368,intercepted,1,0,0,0,61,14,7.0,47,61.0,30.5,10.009831428527832,0,2.60189800709486,2.696779489517212,2.708646696342863,48,ppo_kalman_seed45,ppo_kalman,PPO-Kalman,45
77369,intercepted,1,0,0,0,58,8,4.0,50,58.0,29.0,3.8303420543670654,0,2.3301775104859295,2.179133415222168,2.4367509703784664,51,ppo_kalman_seed45,ppo_kalman,PPO-Kalman,45
77370,intercepted,1,0,0,0,439,38,19.0,401,439.0,219.5,2.8864479064941406,0,2.6392172733646126,3.9171559810638428,2.7311082486283103,402,ppo_kalman_seed45,ppo_kalman,PPO-Kalman,45
77371,intercepted,1,0,0,0,302,72,36.0,230,302.0,151.0,10.205575942993164,0,2.6334306940887915,2.489147186279297,2.6997029259676073,231,ppo_kalman_seed45,ppo_kalman,PPO-Kalman,45
77372,soldier_caught,0,1,0,0,67,15,7.5,52,,,1.8601213693618774,0,2.045983155099851,3.4154860973358154,2.348145193545546,53,ppo_kalman_seed45,ppo_kalman,PPO-Kalman,45
77373,intercepted,1,0,0,0,157,20,10.0,137,157.0,78.5,2.048325538635254,0,2.2588210013033687,0.4802289605140686,2.436212593370011,138,ppo_kalman_seed45,ppo_kalman,PPO-Kalman,45
77374,intercepted,1,0,0,0,157,11,5.5,146,157.0,78.5,5.946773529052734,0,2.5313585532360334,2.524843454360962,2.6462141068448366,147,ppo_kalman_seed45,ppo_kalman,PPO-Kalman,45
77375,intercepted,1,0,0,0,274,13,6.5,261,274.0,137.0,3.753674030303955,0,2.4445414051754786,3.0341978073120117,2.533043707753736,262,ppo_kalman_seed45,ppo_kalman,PPO-Kalman,45
77376,intercepted,1,0,0,0,43,9,4.5,34,43.0,21.5,3.2680857181549072,0,2.2709276284490314,3.0368049144744873,2.3879648199887886,35,ppo_kalman_seed45,ppo_kalman,PPO-Kalman,45
77377,intercepted,1,0,0,0,499,12,6.0,487,499.0,249.5,6.4684529304504395,0,2.6315131506226104,2.3645434379577637,2.698260986153389,488,ppo_kalman_seed45,ppo_kalman,PPO-Kalman,45
77378,intercepted,1,0,0,0,12,8,4.0,4,12.0,6.0,5.040094375610352,0,0.9751258611679077,0.5964221954345703,1.0538692901906863,5,ppo_kalman_seed45,ppo_kalman,PPO-Kalman,45
77379,intercepted,1,0,0,0,355,10,5.0,345,355.0,177.5,2.9102799892425537,0,2.5801014982896042,2.980595111846924,2.652218134301743,346,ppo_kalman_seed45,ppo_kalman,PPO-Kalman,45
77380,intercepted,1,0,0,0,76,10,5.0,66,76.0,38.0,5.770008563995361,0,2.3586638440836722,3.503448486328125,2.509669913759803,67,ppo_kalman_seed45,ppo_kalman,PPO-Kalman,45
77381,intercepted,1,0,0,0,43,8,4.0,35,43.0,21.5,3.074517250061035,0,2.1064185868534775,2.718247652053833,2.3238569446678725,36,ppo_kalman_seed45,ppo_kalman,PPO-Kalman,45
77382,intercepted,1,0,0,0,50,10,5.0,40,50.0,25.0,8.662027359008789,0,2.1665422007804964,3.1094863414764404,2.3115115035697285,41,ppo_kalman_seed45,ppo_kalman,PPO-Kalman,45
77383,soldier_caught,0,1,0,0,167,11,5.5,156,,,1.071074366569519,0,2.4470301317940852,1.5197099447250366,2.5489003345888626,157,ppo_kalman_seed45,ppo_kalman,PPO-Kalman,45
77384,intercepted,1,0,0,0,146,8,4.0,138,146.0,73.0,5.535975933074951,0,2.411786891144814,1.607916235923767,2.5109931094872917,139,ppo_kalman_seed45,ppo_kalman,PPO-Kalman,45
77385,intercepted,1,0,0,0,253,14,7.0,239,253.0,126.5,4.020980358123779,0,2.6786273937672376,2.217512845993042,2.755952488766496,240,ppo_kalman_seed45,ppo_kalman,PPO-Kalman,45
77386,intercepted,1,0,0,0,367,46,23.0,321,367.0,183.5,2.949136972427368,0,2.591877726803285,3.070740222930908,2.6951530833430954,322,ppo_kalman_seed45,ppo_kalman,PPO-Kalman,45
77387,intercepted,1,0,0,0,62,12,6.0,50,62.0,31.0,5.6105241775512695,0,2.245925698794571,1.4281350374221802,2.3331362806592058,51,ppo_kalman_seed45,ppo_kalman,PPO-Kalman,45
77388,intercepted,1,0,0,0,80,7,3.5,73,80.0,40.0,7.118017673492432,0,2.4250013485953614,2.6121737957000732,2.5047787245253006,74,ppo_kalman_seed45,ppo_kalman,PPO-Kalman,45
77389,intercepted,1,0,0,0,249,14,7.0,235,249.0,124.5,4.531548500061035,0,2.6349797866354554,1.836251139640808,2.723699233122259,236,ppo_kalman_seed45,ppo_kalman,PPO-Kalman,45
77390,intercepted,1,0,0,0,43,13,6.5,30,43.0,21.5,5.70017671585083,0,2.248237649279256,2.4131920337677,2.362513783961436,31,ppo_kalman_seed45,ppo_kalman,PPO-Kalman,45
77391,intercepted,1,0,0,0,118,35,17.5,83,118.0,59.0,6.973021507263184,0,2.609868511557579,4.134101390838623,2.7156656912091335,84,ppo_kalman_seed45,ppo_kalman,PPO-Kalman,45
77392,intercepted,1,0,0,0,44,38,19.0,6,44.0,22.0,12.481032371520996,0,1.6505792481558663,2.6040446758270264,1.7654962479354939,7,ppo_kalman_seed45,ppo_kalman,PPO-Kalman,45
77393,intercepted,1,0,0,0,293,7,3.5,286,293.0,146.5,4.804693222045898,0,2.6103770626961977,2.7473902702331543,2.7232389148691523,287,ppo_kalman_seed45,ppo_kalman,PPO-Kalman,45
77394,intercepted,1,0,0,0,94,17,8.5,77,94.0,47.0,6.951162338256836,0,2.3749622838237348,2.3378007411956787,2.476537399762956,78,ppo_kalman_seed45,ppo_kalman,PPO-Kalman,45
77395,intercepted,1,0,0,0,42,10,5.0,32,42.0,21.0,4.211938858032227,0,2.2049472043008516,2.4542088508605957,2.3310905012497987,33,ppo_kalman_seed45,ppo_kalman,PPO-Kalman,45
77396,intercepted,1,0,0,0,10,8,4.0,2,10.0,5.0,5.384678363800049,0,1.0438127716382344,0.8119176030158997,1.079570872892515,3,ppo_kalman_seed45,ppo_kalman,PPO-Kalman,45
77397,intercepted,1,0,0,0,110,9,4.5,101,110.0,55.0,2.3156113624572754,0,2.387603859033655,2.879251003265381,2.541423872353953,102,ppo_kalman_seed45,ppo_kalman,PPO-Kalman,45
77398,intercepted,1,0,0,0,197,88,44.0,109,197.0,98.5,9.569170951843262,0,2.636198752847585,2.9830374717712402,2.69180149456641,110,ppo_kalman_seed45,ppo_kalman,PPO-Kalman,45
77399,intercepted,1,0,0,0,41,11,5.5,30,41.0,20.5,11.942956924438477,0,2.446301346825015,2.867867946624756,2.5690921713465436,31,ppo_kalman_seed45,ppo_kalman,PPO-Kalman,45
77400,intercepted,1,0,0,0,279,114,57.0,165,279.0,139.5,7.459909439086914,0,2.6986815739108856,2.3971426486968994,2.7650713245388454,166,ppo_kalman_seed45,ppo_kalman,PPO-Kalman,45
77401,intercepted,1,0,0,0,48,12,6.0,36,48.0,24.0,5.183601379394531,0,2.094819515943527,3.04176664352417,2.2117038349165368,37,ppo_kalman_seed45,ppo_kalman,PPO-Kalman,45
77402,intercepted,1,0,0,0,66,61,30.5,5,66.0,33.0,14.510486602783203,0,1.6099595824877422,1.8653485774993896,1.7530516570150065,6,ppo_kalman_seed45,ppo_kalman,PPO-Kalman,45
77403,soldier_caught,0,1,0,0,421,72,36.0,349,,,0.1977732926607132,0,2.6657250633436655,1.5357105731964111,2.7482331935586384,350,ppo_kalman_seed45,ppo_kalman,PPO-Kalman,45
77404,intercepted,1,0,0,0,318,16,8.0,302,318.0,159.0,3.6651077270507812,0,2.5443622045981216,2.034574508666992,2.6524437815771806,303,ppo_kalman_seed45,ppo_kalman,PPO-Kalman,45
77405,intercepted,1,0,0,0,331,13,6.5,318,331.0,165.5,2.267829179763794,0,2.531284309573308,2.4235246181488037,2.6491385804446126,319,ppo_kalman_seed45,ppo_kalman,PPO-Kalman,45
77406,intercepted,1,0,0,0,648,8,4.0,640,648.0,324.0,2.2386698722839355,0,2.452895450285184,2.7434191703796387,2.570625717353731,641,ppo_kalman_seed45,ppo_kalman,PPO-Kalman,45
77407,intercepted,1,0,0,0,17,12,6.0,5,17.0,8.5,3.877992868423462,0,0.9142074684302012,1.3324586153030396,0.9493300161606234,6,ppo_kalman_seed45,ppo_kalman,PPO-Kalman,45
77408,soldier_caught,0,1,0,0,60,32,16.0,28,,,1.1089329719543457,0,1.7449938747389564,0.4711073935031891,1.9351953196700904,29,ppo_kalman_seed45,ppo_kalman,PPO-Kalman,45
77409,intercepted,1,0,0,0,14,10,5.0,4,14.0,7.0,4.638688564300537,0,0.8733796507120133,0.8201855421066284,1.0030616600311602,5,ppo_kalman_seed45,ppo_kalman,PPO-Kalman,45
77410,intercepted,1,0,0,0,204,7,3.5,197,204.0,102.0,8.023590087890625,0,2.546989841142086,3.3271706104278564,2.6512468602358603,198,ppo_kalman_seed45,ppo_kalman,PPO-Kalman,45
77411,intercepted,1,0,0,0,21,16,8.0,5,21.0,10.5,3.8834125995635986,0,1.2968772947788239,2.3343329429626465,1.4247746029974655,6,ppo_kalman_seed45,ppo_kalman,PPO-Kalman,45
77412,intercepted,1,0,0,0,109,9,4.5,100,109.0,54.5,4.143723964691162,0,2.5303929648777044,0.9658312201499939,2.6662918017873776,101,ppo_kalman_seed45,ppo_kalman,PPO-Kalman,45
77413,intercepted,1,0,0,0,213,36,18.0,177,213.0,106.5,10.939178466796875,0,2.7982734272654137,3.0335609912872314,2.856629558844865,178,ppo_kalman_seed45,ppo_kalman,PPO-Kalman,45
77414,intercepted,1,0,0,0,134,16,8.0,118,134.0,67.0,5.233357906341553,0,2.552548849532584,2.937948226928711,2.6668526767269807,119,ppo_kalman_seed45,ppo_kalman,PPO-Kalman,45
77415,intercepted,1,0,0,0,40,9,4.5,31,40.0,20.0,11.130488395690918,0,2.168989535421133,1.9630908966064453,2.3215007047776965,32,ppo_kalman_seed45,ppo_kalman,PPO-Kalman,45
77416,intercepted,1,0,0,0,301,11,5.5,290,301.0,150.5,6.250098705291748,0,2.646906341474081,3.654690742492676,2.7587721286348317,291,ppo_kalman_seed45,ppo_kalman,PPO-Kalman,45
77417,intercepted,1,0,0,0,284,11,5.5,273,284.0,142.0,5.71545934677124,0,2.6629485005009785,1.4831700325012207,2.74780651951439,274,ppo_kalman_seed45,ppo_kalman,PPO-Kalman,45
77418,intercepted,1,0,0,0,54,9,4.5,45,54.0,27.0,8.921948432922363,0,2.380442816278209,2.9745657444000244,2.4868148370585557,46,ppo_kalman_seed45,ppo_kalman,PPO-Kalman,45
77419,soldier_caught,0,1,0,0,13,10,5.0,3,,,1.005374789237976,0,1.0305290222167969,1.7657229900360107,1.127907131718529,4,ppo_kalman_seed45,ppo_kalman,PPO-Kalman,45
77420,intercepted,1,0,0,0,281,48,24.0,233,281.0,140.5,7.922646999359131,0,2.64643672032234,3.6581265926361084,2.7434686426942103,234,ppo_kalman_seed45,ppo_kalman,PPO-Kalman,45
77421,intercepted,1,0,0,0,603,10,5.0,593,603.0,301.5,3.1655166149139404,0,2.594549995806281,3.3299636840820312,2.6802590865257905,594,ppo_kalman_seed45,ppo_kalman,PPO-Kalman,45
77422,intercepted,1,0,0,0,242,18,9.0,224,242.0,121.0,4.249392509460449,0,2.583057608074612,3.577192783355713,2.6774067253001337,225,ppo_kalman_seed45,ppo_kalman,PPO-Kalman,45
77423,intercepted,1,0,0,0,114,8,4.0,106,114.0,57.0,5.358956813812256,0,2.483329531188323,2.942901134490967,2.547320080406941,107,ppo_kalman_seed45,ppo_kalman,PPO-Kalman,45
77424,intercepted,1,0,0,0,46,19,9.5,27,46.0,23.0,4.180743217468262,0,2.1837224449430193,0.9367077946662903,2.3782674005134394,28,ppo_kalman_seed45,ppo_kalman,PPO-Kalman,45
77425,intercepted,1,0,0,0,37,8,4.0,29,37.0,18.5,10.33506965637207,0,2.6236762086550396,2.158745050430298,2.750973952384974,30,ppo_kalman_seed45,ppo_kalman,PPO-Kalman,45
77426,intercepted,1,0,0,0,60,9,4.5,51,60.0,30.0,2.1725282669067383,0,2.428718801301259,3.126793622970581,2.5761818732054973,52,ppo_kalman_seed45,ppo_kalman,PPO-Kalman,45
77427,intercepted,1,0,0,0,207,11,5.5,196,207.0,103.5,3.2465627193450928,0,2.555756519818064,3.0337562561035156,2.6368945167221973,197,ppo_kalman_seed45,ppo_kalman,PPO-Kalman,45
77428,intercepted,1,0,0,0,439,10,5.0,429,439.0,219.5,3.0311238765716553,0,2.6725132874278135,2.098207950592041,2.7290485363586034,430,ppo_kalman_seed45,ppo_kalman,PPO-Kalman,45
77429,intercepted,1,0,0,0,286,11,5.5,275,286.0,143.0,2.6909680366516113,0,2.540782170019288,2.164597988128662,2.6219032842925527,276,ppo_kalman_seed45,ppo_kalman,PPO-Kalman,45
77430,intercepted,1,0,0,0,194,17,8.5,177,194.0,97.0,3.1504263877868652,0,2.677822582172544,1.3836253881454468,2.7598126044112146,178,ppo_kalman_seed45,ppo_kalman,PPO-Kalman,45
77431,intercepted,1,0,0,0,279,57,28.5,222,279.0,139.5,3.587926149368286,0,2.620964745903229,2.543274164199829,2.709741844495095,223,ppo_kalman_seed45,ppo_kalman,PPO-Kalman,45
77432,intercepted,1,0,0,0,86,10,5.0,76,86.0,43.0,4.182025909423828,0,2.3141381601234534,1.1135470867156982,2.4466626428217237,77,ppo_kalman_seed45,ppo_kalman,PPO-Kalman,45
77433,intercepted,1,0,0,0,74,9,4.5,65,74.0,37.0,8.224252700805664,0,2.3896266569693885,3.6774916648864746,2.493967982674204,66,ppo_kalman_seed45,ppo_kalman,PPO-Kalman,45
77434,intercepted,1,0,0,0,47,11,5.5,36,47.0,23.5,2.0705370903015137,0,2.212496942765004,3.1714580059051514,2.38337641590972,37,ppo_kalman_seed45,ppo_kalman,PPO-Kalman,45
77435,intercepted,1,0,0,0,331,9,4.5,322,331.0,165.5,4.000911712646484,0,2.384452361163709,2.326321601867676,2.513568469860449,323,ppo_kalman_seed45,ppo_kalman,PPO-Kalman,45
77436,intercepted,1,0,0,0,17,13,6.5,4,17.0,8.5,5.500493049621582,0,1.203177773952484,1.9146519899368286,1.2851109004685013,5,ppo_kalman_seed45,ppo_kalman,PPO-Kalman,45
77437,intercepted,1,0,0,0,73,12,6.0,61,73.0,36.5,7.708009719848633,0,2.338724528589556,2.380436658859253,2.5022016972662255,62,ppo_kalman_seed45,ppo_kalman,PPO-Kalman,45
77438,soldier_caught,0,1,0,0,618,10,5.0,608,,,1.5192334651947021,0,2.6446640462613065,2.491464138031006,2.706387434762966,609,ppo_kalman_seed45,ppo_kalman,PPO-Kalman,45
77439,soldier_caught,0,1,0,0,106,10,5.0,96,,,1.4846653938293457,0,2.5779854372604607,1.7092797756195068,2.6736428410162745,97,ppo_kalman_seed45,ppo_kalman,PPO-Kalman,45
77440,intercepted,1,0,0,0,16,9,4.5,7,16.0,8.0,8.373891830444336,0,1.7123864330351353,2.4060909748077393,1.9012127600743993,8,ppo_kalman_seed45,ppo_kalman,PPO-Kalman,45
77441,soldier_caught,0,1,0,0,339,78,39.0,261,,,1.981239914894104,0,2.516682699607074,2.1775705814361572,2.6666125913225427,262,ppo_kalman_seed45,ppo_kalman,PPO-Kalman,45
77442,intercepted,1,0,0,0,19,14,7.0,5,19.0,9.5,6.345796585083008,0,1.666786511739095,1.8138608932495117,1.6787051983839933,6,ppo_kalman_seed45,ppo_kalman,PPO-Kalman,45
77443,intercepted,1,0,0,0,154,29,14.5,125,154.0,77.0,2.3496482372283936,0,2.5577580129343365,2.5419225692749023,2.6486279895948215,126,ppo_kalman_seed45,ppo_kalman,PPO-Kalman,45
77444,intercepted,1,0,0,0,378,8,4.0,370,378.0,189.0,4.19131326675415,0,2.606993757650216,3.7071547508239746,2.679931108231506,371,ppo_kalman_seed45,ppo_kalman,PPO-Kalman,45
77445,soldier_caught,0,1,0,0,300,25,12.5,275,,,1.6287909746170044,0,2.594077467378499,3.3682992458343506,2.6884342458487414,276,ppo_kalman_seed45,ppo_kalman,PPO-Kalman,45
77446,soldier_caught,0,1,0,0,93,43,21.5,50,,,1.0793609619140625,0,2.358640848421583,0.5418401956558228,2.4591865914986375,51,ppo_kalman_seed45,ppo_kalman,PPO-Kalman,45
77447,intercepted,1,0,0,0,109,18,9.0,91,109.0,54.5,4.236764430999756,0,2.412223965739426,0.22959990799427032,2.540576123018472,92,ppo_kalman_seed45,ppo_kalman,PPO-Kalman,45
77448,intercepted,1,0,0,0,17,9,4.5,8,17.0,8.5,12.629955291748047,0,2.041650712490082,2.4476733207702637,2.1970871319442007,9,ppo_kalman_seed45,ppo_kalman,PPO-Kalman,45
77449,intercepted,1,0,0,0,161,10,5.0,151,161.0,80.5,6.583136558532715,0,2.321615543412535,2.177426815032959,2.4413160980466464,152,ppo_kalman_seed45,ppo_kalman,PPO-Kalman,45
77450,intercepted,1,0,0,0,405,13,6.5,392,405.0,202.5,4.355087757110596,0,2.602970984070052,1.4391642808914185,2.671174994327029,393,ppo_kalman_seed45,ppo_kalman,PPO-Kalman,45
77451,intercepted,1,0,0,0,256,71,35.5,185,256.0,128.0,9.758545875549316,0,2.635971108111002,1.3502446413040161,2.7200668450240744,186,ppo_kalman_seed45,ppo_kalman,PPO-Kalman,45
77452,soldier_caught,0,1,0,0,83,11,5.5,72,,,1.6942697763442993,0,2.528835956772713,2.5471880435943604,2.6148953888073563,73,ppo_kalman_seed45,ppo_kalman,PPO-Kalman,45
77453,intercepted,1,0,0,0,58,12,6.0,46,58.0,29.0,12.73072338104248,0,2.5668914977540362,3.013554573059082,2.6661077728598035,47,ppo_kalman_seed45,ppo_kalman,PPO-Kalman,45
77454,intercepted,1,0,0,0,145,12,6.0,133,145.0,72.5,2.1852493286132812,0,2.0916087589601973,2.495762348175049,2.277483399443394,134,ppo_kalman_seed45,ppo_kalman,PPO-Kalman,45
77455,intercepted,1,0,0,0,252,8,4.0,244,252.0,126.0,6.6430983543396,0,2.6500547102519443,2.6827476024627686,2.70927744803996,245,ppo_kalman_seed45,ppo_kalman,PPO-Kalman,45
77456,intercepted,1,0,0,0,484,13,6.5,471,484.0,242.0,3.968998432159424,0,2.6029089939291192,2.5980916023254395,2.707316367792419,472,ppo_kalman_seed45,ppo_kalman,PPO-Kalman,45
77457,intercepted,1,0,0,0,89,19,9.5,70,89.0,44.5,11.7484769821167,0,2.5504323470760397,3.0619094371795654,2.670526935790313,71,ppo_kalman_seed45,ppo_kalman,PPO-Kalman,45
77458,intercepted,1,0,0,0,33,10,5.0,23,33.0,16.5,8.132006645202637,0,2.4156092753012977,3.1494140625,2.596555297496475,24,ppo_kalman_seed45,ppo_kalman,PPO-Kalman,45
77459,intercepted,1,0,0,0,89,11,5.5,78,89.0,44.5,5.804878234863281,0,2.455693555783622,2.740354537963867,2.5924701910127803,79,ppo_kalman_seed45,ppo_kalman,PPO-Kalman,45
77460,intercepted,1,0,0,0,48,14,7.0,34,48.0,24.0,6.766826629638672,0,1.8606869408062525,2.6162023544311523,1.9611702303201464,35,ppo_kalman_seed45,ppo_kalman,PPO-Kalman,45
77461,intercepted,1,0,0,0,151,12,6.0,139,151.0,75.5,2.3413431644439697,0,2.3520503887108393,3.345106363296509,2.4618511887620382,140,ppo_kalman_seed45,ppo_kalman,PPO-Kalman,45
77462,intercepted,1,0,0,0,194,31,15.5,163,194.0,97.0,3.507197141647339,0,2.607989485489159,3.0184640884399414,2.7028466973799503,164,ppo_kalman_seed45,ppo_kalman,PPO-Kalman,45
77463,intercepted,1,0,0,0,15,13,6.5,2,15.0,7.5,4.495771884918213,0,0.9576343894004822,0.7350747585296631,0.9748889194894425,3,ppo_kalman_seed45,ppo_kalman,PPO-Kalman,45
77464,intercepted,1,0,0,0,43,13,6.5,30,43.0,21.5,7.082289695739746,0,1.967709888373652,1.9232743978500366,2.098155959632581,31,ppo_kalman_seed45,ppo_kalman,PPO-Kalman,45
77465,intercepted,1,0,0,0,136,26,13.0,110,136.0,68.0,5.267904758453369,0,2.510223899070207,2.723130464553833,2.60442222287406,111,ppo_kalman_seed45,ppo_kalman,PPO-Kalman,45
77466,intercepted,1,0,0,0,372,47,23.5,325,372.0,186.0,9.337183952331543,0,2.661584014724369,3.0449390411376953,2.7378093826010153,326,ppo_kalman_seed45,ppo_kalman,PPO-Kalman,45
77467,intercepted,1,0,0,0,15,12,6.0,3,15.0,7.5,2.77593731880188,0,0.999813862144947,1.337644100189209,1.0663838721560925,4,ppo_kalman_seed45,ppo_kalman,PPO-Kalman,45
77468,intercepted,1,0,0,0,244,11,5.5,233,244.0,122.0,9.78318977355957,0,2.722757261023562,3.216531991958618,2.76383096052903,234,ppo_kalman_seed45,ppo_kalman,PPO-Kalman,45
77469,soldier_caught,0,1,0,0,43,12,6.0,31,,,1.935664415359497,0,2.2744357911869884,3.185556411743164,2.3648592001864626,32,ppo_kalman_seed45,ppo_kalman,PPO-Kalman,45
77470,intercepted,1,0,0,0,49,21,10.5,28,49.0,24.5,9.550069808959961,0,2.3784402793851394,2.4650206565856934,2.472963267782212,29,ppo_kalman_seed45,ppo_kalman,PPO-Kalman,45
77471,intercepted,1,0,0,0,94,15,7.5,79,94.0,47.0,3.0463898181915283,0,2.348348144069314,3.1862404346466064,2.4856239387154972,80,ppo_kalman_seed45,ppo_kalman,PPO-Kalman,45
77472,intercepted,1,0,0,0,86,14,7.0,72,86.0,43.0,9.629496574401855,0,2.34110909822869,2.739680290222168,2.5020585632860715,73,ppo_kalman_seed45,ppo_kalman,PPO-Kalman,45
77473,intercepted,1,0,0,0,372,12,6.0,360,372.0,186.0,8.587442398071289,0,2.537987434798,2.753145933151245,2.616270362440182,361,ppo_kalman_seed45,ppo_kalman,PPO-Kalman,45
77474,intercepted,1,0,0,0,126,19,9.5,107,126.0,63.0,5.149051189422607,0,2.4564496455369174,1.4809882640838623,2.54832002257475,108,ppo_kalman_seed45,ppo_kalman,PPO-Kalman,45
77475,intercepted,1,0,0,0,48,9,4.5,39,48.0,24.0,9.130929946899414,0,2.3487685658037663,2.4970786571502686,2.497222909200145,40,ppo_kalman_seed45,ppo_kalman,PPO-Kalman,45
77476,intercepted,1,0,0,0,44,14,7.0,30,44.0,22.0,7.711668968200684,0,2.039013248297476,1.7278556823730469,2.2257558908024437,31,ppo_kalman_seed45,ppo_kalman,PPO-Kalman,45
77477,intercepted,1,0,0,0,46,13,6.5,33,46.0,23.0,6.439946174621582,0,1.9898801910526611,3.3929803371429443,2.134156020022559,34,ppo_kalman_seed45,ppo_kalman,PPO-Kalman,45
77478,intercepted,1,0,0,0,163,8,4.0,155,163.0,81.5,2.3104097843170166,0,2.541725259178724,1.1848329305648804,2.619028599268382,156,ppo_kalman_seed45,ppo_kalman,PPO-Kalman,45
77479,intercepted,1,0,0,0,35,9,4.5,26,35.0,17.5,5.264801502227783,0,2.1190994161146657,2.898763656616211,2.2472801176536468,27,ppo_kalman_seed45,ppo_kalman,PPO-Kalman,45
77480,intercepted,1,0,0,0,173,98,49.0,75,173.0,86.5,3.7349040508270264,0,2.2874655339278673,0.6786571145057678,2.396963700778229,76,ppo_kalman_seed45,ppo_kalman,PPO-Kalman,45
77481,intercepted,1,0,0,0,140,83,41.5,57,140.0,70.0,9.347330093383789,0,1.9802615431876018,2.3932154178619385,2.270350004339034,58,ppo_kalman_seed45,ppo_kalman,PPO-Kalman,45
77482,unsafe_intercept,0,0,1,0,14,12,6.0,2,,,2.7780098915100098,0,1.0495150287946065,1.1995875835418701,1.0590430412082428,3,ppo_kalman_seed45,ppo_kalman,PPO-Kalman,45
77483,intercepted,1,0,0,0,80,31,15.5,49,80.0,40.0,4.75907039642334,0,2.665921987295151,2.13362979888916,2.734758242717471,50,ppo_kalman_seed45,ppo_kalman,PPO-Kalman,45
77484,intercepted,1,0,0,0,16,13,6.5,3,16.0,8.0,5.296576499938965,0,1.3184684067964554,1.754202127456665,1.3840967076531119,4,ppo_kalman_seed45,ppo_kalman,PPO-Kalman,45
77485,intercepted,1,0,0,0,253,71,35.5,182,253.0,126.5,4.003137111663818,0,2.559358613250034,3.0895392894744873,2.64546043147457,183,ppo_kalman_seed45,ppo_kalman,PPO-Kalman,45
77486,soldier_caught,0,1,0,0,300,14,7.0,286,,,1.0500375032424927,0,2.528298862719785,3.1881415843963623,2.6368104937843104,287,ppo_kalman_seed45,ppo_kalman,PPO-Kalman,45
77487,intercepted,1,0,0,0,75,48,24.0,27,75.0,37.5,2.4470393657684326,0,1.901326839945146,2.9237189292907715,2.1153875796859203,28,ppo_kalman_seed45,ppo_kalman,PPO-Kalman,45
77488,unsafe_intercept,0,0,1,0,10,7,3.5,3,,,2.4345762729644775,0,1.6075651794672012,2.5892887115478516,1.761954962907257,4,ppo_kalman_seed45,ppo_kalman,PPO-Kalman,45
77489,intercepted,1,0,0,0,41,12,6.0,29,41.0,20.5,9.589500427246094,0,2.29456401069959,3.1689658164978027,2.4163810006973074,30,ppo_kalman_seed45,ppo_kalman,PPO-Kalman,45
77490,soldier_caught,0,1,0,0,117,57,28.5,60,,,1.1281993389129639,0,2.214560139374655,3.1988325119018555,2.393370564115443,61,ppo_kalman_seed45,ppo_kalman,PPO-Kalman,45
77491,intercepted,1,0,0,0,224,10,5.0,214,224.0,112.0,2.7533559799194336,0,2.5937970065793325,1.3892722129821777,2.7225676483889742,215,ppo_kalman_seed45,ppo_kalman,PPO-Kalman,45
77492,intercepted,1,0,0,0,37,12,6.0,25,37.0,18.5,9.826314926147461,0,2.374524508531277,2.3370866775512695,2.472487450571819,26,ppo_kalman_seed45,ppo_kalman,PPO-Kalman,45
77493,intercepted,1,0,0,0,36,10,5.0,26,36.0,18.0,2.3502988815307617,0,2.2606889693825334,1.7647984027862549,2.40250810297808,27,ppo_kalman_seed45,ppo_kalman,PPO-Kalman,45
77494,soldier_caught,0,1,0,0,88,10,5.0,78,,,1.1406358480453491,0,2.4161805155911025,3.157860279083252,2.5178071423747035,79,ppo_kalman_seed45,ppo_kalman,PPO-Kalman,45
77495,soldier_caught,0,1,0,0,79,20,10.0,59,,,1.715153455734253,0,2.3117801666259767,3.173238515853882,2.4344987777220375,60,ppo_kalman_seed45,ppo_kalman,PPO-Kalman,45
77496,soldier_caught,0,1,0,0,168,62,31.0,106,,,1.212681531906128,0,2.404502206038092,3.031855344772339,2.523729523777354,107,ppo_kalman_seed45,ppo_kalman,PPO-Kalman,45
77497,intercepted,1,0,0,0,230,9,4.5,221,230.0,115.0,8.753244400024414,0,2.6669972206021213,2.979556083679199,2.7321298716491524,222,ppo_kalman_seed45,ppo_kalman,PPO-Kalman,45
77498,intercepted,1,0,0,0,301,52,26.0,249,301.0,150.5,9.290654182434082,0,2.6177767403125762,2.8518218994140625,2.6856732161773107,250,ppo_kalman_seed45,ppo_kalman,PPO-Kalman,45
77499,intercepted,1,0,0,0,216,10,5.0,206,216.0,108.0,4.1053853034973145,0,2.3876859312472134,2.1145193576812744,2.5047959341224053,207,ppo_kalman_seed45,ppo_kalman,PPO-Kalman,45
77500,intercepted,1,0,0,0,21,13,6.5,8,21.0,10.5,11.023223876953125,0,1.7877520521481831,2.7940969467163086,2.044508860896121,9,ppo_kalman_seed45,ppo_kalman,PPO-Kalman,45
77501,intercepted,1,0,0,0,41,14,7.0,27,41.0,20.5,8.668128967285156,0,2.424847513437271,2.6283915042877197,2.559153308438896,28,ppo_kalman_seed45,ppo_kalman,PPO-Kalman,45
77502,intercepted,1,0,0,0,172,9,4.5,163,172.0,86.0,10.215559005737305,0,2.5466206464462164,2.9508419036865234,2.640020926613579,164,ppo_kalman_seed45,ppo_kalman,PPO-Kalman,45
77503,intercepted,1,0,0,0,201,10,5.0,191,201.0,100.5,3.761606454849243,0,2.591045331209898,3.2174904346466064,2.676124772302843,192,ppo_kalman_seed45,ppo_kalman,PPO-Kalman,45
77504,intercepted,1,0,0,0,210,38,19.0,172,210.0,105.0,3.645622491836548,0,2.562931070610278,3.2883400917053223,2.699168388922723,173,ppo_kalman_seed45,ppo_kalman,PPO-Kalman,45
77505,intercepted,1,0,0,0,49,12,6.0,37,49.0,24.5,11.223894119262695,0,2.1202888849534487,1.9159204959869385,2.184980475535098,38,ppo_kalman_seed45,ppo_kalman,PPO-Kalman,45
77506,intercepted,1,0,0,0,86,9,4.5,77,86.0,43.0,3.4922187328338623,0,2.3562210691280856,1.8851133584976196,2.477871283856306,78,ppo_kalman_seed45,ppo_kalman,PPO-Kalman,45
77507,intercepted,1,0,0,0,37,9,4.5,28,37.0,18.5,4.393443584442139,0,2.038157913191565,1.7942928075790405,2.170513677145434,29,ppo_kalman_seed45,ppo_kalman,PPO-Kalman,45
77508,intercepted,1,0,0,0,38,9,4.5,29,38.0,19.0,3.937351942062378,0,2.1194658160209654,1.1977137327194214,2.374922789984829,30,ppo_kalman_seed45,ppo_kalman,PPO-Kalman,45
77509,intercepted,1,0,0,0,17,8,4.0,9,17.0,8.5,8.756020545959473,0,1.962066638469696,3.0623934268951416,2.120198220493151,10,ppo_kalman_seed45,ppo_kalman,PPO-Kalman,45
77510,intercepted,1,0,0,0,146,18,9.0,128,146.0,73.0,2.3023340702056885,0,2.481336386628853,2.3621697425842285,2.6147146324416783,129,ppo_kalman_seed45,ppo_kalman,PPO-Kalman,45
77511,intercepted,1,0,0,0,237,12,6.0,225,237.0,118.5,11.307976722717285,0,2.71524109988086,2.774461030960083,2.7820539518820966,226,ppo_kalman_seed45,ppo_kalman,PPO-Kalman,45
77512,intercepted,1,0,0,0,14,11,5.5,3,14.0,7.0,6.6198320388793945,0,0.9875681400299072,1.5294493436813354,1.0682520179116026,4,ppo_kalman_seed45,ppo_kalman,PPO-Kalman,45
77513,intercepted,1,0,0,0,104,18,9.0,86,104.0,52.0,11.120984077453613,0,2.4591855221781236,3.6942126750946045,2.5551238856148717,87,ppo_kalman_seed45,ppo_kalman,PPO-Kalman,45
77514,soldier_caught,0,1,0,0,114,9,4.5,105,,,1.905357003211975,0,2.239752642669768,0.5852823257446289,2.3899588490050925,106,ppo_kalman_seed45,ppo_kalman,PPO-Kalman,45
77515,intercepted,1,0,0,0,1200,13,6.5,1187,1200.0,600.0,2.2762722969055176,0,2.6567732969970015,2.5674855709075928,2.7336497376106736,1188,ppo_kalman_seed45,ppo_kalman,PPO-Kalman,45
77516,intercepted,1,0,0,0,757,12,6.0,745,757.0,378.5,2.5747077465057373,0,2.4723097947563466,3.767453193664551,2.58895457308945,746,ppo_kalman_seed45,ppo_kalman,PPO-Kalman,45
77517,intercepted,1,0,0,0,264,9,4.5,255,264.0,132.0,4.055656433105469,0,2.6287960557383485,2.9433059692382812,2.713345985794711,256,ppo_kalman_seed45,ppo_kalman,PPO-Kalman,45
77518,intercepted,1,0,0,0,174,12,6.0,162,174.0,87.0,2.7487967014312744,0,2.3732664578714253,3.883291006088257,2.4822744388482203,163,ppo_kalman_seed45,ppo_kalman,PPO-Kalman,45
77519,intercepted,1,0,0,0,79,8,4.0,71,79.0,39.5,4.478974342346191,0,2.4523937528332076,2.07232666015625,2.527535531226988,72,ppo_kalman_seed45,ppo_kalman,PPO-Kalman,45
77520,soldier_caught,0,1,0,0,12,10,5.0,2,,,1.5681486129760742,0,1.0472192168235779,1.2003605365753174,1.2029629401332613,3,ppo_kalman_seed45,ppo_kalman,PPO-Kalman,45
77521,intercepted,1,0,0,0,37,11,5.5,26,37.0,18.5,4.984501838684082,0,2.356358645138917,3.454820156097412,2.4608618730731835,27,ppo_kalman_seed45,ppo_kalman,PPO-Kalman,45
77522,intercepted,1,0,0,0,85,9,4.5,76,85.0,42.5,8.078413963317871,0,2.450293418648955,2.797487497329712,2.6028304488810825,77,ppo_kalman_seed45,ppo_kalman,PPO-Kalman,45
77523,intercepted,1,0,0,0,187,7,3.5,180,187.0,93.5,2.942157745361328,0,2.518920946845692,2.5209405422210693,2.6200353578126543,181,ppo_kalman_seed45,ppo_kalman,PPO-Kalman,45
77524,intercepted,1,0,0,0,121,15,7.5,106,121.0,60.5,9.577342987060547,0,2.66936807376202,3.683692216873169,2.7255025554808805,107,ppo_kalman_seed45,ppo_kalman,PPO-Kalman,45
77525,intercepted,1,0,0,0,181,12,6.0,169,181.0,90.5,5.221726417541504,0,2.489349338236977,4.416372299194336,2.61403497579985,170,ppo_kalman_seed45,ppo_kalman,PPO-Kalman,45
77526,soldier_caught,0,1,0,0,105,12,6.0,93,,,0.8719791769981384,0,2.6943220439109394,3.0655643939971924,2.7628750764107077,94,ppo_kalman_seed45,ppo_kalman,PPO-Kalman,45
77527,intercepted,1,0,0,0,14,9,4.5,5,14.0,7.0,3.550358295440674,0,0.7262254059314728,1.0180460214614868,0.7926289516875205,6,ppo_kalman_seed45,ppo_kalman,PPO-Kalman,45
77528,unsafe_intercept,0,0,1,0,11,9,4.5,2,,,2.1221566200256348,0,1.2810160517692566,0.9657079577445984,1.3003839587323403,3,ppo_kalman_seed45,ppo_kalman,PPO-Kalman,45
77529,soldier_caught,0,1,0,0,301,14,7.0,287,,,1.4657822847366333,0,2.3926726955816977,2.393073558807373,2.521026680106693,288,ppo_kalman_seed45,ppo_kalman,PPO-Kalman,45
77530,intercepted,1,0,0,0,52,13,6.5,39,52.0,26.0,7.895065784454346,0,2.371247246861458,3.1203765869140625,2.4820576511188603,40,ppo_kalman_seed45,ppo_kalman,PPO-Kalman,45
77531,intercepted,1,0,0,0,129,13,6.5,116,129.0,64.5,2.972788095474243,0,2.555973172442526,2.3944411277770996,2.6741630973088917,117,ppo_kalman_seed45,ppo_kalman,PPO-Kalman,45
77532,intercepted,1,0,0,0,63,14,7.0,49,63.0,31.5,9.902909278869629,0,2.3404781478643417,2.00175142288208,2.537953010262129,50,ppo_kalman_seed45,ppo_kalman,PPO-Kalman,45
77533,intercepted,1,0,0,0,41,8,4.0,33,41.0,20.5,11.617403984069824,0,2.133753960623461,2.544283866882324,2.219393381162604,34,ppo_kalman_seed45,ppo_kalman,PPO-Kalman,45
77534,intercepted,1,0,0,0,65,8,4.0,57,65.0,32.5,9.340517044067383,0,2.2493786308272132,3.4506027698516846,2.4087736313115933,58,ppo_kalman_seed45,ppo_kalman,PPO-Kalman,45
77535,intercepted,1,0,0,0,52,25,12.5,27,52.0,26.0,11.835851669311523,0,2.253997321639742,3.0588557720184326,2.431667773590064,28,ppo_kalman_seed45,ppo_kalman,PPO-Kalman,45
77536,intercepted,1,0,0,0,194,9,4.5,185,194.0,97.0,2.720945358276367,0,2.477136977337381,2.1992027759552,2.6068940825969684,186,ppo_kalman_seed45,ppo_kalman,PPO-Kalman,45
77537,intercepted,1,0,0,0,109,15,7.5,94,109.0,54.5,2.0214908123016357,0,2.092352957474558,3.149827480316162,2.2408009757529173,95,ppo_kalman_seed45,ppo_kalman,PPO-Kalman,45
77538,intercepted,1,0,0,0,446,9,4.5,437,446.0,223.0,8.29240608215332,0,2.6595518096396913,2.9841668605804443,2.7367074378858893,438,ppo_kalman_seed45,ppo_kalman,PPO-Kalman,45
77539,intercepted,1,0,0,0,75,12,6.0,63,75.0,37.5,2.0647006034851074,0,1.856172576546669,2.2395334243774414,2.029173577315641,64,ppo_kalman_seed45,ppo_kalman,PPO-Kalman,45
77540,intercepted,1,0,0,0,159,11,5.5,148,159.0,79.5,3.0887269973754883,0,2.4945011346932224,2.824885845184326,2.6018449294750328,149,ppo_kalman_seed45,ppo_kalman,PPO-Kalman,45
77541,intercepted,1,0,0,0,23,15,7.5,8,23.0,11.5,9.436744689941406,0,1.365334302186966,1.0255885124206543,1.4792752282171961,9,ppo_kalman_seed45,ppo_kalman,PPO-Kalman,45
77542,intercepted,1,0,0,0,246,11,5.5,235,246.0,123.0,2.348470687866211,0,2.4013350432959655,3.0338616371154785,2.5466080290857835,236,ppo_kalman_seed45,ppo_kalman,PPO-Kalman,45
77543,intercepted,1,0,0,0,16,12,6.0,4,16.0,8.0,9.348982810974121,0,1.3486162304878235,1.5918779373168945,1.478788664663557,5,ppo_kalman_seed45,ppo_kalman,PPO-Kalman,45
77544,intercepted,1,0,0,0,97,67,33.5,30,97.0,48.5,14.17027473449707,0,2.3959261130902076,3.1567630767822266,2.530174665049296,31,ppo_kalman_seed45,ppo_kalman,PPO-Kalman,45
77545,intercepted,1,0,0,0,39,31,15.5,8,39.0,19.5,11.14112377166748,0,1.7309744093153212,2.704815626144409,1.9037623840523277,9,ppo_kalman_seed45,ppo_kalman,PPO-Kalman,45
77546,intercepted,1,0,0,0,33,10,5.0,23,33.0,16.5,10.716492652893066,0,2.2283457641800246,2.126540184020996,2.3495654690557775,24,ppo_kalman_seed45,ppo_kalman,PPO-Kalman,45
77547,intercepted,1,0,0,0,43,9,4.5,34,43.0,21.5,11.391982078552246,0,2.319096782164914,2.6710896492004395,2.509523345591246,35,ppo_kalman_seed45,ppo_kalman,PPO-Kalman,45
77548,intercepted,1,0,0,0,144,28,14.0,116,144.0,72.0,4.599320888519287,0,2.5671188230188484,2.2842249870300293,2.6892194455968843,117,ppo_kalman_seed45,ppo_kalman,PPO-Kalman,45
77549,intercepted,1,0,0,0,114,20,10.0,94,114.0,57.0,12.71624755859375,0,2.7105031847953795,2.4802894592285156,2.760414564666029,95,ppo_kalman_seed45,ppo_kalman,PPO-Kalman,45
77550,intercepted,1,0,0,0,158,9,4.5,149,158.0,79.0,2.074122428894043,0,2.3682249468564986,3.0503504276275635,2.510274522373568,150,ppo_kalman_seed45,ppo_kalman,PPO-Kalman,45
77551,soldier_caught,0,1,0,0,178,10,5.0,168,,,1.2543919086456299,0,2.5858195242444437,1.7819818258285522,2.6966430580547476,169,ppo_kalman_seed45,ppo_kalman,PPO-Kalman,45
77552,soldier_caught,0,1,0,0,156,9,4.5,147,,,0.3840602934360504,0,2.5181105487249993,2.251063108444214,2.6226017658662584,148,ppo_kalman_seed45,ppo_kalman,PPO-Kalman,45
77553,intercepted,1,0,0,0,57,7,3.5,50,57.0,28.5,3.6021480560302734,0,2.407170767877616,1.2307888269424438,2.529324342038001,51,ppo_kalman_seed45,ppo_kalman,PPO-Kalman,45
77554,intercepted,1,0,0,0,295,32,16.0,263,295.0,147.5,2.634870767593384,0,2.48694712262262,2.560072422027588,2.604169515668755,264,ppo_kalman_seed45,ppo_kalman,PPO-Kalman,45
77555,intercepted,1,0,0,0,39,11,5.5,28,39.0,19.5,2.9557268619537354,0,2.190441774910894,3.1446590423583984,2.3430035116949166,29,ppo_kalman_seed45,ppo_kalman,PPO-Kalman,45
77556,intercepted,1,0,0,0,102,19,9.5,83,102.0,51.0,10.288928985595703,0,2.3215886844055995,2.9368832111358643,2.443979004584357,84,ppo_kalman_seed45,ppo_kalman,PPO-Kalman,45
77557,intercepted,1,0,0,0,33,8,4.0,25,33.0,16.5,2.6022050380706787,0,1.9692149918812971,1.2033114433288574,2.131345278449067,26,ppo_kalman_seed45,ppo_kalman,PPO-Kalman,45
77558,intercepted,1,0,0,0,69,13,6.5,56,69.0,34.5,7.649857997894287,0,2.3773889525940546,2.6011719703674316,2.548041913976676,57,ppo_kalman_seed45,ppo_kalman,PPO-Kalman,45
77559,intercepted,1,0,0,0,275,10,5.0,265,275.0,137.5,4.341628074645996,0,2.4666982449983297,3.0652756690979004,2.574230946660611,266,ppo_kalman_seed45,ppo_kalman,PPO-Kalman,45
77560,soldier_caught,0,1,0,0,136,34,17.0,102,,,0.7121037840843201,0,2.5183237507505325,2.3734078407287598,2.6247560837182866,103,ppo_kalman_seed45,ppo_kalman,PPO-Kalman,45
77561,intercepted,1,0,0,0,128,9,4.5,119,128.0,64.0,13.874095916748047,0,2.5635191226998963,2.8317553997039795,2.6580648156017657,120,ppo_kalman_seed45,ppo_kalman,PPO-Kalman,45
77562,intercepted,1,0,0,0,84,20,10.0,64,84.0,42.0,9.02571964263916,0,2.5021767772161043,2.663616180419922,2.575727512115057,65,ppo_kalman_seed45,ppo_kalman,PPO-Kalman,45
77563,intercepted,1,0,0,0,89,12,6.0,77,89.0,44.5,3.1151647567749023,0,2.4023488668295054,2.387158155441284,2.5097624992584757,78,ppo_kalman_seed45,ppo_kalman,PPO-Kalman,45
77564,intercepted,1,0,0,0,441,32,16.0,409,441.0,220.5,9.893054008483887,0,2.6383877416209476,2.19020938873291,2.7127604051072542,410,ppo_kalman_seed45,ppo_kalman,PPO-Kalman,45
77565,intercepted,1,0,0,0,252,10,5.0,242,252.0,126.0,3.8284125328063965,0,2.5837265580524633,1.3712644577026367,2.6914814349471143,243,ppo_kalman_seed45,ppo_kalman,PPO-Kalman,45
77566,soldier_caught,0,1,0,0,17,15,7.5,2,,,1.3916360139846802,0,1.1009665131568909,0.5551082491874695,1.1867585055616674,3,ppo_kalman_seed45,ppo_kalman,PPO-Kalman,45
77567,intercepted,1,0,0,0,19,13,6.5,6,19.0,9.5,5.805049896240234,0,1.6051879269736153,3.74676513671875,1.9285552236885748,7,ppo_kalman_seed45,ppo_kalman,PPO-Kalman,45
77568,intercepted,1,0,0,0,69,11,5.5,58,69.0,34.5,14.519393920898438,0,2.5899847129643976,2.9992454051971436,2.7023466249766956,59,ppo_kalman_seed45,ppo_kalman,PPO-Kalman,45
77569,intercepted,1,0,0,0,138,10,5.0,128,138.0,69.0,2.602207660675049,0,2.3616669524547667,2.0349974632263184,2.5106285027782764,129,ppo_kalman_seed45,ppo_kalman,PPO-Kalman,45
77570,intercepted,1,0,0,0,100,11,5.5,89,100.0,50.0,5.373010635375977,0,2.313019889924261,2.524514675140381,2.4257791911586875,90,ppo_kalman_seed45,ppo_kalman,PPO-Kalman,45
77571,intercepted,1,0,0,0,70,13,6.5,57,70.0,35.0,7.290782451629639,0,2.312334528257107,2.7540318965911865,2.4819607427232624,58,ppo_kalman_seed45,ppo_kalman,PPO-Kalman,45
77572,intercepted,1,0,0,0,67,58,29.0,9,67.0,33.5,14.817804336547852,0,1.6026001930236817,2.1240105628967285,1.6795382185314096,10,ppo_kalman_seed45,ppo_kalman,PPO-Kalman,45
77573,intercepted,1,0,0,0,224,10,5.0,214,224.0,112.0,8.549605369567871,0,2.6223095123157947,3.2019455432891846,2.6968146284591756,215,ppo_kalman_seed45,ppo_kalman,PPO-Kalman,45
77574,intercepted,1,0,0,0,266,12,6.0,254,266.0,133.0,10.632370948791504,0,2.7308433121325923,3.1545803546905518,2.781864657784719,255,ppo_kalman_seed45,ppo_kalman,PPO-Kalman,45
77575,intercepted,1,0,0,0,196,40,20.0,156,196.0,98.0,2.1313517093658447,0,2.592133829548101,3.0622332096099854,2.667143887447998,157,ppo_kalman_seed45,ppo_kalman,PPO-Kalman,45
77576,soldier_caught,0,1,0,0,132,8,4.0,124,,,1.1111481189727783,0,2.310885342121124,2.184382677078247,2.417217281550887,125,ppo_kalman_seed45,ppo_kalman,PPO-Kalman,45
77577,intercepted,1,0,0,0,550,9,4.5,541,550.0,275.0,2.999633312225342,0,2.6022114843899913,3.8494677543640137,2.6994053867753114,542,ppo_kalman_seed45,ppo_kalman,PPO-Kalman,45
77578,intercepted,1,0,0,0,32,9,4.5,23,32.0,16.0,12.831817626953125,0,2.310645659764608,2.8256449699401855,2.399024242429167,24,ppo_kalman_seed45,ppo_kalman,PPO-Kalman,45
77579,intercepted,1,0,0,0,130,16,8.0,114,130.0,65.0,6.960599422454834,0,2.604236741169639,2.628872871398926,2.708458495899652,115,ppo_kalman_seed45,ppo_kalman,PPO-Kalman,45
77580,soldier_caught,0,1,0,0,37,8,4.0,29,,,1.4268022775650024,0,2.124783025185267,1.321581244468689,2.2799974140103467,30,ppo_kalman_seed45,ppo_kalman,PPO-Kalman,45
77581,intercepted,1,0,0,0,12,9,4.5,3,12.0,6.0,5.718666076660156,0,1.1741031557321548,1.8395278453826904,1.2472258180071019,4,ppo_kalman_seed45,ppo_kalman,PPO-Kalman,45
77582,intercepted,1,0,0,0,125,30,15.0,95,125.0,62.5,8.046606063842773,0,2.336353971157223,2.2652077674865723,2.476247271990537,96,ppo_kalman_seed45,ppo_kalman,PPO-Kalman,45
77583,soldier_caught,0,1,0,0,131,22,11.0,109,,,1.4028500318527222,0,2.5534481498328123,1.9332661628723145,2.6456643739655927,110,ppo_kalman_seed45,ppo_kalman,PPO-Kalman,45
77584,intercepted,1,0,0,0,225,10,5.0,215,225.0,112.5,5.406915187835693,0,2.570066304256519,2.7146217823028564,2.6609476361856363,216,ppo_kalman_seed45,ppo_kalman,PPO-Kalman,45
77585,intercepted,1,0,0,0,22,14,7.0,8,22.0,11.0,4.228115081787109,0,1.349969310892953,2.887260913848877,1.5672754930382826,9,ppo_kalman_seed45,ppo_kalman,PPO-Kalman,45
77586,soldier_caught,0,1,0,0,112,9,4.5,103,,,1.9350802898406982,0,2.4386024091106195,1.4608750343322754,2.5547816161292936,104,ppo_kalman_seed45,ppo_kalman,PPO-Kalman,45
77587,intercepted,1,0,0,0,12,9,4.5,3,12.0,6.0,5.052360534667969,0,1.040488924831152,1.5901050567626953,1.1751174621647509,4,ppo_kalman_seed45,ppo_kalman,PPO-Kalman,45
77588,intercepted,1,0,0,0,145,11,5.5,134,145.0,72.5,4.099147796630859,0,2.3372175892194114,3.2988455295562744,2.432312218687625,135,ppo_kalman_seed45,ppo_kalman,PPO-Kalman,45
77589,intercepted,1,0,0,0,86,18,9.0,68,86.0,43.0,13.834417343139648,0,2.469797664794369,2.8619747161865234,2.546173462271252,69,ppo_kalman_seed45,ppo_kalman,PPO-Kalman,45
77590,intercepted,1,0,0,0,36,11,5.5,25,36.0,18.0,8.652708053588867,0,2.0197000606701923,2.9912657737731934,2.1633962287223327,26,ppo_kalman_seed45,ppo_kalman,PPO-Kalman,45
77591,unsafe_intercept,0,0,1,0,10,8,4.0,2,,,2.5303094387054443,0,2.0873183806737265,1.1646174192428589,2.186964288321005,3,ppo_kalman_seed45,ppo_kalman,PPO-Kalman,45
77592,intercepted,1,0,0,0,57,51,25.5,6,57.0,28.5,11.72781753540039,0,1.6538569969790322,2.5038504600524902,1.8001608951155335,7,ppo_kalman_seed45,ppo_kalman,PPO-Kalman,45
77593,soldier_caught,0,1,0,0,135,11,5.5,124,,,1.8195360898971558,0,2.424755317687988,2.033534049987793,2.5459893084571195,125,ppo_kalman_seed45,ppo_kalman,PPO-Kalman,45
77594,intercepted,1,0,0,0,215,9,4.5,206,215.0,107.5,2.455171585083008,0,2.5646876776276004,1.4966105222702026,2.641988248983002,207,ppo_kalman_seed45,ppo_kalman,PPO-Kalman,45
77595,intercepted,1,0,0,0,86,10,5.0,76,86.0,43.0,4.101487159729004,0,2.610487948764454,3.526179313659668,2.6730023263398386,77,ppo_kalman_seed45,ppo_kalman,PPO-Kalman,45
77596,intercepted,1,0,0,0,61,38,19.0,23,61.0,30.5,14.422496795654297,0,2.5900219827890396,3.2711334228515625,2.7371070207480055,24,ppo_kalman_seed45,ppo_kalman,PPO-Kalman,45
77597,intercepted,1,0,0,0,129,10,5.0,119,129.0,64.5,2.235703468322754,0,2.31769424478213,2.419968843460083,2.4580390940822454,120,ppo_kalman_seed45,ppo_kalman,PPO-Kalman,45
77598,intercepted,1,0,0,0,533,72,36.0,461,533.0,266.5,8.927417755126953,0,2.655616382241765,2.7611072063446045,2.720861975744745,462,ppo_kalman_seed45,ppo_kalman,PPO-Kalman,45
77599,intercepted,1,0,0,0,51,14,7.0,37,51.0,25.5,7.445339202880859,0,2.0683223260076424,3.040261745452881,2.192528047259663,38,ppo_kalman_seed45,ppo_kalman,PPO-Kalman,45
77600,intercepted,1,0,0,0,411,40,20.0,371,411.0,205.5,3.61906361579895,0,2.5086428563921683,3.543947458267212,2.6107710718614694,372,ppo_kalman_seed45,ppo_kalman,PPO-Kalman,45
77601,soldier_caught,0,1,0,0,261,16,8.0,245,,,0.9759561419487,0,2.520529268233757,2.6621315479278564,2.6380295772944216,246,ppo_kalman_seed45,ppo_kalman,PPO-Kalman,45
77602,intercepted,1,0,0,0,117,27,13.5,90,117.0,58.5,12.310436248779297,0,2.4413586072214355,2.2261273860931396,2.5404371051263737,91,ppo_kalman_seed45,ppo_kalman,PPO-Kalman,45
77603,intercepted,1,0,0,0,160,9,4.5,151,160.0,80.0,4.341835021972656,0,2.522886058609737,3.657883405685425,2.627145971313301,152,ppo_kalman_seed45,ppo_kalman,PPO-Kalman,45
77604,soldier_caught,0,1,0,0,263,31,15.5,232,,,1.661739468574524,0,2.6557291354424453,2.0706117153167725,2.7429337575670796,233,ppo_kalman_seed45,ppo_kalman,PPO-Kalman,45
77605,intercepted,1,0,0,0,755,45,22.5,710,755.0,377.5,2.4331982135772705,0,2.58676271006444,3.211962938308716,2.686602970489563,711,ppo_kalman_seed45,ppo_kalman,PPO-Kalman,45
77606,intercepted,1,0,0,0,187,11,5.5,176,187.0,93.5,2.8352210521698,0,2.3260331066314786,2.186422109603882,2.4275476855138693,177,ppo_kalman_seed45,ppo_kalman,PPO-Kalman,45
77607,intercepted,1,0,0,0,108,9,4.5,99,108.0,54.0,2.886305093765259,0,2.6052931362390517,2.313422918319702,2.6946092017298975,100,ppo_kalman_seed45,ppo_kalman,PPO-Kalman,45
77608,intercepted,1,0,0,0,110,10,5.0,100,110.0,55.0,2.605943441390991,0,2.5502400622509493,2.460604667663574,2.6631563153019955,101,ppo_kalman_seed45,ppo_kalman,PPO-Kalman,45
77609,intercepted,1,0,0,0,175,10,5.0,165,175.0,87.5,2.7878942489624023,0,2.453338560210653,3.280600070953369,2.554179349444418,166,ppo_kalman_seed45,ppo_kalman,PPO-Kalman,45
77610,intercepted,1,0,0,0,39,9,4.5,30,39.0,19.5,11.117283821105957,0,2.6166280113881633,3.3539044857025146,2.7184766105716873,31,ppo_kalman_seed45,ppo_kalman,PPO-Kalman,45
77611,intercepted,1,0,0,0,56,8,4.0,48,56.0,28.0,10.101850509643555,0,2.6095096322954916,1.469972848892212,2.7135600617552518,49,ppo_kalman_seed45,ppo_kalman,PPO-Kalman,45
77612,intercepted,1,0,0,0,140,8,4.0,132,140.0,70.0,2.1035943031311035,0,2.4835134797302403,2.3442940711975098,2.580601435881831,133,ppo_kalman_seed45,ppo_kalman,PPO-Kalman,45
77613,intercepted,1,0,0,0,73,8,4.0,65,73.0,36.5,7.27121114730835,0,2.4995579141559023,3.224243640899658,2.593264663354861,66,ppo_kalman_seed45,ppo_kalman,PPO-Kalman,45
77614,intercepted,1,0,0,0,124,21,10.5,103,124.0,62.0,4.268246173858643,0,2.2861477698271093,2.558485984802246,2.4477647316385673,104,ppo_kalman_seed45,ppo_kalman,PPO-Kalman,45
77615,intercepted,1,0,0,0,146,64,32.0,82,146.0,73.0,4.884973049163818,0,2.479600171008742,2.429236888885498,2.590116216403037,83,ppo_kalman_seed45,ppo_kalman,PPO-Kalman,45
77616,intercepted,1,0,0,0,21,16,8.0,5,21.0,10.5,6.597575664520264,0,0.9406779160102209,0.731833815574646,1.0421088400848764,6,ppo_kalman_seed45,ppo_kalman,PPO-Kalman,45
77617,intercepted,1,0,0,0,172,123,61.5,49,172.0,86.0,5.389176368713379,0,2.310268620848656,1.4708144664764404,2.497530017907339,50,ppo_kalman_seed45,ppo_kalman,PPO-Kalman,45
77618,intercepted,1,0,0,0,70,35,17.5,35,70.0,35.0,11.349647521972656,0,2.0140524465176792,3.0340940952301025,2.102515808967616,36,ppo_kalman_seed45,ppo_kalman,PPO-Kalman,45
77619,soldier_caught,0,1,0,0,81,12,6.0,69,,,1.15585196018219,0,2.5725942075252535,2.7814531326293945,2.695693178153164,70,ppo_kalman_seed45,ppo_kalman,PPO-Kalman,45
77620,intercepted,1,0,0,0,109,8,4.0,101,109.0,54.5,5.05620813369751,0,2.322604758774533,2.302241086959839,2.471274313352687,102,ppo_kalman_seed45,ppo_kalman,PPO-Kalman,45
77621,soldier_caught,0,1,0,0,12,10,5.0,2,,,1.8262046575546265,0,1.2000719706217449,0.9715968370437622,1.2116731612846556,3,ppo_kalman_seed45,ppo_kalman,PPO-Kalman,45
77622,intercepted,1,0,0,0,38,9,4.5,29,38.0,19.0,4.095279216766357,0,2.2106191794077557,1.6846762895584106,2.3999843185732503,30,ppo_kalman_seed45,ppo_kalman,PPO-Kalman,45
77623,intercepted,1,0,0,0,42,7,3.5,35,42.0,21.0,5.347877502441406,0,2.026523451010386,2.3564987182617188,2.188178005905163,36,ppo_kalman_seed45,ppo_kalman,PPO-Kalman,45
77624,intercepted,1,0,0,0,40,15,7.5,25,40.0,20.0,9.847238540649414,0,2.381988376379013,3.2357046604156494,2.5097342406484344,26,ppo_kalman_seed45,ppo_kalman,PPO-Kalman,45
77625,intercepted,1,0,0,0,65,14,7.0,51,65.0,32.5,11.033918380737305,0,2.6212127965230207,3.4833858013153076,2.7265921519939806,52,ppo_kalman_seed45,ppo_kalman,PPO-Kalman,45
77626,intercepted,1,0,0,0,94,19,9.5,75,94.0,47.0,10.714548110961914,0,2.6034472129846873,2.804170846939087,2.661958951373226,76,ppo_kalman_seed45,ppo_kalman,PPO-Kalman,45
77627,intercepted,1,0,0,0,31,11,5.5,20,31.0,15.5,14.836008071899414,0,2.6302169050489153,3.479801654815674,2.7589890910043398,21,ppo_kalman_seed45,ppo_kalman,PPO-Kalman,45
77628,intercepted,1,0,0,0,15,11,5.5,4,15.0,7.5,6.171636581420898,0,1.2273398518562317,1.859555959701538,1.3235005869637884,5,ppo_kalman_seed45,ppo_kalman,PPO-Kalman,45
77629,intercepted,1,0,0,0,164,24,12.0,140,164.0,82.0,10.381406784057617,0,2.5892214111402527,2.8369553089141846,2.662688691092211,141,ppo_kalman_seed45,ppo_kalman,PPO-Kalman,45
77630,intercepted,1,0,0,0,116,49,24.5,67,116.0,58.0,11.92956256866455,0,2.5565106702201508,3.806933641433716,2.6491469324025303,68,ppo_kalman_seed45,ppo_kalman,PPO-Kalman,45
77631,intercepted,1,0,0,0,99,13,6.5,86,99.0,49.5,7.605635166168213,0,2.469055200273963,2.943960189819336,2.5743084893761488,87,ppo_kalman_seed45,ppo_kalman,PPO-Kalman,45
77632,intercepted,1,0,0,0,130,59,29.5,71,130.0,65.0,11.428961753845215,0,2.5463430347541967,2.3834803104400635,2.6444166938579485,72,ppo_kalman_seed45,ppo_kalman,PPO-Kalman,45
77633,intercepted,1,0,0,0,382,9,4.5,373,382.0,191.0,3.3099186420440674,0,2.7195033657359566,2.1954429149627686,2.7832069434284836,374,ppo_kalman_seed45,ppo_kalman,PPO-Kalman,45
77634,intercepted,1,0,0,0,67,7,3.5,60,67.0,33.5,7.8125834465026855,0,2.3510641128313345,2.902804136276245,2.481003235137665,61,ppo_kalman_seed45,ppo_kalman,PPO-Kalman,45
77635,intercepted,1,0,0,0,266,9,4.5,257,266.0,133.0,4.213388919830322,0,2.564286227143088,2.4583308696746826,2.6663245570677945,258,ppo_kalman_seed45,ppo_kalman,PPO-Kalman,45
77636,intercepted,1,0,0,0,65,14,7.0,51,65.0,32.5,5.482526779174805,0,2.4157502295879216,2.0578196048736572,2.5715566478266147,52,ppo_kalman_seed45,ppo_kalman,PPO-Kalman,45
77637,intercepted,1,0,0,0,200,11,5.5,189,200.0,100.0,9.337076187133789,0,2.539632096102363,2.59717059135437,2.6350199660335254,190,ppo_kalman_seed45,ppo_kalman,PPO-Kalman,45
77638,intercepted,1,0,0,0,35,11,5.5,24,35.0,17.5,5.58719539642334,0,2.3267914831638334,2.453428268432617,2.541772219710069,25,ppo_kalman_seed45,ppo_kalman,PPO-Kalman,45
77639,intercepted,1,0,0,0,37,11,5.5,26,37.0,18.5,7.987323760986328,0,2.3005416525734796,2.1890547275543213,2.3997007081924164,27,ppo_kalman_seed45,ppo_kalman,PPO-Kalman,45
77640,intercepted,1,0,0,0,383,14,7.0,369,383.0,191.5,2.860438346862793,0,2.5812423671419555,2.860393524169922,2.6559488693673323,370,ppo_kalman_seed45,ppo_kalman,PPO-Kalman,45
77641,intercepted,1,0,0,0,80,10,5.0,70,80.0,40.0,11.899725914001465,0,2.608981642504813,2.4044814109802246,2.7912316161131026,71,ppo_kalman_seed45,ppo_kalman,PPO-Kalman,45
77642,intercepted,1,0,0,0,37,11,5.5,26,37.0,18.5,13.284199714660645,0,2.3095952846385814,3.7852976322174072,2.3935516357605895,27,ppo_kalman_seed45,ppo_kalman,PPO-Kalman,45
77643,soldier_caught,0,1,0,0,412,9,4.5,403,,,1.6125808954238892,0,2.5482276865456366,0.7551990747451782,2.6403519594023224,404,ppo_kalman_seed45,ppo_kalman,PPO-Kalman,45
77644,intercepted,1,0,0,0,168,26,13.0,142,168.0,84.0,10.318628311157227,0,2.455918132425188,2.8763599395751953,2.5806158837686675,143,ppo_kalman_seed45,ppo_kalman,PPO-Kalman,45
77645,intercepted,1,0,0,0,36,9,4.5,27,36.0,18.0,11.573760986328125,0,2.3671861525092806,2.9800655841827393,2.4454279875040488,28,ppo_kalman_seed45,ppo_kalman,PPO-Kalman,45
77646,intercepted,1,0,0,0,107,10,5.0,97,107.0,53.5,2.1684253215789795,0,2.486613606311837,2.9594571590423584,2.5947778148722715,98,ppo_kalman_seed45,ppo_kalman,PPO-Kalman,45
77647,intercepted,1,0,0,0,168,13,6.5,155,168.0,84.0,3.6877548694610596,0,2.3902285165893726,2.77732515335083,2.5332904000935623,156,ppo_kalman_seed45,ppo_kalman,PPO-Kalman,45
77648,intercepted,1,0,0,0,12,9,4.5,3,12.0,6.0,3.1915736198425293,0,0.95255146920681,0.9782071113586426,0.9573567360658455,4,ppo_kalman_seed45,ppo_kalman,PPO-Kalman,45
77649,intercepted,1,0,0,0,16,12,6.0,4,16.0,8.0,3.1672732830047607,0,1.1442261576652526,1.1410748958587646,1.2422421354489603,5,ppo_kalman_seed45,ppo_kalman,PPO-Kalman,45
77650,intercepted,1,0,0,0,55,11,5.5,44,55.0,27.5,12.730982780456543,0,2.3885308610068425,1.620324730873108,2.485504976255645,45,ppo_kalman_seed45,ppo_kalman,PPO-Kalman,45
77651,intercepted,1,0,0,0,41,15,7.5,26,41.0,20.5,13.060762405395508,0,2.319629841380649,3.2402477264404297,2.5192125252326516,27,ppo_kalman_seed45,ppo_kalman,PPO-Kalman,45
77652,soldier_caught,0,1,0,0,12,10,5.0,2,,,1.9907646179199219,0,0.9015184044837952,0.5704659819602966,0.9616966908400415,3,ppo_kalman_seed45,ppo_kalman,PPO-Kalman,45
77653,intercepted,1,0,0,0,85,16,8.0,69,85.0,42.5,4.287635326385498,0,2.3881162788186754,2.7701303958892822,2.4579381904253794,70,ppo_kalman_seed45,ppo_kalman,PPO-Kalman,45
77654,intercepted,1,0,0,0,136,13,6.5,123,136.0,68.0,8.88990306854248,0,2.277997595888953,3.5723397731781006,2.427337888754654,124,ppo_kalman_seed45,ppo_kalman,PPO-Kalman,45
77655,intercepted,1,0,0,0,159,8,4.0,151,159.0,79.5,4.939681529998779,0,2.489334502110356,2.920023202896118,2.6200272192961025,152,ppo_kalman_seed45,ppo_kalman,PPO-Kalman,45
77656,intercepted,1,0,0,0,73,12,6.0,61,73.0,36.5,7.882636547088623,0,2.5481393385318016,2.310189962387085,2.6325463651209753,62,ppo_kalman_seed45,ppo_kalman,PPO-Kalman,45
77657,intercepted,1,0,0,0,57,12,6.0,45,57.0,28.5,11.928398132324219,0,2.36531809296297,3.417057752609253,2.459372157409347,46,ppo_kalman_seed45,ppo_kalman,PPO-Kalman,45
77658,intercepted,1,0,0,0,63,8,4.0,55,63.0,31.5,4.884952068328857,0,2.3300864387835776,3.468546152114868,2.480020846487963,56,ppo_kalman_seed45,ppo_kalman,PPO-Kalman,45
77659,intercepted,1,0,0,0,32,7,3.5,25,32.0,16.0,7.13014554977417,0,2.1212013100202265,2.48105788230896,2.2092307383687952,26,ppo_kalman_seed45,ppo_kalman,PPO-Kalman,45
77660,intercepted,1,0,0,0,600,11,5.5,589,600.0,300.0,7.122151851654053,0,2.653242253903615,2.6543397903442383,2.7275135763295517,590,ppo_kalman_seed45,ppo_kalman,PPO-Kalman,45
77661,soldier_caught,0,1,0,0,40,11,5.5,29,,,0.6289336085319519,0,2.1482930332422256,0.765762448310852,2.4134375594308892,30,ppo_kalman_seed45,ppo_kalman,PPO-Kalman,45
77662,intercepted,1,0,0,0,140,10,5.0,130,140.0,70.0,5.2465739250183105,0,2.464953431532583,3.17964506149292,2.588314911453057,131,ppo_kalman_seed45,ppo_kalman,PPO-Kalman,45
77663,intercepted,1,0,0,0,14,8,4.0,6,14.0,7.0,7.960686683654785,0,1.8112855383328028,3.1347553730010986,2.0281601863642065,7,ppo_kalman_seed45,ppo_kalman,PPO-Kalman,45
77664,intercepted,1,0,0,0,43,9,4.5,34,43.0,21.5,8.476046562194824,0,2.202336275577545,2.689631938934326,2.3950935626006307,35,ppo_kalman_seed45,ppo_kalman,PPO-Kalman,45
77665,intercepted,1,0,0,0,204,20,10.0,184,204.0,102.0,4.863125801086426,0,2.4242177302772934,3.0889272689819336,2.5348863305582223,185,ppo_kalman_seed45,ppo_kalman,PPO-Kalman,45
77666,intercepted,1,0,0,0,224,16,8.0,208,224.0,112.0,2.711949348449707,0,2.576243423674095,2.7482566833496094,2.6576706101100798,209,ppo_kalman_seed45,ppo_kalman,PPO-Kalman,45
77667,intercepted,1,0,0,0,206,12,6.0,194,206.0,103.0,5.639485836029053,0,2.527893798932051,2.24440598487854,2.6274375675386703,195,ppo_kalman_seed45,ppo_kalman,PPO-Kalman,45
77668,soldier_caught,0,1,0,0,59,13,6.5,46,,,1.8469265699386597,0,2.48068638431265,1.6020437479019165,2.6004095834733567,47,ppo_kalman_seed45,ppo_kalman,PPO-Kalman,45
77669,intercepted,1,0,0,0,70,10,5.0,60,70.0,35.0,7.385828495025635,0,2.1073406680685576,3.220714569091797,2.267905442061686,61,ppo_kalman_seed45,ppo_kalman,PPO-Kalman,45
77670,intercepted,1,0,0,0,57,9,4.5,48,57.0,28.5,11.11944580078125,0,2.5920248956096414,2.160311222076416,2.6667110264535947,49,ppo_kalman_seed45,ppo_kalman,PPO-Kalman,45
77671,intercepted,1,0,0,0,360,12,6.0,348,360.0,180.0,4.298240661621094,0,2.6680554232658835,2.0587661266326904,2.7413205323627166,349,ppo_kalman_seed45,ppo_kalman,PPO-Kalman,45
77672,intercepted,1,0,0,0,107,30,15.0,77,107.0,53.5,2.078967332839966,0,2.3926654618520002,2.2503042221069336,2.5777224217802117,78,ppo_kalman_seed45,ppo_kalman,PPO-Kalman,45
77673,intercepted,1,0,0,0,190,11,5.5,179,190.0,95.0,2.8193604946136475,0,2.453259280986256,2.9865150451660156,2.5882974443251143,180,ppo_kalman_seed45,ppo_kalman,PPO-Kalman,45
77674,intercepted,1,0,0,0,765,8,4.0,757,765.0,382.5,2.1211578845977783,0,2.6068547763972294,2.458616018295288,2.6907238071620276,758,ppo_kalman_seed45,ppo_kalman,PPO-Kalman,45
77675,intercepted,1,0,0,0,364,13,6.5,351,364.0,182.0,2.354485034942627,0,2.532978219615126,2.7750566005706787,2.6477355148744137,352,ppo_kalman_seed45,ppo_kalman,PPO-Kalman,45
77676,soldier_caught,0,1,0,0,10,8,4.0,2,,,1.8921889066696167,0,1.0553533633550007,1.0591176748275757,1.0703928913040155,3,ppo_kalman_seed45,ppo_kalman,PPO-Kalman,45
77677,intercepted,1,0,0,0,328,11,5.5,317,328.0,164.0,4.618943691253662,0,2.731819952433964,2.477567434310913,2.7849748066983206,318,ppo_kalman_seed45,ppo_kalman,PPO-Kalman,45
77678,intercepted,1,0,0,0,86,11,5.5,75,86.0,43.0,3.858102560043335,0,2.207899245776628,2.5891683101654053,2.3825235621833114,76,ppo_kalman_seed45,ppo_kalman,PPO-Kalman,45
77679,intercepted,1,0,0,0,91,11,5.5,80,91.0,45.5,5.166912078857422,0,2.3563915965733706,3.186676502227783,2.465075178971026,81,ppo_kalman_seed45,ppo_kalman,PPO-Kalman,45
77680,intercepted,1,0,0,0,458,9,4.5,449,458.0,229.0,5.055030822753906,0,2.6776024566756353,2.42964243888855,2.760766978020555,450,ppo_kalman_seed45,ppo_kalman,PPO-Kalman,45
77681,intercepted,1,0,0,0,177,33,16.5,144,177.0,88.5,2.5219719409942627,0,2.3553240262228865,2.6560404300689697,2.4923417471720213,145,ppo_kalman_seed45,ppo_kalman,PPO-Kalman,45
77682,intercepted,1,0,0,0,58,11,5.5,47,58.0,29.0,11.875028610229492,0,2.449442325780789,2.453902006149292,2.5761267772704426,48,ppo_kalman_seed45,ppo_kalman,PPO-Kalman,45
77683,intercepted,1,0,0,0,58,9,4.5,49,58.0,29.0,13.03746223449707,0,2.559237369298935,3.0288567543029785,2.6385266069495765,50,ppo_kalman_seed45,ppo_kalman,PPO-Kalman,45
77684,intercepted,1,0,0,0,84,9,4.5,75,84.0,42.0,2.4714791774749756,0,2.215608213292925,2.905074119567871,2.3896401806053986,76,ppo_kalman_seed45,ppo_kalman,PPO-Kalman,45
77685,intercepted,1,0,0,0,47,11,5.5,36,47.0,23.5,8.663631439208984,0,2.085606107840667,3.0885307788848877,2.3318353378923087,37,ppo_kalman_seed45,ppo_kalman,PPO-Kalman,45
77686,intercepted,1,0,0,0,229,11,5.5,218,229.0,114.5,9.114163398742676,0,2.5429497453720056,3.838212251663208,2.6515634645717294,219,ppo_kalman_seed45,ppo_kalman,PPO-Kalman,45
77687,intercepted,1,0,0,0,41,12,6.0,29,41.0,20.5,10.837430000305176,0,2.761787402629852,2.8849639892578125,2.881849547511886,30,ppo_kalman_seed45,ppo_kalman,PPO-Kalman,45
77688,intercepted,1,0,0,0,10,8,4.0,2,10.0,5.0,3.520341396331787,0,0.8204110066095988,1.5498112440109253,0.9690740510447771,3,ppo_kalman_seed45,ppo_kalman,PPO-Kalman,45
77689,intercepted,1,0,0,0,146,13,6.5,133,146.0,73.0,3.827648162841797,0,2.3509472021416054,3.0863218307495117,2.4950146130179363,134,ppo_kalman_seed45,ppo_kalman,PPO-Kalman,45
77690,intercepted,1,0,0,0,63,12,6.0,51,63.0,31.5,2.5098350048065186,0,2.1186492282610674,1.6862775087356567,2.2887856685011934,52,ppo_kalman_seed45,ppo_kalman,PPO-Kalman,45
77691,intercepted,1,0,0,0,17,11,5.5,6,17.0,8.5,5.457326412200928,0,1.5197521788733346,1.4677584171295166,1.6157156586890957,7,ppo_kalman_seed45,ppo_kalman,PPO-Kalman,45
77692,intercepted,1,0,0,0,209,13,6.5,196,209.0,104.5,6.57864236831665,0,2.4541598612887,2.6689279079437256,2.5576451485433536,197,ppo_kalman_seed45,ppo_kalman,PPO-Kalman,45
77693,intercepted,1,0,0,0,115,11,5.5,104,115.0,57.5,7.182968616485596,0,2.598398931253524,2.960996389389038,2.6782863566157613,105,ppo_kalman_seed45,ppo_kalman,PPO-Kalman,45
77694,intercepted,1,0,0,0,379,10,5.0,369,379.0,189.5,12.399186134338379,0,2.6150930924190057,2.8015942573547363,2.698994591278079,370,ppo_kalman_seed45,ppo_kalman,PPO-Kalman,45
77695,intercepted,1,0,0,0,14,9,4.5,5,14.0,7.0,9.528738975524902,0,1.4938192268212636,2.521406412124634,1.6183452439857509,6,ppo_kalman_seed45,ppo_kalman,PPO-Kalman,45
77696,intercepted,1,0,0,0,106,7,3.5,99,106.0,53.0,8.301155090332031,0,2.662567822635174,3.0228748321533203,2.739483039818104,100,ppo_kalman_seed45,ppo_kalman,PPO-Kalman,45
77697,intercepted,1,0,0,0,328,9,4.5,319,328.0,164.0,4.459742069244385,0,2.6012102259323,2.933580160140991,2.7006091594771964,320,ppo_kalman_seed45,ppo_kalman,PPO-Kalman,45
77698,intercepted,1,0,0,0,60,8,4.0,52,60.0,30.0,5.27337646484375,0,2.490398480082458,1.327873706817627,2.57715319048746,53,ppo_kalman_seed45,ppo_kalman,PPO-Kalman,45
77699,intercepted,1,0,0,0,91,39,19.5,52,91.0,45.5,11.120499610900879,0,2.3405105932703556,2.105250835418701,2.5019047059731467,53,ppo_kalman_seed45,ppo_kalman,PPO-Kalman,45
77700,intercepted,1,0,0,0,123,65,32.5,58,123.0,61.5,7.153519153594971,0,2.0722055074016925,3.3331267833709717,2.269397961297313,59,ppo_kalman_seed45,ppo_kalman,PPO-Kalman,45
77701,intercepted,1,0,0,0,148,16,8.0,132,148.0,74.0,13.912421226501465,0,2.584037769109683,2.5164754390716553,2.671785087278198,133,ppo_kalman_seed45,ppo_kalman,PPO-Kalman,45
77702,intercepted,1,0,0,0,54,12,6.0,42,54.0,27.0,10.914301872253418,0,2.3958101660706275,2.782069683074951,2.472506280872746,43,ppo_kalman_seed45,ppo_kalman,PPO-Kalman,45
77703,intercepted,1,0,0,0,16,14,7.0,2,16.0,8.0,5.818742275238037,0,1.4418468475341797,1.1885615587234497,1.4605693596769902,3,ppo_kalman_seed45,ppo_kalman,PPO-Kalman,45
77704,soldier_caught,0,1,0,0,480,21,10.5,459,,,1.7313237190246582,0,2.4987012003426967,2.7274680137634277,2.6030396803709714,460,ppo_kalman_seed45,ppo_kalman,PPO-Kalman,45
77705,intercepted,1,0,0,0,50,11,5.5,39,50.0,25.0,13.679981231689453,0,2.2977779649198053,2.1819729804992676,2.4130139945758438,40,ppo_kalman_seed45,ppo_kalman,PPO-Kalman,45
77706,intercepted,1,0,0,0,127,36,18.0,91,127.0,63.5,9.294763565063477,0,2.5395646309075146,3.6973469257354736,2.633995565100731,92,ppo_kalman_seed45,ppo_kalman,PPO-Kalman,45
77707,intercepted,1,0,0,0,259,41,20.5,218,259.0,129.5,11.11941146850586,0,2.682941566319226,2.880561590194702,2.7482851781519475,219,ppo_kalman_seed45,ppo_kalman,PPO-Kalman,45
77708,soldier_caught,0,1,0,0,151,22,11.0,129,,,1.9464881420135498,0,2.24571774407075,2.715346336364746,2.420151007002861,130,ppo_kalman_seed45,ppo_kalman,PPO-Kalman,45
77709,intercepted,1,0,0,0,34,8,4.0,26,34.0,17.0,10.92404556274414,0,2.450604904580999,2.527801752090454,2.554639924734274,27,ppo_kalman_seed45,ppo_kalman,PPO-Kalman,45
77710,intercepted,1,0,0,0,10,8,4.0,2,10.0,5.0,6.0841474533081055,0,1.0048575798670452,0.5939251780509949,1.1074413016213365,3,ppo_kalman_seed45,ppo_kalman,PPO-Kalman,45
77711,intercepted,1,0,0,0,258,14,7.0,244,258.0,129.0,2.0989279747009277,0,2.6636539051727373,3.3078558444976807,2.7355677418495383,245,ppo_kalman_seed45,ppo_kalman,PPO-Kalman,45
77712,intercepted,1,0,0,0,355,52,26.0,303,355.0,177.5,4.0356950759887695,0,2.7479899090371633,2.6292121410369873,2.79479761876637,304,ppo_kalman_seed45,ppo_kalman,PPO-Kalman,45
77713,intercepted,1,0,0,0,137,9,4.5,128,137.0,68.5,2.634739637374878,0,2.3744194244229515,2.2806220054626465,2.5414378428254008,129,ppo_kalman_seed45,ppo_kalman,PPO-Kalman,45
77714,intercepted,1,0,0,0,16,9,4.5,7,16.0,8.0,3.635402202606201,0,1.023706741631031,1.6243884563446045,1.0583664325518503,8,ppo_kalman_seed45,ppo_kalman,PPO-Kalman,45
77715,soldier_caught,0,1,0,0,38,10,5.0,28,,,1.7357350587844849,0,2.118324072196566,1.8438678979873657,2.290451572200481,29,ppo_kalman_seed45,ppo_kalman,PPO-Kalman,45
77716,intercepted,1,0,0,0,60,18,9.0,42,60.0,30.0,10.787105560302734,0,2.8544816083686295,3.0225656032562256,2.978946349285093,43,ppo_kalman_seed45,ppo_kalman,PPO-Kalman,45
77717,intercepted,1,0,0,0,15,12,6.0,3,15.0,7.5,3.676443576812744,0,1.1271534264087677,1.544149398803711,1.163540907868991,4,ppo_kalman_seed45,ppo_kalman,PPO-Kalman,45
77718,soldier_caught,0,1,0,0,74,24,12.0,50,,,1.505163311958313,0,2.3037292723562204,3.073786973953247,2.4449627893628896,51,ppo_kalman_seed45,ppo_kalman,PPO-Kalman,45
77719,intercepted,1,0,0,0,153,13,6.5,140,153.0,76.5,3.5739927291870117,0,2.3419137182546423,2.117689609527588,2.4796619441586065,141,ppo_kalman_seed45,ppo_kalman,PPO-Kalman,45
77720,intercepted,1,0,0,0,79,16,8.0,63,79.0,39.5,5.030539035797119,0,1.9904567608609796,2.9238646030426025,2.1706123064522482,64,ppo_kalman_seed45,ppo_kalman,PPO-Kalman,45
77721,intercepted,1,0,0,0,154,87,43.5,67,154.0,77.0,11.895736694335938,0,2.6359084669281456,2.4484803676605225,2.6977183402003844,68,ppo_kalman_seed45,ppo_kalman,PPO-Kalman,45
77722,intercepted,1,0,0,0,134,11,5.5,123,134.0,67.0,2.3576743602752686,0,2.424190004025736,2.824978828430176,2.532061783954723,124,ppo_kalman_seed45,ppo_kalman,PPO-Kalman,45
77723,intercepted,1,0,0,0,130,11,5.5,119,130.0,65.0,3.0475566387176514,0,2.5403316527605058,2.7187881469726562,2.6460282244597106,120,ppo_kalman_seed45,ppo_kalman,PPO-Kalman,45
77724,soldier_caught,0,1,0,0,14,12,6.0,2,,,1.7640713453292847,0,0.7445765535036722,1.1208909749984741,0.7906989491526726,3,ppo_kalman_seed45,ppo_kalman,PPO-Kalman,45
77725,soldier_caught,0,1,0,0,45,15,7.5,30,,,1.1230852603912354,0,2.2233170405510934,3.0267741680145264,2.4033582351630507,31,ppo_kalman_seed45,ppo_kalman,PPO-Kalman,45
77726,intercepted,1,0,0,0,142,10,5.0,132,142.0,71.0,7.067896842956543,0,2.541767182654904,2.170128107070923,2.638692234857494,133,ppo_kalman_seed45,ppo_kalman,PPO-Kalman,45
77727,intercepted,1,0,0,0,342,9,4.5,333,342.0,171.0,2.9780304431915283,0,2.5039388994256893,2.136437177658081,2.60805857458314,334,ppo_kalman_seed45,ppo_kalman,PPO-Kalman,45
77728,intercepted,1,0,0,0,658,11,5.5,647,658.0,329.0,2.6425387859344482,0,2.496798146493089,2.6932270526885986,2.599146949566075,648,ppo_kalman_seed45,ppo_kalman,PPO-Kalman,45
77729,soldier_caught,0,1,0,0,227,83,41.5,144,,,0.8151742219924927,0,2.381758893152763,2.640747547149658,2.48028456092013,145,ppo_kalman_seed45,ppo_kalman,PPO-Kalman,45
77730,intercepted,1,0,0,0,140,10,5.0,130,140.0,70.0,2.839339017868042,0,2.392301157685637,2.728090286254883,2.518740610325653,131,ppo_kalman_seed45,ppo_kalman,PPO-Kalman,45
77731,intercepted,1,0,0,0,125,12,6.0,113,125.0,62.5,5.723224639892578,0,2.618394316288463,1.9131264686584473,2.696517424417145,114,ppo_kalman_seed45,ppo_kalman,PPO-Kalman,45
77732,intercepted,1,0,0,0,97,35,17.5,62,97.0,48.5,8.192825317382812,0,2.5977322998501005,2.732440948486328,2.648155328763859,63,ppo_kalman_seed45,ppo_kalman,PPO-Kalman,45
77733,intercepted,1,0,0,0,39,10,5.0,29,39.0,19.5,7.670459270477295,0,2.341778373718262,3.15202260017395,2.462812436865707,30,ppo_kalman_seed45,ppo_kalman,PPO-Kalman,45
77734,intercepted,1,0,0,0,173,13,6.5,160,173.0,86.5,5.110004901885986,0,2.6072041984670653,3.5596022605895996,2.711705766708321,161,ppo_kalman_seed45,ppo_kalman,PPO-Kalman,45
77735,soldier_caught,0,1,0,0,66,24,12.0,42,,,1.984519600868225,0,2.546821265719658,1.4365661144256592,2.6746093095518324,43,ppo_kalman_seed45,ppo_kalman,PPO-Kalman,45
77736,intercepted,1,0,0,0,118,29,14.5,89,118.0,59.0,5.534061431884766,0,2.296501049399376,2.5926220417022705,2.4682536238207637,90,ppo_kalman_seed45,ppo_kalman,PPO-Kalman,45
77737,intercepted,1,0,0,0,102,94,47.0,8,102.0,51.0,14.28426742553711,0,1.6883187343676884,3.325791120529175,2.0190133148335785,9,ppo_kalman_seed45,ppo_kalman,PPO-Kalman,45
77738,soldier_caught,0,1,0,0,42,14,7.0,28,,,1.8291841745376587,0,1.9722081772212325,1.7339458465576172,2.140448827763155,29,ppo_kalman_seed45,ppo_kalman,PPO-Kalman,45
77739,intercepted,1,0,0,0,127,8,4.0,119,127.0,63.5,4.4515461921691895,0,2.7174738849202793,3.187725782394409,2.811660356356167,120,ppo_kalman_seed45,ppo_kalman,PPO-Kalman,45
77740,intercepted,1,0,0,0,150,8,4.0,142,150.0,75.0,3.410032033920288,0,2.631475227279263,3.022979736328125,2.696755330351428,143,ppo_kalman_seed45,ppo_kalman,PPO-Kalman,45
77741,intercepted,1,0,0,0,47,39,19.5,8,47.0,23.5,10.661354064941406,0,2.0196444193522134,3.6468822956085205,2.1905852265446892,9,ppo_kalman_seed45,ppo_kalman,PPO-Kalman,45
77742,intercepted,1,0,0,0,74,9,4.5,65,74.0,37.0,7.003044128417969,0,2.5059514732071846,1.8041990995407104,2.5765153032844315,66,ppo_kalman_seed45,ppo_kalman,PPO-Kalman,45
77743,intercepted,1,0,0,0,209,9,4.5,200,209.0,104.5,4.813964366912842,0,2.4600369036197662,0.35246583819389343,2.5453514922509886,201,ppo_kalman_seed45,ppo_kalman,PPO-Kalman,45
77744,intercepted,1,0,0,0,32,14,7.0,18,32.0,16.0,11.881851196289062,0,2.477686549487867,3.455446481704712,2.5931206167723273,19,ppo_kalman_seed45,ppo_kalman,PPO-Kalman,45
77745,intercepted,1,0,0,0,14,8,4.0,6,14.0,7.0,8.330916404724121,0,1.4178671411105566,2.3638784885406494,1.568350990183761,7,ppo_kalman_seed45,ppo_kalman,PPO-Kalman,45
77746,intercepted,1,0,0,0,37,31,15.5,6,37.0,18.5,13.498229026794434,0,1.3682826842580522,1.933487892150879,1.4808284759123331,7,ppo_kalman_seed45,ppo_kalman,PPO-Kalman,45
77747,intercepted,1,0,0,0,16,9,4.5,7,16.0,8.0,11.026032447814941,0,1.5583858489990234,2.925182819366455,1.719033645959772,8,ppo_kalman_seed45,ppo_kalman,PPO-Kalman,45
77748,soldier_caught,0,1,0,0,258,14,7.0,244,,,0.6062788367271423,0,2.5760430711872724,2.353001832962036,2.6460593585599197,245,ppo_kalman_seed45,ppo_kalman,PPO-Kalman,45
77749,intercepted,1,0,0,0,204,13,6.5,191,204.0,102.0,4.796121597290039,0,2.4481283857797584,2.6178276538848877,2.5712875031376323,192,ppo_kalman_seed45,ppo_kalman,PPO-Kalman,45
77750,intercepted,1,0,0,0,297,14,7.0,283,297.0,148.5,2.6554126739501953,0,2.4187307881427484,0.7843047976493835,2.5269993880896933,284,ppo_kalman_seed45,ppo_kalman,PPO-Kalman,45
77751,intercepted,1,0,0,0,35,31,15.5,4,35.0,17.5,4.311044692993164,0,1.455105996131897,1.8154597282409668,1.5369627183208436,5,ppo_kalman_seed45,ppo_kalman,PPO-Kalman,45
77752,intercepted,1,0,0,0,426,16,8.0,410,426.0,213.0,2.5885467529296875,0,2.611217458245238,3.4973881244659424,2.696834110395381,411,ppo_kalman_seed45,ppo_kalman,PPO-Kalman,45
77753,soldier_caught,0,1,0,0,133,40,20.0,93,,,0.8037954568862915,0,2.3389930452438112,0.5917105674743652,2.4738829281728076,94,ppo_kalman_seed45,ppo_kalman,PPO-Kalman,45
77754,soldier_caught,0,1,0,0,15,13,6.5,2,,,1.5017789602279663,0,1.061285952727,1.094065546989441,1.1374646679665528,3,ppo_kalman_seed45,ppo_kalman,PPO-Kalman,45
77755,intercepted,1,0,0,0,145,15,7.5,130,145.0,72.5,12.074379920959473,0,2.6004016968130155,2.734562873840332,2.661834558283942,131,ppo_kalman_seed45,ppo_kalman,PPO-Kalman,45
77756,intercepted,1,0,0,0,170,18,9.0,152,170.0,85.0,11.274369239807129,0,2.6092333478086136,2.894237518310547,2.6762814185365946,153,ppo_kalman_seed45,ppo_kalman,PPO-Kalman,45
77757,intercepted,1,0,0,0,79,76,38.0,3,79.0,39.5,8.63415813446045,0,1.1984295845031738,1.980305790901184,1.3244132606065218,4,ppo_kalman_seed45,ppo_kalman,PPO-Kalman,45
77758,intercepted,1,0,0,0,312,23,11.5,289,312.0,156.0,4.858487606048584,0,2.6240924835205077,0.6540763974189758,2.7102684623111917,290,ppo_kalman_seed45,ppo_kalman,PPO-Kalman,45
77759,intercepted,1,0,0,0,157,10,5.0,147,157.0,78.5,8.260965347290039,0,2.4812684945158057,2.6246211528778076,2.6124424210752895,148,ppo_kalman_seed45,ppo_kalman,PPO-Kalman,45
77760,intercepted,1,0,0,0,90,13,6.5,77,90.0,45.0,4.035467147827148,0,2.3964706659317017,3.272472381591797,2.506357024638301,78,ppo_kalman_seed45,ppo_kalman,PPO-Kalman,45
77761,intercepted,1,0,0,0,147,7,3.5,140,147.0,73.5,8.321925163269043,0,2.6011247864217624,3.686218500137329,2.7043632488635314,141,ppo_kalman_seed45,ppo_kalman,PPO-Kalman,45
77762,intercepted,1,0,0,0,32,10,5.0,22,32.0,16.0,5.31890344619751,0,2.05855936848599,2.1877126693725586,2.239249599485255,23,ppo_kalman_seed45,ppo_kalman,PPO-Kalman,45
77763,intercepted,1,0,0,0,261,10,5.0,251,261.0,130.5,5.542819499969482,0,2.584995599907069,2.1636276245117188,2.675156344488824,252,ppo_kalman_seed45,ppo_kalman,PPO-Kalman,45
77764,intercepted,1,0,0,0,23,14,7.0,9,23.0,11.5,11.335814476013184,0,1.716241079568863,2.393171787261963,1.805083954070091,10,ppo_kalman_seed45,ppo_kalman,PPO-Kalman,45
77765,intercepted,1,0,0,0,113,8,4.0,105,113.0,56.5,6.2174553871154785,0,2.468302437016424,3.0980260372161865,2.5585864698552987,106,ppo_kalman_seed45,ppo_kalman,PPO-Kalman,45
77766,intercepted,1,0,0,0,72,16,8.0,56,72.0,36.0,11.07731819152832,0,2.5275617686280034,1.4424304962158203,2.6447754266698227,57,ppo_kalman_seed45,ppo_kalman,PPO-Kalman,45
77767,intercepted,1,0,0,0,191,11,5.5,180,191.0,95.5,2.30159854888916,0,2.5785534074787275,2.641235589981079,2.6802543480735292,181,ppo_kalman_seed45,ppo_kalman,PPO-Kalman,45
77768,intercepted,1,0,0,0,162,36,18.0,126,162.0,81.0,3.5978751182556152,0,2.5609716666261044,2.664628505706787,2.664222824365283,127,ppo_kalman_seed45,ppo_kalman,PPO-Kalman,45
77769,intercepted,1,0,0,0,282,16,8.0,266,282.0,141.0,7.308195114135742,0,2.6529519077990384,2.5424349308013916,2.712517171112891,267,ppo_kalman_seed45,ppo_kalman,PPO-Kalman,45
77770,soldier_caught,0,1,0,0,12,10,5.0,2,,,1.9673200845718384,0,1.0092711051305134,1.103785514831543,1.0303978294816292,3,ppo_kalman_seed45,ppo_kalman,PPO-Kalman,45
77771,intercepted,1,0,0,0,66,9,4.5,57,66.0,33.0,3.2135472297668457,0,2.5719605365703844,2.8036608695983887,2.679799563281845,58,ppo_kalman_seed45,ppo_kalman,PPO-Kalman,45
77772,intercepted,1,0,0,0,133,33,16.5,100,133.0,66.5,9.393588066101074,0,2.5079327615180818,2.891328811645508,2.5854522812734593,101,ppo_kalman_seed45,ppo_kalman,PPO-Kalman,45
77773,intercepted,1,0,0,0,61,53,26.5,8,61.0,30.5,12.876543998718262,0,1.5871035589112177,2.4629745483398438,1.8537069276094005,9,ppo_kalman_seed45,ppo_kalman,PPO-Kalman,45
77774,unsafe_intercept,0,0,1,0,11,9,4.5,2,,,2.9315109252929688,0,1.5920206407705944,0.43449512124061584,1.839531599018223,3,ppo_kalman_seed45,ppo_kalman,PPO-Kalman,45
77775,intercepted,1,0,0,0,114,7,3.5,107,114.0,57.0,6.741324424743652,0,2.463025603029463,2.8880531787872314,2.6148605459004193,108,ppo_kalman_seed45,ppo_kalman,PPO-Kalman,45
77776,intercepted,1,0,0,0,62,10,5.0,52,62.0,31.0,9.07226848602295,0,2.4031026149695776,2.795447826385498,2.5089353058716672,53,ppo_kalman_seed45,ppo_kalman,PPO-Kalman,45
77777,intercepted,1,0,0,0,70,41,20.5,29,70.0,35.0,4.5100603103637695,0,2.175835307439168,0.831753671169281,2.420533250914876,30,ppo_kalman_seed45,ppo_kalman,PPO-Kalman,45
77778,intercepted,1,0,0,0,216,11,5.5,205,216.0,108.0,11.431594848632812,0,2.5202999832560713,1.538007140159607,2.590738764953567,206,ppo_kalman_seed45,ppo_kalman,PPO-Kalman,45
77779,intercepted,1,0,0,0,88,14,7.0,74,88.0,44.0,3.1113460063934326,0,2.2929944487412772,2.9962687492370605,2.4205718813058312,75,ppo_kalman_seed45,ppo_kalman,PPO-Kalman,45
77780,intercepted,1,0,0,0,402,46,23.0,356,402.0,201.0,4.535651683807373,0,2.6142638205480173,3.251192092895508,2.699514303838928,357,ppo_kalman_seed45,ppo_kalman,PPO-Kalman,45
77781,intercepted,1,0,0,0,84,21,10.5,63,84.0,42.0,11.600396156311035,0,2.4654499161988497,2.653513193130493,2.524297090170196,64,ppo_kalman_seed45,ppo_kalman,PPO-Kalman,45
77782,intercepted,1,0,0,0,11,9,4.5,2,11.0,5.5,5.117417335510254,0,1.3636127312978108,1.8860368728637695,1.4211041596714131,3,ppo_kalman_seed45,ppo_kalman,PPO-Kalman,45
77783,soldier_caught,0,1,0,0,66,15,7.5,51,,,1.2100470066070557,0,2.365730582521512,2.266024351119995,2.4676784330257964,52,ppo_kalman_seed45,ppo_kalman,PPO-Kalman,45
77784,soldier_caught,0,1,0,0,13,11,5.5,2,,,0.6771987676620483,0,1.7245056629180908,1.5958000421524048,1.7482994469813478,3,ppo_kalman_seed45,ppo_kalman,PPO-Kalman,45
77785,intercepted,1,0,0,0,141,14,7.0,127,141.0,70.5,5.5265607833862305,0,2.319995195604861,2.970791816711426,2.490907632296147,128,ppo_kalman_seed45,ppo_kalman,PPO-Kalman,45
77786,intercepted,1,0,0,0,101,90,45.0,11,101.0,50.5,14.981857299804688,0,2.234144260485967,2.923699140548706,2.4199211193530563,12,ppo_kalman_seed45,ppo_kalman,PPO-Kalman,45
77787,intercepted,1,0,0,0,386,22,11.0,364,386.0,193.0,2.2274551391601562,0,2.5559587416583542,2.712841272354126,2.638862970945043,365,ppo_kalman_seed45,ppo_kalman,PPO-Kalman,45
77788,soldier_caught,0,1,0,0,92,13,6.5,79,,,1.8288438320159912,0,2.213783622160554,2.1368021965026855,2.380521819949764,80,ppo_kalman_seed45,ppo_kalman,PPO-Kalman,45
77789,soldier_caught,0,1,0,0,11,8,4.0,3,,,1.7885847091674805,0,0.9369852691888809,0.7452407479286194,1.0496912635011628,4,ppo_kalman_seed45,ppo_kalman,PPO-Kalman,45
77790,intercepted,1,0,0,0,89,13,6.5,76,89.0,44.5,3.747420310974121,0,2.4361298506136064,2.5775558948516846,2.516559808525788,77,ppo_kalman_seed45,ppo_kalman,PPO-Kalman,45
77791,intercepted,1,0,0,0,209,32,16.0,177,209.0,104.5,10.383766174316406,0,2.6270755502615084,2.835357666015625,2.688810238557748,178,ppo_kalman_seed45,ppo_kalman,PPO-Kalman,45
77792,soldier_caught,0,1,0,0,94,22,11.0,72,,,1.9302312135696411,0,2.3114937854139774,1.569722056388855,2.390206491103653,73,ppo_kalman_seed45,ppo_kalman,PPO-Kalman,45
77793,intercepted,1,0,0,0,32,9,4.5,23,32.0,16.0,4.20156192779541,0,2.274863558510939,2.572293281555176,2.363252857241875,24,ppo_kalman_seed45,ppo_kalman,PPO-Kalman,45
77794,intercepted,1,0,0,0,16,13,6.5,3,16.0,8.0,7.679905891418457,0,1.6243394315242767,0.9315289258956909,1.813899174174375,4,ppo_kalman_seed45,ppo_kalman,PPO-Kalman,45
77795,intercepted,1,0,0,0,22,13,6.5,9,22.0,11.0,9.731359481811523,0,1.4726728200912476,0.7449254393577576,1.5470015618130828,10,ppo_kalman_seed45,ppo_kalman,PPO-Kalman,45
77796,intercepted,1,0,0,0,37,7,3.5,30,37.0,18.5,4.844730854034424,0,2.3069804579980913,2.392334461212158,2.470622904607009,31,ppo_kalman_seed45,ppo_kalman,PPO-Kalman,45
77797,intercepted,1,0,0,0,14,9,4.5,5,14.0,7.0,2.730903148651123,0,0.8792749295632044,1.6553760766983032,0.9956076389834511,6,ppo_kalman_seed45,ppo_kalman,PPO-Kalman,45
77798,intercepted,1,0,0,0,107,10,5.0,97,107.0,53.5,7.523903846740723,0,2.5490493208778147,2.462587833404541,2.629973078194994,98,ppo_kalman_seed45,ppo_kalman,PPO-Kalman,45
77799,intercepted,1,0,0,0,118,21,10.5,97,118.0,59.0,7.4633989334106445,0,2.687501542118131,2.9744343757629395,2.7633205562417325,98,ppo_kalman_seed45,ppo_kalman,PPO-Kalman,45
77800,intercepted,1,0,0,0,124,57,28.5,67,124.0,62.0,8.641711235046387,0,2.336950326228843,2.6313018798828125,2.435742720710515,68,ppo_kalman_seed45,ppo_kalman,PPO-Kalman,45
77801,intercepted,1,0,0,0,107,17,8.5,90,107.0,53.5,3.9261767864227295,0,2.3430962618235704,2.566828727722168,2.4857539908293567,91,ppo_kalman_seed45,ppo_kalman,PPO-Kalman,45
77802,intercepted,1,0,0,0,15,11,5.5,4,15.0,7.5,8.87568473815918,0,1.3834886610507966,1.6699100732803345,1.4614801940438797,5,ppo_kalman_seed45,ppo_kalman,PPO-Kalman,45
77803,soldier_caught,0,1,0,0,32,8,4.0,24,,,1.7362507581710815,0,2.3782660007476806,3.4045777320861816,2.4920884766479663,25,ppo_kalman_seed45,ppo_kalman,PPO-Kalman,45
77804,intercepted,1,0,0,0,275,32,16.0,243,275.0,137.5,5.85804557800293,0,2.539774320775368,1.7698721885681152,2.63155810395809,244,ppo_kalman_seed45,ppo_kalman,PPO-Kalman,45
77805,intercepted,1,0,0,0,321,14,7.0,307,321.0,160.5,2.0811820030212402,0,2.5264292442566387,2.20894455909729,2.632187258574853,308,ppo_kalman_seed45,ppo_kalman,PPO-Kalman,45
77806,intercepted,1,0,0,0,26,16,8.0,10,26.0,13.0,8.548978805541992,0,1.4816986972635442,1.6976311206817627,1.7710485807343366,11,ppo_kalman_seed45,ppo_kalman,PPO-Kalman,45
77807,intercepted,1,0,0,0,104,7,3.5,97,104.0,52.0,3.271686315536499,0,2.4794506172136384,3.5497028827667236,2.61892168676331,98,ppo_kalman_seed45,ppo_kalman,PPO-Kalman,45
77808,intercepted,1,0,0,0,33,7,3.5,26,33.0,16.5,6.313659191131592,0,2.3990573287010193,2.93774676322937,2.5771026337125744,27,ppo_kalman_seed45,ppo_kalman,PPO-Kalman,45
77809,soldier_caught,0,1,0,0,59,10,5.0,49,,,1.742003321647644,0,2.5180076426267624,3.680293083190918,2.6203190116246224,50,ppo_kalman_seed45,ppo_kalman,PPO-Kalman,45
77810,soldier_caught,0,1,0,0,33,8,4.0,25,,,1.2837252616882324,0,2.3411035652344045,2.447981119155884,2.422170709822488,26,ppo_kalman_seed45,ppo_kalman,PPO-Kalman,45
77811,intercepted,1,0,0,0,97,40,20.0,57,97.0,48.5,14.782278060913086,0,2.5528044536195953,3.0167205333709717,2.654387857011629,58,ppo_kalman_seed45,ppo_kalman,PPO-Kalman,45
77812,intercepted,1,0,0,0,21,16,8.0,5,21.0,10.5,2.5211851596832275,0,1.312191257874171,1.6239086389541626,1.4062409476618778,6,ppo_kalman_seed45,ppo_kalman,PPO-Kalman,45
77813,intercepted,1,0,0,0,316,41,20.5,275,316.0,158.0,2.953670024871826,0,2.6112457233602586,2.4079506397247314,2.702311815472463,276,ppo_kalman_seed45,ppo_kalman,PPO-Kalman,45
77814,intercepted,1,0,0,0,427,9,4.5,418,427.0,213.5,2.171199083328247,0,2.4989206949537865,2.289185047149658,2.61275358694294,419,ppo_kalman_seed45,ppo_kalman,PPO-Kalman,45
77815,intercepted,1,0,0,0,67,11,5.5,56,67.0,33.5,6.0037689208984375,0,2.28714390595754,2.494887590408325,2.3840612847078386,57,ppo_kalman_seed45,ppo_kalman,PPO-Kalman,45
77816,intercepted,1,0,0,0,37,9,4.5,28,37.0,18.5,2.6276116371154785,0,2.3865851883230538,0.6661189794540405,2.615327496088034,29,ppo_kalman_seed45,ppo_kalman,PPO-Kalman,45
77817,intercepted,1,0,0,0,67,8,4.0,59,67.0,33.5,4.485400199890137,0,1.927160632610321,2.0881669521331787,2.160262723858711,60,ppo_kalman_seed45,ppo_kalman,PPO-Kalman,45
77818,soldier_caught,0,1,0,0,174,29,14.5,145,,,1.787043571472168,0,2.3761187653529316,3.0478341579437256,2.5156105257919275,146,ppo_kalman_seed45,ppo_kalman,PPO-Kalman,45
77819,intercepted,1,0,0,0,82,14,7.0,68,82.0,41.0,14.193127632141113,0,2.557772454144298,2.9974210262298584,2.660013620696853,69,ppo_kalman_seed45,ppo_kalman,PPO-Kalman,45
77820,intercepted,1,0,0,0,19,11,5.5,8,19.0,9.5,12.541340827941895,0,1.3580201268196106,1.9837290048599243,1.4596729174030978,9,ppo_kalman_seed45,ppo_kalman,PPO-Kalman,45
77821,intercepted,1,0,0,0,78,17,8.5,61,78.0,39.0,12.966828346252441,0,2.3119678747269417,3.2840001583099365,2.428262591142907,62,ppo_kalman_seed45,ppo_kalman,PPO-Kalman,45
77822,intercepted,1,0,0,0,12,8,4.0,4,12.0,6.0,3.337160587310791,0,0.8144541501998901,0.8577117919921875,0.8955303473691398,5,ppo_kalman_seed45,ppo_kalman,PPO-Kalman,45
77823,intercepted,1,0,0,0,42,8,4.0,34,42.0,21.0,4.1143798828125,0,1.9704227541174208,2.144774913787842,2.10912917305774,35,ppo_kalman_seed45,ppo_kalman,PPO-Kalman,45
77824,soldier_caught,0,1,0,0,238,11,5.5,227,,,1.639130711555481,0,2.604795238754728,2.416781187057495,2.7224070614722473,228,ppo_kalman_seed45,ppo_kalman,PPO-Kalman,45
77825,intercepted,1,0,0,0,528,13,6.5,515,528.0,264.0,4.328271865844727,0,2.5381703520583554,3.365016460418701,2.647219432520024,516,ppo_kalman_seed45,ppo_kalman,PPO-Kalman,45
77826,soldier_caught,0,1,0,0,17,15,7.5,2,,,1.7713336944580078,0,1.232748568058014,1.5992000102996826,1.2824647343416773,3,ppo_kalman_seed45,ppo_kalman,PPO-Kalman,45
77827,intercepted,1,0,0,0,30,9,4.5,21,30.0,15.0,5.365901947021484,0,2.3085010945796967,3.11897349357605,2.44020875623041,22,ppo_kalman_seed45,ppo_kalman,PPO-Kalman,45
77828,intercepted,1,0,0,0,174,9,4.5,165,174.0,87.0,2.666459083557129,0,2.4365340744605266,2.9791741371154785,2.613439320939193,166,ppo_kalman_seed45,ppo_kalman,PPO-Kalman,45
77829,soldier_caught,0,1,0,0,16,14,7.0,2,,,1.364747405052185,0,0.9941095511118571,0.787891149520874,1.0721789609783,3,ppo_kalman_seed45,ppo_kalman,PPO-Kalman,45
77830,intercepted,1,0,0,0,308,65,32.5,243,308.0,154.0,2.378095865249634,0,2.4376684411383067,3.1040048599243164,2.5813973550398615,244,ppo_kalman_seed45,ppo_kalman,PPO-Kalman,45
77831,intercepted,1,0,0,0,80,10,5.0,70,80.0,40.0,10.859380722045898,0,2.6378672601471487,3.4415860176086426,2.789161610208659,71,ppo_kalman_seed45,ppo_kalman,PPO-Kalman,45
77832,intercepted,1,0,0,0,13,8,4.0,5,13.0,6.5,3.0680501461029053,0,1.1533447603384654,1.0859817266464233,1.1887846457721147,6,ppo_kalman_seed45,ppo_kalman,PPO-Kalman,45
77833,intercepted,1,0,0,0,116,10,5.0,106,116.0,58.0,4.521268844604492,0,2.494457430371614,2.877232789993286,2.592016197165782,107,ppo_kalman_seed45,ppo_kalman,PPO-Kalman,45
77834,intercepted,1,0,0,0,272,10,5.0,262,272.0,136.0,6.997063636779785,0,2.6536650284841485,2.2064061164855957,2.7353272802579442,263,ppo_kalman_seed45,ppo_kalman,PPO-Kalman,45
77835,soldier_caught,0,1,0,0,36,9,4.5,27,,,0.17750997841358185,0,1.8392053501946586,1.9030983448028564,1.964624172980948,28,ppo_kalman_seed45,ppo_kalman,PPO-Kalman,45
77836,intercepted,1,0,0,0,410,8,4.0,402,410.0,205.0,2.6526856422424316,0,2.5710465643120464,2.9709391593933105,2.6749097178307624,403,ppo_kalman_seed45,ppo_kalman,PPO-Kalman,45
77837,intercepted,1,0,0,0,67,12,6.0,55,67.0,33.5,7.3818535804748535,0,2.549600561814649,3.230072259902954,2.6378665452152967,56,ppo_kalman_seed45,ppo_kalman,PPO-Kalman,45
77838,intercepted,1,0,0,0,159,9,4.5,150,159.0,79.5,3.2129018306732178,0,2.3488074347672874,3.303251028060913,2.4767833007668023,151,ppo_kalman_seed45,ppo_kalman,PPO-Kalman,45
77839,intercepted,1,0,0,0,135,9,4.5,126,135.0,67.5,10.850111961364746,0,2.453124071200063,2.8560473918914795,2.5633568609090864,127,ppo_kalman_seed45,ppo_kalman,PPO-Kalman,45
77840,intercepted,1,0,0,0,25,17,8.5,8,25.0,12.5,10.996808052062988,0,1.5462982621457841,2.8932101726531982,1.7379040494403035,9,ppo_kalman_seed45,ppo_kalman,PPO-Kalman,45
77841,intercepted,1,0,0,0,102,16,8.0,86,102.0,51.0,4.327526092529297,0,2.1564325392246246,3.236765146255493,2.303978628439883,87,ppo_kalman_seed45,ppo_kalman,PPO-Kalman,45
77842,intercepted,1,0,0,0,14,9,4.5,5,14.0,7.0,7.687819480895996,0,0.8304951041936874,0.5890890955924988,0.8791521220567488,6,ppo_kalman_seed45,ppo_kalman,PPO-Kalman,45
77843,soldier_caught,0,1,0,0,197,99,49.5,98,,,1.6931051015853882,0,2.448196486090169,1.8467196226119995,2.586869450990946,99,ppo_kalman_seed45,ppo_kalman,PPO-Kalman,45
77844,intercepted,1,0,0,0,137,9,4.5,128,137.0,68.5,4.698663234710693,0,2.577819896991863,2.4783313274383545,2.6413967801617266,129,ppo_kalman_seed45,ppo_kalman,PPO-Kalman,45
77845,soldier_caught,0,1,0,0,240,14,7.0,226,,,0.5887415409088135,0,2.6021675957194508,2.65708065032959,2.6967395152319913,227,ppo_kalman_seed45,ppo_kalman,PPO-Kalman,45
77846,intercepted,1,0,0,0,79,9,4.5,70,79.0,39.5,10.770256996154785,0,2.3606450549313718,2.6757972240448,2.4717802218443676,71,ppo_kalman_seed45,ppo_kalman,PPO-Kalman,45
77847,intercepted,1,0,0,0,242,59,29.5,183,242.0,121.0,7.129879951477051,0,2.5894551379201203,3.0890438556671143,2.674018084312001,184,ppo_kalman_seed45,ppo_kalman,PPO-Kalman,45
77848,intercepted,1,0,0,0,154,28,14.0,126,154.0,77.0,2.077235460281372,0,2.445860122249821,2.743858575820923,2.5616186722916976,127,ppo_kalman_seed45,ppo_kalman,PPO-Kalman,45
77849,intercepted,1,0,0,0,437,11,5.5,426,437.0,218.5,3.2632217407226562,0,2.6021837391116303,3.2145354747772217,2.688549647024289,427,ppo_kalman_seed45,ppo_kalman,PPO-Kalman,45
77850,intercepted,1,0,0,0,88,30,15.0,58,88.0,44.0,13.755858421325684,0,2.4499651436078347,2.518380641937256,2.5960803127934047,59,ppo_kalman_seed45,ppo_kalman,PPO-Kalman,45
77851,soldier_caught,0,1,0,0,251,8,4.0,243,,,1.0554763078689575,0,2.7346920837632944,3.5307562351226807,2.803515511695116,244,ppo_kalman_seed45,ppo_kalman,PPO-Kalman,45
77852,intercepted,1,0,0,0,120,13,6.5,107,120.0,60.0,5.468436241149902,0,2.449857925375303,2.7250263690948486,2.579497852843513,108,ppo_kalman_seed45,ppo_kalman,PPO-Kalman,45
77853,intercepted,1,0,0,0,61,10,5.0,51,61.0,30.5,7.829030513763428,0,2.3524037450551987,2.507671594619751,2.447592012231471,52,ppo_kalman_seed45,ppo_kalman,PPO-Kalman,45
77854,intercepted,1,0,0,0,134,11,5.5,123,134.0,67.0,6.673186779022217,0,2.358317389843925,0.25505444407463074,2.453387002070878,124,ppo_kalman_seed45,ppo_kalman,PPO-Kalman,45
77855,intercepted,1,0,0,0,21,17,8.5,4,21.0,10.5,3.3715453147888184,0,1.2847658753395081,1.7665748596191406,1.3208976471620943,5,ppo_kalman_seed45,ppo_kalman,PPO-Kalman,45
77856,intercepted,1,0,0,0,13,8,4.0,5,13.0,6.5,3.023756504058838,0,1.3964022397994995,2.0899362564086914,1.4865672450241922,6,ppo_kalman_seed45,ppo_kalman,PPO-Kalman,45
77857,intercepted,1,0,0,0,88,9,4.5,79,88.0,44.0,3.7445929050445557,0,2.5524618692696093,2.7647018432617188,2.628333440595648,80,ppo_kalman_seed45,ppo_kalman,PPO-Kalman,45
77858,intercepted,1,0,0,0,188,10,5.0,178,188.0,94.0,5.757447242736816,0,2.5719713552038095,2.3968701362609863,2.6580247144943168,179,ppo_kalman_seed45,ppo_kalman,PPO-Kalman,45
77859,intercepted,1,0,0,0,181,11,5.5,170,181.0,90.5,10.804229736328125,0,2.691003312144363,3.8765363693237305,2.789317076556356,171,ppo_kalman_seed45,ppo_kalman,PPO-Kalman,45
77860,intercepted,1,0,0,0,119,9,4.5,110,119.0,59.5,2.1936302185058594,0,2.407998640258033,3.135300636291504,2.5094245277872647,111,ppo_kalman_seed45,ppo_kalman,PPO-Kalman,45
77861,intercepted,1,0,0,0,46,14,7.0,32,46.0,23.0,12.69530200958252,0,2.225183600729162,2.778052568435669,2.3716918533259315,33,ppo_kalman_seed45,ppo_kalman,PPO-Kalman,45
77862,intercepted,1,0,0,0,139,16,8.0,123,139.0,69.5,11.003741264343262,0,2.3331915673709687,1.9752566814422607,2.4559850053883414,124,ppo_kalman_seed45,ppo_kalman,PPO-Kalman,45
77863,intercepted,1,0,0,0,275,15,7.5,260,275.0,137.5,6.048238754272461,0,2.669752513311832,3.228236675262451,2.7351203715796792,261,ppo_kalman_seed45,ppo_kalman,PPO-Kalman,45
77864,intercepted,1,0,0,0,40,9,4.5,31,40.0,20.0,2.072963237762451,0,2.2845264561474323,2.5008528232574463,2.4524834632661823,32,ppo_kalman_seed45,ppo_kalman,PPO-Kalman,45
77865,intercepted,1,0,0,0,148,27,13.5,121,148.0,74.0,10.179153442382812,0,2.6665192334378354,2.2315642833709717,2.762877327048696,122,ppo_kalman_seed45,ppo_kalman,PPO-Kalman,45
77866,intercepted,1,0,0,0,82,30,15.0,52,82.0,41.0,9.100366592407227,0,2.5056111418975973,2.9970901012420654,2.601481897138683,53,ppo_kalman_seed45,ppo_kalman,PPO-Kalman,45
77867,intercepted,1,0,0,0,76,14,7.0,62,76.0,38.0,4.44320011138916,0,2.2574070389308627,2.7840349674224854,2.391425997923198,63,ppo_kalman_seed45,ppo_kalman,PPO-Kalman,45
77868,soldier_caught,0,1,0,0,237,10,5.0,227,,,0.8225950002670288,0,2.3610184404410814,1.376103401184082,2.4915258613667755,228,ppo_kalman_seed45,ppo_kalman,PPO-Kalman,45
77869,intercepted,1,0,0,0,191,34,17.0,157,191.0,95.5,7.658921241760254,0,2.691148256576514,1.4945615530014038,2.764722328218634,158,ppo_kalman_seed45,ppo_kalman,PPO-Kalman,45
77870,intercepted,1,0,0,0,45,14,7.0,31,45.0,22.5,6.052608489990234,0,2.195298901759088,3.6950936317443848,2.3529710498530387,32,ppo_kalman_seed45,ppo_kalman,PPO-Kalman,45
77871,intercepted,1,0,0,0,62,9,4.5,53,62.0,31.0,13.276693344116211,0,2.476396689812342,2.726827383041382,2.5678559594453825,54,ppo_kalman_seed45,ppo_kalman,PPO-Kalman,45
77872,intercepted,1,0,0,0,16,10,5.0,6,16.0,8.0,9.642343521118164,0,1.3268686192376273,1.1244642734527588,1.3930710803572084,7,ppo_kalman_seed45,ppo_kalman,PPO-Kalman,45
77873,intercepted,1,0,0,0,181,9,4.5,172,181.0,90.5,9.77043628692627,0,2.624233160232533,2.8718531131744385,2.7174145474130467,173,ppo_kalman_seed45,ppo_kalman,PPO-Kalman,45
77874,intercepted,1,0,0,0,156,9,4.5,147,156.0,78.0,6.953847408294678,0,2.6139582222377933,2.4238524436950684,2.683378419658279,148,ppo_kalman_seed45,ppo_kalman,PPO-Kalman,45
77875,intercepted,1,0,0,0,112,11,5.5,101,112.0,56.0,4.2306013107299805,0,2.5110299335975275,1.838969349861145,2.5790072725756743,102,ppo_kalman_seed45,ppo_kalman,PPO-Kalman,45
77876,intercepted,1,0,0,0,19,14,7.0,5,19.0,9.5,11.705727577209473,0,0.8552295615275701,1.4579863548278809,0.9411195632765712,6,ppo_kalman_seed45,ppo_kalman,PPO-Kalman,45
77877,intercepted,1,0,0,0,54,20,10.0,34,54.0,27.0,7.967347621917725,0,2.1425950842244283,2.867474317550659,2.3535137742041816,35,ppo_kalman_seed45,ppo_kalman,PPO-Kalman,45
77878,intercepted,1,0,0,0,172,17,8.5,155,172.0,86.0,8.248358726501465,0,2.571394151984117,2.994015693664551,2.656706676581901,156,ppo_kalman_seed45,ppo_kalman,PPO-Kalman,45
77879,intercepted,1,0,0,0,82,9,4.5,73,82.0,41.0,7.765727996826172,0,2.5007666655488916,2.398533821105957,2.567714338767611,74,ppo_kalman_seed45,ppo_kalman,PPO-Kalman,45
77880,intercepted,1,0,0,0,150,9,4.5,141,150.0,75.0,7.2653422355651855,0,2.4905969012581126,0.6035312414169312,2.5843803859592054,142,ppo_kalman_seed45,ppo_kalman,PPO-Kalman,45
77881,intercepted,1,0,0,0,15,8,4.0,7,15.0,7.5,2.042023181915283,0,1.2803068608045578,2.3975563049316406,1.3861515615629099,8,ppo_kalman_seed45,ppo_kalman,PPO-Kalman,45
77882,intercepted,1,0,0,0,204,11,5.5,193,204.0,102.0,4.65811014175415,0,2.6014409811840844,2.838809013366699,2.701177015201198,194,ppo_kalman_seed45,ppo_kalman,PPO-Kalman,45
77883,intercepted,1,0,0,0,281,10,5.0,271,281.0,140.5,7.398364543914795,0,2.7404872113290955,3.041714906692505,2.8015311668893617,272,ppo_kalman_seed45,ppo_kalman,PPO-Kalman,45
77884,intercepted,1,0,0,0,21,19,9.5,2,21.0,10.5,4.044158935546875,0,1.4477591117223103,1.0959453582763672,1.4853535736878136,3,ppo_kalman_seed45,ppo_kalman,PPO-Kalman,45
77885,soldier_caught,0,1,0,0,846,74,37.0,772,,,1.6800075769424438,0,2.5133787385088042,1.6829566955566406,2.6202423002283592,773,ppo_kalman_seed45,ppo_kalman,PPO-Kalman,45
77886,intercepted,1,0,0,0,179,10,5.0,169,179.0,89.5,2.191943883895874,0,2.373729119230719,3.6073520183563232,2.47538970654975,170,ppo_kalman_seed45,ppo_kalman,PPO-Kalman,45
77887,intercepted,1,0,0,0,89,10,5.0,79,89.0,44.5,2.1098599433898926,0,2.3139762192964555,1.3723533153533936,2.481776005068642,80,ppo_kalman_seed45,ppo_kalman,PPO-Kalman,45
77888,intercepted,1,0,0,0,58,12,6.0,46,58.0,29.0,9.12842845916748,0,2.2529733529750335,2.622934341430664,2.349139092594486,47,ppo_kalman_seed45,ppo_kalman,PPO-Kalman,45
77889,intercepted,1,0,0,0,518,9,4.5,509,518.0,259.0,2.6659436225891113,0,2.6109097579530642,2.8295516967773438,2.701456426263282,510,ppo_kalman_seed45,ppo_kalman,PPO-Kalman,45
77890,intercepted,1,0,0,0,362,10,5.0,352,362.0,181.0,2.9061665534973145,0,2.6169125635292985,1.0653908252716064,2.701982206151212,353,ppo_kalman_seed45,ppo_kalman,PPO-Kalman,45
77891,intercepted,1,0,0,0,66,11,5.5,55,66.0,33.0,3.8349802494049072,0,2.405064880847931,2.4563040733337402,2.482799399683666,56,ppo_kalman_seed45,ppo_kalman,PPO-Kalman,45
77892,intercepted,1,0,0,0,50,12,6.0,38,50.0,25.0,2.2967448234558105,0,1.8281217454335628,0.6505516171455383,2.0531153748867883,39,ppo_kalman_seed45,ppo_kalman,PPO-Kalman,45
77893,soldier_caught,0,1,0,0,120,66,33.0,54,,,0.6428490281105042,0,2.4188962058587506,1.960955023765564,2.546276297330464,55,ppo_kalman_seed45,ppo_kalman,PPO-Kalman,45
77894,soldier_caught,0,1,0,0,308,83,41.5,225,,,1.1767961978912354,0,2.5558716872360856,2.2356653213500977,2.662149306857801,226,ppo_kalman_seed45,ppo_kalman,PPO-Kalman,45
77895,soldier_caught,0,1,0,0,57,9,4.5,48,,,0.8216720223426819,0,2.39365015589461,2.039344549179077,2.525777809301135,49,ppo_kalman_seed45,ppo_kalman,PPO-Kalman,45
77896,intercepted,1,0,0,0,93,9,4.5,84,93.0,46.5,10.7431640625,0,2.512336911874659,2.0520801544189453,2.602272012309846,85,ppo_kalman_seed45,ppo_kalman,PPO-Kalman,45
77897,intercepted,1,0,0,0,56,9,4.5,47,56.0,28.0,12.4006986618042,0,2.669499322772026,3.1507890224456787,2.753174585480341,48,ppo_kalman_seed45,ppo_kalman,PPO-Kalman,45
77898,soldier_caught,0,1,0,0,13,10,5.0,3,,,1.185702919960022,0,0.9643515655770898,0.9176107048988342,1.123626534118369,4,ppo_kalman_seed45,ppo_kalman,PPO-Kalman,45
77899,intercepted,1,0,0,0,142,12,6.0,130,142.0,71.0,8.978863716125488,0,2.7358531637956167,2.7505569458007812,2.793421289687059,131,ppo_kalman_seed45,ppo_kalman,PPO-Kalman,45
77900,intercepted,1,0,0,0,190,15,7.5,175,190.0,95.0,2.7438831329345703,0,2.536979780447754,1.7574982643127441,2.634868186881559,176,ppo_kalman_seed45,ppo_kalman,PPO-Kalman,45
77901,intercepted,1,0,0,0,59,8,4.0,51,59.0,29.5,3.967519521713257,0,2.4653654281909647,2.900747776031494,2.5906084255333637,52,ppo_kalman_seed45,ppo_kalman,PPO-Kalman,45
77902,intercepted,1,0,0,0,406,13,6.5,393,406.0,203.0,2.1896276473999023,0,2.535000390585909,1.5479247570037842,2.6311883021354197,394,ppo_kalman_seed45,ppo_kalman,PPO-Kalman,45
77903,intercepted,1,0,0,0,108,10,5.0,98,108.0,54.0,6.342582702636719,0,2.381537834803263,2.2710654735565186,2.453090049455667,99,ppo_kalman_seed45,ppo_kalman,PPO-Kalman,45
77904,intercepted,1,0,0,0,13,10,5.0,3,13.0,6.5,5.2742815017700195,0,0.9229143410921097,0.8151024580001831,0.9360813824594991,4,ppo_kalman_seed45,ppo_kalman,PPO-Kalman,45
77905,intercepted,1,0,0,0,68,11,5.5,57,68.0,34.0,2.5817036628723145,0,2.418984105874752,3.447111129760742,2.509180920307822,58,ppo_kalman_seed45,ppo_kalman,PPO-Kalman,45
77906,intercepted,1,0,0,0,12,9,4.5,3,12.0,6.0,3.3654961585998535,0,1.137910932302475,1.3424198627471924,1.424788850757011,4,ppo_kalman_seed45,ppo_kalman,PPO-Kalman,45
77907,intercepted,1,0,0,0,131,59,29.5,72,131.0,65.5,3.312521457672119,0,2.3158081867923475,2.5439412593841553,2.424723996281864,73,ppo_kalman_seed45,ppo_kalman,PPO-Kalman,45
77908,soldier_caught,0,1,0,0,15,12,6.0,3,,,0.7417256832122803,0,1.0682339519262314,0.7400433421134949,1.1258848412236826,4,ppo_kalman_seed45,ppo_kalman,PPO-Kalman,45
77909,intercepted,1,0,0,0,101,9,4.5,92,101.0,50.5,10.477494239807129,0,2.316542356084752,2.511214256286621,2.492706512095988,93,ppo_kalman_seed45,ppo_kalman,PPO-Kalman,45
77910,intercepted,1,0,0,0,69,13,6.5,56,69.0,34.5,2.6813342571258545,0,2.404888384436306,2.541452646255493,2.554736968290828,57,ppo_kalman_seed45,ppo_kalman,PPO-Kalman,45
77911,intercepted,1,0,0,0,14,11,5.5,3,14.0,7.0,3.952467679977417,0,1.1876177787780762,1.7513091564178467,1.2335371679783573,4,ppo_kalman_seed45,ppo_kalman,PPO-Kalman,45
77912,intercepted,1,0,0,0,63,12,6.0,51,63.0,31.5,12.056507110595703,0,2.7875196016751804,4.039389610290527,2.8857204257477918,52,ppo_kalman_seed45,ppo_kalman,PPO-Kalman,45
77913,intercepted,1,0,0,0,113,108,54.0,5,113.0,56.5,13.039083480834961,0,1.309143324693044,2.1331279277801514,1.4169216996566698,6,ppo_kalman_seed45,ppo_kalman,PPO-Kalman,45
77914,intercepted,1,0,0,0,74,10,5.0,64,74.0,37.0,11.740323066711426,0,2.600843908236577,3.5907225608825684,2.722315910349493,65,ppo_kalman_seed45,ppo_kalman,PPO-Kalman,45
77915,intercepted,1,0,0,0,13,9,4.5,4,13.0,6.5,2.959294557571411,0,1.1479949831962586,0.7404677867889404,1.2965960213005512,5,ppo_kalman_seed45,ppo_kalman,PPO-Kalman,45
77916,intercepted,1,0,0,0,47,9,4.5,38,47.0,23.5,9.514530181884766,0,2.4853066274752984,2.384794235229492,2.6238300961417536,39,ppo_kalman_seed45,ppo_kalman,PPO-Kalman,45
77917,intercepted,1,0,0,0,17,9,4.5,8,17.0,8.5,13.010222434997559,0,1.857106884320577,2.507805347442627,2.046571636614274,9,ppo_kalman_seed45,ppo_kalman,PPO-Kalman,45
77918,intercepted,1,0,0,0,67,9,4.5,58,67.0,33.5,7.769535541534424,0,2.3497477749646722,2.444197416305542,2.4694019663191886,59,ppo_kalman_seed45,ppo_kalman,PPO-Kalman,45
77919,intercepted,1,0,0,0,133,11,5.5,122,133.0,66.5,4.256302833557129,0,2.5101707970223774,3.2718167304992676,2.599257938031869,123,ppo_kalman_seed45,ppo_kalman,PPO-Kalman,45
77920,intercepted,1,0,0,0,100,10,5.0,90,100.0,50.0,6.816169738769531,0,2.6008722192638523,1.7267693281173706,2.6612690744681653,91,ppo_kalman_seed45,ppo_kalman,PPO-Kalman,45
77921,intercepted,1,0,0,0,63,10,5.0,53,63.0,31.5,6.941651344299316,0,2.406963288784027,3.489340305328369,2.5031521125374048,54,ppo_kalman_seed45,ppo_kalman,PPO-Kalman,45
77922,soldier_caught,0,1,0,0,62,13,6.5,49,,,1.8316864967346191,0,2.34807303249836,1.982163667678833,2.4729815346404798,50,ppo_kalman_seed45,ppo_kalman,PPO-Kalman,45
77923,intercepted,1,0,0,0,39,8,4.0,31,39.0,19.5,6.910990238189697,0,2.2306908648461103,3.4565517902374268,2.434295819468444,32,ppo_kalman_seed45,ppo_kalman,PPO-Kalman,45
77924,intercepted,1,0,0,0,106,8,4.0,98,106.0,53.0,7.694747447967529,0,2.5290186049962284,2.984175443649292,2.6387235871789354,99,ppo_kalman_seed45,ppo_kalman,PPO-Kalman,45
77925,intercepted,1,0,0,0,62,29,14.5,33,62.0,31.0,10.925357818603516,0,2.1935800796045974,2.745945453643799,2.3987536569389203,34,ppo_kalman_seed45,ppo_kalman,PPO-Kalman,45
77926,intercepted,1,0,0,0,25,17,8.5,8,25.0,12.5,10.868995666503906,0,1.5861198504765828,1.9744606018066406,1.6897980158659893,9,ppo_kalman_seed45,ppo_kalman,PPO-Kalman,45
77927,soldier_caught,0,1,0,0,12,9,4.5,3,,,1.6693400144577026,0,1.392736628651619,0.7728399634361267,1.5145206029368776,4,ppo_kalman_seed45,ppo_kalman,PPO-Kalman,45
77928,intercepted,1,0,0,0,86,10,5.0,76,86.0,43.0,10.079170227050781,0,2.4961603536427797,3.1570441722869873,2.5849870377317026,77,ppo_kalman_seed45,ppo_kalman,PPO-Kalman,45
77929,soldier_caught,0,1,0,0,200,9,4.5,191,,,1.8483102321624756,0,2.4709565240579345,2.3004870414733887,2.5951599688234586,192,ppo_kalman_seed45,ppo_kalman,PPO-Kalman,45
77930,intercepted,1,0,0,0,59,17,8.5,42,59.0,29.5,10.385083198547363,0,2.441278332887694,3.3913135528564453,2.566098452728397,43,ppo_kalman_seed45,ppo_kalman,PPO-Kalman,45
77931,intercepted,1,0,0,0,13,10,5.0,3,13.0,6.5,3.458510160446167,0,1.25016288459301,0.6701428294181824,1.3037925754489272,4,ppo_kalman_seed45,ppo_kalman,PPO-Kalman,45
77932,intercepted,1,0,0,0,15,12,6.0,3,15.0,7.5,4.191054821014404,0,1.0009322613477707,1.0700738430023193,1.0303259290874045,4,ppo_kalman_seed45,ppo_kalman,PPO-Kalman,45
77933,intercepted,1,0,0,0,39,14,7.0,25,39.0,19.5,2.4654886722564697,0,2.030752121255948,0.6653130650520325,2.2242929903527413,26,ppo_kalman_seed45,ppo_kalman,PPO-Kalman,45
77934,intercepted,1,0,0,0,57,15,7.5,42,57.0,28.5,6.9420084953308105,0,2.382383343785308,2.930924654006958,2.4713237590565766,43,ppo_kalman_seed45,ppo_kalman,PPO-Kalman,45
77935,intercepted,1,0,0,0,210,15,7.5,195,210.0,105.0,13.097488403320312,0,2.546992355463456,3.359091281890869,2.6243510136454664,196,ppo_kalman_seed45,ppo_kalman,PPO-Kalman,45
77936,intercepted,1,0,0,0,61,16,8.0,45,61.0,30.5,9.395764350891113,0,2.631052177885304,3.199153423309326,2.7416316663721467,46,ppo_kalman_seed45,ppo_kalman,PPO-Kalman,45
77937,intercepted,1,0,0,0,254,11,5.5,243,254.0,127.0,2.6311838626861572,0,2.4285515329388323,2.907637357711792,2.5357316662420413,244,ppo_kalman_seed45,ppo_kalman,PPO-Kalman,45
77938,intercepted,1,0,0,0,21,11,5.5,10,21.0,10.5,14.550663948059082,0,1.9455453807657415,2.3396620750427246,2.0103883237581313,11,ppo_kalman_seed45,ppo_kalman,PPO-Kalman,45
77939,intercepted,1,0,0,0,19,10,5.0,9,19.0,9.5,8.495959281921387,0,1.3231053233146668,0.7638135552406311,1.5503841207153473,10,ppo_kalman_seed45,ppo_kalman,PPO-Kalman,45
77940,intercepted,1,0,0,0,71,9,4.5,62,71.0,35.5,3.39153790473938,0,2.6251256030703347,2.944493532180786,2.7227001315444883,63,ppo_kalman_seed45,ppo_kalman,PPO-Kalman,45
77941,intercepted,1,0,0,0,47,17,8.5,30,47.0,23.5,3.4363291263580322,0,2.1347955157679896,2.1819419860839844,2.3404484165050388,31,ppo_kalman_seed45,ppo_kalman,PPO-Kalman,45
77942,intercepted,1,0,0,0,195,17,8.5,178,195.0,97.5,8.846855163574219,0,2.645372596199952,2.2288341522216797,2.7369281856151657,179,ppo_kalman_seed45,ppo_kalman,PPO-Kalman,45
77943,intercepted,1,0,0,0,124,9,4.5,115,124.0,62.0,3.5779263973236084,0,2.4963381354664933,2.621549606323242,2.6219690728296876,116,ppo_kalman_seed45,ppo_kalman,PPO-Kalman,45
77944,intercepted,1,0,0,0,297,133,66.5,164,297.0,148.5,3.7756056785583496,0,2.31053831559239,3.2422451972961426,2.436552635753184,165,ppo_kalman_seed45,ppo_kalman,PPO-Kalman,45
77945,soldier_caught,0,1,0,0,90,15,7.5,75,,,1.9182813167572021,0,2.327214350825862,2.254310131072998,2.473900799593507,76,ppo_kalman_seed45,ppo_kalman,PPO-Kalman,45
77946,intercepted,1,0,0,0,15,12,6.0,3,15.0,7.5,4.605366230010986,0,1.0688084065914154,1.631712794303894,1.1485956316279535,4,ppo_kalman_seed45,ppo_kalman,PPO-Kalman,45
77947,intercepted,1,0,0,0,41,8,4.0,33,41.0,20.5,5.19439697265625,0,2.4025523609974804,2.8159031867980957,2.5177328772515453,34,ppo_kalman_seed45,ppo_kalman,PPO-Kalman,45
77948,intercepted,1,0,0,0,13,8,4.0,5,13.0,6.5,2.7215042114257812,0,1.2549070318539937,1.2646136283874512,1.2867915206226668,6,ppo_kalman_seed45,ppo_kalman,PPO-Kalman,45
77949,intercepted,1,0,0,0,16,9,4.5,7,16.0,8.0,9.05151653289795,0,1.4063651487231255,0.7571702003479004,1.5117635009679968,8,ppo_kalman_seed45,ppo_kalman,PPO-Kalman,45
77950,intercepted,1,0,0,0,153,8,4.0,145,153.0,76.5,6.080929279327393,0,2.5812156204491448,3.434873342514038,2.6377728685999764,146,ppo_kalman_seed45,ppo_kalman,PPO-Kalman,45
77951,intercepted,1,0,0,0,20,12,6.0,8,20.0,10.0,10.966943740844727,0,1.9123528997103374,3.057865858078003,2.095759694250942,9,ppo_kalman_seed45,ppo_kalman,PPO-Kalman,45
77952,intercepted,1,0,0,0,64,13,6.5,51,64.0,32.0,9.735428810119629,0,2.1321017495714703,3.2053070068359375,2.287829439902083,52,ppo_kalman_seed45,ppo_kalman,PPO-Kalman,45
77953,intercepted,1,0,0,0,150,91,45.5,59,150.0,75.0,4.491258144378662,0,2.0391077220439913,1.7960525751113892,2.1903130143745626,60,ppo_kalman_seed45,ppo_kalman,PPO-Kalman,45
77954,intercepted,1,0,0,0,21,17,8.5,4,21.0,10.5,9.244551658630371,0,0.919151297211647,1.4997942447662354,1.134274215143934,5,ppo_kalman_seed45,ppo_kalman,PPO-Kalman,45
77955,intercepted,1,0,0,0,90,10,5.0,80,90.0,45.0,4.371511936187744,0,2.2489086551430786,2.7899487018585205,2.3970916799258517,81,ppo_kalman_seed45,ppo_kalman,PPO-Kalman,45
77956,intercepted,1,0,0,0,13,10,5.0,3,13.0,6.5,5.225430488586426,0,0.6473245993256569,0.9212735891342163,0.6821374634586213,4,ppo_kalman_seed45,ppo_kalman,PPO-Kalman,45
77957,intercepted,1,0,0,0,377,55,27.5,322,377.0,188.5,2.734220027923584,0,2.592191315933647,2.306093215942383,2.6738794638356236,323,ppo_kalman_seed45,ppo_kalman,PPO-Kalman,45
77958,intercepted,1,0,0,0,70,9,4.5,61,70.0,35.0,8.97042465209961,0,2.1933180913329124,3.592895984649658,2.3187958330522838,62,ppo_kalman_seed45,ppo_kalman,PPO-Kalman,45
77959,intercepted,1,0,0,0,16,13,6.5,3,16.0,8.0,7.209750652313232,0,1.554769366979599,2.060945987701416,1.6329077344257088,4,ppo_kalman_seed45,ppo_kalman,PPO-Kalman,45
77960,soldier_caught,0,1,0,0,15,13,6.5,2,,,1.7861608266830444,0,1.1833003560702007,1.1339198350906372,1.2381087475048793,3,ppo_kalman_seed45,ppo_kalman,PPO-Kalman,45
77961,intercepted,1,0,0,0,85,19,9.5,66,85.0,42.5,12.213254928588867,0,2.6007209251176064,3.075213670730591,2.6839595909853196,67,ppo_kalman_seed45,ppo_kalman,PPO-Kalman,45
77962,soldier_caught,0,1,0,0,40,8,4.0,32,,,0.9907366633415222,0,2.262318618369825,2.62803316116333,2.4828447217416167,33,ppo_kalman_seed45,ppo_kalman,PPO-Kalman,45
77963,soldier_caught,0,1,0,0,63,16,8.0,47,,,1.4419313669204712,0,2.3973020973304906,1.0100876092910767,2.5071201038523503,48,ppo_kalman_seed45,ppo_kalman,PPO-Kalman,45
77964,intercepted,1,0,0,0,65,11,5.5,54,65.0,32.5,2.5153441429138184,0,2.36868763349273,2.781322479248047,2.5056675973023887,55,ppo_kalman_seed45,ppo_kalman,PPO-Kalman,45
77965,unsafe_intercept,0,0,1,0,15,13,6.5,2,,,3.275346279144287,0,0.6908806363741556,0.28909146785736084,0.7513365052469356,3,ppo_kalman_seed45,ppo_kalman,PPO-Kalman,45
77966,intercepted,1,0,0,0,153,16,8.0,137,153.0,76.5,3.0389723777770996,0,2.4136874654154847,2.610093355178833,2.552480504729182,138,ppo_kalman_seed45,ppo_kalman,PPO-Kalman,45
77967,soldier_caught,0,1,0,0,68,14,7.0,54,,,1.5590145587921143,0,2.210420788418163,0.596908688545227,2.4097112905630964,55,ppo_kalman_seed45,ppo_kalman,PPO-Kalman,45
77968,intercepted,1,0,0,0,175,12,6.0,163,175.0,87.5,7.754175662994385,0,2.4727158072154696,1.4105031490325928,2.613676709538007,164,ppo_kalman_seed45,ppo_kalman,PPO-Kalman,45
77969,intercepted,1,0,0,0,37,11,5.5,26,37.0,18.5,3.249605655670166,0,2.2967989753793785,2.858977794647217,2.4410260690948324,27,ppo_kalman_seed45,ppo_kalman,PPO-Kalman,45
77970,soldier_caught,0,1,0,0,103,13,6.5,90,,,1.3268539905548096,0,2.3372646465406315,3.401045322418213,2.4419052908259054,91,ppo_kalman_seed45,ppo_kalman,PPO-Kalman,45
77971,intercepted,1,0,0,0,174,11,5.5,163,174.0,87.0,2.328054428100586,0,2.3769298417539133,2.6298329830169678,2.4925644826809554,164,ppo_kalman_seed45,ppo_kalman,PPO-Kalman,45
77972,intercepted,1,0,0,0,14,10,5.0,4,14.0,7.0,8.208305358886719,0,0.966171407699585,0.6590313911437988,1.0013078583290373,5,ppo_kalman_seed45,ppo_kalman,PPO-Kalman,45
77973,intercepted,1,0,0,0,196,7,3.5,189,196.0,98.0,4.642849445343018,0,2.523871152965646,3.18564772605896,2.6272482668030936,190,ppo_kalman_seed45,ppo_kalman,PPO-Kalman,45
77974,intercepted,1,0,0,0,12,7,3.5,5,12.0,6.0,3.739442825317383,0,1.4735030035177867,1.9570927619934082,1.538231177729503,6,ppo_kalman_seed45,ppo_kalman,PPO-Kalman,45
77975,intercepted,1,0,0,0,90,8,4.0,82,90.0,45.0,10.829489707946777,0,2.5566111178283233,2.5052413940429688,2.6579212529321907,83,ppo_kalman_seed45,ppo_kalman,PPO-Kalman,45
77976,intercepted,1,0,0,0,55,12,6.0,43,55.0,27.5,6.110304832458496,0,2.4839816012165765,4.255481719970703,2.6048776525242765,44,ppo_kalman_seed45,ppo_kalman,PPO-Kalman,45
77977,intercepted,1,0,0,0,15,11,5.5,4,15.0,7.5,6.814386367797852,0,1.0417649149894714,1.1499303579330444,1.0739088609016745,5,ppo_kalman_seed45,ppo_kalman,PPO-Kalman,45
77978,intercepted,1,0,0,0,244,11,5.5,233,244.0,122.0,2.9067444801330566,0,2.5272515176707864,2.817037343978882,2.6418998192819942,234,ppo_kalman_seed45,ppo_kalman,PPO-Kalman,45
77979,intercepted,1,0,0,0,135,16,8.0,119,135.0,67.5,5.803157329559326,0,2.6938295530776184,1.758202314376831,2.78955615650495,120,ppo_kalman_seed45,ppo_kalman,PPO-Kalman,45
77980,intercepted,1,0,0,0,20,14,7.0,6,20.0,10.0,14.268536567687988,0,1.2692639189107078,2.3259568214416504,1.4236054118765804,7,ppo_kalman_seed45,ppo_kalman,PPO-Kalman,45
77981,intercepted,1,0,0,0,50,10,5.0,40,50.0,25.0,9.92139720916748,0,2.4232925074856455,2.3829002380371094,2.492590342742884,41,ppo_kalman_seed45,ppo_kalman,PPO-Kalman,45
77982,intercepted,1,0,0,0,228,13,6.5,215,228.0,114.0,6.650844097137451,0,2.5126517226022704,2.741060972213745,2.6299748837645933,216,ppo_kalman_seed45,ppo_kalman,PPO-Kalman,45
77983,intercepted,1,0,0,0,70,9,4.5,61,70.0,35.0,2.908568859100342,0,2.082581813777647,2.7308075428009033,2.2715933944812514,62,ppo_kalman_seed45,ppo_kalman,PPO-Kalman,45
77984,intercepted,1,0,0,0,494,16,8.0,478,494.0,247.0,3.4390628337860107,0,2.551599544996011,3.1661736965179443,2.6532451733085227,479,ppo_kalman_seed45,ppo_kalman,PPO-Kalman,45
77985,intercepted,1,0,0,0,105,8,4.0,97,105.0,52.5,2.7941524982452393,0,2.490488276189687,2.8316822052001953,2.6222061698045036,98,ppo_kalman_seed45,ppo_kalman,PPO-Kalman,45
77986,intercepted,1,0,0,0,166,47,23.5,119,166.0,83.0,2.2783000469207764,0,2.6237373054027557,2.402045965194702,2.715852260750096,120,ppo_kalman_seed45,ppo_kalman,PPO-Kalman,45
77987,unsafe_intercept,0,0,1,0,11,8,4.0,3,,,3.407200336456299,0,1.2042863070964813,0.6795862317085266,1.3493171425935997,4,ppo_kalman_seed45,ppo_kalman,PPO-Kalman,45
77988,intercepted,1,0,0,0,122,11,5.5,111,122.0,61.0,11.295797348022461,0,2.4919715071363107,2.529261350631714,2.627487262244804,112,ppo_kalman_seed45,ppo_kalman,PPO-Kalman,45
77989,intercepted,1,0,0,0,18,10,5.0,8,18.0,9.0,2.95283579826355,0,1.5823196768760681,2.276237726211548,1.682916499157485,9,ppo_kalman_seed45,ppo_kalman,PPO-Kalman,45
77990,intercepted,1,0,0,0,65,9,4.5,56,65.0,32.5,7.32996940612793,0,2.2970510982630548,2.6041324138641357,2.4819877940367157,57,ppo_kalman_seed45,ppo_kalman,PPO-Kalman,45
77991,intercepted,1,0,0,0,61,29,14.5,32,61.0,30.5,9.666659355163574,0,2.062253101305528,3.5400960445404053,2.2759942997893567,33,ppo_kalman_seed45,ppo_kalman,PPO-Kalman,45
77992,intercepted,1,0,0,0,440,51,25.5,389,440.0,220.0,6.127140998840332,0,2.690909985089913,2.5908758640289307,2.743877760753594,390,ppo_kalman_seed45,ppo_kalman,PPO-Kalman,45
77993,intercepted,1,0,0,0,186,12,6.0,174,186.0,93.0,4.469112396240234,0,2.648655823128564,3.570568561553955,2.745638296748982,175,ppo_kalman_seed45,ppo_kalman,PPO-Kalman,45
77994,intercepted,1,0,0,0,87,18,9.0,69,87.0,43.5,9.884200096130371,0,2.278963529212134,1.7967164516448975,2.3978156867933365,70,ppo_kalman_seed45,ppo_kalman,PPO-Kalman,45
77995,intercepted,1,0,0,0,422,10,5.0,412,422.0,211.0,2.860689163208008,0,2.506623299192574,3.0677852630615234,2.6273465779513994,413,ppo_kalman_seed45,ppo_kalman,PPO-Kalman,45
77996,soldier_caught,0,1,0,0,238,47,23.5,191,,,0.8347742557525635,0,2.5875585329098008,1.5247101783752441,2.679106317089516,192,ppo_kalman_seed45,ppo_kalman,PPO-Kalman,45
77997,intercepted,1,0,0,0,135,16,8.0,119,135.0,67.5,8.352764129638672,0,2.4811190168062844,2.8105404376983643,2.6021876626471308,120,ppo_kalman_seed45,ppo_kalman,PPO-Kalman,45
77998,intercepted,1,0,0,0,81,9,4.5,72,81.0,40.5,2.4051883220672607,0,2.111070997094455,2.3570971488952637,2.3048507467475345,73,ppo_kalman_seed45,ppo_kalman,PPO-Kalman,45
77999,intercepted,1,0,0,0,37,13,6.5,24,37.0,18.5,9.482890129089355,0,2.5690916323661805,2.3304872512817383,2.680874729701636,25,ppo_kalman_seed45,ppo_kalman,PPO-Kalman,45
