environment_seed,outcome,success,soldier_caught,unsafe_intercept,timeout,total_steps,detection_step,detection_time_seconds,post_detection_steps,intercept_step,intercept_time_seconds,min_enemy_soldier_dist,physical_limit_violations,mean_tracking_error,final_tracking_error,tracking_rmse,n_tracking_samples,optimizer_fallback_count,measurement_fallback_count,lead_init_count,pursuit_init_count,n_policy_calls,n_post_detection_decisions,instance_id,instance_name,family,training_seed
77000,intercepted,1,0,0,0,192,9,4.5,183,192.0,96.0,5.241640567779541,0,1.1066832757838394,1.2090275287628174,1.199384615169999,184,0,0,182,1,192,183,rmpc,rmpc,RMPC,
77001,intercepted,1,0,0,0,179,17,8.5,162,179.0,89.5,7.405017375946045,0,1.1211896461943176,0.7216137051582336,1.2151188081724333,163,0,0,161,1,179,162,rmpc,rmpc,RMPC,
77002,soldier_caught,0,1,0,0,255,58,29.0,197,,,1.8943265676498413,0,1.0699393946414042,1.573087453842163,1.1675637520367417,198,0,0,195,2,255,197,rmpc,rmpc,RMPC,
77003,intercepted,1,0,0,0,43,30,15.0,13,43.0,21.5,10.903655052185059,0,1.1618268873010362,0.6895638108253479,1.2897778425264554,14,0,0,12,1,43,13,rmpc,rmpc,RMPC,
77004,intercepted,1,0,0,0,324,71,35.5,253,324.0,162.0,5.467956066131592,0,1.1266923784388332,1.3432815074920654,1.214504114244787,254,0,0,252,1,324,253,rmpc,rmpc,RMPC,
77005,intercepted,1,0,0,0,44,13,6.5,31,44.0,22.0,6.4577741622924805,0,0.9813705906271935,0.5295431017875671,1.11567637013769,32,0,0,30,1,44,31,rmpc,rmpc,RMPC,
77006,intercepted,1,0,0,0,154,31,15.5,123,154.0,77.0,2.1500141620635986,0,1.0853293093462144,0.4984099566936493,1.1865102813615955,124,0,0,122,1,154,123,rmpc,rmpc,RMPC,
77007,soldier_caught,0,1,0,0,200,16,8.0,184,,,0.9316299557685852,0,1.17866945814442,0.9660471081733704,1.2811492153680155,185,0,0,183,1,200,184,rmpc,rmpc,RMPC,
77008,intercepted,1,0,0,0,128,9,4.5,119,128.0,64.0,2.548201084136963,0,1.1610688668986162,1.459113597869873,1.2375115198433488,120,0,0,118,1,128,119,rmpc,rmpc,RMPC,
77009,intercepted,1,0,0,0,1135,136,68.0,999,1135.0,567.5,2.1268467903137207,0,1.136477325104177,1.0758939981460571,1.2354472812973043,1000,0,0,998,1,1135,999,rmpc,rmpc,RMPC,
77010,intercepted,1,0,0,0,359,10,5.0,349,359.0,179.5,2.4289560317993164,0,1.128022060947759,0.5724030137062073,1.2170367812531333,350,0,0,348,1,359,349,rmpc,rmpc,RMPC,
77011,intercepted,1,0,0,0,78,17,8.5,61,78.0,39.0,8.862093925476074,0,1.0294860266149044,1.1349613666534424,1.1244061754772314,62,0,0,60,1,78,61,rmpc,rmpc,RMPC,
77012,intercepted,1,0,0,0,221,10,5.0,211,221.0,110.5,3.8168253898620605,0,1.1102249999794196,0.36349478363990784,1.2040406905986345,212,0,0,210,1,221,211,rmpc,rmpc,RMPC,
77013,intercepted,1,0,0,0,209,29,14.5,180,209.0,104.5,9.945098876953125,0,1.084054766274289,0.661532461643219,1.1793364309041259,181,0,0,179,1,209,180,rmpc,rmpc,RMPC,
77014,soldier_caught,0,1,0,0,307,10,5.0,297,,,1.9041852951049805,0,1.0971302045071685,0.5028096437454224,1.1838636110252831,298,0,0,296,1,307,297,rmpc,rmpc,RMPC,
77015,intercepted,1,0,0,0,346,9,4.5,337,346.0,173.0,2.6799259185791016,0,1.1422720383962937,1.4632766246795654,1.2366929844835757,338,0,0,336,1,346,337,rmpc,rmpc,RMPC,
77016,intercepted,1,0,0,0,38,8,4.0,30,38.0,19.0,3.6022069454193115,0,1.273007171769296,1.8913172483444214,1.3909537383302848,31,0,0,29,1,38,30,rmpc,rmpc,RMPC,
77017,intercepted,1,0,0,0,157,14,7.0,143,157.0,78.5,9.344415664672852,0,1.1933044786047604,1.3105056285858154,1.2766582658843433,144,0,0,142,1,157,143,rmpc,rmpc,RMPC,
77018,intercepted,1,0,0,0,524,77,38.5,447,524.0,262.0,4.037050724029541,0,1.1651910997461528,1.1994863748550415,1.2666732027936416,448,0,0,446,1,524,447,rmpc,rmpc,RMPC,
77019,soldier_caught,0,1,0,0,1122,8,4.0,1114,,,1.7766399383544922,0,1.1584098082420002,1.7924450635910034,1.2564638462129485,1115,0,0,1111,3,1122,1114,rmpc,rmpc,RMPC,
77020,soldier_caught,0,1,0,0,784,10,5.0,774,,,1.9350087642669678,0,1.1399845293260389,1.445623517036438,1.2348388272340176,775,0,0,773,1,784,774,rmpc,rmpc,RMPC,
77021,intercepted,1,0,0,0,78,41,20.5,37,78.0,39.0,4.390099048614502,0,1.2451700379973965,1.926576018333435,1.3415220674361574,38,0,0,36,1,78,37,rmpc,rmpc,RMPC,
77022,intercepted,1,0,0,0,661,16,8.0,645,661.0,330.5,3.629112958908081,0,1.1033364698844428,0.9451249837875366,1.2002364931927783,646,0,0,644,1,661,645,rmpc,rmpc,RMPC,
77023,intercepted,1,0,0,0,24,12,6.0,12,24.0,12.0,14.334811210632324,0,0.8733967359249408,0.6303321123123169,0.942091422993027,13,0,0,11,1,24,12,rmpc,rmpc,RMPC,
77024,intercepted,1,0,0,0,30,18,9.0,12,30.0,15.0,13.302165985107422,0,0.9813076567191344,1.2092632055282593,1.0813479441720122,13,0,0,11,1,30,12,rmpc,rmpc,RMPC,
77025,intercepted,1,0,0,0,1130,57,28.5,1073,1130.0,565.0,2.196603536605835,0,1.1311709470838809,1.771022915840149,1.2224337653803043,1074,0,0,1072,1,1130,1073,rmpc,rmpc,RMPC,
77026,intercepted,1,0,0,0,235,10,5.0,225,235.0,117.5,8.53710651397705,0,1.1345925973316209,0.6343228220939636,1.2336354148566762,226,0,0,224,1,235,225,rmpc,rmpc,RMPC,
77027,intercepted,1,0,0,0,56,21,10.5,35,56.0,28.0,2.6829726696014404,0,1.102051854547527,2.1431052684783936,1.18065243083053,36,0,0,34,1,56,35,rmpc,rmpc,RMPC,
77028,intercepted,1,0,0,0,86,10,5.0,76,86.0,43.0,10.906780242919922,0,1.1982976867781057,1.5781837701797485,1.262167305705567,77,0,0,75,1,86,76,rmpc,rmpc,RMPC,
77029,intercepted,1,0,0,0,74,15,7.5,59,74.0,37.0,7.120289325714111,0,1.1414877365032832,0.6307349801063538,1.2292189302867405,60,0,0,58,1,74,59,rmpc,rmpc,RMPC,
77030,intercepted,1,0,0,0,46,9,4.5,37,46.0,23.0,9.558290481567383,0,1.1787346311305698,0.4547978937625885,1.2604265893670739,38,0,0,36,1,46,37,rmpc,rmpc,RMPC,
77031,intercepted,1,0,0,0,269,9,4.5,260,269.0,134.5,2.2452197074890137,0,1.1188559174766028,1.1509711742401123,1.2152649998750653,261,0,0,259,1,269,260,rmpc,rmpc,RMPC,
77032,intercepted,1,0,0,0,376,31,15.5,345,376.0,188.0,4.000732421875,0,1.0985300475354656,1.539128065109253,1.1948227196595402,346,0,0,344,1,376,345,rmpc,rmpc,RMPC,
77033,intercepted,1,0,0,0,252,14,7.0,238,252.0,126.0,3.078218936920166,0,1.1362047779634907,1.1586681604385376,1.2409477669819318,239,0,0,237,1,252,238,rmpc,rmpc,RMPC,
77034,intercepted,1,0,0,0,19,10,5.0,9,19.0,9.5,9.316821098327637,0,1.1576288491487503,0.3360896408557892,1.2479887619847458,10,0,0,8,1,19,9,rmpc,rmpc,RMPC,
77035,intercepted,1,0,0,0,522,13,6.5,509,522.0,261.0,2.421532392501831,0,1.1155571072344102,0.2713316082954407,1.221190156659138,510,0,0,508,1,522,509,rmpc,rmpc,RMPC,
77036,intercepted,1,0,0,0,46,13,6.5,33,46.0,23.0,4.3294453620910645,0,1.139403926975587,0.9454126358032227,1.1968896260514912,34,0,0,32,1,46,33,rmpc,rmpc,RMPC,
77037,intercepted,1,0,0,0,140,12,6.0,128,140.0,70.0,5.042832851409912,0,1.1133325001759122,0.45419517159461975,1.2081372999473845,129,0,0,127,1,140,128,rmpc,rmpc,RMPC,
77038,intercepted,1,0,0,0,355,11,5.5,344,355.0,177.5,4.285755634307861,0,1.1250398657460143,0.5081217288970947,1.2198573214321575,345,0,0,343,1,355,344,rmpc,rmpc,RMPC,
77039,intercepted,1,0,0,0,100,13,6.5,87,100.0,50.0,12.480838775634766,0,1.1087675944648006,2.3610007762908936,1.1965648248024536,88,0,0,86,1,100,87,rmpc,rmpc,RMPC,
77040,intercepted,1,0,0,0,319,10,5.0,309,319.0,159.5,7.100757122039795,0,1.1043516330661312,1.4057650566101074,1.1983569019527132,310,0,0,308,1,319,309,rmpc,rmpc,RMPC,
77041,intercepted,1,0,0,0,81,18,9.0,63,81.0,40.5,3.477402448654175,0,1.1575776303652674,0.5592761635780334,1.2825024653731398,64,0,0,61,2,81,63,rmpc,rmpc,RMPC,
77042,soldier_caught,0,1,0,0,143,8,4.0,135,,,1.6064033508300781,0,1.147295459666673,0.5181476473808289,1.2394429805787428,136,0,0,134,1,143,135,rmpc,rmpc,RMPC,
77043,intercepted,1,0,0,0,43,13,6.5,30,43.0,21.5,4.334310054779053,0,1.2224833374061892,1.2004013061523438,1.3054636209512962,31,0,0,29,1,43,30,rmpc,rmpc,RMPC,
77044,intercepted,1,0,0,0,75,13,6.5,62,75.0,37.5,3.8646657466888428,0,1.2439210088480086,1.1094905138015747,1.352052120776947,63,0,0,61,1,75,62,rmpc,rmpc,RMPC,
77045,intercepted,1,0,0,0,743,63,31.5,680,743.0,371.5,6.87929630279541,0,1.1310138766285958,1.0173556804656982,1.2326378758671328,681,0,0,679,1,743,680,rmpc,rmpc,RMPC,
77046,intercepted,1,0,0,0,91,13,6.5,78,91.0,45.5,4.700093746185303,0,1.1600505385217788,0.5131676197052002,1.2612953777340374,79,0,0,77,1,91,78,rmpc,rmpc,RMPC,
77047,unsafe_intercept,0,0,1,0,11,9,4.5,2,,,2.7929301261901855,0,0.6339781582355499,0.383727103471756,0.680930316224528,3,0,0,1,1,11,2,rmpc,rmpc,RMPC,
77048,intercepted,1,0,0,0,64,34,17.0,30,64.0,32.0,12.532905578613281,0,1.2006893955892133,0.8774203062057495,1.3103842419198402,31,0,0,29,1,64,30,rmpc,rmpc,RMPC,
77049,intercepted,1,0,0,0,68,34,17.0,34,68.0,34.0,13.18032169342041,0,1.1414092574800765,0.46543407440185547,1.2517564483305796,35,0,0,33,1,68,34,rmpc,rmpc,RMPC,
77050,intercepted,1,0,0,0,23,10,5.0,13,23.0,11.5,7.028976917266846,0,1.0482315378529685,0.4018203020095825,1.1627363261803112,14,0,0,12,1,23,13,rmpc,rmpc,RMPC,
77051,soldier_caught,0,1,0,0,552,15,7.5,537,,,1.4534131288528442,0,1.1364003158551832,0.9236378073692322,1.2300130268236937,538,0,0,536,1,552,537,rmpc,rmpc,RMPC,
77052,soldier_caught,0,1,0,0,938,17,8.5,921,,,1.8385051488876343,0,1.1301748758493044,1.065401315689087,1.224866661385777,922,0,0,920,1,938,921,rmpc,rmpc,RMPC,
77053,intercepted,1,0,0,0,312,11,5.5,301,312.0,156.0,5.527527332305908,0,1.1426098076318274,1.0228415727615356,1.2305735445673305,302,0,0,300,1,312,301,rmpc,rmpc,RMPC,
77054,intercepted,1,0,0,0,179,19,9.5,160,179.0,89.5,9.540007591247559,0,1.1175590934960737,1.1309036016464233,1.2221684049938855,161,0,0,159,1,179,160,rmpc,rmpc,RMPC,
77055,intercepted,1,0,0,0,104,13,6.5,91,104.0,52.0,12.203983306884766,0,1.123734246129575,1.1126056909561157,1.2105983909939104,92,0,0,90,1,104,91,rmpc,rmpc,RMPC,
77056,soldier_caught,0,1,0,0,104,102,51.0,2,,,1.9752780199050903,0,0.793309211730957,0.6765795946121216,0.8226091149474983,3,0,0,1,1,104,2,rmpc,rmpc,RMPC,
77057,intercepted,1,0,0,0,41,10,5.0,31,41.0,20.5,2.51662540435791,0,1.0056117400527,1.3157906532287598,1.1346941769971721,32,0,0,30,1,41,31,rmpc,rmpc,RMPC,
77058,intercepted,1,0,0,0,427,7,3.5,420,427.0,213.5,3.634718179702759,0,1.0957348039484365,0.7014877796173096,1.1857082521393583,421,0,0,419,1,427,420,rmpc,rmpc,RMPC,
77059,intercepted,1,0,0,0,222,11,5.5,211,222.0,111.0,4.796626091003418,0,1.0703563472994093,1.0079905986785889,1.1588469065503992,212,0,0,210,1,222,211,rmpc,rmpc,RMPC,
77060,intercepted,1,0,0,0,359,10,5.0,349,359.0,179.5,3.014740228652954,0,1.102660868210452,1.7897802591323853,1.2012835201141359,350,0,0,348,1,359,349,rmpc,rmpc,RMPC,
77061,intercepted,1,0,0,0,166,8,4.0,158,166.0,83.0,4.01600456237793,0,1.154834322771936,0.5994096398353577,1.2619313512564192,159,0,0,157,1,166,158,rmpc,rmpc,RMPC,
77062,intercepted,1,0,0,0,249,11,5.5,238,249.0,124.5,3.8872711658477783,0,1.1058397470159012,1.000657081604004,1.2022505971499728,239,0,0,237,1,249,238,rmpc,rmpc,RMPC,
77063,soldier_caught,0,1,0,0,787,8,4.0,779,,,1.1992309093475342,0,1.1495654857502533,0.862925112247467,1.2436496760809381,780,0,0,778,1,787,779,rmpc,rmpc,RMPC,
77064,soldier_caught,0,1,0,0,662,7,3.5,655,,,1.0136150121688843,0,1.1240000206091236,1.2694846391677856,1.2273620539172077,656,0,0,654,1,662,655,rmpc,rmpc,RMPC,
77065,intercepted,1,0,0,0,119,11,5.5,108,119.0,59.5,2.104980707168579,0,1.152030287806047,1.4982614517211914,1.2604539561822588,109,0,0,107,1,119,108,rmpc,rmpc,RMPC,
77066,intercepted,1,0,0,0,475,12,6.0,463,475.0,237.5,4.355218410491943,0,1.080377704174868,0.8712530732154846,1.1704600038178812,464,0,0,462,1,475,463,rmpc,rmpc,RMPC,
77067,soldier_caught,0,1,0,0,108,82,41.0,26,,,1.7393248081207275,0,1.132567689374641,1.3304836750030518,1.2567534514536665,27,0,0,25,1,108,26,rmpc,rmpc,RMPC,
77068,intercepted,1,0,0,0,91,10,5.0,81,91.0,45.5,2.257493019104004,0,1.1430938122112577,0.5024701952934265,1.235136293257832,82,0,0,80,1,91,81,rmpc,rmpc,RMPC,
77069,intercepted,1,0,0,0,324,9,4.5,315,324.0,162.0,7.80972957611084,0,1.1704350826860983,1.0134230852127075,1.2696965221316492,316,0,0,314,1,324,315,rmpc,rmpc,RMPC,
77070,intercepted,1,0,0,0,113,11,5.5,102,113.0,56.5,4.003593444824219,0,1.04765651787369,1.1235164403915405,1.132023195365976,103,0,0,101,1,113,102,rmpc,rmpc,RMPC,
77071,intercepted,1,0,0,0,119,15,7.5,104,119.0,59.5,11.133023262023926,0,1.084281784012204,0.7224099636077881,1.190725863752416,105,0,0,103,1,119,104,rmpc,rmpc,RMPC,
77072,intercepted,1,0,0,0,116,17,8.5,99,116.0,58.0,4.406985282897949,0,1.0895747965574265,0.3258628845214844,1.1867511585590462,100,0,0,98,1,116,99,rmpc,rmpc,RMPC,
77073,intercepted,1,0,0,0,1025,11,5.5,1014,1025.0,512.5,6.406675815582275,0,1.098380494352632,1.5981470346450806,1.195918435564436,1015,0,0,1013,1,1025,1014,rmpc,rmpc,RMPC,
77074,intercepted,1,0,0,0,47,10,5.0,37,47.0,23.5,5.676541805267334,0,1.087215455346986,1.5728964805603027,1.196022490936645,38,0,0,36,1,47,37,rmpc,rmpc,RMPC,
77075,intercepted,1,0,0,0,308,12,6.0,296,308.0,154.0,5.839114189147949,0,1.1447562589388505,1.019241213798523,1.236672284202568,297,0,0,295,1,308,296,rmpc,rmpc,RMPC,
77076,intercepted,1,0,0,0,136,8,4.0,128,136.0,68.0,7.275457382202148,0,1.158209736783837,0.7713087797164917,1.2613196534880913,129,0,0,127,1,136,128,rmpc,rmpc,RMPC,
77077,intercepted,1,0,0,0,444,16,8.0,428,444.0,222.0,4.973900318145752,0,1.0991646601950928,0.8459675312042236,1.200597817400923,429,0,0,427,1,444,428,rmpc,rmpc,RMPC,
77078,intercepted,1,0,0,0,542,9,4.5,533,542.0,271.0,4.476722240447998,0,1.089364761716864,1.3710628747940063,1.1882559799708845,534,0,0,532,1,542,533,rmpc,rmpc,RMPC,
77079,intercepted,1,0,0,0,218,22,11.0,196,218.0,109.0,2.3321828842163086,0,1.1697134011741823,1.5531078577041626,1.2633609738548501,197,0,0,195,1,218,196,rmpc,rmpc,RMPC,
77080,intercepted,1,0,0,0,93,9,4.5,84,93.0,46.5,8.744828224182129,0,1.2252373241326389,0.7209203243255615,1.3143017440533435,85,0,0,83,1,93,84,rmpc,rmpc,RMPC,
77081,soldier_caught,0,1,0,0,484,30,15.0,454,,,1.6757854223251343,0,1.1080097895402174,1.3858466148376465,1.1986269338144382,455,0,0,453,1,484,454,rmpc,rmpc,RMPC,
77082,intercepted,1,0,0,0,22,8,4.0,14,22.0,11.0,7.001811981201172,0,1.0022842228412627,0.6624153256416321,1.0698560014854739,15,0,0,13,1,22,14,rmpc,rmpc,RMPC,
77083,intercepted,1,0,0,0,17,8,4.0,9,17.0,8.5,5.9956841468811035,0,0.9931116878986359,0.9922442436218262,1.0633176223709333,10,0,0,8,1,17,9,rmpc,rmpc,RMPC,
77084,intercepted,1,0,0,0,12,10,5.0,2,12.0,6.0,6.115535736083984,0,0.46414337555567425,0.3293510675430298,0.49169496008444413,3,0,0,1,1,12,2,rmpc,rmpc,RMPC,
77085,intercepted,1,0,0,0,437,8,4.0,429,437.0,218.5,2.861802816390991,0,1.1478179574012757,1.03117835521698,1.250731483726096,430,0,0,428,1,437,429,rmpc,rmpc,RMPC,
77086,intercepted,1,0,0,0,561,9,4.5,552,561.0,280.5,3.1765522956848145,0,1.1167305886853236,1.9517788887023926,1.2121673442252996,553,0,0,551,1,561,552,rmpc,rmpc,RMPC,
77087,soldier_caught,0,1,0,0,324,9,4.5,315,,,1.2918469905853271,0,1.1261690634338162,1.01410973072052,1.2189587671317224,316,0,0,314,1,324,315,rmpc,rmpc,RMPC,
77088,intercepted,1,0,0,0,510,9,4.5,501,510.0,255.0,3.301642656326294,0,1.1377019423590713,0.7174471616744995,1.233366997239695,502,0,0,499,2,510,501,rmpc,rmpc,RMPC,
77089,intercepted,1,0,0,0,185,49,24.5,136,185.0,92.5,3.7306456565856934,0,1.0813485753797267,2.019091844558716,1.1669493549039325,137,0,0,135,1,185,136,rmpc,rmpc,RMPC,
77090,intercepted,1,0,0,0,366,10,5.0,356,366.0,183.0,2.567448616027832,0,1.1023114034149493,1.1498446464538574,1.205821890918526,357,0,0,355,1,366,356,rmpc,rmpc,RMPC,
77091,intercepted,1,0,0,0,282,8,4.0,274,282.0,141.0,7.059229850769043,0,1.1219557120583274,1.8939683437347412,1.2119506551056467,275,0,0,272,2,282,274,rmpc,rmpc,RMPC,
77092,intercepted,1,0,0,0,85,9,4.5,76,85.0,42.5,4.674942970275879,0,1.0901452662882867,1.2341222763061523,1.1655136354852857,77,0,0,75,1,85,76,rmpc,rmpc,RMPC,
77093,intercepted,1,0,0,0,106,40,20.0,66,106.0,53.0,8.351568222045898,0,1.1191299357521,0.6815353631973267,1.2126731971089024,67,0,0,65,1,106,66,rmpc,rmpc,RMPC,
77094,intercepted,1,0,0,0,42,15,7.5,27,42.0,21.0,9.725801467895508,0,0.9923291403268065,0.7908177971839905,1.0672407502879273,28,0,0,26,1,42,27,rmpc,rmpc,RMPC,
77095,intercepted,1,0,0,0,1383,10,5.0,1373,1383.0,691.5,3.476881265640259,0,1.1370366278417636,0.8503008484840393,1.2348504632704045,1374,0,0,1372,1,1383,1373,rmpc,rmpc,RMPC,
77096,intercepted,1,0,0,0,299,12,6.0,287,299.0,149.5,7.304041862487793,0,1.1361322931738362,1.6232264041900635,1.2264125448498868,288,0,0,286,1,299,287,rmpc,rmpc,RMPC,
77097,soldier_caught,0,1,0,0,540,11,5.5,529,,,1.6195852756500244,0,1.088733591954663,0.7405262589454651,1.1885235926477034,530,0,0,528,1,540,529,rmpc,rmpc,RMPC,
77098,intercepted,1,0,0,0,38,11,5.5,27,38.0,19.0,11.117416381835938,0,1.0407909378409386,0.5385460257530212,1.1426269404120235,28,0,0,26,1,38,27,rmpc,rmpc,RMPC,
77099,intercepted,1,0,0,0,443,8,4.0,435,443.0,221.5,3.3138346672058105,0,1.186376526746728,1.0832937955856323,1.278875754721829,436,0,0,433,2,443,435,rmpc,rmpc,RMPC,
77100,intercepted,1,0,0,0,622,20,10.0,602,622.0,311.0,2.5569005012512207,0,1.1309349667126465,0.5419179797172546,1.2297972832606479,603,0,0,601,1,622,602,rmpc,rmpc,RMPC,
77101,soldier_caught,0,1,0,0,286,15,7.5,271,,,1.3699742555618286,0,1.130687860525487,1.2330102920532227,1.2185783227350817,272,0,0,270,1,286,271,rmpc,rmpc,RMPC,
77102,intercepted,1,0,0,0,507,10,5.0,497,507.0,253.5,2.3147339820861816,0,1.1308617584377407,1.0136674642562866,1.2218774822170515,498,0,0,496,1,507,497,rmpc,rmpc,RMPC,
77103,intercepted,1,0,0,0,115,8,4.0,107,115.0,57.5,3.3348894119262695,0,1.0381027444921158,1.6308906078338623,1.1212612445529642,108,0,0,106,1,115,107,rmpc,rmpc,RMPC,
77104,intercepted,1,0,0,0,43,12,6.0,31,43.0,21.5,6.335862636566162,0,1.0578570454381406,0.6959937214851379,1.166308655221146,32,0,0,30,1,43,31,rmpc,rmpc,RMPC,
77105,soldier_caught,0,1,0,0,119,25,12.5,94,,,1.5833625793457031,0,1.2060931281039589,0.8343932628631592,1.2988517623767777,95,0,0,93,1,119,94,rmpc,rmpc,RMPC,
77106,intercepted,1,0,0,0,139,12,6.0,127,139.0,69.5,3.3349509239196777,0,1.1105246308725327,0.9482778310775757,1.1828688541154293,128,0,0,126,1,139,127,rmpc,rmpc,RMPC,
77107,intercepted,1,0,0,0,280,8,4.0,272,280.0,140.0,6.096401691436768,0,1.109043962271004,1.422047734260559,1.2107938653087413,273,0,0,271,1,280,272,rmpc,rmpc,RMPC,
77108,intercepted,1,0,0,0,211,11,5.5,200,211.0,105.5,8.296293258666992,0,1.1093158547520934,0.7995349168777466,1.213388214090527,201,0,0,199,1,211,200,rmpc,rmpc,RMPC,
77109,intercepted,1,0,0,0,282,9,4.5,273,282.0,141.0,2.1267831325531006,0,1.1031281651154052,1.9154185056686401,1.1949818755485884,274,0,0,272,1,282,273,rmpc,rmpc,RMPC,
77110,intercepted,1,0,0,0,143,15,7.5,128,143.0,71.5,3.1326727867126465,0,1.0790306755392127,1.3889960050582886,1.185751107499413,129,0,0,127,1,143,128,rmpc,rmpc,RMPC,
77111,intercepted,1,0,0,0,332,9,4.5,323,332.0,166.0,2.1841392517089844,0,1.1617155587415637,1.5771206617355347,1.2504621226728097,324,0,0,322,1,332,323,rmpc,rmpc,RMPC,
77112,intercepted,1,0,0,0,408,32,16.0,376,408.0,204.0,4.590407848358154,0,1.1146916785828314,0.7298282384872437,1.205096559868381,377,0,0,375,1,408,376,rmpc,rmpc,RMPC,
77113,intercepted,1,0,0,0,358,12,6.0,346,358.0,179.0,7.736236572265625,0,1.1326923536979498,1.627859354019165,1.2293249413863976,347,0,0,344,2,358,346,rmpc,rmpc,RMPC,
77114,intercepted,1,0,0,0,1125,12,6.0,1113,1125.0,562.5,2.280583620071411,0,1.1511254145411016,1.5405220985412598,1.250538603719421,1114,0,0,1111,2,1125,1113,rmpc,rmpc,RMPC,
77115,intercepted,1,0,0,0,17,14,7.0,3,17.0,8.5,7.631946563720703,0,0.7687794789671898,0.7215511798858643,0.809237720491851,4,0,0,2,1,17,3,rmpc,rmpc,RMPC,
77116,intercepted,1,0,0,0,180,23,11.5,157,180.0,90.0,9.254892349243164,0,1.1044104323734212,0.5842775106430054,1.201050687233482,158,0,0,156,1,180,157,rmpc,rmpc,RMPC,
77117,intercepted,1,0,0,0,130,11,5.5,119,130.0,65.0,8.841360092163086,0,1.2028548619399468,0.48966142535209656,1.314312087817951,120,0,0,118,1,130,119,rmpc,rmpc,RMPC,
77118,soldier_caught,0,1,0,0,35,10,5.0,25,,,0.24750958383083344,0,1.152518388743584,0.34392455220222473,1.2415533486564703,26,0,0,24,1,35,25,rmpc,rmpc,RMPC,
77119,intercepted,1,0,0,0,10,8,4.0,2,10.0,5.0,4.6377668380737305,0,0.8473243713378906,0.6261408925056458,0.8641954343731462,3,0,0,1,1,10,2,rmpc,rmpc,RMPC,
77120,intercepted,1,0,0,0,56,42,21.0,14,56.0,28.0,11.206506729125977,0,0.9493749479452769,1.0362581014633179,1.0478909324879049,15,0,0,13,1,56,14,rmpc,rmpc,RMPC,
77121,soldier_caught,0,1,0,0,17,14,7.0,3,,,1.6046425104141235,0,1.1371697038412094,2.483865976333618,1.3879754677673448,4,0,0,2,1,17,3,rmpc,rmpc,RMPC,
77122,intercepted,1,0,0,0,71,10,5.0,61,71.0,35.5,6.293337821960449,0,1.2031029674314684,1.2269909381866455,1.3199504529286745,62,0,0,60,1,71,61,rmpc,rmpc,RMPC,
77123,intercepted,1,0,0,0,194,8,4.0,186,194.0,97.0,2.8658666610717773,0,1.137904219448885,0.43226173520088196,1.240900168993996,187,0,0,185,1,194,186,rmpc,rmpc,RMPC,
77124,intercepted,1,0,0,0,721,13,6.5,708,721.0,360.5,3.3652167320251465,0,1.1080770697103148,1.1703492403030396,1.2006751725222544,709,0,0,707,1,721,708,rmpc,rmpc,RMPC,
77125,intercepted,1,0,0,0,966,7,3.5,959,966.0,483.0,2.8295092582702637,0,1.1692479067637274,1.4840288162231445,1.2674195863217301,960,0,0,958,1,966,959,rmpc,rmpc,RMPC,
77126,intercepted,1,0,0,0,22,12,6.0,10,22.0,11.0,3.2100114822387695,0,1.157842912457206,1.0512218475341797,1.2758133937617604,11,0,0,9,1,22,10,rmpc,rmpc,RMPC,
77127,intercepted,1,0,0,0,395,12,6.0,383,395.0,197.5,4.875503063201904,0,1.1270715575665236,2.58095121383667,1.2344568923577206,384,0,0,382,1,395,383,rmpc,rmpc,RMPC,
77128,intercepted,1,0,0,0,156,9,4.5,147,156.0,78.0,2.065626382827759,0,1.1633919823814083,1.3930437564849854,1.256138789603997,148,0,0,146,1,156,147,rmpc,rmpc,RMPC,
77129,intercepted,1,0,0,0,375,18,9.0,357,375.0,187.5,2.447889566421509,0,1.1514822466496648,0.8983141183853149,1.243316283151531,358,0,0,356,1,375,357,rmpc,rmpc,RMPC,
77130,intercepted,1,0,0,0,101,10,5.0,91,101.0,50.5,11.769662857055664,0,1.1473470657416012,1.1351689100265503,1.2245401871839392,92,0,0,90,1,101,91,rmpc,rmpc,RMPC,
77131,intercepted,1,0,0,0,13,11,5.5,2,13.0,6.5,5.157967567443848,0,1.4192500909169514,1.9448683261871338,1.469191175811863,3,0,0,1,1,13,2,rmpc,rmpc,RMPC,
77132,intercepted,1,0,0,0,727,10,5.0,717,727.0,363.5,3.1413135528564453,0,1.167278623203215,1.2534223794937134,1.2653630697276448,718,0,0,716,1,727,717,rmpc,rmpc,RMPC,
77133,intercepted,1,0,0,0,67,11,5.5,56,67.0,33.5,4.7428741455078125,0,1.2084084508711832,1.0089818239212036,1.3069783070760082,57,0,0,55,1,67,56,rmpc,rmpc,RMPC,
77134,intercepted,1,0,0,0,104,9,4.5,95,104.0,52.0,5.780854225158691,0,1.0928736804053187,1.0971074104309082,1.1878528756096958,96,0,0,94,1,104,95,rmpc,rmpc,RMPC,
77135,soldier_caught,0,1,0,0,89,10,5.0,79,,,1.8380029201507568,0,1.1111664276570081,0.8932272791862488,1.2150364142994663,80,0,0,78,1,89,79,rmpc,rmpc,RMPC,
77136,soldier_caught,0,1,0,0,251,166,83.0,85,,,1.977328896522522,0,1.1481460197720417,0.9152582883834839,1.2526236015676286,86,0,0,84,1,251,85,rmpc,rmpc,RMPC,
77137,intercepted,1,0,0,0,92,7,3.5,85,92.0,46.0,2.319215774536133,0,1.1670715605276962,1.2964074611663818,1.2700665748488182,86,0,0,84,1,92,85,rmpc,rmpc,RMPC,
77138,soldier_caught,0,1,0,0,89,15,7.5,74,,,0.9554137587547302,0,1.0946864597002666,1.2025421857833862,1.161370258202743,75,0,0,73,1,89,74,rmpc,rmpc,RMPC,
77139,intercepted,1,0,0,0,72,14,7.0,58,72.0,36.0,2.1222870349884033,0,1.1603301652407243,0.9836859107017517,1.238818147019707,59,0,0,57,1,72,58,rmpc,rmpc,RMPC,
77140,soldier_caught,0,1,0,0,88,15,7.5,73,,,1.8602492809295654,0,1.1122342156800065,1.0857689380645752,1.1939224690354733,74,0,0,72,1,88,73,rmpc,rmpc,RMPC,
77141,intercepted,1,0,0,0,283,16,8.0,267,283.0,141.5,10.331315994262695,0,1.1157978338314527,1.1583014726638794,1.203740702822801,268,0,0,266,1,283,267,rmpc,rmpc,RMPC,
77142,soldier_caught,0,1,0,0,189,14,7.0,175,,,0.3436644971370697,0,1.0990325430916115,1.8207526206970215,1.1829701470057388,176,0,0,174,1,189,175,rmpc,rmpc,RMPC,
77143,intercepted,1,0,0,0,132,13,6.5,119,132.0,66.0,8.871707916259766,0,1.0633146241307259,0.31195688247680664,1.1623930296430391,120,0,0,118,1,132,119,rmpc,rmpc,RMPC,
77144,intercepted,1,0,0,0,211,8,4.0,203,211.0,105.5,11.467279434204102,0,1.141752534783354,1.589200735092163,1.2406886954082597,204,0,0,202,1,211,203,rmpc,rmpc,RMPC,
77145,intercepted,1,0,0,0,433,42,21.0,391,433.0,216.5,2.389881134033203,0,1.142387012627964,0.9491245150566101,1.2479141033306602,392,0,0,390,1,433,391,rmpc,rmpc,RMPC,
77146,intercepted,1,0,0,0,192,11,5.5,181,192.0,96.0,9.348265647888184,0,1.158650082055029,0.977067232131958,1.2412423516986621,182,0,0,180,1,192,181,rmpc,rmpc,RMPC,
77147,soldier_caught,0,1,0,0,401,14,7.0,387,,,1.3092808723449707,0,1.1570791042189008,1.1757211685180664,1.2575198691130571,388,0,0,386,1,401,387,rmpc,rmpc,RMPC,
77148,intercepted,1,0,0,0,71,16,8.0,55,71.0,35.5,2.0075697898864746,0,1.0790194850414991,1.0024425983428955,1.2002574693942196,56,0,0,54,1,71,55,rmpc,rmpc,RMPC,
77149,unsafe_intercept,0,0,1,0,15,13,6.5,2,,,2.8008368015289307,0,1.2232844432195027,2.0726113319396973,1.3650238552153893,3,0,0,1,1,15,2,rmpc,rmpc,RMPC,
77150,intercepted,1,0,0,0,95,10,5.0,85,95.0,47.5,7.654155731201172,0,1.1208574993665827,1.5871320962905884,1.2163798269952706,86,0,0,84,1,95,85,rmpc,rmpc,RMPC,
77151,intercepted,1,0,0,0,179,12,6.0,167,179.0,89.5,6.66164493560791,0,1.132765390244978,0.9471029043197632,1.2169737206837667,168,0,0,166,1,179,167,rmpc,rmpc,RMPC,
77152,intercepted,1,0,0,0,128,27,13.5,101,128.0,64.0,10.727607727050781,0,1.0802662644316168,1.1746078729629517,1.1766538854328972,102,0,0,100,1,128,101,rmpc,rmpc,RMPC,
77153,intercepted,1,0,0,0,522,11,5.5,511,522.0,261.0,2.0684375762939453,0,1.0979222164314706,1.0060793161392212,1.1945382274562006,512,0,0,510,1,522,511,rmpc,rmpc,RMPC,
77154,intercepted,1,0,0,0,278,15,7.5,263,278.0,139.0,7.640727996826172,0,1.1302634122583903,0.360964298248291,1.2285713610384137,264,0,0,262,1,278,263,rmpc,rmpc,RMPC,
77155,intercepted,1,0,0,0,630,12,6.0,618,630.0,315.0,2.268911600112915,0,1.1160622974421366,0.8785313367843628,1.210766678435829,619,0,0,617,1,630,618,rmpc,rmpc,RMPC,
77156,intercepted,1,0,0,0,88,10,5.0,78,88.0,44.0,7.278634548187256,0,1.150327900165244,1.375670313835144,1.2484774180512772,79,0,0,77,1,88,78,rmpc,rmpc,RMPC,
77157,soldier_caught,0,1,0,0,46,13,6.5,33,,,0.7248549461364746,0,1.1915202877100777,0.7730812430381775,1.2898415477747873,34,0,0,32,1,46,33,rmpc,rmpc,RMPC,
77158,soldier_caught,0,1,0,0,528,8,4.0,520,,,1.9332729578018188,0,1.099075441368482,1.3201595544815063,1.195827701273596,521,0,0,518,2,528,520,rmpc,rmpc,RMPC,
77159,soldier_caught,0,1,0,0,100,16,8.0,84,,,0.9439614415168762,0,1.057030556657735,1.416710615158081,1.1327676664163246,85,0,0,83,1,100,84,rmpc,rmpc,RMPC,
77160,intercepted,1,0,0,0,26,17,8.5,9,26.0,13.0,11.672380447387695,0,1.1001213610172271,0.8456270098686218,1.1326788236654175,10,0,0,8,1,26,9,rmpc,rmpc,RMPC,
77161,intercepted,1,0,0,0,22,10,5.0,12,22.0,11.0,5.714944362640381,0,1.0469194467251117,0.8458724617958069,1.1216288968473653,13,0,0,11,1,22,12,rmpc,rmpc,RMPC,
77162,intercepted,1,0,0,0,272,15,7.5,257,272.0,136.0,8.957155227661133,0,1.118507331367149,1.025428295135498,1.2200461133054001,258,0,0,256,1,272,257,rmpc,rmpc,RMPC,
77163,intercepted,1,0,0,0,298,19,9.5,279,298.0,149.0,7.705850124359131,0,1.1161359447719796,1.3393781185150146,1.211715768236662,280,0,0,278,1,298,279,rmpc,rmpc,RMPC,
77164,soldier_caught,0,1,0,0,110,12,6.0,98,,,1.5836061239242554,0,1.0981763095566721,0.6286870241165161,1.1872278619684875,99,0,0,97,1,110,98,rmpc,rmpc,RMPC,
77165,intercepted,1,0,0,0,757,14,7.0,743,757.0,378.5,2.4613232612609863,0,1.126335354722155,0.4176017940044403,1.2222623284758607,744,0,0,742,1,757,743,rmpc,rmpc,RMPC,
77166,intercepted,1,0,0,0,89,16,8.0,73,89.0,44.5,2.3786280155181885,0,1.1695855527713492,1.3617843389511108,1.2786964981732756,74,0,0,72,1,89,73,rmpc,rmpc,RMPC,
77167,unsafe_intercept,0,0,1,0,13,11,5.5,2,,,2.977336883544922,0,1.0209753513336182,1.2127153873443604,1.0329903444068844,3,0,0,1,1,13,2,rmpc,rmpc,RMPC,
77168,intercepted,1,0,0,0,935,12,6.0,923,935.0,467.5,6.706422328948975,0,1.1183565999199818,1.3199539184570312,1.2100570083267106,924,0,0,922,1,935,923,rmpc,rmpc,RMPC,
77169,soldier_caught,0,1,0,0,58,10,5.0,48,,,1.5794963836669922,0,1.2226800979400168,0.9402470588684082,1.3314262456179937,49,0,0,47,1,58,48,rmpc,rmpc,RMPC,
77170,soldier_caught,0,1,0,0,314,30,15.0,284,,,1.812328577041626,0,1.113445309065936,1.409896731376648,1.1974857357627062,285,0,0,283,1,314,284,rmpc,rmpc,RMPC,
77171,intercepted,1,0,0,0,165,9,4.5,156,165.0,82.5,6.355001926422119,0,1.0990988555227874,1.0348715782165527,1.1866880755177565,157,0,0,155,1,165,156,rmpc,rmpc,RMPC,
77172,intercepted,1,0,0,0,391,12,6.0,379,391.0,195.5,4.197971820831299,0,1.159574271287573,1.2155402898788452,1.2648234888113397,380,0,0,378,1,391,379,rmpc,rmpc,RMPC,
77173,intercepted,1,0,0,0,114,60,30.0,54,114.0,57.0,11.268072128295898,0,1.0594793539155614,1.2714825868606567,1.176222103191107,55,0,0,53,1,114,54,rmpc,rmpc,RMPC,
77174,intercepted,1,0,0,0,173,15,7.5,158,173.0,86.5,2.9831409454345703,0,1.1750843795777868,1.15155827999115,1.263078947271354,159,0,0,157,1,173,158,rmpc,rmpc,RMPC,
77175,soldier_caught,0,1,0,0,128,7,3.5,121,,,1.188571572303772,0,1.098803899937966,0.18212902545928955,1.2194154422947303,122,0,0,120,1,128,121,rmpc,rmpc,RMPC,
77176,soldier_caught,0,1,0,0,172,13,6.5,159,,,1.416142463684082,0,1.0691756399348378,1.620071530342102,1.1562631706969917,160,0,0,158,1,172,159,rmpc,rmpc,RMPC,
77177,intercepted,1,0,0,0,226,14,7.0,212,226.0,113.0,5.196542739868164,0,1.115669285747367,0.8290882110595703,1.2156485315181453,213,0,0,211,1,226,212,rmpc,rmpc,RMPC,
77178,intercepted,1,0,0,0,398,10,5.0,388,398.0,199.0,2.836366653442383,0,1.1714445796907713,1.2944730520248413,1.2692531688048156,389,0,0,387,1,398,388,rmpc,rmpc,RMPC,
77179,soldier_caught,0,1,0,0,61,10,5.0,51,,,0.9447396993637085,0,1.1799078022058194,1.0600645542144775,1.2555154720570527,52,0,0,50,1,61,51,rmpc,rmpc,RMPC,
77180,intercepted,1,0,0,0,15,13,6.5,2,15.0,7.5,6.0563225746154785,0,1.2488489151000977,0.822807788848877,1.3825366912757413,3,0,0,1,1,15,2,rmpc,rmpc,RMPC,
77181,intercepted,1,0,0,0,541,19,9.5,522,541.0,270.5,8.51913070678711,0,1.093492407957181,0.8554596304893494,1.1830698503247419,523,0,0,521,1,541,522,rmpc,rmpc,RMPC,
77182,intercepted,1,0,0,0,75,13,6.5,62,75.0,37.5,8.810863494873047,0,1.1749841812111081,1.2276421785354614,1.2569163475969811,63,0,0,61,1,75,62,rmpc,rmpc,RMPC,
77183,intercepted,1,0,0,0,93,8,4.0,85,93.0,46.5,3.8712711334228516,0,1.1303211041661196,1.5622177124023438,1.22829100709689,86,0,0,84,1,93,85,rmpc,rmpc,RMPC,
77184,intercepted,1,0,0,0,32,15,7.5,17,32.0,16.0,8.55736255645752,0,1.061504191822476,0.8364893198013306,1.1620057568269944,18,0,0,16,1,32,17,rmpc,rmpc,RMPC,
77185,intercepted,1,0,0,0,209,32,16.0,177,209.0,104.5,8.146590232849121,0,1.046845020161251,1.405401349067688,1.1347001437702464,178,0,0,176,1,209,177,rmpc,rmpc,RMPC,
77186,intercepted,1,0,0,0,222,11,5.5,211,222.0,111.0,6.988750457763672,0,1.1776164393380004,1.5028753280639648,1.2701775162764657,212,0,0,210,1,222,211,rmpc,rmpc,RMPC,
77187,intercepted,1,0,0,0,360,7,3.5,353,360.0,180.0,4.416887283325195,0,1.1323368938502956,1.3483569622039795,1.2239325317379,354,0,0,352,1,360,353,rmpc,rmpc,RMPC,
77188,intercepted,1,0,0,0,25,12,6.0,13,25.0,12.5,5.410772323608398,0,1.0726301648787089,0.6792075634002686,1.159617223888559,14,0,0,12,1,25,13,rmpc,rmpc,RMPC,
77189,intercepted,1,0,0,0,130,8,4.0,122,130.0,65.0,9.004469871520996,0,1.1711231591861422,1.443739652633667,1.2562324232299833,123,0,0,121,1,130,122,rmpc,rmpc,RMPC,
77190,soldier_caught,0,1,0,0,544,12,6.0,532,,,1.9804826974868774,0,1.1631076201782553,0.20315124094486237,1.2731143193288776,533,0,0,531,1,544,532,rmpc,rmpc,RMPC,
77191,soldier_caught,0,1,0,0,341,7,3.5,334,,,1.5433008670806885,0,1.123610079466407,0.8689104914665222,1.2180670576539319,335,0,0,333,1,341,334,rmpc,rmpc,RMPC,
77192,intercepted,1,0,0,0,69,7,3.5,62,69.0,34.5,3.4274582862854004,0,1.0994060086825537,0.2913362681865692,1.1857008568032836,63,0,0,60,2,69,62,rmpc,rmpc,RMPC,
77193,intercepted,1,0,0,0,732,9,4.5,723,732.0,366.0,2.0315606594085693,0,1.10187881941089,1.1648117303848267,1.2027551703129493,724,0,0,722,1,732,723,rmpc,rmpc,RMPC,
77194,soldier_caught,0,1,0,0,156,20,10.0,136,,,1.6484131813049316,0,1.0595613628843406,0.6231540441513062,1.1444692903135458,137,0,0,135,1,156,136,rmpc,rmpc,RMPC,
77195,intercepted,1,0,0,0,38,7,3.5,31,38.0,19.0,4.34178352355957,0,0.9966020914725959,0.47729748487472534,1.1101331098411844,32,0,0,30,1,38,31,rmpc,rmpc,RMPC,
77196,intercepted,1,0,0,0,346,9,4.5,337,346.0,173.0,6.66303825378418,0,1.106874496361913,0.6458367705345154,1.2142856027905657,338,0,0,336,1,346,337,rmpc,rmpc,RMPC,
77197,intercepted,1,0,0,0,129,27,13.5,102,129.0,64.5,6.313060283660889,0,1.133360788370799,1.7134443521499634,1.2369166978737898,103,0,0,101,1,129,102,rmpc,rmpc,RMPC,
77198,intercepted,1,0,0,0,203,8,4.0,195,203.0,101.5,5.111989498138428,0,1.1147152583057782,0.803692102432251,1.2098510186619387,196,0,0,194,1,203,195,rmpc,rmpc,RMPC,
77199,intercepted,1,0,0,0,25,17,8.5,8,25.0,12.5,12.389410972595215,0,1.1431176861127217,0.21133649349212646,1.2350888676784002,9,0,0,7,1,25,8,rmpc,rmpc,RMPC,
77200,intercepted,1,0,0,0,204,77,38.5,127,204.0,102.0,8.706363677978516,0,1.1079185388516635,2.4754366874694824,1.1971797741060877,128,0,0,126,1,204,127,rmpc,rmpc,RMPC,
77201,intercepted,1,0,0,0,20,9,4.5,11,20.0,10.0,7.742283344268799,0,1.1467212041219075,2.18003249168396,1.224970995288009,12,0,0,10,1,20,11,rmpc,rmpc,RMPC,
77202,soldier_caught,0,1,0,0,36,11,5.5,25,,,1.476428508758545,0,1.1192933458548326,0.5429473519325256,1.2145976185812342,26,0,0,24,1,36,25,rmpc,rmpc,RMPC,
77203,intercepted,1,0,0,0,246,14,7.0,232,246.0,123.0,8.349709510803223,0,1.14292975006697,0.949493944644928,1.2325344895936936,233,0,0,231,1,246,232,rmpc,rmpc,RMPC,
77204,intercepted,1,0,0,0,104,35,17.5,69,104.0,52.0,13.119924545288086,0,1.154632620726313,1.6566407680511475,1.237888745583223,70,0,0,68,1,104,69,rmpc,rmpc,RMPC,
77205,intercepted,1,0,0,0,399,11,5.5,388,399.0,199.5,2.782564878463745,0,1.1373873464475868,1.2832016944885254,1.2330526803298891,389,0,0,386,2,399,388,rmpc,rmpc,RMPC,
77206,intercepted,1,0,0,0,26,11,5.5,15,26.0,13.0,4.6757683753967285,0,1.2165793236345053,0.5526865720748901,1.3466166314124546,16,0,0,14,1,26,15,rmpc,rmpc,RMPC,
77207,intercepted,1,0,0,0,239,9,4.5,230,239.0,119.5,6.835727214813232,0,1.1605844829247627,1.265305757522583,1.2617571064067943,231,0,0,229,1,239,230,rmpc,rmpc,RMPC,
77208,soldier_caught,0,1,0,0,46,44,22.0,2,,,1.7363190650939941,0,0.8091657161712646,0.7685060501098633,0.8243337506432811,3,0,0,1,1,46,2,rmpc,rmpc,RMPC,
77209,intercepted,1,0,0,0,35,20,10.0,15,35.0,17.5,6.860231876373291,0,1.1980616487562656,1.0527852773666382,1.3193729304187896,16,0,0,14,1,35,15,rmpc,rmpc,RMPC,
77210,intercepted,1,0,0,0,143,19,9.5,124,143.0,71.5,6.905211925506592,0,1.094697562456131,1.8998924493789673,1.1743583624696698,125,0,0,123,1,143,124,rmpc,rmpc,RMPC,
77211,intercepted,1,0,0,0,190,14,7.0,176,190.0,95.0,3.9810709953308105,0,1.1342111350284458,1.1623506546020508,1.2255813250583534,177,0,0,175,1,190,176,rmpc,rmpc,RMPC,
77212,intercepted,1,0,0,0,527,11,5.5,516,527.0,263.5,2.6418421268463135,0,1.1228501820933197,1.6792707443237305,1.2201469535078584,517,0,0,515,1,527,516,rmpc,rmpc,RMPC,
77213,intercepted,1,0,0,0,201,9,4.5,192,201.0,100.5,5.79165506362915,0,1.1222924008733868,1.6147149801254272,1.2137917580076218,193,0,0,191,1,201,192,rmpc,rmpc,RMPC,
77214,intercepted,1,0,0,0,144,13,6.5,131,144.0,72.0,6.689016342163086,0,1.069477309444637,2.782646656036377,1.16149259215224,132,0,0,130,1,144,131,rmpc,rmpc,RMPC,
77215,soldier_caught,0,1,0,0,12,10,5.0,2,,,1.3499923944473267,0,0.6353898247083029,1.2865180969238281,0.793771250670186,3,0,0,1,1,12,2,rmpc,rmpc,RMPC,
77216,intercepted,1,0,0,0,704,42,21.0,662,704.0,352.0,7.433661937713623,0,1.1596022340192333,0.5835762023925781,1.2585589728654796,663,0,0,661,1,704,662,rmpc,rmpc,RMPC,
77217,intercepted,1,0,0,0,549,11,5.5,538,549.0,274.5,3.0108931064605713,0,1.1030130305073478,1.065974235534668,1.199802631474411,539,0,0,536,2,549,538,rmpc,rmpc,RMPC,
77218,intercepted,1,0,0,0,97,16,8.0,81,97.0,48.5,6.971296787261963,0,1.1666832017462427,0.9736979603767395,1.2915019687493363,82,0,0,80,1,97,81,rmpc,rmpc,RMPC,
77219,intercepted,1,0,0,0,129,7,3.5,122,129.0,64.5,5.8603105545043945,0,1.1119937778003817,1.4026265144348145,1.2112733915501943,123,0,0,121,1,129,122,rmpc,rmpc,RMPC,
77220,intercepted,1,0,0,0,960,11,5.5,949,960.0,480.0,3.0341527462005615,0,1.1421645682814874,0.8774078488349915,1.2406984162170491,950,0,0,948,1,960,949,rmpc,rmpc,RMPC,
77221,intercepted,1,0,0,0,64,9,4.5,55,64.0,32.0,10.460982322692871,0,1.0868097437279565,0.9105947613716125,1.1505612308502637,56,0,0,54,1,64,55,rmpc,rmpc,RMPC,
77222,soldier_caught,0,1,0,0,147,9,4.5,138,,,0.7370755076408386,0,1.1495118868007934,0.5263417363166809,1.2357278956407407,139,0,0,137,1,147,138,rmpc,rmpc,RMPC,
77223,intercepted,1,0,0,0,22,8,4.0,14,22.0,11.0,5.258302211761475,0,1.0457574486732484,0.18508276343345642,1.1451125579529728,15,0,0,13,1,22,14,rmpc,rmpc,RMPC,
77224,soldier_caught,0,1,0,0,970,12,6.0,958,,,1.8056135177612305,0,1.0996605111703635,1.3680959939956665,1.1972061786208508,959,0,0,957,1,970,958,rmpc,rmpc,RMPC,
77225,soldier_caught,0,1,0,0,123,80,40.0,43,,,1.7971241474151611,0,1.1369622857733206,1.0144872665405273,1.224772943990726,44,0,0,42,1,123,43,rmpc,rmpc,RMPC,
77226,intercepted,1,0,0,0,50,16,8.0,34,50.0,25.0,4.56452751159668,0,1.1439651131629944,1.4365286827087402,1.226264162482547,35,0,0,33,1,50,34,rmpc,rmpc,RMPC,
77227,intercepted,1,0,0,0,487,10,5.0,477,487.0,243.5,9.996747016906738,0,1.1151769810967989,0.6419481039047241,1.2092274378328303,478,0,0,476,1,487,477,rmpc,rmpc,RMPC,
77228,intercepted,1,0,0,0,486,15,7.5,471,486.0,243.0,2.0618245601654053,0,1.1416002202905335,0.593165934085846,1.2443431317553033,472,0,0,470,1,486,471,rmpc,rmpc,RMPC,
77229,intercepted,1,0,0,0,17,8,4.0,9,17.0,8.5,4.986518859863281,0,1.2728246003389359,1.4855724573135376,1.3668345409035163,10,0,0,8,1,17,9,rmpc,rmpc,RMPC,
77230,intercepted,1,0,0,0,450,17,8.5,433,450.0,225.0,4.616698741912842,0,1.1518848475223313,1.5546989440917969,1.2532262822814304,434,0,0,432,1,450,433,rmpc,rmpc,RMPC,
77231,intercepted,1,0,0,0,361,14,7.0,347,361.0,180.5,8.46597957611084,0,1.0970850759881667,1.5766032934188843,1.185866122850572,348,0,0,346,1,361,347,rmpc,rmpc,RMPC,
77232,intercepted,1,0,0,0,117,11,5.5,106,117.0,58.5,3.054297924041748,0,1.1550998295718264,0.8410298228263855,1.2533874452947131,107,0,0,105,1,117,106,rmpc,rmpc,RMPC,
77233,soldier_caught,0,1,0,0,76,8,4.0,68,,,1.4800273180007935,0,1.1122847981211068,0.4632260203361511,1.2144038771295234,69,0,0,67,1,76,68,rmpc,rmpc,RMPC,
77234,soldier_caught,0,1,0,0,318,11,5.5,307,,,0.5671229958534241,0,1.1477211912150507,1.1384806632995605,1.2435013323304955,308,0,0,306,1,318,307,rmpc,rmpc,RMPC,
77235,intercepted,1,0,0,0,41,11,5.5,30,41.0,20.5,4.491761207580566,0,1.1061001323884534,1.3881787061691284,1.191024950115383,31,0,0,29,1,41,30,rmpc,rmpc,RMPC,
77236,intercepted,1,0,0,0,351,11,5.5,340,351.0,175.5,2.1157095432281494,0,1.1128317627433109,1.4410207271575928,1.197599135223276,341,0,0,339,1,351,340,rmpc,rmpc,RMPC,
77237,soldier_caught,0,1,0,0,79,9,4.5,70,,,0.3490768373012543,0,1.118433567000107,0.7104678153991699,1.2014218117747477,71,0,0,69,1,79,70,rmpc,rmpc,RMPC,
77238,intercepted,1,0,0,0,154,12,6.0,142,154.0,77.0,6.986618995666504,0,1.028689704574905,1.0037001371383667,1.1278039373249305,143,0,0,141,1,154,142,rmpc,rmpc,RMPC,
77239,soldier_caught,0,1,0,0,373,16,8.0,357,,,1.984918475151062,0,1.1319843533984775,0.6875429749488831,1.2292478746690776,358,0,0,356,1,373,357,rmpc,rmpc,RMPC,
77240,intercepted,1,0,0,0,78,10,5.0,68,78.0,39.0,2.178093194961548,0,1.1025366191414818,2.3723042011260986,1.178784168026348,69,0,0,67,1,78,68,rmpc,rmpc,RMPC,
77241,intercepted,1,0,0,0,261,7,3.5,254,261.0,130.5,3.8991587162017822,0,1.1980327891368492,1.3332124948501587,1.2888771444248137,255,0,0,253,1,261,254,rmpc,rmpc,RMPC,
77242,intercepted,1,0,0,0,10,8,4.0,2,10.0,5.0,4.030337810516357,0,0.8257293899854025,0.7410792708396912,0.8526932890446742,3,0,0,1,1,10,2,rmpc,rmpc,RMPC,
77243,intercepted,1,0,0,0,94,8,4.0,86,94.0,47.0,3.7118542194366455,0,1.1436089969229424,0.4294698238372803,1.2312231591225637,87,0,0,85,1,94,86,rmpc,rmpc,RMPC,
77244,intercepted,1,0,0,0,70,11,5.5,59,70.0,35.0,2.9738991260528564,0,1.235443790256977,1.8621900081634521,1.3344173240659976,60,0,0,57,2,70,59,rmpc,rmpc,RMPC,
77245,intercepted,1,0,0,0,16,14,7.0,2,16.0,8.0,4.826440334320068,0,0.9161965052286783,1.1097874641418457,0.9283898993095797,3,0,0,1,1,16,2,rmpc,rmpc,RMPC,
77246,intercepted,1,0,0,0,109,12,6.0,97,109.0,54.5,4.022446155548096,0,1.2327658979564298,0.6373202800750732,1.3464192408457698,98,0,0,96,1,109,97,rmpc,rmpc,RMPC,
77247,intercepted,1,0,0,0,295,9,4.5,286,295.0,147.5,3.1513373851776123,0,1.11077680321936,0.8468238711357117,1.222910553847141,287,0,0,285,1,295,286,rmpc,rmpc,RMPC,
77248,intercepted,1,0,0,0,110,14,7.0,96,110.0,55.0,10.231881141662598,0,1.0964948459691608,1.1067931652069092,1.1636948857115492,97,0,0,95,1,110,96,rmpc,rmpc,RMPC,
77249,intercepted,1,0,0,0,12,10,5.0,2,12.0,6.0,6.2959465980529785,0,1.040910283724467,1.0021131038665771,1.108822031777161,3,0,0,1,1,12,2,rmpc,rmpc,RMPC,
77250,intercepted,1,0,0,0,99,9,4.5,90,99.0,49.5,9.661157608032227,0,1.1999480978145705,1.59847092628479,1.2861536828236277,91,0,0,89,1,99,90,rmpc,rmpc,RMPC,
77251,intercepted,1,0,0,0,63,13,6.5,50,63.0,31.5,5.269792079925537,0,1.1569451654658598,1.8620374202728271,1.235350282291203,51,0,0,49,1,63,50,rmpc,rmpc,RMPC,
77252,intercepted,1,0,0,0,495,13,6.5,482,495.0,247.5,3.4098317623138428,0,1.1312885102401362,1.193462610244751,1.2238452174573875,483,0,0,481,1,495,482,rmpc,rmpc,RMPC,
77253,intercepted,1,0,0,0,19,8,4.0,11,19.0,9.5,6.744181156158447,0,1.2181090762217839,0.9085791707038879,1.274504858016079,12,0,0,10,1,19,11,rmpc,rmpc,RMPC,
77254,soldier_caught,0,1,0,0,105,20,10.0,85,,,1.2214807271957397,0,1.0821897363246873,0.9597041010856628,1.1687970842868824,86,0,0,84,1,105,85,rmpc,rmpc,RMPC,
77255,soldier_caught,0,1,0,0,680,7,3.5,673,,,1.3791544437408447,0,1.1555700713343011,0.7178150415420532,1.2537418176004118,674,0,0,672,1,680,673,rmpc,rmpc,RMPC,
77256,soldier_caught,0,1,0,0,515,35,17.5,480,,,1.9522104263305664,0,1.122908576300635,1.1846730709075928,1.2120098197706544,481,0,0,479,1,515,480,rmpc,rmpc,RMPC,
77257,intercepted,1,0,0,0,46,9,4.5,37,46.0,23.0,7.789177894592285,0,1.3335961950452704,0.9266251921653748,1.4117455180883773,38,0,0,36,1,46,37,rmpc,rmpc,RMPC,
77258,soldier_caught,0,1,0,0,34,9,4.5,25,,,1.475967288017273,0,1.092102662875102,0.7096819281578064,1.1805862574819135,26,0,0,24,1,34,25,rmpc,rmpc,RMPC,
77259,intercepted,1,0,0,0,51,26,13.0,25,51.0,25.5,6.868776798248291,0,1.1216633073412454,0.7963446974754333,1.240723592127375,26,0,0,24,1,51,25,rmpc,rmpc,RMPC,
77260,intercepted,1,0,0,0,1150,48,24.0,1102,1150.0,575.0,2.089724540710449,0,1.111333188321357,0.10115515440702438,1.207038800367259,1103,0,0,1101,1,1150,1102,rmpc,rmpc,RMPC,
77261,intercepted,1,0,0,0,230,131,65.5,99,230.0,115.0,2.5265989303588867,0,1.0781503301858901,0.9224768877029419,1.1613737539409734,100,0,0,98,1,230,99,rmpc,rmpc,RMPC,
77262,intercepted,1,0,0,0,107,13,6.5,94,107.0,53.5,6.012305736541748,0,1.0815037944599202,1.482818841934204,1.1853611006107447,95,0,0,93,1,107,94,rmpc,rmpc,RMPC,
77263,intercepted,1,0,0,0,173,40,20.0,133,173.0,86.5,2.836242914199829,0,1.1556951183436521,0.40966078639030457,1.2581355117116786,134,0,0,132,1,173,133,rmpc,rmpc,RMPC,
77264,intercepted,1,0,0,0,560,14,7.0,546,560.0,280.0,6.206300258636475,0,1.1373840155287678,1.176224946975708,1.2379561594589743,547,0,0,545,1,560,546,rmpc,rmpc,RMPC,
77265,soldier_caught,0,1,0,0,82,7,3.5,75,,,0.3601178228855133,0,1.1677037520628226,0.7554715871810913,1.2701931560002153,76,0,0,74,1,82,75,rmpc,rmpc,RMPC,
77266,intercepted,1,0,0,0,537,31,15.5,506,537.0,268.5,8.47439193725586,0,1.127859032424479,0.4934699535369873,1.2224726745578456,507,0,0,505,1,537,506,rmpc,rmpc,RMPC,
77267,intercepted,1,0,0,0,20,11,5.5,9,20.0,10.0,3.333122968673706,0,0.9579023540019989,1.369791865348816,1.010943402002763,10,0,0,8,1,20,9,rmpc,rmpc,RMPC,
77268,intercepted,1,0,0,0,259,30,15.0,229,259.0,129.5,3.0870707035064697,0,1.1067117221329523,1.70223069190979,1.2087703592623666,230,0,0,228,1,259,229,rmpc,rmpc,RMPC,
77269,soldier_caught,0,1,0,0,178,12,6.0,166,,,1.503003716468811,0,1.1337379831039978,1.8265613317489624,1.22568473240269,167,0,0,164,2,178,166,rmpc,rmpc,RMPC,
77270,intercepted,1,0,0,0,49,9,4.5,40,49.0,24.5,8.346628189086914,0,0.9065064130032935,0.8681827783584595,1.0043124359024445,41,0,0,39,1,49,40,rmpc,rmpc,RMPC,
77271,intercepted,1,0,0,0,367,10,5.0,357,367.0,183.5,6.3620781898498535,0,1.1595575614265223,1.7165862321853638,1.2490870674082046,358,0,0,356,1,367,357,rmpc,rmpc,RMPC,
77272,intercepted,1,0,0,0,88,10,5.0,78,88.0,44.0,3.2511062622070312,0,1.1057639578475227,1.2201848030090332,1.204762479383976,79,0,0,77,1,88,78,rmpc,rmpc,RMPC,
77273,soldier_caught,0,1,0,0,177,11,5.5,166,,,1.9287430047988892,0,1.1672805679772429,1.3068574666976929,1.2619865110473323,167,0,0,165,1,177,166,rmpc,rmpc,RMPC,
77274,intercepted,1,0,0,0,14,12,6.0,2,14.0,7.0,5.262030124664307,0,1.5309122403462727,1.1413220167160034,1.5689985677381275,3,0,0,1,1,14,2,rmpc,rmpc,RMPC,
77275,intercepted,1,0,0,0,439,11,5.5,428,439.0,219.5,3.5868523120880127,0,1.1007516404618194,1.3931628465652466,1.1997731205013917,429,0,0,427,1,439,428,rmpc,rmpc,RMPC,
77276,intercepted,1,0,0,0,173,10,5.0,163,173.0,86.5,6.701350212097168,0,1.1661111057349822,0.7257412672042847,1.260598770303083,164,0,0,162,1,173,163,rmpc,rmpc,RMPC,
77277,intercepted,1,0,0,0,803,17,8.5,786,803.0,401.5,3.6399283409118652,0,1.1372415348792773,1.1721272468566895,1.2327206802855408,787,0,0,785,1,803,786,rmpc,rmpc,RMPC,
77278,intercepted,1,0,0,0,214,14,7.0,200,214.0,107.0,4.235162258148193,0,1.1510666104691538,1.1694262027740479,1.261447736164497,201,0,0,199,1,214,200,rmpc,rmpc,RMPC,
77279,intercepted,1,0,0,0,19,9,4.5,10,19.0,9.5,6.553123474121094,0,1.0866188948804683,2.541637420654297,1.2308312127966166,11,0,0,9,1,19,10,rmpc,rmpc,RMPC,
77280,soldier_caught,0,1,0,0,70,15,7.5,55,,,1.465529203414917,0,1.1682784067732948,0.8787941336631775,1.249193870702463,56,0,0,54,1,70,55,rmpc,rmpc,RMPC,
77281,intercepted,1,0,0,0,141,42,21.0,99,141.0,70.5,4.886397361755371,0,1.1148653331398963,0.7041003704071045,1.2293959589183983,100,0,0,98,1,141,99,rmpc,rmpc,RMPC,
77282,intercepted,1,0,0,0,44,7,3.5,37,44.0,22.0,8.795910835266113,0,1.1068930108296244,1.2318798303604126,1.2050606190183322,38,0,0,36,1,44,37,rmpc,rmpc,RMPC,
77283,intercepted,1,0,0,0,122,23,11.5,99,122.0,61.0,13.052655220031738,0,1.1342135018110275,0.7898325324058533,1.2189747988338508,100,0,0,98,1,122,99,rmpc,rmpc,RMPC,
77284,soldier_caught,0,1,0,0,122,9,4.5,113,,,1.9871164560317993,0,1.1967835478615343,0.9945765137672424,1.2741350824273903,114,0,0,112,1,122,113,rmpc,rmpc,RMPC,
77285,intercepted,1,0,0,0,289,38,19.0,251,289.0,144.5,8.69384765625,0,1.14018444888412,0.589974582195282,1.2439961370008201,252,0,0,250,1,289,251,rmpc,rmpc,RMPC,
77286,soldier_caught,0,1,0,0,187,9,4.5,178,,,1.5948134660720825,0,1.1311929334974822,0.8182310461997986,1.2153194740405824,179,0,0,177,1,187,178,rmpc,rmpc,RMPC,
77287,intercepted,1,0,0,0,465,47,23.5,418,465.0,232.5,3.2583320140838623,0,1.131083501125008,1.0270107984542847,1.220490549632194,419,0,0,417,1,465,418,rmpc,rmpc,RMPC,
77288,intercepted,1,0,0,0,238,9,4.5,229,238.0,119.0,8.865699768066406,0,1.1614626289709755,1.3784605264663696,1.266862371052056,230,0,0,228,1,238,229,rmpc,rmpc,RMPC,
77289,intercepted,1,0,0,0,44,10,5.0,34,44.0,22.0,2.592154026031494,0,1.1049009570053645,0.6691262722015381,1.1757192711692652,35,0,0,33,1,44,34,rmpc,rmpc,RMPC,
77290,intercepted,1,0,0,0,226,13,6.5,213,226.0,113.0,7.2263264656066895,0,1.1520427317123547,1.999043345451355,1.2444716377331249,214,0,0,212,1,226,213,rmpc,rmpc,RMPC,
77291,intercepted,1,0,0,0,345,14,7.0,331,345.0,172.5,2.9526734352111816,0,1.157625204378582,0.8173696994781494,1.2641044782382103,332,0,0,330,1,345,331,rmpc,rmpc,RMPC,
77292,intercepted,1,0,0,0,271,44,22.0,227,271.0,135.5,5.5393452644348145,0,1.1064804732276683,1.2486579418182373,1.2177892836732531,228,0,0,226,1,271,227,rmpc,rmpc,RMPC,
77293,intercepted,1,0,0,0,256,12,6.0,244,256.0,128.0,3.6093482971191406,0,1.1258819771664483,0.5488433837890625,1.223465421993721,245,0,0,242,2,256,244,rmpc,rmpc,RMPC,
77294,intercepted,1,0,0,0,11,9,4.5,2,11.0,5.5,4.511263847351074,0,0.8936397035916647,1.2334402799606323,0.931704667592943,3,0,0,1,1,11,2,rmpc,rmpc,RMPC,
77295,intercepted,1,0,0,0,700,34,17.0,666,700.0,350.0,2.7232701778411865,0,1.1153053549387824,0.6287606358528137,1.2131934122116228,667,0,0,665,1,700,666,rmpc,rmpc,RMPC,
77296,intercepted,1,0,0,0,343,8,4.0,335,343.0,171.5,3.2385292053222656,0,1.1617715581808061,1.1370890140533447,1.2546659682222754,336,0,0,334,1,343,335,rmpc,rmpc,RMPC,
77297,intercepted,1,0,0,0,10,8,4.0,2,10.0,5.0,5.150282859802246,0,1.452135443687439,1.128715991973877,1.4701552670200981,3,0,0,1,1,10,2,rmpc,rmpc,RMPC,
77298,intercepted,1,0,0,0,200,9,4.5,191,200.0,100.0,3.6035568714141846,0,1.1875463925922911,1.4084486961364746,1.284864307002966,192,0,0,190,1,200,191,rmpc,rmpc,RMPC,
77299,intercepted,1,0,0,0,768,14,7.0,754,768.0,384.0,5.84901237487793,0,1.1507746248845232,1.2957463264465332,1.2367149614180015,755,0,0,752,2,768,754,rmpc,rmpc,RMPC,
77300,intercepted,1,0,0,0,47,10,5.0,37,47.0,23.5,7.194485187530518,0,1.148138763088929,1.575384259223938,1.2563690067288689,38,0,0,36,1,47,37,rmpc,rmpc,RMPC,
77301,intercepted,1,0,0,0,574,11,5.5,563,574.0,287.0,3.360604763031006,0,1.1527451198046088,2.3606109619140625,1.249306087949031,564,0,0,562,1,574,563,rmpc,rmpc,RMPC,
77302,intercepted,1,0,0,0,78,17,8.5,61,78.0,39.0,13.360528945922852,0,1.033704841809888,0.7656316161155701,1.1037972939934266,62,0,0,60,1,78,61,rmpc,rmpc,RMPC,
77303,intercepted,1,0,0,0,36,9,4.5,27,36.0,18.0,5.423806667327881,0,1.0804349098886763,0.9775550961494446,1.1606850174383498,28,0,0,26,1,36,27,rmpc,rmpc,RMPC,
77304,intercepted,1,0,0,0,136,11,5.5,125,136.0,68.0,3.5203421115875244,0,1.13403370491569,1.5283234119415283,1.2308496884675786,126,0,0,124,1,136,125,rmpc,rmpc,RMPC,
77305,intercepted,1,0,0,0,184,16,8.0,168,184.0,92.0,4.006113529205322,0,1.159251187415518,2.339761734008789,1.249630436343878,169,0,0,167,1,184,168,rmpc,rmpc,RMPC,
77306,intercepted,1,0,0,0,509,37,18.5,472,509.0,254.5,2.585716962814331,0,1.0997426827570096,0.8003369569778442,1.1997123194268537,473,0,0,471,1,509,472,rmpc,rmpc,RMPC,
77307,intercepted,1,0,0,0,238,11,5.5,227,238.0,119.0,4.568790912628174,0,1.0932649776600956,0.41328996419906616,1.191505455749691,228,0,0,226,1,238,227,rmpc,rmpc,RMPC,
77308,intercepted,1,0,0,0,116,27,13.5,89,116.0,58.0,12.698568344116211,0,1.075426478849517,1.2565838098526,1.1564677721377243,90,0,0,88,1,116,89,rmpc,rmpc,RMPC,
77309,soldier_caught,0,1,0,0,36,8,4.0,28,,,1.1767998933792114,0,1.0932607794630116,0.6854183077812195,1.2076734550750894,29,0,0,27,1,36,28,rmpc,rmpc,RMPC,
77310,intercepted,1,0,0,0,25,12,6.0,13,25.0,12.5,12.109426498413086,0,1.030262263757842,0.15286332368850708,1.115721513638911,14,0,0,12,1,25,13,rmpc,rmpc,RMPC,
77311,intercepted,1,0,0,0,146,44,22.0,102,146.0,73.0,3.2032833099365234,0,1.1644412837560894,2.2144811153411865,1.2794848836572645,103,0,0,101,1,146,102,rmpc,rmpc,RMPC,
77312,intercepted,1,0,0,0,132,40,20.0,92,132.0,66.0,14.337080955505371,0,1.189289903448474,0.8442226052284241,1.265099847498793,93,0,0,91,1,132,92,rmpc,rmpc,RMPC,
77313,intercepted,1,0,0,0,11,8,4.0,3,11.0,5.5,4.726956367492676,0,1.2516311630606651,1.1066128015518188,1.3749392467285144,4,0,0,2,1,11,3,rmpc,rmpc,RMPC,
77314,intercepted,1,0,0,0,303,12,6.0,291,303.0,151.5,2.337733745574951,0,1.1363728101020807,0.43776166439056396,1.2269160392192282,292,0,0,290,1,303,291,rmpc,rmpc,RMPC,
77315,intercepted,1,0,0,0,147,17,8.5,130,147.0,73.5,8.472967147827148,0,1.112255315402992,1.296546220779419,1.2129020783552753,131,0,0,129,1,147,130,rmpc,rmpc,RMPC,
77316,soldier_caught,0,1,0,0,36,13,6.5,23,,,1.8348952531814575,0,1.1428693508108456,0.9733790159225464,1.2581579034511696,24,0,0,22,1,36,23,rmpc,rmpc,RMPC,
77317,intercepted,1,0,0,0,41,10,5.0,31,41.0,20.5,5.285177230834961,0,1.2051415480673313,1.3168392181396484,1.3484358632786324,32,0,0,30,1,41,31,rmpc,rmpc,RMPC,
77318,intercepted,1,0,0,0,217,11,5.5,206,217.0,108.5,3.6459920406341553,0,1.1780817049425005,0.930779218673706,1.266931512316743,207,0,0,205,1,217,206,rmpc,rmpc,RMPC,
77319,intercepted,1,0,0,0,399,57,28.5,342,399.0,199.5,6.149612903594971,0,1.1448907620183928,0.9419925212860107,1.2393632965341768,343,0,0,341,1,399,342,rmpc,rmpc,RMPC,
77320,intercepted,1,0,0,0,68,10,5.0,58,68.0,34.0,4.410388469696045,0,1.0633289223000155,0.6759421825408936,1.171066148690006,59,0,0,57,1,68,58,rmpc,rmpc,RMPC,
77321,intercepted,1,0,0,0,238,52,26.0,186,238.0,119.0,3.619443655014038,0,1.0974673126789338,1.1482524871826172,1.1841944868828402,187,0,0,185,1,238,186,rmpc,rmpc,RMPC,
77322,intercepted,1,0,0,0,194,14,7.0,180,194.0,97.0,2.1534900665283203,0,1.1470933146568951,1.5972295999526978,1.2271739606489256,181,0,0,179,1,194,180,rmpc,rmpc,RMPC,
77323,intercepted,1,0,0,0,437,13,6.5,424,437.0,218.5,2.7142701148986816,0,1.175379045500475,0.5245562195777893,1.265171554117206,425,0,0,422,2,437,424,rmpc,rmpc,RMPC,
77324,soldier_caught,0,1,0,0,177,8,4.0,169,,,0.72958904504776,0,1.135344762530397,0.9526966214179993,1.226957879389837,170,0,0,168,1,177,169,rmpc,rmpc,RMPC,
77325,soldier_caught,0,1,0,0,207,12,6.0,195,,,1.628277063369751,0,1.1258202883966115,0.3577921390533447,1.219690274664184,196,0,0,194,1,207,195,rmpc,rmpc,RMPC,
77326,intercepted,1,0,0,0,601,11,5.5,590,601.0,300.5,2.205106258392334,0,1.1051289760862208,0.22931279242038727,1.1984034865326376,591,0,0,589,1,601,590,rmpc,rmpc,RMPC,
77327,intercepted,1,0,0,0,205,10,5.0,195,205.0,102.5,5.5653157234191895,0,1.0978074191252187,0.497734934091568,1.1869181744629496,196,0,0,194,1,205,195,rmpc,rmpc,RMPC,
77328,intercepted,1,0,0,0,298,14,7.0,284,298.0,149.0,7.316474914550781,0,1.1594667861859003,1.4342190027236938,1.2544652100715656,285,0,0,283,1,298,284,rmpc,rmpc,RMPC,
77329,intercepted,1,0,0,0,94,21,10.5,73,94.0,47.0,8.45898723602295,0,1.096928847802652,0.9684837460517883,1.1766467211774598,74,0,0,72,1,94,73,rmpc,rmpc,RMPC,
77330,soldier_caught,0,1,0,0,43,13,6.5,30,,,1.4455230236053467,0,1.077574838073023,0.6329624056816101,1.160039352077729,31,0,0,29,1,43,30,rmpc,rmpc,RMPC,
77331,intercepted,1,0,0,0,205,14,7.0,191,205.0,102.5,5.815713405609131,0,1.0829672573599964,1.3349279165267944,1.169016671697304,192,0,0,190,1,205,191,rmpc,rmpc,RMPC,
77332,intercepted,1,0,0,0,236,9,4.5,227,236.0,118.0,2.8448598384857178,0,1.1782966139808035,0.5428947806358337,1.286595287874286,228,0,0,226,1,236,227,rmpc,rmpc,RMPC,
77333,intercepted,1,0,0,0,40,10,5.0,30,40.0,20.0,4.898629188537598,0,1.1536392607996542,1.1928942203521729,1.270057736982477,31,0,0,29,1,40,30,rmpc,rmpc,RMPC,
77334,soldier_caught,0,1,0,0,47,14,7.0,33,,,1.9812647104263306,0,1.1256257190423853,0.849399983882904,1.2315505602607602,34,0,0,32,1,47,33,rmpc,rmpc,RMPC,
77335,intercepted,1,0,0,0,385,48,24.0,337,385.0,192.5,4.423369884490967,0,1.147215920329623,1.3101859092712402,1.2496413184321908,338,0,0,336,1,385,337,rmpc,rmpc,RMPC,
77336,intercepted,1,0,0,0,210,8,4.0,202,210.0,105.0,5.543144226074219,0,1.1039957164837222,1.6283564567565918,1.2117519149393587,203,0,0,201,1,210,202,rmpc,rmpc,RMPC,
77337,intercepted,1,0,0,0,951,15,7.5,936,951.0,475.5,8.439927101135254,0,1.1302097844180583,0.6878241896629333,1.2291836772168265,937,0,0,935,1,951,936,rmpc,rmpc,RMPC,
77338,intercepted,1,0,0,0,20,8,4.0,12,20.0,10.0,2.1867470741271973,0,1.0537568491238813,1.228697419166565,1.1146640305629123,13,0,0,11,1,20,12,rmpc,rmpc,RMPC,
77339,intercepted,1,0,0,0,28,14,7.0,14,28.0,14.0,11.037775993347168,0,1.2246368527412415,0.660896897315979,1.2881280419068617,15,0,0,13,1,28,14,rmpc,rmpc,RMPC,
77340,intercepted,1,0,0,0,164,10,5.0,154,164.0,82.0,4.179173946380615,0,1.0833126244045073,1.853224515914917,1.195225708016255,155,0,0,153,1,164,154,rmpc,rmpc,RMPC,
77341,intercepted,1,0,0,0,154,12,6.0,142,154.0,77.0,5.049769878387451,0,1.0999013118810588,1.2978421449661255,1.184272326942259,143,0,0,141,1,154,142,rmpc,rmpc,RMPC,
77342,intercepted,1,0,0,0,235,31,15.5,204,235.0,117.5,9.570040702819824,0,1.1496547562320059,0.4378435015678406,1.248531217996483,205,0,0,203,1,235,204,rmpc,rmpc,RMPC,
77343,intercepted,1,0,0,0,234,11,5.5,223,234.0,117.0,6.89995813369751,0,1.1390225321852736,1.1509581804275513,1.2327696669653796,224,0,0,221,2,234,223,rmpc,rmpc,RMPC,
77344,intercepted,1,0,0,0,175,102,51.0,73,175.0,87.5,6.684130668640137,0,1.1109010244946222,0.6457520127296448,1.2105763330819597,74,0,0,72,1,175,73,rmpc,rmpc,RMPC,
77345,intercepted,1,0,0,0,698,13,6.5,685,698.0,349.0,5.165677547454834,0,1.1266465854149519,0.9300963282585144,1.2190604912600398,686,0,0,684,1,698,685,rmpc,rmpc,RMPC,
77346,intercepted,1,0,0,0,579,15,7.5,564,579.0,289.5,4.185903549194336,0,1.1174866995848385,1.1235730648040771,1.2236198045418198,565,0,0,563,1,579,564,rmpc,rmpc,RMPC,
77347,intercepted,1,0,0,0,736,11,5.5,725,736.0,368.0,3.2424049377441406,0,1.142920599455019,1.5795549154281616,1.2387139927358668,726,0,0,724,1,736,725,rmpc,rmpc,RMPC,
77348,intercepted,1,0,0,0,163,13,6.5,150,163.0,81.5,3.1416983604431152,0,1.1906671572402614,0.5171458721160889,1.2835952032621245,151,0,0,149,1,163,150,rmpc,rmpc,RMPC,
77349,intercepted,1,0,0,0,82,8,4.0,74,82.0,41.0,4.753910064697266,0,1.1201613934834798,2.368647336959839,1.2092493795296781,75,0,0,73,1,82,74,rmpc,rmpc,RMPC,
77350,soldier_caught,0,1,0,0,1068,34,17.0,1034,,,1.0697559118270874,0,1.1218286361599314,1.4817390441894531,1.2117416363280902,1035,0,0,1033,1,1068,1034,rmpc,rmpc,RMPC,
77351,intercepted,1,0,0,0,83,8,4.0,75,83.0,41.5,10.54269027709961,0,1.1356883060775305,1.4328415393829346,1.2066431768760537,76,0,0,74,1,83,75,rmpc,rmpc,RMPC,
77352,intercepted,1,0,0,0,15,13,6.5,2,15.0,7.5,5.333045482635498,0,1.085319499174754,0.8531148433685303,1.1673763363085123,3,0,0,1,1,15,2,rmpc,rmpc,RMPC,
77353,intercepted,1,0,0,0,546,9,4.5,537,546.0,273.0,4.712281703948975,0,1.1151939710553693,1.219570279121399,1.21214545646583,538,0,0,536,1,546,537,rmpc,rmpc,RMPC,
77354,intercepted,1,0,0,0,44,12,6.0,32,44.0,22.0,2.5858078002929688,0,1.0624202236984714,0.5715885162353516,1.1777009083292775,33,0,0,31,1,44,32,rmpc,rmpc,RMPC,
77355,intercepted,1,0,0,0,54,18,9.0,36,54.0,27.0,12.725974082946777,0,1.1842857740215353,1.5533396005630493,1.2559756956594144,37,0,0,35,1,54,36,rmpc,rmpc,RMPC,
77356,intercepted,1,0,0,0,85,9,4.5,76,85.0,42.5,7.565608024597168,0,1.210476672107523,0.6786208748817444,1.3228952474650315,77,0,0,75,1,85,76,rmpc,rmpc,RMPC,
77357,intercepted,1,0,0,0,53,11,5.5,42,53.0,26.5,10.093853950500488,0,1.0954078713128732,1.1492750644683838,1.1934160675079355,43,0,0,41,1,53,42,rmpc,rmpc,RMPC,
77358,soldier_caught,0,1,0,0,54,10,5.0,44,,,1.1182887554168701,0,1.2284840259287093,1.11399245262146,1.3748395376192428,45,0,0,43,1,54,44,rmpc,rmpc,RMPC,
77359,intercepted,1,0,0,0,513,50,25.0,463,513.0,256.5,2.5009965896606445,0,1.1466891066781406,1.66081964969635,1.2455117831706073,464,0,0,462,1,513,463,rmpc,rmpc,RMPC,
77360,intercepted,1,0,0,0,238,13,6.5,225,238.0,119.0,2.743274688720703,0,1.1245059930117784,1.0503160953521729,1.213417656966237,226,0,0,224,1,238,225,rmpc,rmpc,RMPC,
77361,intercepted,1,0,0,0,170,7,3.5,163,170.0,85.0,9.784491539001465,0,1.1085369374330452,1.7392675876617432,1.1897911041731082,164,0,0,162,1,170,163,rmpc,rmpc,RMPC,
77362,soldier_caught,0,1,0,0,33,8,4.0,25,,,1.3265305757522583,0,1.152233064174652,1.462123155593872,1.2347415435318154,26,0,0,24,1,33,25,rmpc,rmpc,RMPC,
77363,intercepted,1,0,0,0,371,13,6.5,358,371.0,185.5,4.880729675292969,0,1.1213561729800403,1.3444136381149292,1.210434340944789,359,0,0,357,1,371,358,rmpc,rmpc,RMPC,
77364,intercepted,1,0,0,0,89,17,8.5,72,89.0,44.5,2.2206838130950928,0,1.148475241783547,1.2111523151397705,1.2292365796132616,73,0,0,71,1,89,72,rmpc,rmpc,RMPC,
77365,intercepted,1,0,0,0,58,45,22.5,13,58.0,29.0,13.435986518859863,0,1.1040179303714208,1.5372377634048462,1.193001288951821,14,0,0,12,1,58,13,rmpc,rmpc,RMPC,
77366,soldier_caught,0,1,0,0,1298,9,4.5,1289,,,0.8323236703872681,0,1.1005257035237412,1.361068844795227,1.1948468994667127,1290,0,0,1288,1,1298,1289,rmpc,rmpc,RMPC,
77367,intercepted,1,0,0,0,481,10,5.0,471,481.0,240.5,2.962008476257324,0,1.1300731451897803,1.3850632905960083,1.2296672828074655,472,0,0,470,1,481,471,rmpc,rmpc,RMPC,
77368,intercepted,1,0,0,0,75,14,7.0,61,75.0,37.5,9.432050704956055,0,1.2153773913460393,1.4341068267822266,1.3111666234297525,62,0,0,60,1,75,61,rmpc,rmpc,RMPC,
77369,intercepted,1,0,0,0,10,8,4.0,2,10.0,5.0,3.904060125350952,0,1.0270941456158955,0.8634436726570129,1.0340947896021553,3,0,0,1,1,10,2,rmpc,rmpc,RMPC,
77370,intercepted,1,0,0,0,914,38,19.0,876,914.0,457.0,3.4243345260620117,0,1.118665451818956,1.5227550268173218,1.215857532563907,877,0,0,875,1,914,876,rmpc,rmpc,RMPC,
77371,intercepted,1,0,0,0,190,72,36.0,118,190.0,95.0,7.451477527618408,0,1.0458414955299442,0.806607186794281,1.1459194154876342,119,0,0,117,1,190,118,rmpc,rmpc,RMPC,
77372,soldier_caught,0,1,0,0,68,15,7.5,53,,,1.970062255859375,0,1.1354184037557356,0.5634905099868774,1.248478646842696,54,0,0,52,1,68,53,rmpc,rmpc,RMPC,
77373,intercepted,1,0,0,0,1152,20,10.0,1132,1152.0,576.0,4.500240325927734,0,1.1147104275642195,1.0084078311920166,1.2178279541725425,1133,0,0,1131,1,1152,1132,rmpc,rmpc,RMPC,
77374,intercepted,1,0,0,0,39,11,5.5,28,39.0,19.5,7.3275065422058105,0,1.0305892116036908,1.408367395401001,1.1120804526850447,29,0,0,27,1,39,28,rmpc,rmpc,RMPC,
77375,intercepted,1,0,0,0,812,13,6.5,799,812.0,406.0,3.716893196105957,0,1.0922700772620737,1.480383276939392,1.1961999437311068,800,0,0,798,1,812,799,rmpc,rmpc,RMPC,
77376,unsafe_intercept,0,0,1,0,11,9,4.5,2,,,3.3704917430877686,0,1.3777562975883484,0.9503554105758667,1.537580981410815,3,0,0,1,1,11,2,rmpc,rmpc,RMPC,
77377,soldier_caught,0,1,0,0,470,12,6.0,458,,,1.973671555519104,0,1.0731556840841547,1.083481788635254,1.1698085123906703,459,0,0,457,1,470,458,rmpc,rmpc,RMPC,
77378,intercepted,1,0,0,0,18,8,4.0,10,18.0,9.0,5.052093505859375,0,1.1249187046831304,1.0000911951065063,1.2029089528072179,11,0,0,9,1,18,10,rmpc,rmpc,RMPC,
77379,intercepted,1,0,0,0,48,10,5.0,38,48.0,24.0,2.2410004138946533,0,1.1689020769718366,1.3660988807678223,1.2606497563805175,39,0,0,37,1,48,38,rmpc,rmpc,RMPC,
77380,intercepted,1,0,0,0,92,10,5.0,82,92.0,46.0,4.711696624755859,0,1.030687084758138,1.3197799921035767,1.1242913554962828,83,0,0,81,1,92,82,rmpc,rmpc,RMPC,
77381,intercepted,1,0,0,0,10,8,4.0,2,10.0,5.0,4.676257610321045,0,1.2182176113128662,1.3461384773254395,1.2445426664983124,3,0,0,1,1,10,2,rmpc,rmpc,RMPC,
77382,intercepted,1,0,0,0,37,10,5.0,27,37.0,18.5,8.63606071472168,0,1.1869735198893718,1.5787336826324463,1.2825216263907562,28,0,0,26,1,37,27,rmpc,rmpc,RMPC,
77383,soldier_caught,0,1,0,0,36,11,5.5,25,,,1.59952974319458,0,1.270994592171449,1.8831559419631958,1.3733864786661918,26,0,0,24,1,36,25,rmpc,rmpc,RMPC,
77384,intercepted,1,0,0,0,110,8,4.0,102,110.0,55.0,5.5050272941589355,0,1.0469514007128558,0.6891610622406006,1.1317426015979593,103,0,0,101,1,110,102,rmpc,rmpc,RMPC,
77385,intercepted,1,0,0,0,199,14,7.0,185,199.0,99.5,3.6976656913757324,0,1.118544590048572,1.93220853805542,1.2195933310296156,186,0,0,184,1,199,185,rmpc,rmpc,RMPC,
77386,soldier_caught,0,1,0,0,92,46,23.0,46,,,1.9785839319229126,0,1.1286953510122095,0.7443954944610596,1.190173935400352,47,0,0,45,1,92,46,rmpc,rmpc,RMPC,
77387,intercepted,1,0,0,0,102,12,6.0,90,102.0,51.0,5.084410190582275,0,1.1791857078180208,2.1429495811462402,1.2518540969444165,91,0,0,89,1,102,90,rmpc,rmpc,RMPC,
77388,intercepted,1,0,0,0,40,7,3.5,33,40.0,20.0,2.605010986328125,0,1.0446157508036669,1.2126132249832153,1.1200303006463301,34,0,0,32,1,40,33,rmpc,rmpc,RMPC,
77389,intercepted,1,0,0,0,199,14,7.0,185,199.0,99.5,6.842213153839111,0,1.1114125702810544,2.358544111251831,1.20984868395851,186,0,0,184,1,199,185,rmpc,rmpc,RMPC,
77390,intercepted,1,0,0,0,337,13,6.5,324,337.0,168.5,4.730569839477539,0,1.117774449632718,0.4982260763645172,1.2049741300723424,325,0,0,323,1,337,324,rmpc,rmpc,RMPC,
77391,intercepted,1,0,0,0,46,35,17.5,11,46.0,23.0,12.395766258239746,0,1.2389891346295674,0.5801779627799988,1.3684573116646168,12,0,0,10,1,46,11,rmpc,rmpc,RMPC,
77392,intercepted,1,0,0,0,554,38,19.0,516,554.0,277.0,6.361603736877441,0,1.1399699958830323,1.4101598262786865,1.2341414711801244,517,0,0,515,1,554,516,rmpc,rmpc,RMPC,
77393,intercepted,1,0,0,0,182,7,3.5,175,182.0,91.0,3.389310359954834,0,1.0677456045523286,0.632203996181488,1.1637083632343748,176,0,0,174,1,182,175,rmpc,rmpc,RMPC,
77394,intercepted,1,0,0,0,67,17,8.5,50,67.0,33.5,6.2369818687438965,0,1.1320337781719132,0.4333329498767853,1.2055288746204238,51,0,0,49,1,67,50,rmpc,rmpc,RMPC,
77395,intercepted,1,0,0,0,281,10,5.0,271,281.0,140.5,6.216457843780518,0,1.1176974054234212,1.4111614227294922,1.221959736933681,272,0,0,270,1,281,271,rmpc,rmpc,RMPC,
77396,intercepted,1,0,0,0,371,8,4.0,363,371.0,185.5,5.227667808532715,0,1.1507917437293045,0.7664132714271545,1.246134133321636,364,0,0,362,1,371,363,rmpc,rmpc,RMPC,
77397,unsafe_intercept,0,0,1,0,11,9,4.5,2,,,2.300259828567505,0,0.9092279672622681,0.6221166849136353,0.9717664786136473,3,0,0,1,1,11,2,rmpc,rmpc,RMPC,
77398,intercepted,1,0,0,0,512,88,44.0,424,512.0,256.0,8.565834999084473,0,1.1614688940609204,0.8710755705833435,1.262511429288324,425,0,0,423,1,512,424,rmpc,rmpc,RMPC,
77399,soldier_caught,0,1,0,0,76,11,5.5,65,,,1.5201910734176636,0,1.1330533217300067,1.476270079612732,1.216401319294463,66,0,0,64,1,76,65,rmpc,rmpc,RMPC,
77400,intercepted,1,0,0,0,192,114,57.0,78,192.0,96.0,7.406688690185547,0,1.045297828278964,0.6457855701446533,1.1343153775622787,79,0,0,77,1,192,78,rmpc,rmpc,RMPC,
77401,intercepted,1,0,0,0,22,12,6.0,10,22.0,11.0,11.77122974395752,0,1.1683600707487627,1.9279536008834839,1.2339308325272136,11,0,0,9,1,22,10,rmpc,rmpc,RMPC,
77402,intercepted,1,0,0,0,308,61,30.5,247,308.0,154.0,10.496859550476074,0,1.1207380336559107,0.8313517570495605,1.2246953906002416,248,0,0,246,1,308,247,rmpc,rmpc,RMPC,
77403,intercepted,1,0,0,0,104,72,36.0,32,104.0,52.0,10.279605865478516,0,1.0426452521121863,0.6819649934768677,1.1354265418040939,33,0,0,31,1,104,32,rmpc,rmpc,RMPC,
77404,intercepted,1,0,0,0,21,16,8.0,5,21.0,10.5,14.273406028747559,0,1.3461667597293854,0.8655057549476624,1.4841730534815574,6,0,0,4,1,21,5,rmpc,rmpc,RMPC,
77405,intercepted,1,0,0,0,161,13,6.5,148,161.0,80.5,3.5639874935150146,0,1.140978135768599,0.5788261890411377,1.2651762983220765,149,0,0,147,1,161,148,rmpc,rmpc,RMPC,
77406,intercepted,1,0,0,0,152,8,4.0,144,152.0,76.0,10.318202018737793,0,1.0949685215950011,0.21347709000110626,1.1847981911327583,145,0,0,143,1,152,144,rmpc,rmpc,RMPC,
77407,intercepted,1,0,0,0,1472,12,6.0,1460,1472.0,736.0,2.171912670135498,0,1.155884850884977,0.8850242495536804,1.259751837938382,1461,0,0,1458,2,1472,1460,rmpc,rmpc,RMPC,
77408,intercepted,1,0,0,0,172,32,16.0,140,172.0,86.0,2.765195846557617,0,1.0336837462605315,0.7229340672492981,1.1227278810061596,141,0,0,139,1,172,140,rmpc,rmpc,RMPC,
77409,intercepted,1,0,0,0,294,10,5.0,284,294.0,147.0,5.260554313659668,0,1.1179821494378541,0.8973948359489441,1.2237448833780267,285,0,0,283,1,294,284,rmpc,rmpc,RMPC,
77410,intercepted,1,0,0,0,167,7,3.5,160,167.0,83.5,7.4834136962890625,0,1.1045547121244927,0.7569926977157593,1.1908575136255308,161,0,0,159,1,167,160,rmpc,rmpc,RMPC,
77411,intercepted,1,0,0,0,673,16,8.0,657,673.0,336.5,3.0625698566436768,0,1.1592676523268948,1.2324033975601196,1.2614686916590458,658,0,0,655,2,673,657,rmpc,rmpc,RMPC,
77412,intercepted,1,0,0,0,41,9,4.5,32,41.0,20.5,10.764589309692383,0,1.090840035315716,1.268410325050354,1.158754173080508,33,0,0,31,1,41,32,rmpc,rmpc,RMPC,
77413,intercepted,1,0,0,0,251,36,18.0,215,251.0,125.5,5.779116153717041,0,1.167872885518052,1.6967098712921143,1.2532518958594938,216,0,0,214,1,251,215,rmpc,rmpc,RMPC,
77414,intercepted,1,0,0,0,241,16,8.0,225,241.0,120.5,4.129948139190674,0,1.1915771960552815,2.2136735916137695,1.280133256811504,226,0,0,223,2,241,225,rmpc,rmpc,RMPC,
77415,intercepted,1,0,0,0,136,9,4.5,127,136.0,68.0,2.4232444763183594,0,1.1219514390686527,0.5946159958839417,1.199526269459876,128,0,0,126,1,136,127,rmpc,rmpc,RMPC,
77416,intercepted,1,0,0,0,26,11,5.5,15,26.0,13.0,8.633143424987793,0,1.1486299373209476,1.32323157787323,1.1964095823586414,16,0,0,14,1,26,15,rmpc,rmpc,RMPC,
77417,intercepted,1,0,0,0,1025,11,5.5,1014,1025.0,512.5,5.743556976318359,0,1.1443651047906853,1.33744478225708,1.2384473209992872,1015,0,0,1012,2,1025,1014,rmpc,rmpc,RMPC,
77418,soldier_caught,0,1,0,0,383,9,4.5,374,,,0.8321307301521301,0,1.1061122442086537,0.2700778841972351,1.2096537415868232,375,0,0,373,1,383,374,rmpc,rmpc,RMPC,
77419,soldier_caught,0,1,0,0,13,10,5.0,3,,,1.8808691501617432,0,0.9740778803825378,1.4279043674468994,1.0276063166917553,4,0,0,2,1,13,3,rmpc,rmpc,RMPC,
77420,intercepted,1,0,0,0,394,48,24.0,346,394.0,197.0,4.116021156311035,0,1.1237518635795851,0.9149950742721558,1.2153399617941554,347,0,0,345,1,394,346,rmpc,rmpc,RMPC,
77421,soldier_caught,0,1,0,0,39,10,5.0,29,,,1.8905845880508423,0,1.1753037770589192,0.9570090770721436,1.294280485339824,30,0,0,28,1,39,29,rmpc,rmpc,RMPC,
77422,intercepted,1,0,0,0,52,18,9.0,34,52.0,26.0,11.045658111572266,0,1.0162995891911644,1.0549046993255615,1.111728565110221,35,0,0,33,1,52,34,rmpc,rmpc,RMPC,
77423,intercepted,1,0,0,0,10,8,4.0,2,10.0,5.0,5.38838005065918,0,1.2379758954048157,1.5201150178909302,1.2598006659026861,3,0,0,1,1,10,2,rmpc,rmpc,RMPC,
77424,intercepted,1,0,0,0,140,19,9.5,121,140.0,70.0,2.3438704013824463,0,1.132219921614303,0.39805299043655396,1.23109007111643,122,0,0,120,1,140,121,rmpc,rmpc,RMPC,
77425,intercepted,1,0,0,0,356,8,4.0,348,356.0,178.0,3.152073621749878,0,1.1612536543419847,0.5327727198600769,1.2685409071721503,349,0,0,346,2,356,348,rmpc,rmpc,RMPC,
77426,intercepted,1,0,0,0,11,9,4.5,2,11.0,5.5,4.397998809814453,0,1.5936377048492432,2.179008960723877,1.648108202316592,3,0,0,1,1,11,2,rmpc,rmpc,RMPC,
77427,soldier_caught,0,1,0,0,460,11,5.5,449,,,1.7909026145935059,0,1.1325664503706827,1.880982756614685,1.2248841347267956,450,0,0,448,1,460,449,rmpc,rmpc,RMPC,
77428,intercepted,1,0,0,0,12,10,5.0,2,12.0,6.0,7.683737754821777,0,1.1743460496266682,1.3371224403381348,1.1906534448555395,3,0,0,1,1,12,2,rmpc,rmpc,RMPC,
77429,intercepted,1,0,0,0,353,11,5.5,342,353.0,176.5,3.8724405765533447,0,1.1471992002544875,1.0911204814910889,1.2416588101600112,343,0,0,341,1,353,342,rmpc,rmpc,RMPC,
77430,intercepted,1,0,0,0,89,17,8.5,72,89.0,44.5,2.9938814640045166,0,1.190748983866548,1.5572998523712158,1.2870535087177333,73,0,0,71,1,89,72,rmpc,rmpc,RMPC,
77431,intercepted,1,0,0,0,387,57,28.5,330,387.0,193.5,2.0085666179656982,0,1.1526706321136828,1.9355456829071045,1.2411049351809011,331,0,0,329,1,387,330,rmpc,rmpc,RMPC,
77432,intercepted,1,0,0,0,531,10,5.0,521,531.0,265.5,2.466304063796997,0,1.1638858511159018,0.6936318874359131,1.261360083055858,522,0,0,520,1,531,521,rmpc,rmpc,RMPC,
77433,intercepted,1,0,0,0,24,9,4.5,15,24.0,12.0,8.2634916305542,0,1.2256681434810162,2.512895107269287,1.3844580212809743,16,0,0,14,1,24,15,rmpc,rmpc,RMPC,
77434,soldier_caught,0,1,0,0,14,11,5.5,3,,,1.9897379875183105,0,0.7240111157298088,0.3813053071498871,0.7543067482303899,4,0,0,2,1,14,3,rmpc,rmpc,RMPC,
77435,intercepted,1,0,0,0,63,9,4.5,54,63.0,31.5,12.031362533569336,0,1.2494311462749135,0.9772236943244934,1.3177546430589218,55,0,0,53,1,63,54,rmpc,rmpc,RMPC,
77436,soldier_caught,0,1,0,0,371,13,6.5,358,,,0.9366742968559265,0,1.1695194757831462,0.9026490449905396,1.2644699665897545,359,0,0,357,1,371,358,rmpc,rmpc,RMPC,
77437,intercepted,1,0,0,0,637,12,6.0,625,637.0,318.5,3.2691798210144043,0,1.126148104727173,1.4637210369110107,1.2188828011956452,626,0,0,624,1,637,625,rmpc,rmpc,RMPC,
77438,intercepted,1,0,0,0,85,10,5.0,75,85.0,42.5,6.713765621185303,0,1.1010774887706105,0.6596848368644714,1.2004107781811972,76,0,0,74,1,85,75,rmpc,rmpc,RMPC,
77439,intercepted,1,0,0,0,513,10,5.0,503,513.0,256.5,5.757575511932373,0,1.1738143405980535,1.1536469459533691,1.2653198716740435,504,0,0,502,1,513,503,rmpc,rmpc,RMPC,
77440,intercepted,1,0,0,0,455,9,4.5,446,455.0,227.5,3.2573115825653076,0,1.1594060313048244,1.8479291200637817,1.2490183286224141,447,0,0,445,1,455,446,rmpc,rmpc,RMPC,
77441,intercepted,1,0,0,0,226,78,39.0,148,226.0,113.0,11.21277141571045,0,1.1150868710055448,0.5271790027618408,1.2116120939598984,149,0,0,147,1,226,148,rmpc,rmpc,RMPC,
77442,intercepted,1,0,0,0,16,14,7.0,2,16.0,8.0,7.362731456756592,0,1.695399324099223,2.056715488433838,1.7299280721770682,3,0,0,1,1,16,2,rmpc,rmpc,RMPC,
77443,intercepted,1,0,0,0,153,29,14.5,124,153.0,76.5,7.750518321990967,0,1.113230816602707,0.6090896725654602,1.2108386911123423,125,0,0,123,1,153,124,rmpc,rmpc,RMPC,
77444,intercepted,1,0,0,0,439,8,4.0,431,439.0,219.5,2.4092442989349365,0,1.123543331278833,1.9425657987594604,1.2158663186663865,432,0,0,429,2,439,431,rmpc,rmpc,RMPC,
77445,intercepted,1,0,0,0,303,25,12.5,278,303.0,151.5,9.891231536865234,0,1.1808412338884073,1.3518946170806885,1.2863427580147353,279,0,0,277,1,303,278,rmpc,rmpc,RMPC,
77446,intercepted,1,0,0,0,247,43,21.5,204,247.0,123.5,5.525498867034912,0,1.1661044306144481,0.1967799812555313,1.2685906002352483,205,0,0,203,1,247,204,rmpc,rmpc,RMPC,
77447,intercepted,1,0,0,0,78,18,9.0,60,78.0,39.0,10.319806098937988,0,1.144174155153212,1.2979217767715454,1.2410970169093523,61,0,0,59,1,78,60,rmpc,rmpc,RMPC,
77448,intercepted,1,0,0,0,1040,9,4.5,1031,1040.0,520.0,5.346493244171143,0,1.1180523413760486,1.044132947921753,1.2146198458220736,1032,0,0,1030,1,1040,1031,rmpc,rmpc,RMPC,
77449,intercepted,1,0,0,0,23,10,5.0,13,23.0,11.5,8.309135437011719,0,1.082861453294754,1.4520277976989746,1.1394816734545679,14,0,0,12,1,23,13,rmpc,rmpc,RMPC,
77450,soldier_caught,0,1,0,0,492,13,6.5,479,,,1.8536676168441772,0,1.1533445549818377,1.3711931705474854,1.2509118203279763,480,0,0,478,1,492,479,rmpc,rmpc,RMPC,
77451,soldier_caught,0,1,0,0,339,71,35.5,268,,,1.3481476306915283,0,1.1461487192535933,1.12987220287323,1.2375478993899403,269,0,0,267,1,339,268,rmpc,rmpc,RMPC,
77452,soldier_caught,0,1,0,0,61,11,5.5,50,,,1.1359153985977173,0,1.1405160467998654,2.127897262573242,1.2371073821737553,51,0,0,49,1,61,50,rmpc,rmpc,RMPC,
77453,intercepted,1,0,0,0,744,12,6.0,732,744.0,372.0,2.0303337574005127,0,1.134262552080831,0.9664745330810547,1.2338952650078057,733,0,0,731,1,744,732,rmpc,rmpc,RMPC,
77454,intercepted,1,0,0,0,610,12,6.0,598,610.0,305.0,6.964779853820801,0,1.1303538919888274,1.2581846714019775,1.223131738149113,599,0,0,597,1,610,598,rmpc,rmpc,RMPC,
77455,intercepted,1,0,0,0,295,8,4.0,287,295.0,147.5,3.9018261432647705,0,1.1253858006869752,0.20158134400844574,1.2232011550862216,288,0,0,286,1,295,287,rmpc,rmpc,RMPC,
77456,soldier_caught,0,1,0,0,439,13,6.5,426,,,1.2273612022399902,0,1.134060471237962,1.356271743774414,1.23408795354057,427,0,0,425,1,439,426,rmpc,rmpc,RMPC,
77457,soldier_caught,0,1,0,0,96,19,9.5,77,,,0.8688774704933167,0,1.1222386776636808,0.419595330953598,1.2281561160433692,78,0,0,76,1,96,77,rmpc,rmpc,RMPC,
77458,intercepted,1,0,0,0,88,10,5.0,78,88.0,44.0,7.641815185546875,0,1.1055236807729625,1.3207401037216187,1.2212177425552286,79,0,0,77,1,88,78,rmpc,rmpc,RMPC,
77459,intercepted,1,0,0,0,310,11,5.5,299,310.0,155.0,3.9898624420166016,0,1.1172094409664473,1.4783573150634766,1.2101581884360184,300,0,0,298,1,310,299,rmpc,rmpc,RMPC,
77460,intercepted,1,0,0,0,164,14,7.0,150,164.0,82.0,8.041692733764648,0,1.126343801913672,1.256664514541626,1.2194226761020053,151,0,0,149,1,164,150,rmpc,rmpc,RMPC,
77461,intercepted,1,0,0,0,706,12,6.0,694,706.0,353.0,2.457540512084961,0,1.1403321811621137,2.176567792892456,1.2338895717705824,695,0,0,693,1,706,694,rmpc,rmpc,RMPC,
77462,intercepted,1,0,0,0,69,31,15.5,38,69.0,34.5,9.077411651611328,0,1.307596892882616,1.8002712726593018,1.3613304929799228,39,0,0,37,1,69,38,rmpc,rmpc,RMPC,
77463,intercepted,1,0,0,0,15,13,6.5,2,15.0,7.5,4.362791061401367,0,1.0948499043782551,1.059651494026184,1.0966189672766553,3,0,0,1,1,15,2,rmpc,rmpc,RMPC,
77464,intercepted,1,0,0,0,758,13,6.5,745,758.0,379.0,3.8413431644439697,0,1.1468400634505633,0.8011860847473145,1.2432791745962062,746,0,0,744,1,758,745,rmpc,rmpc,RMPC,
77465,intercepted,1,0,0,0,197,26,13.0,171,197.0,98.5,11.187746047973633,0,1.133534634269254,1.086182713508606,1.2348113184243363,172,0,0,170,1,197,171,rmpc,rmpc,RMPC,
77466,intercepted,1,0,0,0,336,47,23.5,289,336.0,168.0,7.54620361328125,0,1.0818111344915011,0.6632856130599976,1.165794579456175,290,0,0,287,2,336,289,rmpc,rmpc,RMPC,
77467,soldier_caught,0,1,0,0,172,12,6.0,160,,,1.0112380981445312,0,1.1476167820810532,0.6595852375030518,1.2561935711545573,161,0,0,158,2,172,160,rmpc,rmpc,RMPC,
77468,intercepted,1,0,0,0,527,11,5.5,516,527.0,263.5,5.35556173324585,0,1.1354102194021012,0.22858215868473053,1.2301542082461745,517,0,0,515,1,527,516,rmpc,rmpc,RMPC,
77469,intercepted,1,0,0,0,961,12,6.0,949,961.0,480.5,2.8530991077423096,0,1.113162562611856,0.8296261429786682,1.2205519284863169,950,0,0,948,1,961,949,rmpc,rmpc,RMPC,
77470,intercepted,1,0,0,0,176,21,10.5,155,176.0,88.0,9.543876647949219,0,1.1729827937789452,1.5889194011688232,1.2738209816937773,156,0,0,154,1,176,155,rmpc,rmpc,RMPC,
77471,intercepted,1,0,0,0,87,15,7.5,72,87.0,43.5,2.6469907760620117,0,1.0477365806494674,1.2240889072418213,1.1424649352025682,73,0,0,71,1,87,72,rmpc,rmpc,RMPC,
77472,intercepted,1,0,0,0,110,14,7.0,96,110.0,55.0,3.0200138092041016,0,1.0494656376924711,1.0569288730621338,1.1464436958598583,97,0,0,95,1,110,96,rmpc,rmpc,RMPC,
77473,intercepted,1,0,0,0,523,12,6.0,511,523.0,261.5,5.1611151695251465,0,1.1318775745603489,1.4775092601776123,1.2257831685030327,512,0,0,510,1,523,511,rmpc,rmpc,RMPC,
77474,intercepted,1,0,0,0,429,19,9.5,410,429.0,214.5,4.303194999694824,0,1.0817732077880498,0.9669746160507202,1.1709895080270742,411,0,0,409,1,429,410,rmpc,rmpc,RMPC,
77475,intercepted,1,0,0,0,43,9,4.5,34,43.0,21.5,9.130929946899414,0,1.2159840745585306,0.9221838116645813,1.2979098169443777,35,0,0,33,1,43,34,rmpc,rmpc,RMPC,
77476,intercepted,1,0,0,0,52,14,7.0,38,52.0,26.0,7.7213544845581055,0,1.1061338109847827,0.6368665099143982,1.2019158071338392,39,0,0,37,1,52,38,rmpc,rmpc,RMPC,
77477,intercepted,1,0,0,0,15,13,6.5,2,15.0,7.5,6.49187707901001,0,0.6494224071502686,0.41466224193573,0.6932634151209156,3,0,0,1,1,15,2,rmpc,rmpc,RMPC,
77478,intercepted,1,0,0,0,515,8,4.0,507,515.0,257.5,7.0682196617126465,0,1.108035886058892,0.7451995611190796,1.2140946990710009,508,0,0,506,1,515,507,rmpc,rmpc,RMPC,
77479,intercepted,1,0,0,0,374,9,4.5,365,374.0,187.0,2.578819513320923,0,1.1745289641488446,1.417495608329773,1.2732535860072198,366,0,0,364,1,374,365,rmpc,rmpc,RMPC,
77480,intercepted,1,0,0,0,158,98,49.0,60,158.0,79.0,12.375917434692383,0,1.1824885196373112,1.6802096366882324,1.2824674138599186,61,0,0,59,1,158,60,rmpc,rmpc,RMPC,
77481,intercepted,1,0,0,0,165,83,41.5,82,165.0,82.5,6.280509948730469,0,1.0607091506202537,0.19213680922985077,1.1670039364054925,83,0,0,81,1,165,82,rmpc,rmpc,RMPC,
77482,unsafe_intercept,0,0,1,0,13,12,6.0,1,,,2.958881139755249,0,0.9889409840106964,1.118486762046814,0.9973897826141129,2,0,0,0,1,13,1,rmpc,rmpc,RMPC,
77483,soldier_caught,0,1,0,0,256,31,15.5,225,,,0.7360367774963379,0,1.1579393267104057,1.1070846319198608,1.2529383746845113,226,0,0,224,1,256,225,rmpc,rmpc,RMPC,
77484,intercepted,1,0,0,0,389,13,6.5,376,389.0,194.5,2.7620785236358643,0,1.1060351009236091,1.6579644680023193,1.1961489277590418,377,0,0,375,1,389,376,rmpc,rmpc,RMPC,
77485,intercepted,1,0,0,0,184,71,35.5,113,184.0,92.0,2.143134117126465,0,1.0876420589915492,0.5276408195495605,1.1830651932710452,114,0,0,112,1,184,113,rmpc,rmpc,RMPC,
77486,intercepted,1,0,0,0,41,14,7.0,27,41.0,20.5,8.637686729431152,0,1.2123752257653646,1.6784247159957886,1.3243754963227468,28,0,0,26,1,41,27,rmpc,rmpc,RMPC,
77487,unsafe_intercept,0,0,1,0,50,48,24.0,2,,,2.476677417755127,0,0.8373533089955648,0.7635534405708313,0.8460494902321346,3,0,0,1,1,50,2,rmpc,rmpc,RMPC,
77488,intercepted,1,0,0,0,18,7,3.5,11,18.0,9.0,2.5430102348327637,0,1.389745165904363,1.1950010061264038,1.4561864917315377,12,0,0,10,1,18,11,rmpc,rmpc,RMPC,
77489,soldier_caught,0,1,0,0,167,12,6.0,155,,,1.061266303062439,0,1.1824536066597853,1.2907110452651978,1.2842280347856996,156,0,0,154,1,167,155,rmpc,rmpc,RMPC,
77490,soldier_caught,0,1,0,0,187,57,28.5,130,,,1.7376717329025269,0,1.1096342153676593,1.364128828048706,1.1925217003976234,131,0,0,129,1,187,130,rmpc,rmpc,RMPC,
77491,intercepted,1,0,0,0,220,10,5.0,210,220.0,110.0,2.3315446376800537,0,1.1200030289272562,1.0764909982681274,1.2093944053083583,211,0,0,209,1,220,210,rmpc,rmpc,RMPC,
77492,intercepted,1,0,0,0,44,12,6.0,32,44.0,22.0,10.405818939208984,0,1.133387700174794,0.6300164461135864,1.2103226479529023,33,0,0,31,1,44,32,rmpc,rmpc,RMPC,
77493,intercepted,1,0,0,0,256,10,5.0,246,256.0,128.0,2.1397626399993896,0,1.0880009612211814,0.7374818921089172,1.16760425613404,247,0,0,245,1,256,246,rmpc,rmpc,RMPC,
77494,intercepted,1,0,0,0,21,10,5.0,11,21.0,10.5,3.3368418216705322,0,1.0647892927130063,0.6445360779762268,1.1662220391771334,12,0,0,10,1,21,11,rmpc,rmpc,RMPC,
77495,soldier_caught,0,1,0,0,327,20,10.0,307,,,1.003658413887024,0,1.1913780587930958,0.413480281829834,1.2963367481243875,308,0,0,306,1,327,307,rmpc,rmpc,RMPC,
77496,soldier_caught,0,1,0,0,416,62,31.0,354,,,1.1803396940231323,0,1.1043899719144257,0.9106826186180115,1.1962543255685334,355,0,0,353,1,416,354,rmpc,rmpc,RMPC,
77497,intercepted,1,0,0,0,591,9,4.5,582,591.0,295.5,8.074434280395508,0,1.096545119381687,0.2394437938928604,1.1882788294402777,583,0,0,581,1,591,582,rmpc,rmpc,RMPC,
77498,intercepted,1,0,0,0,203,52,26.0,151,203.0,101.5,7.108781814575195,0,1.1397626257844662,1.4591089487075806,1.2388092248747917,152,0,0,150,1,203,151,rmpc,rmpc,RMPC,
77499,intercepted,1,0,0,0,156,10,5.0,146,156.0,78.0,6.2762675285339355,0,1.1412007368492836,1.0956969261169434,1.2568932587327082,147,0,0,145,1,156,146,rmpc,rmpc,RMPC,
77500,intercepted,1,0,0,0,1159,13,6.5,1146,1159.0,579.5,2.910276174545288,0,1.1264555279259694,1.4069523811340332,1.2166064858662544,1147,0,0,1145,1,1159,1146,rmpc,rmpc,RMPC,
77501,intercepted,1,0,0,0,60,14,7.0,46,60.0,30.0,8.502145767211914,0,1.1861926111135077,0.9068530201911926,1.2962759582815304,47,0,0,45,1,60,46,rmpc,rmpc,RMPC,
77502,intercepted,1,0,0,0,41,9,4.5,32,41.0,20.5,9.928783416748047,0,1.2184199835314895,0.6563296914100647,1.3259886161041523,33,0,0,31,1,41,32,rmpc,rmpc,RMPC,
77503,intercepted,1,0,0,0,135,10,5.0,125,135.0,67.5,3.5088086128234863,0,1.1246737808225646,0.8728520274162292,1.233779606379128,126,0,0,124,1,135,125,rmpc,rmpc,RMPC,
77504,intercepted,1,0,0,0,398,38,19.0,360,398.0,199.0,4.283835411071777,0,1.1041905775336016,0.4330224394798279,1.2037655698749743,361,0,0,359,1,398,360,rmpc,rmpc,RMPC,
77505,soldier_caught,0,1,0,0,61,12,6.0,49,,,1.7157299518585205,0,1.0345730036497116,0.639676570892334,1.1485022482561449,50,0,0,48,1,61,49,rmpc,rmpc,RMPC,
77506,intercepted,1,0,0,0,189,9,4.5,180,189.0,94.5,3.9167604446411133,0,1.0959507894614784,1.919754147529602,1.181742309136767,181,0,0,179,1,189,180,rmpc,rmpc,RMPC,
77507,intercepted,1,0,0,0,328,9,4.5,319,328.0,164.0,5.889862537384033,0,1.1707387326750904,1.922189474105835,1.267926825861821,320,0,0,318,1,328,319,rmpc,rmpc,RMPC,
77508,intercepted,1,0,0,0,42,9,4.5,33,42.0,21.0,2.41947078704834,0,1.115109590046546,0.6723082661628723,1.228137465508591,34,0,0,32,1,42,33,rmpc,rmpc,RMPC,
77509,soldier_caught,0,1,0,0,34,8,4.0,26,,,1.5690306425094604,0,1.3196698854918834,1.663298487663269,1.4240702436370651,27,0,0,25,1,34,26,rmpc,rmpc,RMPC,
77510,intercepted,1,0,0,0,319,18,9.0,301,319.0,159.5,4.050761699676514,0,1.0796461630834648,1.107978105545044,1.1856544694146862,302,0,0,300,1,319,301,rmpc,rmpc,RMPC,
77511,intercepted,1,0,0,0,930,12,6.0,918,930.0,465.0,6.146798610687256,0,1.1320490143763486,0.665902316570282,1.2224334186261272,919,0,0,917,1,930,918,rmpc,rmpc,RMPC,
77512,intercepted,1,0,0,0,40,11,5.5,29,40.0,20.0,6.7045698165893555,0,1.0204540034135183,0.8426608443260193,1.1193792617325793,30,0,0,28,1,40,29,rmpc,rmpc,RMPC,
77513,intercepted,1,0,0,0,179,18,9.0,161,179.0,89.5,8.84229850769043,0,1.1234175501230321,2.484560012817383,1.2292554539433433,162,0,0,160,1,179,161,rmpc,rmpc,RMPC,
77514,intercepted,1,0,0,0,105,9,4.5,96,105.0,52.5,4.856700897216797,0,1.1162376280912418,0.6818295121192932,1.214701712871433,97,0,0,95,1,105,96,rmpc,rmpc,RMPC,
77515,intercepted,1,0,0,0,621,13,6.5,608,621.0,310.5,3.3375189304351807,0,1.1173065988765953,1.0712461471557617,1.2115014764128498,609,0,0,607,1,621,608,rmpc,rmpc,RMPC,
77516,intercepted,1,0,0,0,704,12,6.0,692,704.0,352.0,3.480081081390381,0,1.1563547162331027,1.1152695417404175,1.2554010818999557,693,0,0,691,1,704,692,rmpc,rmpc,RMPC,
77517,intercepted,1,0,0,0,59,9,4.5,50,59.0,29.5,4.235359191894531,0,1.1317206808165008,1.0804229974746704,1.1993675973031603,51,0,0,49,1,59,50,rmpc,rmpc,RMPC,
77518,intercepted,1,0,0,0,161,12,6.0,149,161.0,80.5,7.908143520355225,0,1.0747123964627583,1.1676900386810303,1.153195544548035,150,0,0,148,1,161,149,rmpc,rmpc,RMPC,
77519,intercepted,1,0,0,0,664,8,4.0,656,664.0,332.0,3.1544435024261475,0,1.1377404163644012,1.398668646812439,1.2322055102082103,657,0,0,655,1,664,656,rmpc,rmpc,RMPC,
77520,soldier_caught,0,1,0,0,12,10,5.0,2,,,1.3285053968429565,0,1.2194030582904816,1.6791900396347046,1.3833593318846047,3,0,0,1,1,12,2,rmpc,rmpc,RMPC,
77521,intercepted,1,0,0,0,22,11,5.5,11,22.0,11.0,5.107812881469727,0,1.2676279147466023,0.675755500793457,1.3216567933966283,12,0,0,10,1,22,11,rmpc,rmpc,RMPC,
77522,intercepted,1,0,0,0,508,9,4.5,499,508.0,254.0,4.349887847900391,0,1.1218908963948488,1.1917439699172974,1.218664648283149,500,0,0,498,1,508,499,rmpc,rmpc,RMPC,
77523,soldier_caught,0,1,0,0,527,7,3.5,520,,,1.0235663652420044,0,1.119794581764719,1.140175223350525,1.2133799551669229,521,0,0,519,1,527,520,rmpc,rmpc,RMPC,
77524,intercepted,1,0,0,0,951,15,7.5,936,951.0,475.5,6.532449722290039,0,1.1353225853520752,0.9431401491165161,1.23607891585443,937,0,0,934,2,951,936,rmpc,rmpc,RMPC,
77525,intercepted,1,0,0,0,670,12,6.0,658,670.0,335.0,5.975135326385498,0,1.143653332395691,1.3949954509735107,1.2416951379894607,659,0,0,657,1,670,658,rmpc,rmpc,RMPC,
77526,intercepted,1,0,0,0,64,12,6.0,52,64.0,32.0,2.1843485832214355,0,1.064095029009963,1.0727449655532837,1.1484636075671601,53,0,0,51,1,64,52,rmpc,rmpc,RMPC,
77527,intercepted,1,0,0,0,11,9,4.5,2,11.0,5.5,3.5188205242156982,0,0.8460113604863485,0.91964191198349,0.8978744504022195,3,0,0,1,1,11,2,rmpc,rmpc,RMPC,
77528,intercepted,1,0,0,0,332,9,4.5,323,332.0,166.0,2.1166157722473145,0,1.1169515444816631,0.7334954142570496,1.2156706041373138,324,0,0,322,1,332,323,rmpc,rmpc,RMPC,
77529,soldier_caught,0,1,0,0,531,14,7.0,517,,,1.8665595054626465,0,1.140738441116216,1.0075552463531494,1.2380482030526843,518,0,0,516,1,531,517,rmpc,rmpc,RMPC,
77530,intercepted,1,0,0,0,816,13,6.5,803,816.0,408.0,3.6643741130828857,0,1.1480274838696591,0.696193277835846,1.2488378553000539,804,0,0,802,1,816,803,rmpc,rmpc,RMPC,
77531,intercepted,1,0,0,0,133,13,6.5,120,133.0,66.5,2.274068832397461,0,1.097706194997819,0.6680641770362854,1.181925579088995,121,0,0,119,1,133,120,rmpc,rmpc,RMPC,
77532,intercepted,1,0,0,0,550,14,7.0,536,550.0,275.0,3.169983148574829,0,1.115946017663572,0.4693926274776459,1.2171779716633513,537,0,0,535,1,550,536,rmpc,rmpc,RMPC,
77533,intercepted,1,0,0,0,18,8,4.0,10,18.0,9.0,11.620890617370605,0,1.2505682652646846,0.9643023610115051,1.3171385475232467,11,0,0,9,1,18,10,rmpc,rmpc,RMPC,
77534,intercepted,1,0,0,0,26,8,4.0,18,26.0,13.0,11.869593620300293,0,1.0437758023801602,0.5605902671813965,1.1163006219018767,19,0,0,17,1,26,18,rmpc,rmpc,RMPC,
77535,intercepted,1,0,0,0,159,25,12.5,134,159.0,79.5,11.329489707946777,0,1.1614667020462177,0.5121789574623108,1.280945780957005,135,0,0,133,1,159,134,rmpc,rmpc,RMPC,
77536,intercepted,1,0,0,0,43,9,4.5,34,43.0,21.5,2.500107765197754,0,1.0469634115695954,1.4857439994812012,1.1529034821696316,35,0,0,33,1,43,34,rmpc,rmpc,RMPC,
77537,soldier_caught,0,1,0,0,42,15,7.5,27,,,1.4304089546203613,0,1.1157246891941344,1.0652190446853638,1.1740465608284603,28,0,0,26,1,42,27,rmpc,rmpc,RMPC,
77538,intercepted,1,0,0,0,167,9,4.5,158,167.0,83.5,5.837901592254639,0,1.0803593057881362,0.6437714099884033,1.1711411741402122,159,0,0,157,1,167,158,rmpc,rmpc,RMPC,
77539,intercepted,1,0,0,0,14,12,6.0,2,14.0,7.0,4.491214752197266,0,0.8506039083003998,0.49594756960868835,0.8890727874813185,3,0,0,1,1,14,2,rmpc,rmpc,RMPC,
77540,intercepted,1,0,0,0,20,11,5.5,9,20.0,10.0,3.5198729038238525,0,1.0883872509002686,0.8257197141647339,1.123195705201249,10,0,0,8,1,20,9,rmpc,rmpc,RMPC,
77541,intercepted,1,0,0,0,31,15,7.5,16,31.0,15.5,9.426648139953613,0,1.0864969491958618,0.7981148362159729,1.180398174024016,17,0,0,15,1,31,16,rmpc,rmpc,RMPC,
77542,intercepted,1,0,0,0,824,11,5.5,813,824.0,412.0,8.22881031036377,0,1.147149276327003,0.8473102450370789,1.2440359207512914,814,0,0,812,1,824,813,rmpc,rmpc,RMPC,
77543,intercepted,1,0,0,0,507,12,6.0,495,507.0,253.5,8.824880599975586,0,1.1618196628687363,1.6683086156845093,1.2614006413508496,496,0,0,494,1,507,495,rmpc,rmpc,RMPC,
77544,soldier_caught,0,1,0,0,466,67,33.5,399,,,1.025078535079956,0,1.1538070022314786,1.051366925239563,1.2513167907982696,400,0,0,398,1,466,399,rmpc,rmpc,RMPC,
77545,intercepted,1,0,0,0,559,31,15.5,528,559.0,279.5,4.234759330749512,0,1.1716854123430351,1.807854413986206,1.2714475650604053,529,0,0,527,1,559,528,rmpc,rmpc,RMPC,
77546,intercepted,1,0,0,0,114,10,5.0,104,114.0,57.0,8.765067100524902,0,1.1926246154875981,1.7958652973175049,1.2891181453922502,105,0,0,103,1,114,104,rmpc,rmpc,RMPC,
77547,intercepted,1,0,0,0,88,9,4.5,79,88.0,44.0,8.392399787902832,0,1.1801056679338218,0.7849980592727661,1.2780846927777763,80,0,0,78,1,88,79,rmpc,rmpc,RMPC,
77548,intercepted,1,0,0,0,704,28,14.0,676,704.0,352.0,5.929559707641602,0,1.116057189839013,1.145445466041565,1.2133244817950508,677,0,0,675,1,704,676,rmpc,rmpc,RMPC,
77549,intercepted,1,0,0,0,487,20,10.0,467,487.0,243.5,9.73167610168457,0,1.1349688595415564,0.929512083530426,1.2332780163515238,468,0,0,466,1,487,467,rmpc,rmpc,RMPC,
77550,unsafe_intercept,0,0,1,0,11,9,4.5,2,,,3.2715253829956055,0,0.715472936630249,0.866344690322876,0.7384686108625547,3,0,0,1,1,11,2,rmpc,rmpc,RMPC,
77551,soldier_caught,0,1,0,0,630,10,5.0,620,,,0.9860488772392273,0,1.1214879313888757,1.2717902660369873,1.2224459476066118,621,0,0,619,1,630,620,rmpc,rmpc,RMPC,
77552,intercepted,1,0,0,0,67,9,4.5,58,67.0,33.5,9.862905502319336,0,1.0963304100905436,0.9540632367134094,1.1748395655502348,59,0,0,57,1,67,58,rmpc,rmpc,RMPC,
77553,intercepted,1,0,0,0,9,7,3.5,2,9.0,4.5,4.633571624755859,0,0.8536135156949362,0.9411354064941406,0.8575248722808018,3,0,0,1,1,9,2,rmpc,rmpc,RMPC,
77554,intercepted,1,0,0,0,576,32,16.0,544,576.0,288.0,2.8242719173431396,0,1.1590493111435427,1.1978312730789185,1.2552028869743468,545,0,0,543,1,576,544,rmpc,rmpc,RMPC,
77555,intercepted,1,0,0,0,13,11,5.5,2,13.0,6.5,5.5223188400268555,0,1.4205663204193115,1.615067958831787,1.4473161893962803,3,0,0,1,1,13,2,rmpc,rmpc,RMPC,
77556,intercepted,1,0,0,0,91,19,9.5,72,91.0,45.5,10.038246154785156,0,1.0740939466512367,1.1387747526168823,1.1877588286915508,73,0,0,71,1,91,72,rmpc,rmpc,RMPC,
77557,intercepted,1,0,0,0,135,8,4.0,127,135.0,67.5,2.602210521697998,0,1.1728451957460493,1.8385201692581177,1.2783628863660856,128,0,0,126,1,135,127,rmpc,rmpc,RMPC,
77558,intercepted,1,0,0,0,49,13,6.5,36,49.0,24.5,6.907919883728027,0,1.1373058271569174,0.8951235413551331,1.2136535248137363,37,0,0,35,1,49,36,rmpc,rmpc,RMPC,
77559,intercepted,1,0,0,0,12,10,5.0,2,12.0,6.0,6.198754787445068,0,1.3888992071151733,1.1857457160949707,1.4018989181631714,3,0,0,1,1,12,2,rmpc,rmpc,RMPC,
77560,intercepted,1,0,0,0,144,34,17.0,110,144.0,72.0,3.0875651836395264,0,1.0964048817619547,0.7016556262969971,1.2125879263816326,111,0,0,109,1,144,110,rmpc,rmpc,RMPC,
77561,intercepted,1,0,0,0,102,9,4.5,93,102.0,51.0,8.75894546508789,0,1.1323741983543052,0.14010177552700043,1.2313784909253296,94,0,0,92,1,102,93,rmpc,rmpc,RMPC,
77562,intercepted,1,0,0,0,26,20,10.0,6,26.0,13.0,14.456561088562012,0,1.0856905664716447,1.5347625017166138,1.1512121724879998,7,0,0,5,1,26,6,rmpc,rmpc,RMPC,
77563,intercepted,1,0,0,0,229,12,6.0,217,229.0,114.5,11.55309009552002,0,1.10217520683457,0.20796407759189606,1.2153566021019218,218,0,0,216,1,229,217,rmpc,rmpc,RMPC,
77564,soldier_caught,0,1,0,0,345,32,16.0,313,,,1.493862509727478,0,1.131145149232096,1.4696333408355713,1.2261097314349882,314,0,0,312,1,345,313,rmpc,rmpc,RMPC,
77565,soldier_caught,0,1,0,0,567,10,5.0,557,,,0.6700311899185181,0,1.1358913847889525,1.1288893222808838,1.2238643306313974,558,0,0,556,1,567,557,rmpc,rmpc,RMPC,
77566,soldier_caught,0,1,0,0,17,15,7.5,2,,,1.430925965309143,0,1.0996432801087697,0.4959944784641266,1.1955814214948988,3,0,0,1,1,17,2,rmpc,rmpc,RMPC,
77567,intercepted,1,0,0,0,154,13,6.5,141,154.0,77.0,5.775963306427002,0,1.08495146833675,0.7485291957855225,1.1681933694996938,142,0,0,140,1,154,141,rmpc,rmpc,RMPC,
77568,soldier_caught,0,1,0,0,211,11,5.5,200,,,0.9076829552650452,0,1.1408777033437545,0.9793463945388794,1.2365849360095489,201,0,0,199,1,211,200,rmpc,rmpc,RMPC,
77569,intercepted,1,0,0,0,217,10,5.0,207,217.0,108.5,7.5208940505981445,0,1.1228686240143502,1.0154117345809937,1.2188542377574245,208,0,0,206,1,217,207,rmpc,rmpc,RMPC,
77570,intercepted,1,0,0,0,133,11,5.5,122,133.0,66.5,4.652618885040283,0,1.0878249954401962,0.9787729978561401,1.1825512632842985,123,0,0,121,1,133,122,rmpc,rmpc,RMPC,
77571,intercepted,1,0,0,0,1613,13,6.5,1600,1613.0,806.5,5.7099738121032715,0,1.1390746270657182,0.3857002258300781,1.230488828474392,1601,0,0,1598,2,1613,1600,rmpc,rmpc,RMPC,
77572,intercepted,1,0,0,0,1128,58,29.0,1070,1128.0,564.0,2.911010265350342,0,1.140462904911137,1.0460951328277588,1.2348661467015762,1071,0,0,1069,1,1128,1070,rmpc,rmpc,RMPC,
77573,intercepted,1,0,0,0,691,10,5.0,681,691.0,345.5,3.659752368927002,0,1.127473697208327,0.30154934525489807,1.2260406059591304,682,0,0,680,1,691,681,rmpc,rmpc,RMPC,
77574,intercepted,1,0,0,0,267,12,6.0,255,267.0,133.5,8.218226432800293,0,1.1551932304282673,0.20986604690551758,1.245336933149512,256,0,0,254,1,267,255,rmpc,rmpc,RMPC,
77575,intercepted,1,0,0,0,312,40,20.0,272,312.0,156.0,2.1539435386657715,0,1.104769572752081,1.3058273792266846,1.1868136427027987,273,0,0,271,1,312,272,rmpc,rmpc,RMPC,
77576,intercepted,1,0,0,0,549,8,4.0,541,549.0,274.5,2.9236583709716797,0,1.1426198050874625,0.5340561270713806,1.2439824837793114,542,0,0,539,2,549,541,rmpc,rmpc,RMPC,
77577,intercepted,1,0,0,0,275,9,4.5,266,275.0,137.5,5.5690155029296875,0,1.153420632865545,1.7012606859207153,1.2524874557092196,267,0,0,265,1,275,266,rmpc,rmpc,RMPC,
77578,intercepted,1,0,0,0,436,9,4.5,427,436.0,218.0,2.581735134124756,0,1.092382689607199,0.37897002696990967,1.19445819208941,428,0,0,426,1,436,427,rmpc,rmpc,RMPC,
77579,intercepted,1,0,0,0,159,16,8.0,143,159.0,79.5,3.7188303470611572,0,1.1642799923817317,0.9428390264511108,1.262417989437367,144,0,0,142,1,159,143,rmpc,rmpc,RMPC,
77580,soldier_caught,0,1,0,0,245,8,4.0,237,,,0.87486332654953,0,1.1513846728543775,0.7647638916969299,1.2512358600744526,238,0,0,236,1,245,237,rmpc,rmpc,RMPC,
77581,intercepted,1,0,0,0,1019,9,4.5,1010,1019.0,509.5,3.4848759174346924,0,1.1339760398681982,1.4574116468429565,1.2335783815743668,1011,0,0,1009,1,1019,1010,rmpc,rmpc,RMPC,
77582,intercepted,1,0,0,0,104,30,15.0,74,104.0,52.0,8.140363693237305,0,1.142697096268336,1.6237480640411377,1.2439813402108557,75,0,0,72,2,104,74,rmpc,rmpc,RMPC,
77583,intercepted,1,0,0,0,55,22,11.0,33,55.0,27.5,6.586644172668457,0,1.159822016954422,0.8654146790504456,1.2443501185230859,34,0,0,32,1,55,33,rmpc,rmpc,RMPC,
77584,intercepted,1,0,0,0,304,10,5.0,294,304.0,152.0,3.101828098297119,0,1.0975751400246458,1.1501256227493286,1.1808002918594527,295,0,0,293,1,304,294,rmpc,rmpc,RMPC,
77585,intercepted,1,0,0,0,16,14,7.0,2,16.0,8.0,4.429702281951904,0,0.8107632398605347,0.6258440613746643,0.8235198707889819,3,0,0,1,1,16,2,rmpc,rmpc,RMPC,
77586,intercepted,1,0,0,0,50,9,4.5,41,50.0,25.0,5.933798313140869,0,1.1115000276338487,2.3303143978118896,1.2164962618887645,42,0,0,40,1,50,41,rmpc,rmpc,RMPC,
77587,intercepted,1,0,0,0,11,9,4.5,2,11.0,5.5,5.818957805633545,0,0.7717514832814535,0.7714477777481079,0.8991120702577776,3,0,0,1,1,11,2,rmpc,rmpc,RMPC,
77588,intercepted,1,0,0,0,133,11,5.5,122,133.0,66.5,4.513392448425293,0,1.142943469489493,1.8503597974777222,1.2391223991454188,123,0,0,121,1,133,122,rmpc,rmpc,RMPC,
77589,intercepted,1,0,0,0,201,18,9.0,183,201.0,100.5,5.935070037841797,0,1.141581432165011,1.168305516242981,1.2254175713917494,184,0,0,182,1,201,183,rmpc,rmpc,RMPC,
77590,intercepted,1,0,0,0,232,11,5.5,221,232.0,116.0,8.076415061950684,0,1.1920522286279782,1.3264175653457642,1.298394979238624,222,0,0,220,1,232,221,rmpc,rmpc,RMPC,
77591,intercepted,1,0,0,0,20,8,4.0,12,20.0,10.0,3.347191333770752,0,1.1599094615532801,1.1572232246398926,1.3189478777694563,13,0,0,11,1,20,12,rmpc,rmpc,RMPC,
77592,intercepted,1,0,0,0,480,51,25.5,429,480.0,240.0,2.8480277061462402,0,1.1420734004572382,0.9161912202835083,1.239615014604311,430,0,0,428,1,480,429,rmpc,rmpc,RMPC,
77593,intercepted,1,0,0,0,36,11,5.5,25,36.0,18.0,4.67933988571167,0,0.9672417331200379,1.2008763551712036,1.0317996752651681,26,0,0,24,1,36,25,rmpc,rmpc,RMPC,
77594,intercepted,1,0,0,0,11,9,4.5,2,11.0,5.5,4.667594909667969,0,1.5245852867762248,2.1609833240509033,1.6387938482128417,3,0,0,1,1,11,2,rmpc,rmpc,RMPC,
77595,intercepted,1,0,0,0,141,10,5.0,131,141.0,70.5,4.162119388580322,0,1.1685266070293658,1.8952714204788208,1.2849766461798848,132,0,0,130,1,141,131,rmpc,rmpc,RMPC,
77596,soldier_caught,0,1,0,0,127,38,19.0,89,,,1.2001010179519653,0,1.114385146730476,0.6334810853004456,1.2143334058755182,90,0,0,88,1,127,89,rmpc,rmpc,RMPC,
77597,intercepted,1,0,0,0,823,10,5.0,813,823.0,411.5,2.571362257003784,0,1.1557741330099047,0.4213334619998932,1.2509635507793966,814,0,0,812,1,823,813,rmpc,rmpc,RMPC,
77598,intercepted,1,0,0,0,108,72,36.0,36,108.0,54.0,10.72145938873291,0,1.174724667458921,1.200745701789856,1.259177190099931,37,0,0,35,1,108,36,rmpc,rmpc,RMPC,
77599,soldier_caught,0,1,0,0,701,14,7.0,687,,,1.9087533950805664,0,1.1250892871081135,1.3872660398483276,1.217603946694016,688,0,0,686,1,701,687,rmpc,rmpc,RMPC,
77600,soldier_caught,0,1,0,0,406,40,20.0,366,,,1.8525516986846924,0,1.13941173107244,0.8824307918548584,1.2388413057585432,367,0,0,365,1,406,366,rmpc,rmpc,RMPC,
77601,intercepted,1,0,0,0,230,16,8.0,214,230.0,115.0,5.443397521972656,0,1.151323714575102,1.2126247882843018,1.2580217189814868,215,0,0,213,1,230,214,rmpc,rmpc,RMPC,
77602,soldier_caught,0,1,0,0,318,27,13.5,291,,,1.9082238674163818,0,1.1581190427994892,1.1834943294525146,1.252830471066843,292,0,0,290,1,318,291,rmpc,rmpc,RMPC,
77603,intercepted,1,0,0,0,225,9,4.5,216,225.0,112.5,3.9376885890960693,0,1.1372090876789136,1.262845754623413,1.222054342628204,217,0,0,215,1,225,216,rmpc,rmpc,RMPC,
77604,intercepted,1,0,0,0,113,31,15.5,82,113.0,56.5,2.753882884979248,0,1.0843714913689946,0.9549521803855896,1.1780562002534773,83,0,0,81,1,113,82,rmpc,rmpc,RMPC,
77605,intercepted,1,0,0,0,96,45,22.5,51,96.0,48.0,10.793374061584473,0,1.1844647841957898,1.3929558992385864,1.2983989698234688,52,0,0,50,1,96,51,rmpc,rmpc,RMPC,
77606,intercepted,1,0,0,0,47,11,5.5,36,47.0,23.5,4.9313273429870605,0,1.155747049966374,1.8594722747802734,1.2526887296762035,37,0,0,35,1,47,36,rmpc,rmpc,RMPC,
77607,intercepted,1,0,0,0,43,9,4.5,34,43.0,21.5,3.3943564891815186,0,1.1585594245365687,1.2318178415298462,1.2736078729038334,35,0,0,33,1,43,34,rmpc,rmpc,RMPC,
77608,intercepted,1,0,0,0,74,10,5.0,64,74.0,37.0,6.083683013916016,0,1.0562454296992376,1.234782338142395,1.1430042794879236,65,0,0,63,1,74,64,rmpc,rmpc,RMPC,
77609,intercepted,1,0,0,0,68,10,5.0,58,68.0,34.0,7.091814041137695,0,1.1722400082369981,1.1518956422805786,1.2481062050434948,59,0,0,57,1,68,58,rmpc,rmpc,RMPC,
77610,intercepted,1,0,0,0,698,9,4.5,689,698.0,349.0,6.706814765930176,0,1.1066980521208134,0.5542058348655701,1.2060702233024143,690,0,0,687,2,698,689,rmpc,rmpc,RMPC,
77611,intercepted,1,0,0,0,214,8,4.0,206,214.0,107.0,4.702753067016602,0,1.0958568030869327,1.2946723699569702,1.1905644595130813,207,0,0,205,1,214,206,rmpc,rmpc,RMPC,
77612,intercepted,1,0,0,0,69,8,4.0,61,69.0,34.5,3.8943395614624023,0,1.2457711826409064,0.911065936088562,1.3310258623723896,62,0,0,60,1,69,61,rmpc,rmpc,RMPC,
77613,intercepted,1,0,0,0,17,8,4.0,9,17.0,8.5,13.226924896240234,0,1.1625076442956925,1.8509622812271118,1.299393910157632,10,0,0,8,1,17,9,rmpc,rmpc,RMPC,
77614,intercepted,1,0,0,0,456,21,10.5,435,456.0,228.0,4.0710062980651855,0,1.1189959656207933,1.4382977485656738,1.2177789437702877,436,0,0,434,1,456,435,rmpc,rmpc,RMPC,
77615,intercepted,1,0,0,0,254,64,32.0,190,254.0,127.0,5.064065456390381,0,1.1235917003835059,1.008034586906433,1.215357287276875,191,0,0,189,1,254,190,rmpc,rmpc,RMPC,
77616,intercepted,1,0,0,0,489,16,8.0,473,489.0,244.5,2.607337236404419,0,1.1008525729053633,0.6093838810920715,1.2035558891303695,474,0,0,472,1,489,473,rmpc,rmpc,RMPC,
77617,intercepted,1,0,0,0,175,123,61.5,52,175.0,87.5,2.4631919860839844,0,1.1362898881142993,1.2211053371429443,1.2107610630820174,53,0,0,51,1,175,52,rmpc,rmpc,RMPC,
77618,intercepted,1,0,0,0,804,35,17.5,769,804.0,402.0,2.1712043285369873,0,1.1346796924901472,1.1249481439590454,1.2373068906018245,770,0,0,768,1,804,769,rmpc,rmpc,RMPC,
77619,intercepted,1,0,0,0,46,12,6.0,34,46.0,23.0,6.219171047210693,0,1.1261590932096754,1.154601812362671,1.2720422298382483,35,0,0,33,1,46,34,rmpc,rmpc,RMPC,
77620,intercepted,1,0,0,0,19,8,4.0,11,19.0,9.5,6.331905364990234,0,1.1225076913833618,1.2836763858795166,1.1808777849702838,12,0,0,10,1,19,11,rmpc,rmpc,RMPC,
77621,unsafe_intercept,0,0,1,0,12,10,5.0,2,,,2.1119232177734375,0,1.2685537338256836,1.1046723127365112,1.2739103353162147,3,0,0,1,1,12,2,rmpc,rmpc,RMPC,
77622,intercepted,1,0,0,0,11,9,4.5,2,11.0,5.5,4.56026554107666,0,1.13887886206309,1.1986620426177979,1.1402621131228625,3,0,0,1,1,11,2,rmpc,rmpc,RMPC,
77623,intercepted,1,0,0,0,794,7,3.5,787,794.0,397.0,3.0052785873413086,0,1.1143589064970536,1.0389710664749146,1.2077841468367452,788,0,0,786,1,794,787,rmpc,rmpc,RMPC,
77624,intercepted,1,0,0,0,647,15,7.5,632,647.0,323.5,6.267840385437012,0,1.130015150077441,0.9922846555709839,1.2359335593414258,633,0,0,631,1,647,632,rmpc,rmpc,RMPC,
77625,soldier_caught,0,1,0,0,268,14,7.0,254,,,1.8430267572402954,0,1.096148382244157,0.4057025611400604,1.1941965675131643,255,0,0,253,1,268,254,rmpc,rmpc,RMPC,
77626,intercepted,1,0,0,0,112,19,9.5,93,112.0,56.0,10.862887382507324,0,1.1295764267127564,0.21989111602306366,1.2388139222393557,94,0,0,92,1,112,93,rmpc,rmpc,RMPC,
77627,intercepted,1,0,0,0,156,11,5.5,145,156.0,78.0,9.705513000488281,0,1.136543888547649,1.3165284395217896,1.2495880636521022,146,0,0,144,1,156,145,rmpc,rmpc,RMPC,
77628,intercepted,1,0,0,0,478,11,5.5,467,478.0,239.0,6.1864800453186035,0,1.1420130331514993,0.9203774929046631,1.2352906952036844,468,0,0,466,1,478,467,rmpc,rmpc,RMPC,
77629,intercepted,1,0,0,0,458,24,12.0,434,458.0,229.0,3.0042307376861572,0,1.1099262368747558,1.7669017314910889,1.2034337056422453,435,0,0,433,1,458,434,rmpc,rmpc,RMPC,
77630,intercepted,1,0,0,0,379,49,24.5,330,379.0,189.5,2.647692918777466,0,1.1107904222706653,0.6530183553695679,1.2145484827906532,331,0,0,329,1,379,330,rmpc,rmpc,RMPC,
77631,intercepted,1,0,0,0,420,13,6.5,407,420.0,210.0,2.461787700653076,0,1.1201724279306682,1.1951113939285278,1.2241986753730174,408,0,0,406,1,420,407,rmpc,rmpc,RMPC,
77632,intercepted,1,0,0,0,84,59,29.5,25,84.0,42.0,11.093218803405762,0,1.0390406250953674,1.4355406761169434,1.1294743030219805,26,0,0,24,1,84,25,rmpc,rmpc,RMPC,
77633,intercepted,1,0,0,0,97,9,4.5,88,97.0,48.5,4.433953762054443,0,1.216498567482059,0.4096727967262268,1.3424618361759793,89,0,0,87,1,97,88,rmpc,rmpc,RMPC,
77634,intercepted,1,0,0,0,268,7,3.5,261,268.0,134.0,10.44509220123291,0,1.1400126134621278,1.7061432600021362,1.2347572939785532,262,0,0,260,1,268,261,rmpc,rmpc,RMPC,
77635,soldier_caught,0,1,0,0,410,9,4.5,401,,,1.393949270248413,0,1.139389588279807,0.6281018853187561,1.2362469847466913,402,0,0,400,1,410,401,rmpc,rmpc,RMPC,
77636,intercepted,1,0,0,0,155,14,7.0,141,155.0,77.5,4.468689441680908,0,1.0912163089436124,0.5970970392227173,1.190386051247335,142,0,0,140,1,155,141,rmpc,rmpc,RMPC,
77637,intercepted,1,0,0,0,705,11,5.5,694,705.0,352.5,2.5793168544769287,0,1.1365235871548276,0.9776961207389832,1.2260106146194722,695,0,0,693,1,705,694,rmpc,rmpc,RMPC,
77638,intercepted,1,0,0,0,72,11,5.5,61,72.0,36.0,4.377676963806152,0,1.1539456019959142,0.9063733220100403,1.232560757785854,62,0,0,60,1,72,61,rmpc,rmpc,RMPC,
77639,intercepted,1,0,0,0,116,11,5.5,105,116.0,58.0,7.987323760986328,0,1.1351505544669223,0.304074227809906,1.2438949648808233,106,0,0,104,1,116,105,rmpc,rmpc,RMPC,
77640,intercepted,1,0,0,0,443,14,7.0,429,443.0,221.5,6.69352388381958,0,1.157676774505959,1.2056920528411865,1.2521722196643252,430,0,0,428,1,443,429,rmpc,rmpc,RMPC,
77641,intercepted,1,0,0,0,568,10,5.0,558,568.0,284.0,3.9918711185455322,0,1.1180802349980807,1.5375452041625977,1.2083642611356924,559,0,0,557,1,568,558,rmpc,rmpc,RMPC,
77642,intercepted,1,0,0,0,546,11,5.5,535,546.0,273.0,5.187788963317871,0,1.1305555882238185,1.2286821603775024,1.2188599952188917,536,0,0,533,2,546,535,rmpc,rmpc,RMPC,
77643,intercepted,1,0,0,0,841,9,4.5,832,841.0,420.5,2.8107454776763916,0,1.1283377391182217,1.093738079071045,1.2265200539382761,833,0,0,831,1,841,832,rmpc,rmpc,RMPC,
77644,intercepted,1,0,0,0,428,26,13.0,402,428.0,214.0,7.604555130004883,0,1.1452611827894712,0.782869279384613,1.242352837497033,403,0,0,401,1,428,402,rmpc,rmpc,RMPC,
77645,intercepted,1,0,0,0,506,9,4.5,497,506.0,253.0,3.937128782272339,0,1.14044902888482,0.5938740968704224,1.2355687876672932,498,0,0,496,1,506,497,rmpc,rmpc,RMPC,
77646,intercepted,1,0,0,0,216,10,5.0,206,216.0,108.0,4.395488739013672,0,1.1378032291568996,1.2722302675247192,1.234248081401972,207,0,0,205,1,216,206,rmpc,rmpc,RMPC,
77647,soldier_caught,0,1,0,0,673,13,6.5,660,,,1.108656644821167,0,1.1278761407859206,0.2664831280708313,1.2194131436579991,661,0,0,659,1,673,660,rmpc,rmpc,RMPC,
77648,intercepted,1,0,0,0,91,9,4.5,82,91.0,45.5,3.4080216884613037,0,1.1525901859424201,2.434696912765503,1.242699835758192,83,0,0,81,1,91,82,rmpc,rmpc,RMPC,
77649,unsafe_intercept,0,0,1,0,14,12,6.0,2,,,3.169140100479126,0,1.4397008220354717,1.6231567859649658,1.589625363533629,3,0,0,1,1,14,2,rmpc,rmpc,RMPC,
77650,intercepted,1,0,0,0,220,11,5.5,209,220.0,110.0,8.172284126281738,0,1.1321521706879139,0.9272592067718506,1.2410083541213803,210,0,0,207,2,220,209,rmpc,rmpc,RMPC,
77651,soldier_caught,0,1,0,0,338,15,7.5,323,,,1.056776762008667,0,1.1684755121392232,0.969472348690033,1.26138602636989,324,0,0,322,1,338,323,rmpc,rmpc,RMPC,
77652,intercepted,1,0,0,0,20,10,5.0,10,20.0,10.0,2.235753059387207,0,0.9521299519322135,1.2552709579467773,1.024823444502452,11,0,0,9,1,20,10,rmpc,rmpc,RMPC,
77653,intercepted,1,0,0,0,117,16,8.0,101,117.0,58.5,4.217711925506592,0,1.1570342977841694,0.6498579382896423,1.2593131438230376,102,0,0,100,1,117,101,rmpc,rmpc,RMPC,
77654,intercepted,1,0,0,0,809,13,6.5,796,809.0,404.5,2.4385945796966553,0,1.1668095242213388,1.2123953104019165,1.2634433004818402,797,0,0,795,1,809,796,rmpc,rmpc,RMPC,
77655,soldier_caught,0,1,0,0,138,8,4.0,130,,,0.14946338534355164,0,1.186067421927707,0.6174936294555664,1.273002577362241,131,0,0,129,1,138,130,rmpc,rmpc,RMPC,
77656,intercepted,1,0,0,0,627,12,6.0,615,627.0,313.5,7.083773612976074,0,1.1325859344600664,1.5399552583694458,1.2381482730529962,616,0,0,614,1,627,615,rmpc,rmpc,RMPC,
77657,soldier_caught,0,1,0,0,60,12,6.0,48,,,1.8314168453216553,0,1.0534002847817479,0.994694709777832,1.126570674783794,49,0,0,47,1,60,48,rmpc,rmpc,RMPC,
77658,intercepted,1,0,0,0,41,8,4.0,33,41.0,20.5,4.891796588897705,0,0.9811631353462443,0.7785148024559021,1.0556260702783526,34,0,0,32,1,41,33,rmpc,rmpc,RMPC,
77659,intercepted,1,0,0,0,165,7,3.5,158,165.0,82.5,7.211746692657471,0,1.1092514081758522,0.7929366827011108,1.2103813578179468,159,0,0,157,1,165,158,rmpc,rmpc,RMPC,
77660,intercepted,1,0,0,0,24,11,5.5,13,24.0,12.0,7.197619438171387,0,1.1349540863718306,1.9254825115203857,1.2318496279800661,14,0,0,12,1,24,13,rmpc,rmpc,RMPC,
77661,intercepted,1,0,0,0,329,11,5.5,318,329.0,164.5,4.446660041809082,0,1.1668433007845498,0.8570628762245178,1.2695962100403544,319,0,0,317,1,329,318,rmpc,rmpc,RMPC,
77662,soldier_caught,0,1,0,0,311,10,5.0,301,,,1.6520909070968628,0,1.1674484927824,1.651663899421692,1.259496371608631,302,0,0,300,1,311,301,rmpc,rmpc,RMPC,
77663,intercepted,1,0,0,0,44,8,4.0,36,44.0,22.0,6.158750534057617,0,1.2021536512954816,1.3093901872634888,1.2968145488551326,37,0,0,35,1,44,36,rmpc,rmpc,RMPC,
77664,intercepted,1,0,0,0,414,9,4.5,405,414.0,207.0,7.058505058288574,0,1.117957319238503,1.2818573713302612,1.2010123427181323,406,0,0,404,1,414,405,rmpc,rmpc,RMPC,
77665,intercepted,1,0,0,0,238,20,10.0,218,238.0,119.0,2.435471534729004,0,1.1129649806784712,1.6006113290786743,1.2049499571868818,219,0,0,217,1,238,218,rmpc,rmpc,RMPC,
77666,intercepted,1,0,0,0,338,16,8.0,322,338.0,169.0,10.952086448669434,0,1.0642913324821843,0.43945327401161194,1.1483887323446567,323,0,0,321,1,338,322,rmpc,rmpc,RMPC,
77667,intercepted,1,0,0,0,351,12,6.0,339,351.0,175.5,8.185446739196777,0,1.1134734997854514,0.9714002013206482,1.190431517409361,340,0,0,338,1,351,339,rmpc,rmpc,RMPC,
77668,intercepted,1,0,0,0,59,13,6.5,46,59.0,29.5,8.78293228149414,0,1.044893113222528,1.8784970045089722,1.1233574838463836,47,0,0,45,1,59,46,rmpc,rmpc,RMPC,
77669,intercepted,1,0,0,0,251,10,5.0,241,251.0,125.5,7.43425178527832,0,1.121044227099123,1.151134729385376,1.2058770786251878,242,0,0,240,1,251,241,rmpc,rmpc,RMPC,
77670,intercepted,1,0,0,0,255,9,4.5,246,255.0,127.5,5.595235824584961,0,1.136299107118174,1.1421318054199219,1.23478700483952,247,0,0,245,1,255,246,rmpc,rmpc,RMPC,
77671,intercepted,1,0,0,0,14,12,6.0,2,14.0,7.0,4.172885417938232,0,1.1633720993995667,1.0669361352920532,1.2173831683976748,3,0,0,1,1,14,2,rmpc,rmpc,RMPC,
77672,intercepted,1,0,0,0,161,30,15.0,131,161.0,80.5,3.377548933029175,0,1.1131089394065468,0.5301573872566223,1.1972531617865605,132,0,0,130,1,161,131,rmpc,rmpc,RMPC,
77673,intercepted,1,0,0,0,432,11,5.5,421,432.0,216.0,7.524467468261719,0,1.1588210458227244,0.859014093875885,1.2556923531856092,422,0,0,420,1,432,421,rmpc,rmpc,RMPC,
77674,soldier_caught,0,1,0,0,246,8,4.0,238,,,0.7825000882148743,0,1.13384136040091,1.1101387739181519,1.2177253413775302,239,0,0,237,1,246,238,rmpc,rmpc,RMPC,
77675,intercepted,1,0,0,0,81,13,6.5,68,81.0,40.5,8.344454765319824,0,1.23016725761303,1.0830063819885254,1.3242247826610678,69,0,0,67,1,81,68,rmpc,rmpc,RMPC,
77676,soldier_caught,0,1,0,0,10,8,4.0,2,,,1.8632876873016357,0,1.2782411575317383,1.6496278047561646,1.3218373717790333,3,0,0,1,1,10,2,rmpc,rmpc,RMPC,
77677,soldier_caught,0,1,0,0,239,11,5.5,228,,,0.6209056973457336,0,1.0792081065183123,1.0979771614074707,1.1681210675113896,229,0,0,227,1,239,228,rmpc,rmpc,RMPC,
77678,intercepted,1,0,0,0,1079,11,5.5,1068,1079.0,539.5,4.524899959564209,0,1.1208122179846098,1.2543035745620728,1.218491644619387,1069,0,0,1067,1,1079,1068,rmpc,rmpc,RMPC,
77679,intercepted,1,0,0,0,25,11,5.5,14,25.0,12.5,6.660369396209717,0,1.1173326532046,1.320032000541687,1.2491141893834035,15,0,0,13,1,25,14,rmpc,rmpc,RMPC,
77680,intercepted,1,0,0,0,562,9,4.5,553,562.0,281.0,2.705646276473999,0,1.1046997781990884,1.3191428184509277,1.2003246770653726,554,0,0,552,1,562,553,rmpc,rmpc,RMPC,
77681,intercepted,1,0,0,0,145,33,16.5,112,145.0,72.5,2.6776492595672607,0,1.182161894519772,1.051692008972168,1.28288879831613,113,0,0,111,1,145,112,rmpc,rmpc,RMPC,
77682,intercepted,1,0,0,0,1202,11,5.5,1191,1202.0,601.0,2.6141462326049805,0,1.1448459467794372,1.8670388460159302,1.2459533247155694,1192,0,0,1190,1,1202,1191,rmpc,rmpc,RMPC,
77683,intercepted,1,0,0,0,443,9,4.5,434,443.0,221.5,4.375597953796387,0,1.0989161453712946,1.4900254011154175,1.197058499952073,435,0,0,433,1,443,434,rmpc,rmpc,RMPC,
77684,intercepted,1,0,0,0,11,9,4.5,2,11.0,5.5,3.614274024963379,0,0.8674769004185995,1.0682133436203003,0.923466731666179,3,0,0,1,1,11,2,rmpc,rmpc,RMPC,
77685,intercepted,1,0,0,0,414,11,5.5,403,414.0,207.0,4.463243007659912,0,1.1327994146411962,1.4814947843551636,1.224987894570752,404,0,0,402,1,414,403,rmpc,rmpc,RMPC,
77686,intercepted,1,0,0,0,94,11,5.5,83,94.0,47.0,6.697068214416504,0,1.1307092481071042,1.3986434936523438,1.217117728341567,84,0,0,82,1,94,83,rmpc,rmpc,RMPC,
77687,intercepted,1,0,0,0,68,12,6.0,56,68.0,34.0,11.024670600891113,0,1.1913182578588788,0.89551842212677,1.2871808008960197,57,0,0,55,1,68,56,rmpc,rmpc,RMPC,
77688,intercepted,1,0,0,0,43,8,4.0,35,43.0,21.5,3.629058837890625,0,1.159332662820816,0.7563074231147766,1.2507674942346085,36,0,0,34,1,43,35,rmpc,rmpc,RMPC,
77689,intercepted,1,0,0,0,385,13,6.5,372,385.0,192.5,6.798551082611084,0,1.1422604832588508,1.0981563329696655,1.240978550731105,373,0,0,369,3,385,372,rmpc,rmpc,RMPC,
77690,intercepted,1,0,0,0,47,12,6.0,35,47.0,23.5,5.404818534851074,0,1.1673930349449317,1.659563422203064,1.2744983612423744,36,0,0,34,1,47,35,rmpc,rmpc,RMPC,
77691,intercepted,1,0,0,0,758,11,5.5,747,758.0,379.0,3.3083736896514893,0,1.1330012703603283,0.9981890916824341,1.2258039930895326,748,0,0,746,1,758,747,rmpc,rmpc,RMPC,
77692,soldier_caught,0,1,0,0,499,13,6.5,486,,,1.4184327125549316,0,1.0999460411956055,0.8834755420684814,1.1938291556012792,487,0,0,485,1,499,486,rmpc,rmpc,RMPC,
77693,intercepted,1,0,0,0,312,11,5.5,301,312.0,156.0,3.6462275981903076,0,1.0907864613298155,1.3483655452728271,1.1839429559113208,302,0,0,300,1,312,301,rmpc,rmpc,RMPC,
77694,intercepted,1,0,0,0,89,10,5.0,79,89.0,44.5,2.732842206954956,0,1.1442900961264968,0.9579994678497314,1.2279683019115775,80,0,0,78,1,89,79,rmpc,rmpc,RMPC,
77695,soldier_caught,0,1,0,0,666,9,4.5,657,,,1.1701756715774536,0,1.1298609254570355,1.4768270254135132,1.2319077931927542,658,0,0,655,2,666,657,rmpc,rmpc,RMPC,
77696,intercepted,1,0,0,0,351,7,3.5,344,351.0,175.5,9.633784294128418,0,1.118259383932404,1.7359977960586548,1.2227607462967842,345,0,0,343,1,351,344,rmpc,rmpc,RMPC,
77697,intercepted,1,0,0,0,11,9,4.5,2,11.0,5.5,4.459903717041016,0,1.0319073398907979,0.9591811299324036,1.047064736613755,3,0,0,1,1,11,2,rmpc,rmpc,RMPC,
77698,soldier_caught,0,1,0,0,32,8,4.0,24,,,1.3519024848937988,0,0.9720174419879913,1.0343451499938965,1.1003033723533375,25,0,0,23,1,32,24,rmpc,rmpc,RMPC,
77699,soldier_caught,0,1,0,0,227,39,19.5,188,,,1.9760372638702393,0,1.1219694239910318,1.6476891040802002,1.2244596701575334,189,0,0,187,1,227,188,rmpc,rmpc,RMPC,
77700,intercepted,1,0,0,0,336,65,32.5,271,336.0,168.0,4.28488826751709,0,1.1250206544063985,1.140243649482727,1.2168068893374069,272,0,0,270,1,336,271,rmpc,rmpc,RMPC,
77701,intercepted,1,0,0,0,88,16,8.0,72,88.0,44.0,3.3709237575531006,0,1.1648736020473585,1.1193820238113403,1.2664682143900194,73,0,0,71,1,88,72,rmpc,rmpc,RMPC,
77702,intercepted,1,0,0,0,368,12,6.0,356,368.0,184.0,5.317962169647217,0,1.1623506492175977,1.4920917749404907,1.2553187013791476,357,0,0,355,1,368,356,rmpc,rmpc,RMPC,
77703,intercepted,1,0,0,0,291,14,7.0,277,291.0,145.5,2.6956565380096436,0,1.1030321143192352,2.2181220054626465,1.1891004317459353,278,0,0,276,1,291,277,rmpc,rmpc,RMPC,
77704,soldier_caught,0,1,0,0,423,21,10.5,402,,,1.6706150770187378,0,1.0930118003199178,0.42182278633117676,1.2044169995071787,403,0,0,401,1,423,402,rmpc,rmpc,RMPC,
77705,intercepted,1,0,0,0,83,11,5.5,72,83.0,41.5,11.30429458618164,0,1.0547847360984919,0.6504636406898499,1.1784258599762212,73,0,0,70,2,83,72,rmpc,rmpc,RMPC,
77706,intercepted,1,0,0,0,620,36,18.0,584,620.0,310.0,3.9738900661468506,0,1.1119224828023178,1.0679062604904175,1.2125220130985312,585,0,0,583,1,620,584,rmpc,rmpc,RMPC,
77707,intercepted,1,0,0,0,326,41,20.5,285,326.0,163.0,5.011447429656982,0,1.1723279148548633,1.4472535848617554,1.2572946805670064,286,0,0,284,1,326,285,rmpc,rmpc,RMPC,
77708,intercepted,1,0,0,0,36,22,11.0,14,36.0,18.0,9.448749542236328,0,0.9943048318227132,1.2992644309997559,1.0634561468149804,15,0,0,13,1,36,14,rmpc,rmpc,RMPC,
77709,soldier_caught,0,1,0,0,148,8,4.0,140,,,1.8992173671722412,0,1.1718099341324881,1.3172475099563599,1.2569501506975724,141,0,0,139,1,148,140,rmpc,rmpc,RMPC,
77710,intercepted,1,0,0,0,495,8,4.0,487,495.0,247.5,4.292536735534668,0,1.13019740957095,1.2472352981567383,1.2386901324244857,488,0,0,485,2,495,487,rmpc,rmpc,RMPC,
77711,intercepted,1,0,0,0,1161,14,7.0,1147,1161.0,580.5,2.436105489730835,0,1.1467186789764967,0.8263867497444153,1.243444833839652,1148,0,0,1146,1,1161,1147,rmpc,rmpc,RMPC,
77712,intercepted,1,0,0,0,309,52,26.0,257,309.0,154.5,4.336805820465088,0,1.1232430654209713,0.9513585567474365,1.2269694567977176,258,0,0,256,1,309,257,rmpc,rmpc,RMPC,
77713,intercepted,1,0,0,0,19,9,4.5,10,19.0,9.5,5.38552188873291,0,1.4227836728096008,2.0665175914764404,1.4939602070296558,11,0,0,9,1,19,10,rmpc,rmpc,RMPC,
77714,intercepted,1,0,0,0,92,9,4.5,83,92.0,46.0,2.560800313949585,0,1.1371930791508584,1.8839924335479736,1.2195226663810195,84,0,0,82,1,92,83,rmpc,rmpc,RMPC,
77715,soldier_caught,0,1,0,0,42,10,5.0,32,,,1.744092345237732,0,1.1196798311941552,0.3404274880886078,1.2095739230710285,33,0,0,31,1,42,32,rmpc,rmpc,RMPC,
77716,intercepted,1,0,0,0,139,18,9.0,121,139.0,69.5,3.950868606567383,0,1.0938635638258496,1.7456878423690796,1.2144127638699813,122,0,0,120,1,139,121,rmpc,rmpc,RMPC,
77717,intercepted,1,0,0,0,44,12,6.0,32,44.0,22.0,3.772594928741455,0,1.0571926687702988,0.739874541759491,1.154886688394344,33,0,0,31,1,44,32,rmpc,rmpc,RMPC,
77718,intercepted,1,0,0,0,257,24,12.0,233,257.0,128.5,3.635263681411743,0,1.1019749586016705,0.790529191493988,1.1903993705033789,234,0,0,232,1,257,233,rmpc,rmpc,RMPC,
77719,intercepted,1,0,0,0,179,13,6.5,166,179.0,89.5,4.675511837005615,0,1.18063575038296,0.1497804820537567,1.2846225671077518,167,0,0,165,1,179,166,rmpc,rmpc,RMPC,
77720,intercepted,1,0,0,0,168,16,8.0,152,168.0,84.0,5.504705905914307,0,1.0458234149256562,1.9795869588851929,1.1113359710556256,153,0,0,151,1,168,152,rmpc,rmpc,RMPC,
77721,intercepted,1,0,0,0,442,87,43.5,355,442.0,221.0,8.051737785339355,0,1.1298740403203482,1.0923411846160889,1.2315465101606085,356,0,0,354,1,442,355,rmpc,rmpc,RMPC,
77722,intercepted,1,0,0,0,43,11,5.5,32,43.0,21.5,8.05653190612793,0,1.012251551404144,1.4993486404418945,1.1012006570774606,33,0,0,31,1,43,32,rmpc,rmpc,RMPC,
77723,intercepted,1,0,0,0,408,11,5.5,397,408.0,204.0,10.382513046264648,0,1.163099210915254,0.5962505340576172,1.256302588518439,398,0,0,396,1,408,397,rmpc,rmpc,RMPC,
77724,soldier_caught,0,1,0,0,14,12,6.0,2,,,1.770321249961853,0,0.8705174922943115,1.4306069612503052,0.9567197791895055,3,0,0,1,1,14,2,rmpc,rmpc,RMPC,
77725,intercepted,1,0,0,0,52,15,7.5,37,52.0,26.0,3.2815632820129395,0,1.0650885852151795,1.1063416004180908,1.150208079316023,38,0,0,36,1,52,37,rmpc,rmpc,RMPC,
77726,soldier_caught,0,1,0,0,291,10,5.0,281,,,1.859755039215088,0,1.1473621060767918,1.1765698194503784,1.244229203453512,282,0,0,280,1,291,281,rmpc,rmpc,RMPC,
77727,intercepted,1,0,0,0,250,9,4.5,241,250.0,125.0,3.4914944171905518,0,1.1362440512200032,1.5623546838760376,1.2212184415343064,242,0,0,240,1,250,241,rmpc,rmpc,RMPC,
77728,intercepted,1,0,0,0,21,11,5.5,10,21.0,10.5,6.082284450531006,0,1.0469556694680995,1.6636303663253784,1.1099146329951464,11,0,0,9,1,21,10,rmpc,rmpc,RMPC,
77729,intercepted,1,0,0,0,205,83,41.5,122,205.0,102.5,3.7617433071136475,0,1.082182000232179,1.9161522388458252,1.194306951079537,123,0,0,121,1,205,122,rmpc,rmpc,RMPC,
77730,intercepted,1,0,0,0,100,10,5.0,90,100.0,50.0,8.088109970092773,0,1.1348809157754038,1.1811186075210571,1.2221588390782079,91,0,0,89,1,100,90,rmpc,rmpc,RMPC,
77731,intercepted,1,0,0,0,336,12,6.0,324,336.0,168.0,2.3033764362335205,0,1.2077611573613607,1.1827601194381714,1.3074929987660975,325,0,0,323,1,336,324,rmpc,rmpc,RMPC,
77732,intercepted,1,0,0,0,150,35,17.5,115,150.0,75.0,2.4159982204437256,0,1.1459212840117257,0.9805347323417664,1.2214720458671693,116,0,0,114,1,150,115,rmpc,rmpc,RMPC,
77733,intercepted,1,0,0,0,182,10,5.0,172,182.0,91.0,3.240724563598633,0,1.1245432729493676,2.958928346633911,1.2202650126600154,173,0,0,171,1,182,172,rmpc,rmpc,RMPC,
77734,intercepted,1,0,0,0,253,13,6.5,240,253.0,126.5,5.380127906799316,0,1.1252462788488855,0.7622840404510498,1.219892469399037,241,0,0,239,1,253,240,rmpc,rmpc,RMPC,
77735,intercepted,1,0,0,0,56,24,12.0,32,56.0,28.0,11.240059852600098,0,1.1981317780234597,0.8874586224555969,1.2929284673842052,33,0,0,31,1,56,32,rmpc,rmpc,RMPC,
77736,intercepted,1,0,0,0,420,29,14.5,391,420.0,210.0,10.534149169921875,0,1.1441109383440748,1.6889854669570923,1.238310353069742,392,0,0,390,1,420,391,rmpc,rmpc,RMPC,
77737,intercepted,1,0,0,0,356,94,47.0,262,356.0,178.0,8.173988342285156,0,1.1367518264417866,1.463336706161499,1.2320908341209527,263,0,0,261,1,356,262,rmpc,rmpc,RMPC,
77738,soldier_caught,0,1,0,0,43,14,7.0,29,,,1.432509422302246,0,1.0422822495301565,1.6108278036117554,1.101630198570917,30,0,0,28,1,43,29,rmpc,rmpc,RMPC,
77739,intercepted,1,0,0,0,42,8,4.0,34,42.0,21.0,7.924716949462891,0,1.1597996618066515,0.8740745782852173,1.2315258350732798,35,0,0,33,1,42,34,rmpc,rmpc,RMPC,
77740,intercepted,1,0,0,0,88,8,4.0,80,88.0,44.0,4.704714775085449,0,1.2182540790534313,0.8074387311935425,1.3276246813509478,81,0,0,79,1,88,80,rmpc,rmpc,RMPC,
77741,intercepted,1,0,0,0,568,39,19.5,529,568.0,284.0,5.832122325897217,0,1.1208607141420526,2.1919913291931152,1.2113788461217243,530,0,0,528,1,568,529,rmpc,rmpc,RMPC,
77742,intercepted,1,0,0,0,86,9,4.5,77,86.0,43.0,7.008068561553955,0,1.2008870146595514,1.1185367107391357,1.2981293284313518,78,0,0,76,1,86,77,rmpc,rmpc,RMPC,
77743,intercepted,1,0,0,0,21,9,4.5,12,21.0,10.5,8.938021659851074,0,1.2084635335665483,1.906219244003296,1.2941992501458421,13,0,0,11,1,21,12,rmpc,rmpc,RMPC,
77744,intercepted,1,0,0,0,51,14,7.0,37,51.0,25.5,7.47902250289917,0,1.1721696508558173,0.8696296811103821,1.2530263745454708,38,0,0,36,1,51,37,rmpc,rmpc,RMPC,
77745,intercepted,1,0,0,0,1064,8,4.0,1056,1064.0,532.0,2.6893129348754883,0,1.1565339394837137,1.282814860343933,1.2496331537221366,1057,0,0,1055,1,1064,1056,rmpc,rmpc,RMPC,
77746,intercepted,1,0,0,0,271,31,15.5,240,271.0,135.5,9.9480562210083,0,1.1163539288264093,1.182348370552063,1.2152752083653229,241,0,0,239,1,271,240,rmpc,rmpc,RMPC,
77747,intercepted,1,0,0,0,23,9,4.5,14,23.0,11.5,11.009586334228516,0,0.9502843985954921,0.43083465099334717,1.0755267576098093,15,0,0,13,1,23,14,rmpc,rmpc,RMPC,
77748,intercepted,1,0,0,0,16,14,7.0,2,16.0,8.0,6.746889114379883,0,0.8457643985748291,0.5198162198066711,1.0119432526322412,3,0,0,1,1,16,2,rmpc,rmpc,RMPC,
77749,intercepted,1,0,0,0,15,13,6.5,2,15.0,7.5,5.027315139770508,0,0.9464773933092753,0.8784841299057007,1.0167631686990235,3,0,0,1,1,15,2,rmpc,rmpc,RMPC,
77750,intercepted,1,0,0,0,16,14,7.0,2,16.0,8.0,3.7752490043640137,0,1.7812278668085735,1.752156138420105,1.7857104816250466,3,0,0,1,1,16,2,rmpc,rmpc,RMPC,
77751,soldier_caught,0,1,0,0,350,31,15.5,319,,,1.67930006980896,0,1.0717363922391088,1.103309988975525,1.1626634677367735,320,0,0,318,1,350,319,rmpc,rmpc,RMPC,
77752,intercepted,1,0,0,0,45,16,8.0,29,45.0,22.5,3.9710288047790527,0,1.1651525358359018,0.9552891850471497,1.2076869721216414,30,0,0,28,1,45,29,rmpc,rmpc,RMPC,
77753,intercepted,1,0,0,0,868,40,20.0,828,868.0,434.0,3.6203136444091797,0,1.1092830392676973,0.9907588958740234,1.200917319587859,829,0,0,827,1,868,828,rmpc,rmpc,RMPC,
77754,soldier_caught,0,1,0,0,15,13,6.5,2,,,1.6409029960632324,0,1.2216454148292542,1.4621433019638062,1.3145821264068787,3,0,0,1,1,15,2,rmpc,rmpc,RMPC,
77755,intercepted,1,0,0,0,277,15,7.5,262,277.0,138.5,5.64851713180542,0,1.150403818703423,1.178019642829895,1.2553489541702876,263,0,0,261,1,277,262,rmpc,rmpc,RMPC,
77756,soldier_caught,0,1,0,0,75,18,9.0,57,,,0.2703110873699188,0,1.272265535490266,1.2195544242858887,1.3539146859982634,58,0,0,56,1,75,57,rmpc,rmpc,RMPC,
77757,soldier_caught,0,1,0,0,127,76,38.0,51,,,1.4227179288864136,0,1.089228369295597,1.121103048324585,1.1682284492092156,52,0,0,50,1,127,51,rmpc,rmpc,RMPC,
77758,intercepted,1,0,0,0,189,23,11.5,166,189.0,94.5,2.0751123428344727,0,1.131801808576384,1.1905043125152588,1.222389025397688,167,0,0,165,1,189,166,rmpc,rmpc,RMPC,
77759,intercepted,1,0,0,0,301,10,5.0,291,301.0,150.5,8.185011863708496,0,1.1150927708216318,1.2986027002334595,1.206921791246227,292,0,0,290,1,301,291,rmpc,rmpc,RMPC,
77760,intercepted,1,0,0,0,66,13,6.5,53,66.0,33.0,4.463615417480469,0,1.1641317181013249,1.542454481124878,1.2413909187179197,54,0,0,52,1,66,53,rmpc,rmpc,RMPC,
77761,intercepted,1,0,0,0,717,7,3.5,710,717.0,358.5,3.85459303855896,0,1.121270335707735,1.455294132232666,1.2073886411791144,711,0,0,709,1,717,710,rmpc,rmpc,RMPC,
77762,intercepted,1,0,0,0,293,10,5.0,283,293.0,146.5,2.4245927333831787,0,1.113836268330334,1.4914827346801758,1.2107759063231975,284,0,0,282,1,293,283,rmpc,rmpc,RMPC,
77763,intercepted,1,0,0,0,12,10,5.0,2,12.0,6.0,5.603544235229492,0,1.519760251045227,1.1774661540985107,1.540747878166403,3,0,0,1,1,12,2,rmpc,rmpc,RMPC,
77764,intercepted,1,0,0,0,365,14,7.0,351,365.0,182.5,2.386974573135376,0,1.1413014667447319,0.789872407913208,1.2377972434183204,352,0,0,349,2,365,351,rmpc,rmpc,RMPC,
77765,intercepted,1,0,0,0,221,8,4.0,213,221.0,110.5,6.229288578033447,0,1.058444498855377,1.3792400360107422,1.1364807604932536,214,0,0,211,2,221,213,rmpc,rmpc,RMPC,
77766,intercepted,1,0,0,0,424,16,8.0,408,424.0,212.0,8.667211532592773,0,1.1133890204805617,1.674545407295227,1.2157219297011648,409,0,0,407,1,424,408,rmpc,rmpc,RMPC,
77767,intercepted,1,0,0,0,331,11,5.5,320,331.0,165.5,2.134376287460327,0,1.1308463586732234,0.9105484485626221,1.2422138541853547,321,0,0,318,2,331,320,rmpc,rmpc,RMPC,
77768,intercepted,1,0,0,0,575,36,18.0,539,575.0,287.5,4.447296619415283,0,1.1149072608048165,1.2397006750106812,1.2051094351570542,540,0,0,538,1,575,539,rmpc,rmpc,RMPC,
77769,intercepted,1,0,0,0,644,16,8.0,628,644.0,322.0,4.191772937774658,0,1.1381505573070674,1.4012855291366577,1.234280842202996,629,0,0,627,1,644,628,rmpc,rmpc,RMPC,
77770,soldier_caught,0,1,0,0,12,10,5.0,2,,,1.7233566045761108,0,1.167538046836853,1.5434738397598267,1.2158428790179017,3,0,0,1,1,12,2,rmpc,rmpc,RMPC,
77771,intercepted,1,0,0,0,279,9,4.5,270,279.0,139.5,7.5422539710998535,0,1.108673943144809,1.7193957567214966,1.2103638655965756,271,0,0,269,1,279,270,rmpc,rmpc,RMPC,
77772,intercepted,1,0,0,0,250,33,16.5,217,250.0,125.0,9.395267486572266,0,1.0800164606798133,1.4712356328964233,1.1749851058704597,218,0,0,216,1,250,217,rmpc,rmpc,RMPC,
77773,soldier_caught,0,1,0,0,744,53,26.5,691,,,1.367484450340271,0,1.1345870454790274,0.877471923828125,1.2263408780667517,692,0,0,689,2,744,691,rmpc,rmpc,RMPC,
77774,intercepted,1,0,0,0,742,9,4.5,733,742.0,371.0,2.9974710941314697,0,1.0804073566454147,0.5372442007064819,1.1805069803805328,734,0,0,732,1,742,733,rmpc,rmpc,RMPC,
77775,intercepted,1,0,0,0,448,7,3.5,441,448.0,224.0,5.724295616149902,0,1.151216666049817,0.6441284418106079,1.2475164223232578,442,0,0,440,1,448,441,rmpc,rmpc,RMPC,
77776,intercepted,1,0,0,0,98,10,5.0,88,98.0,49.0,4.5119500160217285,0,1.1666911656267187,0.9279237389564514,1.2443087575676455,89,0,0,86,2,98,88,rmpc,rmpc,RMPC,
77777,intercepted,1,0,0,0,82,41,20.5,41,82.0,41.0,11.234589576721191,0,0.9884070725668044,0.7234969139099121,1.091494432143412,42,0,0,40,1,82,41,rmpc,rmpc,RMPC,
77778,soldier_caught,0,1,0,0,743,11,5.5,732,,,1.8877170085906982,0,1.116546387450025,0.7540405988693237,1.2205332793692927,733,0,0,730,2,743,732,rmpc,rmpc,RMPC,
77779,intercepted,1,0,0,0,68,14,7.0,54,68.0,34.0,3.8369250297546387,0,1.152527126940814,0.6740990877151489,1.245233678823002,55,0,0,53,1,68,54,rmpc,rmpc,RMPC,
77780,intercepted,1,0,0,0,160,46,23.0,114,160.0,80.0,4.346965312957764,0,1.1375050378882368,1.5781296491622925,1.2316909523130697,115,0,0,113,1,160,114,rmpc,rmpc,RMPC,
77781,soldier_caught,0,1,0,0,347,21,10.5,326,,,1.9477150440216064,0,1.1010218643176082,1.339468002319336,1.2011554303660568,327,0,0,325,1,347,326,rmpc,rmpc,RMPC,
77782,soldier_caught,0,1,0,0,36,9,4.5,27,,,0.9489775896072388,0,1.0277694570166724,0.5388885736465454,1.1022323187288205,28,0,0,26,1,36,27,rmpc,rmpc,RMPC,
77783,intercepted,1,0,0,0,283,15,7.5,268,283.0,141.5,9.225385665893555,0,1.1759672848486988,1.2979730367660522,1.2753945470044399,269,0,0,267,1,283,268,rmpc,rmpc,RMPC,
77784,soldier_caught,0,1,0,0,13,11,5.5,2,,,0.6672519445419312,0,1.560865581035614,0.9591440558433533,1.6515658816933916,3,0,0,1,1,13,2,rmpc,rmpc,RMPC,
77785,intercepted,1,0,0,0,42,14,7.0,28,42.0,21.0,4.920421600341797,0,1.0669155963535966,0.5042514204978943,1.198313902045903,29,0,0,27,1,42,28,rmpc,rmpc,RMPC,
77786,intercepted,1,0,0,0,431,90,45.0,341,431.0,215.5,3.608313798904419,0,1.1373301127500701,0.5932111144065857,1.231899147820046,342,0,0,340,1,431,341,rmpc,rmpc,RMPC,
77787,intercepted,1,0,0,0,150,22,11.0,128,150.0,75.0,9.664266586303711,0,1.118296881054723,0.8113806247711182,1.2288956559906947,129,0,0,127,1,150,128,rmpc,rmpc,RMPC,
77788,soldier_caught,0,1,0,0,90,13,6.5,77,,,1.8986271619796753,0,1.051547762293082,0.38140368461608887,1.1616914433266765,78,0,0,76,1,90,77,rmpc,rmpc,RMPC,
77789,unsafe_intercept,0,0,1,0,10,8,4.0,2,,,2.8396503925323486,0,1.1587839722633362,1.0559715032577515,1.2439818663078477,3,0,0,1,1,10,2,rmpc,rmpc,RMPC,
77790,intercepted,1,0,0,0,15,13,6.5,2,15.0,7.5,5.781953811645508,0,0.8614515860875448,1.1966594457626343,0.9014731462635815,3,0,0,1,1,15,2,rmpc,rmpc,RMPC,
77791,intercepted,1,0,0,0,182,32,16.0,150,182.0,91.0,8.45447826385498,0,1.0603306957625396,1.6019991636276245,1.158880250481464,151,0,0,149,1,182,150,rmpc,rmpc,RMPC,
77792,intercepted,1,0,0,0,113,22,11.0,91,113.0,56.5,2.156202793121338,0,1.0447066183323446,1.0137386322021484,1.1408114638230131,92,0,0,90,1,113,91,rmpc,rmpc,RMPC,
77793,intercepted,1,0,0,0,776,9,4.5,767,776.0,388.0,4.210823059082031,0,1.132856576916917,1.2758845090866089,1.2308098779093364,768,0,0,766,1,776,767,rmpc,rmpc,RMPC,
77794,intercepted,1,0,0,0,297,13,6.5,284,297.0,148.5,2.6477248668670654,0,1.1496220731160096,1.4538140296936035,1.2434080433137613,285,0,0,283,1,297,284,rmpc,rmpc,RMPC,
77795,intercepted,1,0,0,0,904,13,6.5,891,904.0,452.0,8.999710083007812,0,1.1386955634694997,0.5930604934692383,1.2276452282727839,892,0,0,890,1,904,891,rmpc,rmpc,RMPC,
77796,intercepted,1,0,0,0,9,7,3.5,2,9.0,4.5,5.448860168457031,0,0.8923642237981161,1.1623308658599854,0.9135824738990475,3,0,0,1,1,9,2,rmpc,rmpc,RMPC,
77797,intercepted,1,0,0,0,194,9,4.5,185,194.0,97.0,2.751230001449585,0,1.1753672836448557,0.6484947204589844,1.2616340602010208,186,0,0,184,1,194,185,rmpc,rmpc,RMPC,
77798,soldier_caught,0,1,0,0,231,10,5.0,221,,,1.6636371612548828,0,1.1285951386566635,1.3428927659988403,1.2189452332443047,222,0,0,220,1,231,221,rmpc,rmpc,RMPC,
77799,intercepted,1,0,0,0,98,21,10.5,77,98.0,49.0,11.45436954498291,0,1.1305067984339519,1.08402681350708,1.234909937975881,78,0,0,76,1,98,77,rmpc,rmpc,RMPC,
77800,intercepted,1,0,0,0,138,57,28.5,81,138.0,69.0,7.158943176269531,0,1.1953762188190367,1.1196691989898682,1.291264358781232,82,0,0,80,1,138,81,rmpc,rmpc,RMPC,
77801,intercepted,1,0,0,0,34,17,8.5,17,34.0,17.0,11.178925514221191,0,0.9552986257606082,1.0250059366226196,1.0073824632065083,18,0,0,16,1,34,17,rmpc,rmpc,RMPC,
77802,intercepted,1,0,0,0,110,11,5.5,99,110.0,55.0,2.4298110008239746,0,1.0748705917596817,1.7295029163360596,1.1758371299003034,100,0,0,98,1,110,99,rmpc,rmpc,RMPC,
77803,soldier_caught,0,1,0,0,32,8,4.0,24,,,1.3179571628570557,0,1.0963268399238586,1.0455193519592285,1.2018486391242855,25,0,0,23,1,32,24,rmpc,rmpc,RMPC,
77804,intercepted,1,0,0,0,37,32,16.0,5,37.0,18.5,13.362859725952148,0,0.9414877593517303,1.0242780447006226,0.96892847252423,6,0,0,4,1,37,5,rmpc,rmpc,RMPC,
77805,intercepted,1,0,0,0,66,14,7.0,52,66.0,33.0,3.248486042022705,0,1.1627955054337125,2.1408209800720215,1.24510121810319,53,0,0,51,1,66,52,rmpc,rmpc,RMPC,
77806,soldier_caught,0,1,0,0,226,16,8.0,210,,,1.8116357326507568,0,1.153860640751807,0.8619707226753235,1.2600407717758413,211,0,0,209,1,226,210,rmpc,rmpc,RMPC,
77807,intercepted,1,0,0,0,620,7,3.5,613,620.0,310.0,3.486222267150879,0,1.15788457346079,0.8100684285163879,1.2545517152249113,614,0,0,612,1,620,613,rmpc,rmpc,RMPC,
77808,intercepted,1,0,0,0,1128,7,3.5,1121,1128.0,564.0,2.97145414352417,0,1.1114833000283721,1.1705822944641113,1.2073111679033044,1122,0,0,1119,2,1128,1121,rmpc,rmpc,RMPC,
77809,soldier_caught,0,1,0,0,59,10,5.0,49,,,1.7717491388320923,0,1.0663668864965439,2.038648843765259,1.158353208402463,50,0,0,48,1,59,49,rmpc,rmpc,RMPC,
77810,soldier_caught,0,1,0,0,130,8,4.0,122,,,1.7856942415237427,0,1.1254658896506318,0.9414140582084656,1.218300682123592,123,0,0,121,1,130,122,rmpc,rmpc,RMPC,
77811,intercepted,1,0,0,0,45,40,20.0,5,45.0,22.5,14.782842636108398,0,0.972040186325709,0.7466705441474915,1.0483909750063123,6,0,0,4,1,45,5,rmpc,rmpc,RMPC,
77812,intercepted,1,0,0,0,18,16,8.0,2,18.0,9.0,4.476961135864258,0,1.389535387357076,1.331419587135315,1.4764134549044994,3,0,0,1,1,18,2,rmpc,rmpc,RMPC,
77813,intercepted,1,0,0,0,395,41,20.5,354,395.0,197.5,6.82208776473999,0,1.12068419901418,1.8712892532348633,1.2286708491706348,355,0,0,353,1,395,354,rmpc,rmpc,RMPC,
77814,soldier_caught,0,1,0,0,175,9,4.5,166,,,1.8740652799606323,0,1.1478301226914287,0.8712731003761292,1.2448385627053604,167,0,0,165,1,175,166,rmpc,rmpc,RMPC,
77815,intercepted,1,0,0,0,42,11,5.5,31,42.0,21.0,7.304978370666504,0,0.9777079210616648,0.6232869029045105,1.0877921393052146,32,0,0,30,1,42,31,rmpc,rmpc,RMPC,
77816,intercepted,1,0,0,0,109,9,4.5,100,109.0,54.5,2.16996431350708,0,1.174669227092573,0.6359341740608215,1.251828104722757,101,0,0,98,2,109,100,rmpc,rmpc,RMPC,
77817,intercepted,1,0,0,0,64,8,4.0,56,64.0,32.0,2.477572441101074,0,1.109739811535467,0.9891101121902466,1.2219523363764682,57,0,0,55,1,64,56,rmpc,rmpc,RMPC,
77818,intercepted,1,0,0,0,383,29,14.5,354,383.0,191.5,10.815990447998047,0,1.1339997167948266,1.8425400257110596,1.2221518875847435,355,0,0,353,1,383,354,rmpc,rmpc,RMPC,
77819,intercepted,1,0,0,0,220,14,7.0,206,220.0,110.0,10.347436904907227,0,1.1481879503974592,0.7976369857788086,1.2469450960963426,207,0,0,205,1,220,206,rmpc,rmpc,RMPC,
77820,intercepted,1,0,0,0,208,11,5.5,197,208.0,104.0,10.066092491149902,0,1.1248203891545836,0.45831498503685,1.2222189741552514,198,0,0,196,1,208,197,rmpc,rmpc,RMPC,
77821,intercepted,1,0,0,0,28,17,8.5,11,28.0,14.0,12.95996379852295,0,1.0809577802817028,0.33173227310180664,1.260906055003361,12,0,0,10,1,28,11,rmpc,rmpc,RMPC,
77822,intercepted,1,0,0,0,51,8,4.0,43,51.0,25.5,3.2954084873199463,0,1.146586756475947,0.43895184993743896,1.2264813672430694,44,0,0,42,1,51,43,rmpc,rmpc,RMPC,
77823,intercepted,1,0,0,0,59,8,4.0,51,59.0,29.5,3.9921040534973145,0,1.209534575159733,0.735626757144928,1.320642031755317,52,0,0,50,1,59,51,rmpc,rmpc,RMPC,
77824,intercepted,1,0,0,0,236,11,5.5,225,236.0,118.0,4.107944965362549,0,1.169892381052528,1.2427074909210205,1.268584246578357,226,0,0,224,1,236,225,rmpc,rmpc,RMPC,
77825,intercepted,1,0,0,0,108,13,6.5,95,108.0,54.0,2.924849510192871,0,1.1346264481544495,1.204941749572754,1.2204367916807974,96,0,0,94,1,108,95,rmpc,rmpc,RMPC,
77826,soldier_caught,0,1,0,0,17,15,7.5,2,,,1.8212742805480957,0,1.1914690136909485,1.4819326400756836,1.2332820813552976,3,0,0,1,1,17,2,rmpc,rmpc,RMPC,
77827,intercepted,1,0,0,0,162,9,4.5,153,162.0,81.0,3.8405473232269287,0,1.1364876801123867,0.7974710464477539,1.2179884715275666,154,0,0,152,1,162,153,rmpc,rmpc,RMPC,
77828,intercepted,1,0,0,0,119,9,4.5,110,119.0,59.5,7.105758190155029,0,1.1239098842079576,1.0244263410568237,1.219052183752333,111,0,0,109,1,119,110,rmpc,rmpc,RMPC,
77829,soldier_caught,0,1,0,0,16,14,7.0,2,,,1.3697280883789062,0,0.9781937599182129,0.6180407404899597,1.061576197902629,3,0,0,1,1,16,2,rmpc,rmpc,RMPC,
77830,intercepted,1,0,0,0,678,65,32.5,613,678.0,339.0,2.268024444580078,0,1.1189858270778719,1.8409005403518677,1.2111787349892207,614,0,0,612,1,678,613,rmpc,rmpc,RMPC,
77831,soldier_caught,0,1,0,0,271,10,5.0,261,,,1.1089730262756348,0,1.1334159665435326,0.922467827796936,1.2209567870298972,262,0,0,260,1,271,261,rmpc,rmpc,RMPC,
77832,unsafe_intercept,0,0,1,0,10,8,4.0,2,,,3.1127564907073975,0,1.2180325190226238,1.5263310670852661,1.2590164998280005,3,0,0,1,1,10,2,rmpc,rmpc,RMPC,
77833,intercepted,1,0,0,0,135,10,5.0,125,135.0,67.5,4.6179986000061035,0,1.1248361827835205,1.3103946447372437,1.2262155787297173,126,0,0,124,1,135,125,rmpc,rmpc,RMPC,
77834,soldier_caught,0,1,0,0,379,10,5.0,369,,,1.6129957437515259,0,1.1022641433654605,0.777894914150238,1.200174591911364,370,0,0,368,1,379,369,rmpc,rmpc,RMPC,
77835,intercepted,1,0,0,0,654,9,4.5,645,654.0,327.0,2.476809501647949,0,1.1088467243332243,0.972339391708374,1.204364942035913,646,0,0,643,2,654,645,rmpc,rmpc,RMPC,
77836,intercepted,1,0,0,0,10,8,4.0,2,10.0,5.0,5.826212406158447,0,1.2010519901911418,0.9546383619308472,1.2211117467313197,3,0,0,1,1,10,2,rmpc,rmpc,RMPC,
77837,intercepted,1,0,0,0,44,12,6.0,32,44.0,22.0,7.631862640380859,0,1.1560704590696278,0.9192240238189697,1.2741540132590448,33,0,0,31,1,44,32,rmpc,rmpc,RMPC,
77838,soldier_caught,0,1,0,0,33,9,4.5,24,,,1.3721487522125244,0,1.149179801940918,0.4516734480857849,1.2348734787364275,25,0,0,23,1,33,24,rmpc,rmpc,RMPC,
77839,intercepted,1,0,0,0,91,9,4.5,82,91.0,45.5,9.355481147766113,0,1.133261461394379,1.0352386236190796,1.2167169094755148,83,0,0,81,1,91,82,rmpc,rmpc,RMPC,
77840,soldier_caught,0,1,0,0,391,17,8.5,374,,,1.5212645530700684,0,1.1260975951353709,0.9224532842636108,1.2186009291727775,375,0,0,373,1,391,374,rmpc,rmpc,RMPC,
77841,intercepted,1,0,0,0,32,16,8.0,16,32.0,16.0,3.934674024581909,0,1.2434414905660294,1.4599896669387817,1.2897027363902935,17,0,0,15,1,32,16,rmpc,rmpc,RMPC,
77842,intercepted,1,0,0,0,28,9,4.5,19,28.0,14.0,7.728394508361816,0,0.9634619154036045,1.1587618589401245,1.030142331922408,20,0,0,18,1,28,19,rmpc,rmpc,RMPC,
77843,intercepted,1,0,0,0,371,99,49.5,272,371.0,185.5,6.36211633682251,0,1.1657229283408368,1.8271539211273193,1.2732366667298072,273,0,0,269,3,371,272,rmpc,rmpc,RMPC,
77844,soldier_caught,0,1,0,0,185,9,4.5,176,,,1.9297910928726196,0,1.1229553932355623,0.5281060338020325,1.2374923154171127,177,0,0,175,1,185,176,rmpc,rmpc,RMPC,
77845,intercepted,1,0,0,0,188,14,7.0,174,188.0,94.0,8.953447341918945,0,1.1578537045206343,0.9290065169334412,1.2475368415944585,175,0,0,173,1,188,174,rmpc,rmpc,RMPC,
77846,intercepted,1,0,0,0,154,9,4.5,145,154.0,77.0,3.849330425262451,0,1.1274530869232464,1.0888643264770508,1.2290879576557006,146,0,0,144,1,154,145,rmpc,rmpc,RMPC,
77847,intercepted,1,0,0,0,470,59,29.5,411,470.0,235.0,7.931519508361816,0,1.1198583172399152,1.1704870462417603,1.2216899098394642,412,0,0,410,1,470,411,rmpc,rmpc,RMPC,
77848,intercepted,1,0,0,0,66,28,14.0,38,66.0,33.0,7.7264204025268555,0,1.1374141012246792,0.799140214920044,1.2085219487523209,39,0,0,37,1,66,38,rmpc,rmpc,RMPC,
77849,intercepted,1,0,0,0,248,11,5.5,237,248.0,124.0,5.8578267097473145,0,1.1396655855434281,0.7538626194000244,1.2447821474695764,238,0,0,236,1,248,237,rmpc,rmpc,RMPC,
77850,intercepted,1,0,0,0,421,30,15.0,391,421.0,210.5,9.017727851867676,0,1.1439769797939427,1.0232017040252686,1.236770002775769,392,0,0,390,1,421,391,rmpc,rmpc,RMPC,
77851,intercepted,1,0,0,0,231,8,4.0,223,231.0,115.5,7.074035167694092,0,1.099575276187222,0.7793624401092529,1.201113587920763,224,0,0,222,1,231,223,rmpc,rmpc,RMPC,
77852,soldier_caught,0,1,0,0,60,13,6.5,47,,,1.8116917610168457,0,1.0958795330176752,0.7177507281303406,1.1564155413660178,48,0,0,46,1,60,47,rmpc,rmpc,RMPC,
77853,intercepted,1,0,0,0,151,10,5.0,141,151.0,75.5,7.833471775054932,0,1.1221008615594514,1.1873362064361572,1.2001755409657386,142,0,0,140,1,151,141,rmpc,rmpc,RMPC,
77854,intercepted,1,0,0,0,174,11,5.5,163,174.0,87.0,3.733952760696411,0,1.2241819271045487,1.073762059211731,1.3211610346226845,164,0,0,161,2,174,163,rmpc,rmpc,RMPC,
77855,intercepted,1,0,0,0,58,17,8.5,41,58.0,29.0,4.004697322845459,0,1.161801458469459,1.2658729553222656,1.2537520795976664,42,0,0,40,1,58,41,rmpc,rmpc,RMPC,
77856,intercepted,1,0,0,0,77,8,4.0,69,77.0,38.5,3.4264140129089355,0,1.1924359662192208,1.3227664232254028,1.2745415061392504,70,0,0,68,1,77,69,rmpc,rmpc,RMPC,
77857,intercepted,1,0,0,0,269,9,4.5,260,269.0,134.5,5.940989971160889,0,1.1479233286675365,1.2771971225738525,1.2400510253771544,261,0,0,259,1,269,260,rmpc,rmpc,RMPC,
77858,intercepted,1,0,0,0,1163,10,5.0,1153,1163.0,581.5,2.153229236602783,0,1.134404521099771,0.6776254177093506,1.232098612177387,1154,0,0,1152,1,1163,1153,rmpc,rmpc,RMPC,
77859,intercepted,1,0,0,0,29,11,5.5,18,29.0,14.5,11.149898529052734,0,1.0111691355705261,1.0866714715957642,1.101753367192489,19,0,0,17,1,29,18,rmpc,rmpc,RMPC,
77860,intercepted,1,0,0,0,41,9,4.5,32,41.0,20.5,2.92934250831604,0,1.2394057182651577,1.0479140281677246,1.3557580654029449,33,0,0,31,1,41,32,rmpc,rmpc,RMPC,
77861,intercepted,1,0,0,0,460,14,7.0,446,460.0,230.0,2.096247673034668,0,1.13012401312923,1.0959393978118896,1.2240180062704622,447,0,0,445,1,460,446,rmpc,rmpc,RMPC,
77862,intercepted,1,0,0,0,244,16,8.0,228,244.0,122.0,4.139554500579834,0,1.0830588701900956,1.224307894706726,1.1694573144360303,229,0,0,227,1,244,228,rmpc,rmpc,RMPC,
77863,intercepted,1,0,0,0,141,15,7.5,126,141.0,70.5,7.304800033569336,0,1.1193059718045664,1.593281865119934,1.20897899069261,127,0,0,125,1,141,126,rmpc,rmpc,RMPC,
77864,soldier_caught,0,1,0,0,11,9,4.5,2,,,1.9635069370269775,0,0.7688916921615601,0.9717588424682617,0.7844238558720417,3,0,0,1,1,11,2,rmpc,rmpc,RMPC,
77865,intercepted,1,0,0,0,1677,27,13.5,1650,1677.0,838.5,2.4897568225860596,0,1.12574278100251,1.7392780780792236,1.2232966453886747,1651,0,0,1649,1,1677,1650,rmpc,rmpc,RMPC,
77866,soldier_caught,0,1,0,0,218,30,15.0,188,,,0.18893174827098846,0,1.1057561293007836,0.5110089778900146,1.2178905839129701,189,0,0,187,1,218,188,rmpc,rmpc,RMPC,
77867,intercepted,1,0,0,0,280,14,7.0,266,280.0,140.0,5.9587554931640625,0,1.167635979444793,1.123857855796814,1.2783014479778314,267,0,0,265,1,280,266,rmpc,rmpc,RMPC,
77868,intercepted,1,0,0,0,90,10,5.0,80,90.0,45.0,4.934900760650635,0,1.1343354089760487,0.8323915004730225,1.2227329473964066,81,0,0,79,1,90,80,rmpc,rmpc,RMPC,
77869,intercepted,1,0,0,0,635,34,17.0,601,635.0,317.5,7.144711494445801,0,1.1632600782371043,2.1541221141815186,1.2494556148372138,602,0,0,600,1,635,601,rmpc,rmpc,RMPC,
77870,soldier_caught,0,1,0,0,368,14,7.0,354,,,1.8444656133651733,0,1.1290347307500705,0.5777707099914551,1.224133251915273,355,0,0,352,2,368,354,rmpc,rmpc,RMPC,
77871,intercepted,1,0,0,0,176,9,4.5,167,176.0,88.0,13.276693344116211,0,1.107854437083006,0.9097298383712769,1.2133745912686207,168,0,0,166,1,176,167,rmpc,rmpc,RMPC,
77872,intercepted,1,0,0,0,452,10,5.0,442,452.0,226.0,5.384099960327148,0,1.1046079315295607,0.8604336380958557,1.2031608024099685,443,0,0,441,1,452,442,rmpc,rmpc,RMPC,
77873,intercepted,1,0,0,0,617,9,4.5,608,617.0,308.5,4.20174503326416,0,1.1487138772441445,0.5369331240653992,1.2408295777276037,609,0,0,607,1,617,608,rmpc,rmpc,RMPC,
77874,intercepted,1,0,0,0,248,9,4.5,239,248.0,124.0,3.4579224586486816,0,1.1203466575282315,0.5050557255744934,1.2148920196660862,240,0,0,238,1,248,239,rmpc,rmpc,RMPC,
77875,intercepted,1,0,0,0,128,11,5.5,117,128.0,64.0,4.309028625488281,0,1.1172814716474484,0.7730099558830261,1.1950800552018748,118,0,0,116,1,128,117,rmpc,rmpc,RMPC,
77876,intercepted,1,0,0,0,252,14,7.0,238,252.0,126.0,7.0114216804504395,0,1.1430830841408615,1.9463444948196411,1.2440121103459996,239,0,0,237,1,252,238,rmpc,rmpc,RMPC,
77877,intercepted,1,0,0,0,45,20,10.0,25,45.0,22.5,7.967030048370361,0,1.281011857665502,1.0106922388076782,1.3819348423293574,26,0,0,24,1,45,25,rmpc,rmpc,RMPC,
77878,intercepted,1,0,0,0,949,17,8.5,932,949.0,474.5,3.104234218597412,0,1.1350766727231674,0.7264847755432129,1.2298189343258141,933,0,0,931,1,949,932,rmpc,rmpc,RMPC,
77879,intercepted,1,0,0,0,473,9,4.5,464,473.0,236.5,3.6429178714752197,0,1.164657332756186,0.8077252507209778,1.2702427616733647,465,0,0,463,1,473,464,rmpc,rmpc,RMPC,
77880,intercepted,1,0,0,0,132,9,4.5,123,132.0,66.0,7.2965168952941895,0,1.0511636009379741,0.9079994559288025,1.147238461161501,124,0,0,122,1,132,123,rmpc,rmpc,RMPC,
77881,unsafe_intercept,0,0,1,0,10,8,4.0,2,,,2.014786958694458,0,0.9643287062644958,0.8703758716583252,0.9669348792206414,3,0,0,1,1,10,2,rmpc,rmpc,RMPC,
77882,intercepted,1,0,0,0,100,11,5.5,89,100.0,50.0,3.7671971321105957,0,1.0670436726676094,1.64459228515625,1.168751324878586,90,0,0,88,1,100,89,rmpc,rmpc,RMPC,
77883,intercepted,1,0,0,0,97,10,5.0,87,97.0,48.5,7.581139087677002,0,1.0832193427803842,1.259657382965088,1.1799498690320442,88,0,0,86,1,97,87,rmpc,rmpc,RMPC,
77884,intercepted,1,0,0,0,21,19,9.5,2,21.0,10.5,4.030630111694336,0,1.7123128573099773,1.8101173639297485,1.7239366640410834,3,0,0,1,1,21,2,rmpc,rmpc,RMPC,
77885,intercepted,1,0,0,0,101,74,37.0,27,101.0,50.5,8.101985931396484,0,1.1375685116010053,1.1007344722747803,1.2555754369472676,28,0,0,26,1,101,27,rmpc,rmpc,RMPC,
77886,intercepted,1,0,0,0,41,10,5.0,31,41.0,20.5,5.268184185028076,0,1.1174014927819371,1.086012601852417,1.235212854162538,32,0,0,30,1,41,31,rmpc,rmpc,RMPC,
77887,intercepted,1,0,0,0,239,10,5.0,229,239.0,119.5,10.8323974609375,0,1.195844034526659,1.4205503463745117,1.2857650021651557,230,0,0,228,1,239,229,rmpc,rmpc,RMPC,
77888,intercepted,1,0,0,0,460,12,6.0,448,460.0,230.0,7.506282329559326,0,1.0628604151822942,0.9317570924758911,1.167081316248107,449,0,0,447,1,460,448,rmpc,rmpc,RMPC,
77889,soldier_caught,0,1,0,0,104,9,4.5,95,,,1.9587032794952393,0,1.1422528763456892,1.6242427825927734,1.2417739603538833,96,0,0,94,1,104,95,rmpc,rmpc,RMPC,
77890,intercepted,1,0,0,0,72,10,5.0,62,72.0,36.0,5.719353199005127,0,1.0856576997136314,1.4171652793884277,1.1881412161978155,63,0,0,61,1,72,62,rmpc,rmpc,RMPC,
77891,intercepted,1,0,0,0,23,11,5.5,12,23.0,11.5,4.305788516998291,0,0.976986112502905,0.802381694316864,1.0512510481475603,13,0,0,11,1,23,12,rmpc,rmpc,RMPC,
77892,intercepted,1,0,0,0,38,12,6.0,26,38.0,19.0,9.574684143066406,0,0.9248478600272426,1.1077969074249268,1.028463445879221,27,0,0,25,1,38,26,rmpc,rmpc,RMPC,
77893,intercepted,1,0,0,0,78,66,33.0,12,78.0,39.0,12.496251106262207,0,1.3917069618518536,2.809493064880371,1.5097363367710022,13,0,0,11,1,78,12,rmpc,rmpc,RMPC,
77894,intercepted,1,0,0,0,93,83,41.5,10,93.0,46.5,8.809921264648438,0,1.0031217445026746,1.2120087146759033,1.1372586678755785,11,0,0,9,1,93,10,rmpc,rmpc,RMPC,
77895,soldier_caught,0,1,0,0,87,9,4.5,78,,,1.4676436185836792,0,1.1646962833555439,0.7044655680656433,1.2559160032195962,79,0,0,77,1,87,78,rmpc,rmpc,RMPC,
77896,intercepted,1,0,0,0,80,9,4.5,71,80.0,40.0,12.489233016967773,0,1.1742641735408041,0.9602299928665161,1.2589404667150732,72,0,0,70,1,80,71,rmpc,rmpc,RMPC,
77897,intercepted,1,0,0,0,508,9,4.5,499,508.0,254.0,3.1746675968170166,0,1.176684704184532,1.1465808153152466,1.265289828909137,500,0,0,497,2,508,499,rmpc,rmpc,RMPC,
77898,soldier_caught,0,1,0,0,364,10,5.0,354,,,0.7368645668029785,0,1.1285640988656334,1.4924603700637817,1.2288339921257487,355,0,0,353,1,364,354,rmpc,rmpc,RMPC,
77899,intercepted,1,0,0,0,390,12,6.0,378,390.0,195.0,4.424062728881836,0,1.163367462464876,1.1103726625442505,1.255192020731917,379,0,0,377,1,390,378,rmpc,rmpc,RMPC,
77900,soldier_caught,0,1,0,0,594,15,7.5,579,,,1.247681736946106,0,1.127549841434791,1.1626875400543213,1.2288399030360115,580,0,0,578,1,594,579,rmpc,rmpc,RMPC,
77901,intercepted,1,0,0,0,293,8,4.0,285,293.0,146.5,3.574769973754883,0,1.1022938920797167,1.0486137866973877,1.1942580463163994,286,0,0,284,1,293,285,rmpc,rmpc,RMPC,
77902,intercepted,1,0,0,0,197,13,6.5,184,197.0,98.5,8.270164489746094,0,1.1076304688646987,2.03873610496521,1.208697888332981,185,0,0,183,1,197,184,rmpc,rmpc,RMPC,
77903,intercepted,1,0,0,0,107,10,5.0,97,107.0,53.5,4.027024745941162,0,1.1614147914307458,0.9721931219100952,1.2534059229805303,98,0,0,96,1,107,97,rmpc,rmpc,RMPC,
77904,intercepted,1,0,0,0,650,10,5.0,640,650.0,325.0,2.449676513671875,0,1.1144005890801991,1.5846385955810547,1.2154298776413954,641,0,0,639,1,650,640,rmpc,rmpc,RMPC,
77905,intercepted,1,0,0,0,162,11,5.5,151,162.0,81.0,3.979498863220215,0,1.0902743137588626,1.3085298538208008,1.1707030037945862,152,0,0,150,1,162,151,rmpc,rmpc,RMPC,
77906,unsafe_intercept,0,0,1,0,11,9,4.5,2,,,3.3795032501220703,0,1.1416821082433064,0.3872939348220825,1.46455451886139,3,0,0,1,1,11,2,rmpc,rmpc,RMPC,
77907,intercepted,1,0,0,0,429,59,29.5,370,429.0,214.5,2.7928378582000732,0,1.1041960270417668,0.7221092581748962,1.198839750183883,371,0,0,369,1,429,370,rmpc,rmpc,RMPC,
77908,intercepted,1,0,0,0,14,12,6.0,2,14.0,7.0,4.182957172393799,0,1.2267979383468628,0.8666448593139648,1.2619827402580208,3,0,0,1,1,14,2,rmpc,rmpc,RMPC,
77909,soldier_caught,0,1,0,0,549,9,4.5,540,,,0.8895186185836792,0,1.1453859848478145,1.1258175373077393,1.2435812845769267,541,0,0,539,1,549,540,rmpc,rmpc,RMPC,
77910,intercepted,1,0,0,0,571,13,6.5,558,571.0,285.5,2.317237377166748,0,1.1392795161772287,1.3714556694030762,1.2386513850873975,559,0,0,557,1,571,558,rmpc,rmpc,RMPC,
77911,intercepted,1,0,0,0,33,11,5.5,22,33.0,16.5,3.8715760707855225,0,1.2193815319434456,0.8522480726242065,1.2816812541245104,23,0,0,21,1,33,22,rmpc,rmpc,RMPC,
77912,intercepted,1,0,0,0,127,12,6.0,115,127.0,63.5,9.680132865905762,0,1.2268205442433726,1.063683032989502,1.3158510320171204,116,0,0,114,1,127,115,rmpc,rmpc,RMPC,
77913,intercepted,1,0,0,0,126,108,54.0,18,126.0,63.0,13.041304588317871,0,1.038942430364458,0.6367377042770386,1.141747787422492,19,0,0,17,1,126,18,rmpc,rmpc,RMPC,
77914,intercepted,1,0,0,0,725,10,5.0,715,725.0,362.5,5.025148868560791,0,1.1159837192038917,0.37744569778442383,1.2076658546634287,716,0,0,714,1,725,715,rmpc,rmpc,RMPC,
77915,intercepted,1,0,0,0,855,9,4.5,846,855.0,427.5,3.3986260890960693,0,1.1159069318821326,0.6439731121063232,1.2187343734131233,847,0,0,844,2,855,846,rmpc,rmpc,RMPC,
77916,soldier_caught,0,1,0,0,669,9,4.5,660,,,1.1600322723388672,0,1.1140731249607638,1.3803296089172363,1.210958359632268,661,0,0,658,2,669,660,rmpc,rmpc,RMPC,
77917,soldier_caught,0,1,0,0,111,9,4.5,102,,,0.35865119099617004,0,1.10882418060187,1.1303794384002686,1.192569998165036,103,0,0,101,1,111,102,rmpc,rmpc,RMPC,
77918,intercepted,1,0,0,0,350,9,4.5,341,350.0,175.0,7.054045677185059,0,1.1141191523151788,0.8546159267425537,1.2236466156386319,342,0,0,338,3,350,341,rmpc,rmpc,RMPC,
77919,intercepted,1,0,0,0,39,11,5.5,28,39.0,19.5,4.25634765625,0,1.1016107448216141,1.8407056331634521,1.1912539503301884,29,0,0,27,1,39,28,rmpc,rmpc,RMPC,
77920,soldier_caught,0,1,0,0,275,10,5.0,265,,,1.171109676361084,0,1.117816601704834,0.944322943687439,1.214009012074521,266,0,0,264,1,275,265,rmpc,rmpc,RMPC,
77921,intercepted,1,0,0,0,44,10,5.0,34,44.0,22.0,6.957594394683838,0,1.1209208565098898,1.0350254774093628,1.1760663205608761,35,0,0,33,1,44,34,rmpc,rmpc,RMPC,
77922,intercepted,1,0,0,0,103,13,6.5,90,103.0,51.5,7.640927314758301,0,1.173768285211626,1.6001074314117432,1.2497834389832596,91,0,0,89,1,103,90,rmpc,rmpc,RMPC,
77923,soldier_caught,0,1,0,0,968,8,4.0,960,,,1.4780187606811523,0,1.130934950014679,1.4601938724517822,1.2318584185699062,961,0,0,959,1,968,960,rmpc,rmpc,RMPC,
77924,intercepted,1,0,0,0,251,8,4.0,243,251.0,125.5,5.968287467956543,0,1.0965259768313071,0.46732932329177856,1.1973258800501796,244,0,0,242,1,251,243,rmpc,rmpc,RMPC,
77925,intercepted,1,0,0,0,34,29,14.5,5,34.0,17.0,10.925166130065918,0,1.0395072648922603,1.095909833908081,1.1197676410714605,6,0,0,4,1,34,5,rmpc,rmpc,RMPC,
77926,intercepted,1,0,0,0,82,17,8.5,65,82.0,41.0,8.432268142700195,0,1.1148678276574973,1.5998483896255493,1.2166887982746433,66,0,0,64,1,82,65,rmpc,rmpc,RMPC,
77927,intercepted,1,0,0,0,11,9,4.5,2,11.0,5.5,3.53853440284729,0,1.4809383153915405,1.1915152072906494,1.6033769522596768,3,0,0,1,1,11,2,rmpc,rmpc,RMPC,
77928,soldier_caught,0,1,0,0,140,10,5.0,130,,,1.1724525690078735,0,1.1872702624279123,2.645052671432495,1.2798582254566722,131,0,0,129,1,140,130,rmpc,rmpc,RMPC,
77929,intercepted,1,0,0,0,54,9,4.5,45,54.0,27.0,9.119306564331055,0,1.0870479999676994,1.591891884803772,1.1779986442565187,46,0,0,44,1,54,45,rmpc,rmpc,RMPC,
77930,intercepted,1,0,0,0,660,17,8.5,643,660.0,330.0,3.67244029045105,0,1.1236703090763056,0.6577886343002319,1.2183369360050869,644,0,0,642,1,660,643,rmpc,rmpc,RMPC,
77931,intercepted,1,0,0,0,467,10,5.0,457,467.0,233.5,3.5118942260742188,0,1.1591588378147788,0.6399424076080322,1.2545935566770046,458,0,0,456,1,467,457,rmpc,rmpc,RMPC,
77932,intercepted,1,0,0,0,14,12,6.0,2,14.0,7.0,4.652917385101318,0,1.2629983226458232,1.44899320602417,1.2896460320020344,3,0,0,1,1,14,2,rmpc,rmpc,RMPC,
77933,soldier_caught,0,1,0,0,36,14,7.0,22,,,1.6561284065246582,0,1.1528208618578704,1.1840050220489502,1.2511686708632839,23,0,0,21,1,36,22,rmpc,rmpc,RMPC,
77934,intercepted,1,0,0,0,565,15,7.5,550,565.0,282.5,3.850933790206909,0,1.1040244300709445,0.6729282736778259,1.1907189386104122,551,0,0,549,1,565,550,rmpc,rmpc,RMPC,
77935,intercepted,1,0,0,0,186,15,7.5,171,186.0,93.0,7.7673797607421875,0,1.0895425604526388,1.0138229131698608,1.1827833080237455,172,0,0,170,1,186,171,rmpc,rmpc,RMPC,
77936,intercepted,1,0,0,0,388,16,8.0,372,388.0,194.0,2.383316993713379,0,1.1125216898346075,0.8211031556129456,1.2023825661419656,373,0,0,371,1,388,372,rmpc,rmpc,RMPC,
77937,intercepted,1,0,0,0,25,11,5.5,14,25.0,12.5,12.03177261352539,0,1.2033468147118886,0.9457883238792419,1.3119009826126014,15,0,0,13,1,25,14,rmpc,rmpc,RMPC,
77938,intercepted,1,0,0,0,832,11,5.5,821,832.0,416.0,2.2870638370513916,0,1.1084079795002648,0.8946826457977295,1.2024455941410535,822,0,0,819,2,832,821,rmpc,rmpc,RMPC,
77939,intercepted,1,0,0,0,276,10,5.0,266,276.0,138.0,8.565245628356934,0,1.0997897872652453,0.7755659222602844,1.2017635533693374,267,0,0,265,1,276,266,rmpc,rmpc,RMPC,
77940,intercepted,1,0,0,0,11,9,4.5,2,11.0,5.5,3.8882980346679688,0,1.115430434544881,0.8733607530593872,1.157315414521336,3,0,0,1,1,11,2,rmpc,rmpc,RMPC,
77941,intercepted,1,0,0,0,60,17,8.5,43,60.0,30.0,7.519014358520508,0,1.0430293577638539,1.7380173206329346,1.129463305087676,44,0,0,42,1,60,43,rmpc,rmpc,RMPC,
77942,intercepted,1,0,0,0,384,17,8.5,367,384.0,192.0,7.8969550132751465,0,1.1202333700519218,0.6455926299095154,1.2037168531464786,368,0,0,366,1,384,367,rmpc,rmpc,RMPC,
77943,intercepted,1,0,0,0,183,9,4.5,174,183.0,91.5,10.45904541015625,0,1.1174785004769052,2.317903757095337,1.2052664110452904,175,0,0,173,1,183,174,rmpc,rmpc,RMPC,
77944,intercepted,1,0,0,0,182,133,66.5,49,182.0,91.0,7.809508800506592,0,1.122172723710537,1.4977552890777588,1.210422020037245,50,0,0,48,1,182,49,rmpc,rmpc,RMPC,
77945,intercepted,1,0,0,0,68,15,7.5,53,68.0,34.0,3.771641969680786,0,1.1629444217240368,0.8742775917053223,1.2671197421507203,54,0,0,52,1,68,53,rmpc,rmpc,RMPC,
77946,intercepted,1,0,0,0,207,12,6.0,195,207.0,103.5,2.5144340991973877,0,1.171093958068867,1.1856544017791748,1.261242279132084,196,0,0,194,1,207,195,rmpc,rmpc,RMPC,
77947,intercepted,1,0,0,0,17,8,4.0,9,17.0,8.5,6.479381561279297,0,1.0752552986145019,1.644443154335022,1.114183820187626,10,0,0,8,1,17,9,rmpc,rmpc,RMPC,
77948,intercepted,1,0,0,0,816,8,4.0,808,816.0,408.0,3.00557279586792,0,1.1294269506509873,0.5600982904434204,1.2253785645980262,809,0,0,807,1,816,808,rmpc,rmpc,RMPC,
77949,intercepted,1,0,0,0,235,9,4.5,226,235.0,117.5,2.692603826522827,0,1.1600431759189405,1.5021541118621826,1.2469976842695074,227,0,0,225,1,235,226,rmpc,rmpc,RMPC,
77950,soldier_caught,0,1,0,0,329,8,4.0,321,,,1.8520913124084473,0,1.1508247921740786,0.5820586085319519,1.2514257017572903,322,0,0,320,1,329,321,rmpc,rmpc,RMPC,
77951,intercepted,1,0,0,0,375,12,6.0,363,375.0,187.5,4.948594570159912,0,1.137556476948353,0.49221518635749817,1.2337571371994114,364,0,0,362,1,375,363,rmpc,rmpc,RMPC,
77952,intercepted,1,0,0,0,55,13,6.5,42,55.0,27.5,4.221855640411377,0,0.9542337392651757,0.79196697473526,1.0434738501604937,43,0,0,41,1,55,42,rmpc,rmpc,RMPC,
77953,intercepted,1,0,0,0,425,91,45.5,334,425.0,212.5,5.279991149902344,0,1.146058532373229,2.0373198986053467,1.2385280760620672,335,0,0,333,1,425,334,rmpc,rmpc,RMPC,
77954,intercepted,1,0,0,0,31,17,8.5,14,31.0,15.5,9.37662410736084,0,1.1854979167381923,0.504086971282959,1.3117533022571826,15,0,0,13,1,31,14,rmpc,rmpc,RMPC,
77955,intercepted,1,0,0,0,12,10,5.0,2,12.0,6.0,6.896936416625977,0,0.592107484738032,0.9066300988197327,0.6425875488157261,3,0,0,1,1,12,2,rmpc,rmpc,RMPC,
77956,intercepted,1,0,0,0,309,10,5.0,299,309.0,154.5,5.168478012084961,0,1.0889052391797305,1.4003487825393677,1.186732120620382,300,0,0,298,1,309,299,rmpc,rmpc,RMPC,
77957,intercepted,1,0,0,0,759,55,27.5,704,759.0,379.5,3.2694270610809326,0,1.1525941963208484,1.1336725950241089,1.2494939804832705,705,0,0,703,1,759,704,rmpc,rmpc,RMPC,
77958,soldier_caught,0,1,0,0,151,9,4.5,142,,,1.2761006355285645,0,1.1515725320660986,2.179316997528076,1.2401488489262644,143,0,0,141,1,151,142,rmpc,rmpc,RMPC,
77959,intercepted,1,0,0,0,15,13,6.5,2,15.0,7.5,8.417695045471191,0,1.3226395448048909,1.823064923286438,1.372146921197056,3,0,0,1,1,15,2,rmpc,rmpc,RMPC,
77960,soldier_caught,0,1,0,0,15,13,6.5,2,,,1.9457533359527588,0,1.2171987692515056,1.349359154701233,1.287491315471901,3,0,0,1,1,15,2,rmpc,rmpc,RMPC,
77961,soldier_caught,0,1,0,0,250,19,9.5,231,,,1.7267740964889526,0,1.2007186958116705,1.7920881509780884,1.3096279389779049,232,0,0,230,1,250,231,rmpc,rmpc,RMPC,
77962,intercepted,1,0,0,0,47,8,4.0,39,47.0,23.5,6.955721378326416,0,1.068073601461947,1.049399733543396,1.1543657599826582,40,0,0,38,1,47,39,rmpc,rmpc,RMPC,
77963,intercepted,1,0,0,0,118,16,8.0,102,118.0,59.0,2.5319907665252686,0,1.2562071989172872,1.7870359420776367,1.380431327790609,103,0,0,101,1,118,102,rmpc,rmpc,RMPC,
77964,intercepted,1,0,0,0,283,11,5.5,272,283.0,141.5,2.171799421310425,0,1.129299161907954,1.1653825044631958,1.2219462691941851,273,0,0,271,1,283,272,rmpc,rmpc,RMPC,
77965,intercepted,1,0,0,0,22,13,6.5,9,22.0,11.0,3.1601614952087402,0,1.0155403167009354,1.8405228853225708,1.1265297147745743,10,0,0,8,1,22,9,rmpc,rmpc,RMPC,
77966,soldier_caught,0,1,0,0,329,16,8.0,313,,,1.9363042116165161,0,1.119494221107975,1.1560603380203247,1.2287834303301381,314,0,0,311,2,329,313,rmpc,rmpc,RMPC,
77967,intercepted,1,0,0,0,403,14,7.0,389,403.0,201.5,4.832764148712158,0,1.1039414916283046,0.7094920873641968,1.1985333266634806,390,0,0,388,1,403,389,rmpc,rmpc,RMPC,
77968,intercepted,1,0,0,0,122,12,6.0,110,122.0,61.0,11.178293228149414,0,1.1146807616895384,1.146492600440979,1.2034409754871587,111,0,0,109,1,122,110,rmpc,rmpc,RMPC,
77969,soldier_caught,0,1,0,0,191,11,5.5,180,,,0.879784107208252,0,1.130789199257424,0.5594977140426636,1.2238074334431706,181,0,0,179,1,191,180,rmpc,rmpc,RMPC,
77970,intercepted,1,0,0,0,285,13,6.5,272,285.0,142.5,3.485069751739502,0,1.0979218797915147,1.0238964557647705,1.2024133436700595,273,0,0,271,1,285,272,rmpc,rmpc,RMPC,
77971,intercepted,1,0,0,0,14,11,5.5,3,14.0,7.0,10.073629379272461,0,0.5489859730005264,0.564358115196228,0.5637809092724897,4,0,0,2,1,14,3,rmpc,rmpc,RMPC,
77972,intercepted,1,0,0,0,42,10,5.0,32,42.0,21.0,3.3502039909362793,0,1.178822549906644,2.042795181274414,1.259205554184233,33,0,0,31,1,42,32,rmpc,rmpc,RMPC,
77973,intercepted,1,0,0,0,68,7,3.5,61,68.0,34.0,2.0053553581237793,0,1.1709053824024815,0.7395662665367126,1.229829082036402,62,0,0,60,1,68,61,rmpc,rmpc,RMPC,
77974,intercepted,1,0,0,0,9,7,3.5,2,9.0,4.5,5.076935291290283,0,1.3346906503041585,1.1807225942611694,1.3391610439575978,3,0,0,1,1,9,2,rmpc,rmpc,RMPC,
77975,intercepted,1,0,0,0,169,8,4.0,161,169.0,84.5,4.810327053070068,0,1.1222776484526233,0.7677556872367859,1.2362296738252228,162,0,0,160,1,169,161,rmpc,rmpc,RMPC,
77976,intercepted,1,0,0,0,364,12,6.0,352,364.0,182.0,2.437030792236328,0,1.1415726457835933,1.464877963066101,1.2462646684428242,353,0,0,351,1,364,352,rmpc,rmpc,RMPC,
77977,intercepted,1,0,0,0,224,11,5.5,213,224.0,112.0,2.1999027729034424,0,1.0813547086283983,1.5737031698226929,1.1849017190731692,214,0,0,212,1,224,213,rmpc,rmpc,RMPC,
77978,soldier_caught,0,1,0,0,172,11,5.5,161,,,1.9661906957626343,0,1.193750041042581,0.9563552141189575,1.305149607860946,162,0,0,159,2,172,161,rmpc,rmpc,RMPC,
77979,soldier_caught,0,1,0,0,84,16,8.0,68,,,1.2865009307861328,0,1.16163967528205,0.45199379324913025,1.2525541046684963,69,0,0,67,1,84,68,rmpc,rmpc,RMPC,
77980,intercepted,1,0,0,0,169,14,7.0,155,169.0,84.5,2.996971368789673,0,1.1377656913529604,1.3651225566864014,1.2259284384729867,156,0,0,154,1,169,155,rmpc,rmpc,RMPC,
77981,intercepted,1,0,0,0,131,10,5.0,121,131.0,65.5,2.064000129699707,0,1.0913446105283793,2.4147253036499023,1.1823110957781682,122,0,0,120,1,131,121,rmpc,rmpc,RMPC,
77982,soldier_caught,0,1,0,0,1034,13,6.5,1021,,,1.6332899332046509,0,1.1422311775386333,1.203779697418213,1.2402042842718264,1022,0,0,1020,1,1034,1021,rmpc,rmpc,RMPC,
77983,unsafe_intercept,0,0,1,0,11,9,4.5,2,,,2.958263874053955,0,0.9880018730958303,1.645721435546875,1.1102008016036546,3,0,0,1,1,11,2,rmpc,rmpc,RMPC,
77984,intercepted,1,0,0,0,293,16,8.0,277,293.0,146.5,7.354159832000732,0,1.1939274635460737,2.424811601638794,1.2925425844194016,278,0,0,276,1,293,277,rmpc,rmpc,RMPC,
77985,intercepted,1,0,0,0,27,8,4.0,19,27.0,13.5,10.899182319641113,0,1.0448429346084596,1.1387962102890015,1.1183959925268143,20,0,0,18,1,27,19,rmpc,rmpc,RMPC,
77986,soldier_caught,0,1,0,0,148,47,23.5,101,,,1.2881035804748535,0,1.1172739807881562,1.2194749116897583,1.208303743726664,102,0,0,100,1,148,101,rmpc,rmpc,RMPC,
77987,intercepted,1,0,0,0,10,8,4.0,2,10.0,5.0,3.684048652648926,0,1.4483567674954732,1.886864185333252,1.5797456804913623,3,0,0,1,1,10,2,rmpc,rmpc,RMPC,
77988,intercepted,1,0,0,0,85,11,5.5,74,85.0,42.5,6.811862945556641,0,1.0366671298940977,1.6714776754379272,1.1333796731865589,75,0,0,73,1,85,74,rmpc,rmpc,RMPC,
77989,soldier_caught,0,1,0,0,36,10,5.0,26,,,1.03912353515625,0,1.1006745353892997,0.5559370517730713,1.1931003916634257,27,0,0,25,1,36,26,rmpc,rmpc,RMPC,
77990,intercepted,1,0,0,0,127,9,4.5,118,127.0,63.5,8.753022193908691,0,1.137765153866856,1.0438977479934692,1.2300345427252755,119,0,0,117,1,127,118,rmpc,rmpc,RMPC,
77991,intercepted,1,0,0,0,60,29,14.5,31,60.0,30.0,9.492833137512207,0,1.1338961580768228,1.0849575996398926,1.2616400288527225,32,0,0,30,1,60,31,rmpc,rmpc,RMPC,
77992,intercepted,1,0,0,0,529,51,25.5,478,529.0,264.5,9.08163833618164,0,1.135559596634608,1.187366247177124,1.2260298741181404,479,0,0,477,1,529,478,rmpc,rmpc,RMPC,
77993,intercepted,1,0,0,0,19,12,6.0,7,19.0,9.5,12.268401145935059,0,0.9933541566133499,1.1989285945892334,1.0232189718407323,8,0,0,6,1,19,7,rmpc,rmpc,RMPC,
77994,intercepted,1,0,0,0,384,18,9.0,366,384.0,192.0,2.559384822845459,0,1.0844439272172444,1.7157953977584839,1.1764604777101457,367,0,0,365,1,384,366,rmpc,rmpc,RMPC,
77995,intercepted,1,0,0,0,88,10,5.0,78,88.0,44.0,3.284771680831909,0,1.0928183562016185,0.8829541802406311,1.184599512635815,79,0,0,77,1,88,78,rmpc,rmpc,RMPC,
77996,intercepted,1,0,0,0,289,47,23.5,242,289.0,144.5,2.5939126014709473,0,1.1492552407116556,1.0391788482666016,1.2570639208175962,243,0,0,241,1,289,242,rmpc,rmpc,RMPC,
77997,intercepted,1,0,0,0,420,16,8.0,404,420.0,210.0,4.863239288330078,0,1.1494164345073112,0.5258607864379883,1.2499395837524783,405,0,0,402,2,420,404,rmpc,rmpc,RMPC,
77998,intercepted,1,0,0,0,43,9,4.5,34,43.0,21.5,2.5863590240478516,0,1.2032102022852216,0.5876067876815796,1.3028166914551946,35,0,0,33,1,43,34,rmpc,rmpc,RMPC,
77999,intercepted,1,0,0,0,591,13,6.5,578,591.0,295.5,6.5648112297058105,0,1.1218296166232729,1.164332389831543,1.2218002356977193,579,0,0,577,1,591,578,rmpc,rmpc,RMPC,
