environment_seed,outcome,success,soldier_caught,unsafe_intercept,timeout,total_steps,detection_step,detection_time_seconds,post_detection_steps,intercept_step,intercept_time_seconds,min_enemy_soldier_dist,physical_limit_violations,mean_tracking_error,final_tracking_error,tracking_rmse,n_tracking_samples,instance_id,instance_name,family,training_seed
77000,intercepted,1,0,0,0,350,9,4.5,341,350.0,175.0,3.4881179332733154,0,3.116865954901043,4.2630391120910645,3.3842456125513967,342,lr_ppo_seed57,lr_ppo,LR-PPO,57
77001,intercepted,1,0,0,0,384,17,8.5,367,384.0,192.0,2.0493316650390625,0,3.229164655846746,1.6319409608840942,3.5089112466943573,368,lr_ppo_seed57,lr_ppo,LR-PPO,57
77002,intercepted,1,0,0,0,383,58,29.0,325,383.0,191.5,8.851665496826172,0,3.055525634460654,2.9598844051361084,3.3271139159902132,326,lr_ppo_seed57,lr_ppo,LR-PPO,57
77003,soldier_caught,0,1,0,0,792,30,15.0,762,,,1.6680916547775269,0,3.16298321928453,4.469520568847656,3.452506773820482,763,lr_ppo_seed57,lr_ppo,LR-PPO,57
77004,intercepted,1,0,0,0,550,72,36.0,478,550.0,275.0,8.739216804504395,0,3.1748390717272468,2.352738857269287,3.420952454036798,479,lr_ppo_seed57,lr_ppo,LR-PPO,57
77005,intercepted,1,0,0,0,156,13,6.5,143,156.0,78.0,3.252518892288208,0,3.107604436162445,1.1350622177124023,3.443651251997609,144,lr_ppo_seed57,lr_ppo,LR-PPO,57
77006,intercepted,1,0,0,0,177,31,15.5,146,177.0,88.5,3.7628543376922607,0,3.081231095352951,0.7191129922866821,3.355621589839105,147,lr_ppo_seed57,lr_ppo,LR-PPO,57
77007,intercepted,1,0,0,0,143,16,8.0,127,143.0,71.5,11.313361167907715,0,3.3930568189825863,3.7378034591674805,3.694491034082906,128,lr_ppo_seed57,lr_ppo,LR-PPO,57
77008,intercepted,1,0,0,0,206,9,4.5,197,206.0,103.0,4.347198009490967,0,3.289346165428258,2.000122547149658,3.497874674383213,198,lr_ppo_seed57,lr_ppo,LR-PPO,57
77009,soldier_caught,0,1,0,0,252,136,68.0,116,,,1.7420436143875122,0,3.245909580308148,2.5972988605499268,3.5505288938525945,117,lr_ppo_seed57,lr_ppo,LR-PPO,57
77010,intercepted,1,0,0,0,263,10,5.0,253,263.0,131.5,5.219310283660889,0,3.206371444534129,2.4409573078155518,3.459540840606459,254,lr_ppo_seed57,lr_ppo,LR-PPO,57
77011,intercepted,1,0,0,0,45,17,8.5,28,45.0,22.5,8.239426612854004,0,3.0561730532810607,1.605736494064331,3.284165063778525,29,lr_ppo_seed57,lr_ppo,LR-PPO,57
77012,soldier_caught,0,1,0,0,146,10,5.0,136,,,1.6567274332046509,0,3.204773858080815,2.2637012004852295,3.479506724772786,137,lr_ppo_seed57,lr_ppo,LR-PPO,57
77013,soldier_caught,0,1,0,0,338,29,14.5,309,,,1.505167841911316,0,3.076997346599256,3.6610336303710938,3.358501839087649,310,lr_ppo_seed57,lr_ppo,LR-PPO,57
77014,intercepted,1,0,0,0,305,10,5.0,295,305.0,152.5,4.9878363609313965,0,3.1063682590988844,8.0872220993042,3.351353722627105,296,lr_ppo_seed57,lr_ppo,LR-PPO,57
77015,soldier_caught,0,1,0,0,126,9,4.5,117,,,0.7726935744285583,0,3.3162341203729984,5.486389636993408,3.6018733380683154,118,lr_ppo_seed57,lr_ppo,LR-PPO,57
77016,intercepted,1,0,0,0,33,8,4.0,25,33.0,16.5,6.749454021453857,0,3.4943099205310526,4.277715682983398,3.860629537407617,26,lr_ppo_seed57,lr_ppo,LR-PPO,57
77017,intercepted,1,0,0,0,136,14,7.0,122,136.0,68.0,11.350142478942871,0,3.399267900280836,2.0786845684051514,3.6431079365194923,123,lr_ppo_seed57,lr_ppo,LR-PPO,57
77018,intercepted,1,0,0,0,825,77,38.5,748,825.0,412.5,2.9381296634674072,0,3.2364739641567097,3.5815868377685547,3.5172887711342304,749,lr_ppo_seed57,lr_ppo,LR-PPO,57
77019,intercepted,1,0,0,0,21,8,4.0,13,21.0,10.5,9.040027618408203,0,3.1437492030007497,1.8016961812973022,3.4199855927638314,14,lr_ppo_seed57,lr_ppo,LR-PPO,57
77020,soldier_caught,0,1,0,0,567,10,5.0,557,,,1.9970874786376953,0,3.262837661263336,2.334658145904541,3.5322952881896437,558,lr_ppo_seed57,lr_ppo,LR-PPO,57
77021,intercepted,1,0,0,0,649,41,20.5,608,649.0,324.5,7.666996955871582,0,3.2634538481828614,3.410595655441284,3.5341791314753817,609,lr_ppo_seed57,lr_ppo,LR-PPO,57
77022,intercepted,1,0,0,0,29,16,8.0,13,29.0,14.5,3.5127291679382324,0,3.9148121220724925,0.6816061735153198,4.14479330859332,14,lr_ppo_seed57,lr_ppo,LR-PPO,57
77023,soldier_caught,0,1,0,0,58,12,6.0,46,,,1.7837411165237427,0,2.995334394434665,3.408903121948242,3.2376969706438876,47,lr_ppo_seed57,lr_ppo,LR-PPO,57
77024,intercepted,1,0,0,0,690,18,9.0,672,690.0,345.0,3.577995777130127,0,3.1370732234057486,3.993152379989624,3.426749981685722,673,lr_ppo_seed57,lr_ppo,LR-PPO,57
77025,intercepted,1,0,0,0,194,57,28.5,137,194.0,97.0,12.863751411437988,0,3.359409167282823,4.451086521148682,3.6221607618931007,138,lr_ppo_seed57,lr_ppo,LR-PPO,57
77026,intercepted,1,0,0,0,28,10,5.0,18,28.0,14.0,8.552523612976074,0,3.398937827662418,0.19792920351028442,3.7205903095973176,19,lr_ppo_seed57,lr_ppo,LR-PPO,57
77027,intercepted,1,0,0,0,109,21,10.5,88,109.0,54.5,2.6702089309692383,0,3.0959694499380133,6.492471218109131,3.3441533337302003,89,lr_ppo_seed57,lr_ppo,LR-PPO,57
77028,soldier_caught,0,1,0,0,149,10,5.0,139,,,1.9180138111114502,0,3.354297132577215,3.6606736183166504,3.5558028876960868,140,lr_ppo_seed57,lr_ppo,LR-PPO,57
77029,soldier_caught,0,1,0,0,208,15,7.5,193,,,0.672019898891449,0,3.1956424249201705,5.669066905975342,3.4513799817660256,194,lr_ppo_seed57,lr_ppo,LR-PPO,57
77030,intercepted,1,0,0,0,57,9,4.5,48,57.0,28.5,9.23330307006836,0,3.25043257401914,2.228428363800049,3.579955965052329,49,lr_ppo_seed57,lr_ppo,LR-PPO,57
77031,intercepted,1,0,0,0,11,9,4.5,2,11.0,5.5,5.430058002471924,0,3.9691503842671714,1.6119041442871094,4.686116120960996,3,lr_ppo_seed57,lr_ppo,LR-PPO,57
77032,intercepted,1,0,0,0,207,31,15.5,176,207.0,103.5,4.286228656768799,0,3.2024698435923473,1.0848591327667236,3.4838033392656613,177,lr_ppo_seed57,lr_ppo,LR-PPO,57
77033,intercepted,1,0,0,0,500,14,7.0,486,500.0,250.0,2.6311683654785156,0,3.1826707484846977,3.405885696411133,3.467585356978471,487,lr_ppo_seed57,lr_ppo,LR-PPO,57
77034,intercepted,1,0,0,0,70,10,5.0,60,70.0,35.0,2.923396348953247,0,3.024579858193632,4.012622356414795,3.309599792170876,61,lr_ppo_seed57,lr_ppo,LR-PPO,57
77035,intercepted,1,0,0,0,235,13,6.5,222,235.0,117.5,6.677524089813232,0,3.065282812300284,3.2668488025665283,3.346302482630385,223,lr_ppo_seed57,lr_ppo,LR-PPO,57
77036,unsafe_intercept,0,0,1,0,15,13,6.5,2,,,3.0319278240203857,0,2.759849707285563,3.039686441421509,2.7831516055147314,3,lr_ppo_seed57,lr_ppo,LR-PPO,57
77037,soldier_caught,0,1,0,0,178,12,6.0,166,,,1.287514328956604,0,3.197102241708847,1.0230529308319092,3.483996136022916,167,lr_ppo_seed57,lr_ppo,LR-PPO,57
77038,soldier_caught,0,1,0,0,423,11,5.5,412,,,1.1666924953460693,0,3.1888455542178766,4.185530662536621,3.451075553117624,413,lr_ppo_seed57,lr_ppo,LR-PPO,57
77039,soldier_caught,0,1,0,0,649,13,6.5,636,,,1.4090995788574219,0,3.195388526239051,4.254062175750732,3.461088338237594,637,lr_ppo_seed57,lr_ppo,LR-PPO,57
77040,intercepted,1,0,0,0,690,10,5.0,680,690.0,345.0,5.65544319152832,0,3.1926327655406426,2.5961434841156006,3.44709970565898,681,lr_ppo_seed57,lr_ppo,LR-PPO,57
77041,intercepted,1,0,0,0,53,18,9.0,35,53.0,26.5,2.860380172729492,0,3.0502098318603306,1.549986720085144,3.473352207576402,36,lr_ppo_seed57,lr_ppo,LR-PPO,57
77042,soldier_caught,0,1,0,0,228,8,4.0,220,,,0.3641737401485443,0,3.218969948960645,3.4371352195739746,3.480036404663321,221,lr_ppo_seed57,lr_ppo,LR-PPO,57
77043,intercepted,1,0,0,0,25,13,6.5,12,25.0,12.5,5.376090049743652,0,3.2887645959854126,2.6222939491271973,3.617234019066955,13,lr_ppo_seed57,lr_ppo,LR-PPO,57
77044,intercepted,1,0,0,0,436,13,6.5,423,436.0,218.0,3.2909023761749268,0,3.198821867060549,1.3738969564437866,3.4755402483592084,424,lr_ppo_seed57,lr_ppo,LR-PPO,57
77045,intercepted,1,0,0,0,533,60,30.0,473,533.0,266.5,7.952578544616699,0,3.1247984869444925,3.3807263374328613,3.40618809976833,474,lr_ppo_seed57,lr_ppo,LR-PPO,57
77046,intercepted,1,0,0,0,348,13,6.5,335,348.0,174.0,4.094674587249756,0,3.2853362615264596,2.0445778369903564,3.593792407901659,336,lr_ppo_seed57,lr_ppo,LR-PPO,57
77047,soldier_caught,0,1,0,0,37,9,4.5,28,,,1.5587804317474365,0,2.748610233438426,2.6391756534576416,3.034321392409359,29,lr_ppo_seed57,lr_ppo,LR-PPO,57
77048,intercepted,1,0,0,0,935,34,17.0,901,935.0,467.5,2.4148969650268555,0,3.197931922460078,3.000703811645508,3.467592387383594,902,lr_ppo_seed57,lr_ppo,LR-PPO,57
77049,soldier_caught,0,1,0,0,160,34,17.0,126,,,1.9228826761245728,0,3.0677528329721584,2.2522988319396973,3.397900179952203,127,lr_ppo_seed57,lr_ppo,LR-PPO,57
77050,intercepted,1,0,0,0,65,10,5.0,55,65.0,32.5,2.0287442207336426,0,3.078945107758045,4.771062850952148,3.4219462293919043,56,lr_ppo_seed57,lr_ppo,LR-PPO,57
77051,intercepted,1,0,0,0,705,15,7.5,690,705.0,352.5,2.526775360107422,0,3.2115842849878775,1.0656182765960693,3.4812024629178526,691,lr_ppo_seed57,lr_ppo,LR-PPO,57
77052,soldier_caught,0,1,0,0,850,17,8.5,833,,,1.3833764791488647,0,3.1987730632725953,0.6031767129898071,3.4761282549951282,834,lr_ppo_seed57,lr_ppo,LR-PPO,57
77053,intercepted,1,0,0,0,298,11,5.5,287,298.0,149.0,5.3855414390563965,0,3.245347062850164,5.9600138664245605,3.494479036844369,288,lr_ppo_seed57,lr_ppo,LR-PPO,57
77054,soldier_caught,0,1,0,0,607,19,9.5,588,,,1.2651305198669434,0,3.275650238039538,4.125794887542725,3.5478900587655873,589,lr_ppo_seed57,lr_ppo,LR-PPO,57
77055,intercepted,1,0,0,0,90,13,6.5,77,90.0,45.0,12.190354347229004,0,3.1774544899280253,4.014721393585205,3.4313351935221172,78,lr_ppo_seed57,lr_ppo,LR-PPO,57
77056,soldier_caught,0,1,0,0,208,132,66.0,76,,,1.6062650680541992,0,3.1676373342414954,2.7822976112365723,3.391120269202347,77,lr_ppo_seed57,lr_ppo,LR-PPO,57
77057,intercepted,1,0,0,0,144,10,5.0,134,144.0,72.0,2.387481212615967,0,3.1538715795234396,4.561432361602783,3.4631255153481937,135,lr_ppo_seed57,lr_ppo,LR-PPO,57
77058,intercepted,1,0,0,0,102,7,3.5,95,102.0,51.0,7.539609909057617,0,3.3415851779282093,4.2084574699401855,3.5822007836114977,96,lr_ppo_seed57,lr_ppo,LR-PPO,57
77059,soldier_caught,0,1,0,0,560,11,5.5,549,,,1.1529213190078735,0,3.0734187897227025,2.5340373516082764,3.331643439381918,550,lr_ppo_seed57,lr_ppo,LR-PPO,57
77060,intercepted,1,0,0,0,366,10,5.0,356,366.0,183.0,2.0639209747314453,0,3.1027736852482923,1.053046703338623,3.3834535743173055,357,lr_ppo_seed57,lr_ppo,LR-PPO,57
77061,soldier_caught,0,1,0,0,206,8,4.0,198,,,1.611596703529358,0,3.30191480454488,1.8307816982269287,3.6058193138044,199,lr_ppo_seed57,lr_ppo,LR-PPO,57
77062,intercepted,1,0,0,0,383,11,5.5,372,383.0,191.5,3.472348690032959,0,3.216772587305739,4.455190181732178,3.4794945275620393,373,lr_ppo_seed57,lr_ppo,LR-PPO,57
77063,intercepted,1,0,0,0,318,8,4.0,310,318.0,159.0,6.620163440704346,0,3.2279711815130288,3.9353394508361816,3.5107643319565076,311,lr_ppo_seed57,lr_ppo,LR-PPO,57
77064,intercepted,1,0,0,0,344,7,3.5,337,344.0,172.0,2.8379592895507812,0,3.1961479112946773,2.157444477081299,3.4751514823531866,338,lr_ppo_seed57,lr_ppo,LR-PPO,57
77065,intercepted,1,0,0,0,65,11,5.5,54,65.0,32.5,5.16741418838501,0,3.387021682479165,0.7535561919212341,3.7000047161879626,55,lr_ppo_seed57,lr_ppo,LR-PPO,57
77066,soldier_caught,0,1,0,0,384,12,6.0,372,,,1.0592255592346191,0,3.0346717194481765,2.989980697631836,3.294918734770248,373,lr_ppo_seed57,lr_ppo,LR-PPO,57
77067,soldier_caught,0,1,0,0,108,82,41.0,26,,,1.2961598634719849,0,3.2033847747025668,3.763176202774048,3.5546352995445782,27,lr_ppo_seed57,lr_ppo,LR-PPO,57
77068,soldier_caught,0,1,0,0,87,10,5.0,77,,,0.6711605787277222,0,3.264258325099945,2.253194808959961,3.5271725265456193,78,lr_ppo_seed57,lr_ppo,LR-PPO,57
77069,intercepted,1,0,0,0,140,9,4.5,131,140.0,70.0,3.3000175952911377,0,3.4114902407834022,4.089824676513672,3.6301922195872107,132,lr_ppo_seed57,lr_ppo,LR-PPO,57
77070,intercepted,1,0,0,0,113,11,5.5,102,113.0,56.5,4.11451530456543,0,2.9632200477192705,3.1777844429016113,3.2018450354813734,103,lr_ppo_seed57,lr_ppo,LR-PPO,57
77071,soldier_caught,0,1,0,0,381,15,7.5,366,,,0.8688506484031677,0,3.072136615821711,2.3760783672332764,3.351896555999461,367,lr_ppo_seed57,lr_ppo,LR-PPO,57
77072,intercepted,1,0,0,0,255,17,8.5,238,255.0,127.5,4.26729679107666,0,3.1042881409119363,1.4071505069732666,3.3998481776118696,239,lr_ppo_seed57,lr_ppo,LR-PPO,57
77073,intercepted,1,0,0,0,252,11,5.5,241,252.0,126.0,5.104752540588379,0,3.1236739510839637,2.5680320262908936,3.403205927858137,242,lr_ppo_seed57,lr_ppo,LR-PPO,57
77074,soldier_caught,0,1,0,0,35,10,5.0,25,,,0.9385565519332886,0,2.9763729583758574,0.30907049775123596,3.329072313145786,26,lr_ppo_seed57,lr_ppo,LR-PPO,57
77075,intercepted,1,0,0,0,458,12,6.0,446,458.0,229.0,4.851723670959473,0,3.20254671646978,2.02957820892334,3.481961889791575,447,lr_ppo_seed57,lr_ppo,LR-PPO,57
77076,intercepted,1,0,0,0,177,8,4.0,169,177.0,88.5,6.483496189117432,0,3.2646731793880464,4.939723014831543,3.558342465105719,170,lr_ppo_seed57,lr_ppo,LR-PPO,57
77077,intercepted,1,0,0,0,202,16,8.0,186,202.0,101.0,2.654636859893799,0,3.046324300734117,2.040039300918579,3.3266057802283577,187,lr_ppo_seed57,lr_ppo,LR-PPO,57
77078,intercepted,1,0,0,0,998,9,4.5,989,998.0,499.0,3.1683366298675537,0,3.141511435400356,2.718919277191162,3.4199804789425583,990,lr_ppo_seed57,lr_ppo,LR-PPO,57
77079,soldier_caught,0,1,0,0,628,22,11.0,606,,,1.943259835243225,0,3.1717084319234092,3.343848943710327,3.422978129124845,607,lr_ppo_seed57,lr_ppo,LR-PPO,57
77080,intercepted,1,0,0,0,246,9,4.5,237,246.0,123.0,5.215240955352783,0,3.295473285582887,1.9030628204345703,3.5424242075109715,238,lr_ppo_seed57,lr_ppo,LR-PPO,57
77081,soldier_caught,0,1,0,0,484,30,15.0,454,,,0.9505287408828735,0,3.133924909738394,3.9197654724121094,3.3902288941417895,455,lr_ppo_seed57,lr_ppo,LR-PPO,57
77082,intercepted,1,0,0,0,460,8,4.0,452,460.0,230.0,3.3000659942626953,0,3.2653029856434457,1.4859340190887451,3.54963875620834,453,lr_ppo_seed57,lr_ppo,LR-PPO,57
77083,intercepted,1,0,0,0,22,8,4.0,14,22.0,11.0,5.809381008148193,0,2.954786539077759,1.4946541786193848,3.2639502135831293,15,lr_ppo_seed57,lr_ppo,LR-PPO,57
77084,intercepted,1,0,0,0,87,10,5.0,77,87.0,43.5,3.298949718475342,0,2.9533815406835995,3.434370994567871,3.2953666356332296,78,lr_ppo_seed57,lr_ppo,LR-PPO,57
77085,unsafe_intercept,0,0,1,0,10,8,4.0,2,,,2.842132568359375,0,2.7350168228149414,1.932948350906372,2.9266637584282367,3,lr_ppo_seed57,lr_ppo,LR-PPO,57
77086,intercepted,1,0,0,0,945,9,4.5,936,945.0,472.5,2.2227728366851807,0,3.1933313928138993,4.87983512878418,3.473761404766248,937,lr_ppo_seed57,lr_ppo,LR-PPO,57
77087,intercepted,1,0,0,0,221,9,4.5,212,221.0,110.5,3.787273645401001,0,3.1829323916927748,4.313502311706543,3.449306342832207,213,lr_ppo_seed57,lr_ppo,LR-PPO,57
77088,intercepted,1,0,0,0,193,9,4.5,184,193.0,96.5,8.761977195739746,0,2.9530483445605715,2.3588898181915283,3.2004815950821395,185,lr_ppo_seed57,lr_ppo,LR-PPO,57
77089,intercepted,1,0,0,0,237,49,24.5,188,237.0,118.5,2.515822649002075,0,3.171288772392525,3.5565550327301025,3.436038339949567,189,lr_ppo_seed57,lr_ppo,LR-PPO,57
77090,intercepted,1,0,0,0,210,10,5.0,200,210.0,105.0,2.22733736038208,0,3.025600570722006,1.8548781871795654,3.3136986601640026,201,lr_ppo_seed57,lr_ppo,LR-PPO,57
77091,intercepted,1,0,0,0,295,8,4.0,287,295.0,147.5,6.452775478363037,0,3.1859675615818963,1.4987953901290894,3.445631244580525,288,lr_ppo_seed57,lr_ppo,LR-PPO,57
77092,intercepted,1,0,0,0,69,9,4.5,60,69.0,34.5,8.443634033203125,0,2.9700967786742036,2.5444562435150146,3.185100746279141,61,lr_ppo_seed57,lr_ppo,LR-PPO,57
77093,intercepted,1,0,0,0,200,40,20.0,160,200.0,100.0,2.6909022331237793,0,3.0897391660613303,2.0392649173736572,3.3836887321062723,161,lr_ppo_seed57,lr_ppo,LR-PPO,57
77094,soldier_caught,0,1,0,0,63,15,7.5,48,,,1.9344507455825806,0,3.0680483166052372,2.7824888229370117,3.3313973336459903,49,lr_ppo_seed57,lr_ppo,LR-PPO,57
77095,intercepted,1,0,0,0,78,10,5.0,68,78.0,39.0,4.060747146606445,0,3.290849658890047,2.0236668586730957,3.5411884106132487,69,lr_ppo_seed57,lr_ppo,LR-PPO,57
77096,intercepted,1,0,0,0,286,12,6.0,274,286.0,143.0,7.252764701843262,0,3.210866844437339,1.9124332666397095,3.470387033590896,275,lr_ppo_seed57,lr_ppo,LR-PPO,57
77097,intercepted,1,0,0,0,452,11,5.5,441,452.0,226.0,2.5803847312927246,0,3.086411517130304,3.379877805709839,3.3736103010882106,442,lr_ppo_seed57,lr_ppo,LR-PPO,57
77098,intercepted,1,0,0,0,271,11,5.5,260,271.0,135.5,6.925820827484131,0,3.201436339667017,3.427053928375244,3.472004309334186,261,lr_ppo_seed57,lr_ppo,LR-PPO,57
77099,intercepted,1,0,0,0,10,8,4.0,2,10.0,5.0,6.329300880432129,0,3.66765824953715,4.079744815826416,3.681706939980378,3,lr_ppo_seed57,lr_ppo,LR-PPO,57
77100,intercepted,1,0,0,0,813,20,10.0,793,813.0,406.5,2.104355812072754,0,3.2022692594930566,6.1723856925964355,3.477858216570385,794,lr_ppo_seed57,lr_ppo,LR-PPO,57
77101,intercepted,1,0,0,0,52,15,7.5,37,52.0,26.0,8.58883285522461,0,3.2879244575375006,2.669973611831665,3.6378872955233112,38,lr_ppo_seed57,lr_ppo,LR-PPO,57
77102,intercepted,1,0,0,0,129,10,5.0,119,129.0,64.5,9.760965347290039,0,3.234858873983224,5.324256896972656,3.472462751266682,120,lr_ppo_seed57,lr_ppo,LR-PPO,57
77103,intercepted,1,0,0,0,209,8,4.0,201,209.0,104.5,2.976262331008911,0,3.056468206762087,5.573925018310547,3.3244692595079326,202,lr_ppo_seed57,lr_ppo,LR-PPO,57
77104,intercepted,1,0,0,0,39,12,6.0,27,39.0,19.5,2.9405088424682617,0,3.055007086268493,4.77519416809082,3.3817816878999145,28,lr_ppo_seed57,lr_ppo,LR-PPO,57
77105,intercepted,1,0,0,0,494,25,12.5,469,494.0,247.0,3.9374520778656006,0,3.2289732431160645,3.04019832611084,3.5160763177391687,470,lr_ppo_seed57,lr_ppo,LR-PPO,57
77106,intercepted,1,0,0,0,355,12,6.0,343,355.0,177.5,2.2718141078948975,0,3.29577969430491,4.489790916442871,3.5418324035288338,344,lr_ppo_seed57,lr_ppo,LR-PPO,57
77107,intercepted,1,0,0,0,254,8,4.0,246,254.0,127.0,3.4453351497650146,0,3.0952725110025057,1.6089516878128052,3.381252920185035,247,lr_ppo_seed57,lr_ppo,LR-PPO,57
77108,intercepted,1,0,0,0,200,11,5.5,189,200.0,100.0,7.425159931182861,0,3.157825103480565,2.174137592315674,3.457059799197071,190,lr_ppo_seed57,lr_ppo,LR-PPO,57
77109,intercepted,1,0,0,0,208,9,4.5,199,208.0,104.0,7.856972694396973,0,3.1142405715584753,2.4170053005218506,3.3693952723770395,200,lr_ppo_seed57,lr_ppo,LR-PPO,57
77110,intercepted,1,0,0,0,122,15,7.5,107,122.0,61.0,2.1429944038391113,0,2.9651970060335264,3.611182928085327,3.276838298263817,108,lr_ppo_seed57,lr_ppo,LR-PPO,57
77111,intercepted,1,0,0,0,708,9,4.5,699,708.0,354.0,2.389897346496582,0,3.2355290414180073,1.2565335035324097,3.501186512982773,700,lr_ppo_seed57,lr_ppo,LR-PPO,57
77112,intercepted,1,0,0,0,516,32,16.0,484,516.0,258.0,4.429747581481934,0,3.21770452070482,0.8394709825515747,3.4870021114788123,485,lr_ppo_seed57,lr_ppo,LR-PPO,57
77113,intercepted,1,0,0,0,528,12,6.0,516,528.0,264.0,3.0670440196990967,0,3.18329923399643,0.7435557842254639,3.4487402523034487,517,lr_ppo_seed57,lr_ppo,LR-PPO,57
77114,soldier_caught,0,1,0,0,462,12,6.0,450,,,0.7613925933837891,0,3.288723005423789,3.6588382720947266,3.5579231565023193,451,lr_ppo_seed57,lr_ppo,LR-PPO,57
77115,intercepted,1,0,0,0,417,14,7.0,403,417.0,208.5,2.3300180435180664,0,3.194390114064854,7.178781986236572,3.46049035054026,404,lr_ppo_seed57,lr_ppo,LR-PPO,57
77116,intercepted,1,0,0,0,331,23,11.5,308,331.0,165.5,2.6632080078125,0,3.191667786886777,1.2257405519485474,3.46955516176126,309,lr_ppo_seed57,lr_ppo,LR-PPO,57
77117,intercepted,1,0,0,0,577,11,5.5,566,577.0,288.5,3.101163864135742,0,3.2490985083937436,1.7347968816757202,3.5696032185286795,567,lr_ppo_seed57,lr_ppo,LR-PPO,57
77118,intercepted,1,0,0,0,43,10,5.0,33,43.0,21.5,2.8235459327697754,0,3.2267565026002774,1.8478504419326782,3.49586800335091,34,lr_ppo_seed57,lr_ppo,LR-PPO,57
77119,intercepted,1,0,0,0,76,8,4.0,68,76.0,38.0,2.600473403930664,0,3.3306764131006985,3.135091543197632,3.679470668966896,69,lr_ppo_seed57,lr_ppo,LR-PPO,57
77120,intercepted,1,0,0,0,250,19,9.5,231,250.0,125.0,10.01733684539795,0,3.1762221406759887,3.4493939876556396,3.476999233508164,232,lr_ppo_seed57,lr_ppo,LR-PPO,57
77121,soldier_caught,0,1,0,0,17,14,7.0,3,,,1.9044355154037476,0,3.216401845216751,7.025433540344238,3.925787430344323,4,lr_ppo_seed57,lr_ppo,LR-PPO,57
77122,intercepted,1,0,0,0,97,10,5.0,87,97.0,48.5,5.81882381439209,0,3.259664937853813,1.1740258932113647,3.566685036898712,88,lr_ppo_seed57,lr_ppo,LR-PPO,57
77123,intercepted,1,0,0,0,1258,8,4.0,1250,1258.0,629.0,2.3868114948272705,0,3.1829748776057163,1.9769877195358276,3.4511825026526948,1251,lr_ppo_seed57,lr_ppo,LR-PPO,57
77124,intercepted,1,0,0,0,191,13,6.5,178,191.0,95.5,2.6578075885772705,0,3.2420318516273072,3.4257307052612305,3.4676807062366595,179,lr_ppo_seed57,lr_ppo,LR-PPO,57
77125,soldier_caught,0,1,0,0,202,7,3.5,195,,,1.8881042003631592,0,3.3475010442186375,3.5865824222564697,3.668266590078477,196,lr_ppo_seed57,lr_ppo,LR-PPO,57
77126,intercepted,1,0,0,0,118,12,6.0,106,118.0,59.0,2.954693078994751,0,3.2774999230821558,2.3714022636413574,3.509228911965821,107,lr_ppo_seed57,lr_ppo,LR-PPO,57
77127,intercepted,1,0,0,0,871,12,6.0,859,871.0,435.5,4.129186153411865,0,3.1981065359226495,3.1997878551483154,3.4704590920990044,860,lr_ppo_seed57,lr_ppo,LR-PPO,57
77128,soldier_caught,0,1,0,0,12,9,4.5,3,,,1.7642817497253418,0,3.26161926984787,3.4505672454833984,3.392098672776998,4,lr_ppo_seed57,lr_ppo,LR-PPO,57
77129,intercepted,1,0,0,0,584,18,9.0,566,584.0,292.0,2.173823833465576,0,3.2581902323997,2.4754691123962402,3.5194800454294137,567,lr_ppo_seed57,lr_ppo,LR-PPO,57
77130,intercepted,1,0,0,0,457,10,5.0,447,457.0,228.5,7.648200988769531,0,3.2635538897344043,4.073978900909424,3.5220421116721083,448,lr_ppo_seed57,lr_ppo,LR-PPO,57
77131,intercepted,1,0,0,0,755,11,5.5,744,755.0,377.5,2.488475799560547,0,3.1493505514908158,2.8430027961730957,3.4209645247543934,745,lr_ppo_seed57,lr_ppo,LR-PPO,57
77132,intercepted,1,0,0,0,137,10,5.0,127,137.0,68.5,3.0687339305877686,0,3.4084905283525586,3.9096267223358154,3.7015378151079177,128,lr_ppo_seed57,lr_ppo,LR-PPO,57
77133,soldier_caught,0,1,0,0,62,11,5.5,51,,,1.2904027700424194,0,3.4324564922314424,6.0139384269714355,3.717705035263535,52,lr_ppo_seed57,lr_ppo,LR-PPO,57
77134,intercepted,1,0,0,0,272,9,4.5,263,272.0,136.0,5.078668117523193,0,3.1055050252965004,1.105672001838684,3.364441177593709,264,lr_ppo_seed57,lr_ppo,LR-PPO,57
77135,intercepted,1,0,0,0,118,9,4.5,109,118.0,59.0,3.4627716541290283,0,3.122884414954619,2.984018087387085,3.392410540831052,110,lr_ppo_seed57,lr_ppo,LR-PPO,57
77136,soldier_caught,0,1,0,0,275,166,83.0,109,,,0.8827805519104004,0,3.295722644437443,2.9281492233276367,3.5758712741578993,110,lr_ppo_seed57,lr_ppo,LR-PPO,57
77137,soldier_caught,0,1,0,0,55,7,3.5,48,,,1.3208401203155518,0,3.3796380137910647,3.081603527069092,3.624568054724233,49,lr_ppo_seed57,lr_ppo,LR-PPO,57
77138,intercepted,1,0,0,0,109,15,7.5,94,109.0,54.5,7.248675346374512,0,3.153698108070775,3.77186918258667,3.3754500062081343,95,lr_ppo_seed57,lr_ppo,LR-PPO,57
77139,soldier_caught,0,1,0,0,43,14,7.0,29,,,1.4969265460968018,0,3.071050347884496,2.171837091445923,3.282164357570584,30,lr_ppo_seed57,lr_ppo,LR-PPO,57
77140,intercepted,1,0,0,0,236,15,7.5,221,236.0,118.0,8.171150207519531,0,3.1863210198578535,5.030176639556885,3.429631618892831,222,lr_ppo_seed57,lr_ppo,LR-PPO,57
77141,intercepted,1,0,0,0,300,16,8.0,284,300.0,150.0,10.351308822631836,0,3.1510427908939227,3.1838810443878174,3.402972031312172,285,lr_ppo_seed57,lr_ppo,LR-PPO,57
77142,soldier_caught,0,1,0,0,41,14,7.0,27,,,1.736620545387268,0,2.771753649626459,2.234253168106079,2.962465269366975,28,lr_ppo_seed57,lr_ppo,LR-PPO,57
77143,intercepted,1,0,0,0,610,13,6.5,597,610.0,305.0,6.153926849365234,0,3.1492420058186634,4.056456565856934,3.4039370725522415,598,lr_ppo_seed57,lr_ppo,LR-PPO,57
77144,intercepted,1,0,0,0,670,8,4.0,662,670.0,335.0,5.127936840057373,0,3.206792362000608,3.6776559352874756,3.4859337298805086,663,lr_ppo_seed57,lr_ppo,LR-PPO,57
77145,intercepted,1,0,0,0,276,21,10.5,255,276.0,138.0,4.981537342071533,0,3.2809695112518966,1.3643337488174438,3.60235067195,256,lr_ppo_seed57,lr_ppo,LR-PPO,57
77146,intercepted,1,0,0,0,34,11,5.5,23,34.0,17.0,9.00391960144043,0,3.335097163915634,4.00636100769043,3.614401942283851,24,lr_ppo_seed57,lr_ppo,LR-PPO,57
77147,intercepted,1,0,0,0,223,14,7.0,209,223.0,111.5,10.831189155578613,0,3.4197136458896455,2.3147363662719727,3.7131607692187014,210,lr_ppo_seed57,lr_ppo,LR-PPO,57
77148,intercepted,1,0,0,0,153,16,8.0,137,153.0,76.5,8.549922943115234,0,3.0341052659179852,0.9636427760124207,3.330174974968054,138,lr_ppo_seed57,lr_ppo,LR-PPO,57
77149,soldier_caught,0,1,0,0,40,13,6.5,27,,,0.6274095177650452,0,2.924859983580453,1.1271312236785889,3.2231035446644456,28,lr_ppo_seed57,lr_ppo,LR-PPO,57
77150,intercepted,1,0,0,0,92,10,5.0,82,92.0,46.0,7.356959819793701,0,3.156073946550668,2.386380910873413,3.432578223829139,83,lr_ppo_seed57,lr_ppo,LR-PPO,57
77151,intercepted,1,0,0,0,176,12,6.0,164,176.0,88.0,7.2658538818359375,0,3.2217315251177006,4.287849426269531,3.4597506955380415,165,lr_ppo_seed57,lr_ppo,LR-PPO,57
77152,intercepted,1,0,0,0,341,27,13.5,314,341.0,170.5,6.453092575073242,0,3.0970519404562693,0.8619959354400635,3.373687117845731,315,lr_ppo_seed57,lr_ppo,LR-PPO,57
77153,soldier_caught,0,1,0,0,35,11,5.5,24,,,0.6496626734733582,0,3.566835095882416,1.5516384840011597,3.8848585856493614,25,lr_ppo_seed57,lr_ppo,LR-PPO,57
77154,intercepted,1,0,0,0,303,15,7.5,288,303.0,151.5,8.088240623474121,0,3.194963610605385,4.2622528076171875,3.4735633379926862,289,lr_ppo_seed57,lr_ppo,LR-PPO,57
77155,intercepted,1,0,0,0,257,12,6.0,245,257.0,128.5,7.448750972747803,0,3.0093169308047956,4.475822448730469,3.271263559096324,246,lr_ppo_seed57,lr_ppo,LR-PPO,57
77156,soldier_caught,0,1,0,0,774,10,5.0,764,,,1.7852555513381958,0,3.1503486621613597,1.3915350437164307,3.418151839685872,765,lr_ppo_seed57,lr_ppo,LR-PPO,57
77157,soldier_caught,0,1,0,0,38,13,6.5,25,,,1.7047202587127686,0,3.4459950900994816,1.9945462942123413,3.7321897701643483,26,lr_ppo_seed57,lr_ppo,LR-PPO,57
77158,soldier_caught,0,1,0,0,1132,8,4.0,1124,,,1.227233648300171,0,3.117753759039773,1.840977430343628,3.3907833168772874,1125,lr_ppo_seed57,lr_ppo,LR-PPO,57
77159,intercepted,1,0,0,0,213,16,8.0,197,213.0,106.5,3.9201622009277344,0,3.1396148033214337,2.762268304824829,3.408341377640929,198,lr_ppo_seed57,lr_ppo,LR-PPO,57
77160,intercepted,1,0,0,0,140,17,8.5,123,140.0,70.0,9.521876335144043,0,3.153881544667867,4.208493709564209,3.4076577388707268,124,lr_ppo_seed57,lr_ppo,LR-PPO,57
77161,intercepted,1,0,0,0,42,10,5.0,32,42.0,21.0,2.6105360984802246,0,3.5286948482195535,2.9698898792266846,3.804712809476663,33,lr_ppo_seed57,lr_ppo,LR-PPO,57
77162,intercepted,1,0,0,0,210,15,7.5,195,210.0,105.0,9.408510208129883,0,3.145338883965599,1.5332486629486084,3.4426884141412475,196,lr_ppo_seed57,lr_ppo,LR-PPO,57
77163,intercepted,1,0,0,0,636,19,9.5,617,636.0,318.0,6.391568183898926,0,3.2223592257808327,2.6415085792541504,3.4843390828180634,618,lr_ppo_seed57,lr_ppo,LR-PPO,57
77164,soldier_caught,0,1,0,0,108,12,6.0,96,,,1.7286165952682495,0,3.1205735102142254,3.728956699371338,3.373611327508983,97,lr_ppo_seed57,lr_ppo,LR-PPO,57
77165,intercepted,1,0,0,0,70,14,7.0,56,70.0,35.0,6.967075824737549,0,3.2349794496569717,6.507866859436035,3.4409157059045574,57,lr_ppo_seed57,lr_ppo,LR-PPO,57
77166,intercepted,1,0,0,0,216,16,8.0,200,216.0,108.0,6.94998836517334,0,3.278875655054453,2.541459083557129,3.554617222086773,201,lr_ppo_seed57,lr_ppo,LR-PPO,57
77167,unsafe_intercept,0,0,1,0,13,11,5.5,2,,,2.6861653327941895,0,2.887754281361898,3.430077314376831,2.9217378239620166,3,lr_ppo_seed57,lr_ppo,LR-PPO,57
77168,intercepted,1,0,0,0,490,12,6.0,478,490.0,245.0,10.460318565368652,0,3.11321221288908,3.952345371246338,3.3800079491004196,479,lr_ppo_seed57,lr_ppo,LR-PPO,57
77169,intercepted,1,0,0,0,299,10,5.0,289,299.0,149.5,3.2818567752838135,0,3.3207721247241415,4.239844799041748,3.597711672039318,290,lr_ppo_seed57,lr_ppo,LR-PPO,57
77170,intercepted,1,0,0,0,228,30,15.0,198,228.0,114.0,7.365494728088379,0,3.1814866446370456,3.823577642440796,3.428976923884328,199,lr_ppo_seed57,lr_ppo,LR-PPO,57
77171,intercepted,1,0,0,0,24,9,4.5,15,24.0,12.0,10.25634765625,0,3.43516493588686,4.599077224731445,3.746946931010434,16,lr_ppo_seed57,lr_ppo,LR-PPO,57
77172,intercepted,1,0,0,0,453,12,6.0,441,453.0,226.5,2.4167392253875732,0,3.2641083916050815,2.1048929691314697,3.5627591907363563,442,lr_ppo_seed57,lr_ppo,LR-PPO,57
77173,intercepted,1,0,0,0,195,60,30.0,135,195.0,97.5,4.5829010009765625,0,3.045000333558111,2.7329561710357666,3.319471998392315,136,lr_ppo_seed57,lr_ppo,LR-PPO,57
77174,intercepted,1,0,0,0,174,15,7.5,159,174.0,87.0,3.2019741535186768,0,3.3280532486736774,4.0296854972839355,3.575565459624892,160,lr_ppo_seed57,lr_ppo,LR-PPO,57
77175,soldier_caught,0,1,0,0,152,7,3.5,145,,,1.0678074359893799,0,3.1121853643084227,7.2671732902526855,3.4613514043216096,146,lr_ppo_seed57,lr_ppo,LR-PPO,57
77176,intercepted,1,0,0,0,39,13,6.5,26,39.0,19.5,6.369230270385742,0,3.2161521249347262,3.2072694301605225,3.5382515223331863,27,lr_ppo_seed57,lr_ppo,LR-PPO,57
77177,intercepted,1,0,0,0,433,14,7.0,419,433.0,216.5,3.180356025695801,0,3.11441919477213,3.0252959728240967,3.379732909194837,420,lr_ppo_seed57,lr_ppo,LR-PPO,57
77178,intercepted,1,0,0,0,428,10,5.0,418,428.0,214.0,2.246807813644409,0,3.330952692430173,6.0632500648498535,3.6071350487722604,419,lr_ppo_seed57,lr_ppo,LR-PPO,57
77179,soldier_caught,0,1,0,0,61,10,5.0,51,,,1.137284755706787,0,3.3372830163974028,2.9983153343200684,3.5511339007861737,52,lr_ppo_seed57,lr_ppo,LR-PPO,57
77180,soldier_caught,0,1,0,0,16,13,6.5,3,,,1.5187346935272217,0,3.3532642126083374,2.8162224292755127,3.6675909781517477,4,lr_ppo_seed57,lr_ppo,LR-PPO,57
77181,intercepted,1,0,0,0,768,19,9.5,749,768.0,384.0,5.94669246673584,0,3.148142201344172,4.111764907836914,3.407852346535448,750,lr_ppo_seed57,lr_ppo,LR-PPO,57
77182,intercepted,1,0,0,0,318,13,6.5,305,318.0,159.0,2.963712215423584,0,3.300119014055121,3.6626572608947754,3.559199812035281,306,lr_ppo_seed57,lr_ppo,LR-PPO,57
77183,intercepted,1,0,0,0,40,8,4.0,32,40.0,20.0,3.656954288482666,0,3.4808549573927214,2.1503987312316895,3.772744247963538,33,lr_ppo_seed57,lr_ppo,LR-PPO,57
77184,intercepted,1,0,0,0,480,15,7.5,465,480.0,240.0,4.297799110412598,0,3.12704850215257,3.702592134475708,3.417728160874046,466,lr_ppo_seed57,lr_ppo,LR-PPO,57
77185,intercepted,1,0,0,0,105,32,16.0,73,105.0,52.5,11.077049255371094,0,3.109358324795156,3.020310640335083,3.428309303884017,74,lr_ppo_seed57,lr_ppo,LR-PPO,57
77186,soldier_caught,0,1,0,0,193,11,5.5,182,,,1.9798130989074707,0,3.3320267410551914,3.0373504161834717,3.5992034536729225,183,lr_ppo_seed57,lr_ppo,LR-PPO,57
77187,intercepted,1,0,0,0,657,7,3.5,650,657.0,328.5,4.276850700378418,0,3.204173496699736,3.452958106994629,3.46122347621369,651,lr_ppo_seed57,lr_ppo,LR-PPO,57
77188,intercepted,1,0,0,0,39,12,6.0,27,39.0,19.5,3.5618720054626465,0,2.732111926589693,0.60035240650177,2.9495915238653105,28,lr_ppo_seed57,lr_ppo,LR-PPO,57
77189,intercepted,1,0,0,0,195,8,4.0,187,195.0,97.5,8.971785545349121,0,3.2332719570778785,4.287949562072754,3.4842216166235476,188,lr_ppo_seed57,lr_ppo,LR-PPO,57
77190,intercepted,1,0,0,0,13,12,6.0,1,13.0,6.5,3.7210752964019775,0,3.6835495233535767,5.599480628967285,4.152027106421215,2,lr_ppo_seed57,lr_ppo,LR-PPO,57
77191,intercepted,1,0,0,0,33,7,3.5,26,33.0,16.5,5.064533233642578,0,3.1942062819445574,2.266934871673584,3.405156252086859,27,lr_ppo_seed57,lr_ppo,LR-PPO,57
77192,soldier_caught,0,1,0,0,63,7,3.5,56,,,1.5713313817977905,0,3.219691414582102,2.470813035964966,3.4448525538956023,57,lr_ppo_seed57,lr_ppo,LR-PPO,57
77193,intercepted,1,0,0,0,353,9,4.5,344,353.0,176.5,4.6186041831970215,0,3.146353977745858,3.589075803756714,3.443669749395206,345,lr_ppo_seed57,lr_ppo,LR-PPO,57
77194,intercepted,1,0,0,0,164,20,10.0,144,164.0,82.0,4.584577560424805,0,2.997315325408146,4.800704002380371,3.2340747021641194,145,lr_ppo_seed57,lr_ppo,LR-PPO,57
77195,intercepted,1,0,0,0,41,7,3.5,34,41.0,20.5,4.591727256774902,0,2.902644450323922,5.941991806030273,3.232194099302013,35,lr_ppo_seed57,lr_ppo,LR-PPO,57
77196,intercepted,1,0,0,0,128,9,4.5,119,128.0,64.0,5.4425153732299805,0,3.0645082637667658,3.3961856365203857,3.349458722519908,120,lr_ppo_seed57,lr_ppo,LR-PPO,57
77197,intercepted,1,0,0,0,643,27,13.5,616,643.0,321.5,5.196955680847168,0,3.129638409836752,3.4581689834594727,3.3954571270063,617,lr_ppo_seed57,lr_ppo,LR-PPO,57
77198,soldier_caught,0,1,0,0,244,8,4.0,236,,,1.7504292726516724,0,3.1614902856983718,2.1481661796569824,3.428086013927414,237,lr_ppo_seed57,lr_ppo,LR-PPO,57
77199,intercepted,1,0,0,0,46,17,8.5,29,46.0,23.0,12.211069107055664,0,3.274029940366745,6.0269083976745605,3.533052707370489,30,lr_ppo_seed57,lr_ppo,LR-PPO,57
77200,intercepted,1,0,0,0,1301,21,10.5,1280,1301.0,650.5,3.147308588027954,0,3.135015669416209,3.2244019508361816,3.3919099393134964,1281,lr_ppo_seed57,lr_ppo,LR-PPO,57
77201,intercepted,1,0,0,0,232,9,4.5,223,232.0,116.0,7.222886562347412,0,3.0089167238080075,2.1937105655670166,3.2664884063644415,224,lr_ppo_seed57,lr_ppo,LR-PPO,57
77202,intercepted,1,0,0,0,758,11,5.5,747,758.0,379.0,2.893749713897705,0,3.104809547928884,3.2225828170776367,3.3789864649195946,748,lr_ppo_seed57,lr_ppo,LR-PPO,57
77203,intercepted,1,0,0,0,220,14,7.0,206,220.0,110.0,7.836512088775635,0,3.1880843331272475,4.441504001617432,3.439536340282268,207,lr_ppo_seed57,lr_ppo,LR-PPO,57
77204,intercepted,1,0,0,0,307,35,17.5,272,307.0,153.5,8.01980972290039,0,3.2332544842045823,7.425989627838135,3.4914816701988824,273,lr_ppo_seed57,lr_ppo,LR-PPO,57
77205,intercepted,1,0,0,0,153,11,5.5,142,153.0,76.5,3.460527181625366,0,3.178268919041107,3.0039758682250977,3.4612224656419404,143,lr_ppo_seed57,lr_ppo,LR-PPO,57
77206,intercepted,1,0,0,0,403,11,5.5,392,403.0,201.5,4.54074239730835,0,3.157005946675633,2.451664924621582,3.4219392649100393,393,lr_ppo_seed57,lr_ppo,LR-PPO,57
77207,intercepted,1,0,0,0,146,9,4.5,137,146.0,73.0,5.7904744148254395,0,3.1872614371603816,2.7934377193450928,3.456401459883233,138,lr_ppo_seed57,lr_ppo,LR-PPO,57
77208,soldier_caught,0,1,0,0,46,44,22.0,2,,,1.0827052593231201,0,2.288666248321533,2.173663377761841,2.3315680090194078,3,lr_ppo_seed57,lr_ppo,LR-PPO,57
77209,intercepted,1,0,0,0,167,20,10.0,147,167.0,83.5,5.159917831420898,0,3.078425347402289,2.7539100646972656,3.3510978972170373,148,lr_ppo_seed57,lr_ppo,LR-PPO,57
77210,intercepted,1,0,0,0,304,19,9.5,285,304.0,152.0,2.3787734508514404,0,3.065526656754367,2.4896557331085205,3.3167748874510012,286,lr_ppo_seed57,lr_ppo,LR-PPO,57
77211,intercepted,1,0,0,0,217,13,6.5,204,217.0,108.5,3.5361104011535645,0,3.142572828327737,4.185391902923584,3.4002422400989243,205,lr_ppo_seed57,lr_ppo,LR-PPO,57
77212,intercepted,1,0,0,0,159,11,5.5,148,159.0,79.5,6.134455680847168,0,3.131469642955985,6.374553680419922,3.42166470036275,149,lr_ppo_seed57,lr_ppo,LR-PPO,57
77213,intercepted,1,0,0,0,184,9,4.5,175,184.0,92.0,7.689752101898193,0,3.1632609357210724,1.3028188943862915,3.4314169148072953,176,lr_ppo_seed57,lr_ppo,LR-PPO,57
77214,intercepted,1,0,0,0,406,13,6.5,393,406.0,203.0,4.829036712646484,0,3.0922470933138415,3.430999755859375,3.3550823174282467,394,lr_ppo_seed57,lr_ppo,LR-PPO,57
77215,soldier_caught,0,1,0,0,12,10,5.0,2,,,1.3886111974716187,0,1.797153651714325,3.638822555541992,2.2451240240622634,3,lr_ppo_seed57,lr_ppo,LR-PPO,57
77216,intercepted,1,0,0,0,478,42,21.0,436,478.0,239.0,6.203437805175781,0,3.2783359736545137,1.022727370262146,3.552743883919937,437,lr_ppo_seed57,lr_ppo,LR-PPO,57
77217,intercepted,1,0,0,0,325,11,5.5,314,325.0,162.5,5.960594654083252,0,3.212091881793643,3.153364658355713,3.490890083853995,315,lr_ppo_seed57,lr_ppo,LR-PPO,57
77218,soldier_caught,0,1,0,0,94,16,8.0,78,,,1.6147491931915283,0,3.3228548840631413,3.9263381958007812,3.6841884434568266,79,lr_ppo_seed57,lr_ppo,LR-PPO,57
77219,intercepted,1,0,0,0,125,7,3.5,118,125.0,62.5,3.0050406455993652,0,3.132800797704889,1.8454140424728394,3.4143667892480516,119,lr_ppo_seed57,lr_ppo,LR-PPO,57
77220,intercepted,1,0,0,0,360,11,5.5,349,360.0,180.0,4.545292377471924,0,3.3353556388616563,3.623337507247925,3.5885536877987105,350,lr_ppo_seed57,lr_ppo,LR-PPO,57
77221,intercepted,1,0,0,0,345,9,4.5,336,345.0,172.5,5.888391494750977,0,3.017078595805239,2.8523647785186768,3.2612484606035093,337,lr_ppo_seed57,lr_ppo,LR-PPO,57
77222,intercepted,1,0,0,0,168,9,4.5,159,168.0,84.0,9.481805801391602,0,3.1799780137836935,2.606920003890991,3.428636834516644,160,lr_ppo_seed57,lr_ppo,LR-PPO,57
77223,intercepted,1,0,0,0,10,8,4.0,2,10.0,5.0,5.114369869232178,0,2.306878407796224,3.450608968734741,2.5745429005443246,3,lr_ppo_seed57,lr_ppo,LR-PPO,57
77224,soldier_caught,0,1,0,0,207,12,6.0,195,,,1.297652006149292,0,3.1087274691280053,0.8640283346176147,3.426922440123331,196,lr_ppo_seed57,lr_ppo,LR-PPO,57
77225,soldier_caught,0,1,0,0,123,80,40.0,43,,,1.7030484676361084,0,3.2158153382214634,2.8694028854370117,3.464181416560055,44,lr_ppo_seed57,lr_ppo,LR-PPO,57
77226,intercepted,1,0,0,0,802,16,8.0,786,802.0,401.0,3.8272712230682373,0,3.235107343184751,3.733717203140259,3.506178103005451,787,lr_ppo_seed57,lr_ppo,LR-PPO,57
77227,intercepted,1,0,0,0,178,10,5.0,168,178.0,89.0,2.6758275032043457,0,3.0639180888438364,1.9970366954803467,3.3261559031320806,169,lr_ppo_seed57,lr_ppo,LR-PPO,57
77228,intercepted,1,0,0,0,339,15,7.5,324,339.0,169.5,3.889427661895752,0,3.1136086385983686,3.341052293777466,3.3907832602910712,325,lr_ppo_seed57,lr_ppo,LR-PPO,57
77229,intercepted,1,0,0,0,544,8,4.0,536,544.0,272.0,2.242811441421509,0,3.1968626832273865,3.530898332595825,3.4822022249953952,537,lr_ppo_seed57,lr_ppo,LR-PPO,57
77230,intercepted,1,0,0,0,461,17,8.5,444,461.0,230.5,2.610092878341675,0,3.266392606530297,2.257443904876709,3.5517563687750675,445,lr_ppo_seed57,lr_ppo,LR-PPO,57
77231,intercepted,1,0,0,0,715,14,7.0,701,715.0,357.5,3.5095179080963135,0,3.1942000026971185,1.26523756980896,3.4469914090700255,702,lr_ppo_seed57,lr_ppo,LR-PPO,57
77232,intercepted,1,0,0,0,209,11,5.5,198,209.0,104.5,2.2174038887023926,0,3.238729277298079,3.723119020462036,3.518420577735671,199,lr_ppo_seed57,lr_ppo,LR-PPO,57
77233,soldier_caught,0,1,0,0,76,8,4.0,68,,,1.3397454023361206,0,3.1460167152294214,1.3102021217346191,3.4348530772651804,69,lr_ppo_seed57,lr_ppo,LR-PPO,57
77234,soldier_caught,0,1,0,0,263,11,5.5,252,,,1.224998950958252,0,3.2998503335850984,4.57243013381958,3.5815613032076494,253,lr_ppo_seed57,lr_ppo,LR-PPO,57
77235,intercepted,1,0,0,0,188,11,5.5,177,188.0,94.0,5.093909740447998,0,3.0882993032423296,5.319444179534912,3.320154442945118,178,lr_ppo_seed57,lr_ppo,LR-PPO,57
77236,intercepted,1,0,0,0,278,11,5.5,267,278.0,139.0,10.178122520446777,0,3.130529362207918,5.247054100036621,3.376547636176336,268,lr_ppo_seed57,lr_ppo,LR-PPO,57
77237,intercepted,1,0,0,0,62,9,4.5,53,62.0,31.0,6.975767135620117,0,3.3036943398140095,4.645148754119873,3.5525841238483165,54,lr_ppo_seed57,lr_ppo,LR-PPO,57
77238,intercepted,1,0,0,0,354,12,6.0,342,354.0,177.0,6.551180362701416,0,3.022103815923279,3.3762850761413574,3.314863293366004,343,lr_ppo_seed57,lr_ppo,LR-PPO,57
77239,soldier_caught,0,1,0,0,311,16,8.0,295,,,1.3574589490890503,0,3.147901417939244,2.4987378120422363,3.418731349986793,296,lr_ppo_seed57,lr_ppo,LR-PPO,57
77240,soldier_caught,0,1,0,0,187,10,5.0,177,,,1.6039197444915771,0,3.1521742511331365,4.114905834197998,3.3940248430057682,178,lr_ppo_seed57,lr_ppo,LR-PPO,57
77241,intercepted,1,0,0,0,156,7,3.5,149,156.0,78.0,6.54162073135376,0,3.401052754720052,2.567553997039795,3.6685503904077263,150,lr_ppo_seed57,lr_ppo,LR-PPO,57
77242,intercepted,1,0,0,0,23,8,4.0,15,23.0,11.5,3.048271417617798,0,3.0977822616696358,3.6710262298583984,3.265711891991631,16,lr_ppo_seed57,lr_ppo,LR-PPO,57
77243,intercepted,1,0,0,0,317,8,4.0,309,317.0,158.5,2.4817538261413574,0,3.201470228164427,2.4009718894958496,3.4508918726154345,310,lr_ppo_seed57,lr_ppo,LR-PPO,57
77244,unsafe_intercept,0,0,1,0,133,11,5.5,122,,,2.9080607891082764,0,3.3630983364291307,2.421903371810913,3.630915083990031,123,lr_ppo_seed57,lr_ppo,LR-PPO,57
77245,soldier_caught,0,1,0,0,305,14,7.0,291,,,1.917031168937683,0,3.2288525700569153,1.8896799087524414,3.482582793154985,292,lr_ppo_seed57,lr_ppo,LR-PPO,57
77246,intercepted,1,0,0,0,522,12,6.0,510,522.0,261.0,3.0582268238067627,0,3.2696716747521886,1.0353591442108154,3.5405088974661085,511,lr_ppo_seed57,lr_ppo,LR-PPO,57
77247,intercepted,1,0,0,0,83,9,4.5,74,83.0,41.5,7.837665557861328,0,3.22337131579717,4.595312595367432,3.681630337863564,75,lr_ppo_seed57,lr_ppo,LR-PPO,57
77248,intercepted,1,0,0,0,476,14,7.0,462,476.0,238.0,10.526759147644043,0,3.277676416911008,5.099946022033691,3.5416820697980116,463,lr_ppo_seed57,lr_ppo,LR-PPO,57
77249,intercepted,1,0,0,0,303,10,5.0,293,303.0,151.5,4.567708492279053,0,3.1594302565062127,3.6700897216796875,3.4700354153128634,294,lr_ppo_seed57,lr_ppo,LR-PPO,57
77250,intercepted,1,0,0,0,104,9,4.5,95,104.0,52.0,9.298200607299805,0,3.3403239467491708,2.1956052780151367,3.5949780714739927,96,lr_ppo_seed57,lr_ppo,LR-PPO,57
77251,intercepted,1,0,0,0,47,13,6.5,34,47.0,23.5,5.293643951416016,0,3.132828370162419,3.76627779006958,3.3593373411526994,35,lr_ppo_seed57,lr_ppo,LR-PPO,57
77252,intercepted,1,0,0,0,277,13,6.5,264,277.0,138.5,7.352827072143555,0,3.252264560168644,2.3312885761260986,3.522582855957868,265,lr_ppo_seed57,lr_ppo,LR-PPO,57
77253,intercepted,1,0,0,0,650,8,4.0,642,650.0,325.0,3.609025716781616,0,3.322583659440511,3.3966684341430664,3.5919367366493677,643,lr_ppo_seed57,lr_ppo,LR-PPO,57
77254,intercepted,1,0,0,0,424,20,10.0,404,424.0,212.0,3.2102694511413574,0,3.097295696499907,3.7761213779449463,3.3698720922738823,405,lr_ppo_seed57,lr_ppo,LR-PPO,57
77255,intercepted,1,0,0,0,403,7,3.5,396,403.0,201.5,2.1515953540802,0,3.247801045251433,2.447458505630493,3.5061471087909712,397,lr_ppo_seed57,lr_ppo,LR-PPO,57
77256,soldier_caught,0,1,0,0,63,35,17.5,28,,,1.4805527925491333,0,3.0736775644894303,4.384565830230713,3.284554683336158,29,lr_ppo_seed57,lr_ppo,LR-PPO,57
77257,intercepted,1,0,0,0,571,9,4.5,562,571.0,285.5,4.143555164337158,0,3.3061292846662327,3.8167850971221924,3.5932129169734077,563,lr_ppo_seed57,lr_ppo,LR-PPO,57
77258,intercepted,1,0,0,0,308,9,4.5,299,308.0,154.0,3.2259230613708496,0,3.1166633528470995,4.8278608322143555,3.3800725391395834,300,lr_ppo_seed57,lr_ppo,LR-PPO,57
77259,intercepted,1,0,0,0,52,26,13.0,26,52.0,26.0,7.888996601104736,0,3.218581828806135,4.415584564208984,3.546994706033479,27,lr_ppo_seed57,lr_ppo,LR-PPO,57
77260,intercepted,1,0,0,0,201,48,24.0,153,201.0,100.5,6.239430904388428,0,3.2461810437115757,2.7114734649658203,3.5139031105088594,154,lr_ppo_seed57,lr_ppo,LR-PPO,57
77261,intercepted,1,0,0,0,510,57,28.5,453,510.0,255.0,3.050974130630493,0,3.2094665545198886,2.3140358924865723,3.481130518729611,454,lr_ppo_seed57,lr_ppo,LR-PPO,57
77262,intercepted,1,0,0,0,556,13,6.5,543,556.0,278.0,5.648369789123535,0,3.1730691451469766,4.77504825592041,3.449055910336882,544,lr_ppo_seed57,lr_ppo,LR-PPO,57
77263,intercepted,1,0,0,0,97,40,20.0,57,97.0,48.5,8.900174140930176,0,3.220582340298028,3.624748945236206,3.4340822743714248,58,lr_ppo_seed57,lr_ppo,LR-PPO,57
77264,intercepted,1,0,0,0,917,14,7.0,903,917.0,458.5,2.188534736633301,0,3.199150593934861,4.325259685516357,3.481991741952758,904,lr_ppo_seed57,lr_ppo,LR-PPO,57
77265,intercepted,1,0,0,0,128,7,3.5,121,128.0,64.0,2.6569137573242188,0,3.33161806376254,4.481257915496826,3.6284048556484385,122,lr_ppo_seed57,lr_ppo,LR-PPO,57
77266,intercepted,1,0,0,0,877,31,15.5,846,877.0,438.5,4.548758029937744,0,3.2330906857354864,2.688685417175293,3.4956691985233888,847,lr_ppo_seed57,lr_ppo,LR-PPO,57
77267,intercepted,1,0,0,0,42,11,5.5,31,42.0,21.0,2.315089702606201,0,3.1032464522868395,3.761848211288452,3.3901015788503424,32,lr_ppo_seed57,lr_ppo,LR-PPO,57
77268,intercepted,1,0,0,0,295,30,15.0,265,295.0,147.5,3.314929723739624,0,3.126169726252556,1.894436240196228,3.4299373259825243,266,lr_ppo_seed57,lr_ppo,LR-PPO,57
77269,intercepted,1,0,0,0,182,12,6.0,170,182.0,91.0,6.6686506271362305,0,3.187838313523789,4.022352695465088,3.4490416523021503,171,lr_ppo_seed57,lr_ppo,LR-PPO,57
77270,soldier_caught,0,1,0,0,491,9,4.5,482,,,1.771592378616333,0,3.146944383039731,3.6635072231292725,3.4334035796049336,483,lr_ppo_seed57,lr_ppo,LR-PPO,57
77271,intercepted,1,0,0,0,635,10,5.0,625,635.0,317.5,5.62969446182251,0,3.238677361521858,3.322849988937378,3.5000014349127047,626,lr_ppo_seed57,lr_ppo,LR-PPO,57
77272,intercepted,1,0,0,0,82,10,5.0,72,82.0,41.0,2.1981236934661865,0,3.122361287678758,2.072603702545166,3.4092462064658537,73,lr_ppo_seed57,lr_ppo,LR-PPO,57
77273,intercepted,1,0,0,0,344,11,5.5,333,344.0,172.0,5.2888312339782715,0,3.3928741949225616,3.428372621536255,3.6486077005308117,334,lr_ppo_seed57,lr_ppo,LR-PPO,57
77274,soldier_caught,0,1,0,0,358,12,6.0,346,,,1.8791543245315552,0,3.04570529904077,4.469606399536133,3.3088529056511575,347,lr_ppo_seed57,lr_ppo,LR-PPO,57
77275,intercepted,1,0,0,0,1119,11,5.5,1108,1119.0,559.5,2.039307117462158,0,3.2019983651376824,3.0315263271331787,3.4945566909843375,1109,lr_ppo_seed57,lr_ppo,LR-PPO,57
77276,soldier_caught,0,1,0,0,693,10,5.0,683,,,1.0983636379241943,0,3.2599908039845222,2.5056772232055664,3.5396318309983092,684,lr_ppo_seed57,lr_ppo,LR-PPO,57
77277,intercepted,1,0,0,0,191,17,8.5,174,191.0,95.5,3.863576650619507,0,3.159398557799203,4.5879621505737305,3.40170458829536,175,lr_ppo_seed57,lr_ppo,LR-PPO,57
77278,soldier_caught,0,1,0,0,194,14,7.0,180,,,1.745553731918335,0,3.2183329217671033,3.852782964706421,3.542657364718058,181,lr_ppo_seed57,lr_ppo,LR-PPO,57
77279,intercepted,1,0,0,0,317,9,4.5,308,317.0,158.5,2.607103109359741,0,3.2331207614500546,3.1637980937957764,3.48678221104467,309,lr_ppo_seed57,lr_ppo,LR-PPO,57
77280,intercepted,1,0,0,0,26,15,7.5,11,26.0,13.0,7.615017414093018,0,3.0319860875606537,2.5917630195617676,3.2837358176050024,12,lr_ppo_seed57,lr_ppo,LR-PPO,57
77281,intercepted,1,0,0,0,392,42,21.0,350,392.0,196.0,2.761712074279785,0,3.199094703564277,4.488735198974609,3.4843025752740453,351,lr_ppo_seed57,lr_ppo,LR-PPO,57
77282,soldier_caught,0,1,0,0,490,7,3.5,483,,,1.027700424194336,0,3.167228877667553,1.7413983345031738,3.4172387156196304,484,lr_ppo_seed57,lr_ppo,LR-PPO,57
77283,intercepted,1,0,0,0,123,23,11.5,100,123.0,61.5,13.213747024536133,0,3.199336438633428,2.328942060470581,3.4384887531520247,101,lr_ppo_seed57,lr_ppo,LR-PPO,57
77284,intercepted,1,0,0,0,304,9,4.5,295,304.0,152.0,3.4051055908203125,0,3.2526494721705848,2.2104556560516357,3.476511866609894,296,lr_ppo_seed57,lr_ppo,LR-PPO,57
77285,intercepted,1,0,0,0,644,38,19.0,606,644.0,322.0,2.476179838180542,0,3.216081055522554,5.079974174499512,3.4844695059699227,607,lr_ppo_seed57,lr_ppo,LR-PPO,57
77286,intercepted,1,0,0,0,164,9,4.5,155,164.0,82.0,4.454284191131592,0,3.188618384110622,2.64794659614563,3.426083653310218,156,lr_ppo_seed57,lr_ppo,LR-PPO,57
77287,intercepted,1,0,0,0,140,47,23.5,93,140.0,70.0,3.9156386852264404,0,3.1975325060651656,4.123564720153809,3.4192210870219846,94,lr_ppo_seed57,lr_ppo,LR-PPO,57
77288,intercepted,1,0,0,0,24,9,4.5,15,24.0,12.0,8.480966567993164,0,3.018096584826708,0.764100193977356,3.2802237123168205,16,lr_ppo_seed57,lr_ppo,LR-PPO,57
77289,intercepted,1,0,0,0,183,10,5.0,173,183.0,91.5,2.603515148162842,0,3.2367226779460907,0.7865541577339172,3.481862210016094,174,lr_ppo_seed57,lr_ppo,LR-PPO,57
77290,intercepted,1,0,0,0,222,13,6.5,209,222.0,111.0,7.097082614898682,0,3.262823374498458,4.12192964553833,3.5218672650678284,210,lr_ppo_seed57,lr_ppo,LR-PPO,57
77291,intercepted,1,0,0,0,218,14,7.0,204,218.0,109.0,3.886232852935791,0,3.4134339315135303,1.2208914756774902,3.7306561212454366,205,lr_ppo_seed57,lr_ppo,LR-PPO,57
77292,intercepted,1,0,0,0,319,44,22.0,275,319.0,159.5,3.0236306190490723,0,3.12942940061507,2.6101818084716797,3.4306530075730115,276,lr_ppo_seed57,lr_ppo,LR-PPO,57
77293,soldier_caught,0,1,0,0,156,12,6.0,144,,,1.9953336715698242,0,3.171605012745693,5.4537248611450195,3.4507556253999994,145,lr_ppo_seed57,lr_ppo,LR-PPO,57
77294,intercepted,1,0,0,0,33,9,4.5,24,33.0,16.5,4.233363151550293,0,2.9606214785575866,2.3867616653442383,3.2791145843220475,25,lr_ppo_seed57,lr_ppo,LR-PPO,57
77295,intercepted,1,0,0,0,538,34,17.0,504,538.0,269.0,2.357266426086426,0,3.1958632885819616,1.946446180343628,3.4705788190904197,505,lr_ppo_seed57,lr_ppo,LR-PPO,57
77296,soldier_caught,0,1,0,0,85,8,4.0,77,,,0.7265175580978394,0,3.3380650847386093,3.8446543216705322,3.5824772031876013,78,lr_ppo_seed57,lr_ppo,LR-PPO,57
77297,intercepted,1,0,0,0,500,8,4.0,492,500.0,250.0,3.8256919384002686,0,3.0798975391271872,4.624221324920654,3.350637820554476,493,lr_ppo_seed57,lr_ppo,LR-PPO,57
77298,intercepted,1,0,0,0,221,9,4.5,212,221.0,110.5,3.794506311416626,0,3.3198271253858933,2.974174737930298,3.597202614957115,213,lr_ppo_seed57,lr_ppo,LR-PPO,57
77299,intercepted,1,0,0,0,347,14,7.0,333,347.0,173.5,10.17482852935791,0,3.2759954197678023,4.448241233825684,3.514888206188366,334,lr_ppo_seed57,lr_ppo,LR-PPO,57
77300,intercepted,1,0,0,0,84,10,5.0,74,84.0,42.0,2.824099540710449,0,3.0461596918106078,1.8777110576629639,3.3104273350389386,75,lr_ppo_seed57,lr_ppo,LR-PPO,57
77301,soldier_caught,0,1,0,0,601,11,5.5,590,,,1.5011367797851562,0,3.2457952950206503,2.920073986053467,3.5196305497084808,591,lr_ppo_seed57,lr_ppo,LR-PPO,57
77302,intercepted,1,0,0,0,93,17,8.5,76,93.0,46.5,13.388981819152832,0,2.912125347496627,2.1419475078582764,3.1022342671741425,77,lr_ppo_seed57,lr_ppo,LR-PPO,57
77303,intercepted,1,0,0,0,200,9,4.5,191,200.0,100.0,2.927042007446289,0,3.0536473233563206,2.6445086002349854,3.291931352954353,192,lr_ppo_seed57,lr_ppo,LR-PPO,57
77304,intercepted,1,0,0,0,164,11,5.5,153,164.0,82.0,5.173432350158691,0,3.1904315677556125,2.6164047718048096,3.4630312030807078,154,lr_ppo_seed57,lr_ppo,LR-PPO,57
77305,intercepted,1,0,0,0,29,16,8.0,13,29.0,14.5,12.638394355773926,0,3.394545223031725,2.0532140731811523,3.5916985080948107,14,lr_ppo_seed57,lr_ppo,LR-PPO,57
77306,intercepted,1,0,0,0,384,37,18.5,347,384.0,192.0,2.4087464809417725,0,3.167032726109028,1.4340178966522217,3.463729127538687,348,lr_ppo_seed57,lr_ppo,LR-PPO,57
77307,intercepted,1,0,0,0,262,11,5.5,251,262.0,131.0,2.8387107849121094,0,3.097360786701006,2.256603479385376,3.372248382480217,252,lr_ppo_seed57,lr_ppo,LR-PPO,57
77308,intercepted,1,0,0,0,64,27,13.5,37,64.0,32.0,14.698136329650879,0,2.8535166743554568,2.790621042251587,3.0738061863080732,38,lr_ppo_seed57,lr_ppo,LR-PPO,57
77309,intercepted,1,0,0,0,221,8,4.0,213,221.0,110.5,3.7080984115600586,0,3.103618381597171,3.476123332977295,3.3642555335795534,214,lr_ppo_seed57,lr_ppo,LR-PPO,57
77310,intercepted,1,0,0,0,29,12,6.0,17,29.0,14.5,11.947832107543945,0,3.015357948011822,3.2448105812072754,3.209797966753767,18,lr_ppo_seed57,lr_ppo,LR-PPO,57
77311,intercepted,1,0,0,0,1039,47,23.5,992,1039.0,519.5,2.9496097564697266,0,3.193188653401618,3.6526362895965576,3.474394005131185,993,lr_ppo_seed57,lr_ppo,LR-PPO,57
77312,intercepted,1,0,0,0,761,40,20.0,721,761.0,380.5,2.774183511734009,0,3.2451238787818153,6.1184000968933105,3.5196338191598877,722,lr_ppo_seed57,lr_ppo,LR-PPO,57
77313,intercepted,1,0,0,0,21,8,4.0,13,21.0,10.5,4.128493785858154,0,2.8622646587235585,1.7974987030029297,3.212625562583802,14,lr_ppo_seed57,lr_ppo,LR-PPO,57
77314,intercepted,1,0,0,0,86,12,6.0,74,86.0,43.0,4.156709671020508,0,3.0717690086364744,3.9088003635406494,3.3002130156107246,75,lr_ppo_seed57,lr_ppo,LR-PPO,57
77315,intercepted,1,0,0,0,178,16,8.0,162,178.0,89.0,2.9249072074890137,0,3.13564608396928,2.1516427993774414,3.430080965742446,163,lr_ppo_seed57,lr_ppo,LR-PPO,57
77316,soldier_caught,0,1,0,0,36,13,6.5,23,,,1.9550570249557495,0,3.232522557179133,2.753131628036499,3.5586078425980885,24,lr_ppo_seed57,lr_ppo,LR-PPO,57
77317,intercepted,1,0,0,0,82,10,5.0,72,82.0,41.0,6.322229385375977,0,3.2356131052317685,3.06953763961792,3.562422266577817,73,lr_ppo_seed57,lr_ppo,LR-PPO,57
77318,intercepted,1,0,0,0,260,11,5.5,249,260.0,130.0,2.8682098388671875,0,3.275689506292343,1.2488170862197876,3.527788404723126,250,lr_ppo_seed57,lr_ppo,LR-PPO,57
77319,intercepted,1,0,0,0,110,57,28.5,53,110.0,55.0,7.291355133056641,0,3.2922672342371055,4.369788646697998,3.5176815839852766,54,lr_ppo_seed57,lr_ppo,LR-PPO,57
77320,soldier_caught,0,1,0,0,110,10,5.0,100,,,1.7008131742477417,0,3.0130467226009556,4.358735084533691,3.308340145881402,101,lr_ppo_seed57,lr_ppo,LR-PPO,57
77321,intercepted,1,0,0,0,381,52,26.0,329,381.0,190.5,2.8298158645629883,0,3.134589735982996,3.022946834564209,3.3836591682811545,330,lr_ppo_seed57,lr_ppo,LR-PPO,57
77322,soldier_caught,0,1,0,0,183,14,7.0,169,,,1.4384316205978394,0,3.264985137126025,3.150479555130005,3.4910810775041874,170,lr_ppo_seed57,lr_ppo,LR-PPO,57
77323,intercepted,1,0,0,0,305,13,6.5,292,305.0,152.5,9.066606521606445,0,3.33366229631795,2.392545223236084,3.5896475682960327,293,lr_ppo_seed57,lr_ppo,LR-PPO,57
77324,intercepted,1,0,0,0,87,8,4.0,79,87.0,43.5,7.3851470947265625,0,3.0896046943962574,2.811534881591797,3.3333571962842696,80,lr_ppo_seed57,lr_ppo,LR-PPO,57
77325,intercepted,1,0,0,0,195,12,6.0,183,195.0,97.5,3.4846181869506836,0,3.2103712983105495,2.590197801589966,3.477534001153097,184,lr_ppo_seed57,lr_ppo,LR-PPO,57
77326,intercepted,1,0,0,0,122,11,5.5,111,122.0,61.0,2.085530996322632,0,3.0176161425188184,1.7477701902389526,3.275149566567696,112,lr_ppo_seed57,lr_ppo,LR-PPO,57
77327,intercepted,1,0,0,0,147,10,5.0,137,147.0,73.5,5.571208953857422,0,3.1089815851570903,3.3484714031219482,3.3670858516726283,138,lr_ppo_seed57,lr_ppo,LR-PPO,57
77328,intercepted,1,0,0,0,71,14,7.0,57,71.0,35.5,10.292519569396973,0,3.0445451448703635,4.724625110626221,3.2809217866389506,58,lr_ppo_seed57,lr_ppo,LR-PPO,57
77329,intercepted,1,0,0,0,113,21,10.5,92,113.0,56.5,7.644106388092041,0,3.0569880761766948,5.2037248611450195,3.2893630043510127,93,lr_ppo_seed57,lr_ppo,LR-PPO,57
77330,intercepted,1,0,0,0,22,13,6.5,9,22.0,11.0,4.453849792480469,0,2.9642434775829316,3.39289927482605,3.2765632865703402,10,lr_ppo_seed57,lr_ppo,LR-PPO,57
77331,intercepted,1,0,0,0,467,14,7.0,453,467.0,233.5,6.549586296081543,0,3.130062081937223,0.7434329986572266,3.4124562234047544,454,lr_ppo_seed57,lr_ppo,LR-PPO,57
77332,soldier_caught,0,1,0,0,515,9,4.5,506,,,0.19733926653862,0,3.21898247974629,6.060976982116699,3.5292311392596867,507,lr_ppo_seed57,lr_ppo,LR-PPO,57
77333,intercepted,1,0,0,0,41,10,5.0,31,41.0,20.5,4.529024600982666,0,3.1828545685857534,0.6988160610198975,3.537848838433585,32,lr_ppo_seed57,lr_ppo,LR-PPO,57
77334,intercepted,1,0,0,0,73,14,7.0,59,73.0,36.5,2.4979870319366455,0,3.2595889662702877,2.099912405014038,3.566895971949697,60,lr_ppo_seed57,lr_ppo,LR-PPO,57
77335,intercepted,1,0,0,0,50,48,24.0,2,50.0,25.0,5.342872619628906,0,3.5305236180623374,3.9259045124053955,3.5597553493137837,3,lr_ppo_seed57,lr_ppo,LR-PPO,57
77336,intercepted,1,0,0,0,45,8,4.0,37,45.0,22.5,6.621387481689453,0,3.1383625770870007,4.710367202758789,3.424141988895476,38,lr_ppo_seed57,lr_ppo,LR-PPO,57
77337,intercepted,1,0,0,0,1134,15,7.5,1119,1134.0,567.0,8.083244323730469,0,3.190202682997499,4.814905643463135,3.4684041006684923,1120,lr_ppo_seed57,lr_ppo,LR-PPO,57
77338,intercepted,1,0,0,0,19,8,4.0,11,19.0,9.5,2.1861214637756348,0,2.939240723848343,2.337390184402466,3.124365637129346,12,lr_ppo_seed57,lr_ppo,LR-PPO,57
77339,intercepted,1,0,0,0,45,14,7.0,31,45.0,22.5,10.932568550109863,0,3.4368957802653313,2.7311699390411377,3.706798346902851,32,lr_ppo_seed57,lr_ppo,LR-PPO,57
77340,intercepted,1,0,0,0,186,10,5.0,176,186.0,93.0,2.983245611190796,0,3.087938902741772,4.428872108459473,3.389881041481275,177,lr_ppo_seed57,lr_ppo,LR-PPO,57
77341,intercepted,1,0,0,0,37,12,6.0,25,37.0,18.5,5.483738422393799,0,3.103873761800619,3.3302035331726074,3.3467440167308484,26,lr_ppo_seed57,lr_ppo,LR-PPO,57
77342,intercepted,1,0,0,0,256,31,15.5,225,256.0,128.0,9.769022941589355,0,3.2470939135656947,3.455021381378174,3.5104987803003826,226,lr_ppo_seed57,lr_ppo,LR-PPO,57
77343,intercepted,1,0,0,0,238,11,5.5,227,238.0,119.0,6.8391804695129395,0,3.2407159560866523,5.423748970031738,3.5055385840075814,228,lr_ppo_seed57,lr_ppo,LR-PPO,57
77344,intercepted,1,0,0,0,173,101,50.5,72,173.0,86.5,6.591874122619629,0,3.160125101265842,2.8158233165740967,3.4407651475871472,73,lr_ppo_seed57,lr_ppo,LR-PPO,57
77345,intercepted,1,0,0,0,554,13,6.5,541,554.0,277.0,5.323246955871582,0,3.204242933830212,4.585760116577148,3.4654852713343787,542,lr_ppo_seed57,lr_ppo,LR-PPO,57
77346,intercepted,1,0,0,0,130,15,7.5,115,130.0,65.0,5.1776509284973145,0,3.094366829456954,5.805779457092285,3.369003648034511,116,lr_ppo_seed57,lr_ppo,LR-PPO,57
77347,intercepted,1,0,0,0,197,11,5.5,186,197.0,98.5,8.630036354064941,0,3.1982283863154324,2.634662389755249,3.4867178726238945,187,lr_ppo_seed57,lr_ppo,LR-PPO,57
77348,intercepted,1,0,0,0,117,13,6.5,104,117.0,58.5,8.166533470153809,0,3.2496157277198066,4.521371364593506,3.5208112679719172,105,lr_ppo_seed57,lr_ppo,LR-PPO,57
77349,intercepted,1,0,0,0,602,8,4.0,594,602.0,301.0,4.736295700073242,0,3.232863921177487,4.76856803894043,3.49202906761422,595,lr_ppo_seed57,lr_ppo,LR-PPO,57
77350,intercepted,1,0,0,0,98,34,17.0,64,98.0,49.0,3.937002658843994,0,3.0787214792691744,3.401886224746704,3.2836447334269376,65,lr_ppo_seed57,lr_ppo,LR-PPO,57
77351,intercepted,1,0,0,0,84,8,4.0,76,84.0,42.0,8.607081413269043,0,3.2051407950265065,2.667771816253662,3.404270552845043,77,lr_ppo_seed57,lr_ppo,LR-PPO,57
77352,intercepted,1,0,0,0,15,13,6.5,2,15.0,7.5,5.217240333557129,0,3.0697471300760903,2.4129726886749268,3.3018390638371997,3,lr_ppo_seed57,lr_ppo,LR-PPO,57
77353,intercepted,1,0,0,0,428,9,4.5,419,428.0,214.0,4.643054008483887,0,3.219299665235338,1.5248522758483887,3.4926323919923945,420,lr_ppo_seed57,lr_ppo,LR-PPO,57
77354,soldier_caught,0,1,0,0,14,12,6.0,2,,,1.6440377235412598,0,3.3030239741007485,4.075325012207031,3.356389580275318,3,lr_ppo_seed57,lr_ppo,LR-PPO,57
77355,intercepted,1,0,0,0,297,18,9.0,279,297.0,148.5,7.880480766296387,0,3.2032838289226806,1.2431738376617432,3.46796242229086,280,lr_ppo_seed57,lr_ppo,LR-PPO,57
77356,intercepted,1,0,0,0,773,9,4.5,764,773.0,386.5,6.287639141082764,0,3.1775862869776152,2.1505167484283447,3.4619098393016565,765,lr_ppo_seed57,lr_ppo,LR-PPO,57
77357,intercepted,1,0,0,0,50,11,5.5,39,50.0,25.0,10.002891540527344,0,3.046653987467289,2.459606409072876,3.3403949808235103,40,lr_ppo_seed57,lr_ppo,LR-PPO,57
77358,intercepted,1,0,0,0,61,10,5.0,51,61.0,30.5,2.0361177921295166,0,3.4926472088465323,0.8849412798881531,3.8997936451132076,52,lr_ppo_seed57,lr_ppo,LR-PPO,57
77359,intercepted,1,0,0,0,146,50,25.0,96,146.0,73.0,2.6418404579162598,0,3.2815707123156677,5.073561668395996,3.526293010011689,97,lr_ppo_seed57,lr_ppo,LR-PPO,57
77360,intercepted,1,0,0,0,112,13,6.5,99,112.0,56.0,2.8889150619506836,0,3.094923334121704,3.01004958152771,3.3442850495374343,100,lr_ppo_seed57,lr_ppo,LR-PPO,57
77361,intercepted,1,0,0,0,1292,7,3.5,1285,1292.0,646.0,2.8249032497406006,0,3.226495691211561,4.237429141998291,3.4909112944389986,1286,lr_ppo_seed57,lr_ppo,LR-PPO,57
77362,intercepted,1,0,0,0,160,8,4.0,152,160.0,80.0,2.833697557449341,0,3.208859798175837,0.7883895039558411,3.462625058922291,153,lr_ppo_seed57,lr_ppo,LR-PPO,57
77363,soldier_caught,0,1,0,0,294,13,6.5,281,,,1.8122364282608032,0,3.1417953989184495,2.7181384563446045,3.395098223851213,282,lr_ppo_seed57,lr_ppo,LR-PPO,57
77364,soldier_caught,0,1,0,0,79,17,8.5,62,,,1.5620808601379395,0,3.3023461576492066,2.3394277095794678,3.5412657328748254,63,lr_ppo_seed57,lr_ppo,LR-PPO,57
77365,intercepted,1,0,0,0,163,45,22.5,118,163.0,81.5,2.5534005165100098,0,3.085482803713374,1.073438048362732,3.308026700820563,119,lr_ppo_seed57,lr_ppo,LR-PPO,57
77366,intercepted,1,0,0,0,90,9,4.5,81,90.0,45.0,4.411588668823242,0,3.2010031640529633,1.3265594244003296,3.485504821881249,82,lr_ppo_seed57,lr_ppo,LR-PPO,57
77367,intercepted,1,0,0,0,373,9,4.5,364,373.0,186.5,7.869962692260742,0,3.2165771850984393,1.6560410261154175,3.5025579510074136,365,lr_ppo_seed57,lr_ppo,LR-PPO,57
77368,intercepted,1,0,0,0,537,14,7.0,523,537.0,268.5,3.8101487159729004,0,3.18513811146485,2.456467390060425,3.4582845256986485,524,lr_ppo_seed57,lr_ppo,LR-PPO,57
77369,intercepted,1,0,0,0,63,8,4.0,55,63.0,31.5,3.606933116912842,0,3.1128208520156995,3.3659517765045166,3.319925189762464,56,lr_ppo_seed57,lr_ppo,LR-PPO,57
77370,intercepted,1,0,0,0,520,38,19.0,482,520.0,260.0,2.310744524002075,0,3.1867975158227404,2.8923583030700684,3.4574938489435407,483,lr_ppo_seed57,lr_ppo,LR-PPO,57
77371,intercepted,1,0,0,0,791,72,36.0,719,791.0,395.5,3.3256869316101074,0,3.1323098817219335,5.34568977355957,3.3944711339034344,720,lr_ppo_seed57,lr_ppo,LR-PPO,57
77372,soldier_caught,0,1,0,0,65,15,7.5,50,,,1.206700086593628,0,3.27894681224636,7.721354007720947,3.5884616026714093,51,lr_ppo_seed57,lr_ppo,LR-PPO,57
77373,intercepted,1,0,0,0,202,19,9.5,183,202.0,101.0,4.991662502288818,0,3.21234630615167,2.325669765472412,3.48682205117467,184,lr_ppo_seed57,lr_ppo,LR-PPO,57
77374,intercepted,1,0,0,0,206,11,5.5,195,206.0,103.0,7.10866117477417,0,3.201747780855821,2.4001846313476562,3.4972572091542196,196,lr_ppo_seed57,lr_ppo,LR-PPO,57
77375,intercepted,1,0,0,0,45,13,6.5,32,45.0,22.5,8.46057415008545,0,3.0662712436733823,1.820915937423706,3.2805049363090975,33,lr_ppo_seed57,lr_ppo,LR-PPO,57
77376,unsafe_intercept,0,0,1,0,11,9,4.5,2,,,3.264228582382202,0,3.8968833287556968,2.688011407852173,4.348935469088935,3,lr_ppo_seed57,lr_ppo,LR-PPO,57
77377,intercepted,1,0,0,0,366,12,6.0,354,366.0,183.0,9.639176368713379,0,3.0854548000114064,3.3754115104675293,3.361279622813955,355,lr_ppo_seed57,lr_ppo,LR-PPO,57
77378,intercepted,1,0,0,0,10,8,4.0,2,10.0,5.0,4.701746463775635,0,3.4631979862848916,4.824554920196533,3.6748103739372566,3,lr_ppo_seed57,lr_ppo,LR-PPO,57
77379,intercepted,1,0,0,0,40,10,5.0,30,40.0,20.0,9.010790824890137,0,3.201377224537634,3.0207908153533936,3.467521832606895,31,lr_ppo_seed57,lr_ppo,LR-PPO,57
77380,intercepted,1,0,0,0,196,10,5.0,186,196.0,98.0,5.025848865509033,0,3.0233079551216115,3.1454875469207764,3.241698955632915,187,lr_ppo_seed57,lr_ppo,LR-PPO,57
77381,intercepted,1,0,0,0,10,8,4.0,2,10.0,5.0,4.5771918296813965,0,3.4456401666005454,3.8074543476104736,3.5200985108834817,3,lr_ppo_seed57,lr_ppo,LR-PPO,57
77382,soldier_caught,0,1,0,0,220,10,5.0,210,,,1.1434296369552612,0,3.305368738434326,6.534238338470459,3.596537911563926,211,lr_ppo_seed57,lr_ppo,LR-PPO,57
77383,intercepted,1,0,0,0,58,11,5.5,47,58.0,29.0,4.978076934814453,0,3.4470043666660786,1.9070898294448853,3.729633488136722,48,lr_ppo_seed57,lr_ppo,LR-PPO,57
77384,intercepted,1,0,0,0,113,8,4.0,105,113.0,56.5,5.070730209350586,0,2.9205358382665887,0.8500933051109314,3.166841385619139,106,lr_ppo_seed57,lr_ppo,LR-PPO,57
77385,intercepted,1,0,0,0,16,14,7.0,2,16.0,8.0,5.069416046142578,0,2.9270729223887124,2.029136896133423,3.4345692029369945,3,lr_ppo_seed57,lr_ppo,LR-PPO,57
77386,intercepted,1,0,0,0,527,46,23.0,481,527.0,263.5,2.472557783126831,0,3.32867489452184,1.061881184577942,3.6100025186402136,482,lr_ppo_seed57,lr_ppo,LR-PPO,57
77387,intercepted,1,0,0,0,207,12,6.0,195,207.0,103.5,3.2672908306121826,0,3.2935445194645805,1.524507999420166,3.532101459681724,196,lr_ppo_seed57,lr_ppo,LR-PPO,57
77388,intercepted,1,0,0,0,490,7,3.5,483,490.0,245.0,6.995942115783691,0,3.1922656205321145,4.623293399810791,3.447789477777873,484,lr_ppo_seed57,lr_ppo,LR-PPO,57
77389,intercepted,1,0,0,0,184,14,7.0,170,184.0,92.0,9.97768497467041,0,3.1337597167979903,3.7188730239868164,3.4045053124428906,171,lr_ppo_seed57,lr_ppo,LR-PPO,57
77390,intercepted,1,0,0,0,542,13,6.5,529,542.0,271.0,4.732102870941162,0,3.177857678847493,0.659900963306427,3.444999071477129,530,lr_ppo_seed57,lr_ppo,LR-PPO,57
77391,soldier_caught,0,1,0,0,276,35,17.5,241,,,1.3413156270980835,0,3.07046380343516,3.4409756660461426,3.3088861030546832,242,lr_ppo_seed57,lr_ppo,LR-PPO,57
77392,intercepted,1,0,0,0,238,38,19.0,200,238.0,119.0,11.183150291442871,0,3.03937782732705,5.684042930603027,3.292570421459803,201,lr_ppo_seed57,lr_ppo,LR-PPO,57
77393,intercepted,1,0,0,0,260,7,3.5,253,260.0,130.0,3.887307643890381,0,3.0978921618987254,2.7315714359283447,3.365822805034593,254,lr_ppo_seed57,lr_ppo,LR-PPO,57
77394,intercepted,1,0,0,0,70,17,8.5,53,70.0,35.0,5.408387660980225,0,3.1230442369425737,2.611673355102539,3.3433994777707006,54,lr_ppo_seed57,lr_ppo,LR-PPO,57
77395,intercepted,1,0,0,0,322,10,5.0,312,322.0,161.0,4.50351095199585,0,3.181215257452319,3.003901243209839,3.464108919453053,313,lr_ppo_seed57,lr_ppo,LR-PPO,57
77396,intercepted,1,0,0,0,577,8,4.0,569,577.0,288.5,3.984861373901367,0,3.222319839136642,1.5479270219802856,3.4996930931556083,570,lr_ppo_seed57,lr_ppo,LR-PPO,57
77397,unsafe_intercept,0,0,1,0,11,9,4.5,2,,,2.303978443145752,0,2.5716848770777383,1.75961172580719,2.74857040712911,3,lr_ppo_seed57,lr_ppo,LR-PPO,57
77398,intercepted,1,0,0,0,164,88,44.0,76,164.0,82.0,9.576096534729004,0,3.188341170936436,3.6955373287200928,3.5462165447003686,77,lr_ppo_seed57,lr_ppo,LR-PPO,57
77399,intercepted,1,0,0,0,96,11,5.5,85,96.0,48.0,9.650227546691895,0,3.164924005436343,1.9750220775604248,3.4006464512144947,86,lr_ppo_seed57,lr_ppo,LR-PPO,57
77400,intercepted,1,0,0,0,179,114,57.0,65,179.0,89.5,7.694069862365723,0,3.074924906094869,3.0425565242767334,3.3360387532521325,66,lr_ppo_seed57,lr_ppo,LR-PPO,57
77401,intercepted,1,0,0,0,543,12,6.0,531,543.0,271.5,2.9509570598602295,0,3.134235569072845,2.9863946437835693,3.3833694263088305,532,lr_ppo_seed57,lr_ppo,LR-PPO,57
77402,intercepted,1,0,0,0,157,61,30.5,96,157.0,78.5,10.377408027648926,0,3.1172925805308154,3.7707321643829346,3.4692521240294836,97,lr_ppo_seed57,lr_ppo,LR-PPO,57
77403,soldier_caught,0,1,0,0,264,72,36.0,192,,,0.7507524490356445,0,3.233872286087491,2.00711727142334,3.500155985969932,193,lr_ppo_seed57,lr_ppo,LR-PPO,57
77404,intercepted,1,0,0,0,275,16,8.0,259,275.0,137.5,6.388349533081055,0,3.3392337520535174,5.022152900695801,3.610240383398062,260,lr_ppo_seed57,lr_ppo,LR-PPO,57
77405,intercepted,1,0,0,0,237,13,6.5,224,237.0,118.5,2.669656991958618,0,3.2555005662971075,7.093299388885498,3.5604112095839295,225,lr_ppo_seed57,lr_ppo,LR-PPO,57
77406,intercepted,1,0,0,0,256,8,4.0,248,256.0,128.0,7.300393581390381,0,3.0992873825701364,2.0512475967407227,3.3674343794831905,249,lr_ppo_seed57,lr_ppo,LR-PPO,57
77407,intercepted,1,0,0,0,261,12,6.0,249,261.0,130.5,3.887345552444458,0,3.2764500114917756,4.548574447631836,3.585332039817192,250,lr_ppo_seed57,lr_ppo,LR-PPO,57
77408,intercepted,1,0,0,0,286,32,16.0,254,286.0,143.0,3.5850558280944824,0,3.0401194299552956,1.7521380186080933,3.3013888887077267,255,lr_ppo_seed57,lr_ppo,LR-PPO,57
77409,intercepted,1,0,0,0,354,10,5.0,344,354.0,177.0,2.3435118198394775,0,3.174277755142986,2.8232243061065674,3.4741984338870546,345,lr_ppo_seed57,lr_ppo,LR-PPO,57
77410,intercepted,1,0,0,0,404,7,3.5,397,404.0,202.0,4.441030979156494,0,3.0463751867488402,3.2198987007141113,3.3215177416047053,398,lr_ppo_seed57,lr_ppo,LR-PPO,57
77411,soldier_caught,0,1,0,0,69,16,8.0,53,,,1.5202851295471191,0,3.243443590623361,3.626087188720703,3.5504583449784484,54,lr_ppo_seed57,lr_ppo,LR-PPO,57
77412,intercepted,1,0,0,0,170,9,4.5,161,170.0,85.0,2.6930840015411377,0,3.171035587787628,4.516862869262695,3.422045548877147,162,lr_ppo_seed57,lr_ppo,LR-PPO,57
77413,intercepted,1,0,0,0,242,36,18.0,206,242.0,121.0,6.142167091369629,0,3.308057489314517,2.4242916107177734,3.5495858682731614,207,lr_ppo_seed57,lr_ppo,LR-PPO,57
77414,intercepted,1,0,0,0,109,16,8.0,93,109.0,54.5,6.724031925201416,0,3.4555743304972952,6.158459663391113,3.6826986034624,94,lr_ppo_seed57,lr_ppo,LR-PPO,57
77415,soldier_caught,0,1,0,0,742,9,4.5,733,,,1.7552506923675537,0,3.2451534610272104,3.4255197048187256,3.5089429603401174,734,lr_ppo_seed57,lr_ppo,LR-PPO,57
77416,intercepted,1,0,0,0,765,11,5.5,754,765.0,382.5,2.5441160202026367,0,3.196710983964781,1.9894498586654663,3.4607029015963695,755,lr_ppo_seed57,lr_ppo,LR-PPO,57
77417,soldier_caught,0,1,0,0,152,11,5.5,141,,,1.372960090637207,0,3.2314639217417005,2.764193058013916,3.5575528866482755,142,lr_ppo_seed57,lr_ppo,LR-PPO,57
77418,intercepted,1,0,0,0,339,9,4.5,330,339.0,169.5,4.900650501251221,0,3.101926375371812,1.9129432439804077,3.387661197633017,331,lr_ppo_seed57,lr_ppo,LR-PPO,57
77419,soldier_caught,0,1,0,0,13,10,5.0,3,,,0.8713946342468262,0,2.7551085352897644,4.038722991943359,2.906509693191765,4,lr_ppo_seed57,lr_ppo,LR-PPO,57
77420,intercepted,1,0,0,0,516,48,24.0,468,516.0,258.0,4.364041328430176,0,3.1517963150162687,2.0374393463134766,3.4219011561843002,469,lr_ppo_seed57,lr_ppo,LR-PPO,57
77421,soldier_caught,0,1,0,0,1414,10,5.0,1404,,,1.5256668329238892,0,3.1472877590681736,3.4749231338500977,3.4192746541391896,1405,lr_ppo_seed57,lr_ppo,LR-PPO,57
77422,intercepted,1,0,0,0,593,18,9.0,575,593.0,296.5,10.834230422973633,0,3.276889883706139,3.713224172592163,3.570052492923827,576,lr_ppo_seed57,lr_ppo,LR-PPO,57
77423,intercepted,1,0,0,0,81,8,4.0,73,81.0,40.5,3.316483736038208,0,3.1503261432454392,4.84714412689209,3.428767887835346,74,lr_ppo_seed57,lr_ppo,LR-PPO,57
77424,intercepted,1,0,0,0,46,19,9.5,27,46.0,23.0,4.49906063079834,0,3.1777874316487993,1.7533541917800903,3.376724722928817,28,lr_ppo_seed57,lr_ppo,LR-PPO,57
77425,soldier_caught,0,1,0,0,235,8,4.0,227,,,1.0939130783081055,0,3.3072925055758997,2.8967809677124023,3.60855028193144,228,lr_ppo_seed57,lr_ppo,LR-PPO,57
77426,intercepted,1,0,0,0,11,9,4.5,2,11.0,5.5,4.392575740814209,0,4.507487853368123,6.163167476654053,4.661553636395803,3,lr_ppo_seed57,lr_ppo,LR-PPO,57
77427,intercepted,1,0,0,0,122,11,5.5,111,122.0,61.0,7.7559380531311035,0,3.2500508379723345,3.914328098297119,3.4981560693661797,112,lr_ppo_seed57,lr_ppo,LR-PPO,57
77428,intercepted,1,0,0,0,41,10,5.0,31,41.0,20.5,3.924330711364746,0,2.8199119083583355,1.9527956247329712,2.968543197930821,32,lr_ppo_seed57,lr_ppo,LR-PPO,57
77429,intercepted,1,0,0,0,55,11,5.5,44,55.0,27.5,4.00022029876709,0,3.43930483924018,1.9056857824325562,3.7377690079471466,45,lr_ppo_seed57,lr_ppo,LR-PPO,57
77430,intercepted,1,0,0,0,222,17,8.5,205,222.0,111.0,2.81331467628479,0,3.372900130245292,3.1192755699157715,3.640307376539826,206,lr_ppo_seed57,lr_ppo,LR-PPO,57
77431,intercepted,1,0,0,0,92,57,28.5,35,92.0,46.0,10.028365135192871,0,3.167983935938941,2.194453239440918,3.3700880215084794,36,lr_ppo_seed57,lr_ppo,LR-PPO,57
77432,intercepted,1,0,0,0,189,10,5.0,179,189.0,94.5,11.20700454711914,0,3.2719163866506684,7.199365139007568,3.557945157745451,180,lr_ppo_seed57,lr_ppo,LR-PPO,57
77433,intercepted,1,0,0,0,1072,9,4.5,1063,1072.0,536.0,2.423788070678711,0,3.261390906499517,4.754214763641357,3.5308052966542305,1064,lr_ppo_seed57,lr_ppo,LR-PPO,57
77434,intercepted,1,0,0,0,193,11,5.5,182,193.0,96.5,2.424860715866089,0,3.2817862984912645,3.801471471786499,3.586108401652155,183,lr_ppo_seed57,lr_ppo,LR-PPO,57
77435,intercepted,1,0,0,0,432,9,4.5,423,432.0,216.0,3.97932505607605,0,3.23862735877903,2.758502721786499,3.4995960981585865,424,lr_ppo_seed57,lr_ppo,LR-PPO,57
77436,intercepted,1,0,0,0,368,13,6.5,355,368.0,184.0,2.7093279361724854,0,3.3055742714512215,2.6951825618743896,3.5757484028363686,356,lr_ppo_seed57,lr_ppo,LR-PPO,57
77437,intercepted,1,0,0,0,81,12,6.0,69,81.0,40.5,2.92800235748291,0,3.0759109658854347,3.176659107208252,3.2773505876806515,70,lr_ppo_seed57,lr_ppo,LR-PPO,57
77438,intercepted,1,0,0,0,71,10,5.0,61,71.0,35.5,8.969866752624512,0,3.207035562684459,2.6356124877929688,3.485948423708896,62,lr_ppo_seed57,lr_ppo,LR-PPO,57
77439,soldier_caught,0,1,0,0,531,10,5.0,521,,,1.4823352098464966,0,3.3149913041013868,2.3989365100860596,3.575634780509329,522,lr_ppo_seed57,lr_ppo,LR-PPO,57
77440,intercepted,1,0,0,0,477,9,4.5,468,477.0,238.5,3.510085344314575,0,3.297065722345035,5.954833984375,3.5525219855750754,469,lr_ppo_seed57,lr_ppo,LR-PPO,57
77441,intercepted,1,0,0,0,325,78,39.0,247,325.0,162.5,6.4236040115356445,0,3.2102010317387117,3.6903398036956787,3.4667549966093336,248,lr_ppo_seed57,lr_ppo,LR-PPO,57
77442,intercepted,1,0,0,0,275,14,7.0,261,275.0,137.5,5.2912726402282715,0,3.216369500028268,5.257954120635986,3.491217205657807,262,lr_ppo_seed57,lr_ppo,LR-PPO,57
77443,intercepted,1,0,0,0,165,29,14.5,136,165.0,82.5,6.907851219177246,0,3.1285108580206433,5.098641872406006,3.396554994049093,137,lr_ppo_seed57,lr_ppo,LR-PPO,57
77444,intercepted,1,0,0,0,559,8,4.0,551,559.0,279.5,3.1319851875305176,0,3.176237933931575,2.399582624435425,3.434311648864365,552,lr_ppo_seed57,lr_ppo,LR-PPO,57
77445,intercepted,1,0,0,0,308,25,12.5,283,308.0,154.0,9.771716117858887,0,3.3403680915354004,3.5373528003692627,3.6338936549383645,284,lr_ppo_seed57,lr_ppo,LR-PPO,57
77446,intercepted,1,0,0,0,151,13,6.5,138,151.0,75.5,2.350247621536255,0,3.2631489906808455,1.5314637422561646,3.5482670533943663,139,lr_ppo_seed57,lr_ppo,LR-PPO,57
77447,intercepted,1,0,0,0,563,18,9.0,545,563.0,281.5,2.964756488800049,0,3.1338573817040896,2.5560014247894287,3.40704401905022,546,lr_ppo_seed57,lr_ppo,LR-PPO,57
77448,intercepted,1,0,0,0,367,9,4.5,358,367.0,183.5,9.224483489990234,0,3.2229950519325343,2.315967082977295,3.499919916617516,359,lr_ppo_seed57,lr_ppo,LR-PPO,57
77449,intercepted,1,0,0,0,81,10,5.0,71,81.0,40.5,8.121814727783203,0,3.0768146167198815,4.994688987731934,3.3061799731656767,72,lr_ppo_seed57,lr_ppo,LR-PPO,57
77450,intercepted,1,0,0,0,82,13,6.5,69,82.0,41.0,5.636945724487305,0,3.402830942613738,5.7417707443237305,3.7501660556841463,70,lr_ppo_seed57,lr_ppo,LR-PPO,57
77451,intercepted,1,0,0,0,203,70,35.0,133,203.0,101.5,7.970957279205322,0,3.1234185286422274,1.9698160886764526,3.32366346035885,134,lr_ppo_seed57,lr_ppo,LR-PPO,57
77452,intercepted,1,0,0,0,310,11,5.5,299,310.0,155.0,2.546271800994873,0,3.2210533027847608,3.6162965297698975,3.4986224247073867,300,lr_ppo_seed57,lr_ppo,LR-PPO,57
77453,intercepted,1,0,0,0,105,12,6.0,93,105.0,52.5,4.022299289703369,0,3.296515444491772,1.9331332445144653,3.556828749584921,94,lr_ppo_seed57,lr_ppo,LR-PPO,57
77454,intercepted,1,0,0,0,412,12,6.0,400,412.0,206.0,5.321707725524902,0,3.2680932197933483,2.9324615001678467,3.5425712140049543,401,lr_ppo_seed57,lr_ppo,LR-PPO,57
77455,intercepted,1,0,0,0,592,8,4.0,584,592.0,296.0,2.205568790435791,0,3.205286487707725,2.6117568016052246,3.4792715285192117,585,lr_ppo_seed57,lr_ppo,LR-PPO,57
77456,intercepted,1,0,0,0,246,13,6.5,233,246.0,123.0,11.782682418823242,0,3.203005081568009,2.4010202884674072,3.500576729580644,234,lr_ppo_seed57,lr_ppo,LR-PPO,57
77457,intercepted,1,0,0,0,364,19,9.5,345,364.0,182.0,2.543397903442383,0,3.0863795990199714,1.9990315437316895,3.382399003378224,346,lr_ppo_seed57,lr_ppo,LR-PPO,57
77458,intercepted,1,0,0,0,84,10,5.0,74,84.0,42.0,6.510928630828857,0,3.131334292093913,3.815720796585083,3.471286539366247,75,lr_ppo_seed57,lr_ppo,LR-PPO,57
77459,intercepted,1,0,0,0,47,11,5.5,36,47.0,23.5,6.224761962890625,0,3.1639112266334326,0.9597986936569214,3.4239011071717376,37,lr_ppo_seed57,lr_ppo,LR-PPO,57
77460,soldier_caught,0,1,0,0,413,14,7.0,399,,,1.12476646900177,0,3.1831288256496193,1.593842625617981,3.463469346623277,400,lr_ppo_seed57,lr_ppo,LR-PPO,57
77461,intercepted,1,0,0,0,25,12,6.0,13,25.0,12.5,12.918149948120117,0,3.2131595739296506,4.734888076782227,3.5710610801985196,14,lr_ppo_seed57,lr_ppo,LR-PPO,57
77462,intercepted,1,0,0,0,146,33,16.5,113,146.0,73.0,5.059772968292236,0,3.373634291322608,2.944607973098755,3.6658159580091123,114,lr_ppo_seed57,lr_ppo,LR-PPO,57
77463,intercepted,1,0,0,0,82,13,6.5,69,82.0,41.0,4.061366081237793,0,3.0762211871998653,2.5199568271636963,3.363519606541305,70,lr_ppo_seed57,lr_ppo,LR-PPO,57
77464,intercepted,1,0,0,0,243,13,6.5,230,243.0,121.5,4.437527179718018,0,3.310903136541833,2.520129442214966,3.5783863564990037,231,lr_ppo_seed57,lr_ppo,LR-PPO,57
77465,intercepted,1,0,0,0,502,26,13.0,476,502.0,251.0,2.744863986968994,0,3.1464855851492293,2.5797109603881836,3.411977802719247,477,lr_ppo_seed57,lr_ppo,LR-PPO,57
77466,intercepted,1,0,0,0,414,47,23.5,367,414.0,207.0,2.9923715591430664,0,3.1523898901498835,3.049360990524292,3.406057481071608,368,lr_ppo_seed57,lr_ppo,LR-PPO,57
77467,soldier_caught,0,1,0,0,172,12,6.0,160,,,0.7941757440567017,0,3.2459504004591,1.865588903427124,3.55305192905796,161,lr_ppo_seed57,lr_ppo,LR-PPO,57
77468,intercepted,1,0,0,0,1112,11,5.5,1101,1112.0,556.0,4.12642765045166,0,3.217512496194368,3.8165090084075928,3.492061493089322,1102,lr_ppo_seed57,lr_ppo,LR-PPO,57
77469,intercepted,1,0,0,0,276,12,6.0,264,276.0,138.0,6.959817886352539,0,3.1759806428315502,2.053046226501465,3.447085509118622,265,lr_ppo_seed57,lr_ppo,LR-PPO,57
77470,intercepted,1,0,0,0,901,21,10.5,880,901.0,450.5,4.300410270690918,0,3.236936353967355,1.7534106969833374,3.4876193127882162,881,lr_ppo_seed57,lr_ppo,LR-PPO,57
77471,intercepted,1,0,0,0,43,15,7.5,28,43.0,21.5,3.0604372024536133,0,2.77334391865237,3.2329087257385254,3.0638175937980323,29,lr_ppo_seed57,lr_ppo,LR-PPO,57
77472,intercepted,1,0,0,0,134,14,7.0,120,134.0,67.0,9.570601463317871,0,2.9524172034637988,2.3939614295959473,3.2107361848932987,121,lr_ppo_seed57,lr_ppo,LR-PPO,57
77473,intercepted,1,0,0,0,44,12,6.0,32,44.0,22.0,10.64202880859375,0,3.1284435915224478,1.3051692247390747,3.377872444199259,33,lr_ppo_seed57,lr_ppo,LR-PPO,57
77474,intercepted,1,0,0,0,174,19,9.5,155,174.0,87.0,5.682491779327393,0,2.9938098213229423,2.7785024642944336,3.2520563135179996,156,lr_ppo_seed57,lr_ppo,LR-PPO,57
77475,soldier_caught,0,1,0,0,748,9,4.5,739,,,1.719612717628479,0,3.200363194841791,3.4342072010040283,3.452194495484241,740,lr_ppo_seed57,lr_ppo,LR-PPO,57
77476,soldier_caught,0,1,0,0,49,14,7.0,35,,,1.9826322793960571,0,3.1815384560161166,3.846315860748291,3.4385499772772063,36,lr_ppo_seed57,lr_ppo,LR-PPO,57
77477,intercepted,1,0,0,0,326,13,6.5,313,326.0,163.0,6.472499847412109,0,3.1810538876018706,1.8970099687576294,3.427806832233345,314,lr_ppo_seed57,lr_ppo,LR-PPO,57
77478,intercepted,1,0,0,0,560,8,4.0,552,560.0,280.0,4.468585014343262,0,3.1143738126237395,1.5729448795318604,3.4121246810100776,553,lr_ppo_seed57,lr_ppo,LR-PPO,57
77479,intercepted,1,0,0,0,380,9,4.5,371,380.0,190.0,2.5539608001708984,0,3.3249049768332513,3.415731906890869,3.600440573976039,372,lr_ppo_seed57,lr_ppo,LR-PPO,57
77480,soldier_caught,0,1,0,0,168,98,49.0,70,,,1.2596362829208374,0,3.4146101541922125,4.328898906707764,3.678409416225984,71,lr_ppo_seed57,lr_ppo,LR-PPO,57
77481,intercepted,1,0,0,0,262,83,41.5,179,262.0,131.0,9.997830390930176,0,3.3102246360646355,5.6329522132873535,3.5966951826819265,180,lr_ppo_seed57,lr_ppo,LR-PPO,57
77482,unsafe_intercept,0,0,1,0,13,12,6.0,1,,,2.874213457107544,0,2.7971471548080444,3.1635582447052,2.8210440075352174,2,lr_ppo_seed57,lr_ppo,LR-PPO,57
77483,intercepted,1,0,0,0,438,31,15.5,407,438.0,219.0,3.93160343170166,0,3.2572137356242714,3.281522512435913,3.532750599101906,408,lr_ppo_seed57,lr_ppo,LR-PPO,57
77484,intercepted,1,0,0,0,106,13,6.5,93,106.0,53.0,4.607118129730225,0,3.1546994707685836,4.87839937210083,3.412306095007676,94,lr_ppo_seed57,lr_ppo,LR-PPO,57
77485,intercepted,1,0,0,0,521,71,35.5,450,521.0,260.5,5.941836357116699,0,3.141966726721787,1.3607162237167358,3.4296802838373988,451,lr_ppo_seed57,lr_ppo,LR-PPO,57
77486,intercepted,1,0,0,0,81,14,7.0,67,81.0,40.5,2.52474308013916,0,3.32496181305717,3.990997314453125,3.594878365806832,68,lr_ppo_seed57,lr_ppo,LR-PPO,57
77487,unsafe_intercept,0,0,1,0,50,48,24.0,2,,,2.4513208866119385,0,2.3683931032816568,2.1596555709838867,2.3929896975052114,3,lr_ppo_seed57,lr_ppo,LR-PPO,57
77488,soldier_caught,0,1,0,0,59,7,3.5,52,,,1.6769646406173706,0,3.449837971408412,3.744274139404297,3.7771120309434303,53,lr_ppo_seed57,lr_ppo,LR-PPO,57
77489,intercepted,1,0,0,0,173,12,6.0,161,173.0,86.5,3.735891342163086,0,3.342461089477127,0.6205618977546692,3.6339627939659613,162,lr_ppo_seed57,lr_ppo,LR-PPO,57
77490,intercepted,1,0,0,0,279,59,29.5,220,279.0,139.5,3.9063024520874023,0,3.1139559325049904,1.1679202318191528,3.352136281474972,221,lr_ppo_seed57,lr_ppo,LR-PPO,57
77491,intercepted,1,0,0,0,187,10,5.0,177,187.0,93.5,3.704775810241699,0,3.219094051069088,2.2703561782836914,3.475223029032202,178,lr_ppo_seed57,lr_ppo,LR-PPO,57
77492,intercepted,1,0,0,0,89,12,6.0,77,89.0,44.5,2.194232940673828,0,3.370236465946222,3.977659225463867,3.5989680782208997,78,lr_ppo_seed57,lr_ppo,LR-PPO,57
77493,intercepted,1,0,0,0,302,10,5.0,292,302.0,151.0,2.2314984798431396,0,3.0670608155963364,2.6362645626068115,3.3048785376540972,293,lr_ppo_seed57,lr_ppo,LR-PPO,57
77494,intercepted,1,0,0,0,528,10,5.0,518,528.0,264.0,2.505049228668213,0,3.239239931623371,5.33546257019043,3.5084148464275065,519,lr_ppo_seed57,lr_ppo,LR-PPO,57
77495,intercepted,1,0,0,0,855,20,10.0,835,855.0,427.5,4.702510833740234,0,3.2237296311550163,4.595142841339111,3.5046191347210502,836,lr_ppo_seed57,lr_ppo,LR-PPO,57
77496,intercepted,1,0,0,0,149,62,31.0,87,149.0,74.5,2.946514844894409,0,3.2527635530991987,0.9635561108589172,3.5087433046328886,88,lr_ppo_seed57,lr_ppo,LR-PPO,57
77497,intercepted,1,0,0,0,213,9,4.5,204,213.0,106.5,11.503546714782715,0,3.119519298687214,2.9486324787139893,3.3839210661910357,205,lr_ppo_seed57,lr_ppo,LR-PPO,57
77498,intercepted,1,0,0,0,165,52,26.0,113,165.0,82.5,10.071531295776367,0,3.158763996341772,2.7587709426879883,3.4258489147394013,114,lr_ppo_seed57,lr_ppo,LR-PPO,57
77499,intercepted,1,0,0,0,118,10,5.0,108,118.0,59.0,5.998425483703613,0,3.2160646215491338,2.6250619888305664,3.5196375526880512,109,lr_ppo_seed57,lr_ppo,LR-PPO,57
77500,intercepted,1,0,0,0,342,13,6.5,329,342.0,171.0,2.773925542831421,0,3.1436509690953023,3.088876247406006,3.368644429846237,330,lr_ppo_seed57,lr_ppo,LR-PPO,57
77501,intercepted,1,0,0,0,231,14,7.0,217,231.0,115.5,2.996225118637085,0,3.342820335897284,0.8825897574424744,3.629609299588715,218,lr_ppo_seed57,lr_ppo,LR-PPO,57
77502,soldier_caught,0,1,0,0,196,9,4.5,187,,,1.6593363285064697,0,3.147021023199913,4.20026969909668,3.407996972524198,188,lr_ppo_seed57,lr_ppo,LR-PPO,57
77503,intercepted,1,0,0,0,135,10,5.0,125,135.0,67.5,3.609760046005249,0,3.1810576508915616,2.468799591064453,3.4896554104475177,126,lr_ppo_seed57,lr_ppo,LR-PPO,57
77504,intercepted,1,0,0,0,73,38,19.0,35,73.0,36.5,14.344407081604004,0,2.6259213528699346,0.7003738880157471,2.953910277884416,36,lr_ppo_seed57,lr_ppo,LR-PPO,57
77505,soldier_caught,0,1,0,0,61,12,6.0,49,,,1.9897191524505615,0,2.926214237213135,1.8092788457870483,3.2484547710709477,50,lr_ppo_seed57,lr_ppo,LR-PPO,57
77506,intercepted,1,0,0,0,137,9,4.5,128,137.0,68.5,3.671988010406494,0,3.174687697905903,2.185941696166992,3.400038264045261,129,lr_ppo_seed57,lr_ppo,LR-PPO,57
77507,soldier_caught,0,1,0,0,383,9,4.5,374,,,1.7982136011123657,0,3.317054619550705,5.765186786651611,3.5969570112238802,375,lr_ppo_seed57,lr_ppo,LR-PPO,57
77508,intercepted,1,0,0,0,129,9,4.5,120,129.0,64.5,3.4206929206848145,0,3.1540606196754233,4.729513645172119,3.4190828039051477,121,lr_ppo_seed57,lr_ppo,LR-PPO,57
77509,soldier_caught,0,1,0,0,34,8,4.0,26,,,0.8790392875671387,0,3.732589877314038,4.704518795013428,4.027878812960513,27,lr_ppo_seed57,lr_ppo,LR-PPO,57
77510,intercepted,1,0,0,0,356,18,9.0,338,356.0,178.0,5.644142150878906,0,3.0875893433009627,2.857069969177246,3.3790262682291172,339,lr_ppo_seed57,lr_ppo,LR-PPO,57
77511,soldier_caught,0,1,0,0,608,12,6.0,596,,,1.64567232131958,0,3.252402668722111,2.5835399627685547,3.5050770266332316,597,lr_ppo_seed57,lr_ppo,LR-PPO,57
77512,intercepted,1,0,0,0,450,11,5.5,439,450.0,225.0,2.9291632175445557,0,3.1698943333192307,2.517540216445923,3.464629669307121,440,lr_ppo_seed57,lr_ppo,LR-PPO,57
77513,intercepted,1,0,0,0,381,17,8.5,364,381.0,190.5,5.236027717590332,0,3.1783912947733106,4.686979293823242,3.4823929609282223,365,lr_ppo_seed57,lr_ppo,LR-PPO,57
77514,intercepted,1,0,0,0,96,9,4.5,87,96.0,48.0,2.5406672954559326,0,3.2106476656415244,1.8965528011322021,3.485937648180784,88,lr_ppo_seed57,lr_ppo,LR-PPO,57
77515,intercepted,1,0,0,0,596,13,6.5,583,596.0,298.0,2.9009010791778564,0,3.1599225800433386,1.495750904083252,3.4292791559727216,584,lr_ppo_seed57,lr_ppo,LR-PPO,57
77516,intercepted,1,0,0,0,453,12,6.0,441,453.0,226.5,3.8590171337127686,0,3.223300246833676,1.336060643196106,3.523048996785949,442,lr_ppo_seed57,lr_ppo,LR-PPO,57
77517,intercepted,1,0,0,0,77,9,4.5,68,77.0,38.5,3.8305063247680664,0,3.165379018023394,3.8799357414245605,3.377285298628691,69,lr_ppo_seed57,lr_ppo,LR-PPO,57
77518,intercepted,1,0,0,0,241,12,6.0,229,241.0,120.5,7.452088832855225,0,3.0267819332039876,3.3289690017700195,3.2629750047542014,230,lr_ppo_seed57,lr_ppo,LR-PPO,57
77519,intercepted,1,0,0,0,65,8,4.0,57,65.0,32.5,4.605860710144043,0,3.1988713905729096,2.987626314163208,3.423222118171596,58,lr_ppo_seed57,lr_ppo,LR-PPO,57
77520,soldier_caught,0,1,0,0,12,10,5.0,2,,,1.6401472091674805,0,3.4489927093187966,4.749466896057129,3.912731052834213,3,lr_ppo_seed57,lr_ppo,LR-PPO,57
77521,intercepted,1,0,0,0,322,11,5.5,311,322.0,161.0,2.847106695175171,0,3.2839009769451923,1.3180797100067139,3.5465494516203355,312,lr_ppo_seed57,lr_ppo,LR-PPO,57
77522,intercepted,1,0,0,0,517,9,4.5,508,517.0,258.5,4.604172229766846,0,3.1757747310786444,6.320197582244873,3.44965119018923,509,lr_ppo_seed57,lr_ppo,LR-PPO,57
77523,intercepted,1,0,0,0,104,7,3.5,97,104.0,52.0,4.258425235748291,0,2.95451150925792,2.7169950008392334,3.2178165494291613,98,lr_ppo_seed57,lr_ppo,LR-PPO,57
77524,intercepted,1,0,0,0,470,15,7.5,455,470.0,235.0,4.407205104827881,0,3.2327109618733325,1.3967986106872559,3.5148531829456484,456,lr_ppo_seed57,lr_ppo,LR-PPO,57
77525,intercepted,1,0,0,0,405,12,6.0,393,405.0,202.5,5.922172546386719,0,3.2714028988544106,4.642747402191162,3.5546654459908695,394,lr_ppo_seed57,lr_ppo,LR-PPO,57
77526,soldier_caught,0,1,0,0,105,12,6.0,93,,,1.210157036781311,0,2.949426938878729,1.6786351203918457,3.218498248157582,94,lr_ppo_seed57,lr_ppo,LR-PPO,57
77527,intercepted,1,0,0,0,152,9,4.5,143,152.0,76.0,2.8958146572113037,0,3.1787545610633163,1.786970853805542,3.4339104728897465,144,lr_ppo_seed57,lr_ppo,LR-PPO,57
77528,intercepted,1,0,0,0,36,9,4.5,27,36.0,18.0,2.0934019088745117,0,3.146379836968013,4.600004196166992,3.4498125578807697,28,lr_ppo_seed57,lr_ppo,LR-PPO,57
77529,soldier_caught,0,1,0,0,107,14,7.0,93,,,0.7447893619537354,0,3.1923752148100673,3.017300844192505,3.4519924682731546,94,lr_ppo_seed57,lr_ppo,LR-PPO,57
77530,intercepted,1,0,0,0,46,13,6.5,33,46.0,23.0,7.636145114898682,0,3.324567468727336,4.717942237854004,3.723236873059835,34,lr_ppo_seed57,lr_ppo,LR-PPO,57
77531,intercepted,1,0,0,0,122,13,6.5,109,122.0,61.0,5.4487810134887695,0,3.136300758340142,2.6328742504119873,3.379472237903216,110,lr_ppo_seed57,lr_ppo,LR-PPO,57
77532,intercepted,1,0,0,0,437,14,7.0,423,437.0,218.5,2.08693790435791,0,3.1752803781825416,3.3144073486328125,3.459108374486984,424,lr_ppo_seed57,lr_ppo,LR-PPO,57
77533,soldier_caught,0,1,0,0,297,8,4.0,289,,,1.0390030145645142,0,3.2875857247874656,3.7342472076416016,3.567696182314473,290,lr_ppo_seed57,lr_ppo,LR-PPO,57
77534,intercepted,1,0,0,0,72,8,4.0,64,72.0,36.0,6.7007646560668945,0,3.022272974711198,2.0910913944244385,3.240521451320507,65,lr_ppo_seed57,lr_ppo,LR-PPO,57
77535,soldier_caught,0,1,0,0,563,25,12.5,538,,,1.9577710628509521,0,3.163794045822076,2.5413732528686523,3.4431202577585505,539,lr_ppo_seed57,lr_ppo,LR-PPO,57
77536,intercepted,1,0,0,0,570,9,4.5,561,570.0,285.0,2.6999809741973877,0,3.1803458915804628,2.7686920166015625,3.4537082340756142,562,lr_ppo_seed57,lr_ppo,LR-PPO,57
77537,intercepted,1,0,0,0,26,15,7.5,11,26.0,13.0,7.449402332305908,0,3.43136457602183,4.304784774780273,3.5480449556871263,12,lr_ppo_seed57,lr_ppo,LR-PPO,57
77538,intercepted,1,0,0,0,199,9,4.5,190,199.0,99.5,3.5857155323028564,0,3.0609658538358997,2.577188491821289,3.3060307994130977,191,lr_ppo_seed57,lr_ppo,LR-PPO,57
77539,intercepted,1,0,0,0,492,12,6.0,480,492.0,246.0,2.0721333026885986,0,3.054323247899137,4.562582492828369,3.301271596470423,481,lr_ppo_seed57,lr_ppo,LR-PPO,57
77540,soldier_caught,0,1,0,0,246,11,5.5,235,,,1.6408687829971313,0,3.21939500711732,1.2490793466567993,3.4531874945101886,236,lr_ppo_seed57,lr_ppo,LR-PPO,57
77541,intercepted,1,0,0,0,34,15,7.5,19,34.0,17.0,9.434301376342773,0,2.980604204535484,4.422617435455322,3.2727168603974457,20,lr_ppo_seed57,lr_ppo,LR-PPO,57
77542,intercepted,1,0,0,0,993,11,5.5,982,993.0,496.5,3.08231258392334,0,3.1992570558223696,2.4409053325653076,3.4774425011475256,983,lr_ppo_seed57,lr_ppo,LR-PPO,57
77543,intercepted,1,0,0,0,536,12,6.0,524,536.0,268.0,9.355725288391113,0,3.282871486743291,5.813836097717285,3.563340079066268,525,lr_ppo_seed57,lr_ppo,LR-PPO,57
77544,intercepted,1,0,0,0,183,67,33.5,116,183.0,91.5,5.382806777954102,0,3.264314040159568,3.727250099182129,3.5742610822828382,117,lr_ppo_seed57,lr_ppo,LR-PPO,57
77545,intercepted,1,0,0,0,424,31,15.5,393,424.0,212.0,3.4608120918273926,0,3.2672438883236823,4.321735382080078,3.5686600777974817,394,lr_ppo_seed57,lr_ppo,LR-PPO,57
77546,intercepted,1,0,0,0,228,10,5.0,218,228.0,114.0,3.2010955810546875,0,3.244463297874416,2.9669623374938965,3.528734431008023,219,lr_ppo_seed57,lr_ppo,LR-PPO,57
77547,soldier_caught,0,1,0,0,244,9,4.5,235,,,1.8202626705169678,0,3.2231026642908485,3.3243296146392822,3.5293914551883043,236,lr_ppo_seed57,lr_ppo,LR-PPO,57
77548,intercepted,1,0,0,0,453,28,14.0,425,453.0,226.5,2.284191131591797,0,3.1298878866601996,2.4880423545837402,3.392908850031829,426,lr_ppo_seed57,lr_ppo,LR-PPO,57
77549,soldier_caught,0,1,0,0,1048,20,10.0,1028,,,1.3167024850845337,0,3.2066172645929605,5.0579352378845215,3.471757880461935,1029,lr_ppo_seed57,lr_ppo,LR-PPO,57
77550,intercepted,1,0,0,0,65,9,4.5,56,65.0,32.5,2.0735018253326416,0,3.050943792911998,4.679754734039307,3.328317200995517,57,lr_ppo_seed57,lr_ppo,LR-PPO,57
77551,intercepted,1,0,0,0,151,10,5.0,141,151.0,75.5,2.769846200942993,0,3.2396564152039273,2.7886877059936523,3.4911053691942127,142,lr_ppo_seed57,lr_ppo,LR-PPO,57
77552,intercepted,1,0,0,0,137,9,4.5,128,137.0,68.5,5.19841194152832,0,3.078839601010315,3.377255439758301,3.3350920323732507,129,lr_ppo_seed57,lr_ppo,LR-PPO,57
77553,intercepted,1,0,0,0,303,7,3.5,296,303.0,151.5,2.8146820068359375,0,3.174880381385084,1.4777095317840576,3.452522908441581,297,lr_ppo_seed57,lr_ppo,LR-PPO,57
77554,intercepted,1,0,0,0,79,14,7.0,65,79.0,39.5,11.536590576171875,0,3.3152292334672175,3.1102449893951416,3.556895649979691,66,lr_ppo_seed57,lr_ppo,LR-PPO,57
77555,intercepted,1,0,0,0,315,11,5.5,304,315.0,157.5,2.905311346054077,0,3.2791141708366207,1.120463252067566,3.5408390794104707,305,lr_ppo_seed57,lr_ppo,LR-PPO,57
77556,intercepted,1,0,0,0,288,19,9.5,269,288.0,144.0,3.463434934616089,0,3.126521142765328,4.089297294616699,3.4126295501356987,270,lr_ppo_seed57,lr_ppo,LR-PPO,57
77557,intercepted,1,0,0,0,191,8,4.0,183,191.0,95.5,2.4758224487304688,0,3.2611137728976165,1.6775015592575073,3.5510400805306173,184,lr_ppo_seed57,lr_ppo,LR-PPO,57
77558,intercepted,1,0,0,0,421,13,6.5,408,421.0,210.5,2.273981809616089,0,3.2196302499194016,2.7328550815582275,3.474129452030925,409,lr_ppo_seed57,lr_ppo,LR-PPO,57
77559,soldier_caught,0,1,0,0,189,10,5.0,179,,,1.192806363105774,0,3.31955916914675,3.26483416557312,3.6348876391570326,180,lr_ppo_seed57,lr_ppo,LR-PPO,57
77560,intercepted,1,0,0,0,101,34,17.0,67,101.0,50.5,12.732337951660156,0,3.1302436002913643,4.3745222091674805,3.45321926234631,68,lr_ppo_seed57,lr_ppo,LR-PPO,57
77561,intercepted,1,0,0,0,132,9,4.5,123,132.0,66.0,8.868828773498535,0,3.2723204618500126,3.1509530544281006,3.541580834322373,124,lr_ppo_seed57,lr_ppo,LR-PPO,57
77562,soldier_caught,0,1,0,0,300,20,10.0,280,,,0.949460506439209,0,3.243365070361684,2.94885516166687,3.5468666271781397,281,lr_ppo_seed57,lr_ppo,LR-PPO,57
77563,intercepted,1,0,0,0,370,12,6.0,358,370.0,185.0,2.147839307785034,0,3.1753280240015065,4.4692816734313965,3.463287505490232,359,lr_ppo_seed57,lr_ppo,LR-PPO,57
77564,intercepted,1,0,0,0,391,32,16.0,359,391.0,195.5,4.051246643066406,0,3.2151514963971244,2.1615188121795654,3.484208698156011,360,lr_ppo_seed57,lr_ppo,LR-PPO,57
77565,intercepted,1,0,0,0,332,10,5.0,322,332.0,166.0,11.055856704711914,0,3.280694749240905,2.579340696334839,3.5309756884920995,323,lr_ppo_seed57,lr_ppo,LR-PPO,57
77566,soldier_caught,0,1,0,0,17,15,7.5,2,,,1.3595398664474487,0,3.110260844230652,1.402884602546692,3.381614748213326,3,lr_ppo_seed57,lr_ppo,LR-PPO,57
77567,intercepted,1,0,0,0,175,13,6.5,162,175.0,87.5,4.5080366134643555,0,3.0491206294919815,1.9304472208023071,3.288665266671251,163,lr_ppo_seed57,lr_ppo,LR-PPO,57
77568,intercepted,1,0,0,0,208,11,5.5,197,208.0,104.0,12.783162117004395,0,3.2211787833107843,4.912323951721191,3.4932425497085138,198,lr_ppo_seed57,lr_ppo,LR-PPO,57
77569,intercepted,1,0,0,0,197,10,5.0,187,197.0,98.5,8.283289909362793,0,3.188518213306336,6.91522741317749,3.468690570391938,188,lr_ppo_seed57,lr_ppo,LR-PPO,57
77570,intercepted,1,0,0,0,391,11,5.5,380,391.0,195.5,2.0087890625,0,3.044730673546553,3.9065887928009033,3.3369428825569147,381,lr_ppo_seed57,lr_ppo,LR-PPO,57
77571,intercepted,1,0,0,0,480,13,6.5,467,480.0,240.0,4.01463508605957,0,3.201921631701482,1.203156590461731,3.4532950665171107,468,lr_ppo_seed57,lr_ppo,LR-PPO,57
77572,intercepted,1,0,0,0,198,58,29.0,140,198.0,99.0,10.335638999938965,0,3.0768809157905848,1.0107887983322144,3.308160693703418,141,lr_ppo_seed57,lr_ppo,LR-PPO,57
77573,intercepted,1,0,0,0,181,10,5.0,171,181.0,90.5,8.630792617797852,0,3.251483198168666,1.5002158880233765,3.5330480927129306,172,lr_ppo_seed57,lr_ppo,LR-PPO,57
77574,intercepted,1,0,0,0,290,12,6.0,278,290.0,145.0,6.861356258392334,0,3.231259338424197,1.7429611682891846,3.4870222541225986,279,lr_ppo_seed57,lr_ppo,LR-PPO,57
77575,intercepted,1,0,0,0,252,40,20.0,212,252.0,126.0,2.299598455429077,0,3.1980263482377005,3.1885485649108887,3.4339731022180486,213,lr_ppo_seed57,lr_ppo,LR-PPO,57
77576,intercepted,1,0,0,0,259,8,4.0,251,259.0,129.5,6.688761234283447,0,3.1882317838451217,1.6426500082015991,3.470358449847228,252,lr_ppo_seed57,lr_ppo,LR-PPO,57
77577,soldier_caught,0,1,0,0,317,9,4.5,308,,,1.5478899478912354,0,3.298091942052625,3.6066224575042725,3.5740229278598896,309,lr_ppo_seed57,lr_ppo,LR-PPO,57
77578,intercepted,1,0,0,0,368,9,4.5,359,368.0,184.0,3.9406254291534424,0,3.081092141320308,1.4730708599090576,3.358679929307009,360,lr_ppo_seed57,lr_ppo,LR-PPO,57
77579,intercepted,1,0,0,0,167,16,8.0,151,167.0,83.5,2.363646984100342,0,3.292540194172608,2.74070143699646,3.5601994085273927,152,lr_ppo_seed57,lr_ppo,LR-PPO,57
77580,intercepted,1,0,0,0,10,8,4.0,2,10.0,5.0,4.1994709968566895,0,4.561005353927612,5.154998779296875,4.820402829375994,3,lr_ppo_seed57,lr_ppo,LR-PPO,57
77581,intercepted,1,0,0,0,11,9,4.5,2,11.0,5.5,6.314459323883057,0,2.4736437797546387,1.8249332904815674,2.589140644374078,3,lr_ppo_seed57,lr_ppo,LR-PPO,57
77582,intercepted,1,0,0,0,354,30,15.0,324,354.0,177.0,3.098268508911133,0,3.1766045422737417,1.6030343770980835,3.47446759246415,325,lr_ppo_seed57,lr_ppo,LR-PPO,57
77583,intercepted,1,0,0,0,662,22,11.0,640,662.0,331.0,2.330913782119751,0,3.175714909658417,3.1917271614074707,3.462974469455435,641,lr_ppo_seed57,lr_ppo,LR-PPO,57
77584,intercepted,1,0,0,0,183,10,5.0,173,183.0,91.5,4.341536521911621,0,3.1137192263000313,2.4606316089630127,3.3340703870023156,174,lr_ppo_seed57,lr_ppo,LR-PPO,57
77585,intercepted,1,0,0,0,16,14,7.0,2,16.0,8.0,4.448014736175537,0,2.2931849559148154,1.770154356956482,2.329266150083727,3,lr_ppo_seed57,lr_ppo,LR-PPO,57
77586,intercepted,1,0,0,0,74,9,4.5,65,74.0,37.0,4.2085442543029785,0,2.954192373788718,2.092304229736328,3.257222392299615,66,lr_ppo_seed57,lr_ppo,LR-PPO,57
77587,intercepted,1,0,0,0,62,9,4.5,53,62.0,31.0,4.958723068237305,0,3.1977564019185527,0.8954022526741028,3.5452204769717337,54,lr_ppo_seed57,lr_ppo,LR-PPO,57
77588,intercepted,1,0,0,0,79,11,5.5,68,79.0,39.5,4.003393173217773,0,3.2047723721766816,4.196252822875977,3.4380029917791406,69,lr_ppo_seed57,lr_ppo,LR-PPO,57
77589,intercepted,1,0,0,0,277,18,9.0,259,277.0,138.5,5.315893173217773,0,3.1725159615278242,2.9774532318115234,3.3971358995134087,260,lr_ppo_seed57,lr_ppo,LR-PPO,57
77590,soldier_caught,0,1,0,0,163,11,5.5,152,,,1.9687340259552002,0,3.3763491394473055,2.8290183544158936,3.6926804252647223,153,lr_ppo_seed57,lr_ppo,LR-PPO,57
77591,intercepted,1,0,0,0,38,8,4.0,30,38.0,19.0,2.4046547412872314,0,3.0686009468570834,3.122335195541382,3.3605477029843773,31,lr_ppo_seed57,lr_ppo,LR-PPO,57
77592,soldier_caught,0,1,0,0,341,51,25.5,290,,,1.5972193479537964,0,3.225527010320388,1.2379150390625,3.5175115294289316,291,lr_ppo_seed57,lr_ppo,LR-PPO,57
77593,soldier_caught,0,1,0,0,35,11,5.5,24,,,0.902446448802948,0,2.7093400812149047,4.878270149230957,2.8976002386219415,25,lr_ppo_seed57,lr_ppo,LR-PPO,57
77594,intercepted,1,0,0,0,82,9,4.5,73,82.0,41.0,2.4038639068603516,0,3.3925949882816626,3.4191813468933105,3.7076102286232944,74,lr_ppo_seed57,lr_ppo,LR-PPO,57
77595,intercepted,1,0,0,0,242,10,5.0,232,242.0,121.0,4.125118255615234,0,3.1996811597644004,3.327747106552124,3.4952883035298563,233,lr_ppo_seed57,lr_ppo,LR-PPO,57
77596,soldier_caught,0,1,0,0,127,38,19.0,89,,,1.8871861696243286,0,3.151957055595186,1.791754961013794,3.434653437175337,90,lr_ppo_seed57,lr_ppo,LR-PPO,57
77597,soldier_caught,0,1,0,0,34,10,5.0,24,,,1.5783214569091797,0,2.758589515686035,2.473154306411743,2.9232704078441616,25,lr_ppo_seed57,lr_ppo,LR-PPO,57
77598,intercepted,1,0,0,0,112,72,36.0,40,112.0,56.0,8.999425888061523,0,3.394836845921307,8.83106517791748,3.7204814872765577,41,lr_ppo_seed57,lr_ppo,LR-PPO,57
77599,intercepted,1,0,0,0,38,14,7.0,24,38.0,19.0,11.51899242401123,0,2.7210085821151733,2.373667001724243,2.9709303501440156,25,lr_ppo_seed57,lr_ppo,LR-PPO,57
77600,intercepted,1,0,0,0,142,40,20.0,102,142.0,71.0,6.811088562011719,0,3.167098928423761,4.9533281326293945,3.444637263645468,103,lr_ppo_seed57,lr_ppo,LR-PPO,57
77601,soldier_caught,0,1,0,0,115,16,8.0,99,,,1.9194656610488892,0,3.1796056082844735,3.217298746109009,3.478578965686128,100,lr_ppo_seed57,lr_ppo,LR-PPO,57
77602,soldier_caught,0,1,0,0,728,27,13.5,701,,,1.8919825553894043,0,3.247509087380181,4.877883434295654,3.5342434646273033,702,lr_ppo_seed57,lr_ppo,LR-PPO,57
77603,intercepted,1,0,0,0,67,9,4.5,58,67.0,33.5,4.340000152587891,0,3.2680269025139888,3.6915171146392822,3.4765927162961234,59,lr_ppo_seed57,lr_ppo,LR-PPO,57
77604,intercepted,1,0,0,0,153,31,15.5,122,153.0,76.5,4.404210090637207,0,3.0097403221014067,3.132793426513672,3.290899271591593,123,lr_ppo_seed57,lr_ppo,LR-PPO,57
77605,soldier_caught,0,1,0,0,198,45,22.5,153,,,1.7603847980499268,0,3.1772737340493635,3.2322607040405273,3.4907902428838216,154,lr_ppo_seed57,lr_ppo,LR-PPO,57
77606,soldier_caught,0,1,0,0,66,11,5.5,55,,,1.2262824773788452,0,3.131661589656557,5.694314956665039,3.4360450063451706,56,lr_ppo_seed57,lr_ppo,LR-PPO,57
77607,intercepted,1,0,0,0,107,9,4.5,98,107.0,53.5,3.0457496643066406,0,3.0274291213112647,4.0208916664123535,3.348372479842703,99,lr_ppo_seed57,lr_ppo,LR-PPO,57
77608,soldier_caught,0,1,0,0,325,10,5.0,315,,,1.924923062324524,0,3.2589805454392975,0.7751790285110474,3.5331781506115685,316,lr_ppo_seed57,lr_ppo,LR-PPO,57
77609,intercepted,1,0,0,0,229,10,5.0,219,229.0,114.5,6.215113162994385,0,3.3022902616045693,2.6117496490478516,3.5643348209705237,220,lr_ppo_seed57,lr_ppo,LR-PPO,57
77610,intercepted,1,0,0,0,777,9,4.5,768,777.0,388.5,4.122808456420898,0,3.1263656752239743,3.6231648921966553,3.399879831485271,769,lr_ppo_seed57,lr_ppo,LR-PPO,57
77611,intercepted,1,0,0,0,42,8,4.0,34,42.0,21.0,10.03490924835205,0,3.4183782083647594,4.274469375610352,3.63670001216138,35,lr_ppo_seed57,lr_ppo,LR-PPO,57
77612,intercepted,1,0,0,0,37,8,4.0,29,37.0,18.5,3.0671024322509766,0,3.6124048193295795,2.9887020587921143,3.7448434477726655,30,lr_ppo_seed57,lr_ppo,LR-PPO,57
77613,intercepted,1,0,0,0,33,8,4.0,25,33.0,16.5,8.477042198181152,0,3.2008638129784512,4.434325695037842,3.4947418989008154,26,lr_ppo_seed57,lr_ppo,LR-PPO,57
77614,intercepted,1,0,0,0,76,21,10.5,55,76.0,38.0,4.109612941741943,0,2.9489318845527515,1.493699550628662,3.2485690577649073,56,lr_ppo_seed57,lr_ppo,LR-PPO,57
77615,intercepted,1,0,0,0,650,64,32.0,586,650.0,325.0,2.705516815185547,0,3.1559243317966366,2.0053486824035645,3.4303060360692688,587,lr_ppo_seed57,lr_ppo,LR-PPO,57
77616,intercepted,1,0,0,0,459,16,8.0,443,459.0,229.5,6.557333469390869,0,3.123437215146181,1.258759617805481,3.415786799896363,444,lr_ppo_seed57,lr_ppo,LR-PPO,57
77617,intercepted,1,0,0,0,153,101,50.5,52,153.0,76.5,13.336223602294922,0,3.2139132034103826,3.453805923461914,3.424549521432576,53,lr_ppo_seed57,lr_ppo,LR-PPO,57
77618,intercepted,1,0,0,0,523,35,17.5,488,523.0,261.5,5.255183219909668,0,3.289136170061088,3.570672035217285,3.58282264523294,489,lr_ppo_seed57,lr_ppo,LR-PPO,57
77619,soldier_caught,0,1,0,0,585,12,6.0,573,,,0.6664674878120422,0,3.2622010012121567,4.986795425415039,3.5592836240837293,574,lr_ppo_seed57,lr_ppo,LR-PPO,57
77620,intercepted,1,0,0,0,306,8,4.0,298,306.0,153.0,4.534608364105225,0,3.1473202000692937,2.1445910930633545,3.426823074838827,299,lr_ppo_seed57,lr_ppo,LR-PPO,57
77621,soldier_caught,0,1,0,0,12,10,5.0,2,,,1.9257533550262451,0,3.5880115826924643,3.1244852542877197,3.6031623193580313,3,lr_ppo_seed57,lr_ppo,LR-PPO,57
77622,intercepted,1,0,0,0,23,9,4.5,14,23.0,11.5,3.524765968322754,0,3.1125056743621826,1.1798858642578125,3.317013595652717,15,lr_ppo_seed57,lr_ppo,LR-PPO,57
77623,soldier_caught,0,1,0,0,32,7,3.5,25,,,1.9858072996139526,0,2.942839864354867,3.248023271560669,3.2555360366778894,26,lr_ppo_seed57,lr_ppo,LR-PPO,57
77624,intercepted,1,0,0,0,875,15,7.5,860,875.0,437.5,7.018697738647461,0,3.1455623622416895,2.4563515186309814,3.4377143242238226,861,lr_ppo_seed57,lr_ppo,LR-PPO,57
77625,intercepted,1,0,0,0,201,14,7.0,187,201.0,100.5,3.5426833629608154,0,3.060155987422517,1.6571259498596191,3.327680213528969,188,lr_ppo_seed57,lr_ppo,LR-PPO,57
77626,intercepted,1,0,0,0,373,19,9.5,354,373.0,186.5,7.703094005584717,0,3.227312451265228,1.484034776687622,3.4984065832818185,355,lr_ppo_seed57,lr_ppo,LR-PPO,57
77627,intercepted,1,0,0,0,167,11,5.5,156,167.0,83.5,10.030182838439941,0,3.243659503710498,5.312763690948486,3.5644255821217925,157,lr_ppo_seed57,lr_ppo,LR-PPO,57
77628,intercepted,1,0,0,0,458,11,5.5,447,458.0,229.0,6.1464948654174805,0,3.2519486282419945,2.248689651489258,3.5159704692570712,448,lr_ppo_seed57,lr_ppo,LR-PPO,57
77629,intercepted,1,0,0,0,217,24,12.0,193,217.0,108.5,9.623289108276367,0,3.126973009140221,4.789175987243652,3.4043102010050497,194,lr_ppo_seed57,lr_ppo,LR-PPO,57
77630,intercepted,1,0,0,0,1012,49,24.5,963,1012.0,506.0,2.98345685005188,0,3.198543128136283,3.1981348991394043,3.462480285367131,964,lr_ppo_seed57,lr_ppo,LR-PPO,57
77631,soldier_caught,0,1,0,0,410,12,6.0,398,,,1.9123890399932861,0,3.1601403995713495,2.4733734130859375,3.4572990481051473,399,lr_ppo_seed57,lr_ppo,LR-PPO,57
77632,intercepted,1,0,0,0,661,59,29.5,602,661.0,330.5,3.193981885910034,0,3.2490419593468234,2.155564546585083,3.509634432667645,603,lr_ppo_seed57,lr_ppo,LR-PPO,57
77633,intercepted,1,0,0,0,96,9,4.5,87,96.0,48.0,4.182380676269531,0,3.466709993102334,3.4712464809417725,3.8165704382881396,88,lr_ppo_seed57,lr_ppo,LR-PPO,57
77634,intercepted,1,0,0,0,661,7,3.5,654,661.0,330.5,5.729950428009033,0,3.232923921419464,1.714949607849121,3.5133651213181865,655,lr_ppo_seed57,lr_ppo,LR-PPO,57
77635,intercepted,1,0,0,0,11,9,4.5,2,11.0,5.5,4.17124605178833,0,2.7073537508646646,4.140615940093994,2.892466816735757,3,lr_ppo_seed57,lr_ppo,LR-PPO,57
77636,intercepted,1,0,0,0,199,14,7.0,185,199.0,99.5,5.442751884460449,0,3.1174506652819853,1.519166111946106,3.3957291385637705,186,lr_ppo_seed57,lr_ppo,LR-PPO,57
77637,intercepted,1,0,0,0,402,11,5.5,391,402.0,201.0,2.3822731971740723,0,3.231479995028705,3.1803338527679443,3.4707410674126504,392,lr_ppo_seed57,lr_ppo,LR-PPO,57
77638,soldier_caught,0,1,0,0,63,11,5.5,52,,,1.6417953968048096,0,3.3361731002915582,2.2673869132995605,3.563340698031205,53,lr_ppo_seed57,lr_ppo,LR-PPO,57
77639,intercepted,1,0,0,0,120,11,5.5,109,120.0,60.0,7.679767608642578,0,3.2001377563584934,2.4117443561553955,3.5034301698039263,110,lr_ppo_seed57,lr_ppo,LR-PPO,57
77640,intercepted,1,0,0,0,321,14,7.0,307,321.0,160.5,9.772882461547852,0,3.307291558230078,0.9186151623725891,3.5579003698379457,308,lr_ppo_seed57,lr_ppo,LR-PPO,57
77641,intercepted,1,0,0,0,677,10,5.0,667,677.0,338.5,3.121610164642334,0,3.131598872316633,1.849880576133728,3.387987397872583,668,lr_ppo_seed57,lr_ppo,LR-PPO,57
77642,intercepted,1,0,0,0,636,11,5.5,625,636.0,318.0,2.8041718006134033,0,3.2052511412400406,5.283285617828369,3.4505862190333363,626,lr_ppo_seed57,lr_ppo,LR-PPO,57
77643,intercepted,1,0,0,0,11,9,4.5,2,11.0,5.5,7.248145580291748,0,3.882215976715088,3.2737462520599365,4.245105972563636,3,lr_ppo_seed57,lr_ppo,LR-PPO,57
77644,intercepted,1,0,0,0,136,26,13.0,110,136.0,68.0,5.188657760620117,0,3.4510236924833007,2.360276699066162,3.6936190575683576,111,lr_ppo_seed57,lr_ppo,LR-PPO,57
77645,intercepted,1,0,0,0,131,9,4.5,122,131.0,65.5,3.798187494277954,0,3.2439778558607024,3.400160074234009,3.5101785569969155,123,lr_ppo_seed57,lr_ppo,LR-PPO,57
77646,intercepted,1,0,0,0,24,10,5.0,14,24.0,12.0,8.955883979797363,0,2.8076479911804197,4.017301559448242,3.0658065182714904,15,lr_ppo_seed57,lr_ppo,LR-PPO,57
77647,intercepted,1,0,0,0,287,13,6.5,274,287.0,143.5,6.832988262176514,0,3.264796092943712,4.761918544769287,3.522114033632809,275,lr_ppo_seed57,lr_ppo,LR-PPO,57
77648,unsafe_intercept,0,0,1,0,11,9,4.5,2,,,3.1309075355529785,0,2.959104140599569,3.8431570529937744,3.0260703835516884,3,lr_ppo_seed57,lr_ppo,LR-PPO,57
77649,intercepted,1,0,0,0,164,12,6.0,152,164.0,82.0,3.1701724529266357,0,3.2836478512271556,4.8078718185424805,3.5303311395734345,153,lr_ppo_seed57,lr_ppo,LR-PPO,57
77650,intercepted,1,0,0,0,771,11,5.5,760,771.0,385.5,6.789761066436768,0,3.177142557623195,2.6191318035125732,3.465311214752815,761,lr_ppo_seed57,lr_ppo,LR-PPO,57
77651,intercepted,1,0,0,0,566,15,7.5,551,566.0,283.0,2.407036781311035,0,3.2885410971939564,6.937694072723389,3.552949892057047,552,lr_ppo_seed57,lr_ppo,LR-PPO,57
77652,soldier_caught,0,1,0,0,12,10,5.0,2,,,1.9230523109436035,0,2.9040377934773765,2.4996862411499023,3.012718767331764,3,lr_ppo_seed57,lr_ppo,LR-PPO,57
77653,soldier_caught,0,1,0,0,153,16,8.0,137,,,1.6074204444885254,0,3.400446326404378,3.1163125038146973,3.714799368468355,138,lr_ppo_seed57,lr_ppo,LR-PPO,57
77654,intercepted,1,0,0,0,46,13,6.5,33,46.0,23.0,8.171971321105957,0,3.247012648512335,3.248701572418213,3.4873272827740935,34,lr_ppo_seed57,lr_ppo,LR-PPO,57
77655,intercepted,1,0,0,0,149,8,4.0,141,149.0,74.5,4.868099212646484,0,3.3328365035040277,3.444681167602539,3.580888071672894,142,lr_ppo_seed57,lr_ppo,LR-PPO,57
77656,intercepted,1,0,0,0,472,12,6.0,460,472.0,236.0,5.740055084228516,0,3.1893526150192457,1.2746996879577637,3.4713529419936044,461,lr_ppo_seed57,lr_ppo,LR-PPO,57
77657,intercepted,1,0,0,0,517,12,6.0,505,517.0,258.5,3.440645217895508,0,3.122859727429307,2.7203667163848877,3.400718843715303,506,lr_ppo_seed57,lr_ppo,LR-PPO,57
77658,intercepted,1,0,0,0,573,8,4.0,565,573.0,286.5,4.665022373199463,0,3.153699186475875,4.239993095397949,3.4333870019770996,566,lr_ppo_seed57,lr_ppo,LR-PPO,57
77659,intercepted,1,0,0,0,774,7,3.5,767,774.0,387.0,6.313345909118652,0,3.233765828073956,1.6398439407348633,3.4926502338507155,768,lr_ppo_seed57,lr_ppo,LR-PPO,57
77660,intercepted,1,0,0,0,504,11,5.5,493,504.0,252.0,3.0063061714172363,0,3.2199264027570424,3.026892900466919,3.5335662936931906,494,lr_ppo_seed57,lr_ppo,LR-PPO,57
77661,intercepted,1,0,0,0,519,11,5.5,508,519.0,259.5,3.3531527519226074,0,3.2714608573374906,0.7912272214889526,3.544723115753532,509,lr_ppo_seed57,lr_ppo,LR-PPO,57
77662,intercepted,1,0,0,0,298,10,5.0,288,298.0,149.0,9.483299255371094,0,3.316152200463734,4.91925048828125,3.578493870976604,289,lr_ppo_seed57,lr_ppo,LR-PPO,57
77663,intercepted,1,0,0,0,587,8,4.0,579,587.0,293.5,6.345599174499512,0,3.17863315657295,2.0708260536193848,3.4635745690468758,580,lr_ppo_seed57,lr_ppo,LR-PPO,57
77664,intercepted,1,0,0,0,41,9,4.5,32,41.0,20.5,8.376923561096191,0,3.220235239375721,1.2387999296188354,3.478542485777949,33,lr_ppo_seed57,lr_ppo,LR-PPO,57
77665,soldier_caught,0,1,0,0,169,20,10.0,149,,,1.1301357746124268,0,3.11250124891599,1.9581176042556763,3.349755294305053,150,lr_ppo_seed57,lr_ppo,LR-PPO,57
77666,intercepted,1,0,0,0,339,16,8.0,323,339.0,169.5,10.940024375915527,0,3.009370270518609,2.7186288833618164,3.2466323523459106,324,lr_ppo_seed57,lr_ppo,LR-PPO,57
77667,intercepted,1,0,0,0,300,12,6.0,288,300.0,150.0,7.598764419555664,0,3.1400041974127086,4.506474018096924,3.374537054765897,289,lr_ppo_seed57,lr_ppo,LR-PPO,57
77668,intercepted,1,0,0,0,58,13,6.5,45,58.0,29.0,5.112406253814697,0,2.9041478711625803,3.5715126991271973,3.1146794026667273,46,lr_ppo_seed57,lr_ppo,LR-PPO,57
77669,intercepted,1,0,0,0,40,10,5.0,30,40.0,20.0,6.920931816101074,0,2.95025997777139,3.1532180309295654,3.171641791304653,31,lr_ppo_seed57,lr_ppo,LR-PPO,57
77670,intercepted,1,0,0,0,966,9,4.5,957,966.0,483.0,2.0324864387512207,0,3.140152719330688,2.306978940963745,3.41892947715683,958,lr_ppo_seed57,lr_ppo,LR-PPO,57
77671,intercepted,1,0,0,0,167,12,6.0,155,167.0,83.5,4.110530376434326,0,3.197661941823287,3.2084591388702393,3.435358348466809,156,lr_ppo_seed57,lr_ppo,LR-PPO,57
77672,intercepted,1,0,0,0,77,12,6.0,65,77.0,38.5,3.3890650272369385,0,3.104187581575278,3.1323013305664062,3.3327229207034756,66,lr_ppo_seed57,lr_ppo,LR-PPO,57
77673,intercepted,1,0,0,0,432,11,5.5,421,432.0,216.0,7.590135097503662,0,3.2776409858634685,2.4296576976776123,3.551634397519623,422,lr_ppo_seed57,lr_ppo,LR-PPO,57
77674,soldier_caught,0,1,0,0,300,8,4.0,292,,,1.9793312549591064,0,3.1835880345655383,2.1973648071289062,3.4178910695662617,293,lr_ppo_seed57,lr_ppo,LR-PPO,57
77675,intercepted,1,0,0,0,233,13,6.5,220,233.0,116.5,8.268036842346191,0,3.417604646531705,4.2321929931640625,3.729570771607568,221,lr_ppo_seed57,lr_ppo,LR-PPO,57
77676,soldier_caught,0,1,0,0,10,8,4.0,2,,,1.9476319551467896,0,3.6154118378957114,4.665852069854736,3.7387205752550225,3,lr_ppo_seed57,lr_ppo,LR-PPO,57
77677,soldier_caught,0,1,0,0,461,11,5.5,450,,,1.5393601655960083,0,3.0780085705864986,1.790579080581665,3.344993498824893,451,lr_ppo_seed57,lr_ppo,LR-PPO,57
77678,soldier_caught,0,1,0,0,1735,11,5.5,1724,,,1.2735528945922852,0,3.18837287750797,2.697749614715576,3.471113714572145,1725,lr_ppo_seed57,lr_ppo,LR-PPO,57
77679,intercepted,1,0,0,0,601,11,5.5,590,601.0,300.5,3.098686933517456,0,3.119423466386327,3.247864246368408,3.417837209824777,591,lr_ppo_seed57,lr_ppo,LR-PPO,57
77680,soldier_caught,0,1,0,0,351,9,4.5,342,,,1.044756531715393,0,3.1702535175894857,4.574902534484863,3.4416696471732107,343,lr_ppo_seed57,lr_ppo,LR-PPO,57
77681,intercepted,1,0,0,0,87,33,16.5,54,87.0,43.5,6.774951457977295,0,3.4803607550534337,6.975355625152588,3.776855826743738,55,lr_ppo_seed57,lr_ppo,LR-PPO,57
77682,intercepted,1,0,0,0,37,11,5.5,26,37.0,18.5,11.83564567565918,0,3.2814305358462863,2.4118075370788574,3.5559830417462086,27,lr_ppo_seed57,lr_ppo,LR-PPO,57
77683,intercepted,1,0,0,0,196,9,4.5,187,196.0,98.0,10.685884475708008,0,3.1447074511583817,4.39021635055542,3.443008576489574,188,lr_ppo_seed57,lr_ppo,LR-PPO,57
77684,intercepted,1,0,0,0,165,9,4.5,156,165.0,82.5,2.318568468093872,0,3.1054525037480007,3.4684853553771973,3.384349995939766,157,lr_ppo_seed57,lr_ppo,LR-PPO,57
77685,intercepted,1,0,0,0,667,11,5.5,656,667.0,333.5,5.7533488273620605,0,3.20761578263576,2.216243267059326,3.4722962521336034,657,lr_ppo_seed57,lr_ppo,LR-PPO,57
77686,intercepted,1,0,0,0,955,11,5.5,944,955.0,477.5,2.0918054580688477,0,3.1927309922913394,4.740623474121094,3.458253747672462,945,lr_ppo_seed57,lr_ppo,LR-PPO,57
77687,intercepted,1,0,0,0,66,12,6.0,54,66.0,33.0,10.87484359741211,0,3.413307133587924,3.141005754470825,3.682541335029834,55,lr_ppo_seed57,lr_ppo,LR-PPO,57
77688,intercepted,1,0,0,0,116,8,4.0,108,116.0,58.0,3.429328441619873,0,3.1749909388909647,2.914813756942749,3.428914541762042,109,lr_ppo_seed57,lr_ppo,LR-PPO,57
77689,intercepted,1,0,0,0,472,13,6.5,459,472.0,236.0,6.496231555938721,0,3.296629715937635,1.2005584239959717,3.5632728160883254,460,lr_ppo_seed57,lr_ppo,LR-PPO,57
77690,intercepted,1,0,0,0,24,12,6.0,12,24.0,12.0,14.653106689453125,0,3.2718973205639768,5.79710054397583,3.5642713788593245,13,lr_ppo_seed57,lr_ppo,LR-PPO,57
77691,intercepted,1,0,0,0,107,11,5.5,96,107.0,53.5,4.883400917053223,0,3.2619468022867575,3.5907647609710693,3.4993384182839176,97,lr_ppo_seed57,lr_ppo,LR-PPO,57
77692,intercepted,1,0,0,0,231,12,6.0,219,231.0,115.5,11.364913940429688,0,3.0728718058629467,0.9847215414047241,3.3399517614664624,220,lr_ppo_seed57,lr_ppo,LR-PPO,57
77693,intercepted,1,0,0,0,54,11,5.5,43,54.0,27.0,5.859894275665283,0,2.7892576957290824,2.2712042331695557,3.1179520361421735,44,lr_ppo_seed57,lr_ppo,LR-PPO,57
77694,intercepted,1,0,0,0,328,10,5.0,318,328.0,164.0,8.002144813537598,0,3.178662903256551,1.652566909790039,3.457413191082404,319,lr_ppo_seed57,lr_ppo,LR-PPO,57
77695,intercepted,1,0,0,0,684,9,4.5,675,684.0,342.0,2.089951753616333,0,3.197381512168244,2.759655475616455,3.4837832724884734,676,lr_ppo_seed57,lr_ppo,LR-PPO,57
77696,intercepted,1,0,0,0,838,7,3.5,831,838.0,419.0,3.4173316955566406,0,3.178640585930015,3.777700901031494,3.446605256868335,832,lr_ppo_seed57,lr_ppo,LR-PPO,57
77697,intercepted,1,0,0,0,26,9,4.5,17,26.0,13.0,4.410144329071045,0,3.1323230730162726,4.996144771575928,3.3269879791530923,18,lr_ppo_seed57,lr_ppo,LR-PPO,57
77698,intercepted,1,0,0,0,31,8,4.0,23,31.0,15.5,5.887472152709961,0,2.7419348855813346,0.9524366855621338,3.1196588328581885,24,lr_ppo_seed57,lr_ppo,LR-PPO,57
77699,intercepted,1,0,0,0,186,39,19.5,147,186.0,93.0,11.081920623779297,0,3.2428163092684104,3.12408447265625,3.5092093897248517,148,lr_ppo_seed57,lr_ppo,LR-PPO,57
77700,intercepted,1,0,0,0,332,65,32.5,267,332.0,166.0,2.0192389488220215,0,3.191657462727223,5.972634315490723,3.4513441202341593,268,lr_ppo_seed57,lr_ppo,LR-PPO,57
77701,soldier_caught,0,1,0,0,294,16,8.0,278,,,1.0999139547348022,0,3.3696813773510703,4.830458164215088,3.6258795541741415,279,lr_ppo_seed57,lr_ppo,LR-PPO,57
77702,intercepted,1,0,0,0,372,12,6.0,360,372.0,186.0,6.348763465881348,0,3.293041036069558,3.607050657272339,3.5582066746632384,361,lr_ppo_seed57,lr_ppo,LR-PPO,57
77703,intercepted,1,0,0,0,226,14,7.0,212,226.0,113.0,5.6064934730529785,0,3.0789546114458166,3.0865888595581055,3.322119986144936,213,lr_ppo_seed57,lr_ppo,LR-PPO,57
77704,intercepted,1,0,0,0,290,21,10.5,269,290.0,145.0,5.10650110244751,0,3.0842519715980248,2.5260682106018066,3.4103338803575087,270,lr_ppo_seed57,lr_ppo,LR-PPO,57
77705,soldier_caught,0,1,0,0,259,11,5.5,248,,,1.4289941787719727,0,3.0574421225542046,2.7377991676330566,3.340225599837899,249,lr_ppo_seed57,lr_ppo,LR-PPO,57
77706,soldier_caught,0,1,0,0,280,36,18.0,244,,,0.6348440647125244,0,3.158453284477701,3.5366392135620117,3.4349737866070864,245,lr_ppo_seed57,lr_ppo,LR-PPO,57
77707,intercepted,1,0,0,0,335,41,20.5,294,335.0,167.5,4.952174186706543,0,3.3436410128060032,7.038532733917236,3.5895134288447887,295,lr_ppo_seed57,lr_ppo,LR-PPO,57
77708,soldier_caught,0,1,0,0,329,22,11.0,307,,,1.5153518915176392,0,3.232875547819323,5.003540992736816,3.5065099728268807,308,lr_ppo_seed57,lr_ppo,LR-PPO,57
77709,soldier_caught,0,1,0,0,148,8,4.0,140,,,1.6658159494400024,0,3.3143789941537465,3.725738525390625,3.5551919221744104,141,lr_ppo_seed57,lr_ppo,LR-PPO,57
77710,intercepted,1,0,0,0,89,8,4.0,81,89.0,44.5,5.328996658325195,0,3.3713969421095964,3.1259241104125977,3.7235201808933227,82,lr_ppo_seed57,lr_ppo,LR-PPO,57
77711,soldier_caught,0,1,0,0,445,14,7.0,431,,,1.4622925519943237,0,3.191117632927166,2.869156837463379,3.4748372684916133,432,lr_ppo_seed57,lr_ppo,LR-PPO,57
77712,intercepted,1,0,0,0,1537,52,26.0,1485,1537.0,768.5,3.398439407348633,0,3.1679000923181926,2.3045222759246826,3.4497720599985517,1486,lr_ppo_seed57,lr_ppo,LR-PPO,57
77713,intercepted,1,0,0,0,462,9,4.5,453,462.0,231.0,4.992650985717773,0,3.16757281262444,3.707284450531006,3.4219476264184765,454,lr_ppo_seed57,lr_ppo,LR-PPO,57
77714,intercepted,1,0,0,0,687,9,4.5,678,687.0,343.5,3.0616183280944824,0,3.1980558822537732,2.895892858505249,3.4654846147944474,679,lr_ppo_seed57,lr_ppo,LR-PPO,57
77715,soldier_caught,0,1,0,0,61,9,4.5,52,,,1.9141546487808228,0,3.207285318734511,5.383495807647705,3.4903758498922217,53,lr_ppo_seed57,lr_ppo,LR-PPO,57
77716,intercepted,1,0,0,0,249,18,9.0,231,249.0,124.5,3.8540291786193848,0,3.150421561352138,1.355149745941162,3.4546664399001537,232,lr_ppo_seed57,lr_ppo,LR-PPO,57
77717,intercepted,1,0,0,0,27,12,6.0,15,27.0,13.5,3.60736083984375,0,3.6887174770236015,3.2231547832489014,3.8612330974508606,16,lr_ppo_seed57,lr_ppo,LR-PPO,57
77718,intercepted,1,0,0,0,260,24,12.0,236,260.0,130.0,3.193526268005371,0,3.1275910609382116,2.922045946121216,3.3765733393144988,237,lr_ppo_seed57,lr_ppo,LR-PPO,57
77719,intercepted,1,0,0,0,26,13,6.5,13,26.0,13.0,4.06709623336792,0,3.542245783976146,2.798757314682007,3.831651061142941,14,lr_ppo_seed57,lr_ppo,LR-PPO,57
77720,intercepted,1,0,0,0,47,16,8.0,31,47.0,23.5,7.219404220581055,0,2.934315249323845,2.5323522090911865,3.0348515408071326,32,lr_ppo_seed57,lr_ppo,LR-PPO,57
77721,soldier_caught,0,1,0,0,491,87,43.5,404,,,1.7535053491592407,0,3.185542332390208,2.707655191421509,3.4700102073199144,405,lr_ppo_seed57,lr_ppo,LR-PPO,57
77722,soldier_caught,0,1,0,0,58,11,5.5,47,,,1.0527095794677734,0,3.0870961360633373,5.067033290863037,3.3390639965742106,48,lr_ppo_seed57,lr_ppo,LR-PPO,57
77723,intercepted,1,0,0,0,92,11,5.5,81,92.0,46.0,9.892805099487305,0,3.461579340987089,3.70806622505188,3.7272596091643226,82,lr_ppo_seed57,lr_ppo,LR-PPO,57
77724,soldier_caught,0,1,0,0,14,12,6.0,2,,,1.7631438970565796,0,2.462195634841919,4.04636812210083,2.7060125505573622,3,lr_ppo_seed57,lr_ppo,LR-PPO,57
77725,soldier_caught,0,1,0,0,45,15,7.5,30,,,1.750906229019165,0,3.031273575559739,2.7471909523010254,3.229817895078568,31,lr_ppo_seed57,lr_ppo,LR-PPO,57
77726,soldier_caught,0,1,0,0,400,10,5.0,390,,,1.9569780826568604,0,3.2333283774993,3.586575746536255,3.4993579889149222,391,lr_ppo_seed57,lr_ppo,LR-PPO,57
77727,intercepted,1,0,0,0,11,9,4.5,2,11.0,5.5,7.684524059295654,0,2.752901792526245,3.2279481887817383,2.7871405430048983,3,lr_ppo_seed57,lr_ppo,LR-PPO,57
77728,intercepted,1,0,0,0,143,11,5.5,132,143.0,71.5,6.025247573852539,0,2.996787615736624,4.489631652832031,3.254857890685819,133,lr_ppo_seed57,lr_ppo,LR-PPO,57
77729,intercepted,1,0,0,0,223,83,41.5,140,223.0,111.5,5.903768062591553,0,3.1317054685337324,2.703695774078369,3.4530715363389644,141,lr_ppo_seed57,lr_ppo,LR-PPO,57
77730,intercepted,1,0,0,0,497,10,5.0,487,497.0,248.5,6.250357627868652,0,3.092457621801095,1.3960764408111572,3.363460951758172,488,lr_ppo_seed57,lr_ppo,LR-PPO,57
77731,intercepted,1,0,0,0,173,12,6.0,161,173.0,86.5,6.196113586425781,0,3.361529286996818,3.4286019802093506,3.6306295460994074,162,lr_ppo_seed57,lr_ppo,LR-PPO,57
77732,intercepted,1,0,0,0,261,35,17.5,226,261.0,130.5,3.0353641510009766,0,3.2872015915253088,0.34651392698287964,3.5841756386588313,227,lr_ppo_seed57,lr_ppo,LR-PPO,57
77733,intercepted,1,0,0,0,114,10,5.0,104,114.0,57.0,7.666494846343994,0,3.208715319633484,3.1847221851348877,3.468804287613549,105,lr_ppo_seed57,lr_ppo,LR-PPO,57
77734,intercepted,1,0,0,0,196,13,6.5,183,196.0,98.0,10.846379280090332,0,3.1648224563054415,2.227771520614624,3.43899269354965,184,lr_ppo_seed57,lr_ppo,LR-PPO,57
77735,intercepted,1,0,0,0,68,46,23.0,22,68.0,34.0,2.42800235748291,0,3.4476092302280925,6.346832752227783,3.778362450933704,23,lr_ppo_seed57,lr_ppo,LR-PPO,57
77736,intercepted,1,0,0,0,264,30,15.0,234,264.0,132.0,10.87863826751709,0,3.227696560291534,2.48207688331604,3.504459843931784,235,lr_ppo_seed57,lr_ppo,LR-PPO,57
77737,intercepted,1,0,0,0,415,94,47.0,321,415.0,207.5,7.916257381439209,0,3.2225160861607662,3.325284957885742,3.4924666091869816,322,lr_ppo_seed57,lr_ppo,LR-PPO,57
77738,intercepted,1,0,0,0,47,14,7.0,33,47.0,23.5,2.150961399078369,0,2.9765561363276314,2.634511947631836,3.1369848861485257,34,lr_ppo_seed57,lr_ppo,LR-PPO,57
77739,intercepted,1,0,0,0,446,8,4.0,438,446.0,223.0,6.672713279724121,0,3.165079605436814,4.777918815612793,3.436176272036318,439,lr_ppo_seed57,lr_ppo,LR-PPO,57
77740,intercepted,1,0,0,0,506,8,4.0,498,506.0,253.0,4.202452659606934,0,3.1847182924379567,5.652353286743164,3.477979034445572,499,lr_ppo_seed57,lr_ppo,LR-PPO,57
77741,intercepted,1,0,0,0,119,39,19.5,80,119.0,59.5,7.216310024261475,0,3.215297333620213,3.0989673137664795,3.480945428434023,81,lr_ppo_seed57,lr_ppo,LR-PPO,57
77742,soldier_caught,0,1,0,0,101,9,4.5,92,,,0.9719045162200928,0,3.241106694103569,4.069411754608154,3.5443025331033597,93,lr_ppo_seed57,lr_ppo,LR-PPO,57
77743,intercepted,1,0,0,0,24,9,4.5,15,24.0,12.0,8.638128280639648,0,3.4816796481609344,3.01041579246521,3.726960884996778,16,lr_ppo_seed57,lr_ppo,LR-PPO,57
77744,intercepted,1,0,0,0,464,14,7.0,450,464.0,232.0,7.20051908493042,0,3.1867323596435218,7.688947677612305,3.4596033812757883,451,lr_ppo_seed57,lr_ppo,LR-PPO,57
77745,soldier_caught,0,1,0,0,938,8,4.0,930,,,1.0837831497192383,0,3.254915541404044,3.281360626220703,3.5124042211033943,931,lr_ppo_seed57,lr_ppo,LR-PPO,57
77746,intercepted,1,0,0,0,626,31,15.5,595,626.0,313.0,6.9830322265625,0,3.171447387752717,5.290439605712891,3.4387703610677645,596,lr_ppo_seed57,lr_ppo,LR-PPO,57
77747,intercepted,1,0,0,0,448,9,4.5,439,448.0,224.0,5.448162078857422,0,3.113891450586644,4.846651554107666,3.363170166364215,440,lr_ppo_seed57,lr_ppo,LR-PPO,57
77748,intercepted,1,0,0,0,31,14,7.0,17,31.0,15.5,5.850189208984375,0,2.534822874599033,2.4202816486358643,2.755468966152852,18,lr_ppo_seed57,lr_ppo,LR-PPO,57
77749,intercepted,1,0,0,0,473,13,6.5,460,473.0,236.5,4.793705463409424,0,3.1893520410821132,1.7123667001724243,3.449554017562449,461,lr_ppo_seed57,lr_ppo,LR-PPO,57
77750,intercepted,1,0,0,0,16,14,7.0,2,16.0,8.0,3.661261796951294,0,5.03807274500529,4.955846309661865,5.050751498691205,3,lr_ppo_seed57,lr_ppo,LR-PPO,57
77751,intercepted,1,0,0,0,59,31,15.5,28,59.0,29.5,3.7412149906158447,0,2.931419479435888,3.457185983657837,3.19411565765502,29,lr_ppo_seed57,lr_ppo,LR-PPO,57
77752,soldier_caught,0,1,0,0,499,16,8.0,483,,,1.8060362339019775,0,3.2275784986694,4.969527721405029,3.4812902136227217,484,lr_ppo_seed57,lr_ppo,LR-PPO,57
77753,intercepted,1,0,0,0,88,40,20.0,48,88.0,44.0,8.769427299499512,0,3.1869743965110002,2.1335055828094482,3.409069121272962,49,lr_ppo_seed57,lr_ppo,LR-PPO,57
77754,intercepted,1,0,0,0,14,13,6.5,1,14.0,7.0,5.08770227432251,0,3.1152197122573853,4.690487384796143,3.4908540639480563,2,lr_ppo_seed57,lr_ppo,LR-PPO,57
77755,soldier_caught,0,1,0,0,477,15,7.5,462,,,1.7110977172851562,0,3.212252917351527,1.6862250566482544,3.4892383466972317,463,lr_ppo_seed57,lr_ppo,LR-PPO,57
77756,intercepted,1,0,0,0,44,18,9.0,26,44.0,22.0,12.299996376037598,0,3.6366583042674594,4.915190696716309,3.953678001659662,27,lr_ppo_seed57,lr_ppo,LR-PPO,57
77757,intercepted,1,0,0,0,110,76,38.0,34,110.0,55.0,8.247930526733398,0,3.1290750673839023,4.15480899810791,3.3567153479375365,35,lr_ppo_seed57,lr_ppo,LR-PPO,57
77758,intercepted,1,0,0,0,193,23,11.5,170,193.0,96.5,2.4837894439697266,0,3.183082994661833,2.4635093212127686,3.4374341173407217,171,lr_ppo_seed57,lr_ppo,LR-PPO,57
77759,soldier_caught,0,1,0,0,424,10,5.0,414,,,1.7376110553741455,0,3.2010488904384244,6.124176979064941,3.4798098710675847,415,lr_ppo_seed57,lr_ppo,LR-PPO,57
77760,intercepted,1,0,0,0,191,13,6.5,178,191.0,95.5,3.697448253631592,0,3.0950256599394304,1.6037697792053223,3.359697410802333,179,lr_ppo_seed57,lr_ppo,LR-PPO,57
77761,intercepted,1,0,0,0,122,7,3.5,115,122.0,61.0,4.456943511962891,0,3.301562687446331,3.623455762863159,3.5765832271411138,116,lr_ppo_seed57,lr_ppo,LR-PPO,57
77762,intercepted,1,0,0,0,165,10,5.0,155,165.0,82.5,5.155368804931641,0,3.0853080269999995,1.604882836341858,3.334789665371374,156,lr_ppo_seed57,lr_ppo,LR-PPO,57
77763,intercepted,1,0,0,0,861,10,5.0,851,861.0,430.5,2.7081339359283447,0,3.264532778652586,4.506858825683594,3.5331407254278178,852,lr_ppo_seed57,lr_ppo,LR-PPO,57
77764,intercepted,1,0,0,0,87,14,7.0,73,87.0,43.5,3.1845126152038574,0,3.2037565083922566,2.959629774093628,3.4792803375973853,74,lr_ppo_seed57,lr_ppo,LR-PPO,57
77765,intercepted,1,0,0,0,35,8,4.0,27,35.0,17.5,5.755604267120361,0,3.1145952131067003,2.4909467697143555,3.2238914926059503,28,lr_ppo_seed57,lr_ppo,LR-PPO,57
77766,intercepted,1,0,0,0,442,16,8.0,426,442.0,221.0,8.112900733947754,0,3.148762513519171,2.173901319503784,3.4356294142482944,427,lr_ppo_seed57,lr_ppo,LR-PPO,57
77767,intercepted,1,0,0,0,351,11,5.5,340,351.0,175.5,8.045056343078613,0,3.225044320405753,6.738251686096191,3.5380741893399263,341,lr_ppo_seed57,lr_ppo,LR-PPO,57
77768,intercepted,1,0,0,0,314,36,18.0,278,314.0,157.0,3.2281432151794434,0,3.115622169121192,1.9485481977462769,3.390512723235871,279,lr_ppo_seed57,lr_ppo,LR-PPO,57
77769,intercepted,1,0,0,0,284,16,8.0,268,284.0,142.0,7.017420291900635,0,3.2732206009134486,3.2385830879211426,3.506562403575053,269,lr_ppo_seed57,lr_ppo,LR-PPO,57
77770,soldier_caught,0,1,0,0,12,10,5.0,2,,,1.6463425159454346,0,3.3022965590159097,4.365603446960449,3.43892320306405,3,lr_ppo_seed57,lr_ppo,LR-PPO,57
77771,intercepted,1,0,0,0,252,9,4.5,243,252.0,126.0,2.5270137786865234,0,3.1115806569330027,3.355407953262329,3.403398497914853,244,lr_ppo_seed57,lr_ppo,LR-PPO,57
77772,intercepted,1,0,0,0,249,33,16.5,216,249.0,124.5,9.331538200378418,0,3.049648585270077,1.799455165863037,3.319008670723099,217,lr_ppo_seed57,lr_ppo,LR-PPO,57
77773,intercepted,1,0,0,0,142,53,26.5,89,142.0,71.0,2.5477898120880127,0,3.1834508346186743,3.681349515914917,3.4708560751895385,90,lr_ppo_seed57,lr_ppo,LR-PPO,57
77774,intercepted,1,0,0,0,79,9,4.5,70,79.0,39.5,2.7664291858673096,0,3.0966362986766116,1.4705933332443237,3.3766658593973173,71,lr_ppo_seed57,lr_ppo,LR-PPO,57
77775,intercepted,1,0,0,0,614,7,3.5,607,614.0,307.0,6.738709449768066,0,3.2208408259443546,4.378183364868164,3.478273600225668,608,lr_ppo_seed57,lr_ppo,LR-PPO,57
77776,intercepted,1,0,0,0,184,10,5.0,174,184.0,92.0,5.710299491882324,0,3.2979836412838526,3.5658318996429443,3.5358587032121176,175,lr_ppo_seed57,lr_ppo,LR-PPO,57
77777,intercepted,1,0,0,0,98,41,20.5,57,98.0,49.0,4.30393648147583,0,2.8381061404943466,2.8901515007019043,3.1956705591766976,58,lr_ppo_seed57,lr_ppo,LR-PPO,57
77778,intercepted,1,0,0,0,881,11,5.5,870,881.0,440.5,5.793532848358154,0,3.205779831664023,5.781896591186523,3.4991011729213395,871,lr_ppo_seed57,lr_ppo,LR-PPO,57
77779,intercepted,1,0,0,0,374,14,7.0,360,374.0,187.0,4.877093315124512,0,3.0739676204001802,6.036651611328125,3.349932963080067,361,lr_ppo_seed57,lr_ppo,LR-PPO,57
77780,intercepted,1,0,0,0,157,46,23.0,111,157.0,78.5,9.412850379943848,0,3.232970659488014,1.9048136472702026,3.496258205882199,112,lr_ppo_seed57,lr_ppo,LR-PPO,57
77781,intercepted,1,0,0,0,288,21,10.5,267,288.0,144.0,6.5857462882995605,0,3.1124767179586996,5.386184215545654,3.413473671756136,268,lr_ppo_seed57,lr_ppo,LR-PPO,57
77782,unsafe_intercept,0,0,1,0,225,9,4.5,216,,,2.710761785507202,0,3.3239317860471487,5.421443462371826,3.5552879335184957,217,lr_ppo_seed57,lr_ppo,LR-PPO,57
77783,intercepted,1,0,0,0,642,15,7.5,627,642.0,321.0,2.7431509494781494,0,3.304541325683047,1.4409129619598389,3.598035897428981,628,lr_ppo_seed57,lr_ppo,LR-PPO,57
77784,intercepted,1,0,0,0,12,11,5.5,1,12.0,6.0,4.150531768798828,0,5.2657575607299805,6.416413307189941,5.3900103279350295,2,lr_ppo_seed57,lr_ppo,LR-PPO,57
77785,intercepted,1,0,0,0,39,14,7.0,25,39.0,19.5,5.437299728393555,0,3.187120799834912,4.241917610168457,3.540514297878735,26,lr_ppo_seed57,lr_ppo,LR-PPO,57
77786,soldier_caught,0,1,0,0,523,89,44.5,434,,,1.464323878288269,0,3.2110064744949343,1.657831072807312,3.471588808093137,435,lr_ppo_seed57,lr_ppo,LR-PPO,57
77787,intercepted,1,0,0,0,1142,22,11.0,1120,1142.0,571.0,3.068985939025879,0,3.1093617982092336,4.396260738372803,3.3945886512450785,1121,lr_ppo_seed57,lr_ppo,LR-PPO,57
77788,intercepted,1,0,0,0,66,13,6.5,53,66.0,33.0,5.997339248657227,0,2.9465704747924097,3.995346784591675,3.2067196451775093,54,lr_ppo_seed57,lr_ppo,LR-PPO,57
77789,unsafe_intercept,0,0,1,0,10,8,4.0,2,,,2.512807607650757,0,3.277536630630493,2.986738443374634,3.5185126606373793,3,lr_ppo_seed57,lr_ppo,LR-PPO,57
77790,intercepted,1,0,0,0,293,13,6.5,280,293.0,146.5,3.2210488319396973,0,3.316790234151684,3.0457887649536133,3.588122492359466,281,lr_ppo_seed57,lr_ppo,LR-PPO,57
77791,soldier_caught,0,1,0,0,374,32,16.0,342,,,1.8789900541305542,0,3.041916823074352,4.052619934082031,3.3107997701124177,343,lr_ppo_seed57,lr_ppo,LR-PPO,57
77792,intercepted,1,0,0,0,84,22,11.0,62,84.0,42.0,7.476107597351074,0,2.8109332966426064,3.6416356563568115,3.102673758494522,63,lr_ppo_seed57,lr_ppo,LR-PPO,57
77793,intercepted,1,0,0,0,338,9,4.5,329,338.0,169.0,4.161220550537109,0,3.130059314090194,2.4989781379699707,3.409394809331188,330,lr_ppo_seed57,lr_ppo,LR-PPO,57
77794,intercepted,1,0,0,0,200,13,6.5,187,200.0,100.0,7.536475658416748,0,3.213292127752558,5.344324111938477,3.4824213611581327,188,lr_ppo_seed57,lr_ppo,LR-PPO,57
77795,intercepted,1,0,0,0,374,13,6.5,361,374.0,187.0,9.42263126373291,0,3.2149579473951246,2.791898727416992,3.459460673436905,362,lr_ppo_seed57,lr_ppo,LR-PPO,57
77796,intercepted,1,0,0,0,9,7,3.5,2,9.0,4.5,5.412712574005127,0,2.5239874919255576,3.2875685691833496,2.5840017944270555,3,lr_ppo_seed57,lr_ppo,LR-PPO,57
77797,soldier_caught,0,1,0,0,240,9,4.5,231,,,1.0582802295684814,0,3.2958709659247565,3.761641502380371,3.5433444197712856,232,lr_ppo_seed57,lr_ppo,LR-PPO,57
77798,intercepted,1,0,0,0,272,10,5.0,262,272.0,136.0,6.655836582183838,0,3.1979109085104764,3.853996992111206,3.458329691969312,263,lr_ppo_seed57,lr_ppo,LR-PPO,57
77799,intercepted,1,0,0,0,133,21,10.5,112,133.0,66.5,11.604408264160156,0,3.2501212569464624,1.8960151672363281,3.5278040286550114,113,lr_ppo_seed57,lr_ppo,LR-PPO,57
77800,intercepted,1,0,0,0,439,57,28.5,382,439.0,219.5,3.247941493988037,0,3.2265200939408794,2.427734136581421,3.497785619724764,383,lr_ppo_seed57,lr_ppo,LR-PPO,57
77801,intercepted,1,0,0,0,44,17,8.5,27,44.0,22.0,11.205489158630371,0,2.7966365601335252,2.5550179481506348,3.01154738858347,28,lr_ppo_seed57,lr_ppo,LR-PPO,57
77802,intercepted,1,0,0,0,124,11,5.5,113,124.0,62.0,2.481846332550049,0,3.035743177982799,3.4705991744995117,3.328945814450637,114,lr_ppo_seed57,lr_ppo,LR-PPO,57
77803,soldier_caught,0,1,0,0,32,8,4.0,24,,,1.0140998363494873,0,3.1008806896209715,2.957174777984619,3.399341500971542,25,lr_ppo_seed57,lr_ppo,LR-PPO,57
77804,intercepted,1,0,0,0,72,31,15.5,41,72.0,36.0,12.996023178100586,0,3.4860554876781644,6.438169479370117,3.7806325804077026,42,lr_ppo_seed57,lr_ppo,LR-PPO,57
77805,intercepted,1,0,0,0,287,14,7.0,273,287.0,143.5,9.26111125946045,0,3.2040846315178557,2.6282715797424316,3.4953693032300204,274,lr_ppo_seed57,lr_ppo,LR-PPO,57
77806,intercepted,1,0,0,0,176,16,8.0,160,176.0,88.0,4.430760383605957,0,3.228825783692532,4.176582336425781,3.5619688096064457,161,lr_ppo_seed57,lr_ppo,LR-PPO,57
77807,intercepted,1,0,0,0,184,7,3.5,177,184.0,92.0,2.9124643802642822,0,3.4226987266473556,3.51593017578125,3.746549165320434,178,lr_ppo_seed57,lr_ppo,LR-PPO,57
77808,intercepted,1,0,0,0,703,7,3.5,696,703.0,351.5,6.26365327835083,0,3.132752670961268,5.139645576477051,3.397551850452663,697,lr_ppo_seed57,lr_ppo,LR-PPO,57
77809,soldier_caught,0,1,0,0,59,10,5.0,49,,,1.2264039516448975,0,3.0161410677433014,5.766169548034668,3.2763176285149727,50,lr_ppo_seed57,lr_ppo,LR-PPO,57
77810,intercepted,1,0,0,0,43,8,4.0,35,43.0,21.5,3.9793238639831543,0,3.4913249413172402,4.18779993057251,3.7296702771089683,36,lr_ppo_seed57,lr_ppo,LR-PPO,57
77811,soldier_caught,0,1,0,0,161,40,20.0,121,,,1.318900227546692,0,3.2560898705584105,3.402374744415283,3.5625093515279986,122,lr_ppo_seed57,lr_ppo,LR-PPO,57
77812,intercepted,1,0,0,0,41,16,8.0,25,41.0,20.5,2.6679251194000244,0,3.3292686205643873,3.2816884517669678,3.599574864205905,26,lr_ppo_seed57,lr_ppo,LR-PPO,57
77813,intercepted,1,0,0,0,844,41,20.5,803,844.0,422.0,4.186544418334961,0,3.163217273906837,2.673494338989258,3.43179495898099,804,lr_ppo_seed57,lr_ppo,LR-PPO,57
77814,soldier_caught,0,1,0,0,352,9,4.5,343,,,1.1819719076156616,0,3.2690412802405135,4.484420299530029,3.5466201286978785,344,lr_ppo_seed57,lr_ppo,LR-PPO,57
77815,intercepted,1,0,0,0,604,11,5.5,593,604.0,302.0,7.0694379806518555,0,3.0643947731063825,2.388270139694214,3.32210079251177,594,lr_ppo_seed57,lr_ppo,LR-PPO,57
77816,intercepted,1,0,0,0,38,9,4.5,29,38.0,19.0,5.909182071685791,0,3.5630021572113035,1.7279088497161865,3.7608648364600974,30,lr_ppo_seed57,lr_ppo,LR-PPO,57
77817,intercepted,1,0,0,0,151,8,4.0,143,151.0,75.5,3.0542640686035156,0,3.1865629601395793,3.7885189056396484,3.4965448921008644,144,lr_ppo_seed57,lr_ppo,LR-PPO,57
77818,intercepted,1,0,0,0,367,9,4.5,358,367.0,183.5,2.300572395324707,0,3.2120940359023953,1.972312092781067,3.4604952136950993,359,lr_ppo_seed57,lr_ppo,LR-PPO,57
77819,soldier_caught,0,1,0,0,625,14,7.0,611,,,0.5690819025039673,0,3.212007743129933,2.4226486682891846,3.4626188191524583,612,lr_ppo_seed57,lr_ppo,LR-PPO,57
77820,intercepted,1,0,0,0,206,11,5.5,195,206.0,103.0,10.08022403717041,0,3.1913938958730017,3.8189074993133545,3.466149745861071,196,lr_ppo_seed57,lr_ppo,LR-PPO,57
77821,intercepted,1,0,0,0,304,17,8.5,287,304.0,152.0,2.215023994445801,0,3.2381371693271728,3.346146821975708,3.4977045438460226,288,lr_ppo_seed57,lr_ppo,LR-PPO,57
77822,intercepted,1,0,0,0,455,8,4.0,447,455.0,227.5,3.1402525901794434,0,3.087933397186654,3.3886618614196777,3.346805836784793,448,lr_ppo_seed57,lr_ppo,LR-PPO,57
77823,intercepted,1,0,0,0,10,8,4.0,2,10.0,5.0,5.083034515380859,0,1.47909148534139,1.2959091663360596,1.4973184032450668,3,lr_ppo_seed57,lr_ppo,LR-PPO,57
77824,soldier_caught,0,1,0,0,232,11,5.5,221,,,1.9929180145263672,0,3.305625177450008,3.9264743328094482,3.5892202616397095,222,lr_ppo_seed57,lr_ppo,LR-PPO,57
77825,intercepted,1,0,0,0,652,13,6.5,639,652.0,326.0,2.9870035648345947,0,3.275331912282854,1.712599277496338,3.5362973478393704,640,lr_ppo_seed57,lr_ppo,LR-PPO,57
77826,soldier_caught,0,1,0,0,17,15,7.5,2,,,1.6231170892715454,0,3.369982957839966,4.191538333892822,3.488248177154114,3,lr_ppo_seed57,lr_ppo,LR-PPO,57
77827,intercepted,1,0,0,0,137,9,4.5,128,137.0,68.5,2.641230821609497,0,3.236466831015062,2.9128668308258057,3.471314433197495,129,lr_ppo_seed57,lr_ppo,LR-PPO,57
77828,intercepted,1,0,0,0,46,9,4.5,37,46.0,23.0,7.098299503326416,0,3.2697791378749046,3.274404525756836,3.545168221457987,38,lr_ppo_seed57,lr_ppo,LR-PPO,57
77829,soldier_caught,0,1,0,0,16,14,7.0,2,,,1.3341124057769775,0,2.7667497793833413,1.7480833530426025,3.002590887969866,3,lr_ppo_seed57,lr_ppo,LR-PPO,57
77830,intercepted,1,0,0,0,799,65,32.5,734,799.0,399.5,2.1100621223449707,0,3.1793434124009137,2.2405567169189453,3.442637481330299,735,lr_ppo_seed57,lr_ppo,LR-PPO,57
77831,intercepted,1,0,0,0,264,10,5.0,254,264.0,132.0,11.82785701751709,0,3.206329664412667,3.06023907661438,3.4572395225630594,255,lr_ppo_seed57,lr_ppo,LR-PPO,57
77832,intercepted,1,0,0,0,213,8,4.0,205,213.0,106.5,3.068355083465576,0,3.060522488019999,2.0777101516723633,3.3237831846482084,206,lr_ppo_seed57,lr_ppo,LR-PPO,57
77833,soldier_caught,0,1,0,0,186,10,5.0,176,,,0.4623710811138153,0,3.071029206790493,1.5856565237045288,3.3736615640660217,177,lr_ppo_seed57,lr_ppo,LR-PPO,57
77834,intercepted,1,0,0,0,236,10,5.0,226,236.0,118.0,6.978063106536865,0,3.1420433824545486,3.4367306232452393,3.4017287499686564,227,lr_ppo_seed57,lr_ppo,LR-PPO,57
77835,intercepted,1,0,0,0,22,9,4.5,13,22.0,11.0,7.071888446807861,0,3.5122956207820346,2.9226672649383545,3.8580183143823077,14,lr_ppo_seed57,lr_ppo,LR-PPO,57
77836,intercepted,1,0,0,0,114,8,4.0,106,114.0,57.0,2.558140993118286,0,3.126097821186636,2.1100354194641113,3.3772207307272004,107,lr_ppo_seed57,lr_ppo,LR-PPO,57
77837,intercepted,1,0,0,0,580,12,6.0,568,580.0,290.0,2.1680777072906494,0,3.2370795022519485,3.0103182792663574,3.5281155260476447,569,lr_ppo_seed57,lr_ppo,LR-PPO,57
77838,soldier_caught,0,1,0,0,33,9,4.5,24,,,0.9019869565963745,0,3.250371370315552,1.2775254249572754,3.4927497251914494,25,lr_ppo_seed57,lr_ppo,LR-PPO,57
77839,intercepted,1,0,0,0,53,9,4.5,44,53.0,26.5,11.718409538269043,0,3.2601171162393356,2.462405204772949,3.444394187592232,45,lr_ppo_seed57,lr_ppo,LR-PPO,57
77840,intercepted,1,0,0,0,228,17,8.5,211,228.0,114.0,8.13265323638916,0,3.0748846152762197,1.6879991292953491,3.3393000989062913,212,lr_ppo_seed57,lr_ppo,LR-PPO,57
77841,intercepted,1,0,0,0,408,16,8.0,392,408.0,204.0,3.1954345703125,0,3.162656310481273,4.049462795257568,3.4213879204784265,393,lr_ppo_seed57,lr_ppo,LR-PPO,57
77842,intercepted,1,0,0,0,30,9,4.5,21,30.0,15.0,7.316244125366211,0,2.767453957687725,3.4661970138549805,2.9411607205480115,22,lr_ppo_seed57,lr_ppo,LR-PPO,57
77843,intercepted,1,0,0,0,387,99,49.5,288,387.0,193.5,7.14865779876709,0,3.2677555588496183,2.996511220932007,3.569309699364692,289,lr_ppo_seed57,lr_ppo,LR-PPO,57
77844,intercepted,1,0,0,0,11,9,4.5,2,11.0,5.5,4.547878265380859,0,2.3729118506113687,3.7534396648406982,2.702004996707833,3,lr_ppo_seed57,lr_ppo,LR-PPO,57
77845,intercepted,1,0,0,0,205,14,7.0,191,205.0,102.5,4.7208943367004395,0,3.2630901519830027,0.91583651304245,3.5287810588595887,192,lr_ppo_seed57,lr_ppo,LR-PPO,57
77846,intercepted,1,0,0,0,540,9,4.5,531,540.0,270.0,4.1567559242248535,0,3.221299266932826,3.7607107162475586,3.4821628019613207,532,lr_ppo_seed57,lr_ppo,LR-PPO,57
77847,intercepted,1,0,0,0,765,59,29.5,706,765.0,382.5,2.0243284702301025,0,3.2034942480344246,2.735281467437744,3.4789098796697133,707,lr_ppo_seed57,lr_ppo,LR-PPO,57
77848,intercepted,1,0,0,0,428,28,14.0,400,428.0,214.0,2.064276695251465,0,3.144066774711347,1.5079436302185059,3.37839902829682,401,lr_ppo_seed57,lr_ppo,LR-PPO,57
77849,intercepted,1,0,0,0,1262,11,5.5,1251,1262.0,631.0,2.0726349353790283,0,3.29074218564521,2.119633913040161,3.555615878500755,1252,lr_ppo_seed57,lr_ppo,LR-PPO,57
77850,intercepted,1,0,0,0,54,13,6.5,41,54.0,27.0,13.054030418395996,0,2.9434821215413867,1.9344269037246704,3.227094040662913,42,lr_ppo_seed57,lr_ppo,LR-PPO,57
77851,intercepted,1,0,0,0,675,8,4.0,667,675.0,337.5,3.445145606994629,0,3.149531361808677,1.4632967710494995,3.4361377278728833,668,lr_ppo_seed57,lr_ppo,LR-PPO,57
77852,intercepted,1,0,0,0,368,13,6.5,355,368.0,184.0,2.4406962394714355,0,3.1994671273264994,2.8058061599731445,3.45156661796918,356,lr_ppo_seed57,lr_ppo,LR-PPO,57
77853,soldier_caught,0,1,0,0,267,10,5.0,257,,,1.077867865562439,0,3.183305574710979,3.799039602279663,3.4282237682743193,258,lr_ppo_seed57,lr_ppo,LR-PPO,57
77854,intercepted,1,0,0,0,220,11,5.5,209,220.0,110.0,4.3009796142578125,0,3.440412969390551,4.4814372062683105,3.7223217711119583,210,lr_ppo_seed57,lr_ppo,LR-PPO,57
77855,intercepted,1,0,0,0,97,17,8.5,80,97.0,48.5,3.3782243728637695,0,3.313829493743402,5.624255180358887,3.607338173156761,81,lr_ppo_seed57,lr_ppo,LR-PPO,57
77856,soldier_caught,0,1,0,0,438,8,4.0,430,,,0.9908435940742493,0,3.173561943586907,0.9155609607696533,3.4324910194389298,431,lr_ppo_seed57,lr_ppo,LR-PPO,57
77857,soldier_caught,0,1,0,0,133,9,4.5,124,,,0.41315242648124695,0,3.1875122151374815,2.566279649734497,3.4218745734077607,125,lr_ppo_seed57,lr_ppo,LR-PPO,57
77858,intercepted,1,0,0,0,42,10,5.0,32,42.0,21.0,5.207152366638184,0,2.817196505539345,2.690173387527466,3.0802778266533988,33,lr_ppo_seed57,lr_ppo,LR-PPO,57
77859,intercepted,1,0,0,0,281,11,5.5,270,281.0,140.5,4.6089768409729,0,3.216496493213731,4.496610641479492,3.4674779315539013,271,lr_ppo_seed57,lr_ppo,LR-PPO,57
77860,soldier_caught,0,1,0,0,492,9,4.5,483,,,1.3117218017578125,0,3.2416879322287464,3.1566784381866455,3.5064708067406634,484,lr_ppo_seed57,lr_ppo,LR-PPO,57
77861,soldier_caught,0,1,0,0,175,14,7.0,161,,,0.8273143172264099,0,3.100834881449923,1.4303221702575684,3.3873117240027475,162,lr_ppo_seed57,lr_ppo,LR-PPO,57
77862,intercepted,1,0,0,0,239,16,8.0,223,239.0,119.5,5.748332500457764,0,3.055827059117811,2.883798599243164,3.3039189461673995,224,lr_ppo_seed57,lr_ppo,LR-PPO,57
77863,intercepted,1,0,0,0,116,15,7.5,101,116.0,58.0,9.655094146728516,0,3.1534559165730194,1.5627368688583374,3.394958153342167,102,lr_ppo_seed57,lr_ppo,LR-PPO,57
77864,unsafe_intercept,0,0,1,0,11,9,4.5,2,,,2.0533194541931152,0,2.1747541030248008,2.748548984527588,2.218685682177328,3,lr_ppo_seed57,lr_ppo,LR-PPO,57
77865,intercepted,1,0,0,0,149,27,13.5,122,149.0,74.5,8.793098449707031,0,3.2603901745827217,3.7233219146728516,3.5596505731878563,123,lr_ppo_seed57,lr_ppo,LR-PPO,57
77866,intercepted,1,0,0,0,492,30,15.0,462,492.0,246.0,3.2135212421417236,0,3.15094950814484,1.3558390140533447,3.4350339265818395,463,lr_ppo_seed57,lr_ppo,LR-PPO,57
77867,intercepted,1,0,0,0,46,14,7.0,32,46.0,23.0,11.490863800048828,0,3.513643806630915,5.934716701507568,3.8049739266683575,33,lr_ppo_seed57,lr_ppo,LR-PPO,57
77868,intercepted,1,0,0,0,68,10,5.0,58,68.0,34.0,4.651163101196289,0,3.2659725223557423,3.459291458129883,3.5181327618822658,59,lr_ppo_seed57,lr_ppo,LR-PPO,57
77869,intercepted,1,0,0,0,238,103,51.5,135,238.0,119.0,7.158746242523193,0,3.2924553515279995,3.5145623683929443,3.570593348523464,136,lr_ppo_seed57,lr_ppo,LR-PPO,57
77870,intercepted,1,0,0,0,314,14,7.0,300,314.0,157.0,4.2174973487854,0,3.2116392208294218,4.053808689117432,3.4787372498413767,301,lr_ppo_seed57,lr_ppo,LR-PPO,57
77871,intercepted,1,0,0,0,120,9,4.5,111,120.0,60.0,13.17933464050293,0,3.2081925280924355,4.8348708152771,3.4905469028586524,112,lr_ppo_seed57,lr_ppo,LR-PPO,57
77872,intercepted,1,0,0,0,392,10,5.0,382,392.0,196.0,2.8979876041412354,0,3.1397844198167166,2.1046249866485596,3.4119322619715153,383,lr_ppo_seed57,lr_ppo,LR-PPO,57
77873,intercepted,1,0,0,0,264,9,4.5,255,264.0,132.0,7.220050811767578,0,3.291156990104355,2.2170605659484863,3.5372164140844182,256,lr_ppo_seed57,lr_ppo,LR-PPO,57
77874,intercepted,1,0,0,0,466,9,4.5,457,466.0,233.0,6.6490888595581055,0,3.187043515029953,2.21121883392334,3.459659093095619,458,lr_ppo_seed57,lr_ppo,LR-PPO,57
77875,intercepted,1,0,0,0,138,11,5.5,127,138.0,69.0,3.0500810146331787,0,3.1127967527136207,1.670162320137024,3.336907398566222,128,lr_ppo_seed57,lr_ppo,LR-PPO,57
77876,intercepted,1,0,0,0,611,14,7.0,597,611.0,305.5,2.6748905181884766,0,3.1772237756479544,1.8192589282989502,3.4573591064414333,598,lr_ppo_seed57,lr_ppo,LR-PPO,57
77877,intercepted,1,0,0,0,431,20,10.0,411,431.0,215.5,2.9730985164642334,0,3.2126949785403833,6.661218166351318,3.4946893141909903,412,lr_ppo_seed57,lr_ppo,LR-PPO,57
77878,intercepted,1,0,0,0,261,17,8.5,244,261.0,130.5,2.556608200073242,0,3.1619058958425814,4.3793439865112305,3.4211275862528043,245,lr_ppo_seed57,lr_ppo,LR-PPO,57
77879,intercepted,1,0,0,0,298,9,4.5,289,298.0,149.0,4.264430046081543,0,3.263495074880534,3.1929235458374023,3.553291912358769,290,lr_ppo_seed57,lr_ppo,LR-PPO,57
77880,intercepted,1,0,0,0,129,9,4.5,120,129.0,64.5,5.111330032348633,0,2.993900801524643,2.510385036468506,3.2658274701600916,121,lr_ppo_seed57,lr_ppo,LR-PPO,57
77881,unsafe_intercept,0,0,1,0,10,8,4.0,2,,,2.0691380500793457,0,2.7275338967641196,2.461794853210449,2.7349052764505015,3,lr_ppo_seed57,lr_ppo,LR-PPO,57
77882,intercepted,1,0,0,0,512,11,5.5,501,512.0,256.0,2.1206698417663574,0,3.1589098311515444,2.046494483947754,3.434416813520132,502,lr_ppo_seed57,lr_ppo,LR-PPO,57
77883,intercepted,1,0,0,0,317,10,5.0,307,317.0,158.5,7.551136016845703,0,3.0777256885519275,4.521897792816162,3.349329099835391,308,lr_ppo_seed57,lr_ppo,LR-PPO,57
77884,intercepted,1,0,0,0,490,19,9.5,471,490.0,245.0,3.1589207649230957,0,3.2172037780411165,2.5270705223083496,3.4767579086950553,472,lr_ppo_seed57,lr_ppo,LR-PPO,57
77885,intercepted,1,0,0,0,98,74,37.0,24,98.0,49.0,10.484411239624023,0,3.109349498748779,3.227168083190918,3.4094567384575716,25,lr_ppo_seed57,lr_ppo,LR-PPO,57
77886,soldier_caught,0,1,0,0,64,10,5.0,54,,,0.9958239197731018,0,2.9381875720891086,2.2285501956939697,3.265778433919421,55,lr_ppo_seed57,lr_ppo,LR-PPO,57
77887,soldier_caught,0,1,0,0,147,10,5.0,137,,,1.752616047859192,0,3.425246609725814,4.097219944000244,3.704935643274014,138,lr_ppo_seed57,lr_ppo,LR-PPO,57
77888,soldier_caught,0,1,0,0,327,12,6.0,315,,,0.9545837044715881,0,2.98619804465318,4.533817768096924,3.2939643092879574,316,lr_ppo_seed57,lr_ppo,LR-PPO,57
77889,intercepted,1,0,0,0,64,9,4.5,55,64.0,32.0,5.2305827140808105,0,3.083346257784537,4.809930801391602,3.393850772895738,56,lr_ppo_seed57,lr_ppo,LR-PPO,57
77890,intercepted,1,0,0,0,517,10,5.0,507,517.0,258.5,2.133169174194336,0,3.174314795516607,1.8160338401794434,3.437001345624059,508,lr_ppo_seed57,lr_ppo,LR-PPO,57
77891,intercepted,1,0,0,0,217,11,5.5,206,217.0,108.5,3.7484583854675293,0,3.2146649354897834,2.51224422454834,3.451090870877322,207,lr_ppo_seed57,lr_ppo,LR-PPO,57
77892,intercepted,1,0,0,0,40,12,6.0,28,40.0,20.0,9.021747589111328,0,2.627150062857003,3.3636434078216553,2.904247326182723,29,lr_ppo_seed57,lr_ppo,LR-PPO,57
77893,intercepted,1,0,0,0,861,66,33.0,795,861.0,430.5,9.645502090454102,0,3.211226837681466,2.9345030784606934,3.486747034174546,796,lr_ppo_seed57,lr_ppo,LR-PPO,57
77894,intercepted,1,0,0,0,95,83,41.5,12,95.0,47.5,8.89776611328125,0,2.7847457986611586,2.4304916858673096,3.116746243795738,13,lr_ppo_seed57,lr_ppo,LR-PPO,57
77895,intercepted,1,0,0,0,76,9,4.5,67,76.0,38.0,3.7988338470458984,0,3.2906445431358673,2.7006545066833496,3.5652237894721672,68,lr_ppo_seed57,lr_ppo,LR-PPO,57
77896,intercepted,1,0,0,0,306,9,4.5,297,306.0,153.0,2.968757390975952,0,3.242482999627222,1.7505548000335693,3.4888269911553302,298,lr_ppo_seed57,lr_ppo,LR-PPO,57
77897,intercepted,1,0,0,0,457,9,4.5,448,457.0,228.5,6.193187236785889,0,3.3508356947675844,2.461599588394165,3.6024539129694824,449,lr_ppo_seed57,lr_ppo,LR-PPO,57
77898,soldier_caught,0,1,0,0,13,10,5.0,3,,,1.5170336961746216,0,2.7149060554802418,1.4929090738296509,3.3813081704391608,4,lr_ppo_seed57,lr_ppo,LR-PPO,57
77899,intercepted,1,0,0,0,429,12,6.0,417,429.0,214.5,3.720205545425415,0,3.280015783874612,3.1359024047851562,3.5399734907661777,418,lr_ppo_seed57,lr_ppo,LR-PPO,57
77900,intercepted,1,0,0,0,95,15,7.5,80,95.0,47.5,6.904206275939941,0,3.224301898185118,4.97977876663208,3.549477875775905,81,lr_ppo_seed57,lr_ppo,LR-PPO,57
77901,intercepted,1,0,0,0,741,8,4.0,733,741.0,370.5,2.3579564094543457,0,3.197362437560058,6.703519344329834,3.454427900455521,734,lr_ppo_seed57,lr_ppo,LR-PPO,57
77902,intercepted,1,0,0,0,138,13,6.5,125,138.0,69.0,8.115697860717773,0,3.164122561140666,3.32384991645813,3.4294995104415493,126,lr_ppo_seed57,lr_ppo,LR-PPO,57
77903,intercepted,1,0,0,0,47,10,5.0,37,47.0,23.5,6.1204071044921875,0,3.2766427931032682,4.008568286895752,3.5089217309654055,38,lr_ppo_seed57,lr_ppo,LR-PPO,57
77904,intercepted,1,0,0,0,12,10,5.0,2,12.0,6.0,6.974083423614502,0,3.01312784353892,3.888383388519287,3.1293623095516097,3,lr_ppo_seed57,lr_ppo,LR-PPO,57
77905,intercepted,1,0,0,0,101,11,5.5,90,101.0,50.5,2.956429958343506,0,3.0375175200975857,2.2189762592315674,3.2808747581636735,91,lr_ppo_seed57,lr_ppo,LR-PPO,57
77906,soldier_caught,0,1,0,0,58,9,4.5,49,,,1.3815422058105469,0,3.197458312511444,2.3724255561828613,3.4979965721745336,50,lr_ppo_seed57,lr_ppo,LR-PPO,57
77907,intercepted,1,0,0,0,71,59,29.5,12,71.0,35.5,11.196483612060547,0,3.2028031165783224,4.035075664520264,3.49139894922621,13,lr_ppo_seed57,lr_ppo,LR-PPO,57
77908,soldier_caught,0,1,0,0,15,12,6.0,3,,,0.7501914501190186,0,2.8819921910762787,1.118242859840393,3.1413722491464493,4,lr_ppo_seed57,lr_ppo,LR-PPO,57
77909,intercepted,1,0,0,0,523,9,4.5,514,523.0,261.5,6.321430683135986,0,3.242146023789656,3.568807363510132,3.52113739325135,515,lr_ppo_seed57,lr_ppo,LR-PPO,57
77910,intercepted,1,0,0,0,50,13,6.5,37,50.0,25.0,3.151672601699829,0,2.9343912193649695,4.619528770446777,3.2229799867570574,38,lr_ppo_seed57,lr_ppo,LR-PPO,57
77911,soldier_caught,0,1,0,0,36,11,5.5,25,,,1.7405242919921875,0,3.555579350544856,3.5556936264038086,3.7261203219548475,26,lr_ppo_seed57,lr_ppo,LR-PPO,57
77912,intercepted,1,0,0,0,154,12,6.0,142,154.0,77.0,4.482644557952881,0,3.4621885921154822,2.833595037460327,3.7148937098153185,143,lr_ppo_seed57,lr_ppo,LR-PPO,57
77913,intercepted,1,0,0,0,303,108,54.0,195,303.0,151.5,9.284849166870117,0,3.13895575565343,2.8961730003356934,3.3920322822518707,196,lr_ppo_seed57,lr_ppo,LR-PPO,57
77914,intercepted,1,0,0,0,751,10,5.0,741,751.0,375.5,2.482466459274292,0,3.1518260820133666,3.364840507507324,3.411683028594621,742,lr_ppo_seed57,lr_ppo,LR-PPO,57
77915,intercepted,1,0,0,0,345,9,4.5,336,345.0,172.5,2.91949462890625,0,3.1789261327299236,3.534691333770752,3.467925799297384,337,lr_ppo_seed57,lr_ppo,LR-PPO,57
77916,soldier_caught,0,1,0,0,625,9,4.5,616,,,1.588506817817688,0,3.1382695433579544,2.0316882133483887,3.4165704957289282,617,lr_ppo_seed57,lr_ppo,LR-PPO,57
77917,soldier_caught,0,1,0,0,230,9,4.5,221,,,1.2409886121749878,0,3.2368292403113736,1.7369083166122437,3.487865307064271,222,lr_ppo_seed57,lr_ppo,LR-PPO,57
77918,intercepted,1,0,0,0,120,9,4.5,111,120.0,60.0,7.366885185241699,0,3.191410358995199,1.214676022529602,3.49485149236048,112,lr_ppo_seed57,lr_ppo,LR-PPO,57
77919,intercepted,1,0,0,0,125,11,5.5,114,125.0,62.5,4.251120567321777,0,3.232918012401332,3.9322638511657715,3.511561634930905,115,lr_ppo_seed57,lr_ppo,LR-PPO,57
77920,soldier_caught,0,1,0,0,373,10,5.0,363,,,1.7692160606384277,0,3.119077284912487,5.3904876708984375,3.4050246553874275,364,lr_ppo_seed57,lr_ppo,LR-PPO,57
77921,intercepted,1,0,0,0,242,10,5.0,232,242.0,121.0,2.5334553718566895,0,3.173493805233501,3.3121750354766846,3.4576478105142225,233,lr_ppo_seed57,lr_ppo,LR-PPO,57
77922,intercepted,1,0,0,0,88,13,6.5,75,88.0,44.0,8.06387996673584,0,3.4019585251808167,1.8371275663375854,3.6068447734482265,76,lr_ppo_seed57,lr_ppo,LR-PPO,57
77923,intercepted,1,0,0,0,29,8,4.0,21,29.0,14.5,6.900697708129883,0,2.8783199136907403,2.590640068054199,3.1161059110818408,22,lr_ppo_seed57,lr_ppo,LR-PPO,57
77924,unsafe_intercept,0,0,1,0,302,8,4.0,294,,,2.0924880504608154,0,3.1500117029173897,3.8875110149383545,3.425059518377396,295,lr_ppo_seed57,lr_ppo,LR-PPO,57
77925,intercepted,1,0,0,0,106,29,14.5,77,106.0,53.0,10.590909004211426,0,3.193456898515041,4.449794292449951,3.4906585143958013,78,lr_ppo_seed57,lr_ppo,LR-PPO,57
77926,intercepted,1,0,0,0,487,17,8.5,470,487.0,243.5,8.467747688293457,0,3.2348365829249097,2.3365659713745117,3.525551175165801,471,lr_ppo_seed57,lr_ppo,LR-PPO,57
77927,soldier_caught,0,1,0,0,12,9,4.5,3,,,1.6458340883255005,0,4.251908779144287,4.441455841064453,4.511822231187645,4,lr_ppo_seed57,lr_ppo,LR-PPO,57
77928,soldier_caught,0,1,0,0,140,10,5.0,130,,,1.8228068351745605,0,3.35810742350935,7.481338024139404,3.619985674008021,131,lr_ppo_seed57,lr_ppo,LR-PPO,57
77929,intercepted,1,0,0,0,65,9,4.5,56,65.0,32.5,9.080458641052246,0,3.191590850813347,4.14882755279541,3.4356428637531082,57,lr_ppo_seed57,lr_ppo,LR-PPO,57
77930,intercepted,1,0,0,0,1048,17,8.5,1031,1048.0,524.0,3.5349843502044678,0,3.165793041705854,3.696122884750366,3.4310536432154017,1032,lr_ppo_seed57,lr_ppo,LR-PPO,57
77931,unsafe_intercept,0,0,1,0,12,10,5.0,2,,,3.4853060245513916,0,4.566879669825236,5.562391757965088,4.6437698200915465,3,lr_ppo_seed57,lr_ppo,LR-PPO,57
77932,intercepted,1,0,0,0,98,12,6.0,86,98.0,49.0,4.199034214019775,0,3.328790087809508,1.2687004804611206,3.5816293598161097,87,lr_ppo_seed57,lr_ppo,LR-PPO,57
77933,intercepted,1,0,0,0,24,14,7.0,10,24.0,12.0,13.749606132507324,0,2.881431958892129,3.488144874572754,2.9690773694890127,11,lr_ppo_seed57,lr_ppo,LR-PPO,57
77934,soldier_caught,0,1,0,0,580,15,7.5,565,,,1.631994366645813,0,3.1247611922004617,1.3863770961761475,3.369028582607239,566,lr_ppo_seed57,lr_ppo,LR-PPO,57
77935,unsafe_intercept,0,0,1,0,202,15,7.5,187,,,2.3579132556915283,0,3.081479068766249,3.9443557262420654,3.339161195892625,188,lr_ppo_seed57,lr_ppo,LR-PPO,57
77936,intercepted,1,0,0,0,639,16,8.0,623,639.0,319.5,3.214629888534546,0,3.1632393069851856,2.3898589611053467,3.4067080905250893,624,lr_ppo_seed57,lr_ppo,LR-PPO,57
77937,intercepted,1,0,0,0,37,11,5.5,26,37.0,18.5,11.536175727844238,0,3.285066149852894,2.309972047805786,3.5181739021222764,27,lr_ppo_seed57,lr_ppo,LR-PPO,57
77938,soldier_caught,0,1,0,0,324,11,5.5,313,,,1.5570363998413086,0,3.190741256638697,2.70068359375,3.4675385614184275,314,lr_ppo_seed57,lr_ppo,LR-PPO,57
77939,intercepted,1,0,0,0,318,10,5.0,308,318.0,159.0,8.53042221069336,0,3.132999099863386,1.6105481386184692,3.4392424810199986,309,lr_ppo_seed57,lr_ppo,LR-PPO,57
77940,intercepted,1,0,0,0,192,9,4.5,183,192.0,96.0,3.401318311691284,0,3.06972821396978,4.172882556915283,3.3902815629398857,184,lr_ppo_seed57,lr_ppo,LR-PPO,57
77941,intercepted,1,0,0,0,29,17,8.5,12,29.0,14.5,8.723081588745117,0,2.266464279248164,1.0585767030715942,2.410502677424869,13,lr_ppo_seed57,lr_ppo,LR-PPO,57
77942,soldier_caught,0,1,0,0,776,17,8.5,759,,,1.9414359331130981,0,3.251437287130638,3.45267653465271,3.5191378636541124,760,lr_ppo_seed57,lr_ppo,LR-PPO,57
77943,intercepted,1,0,0,0,65,9,4.5,56,65.0,32.5,5.61146354675293,0,2.8941919874203834,2.9717230796813965,3.1489027380551717,57,lr_ppo_seed57,lr_ppo,LR-PPO,57
77944,intercepted,1,0,0,0,266,133,66.5,133,266.0,133.0,3.5611441135406494,0,3.185991364628521,3.767730712890625,3.433183011346214,134,lr_ppo_seed57,lr_ppo,LR-PPO,57
77945,intercepted,1,0,0,0,141,15,7.5,126,141.0,70.5,2.160382032394409,0,3.2395202376711087,2.065516233444214,3.521953276657053,127,lr_ppo_seed57,lr_ppo,LR-PPO,57
77946,intercepted,1,0,0,0,38,12,6.0,26,38.0,19.0,4.809470176696777,0,3.407974812719557,5.804233074188232,3.7059334133828967,27,lr_ppo_seed57,lr_ppo,LR-PPO,57
77947,intercepted,1,0,0,0,74,8,4.0,66,74.0,37.0,4.446903228759766,0,3.115734906338934,2.72599196434021,3.4655239596961924,67,lr_ppo_seed57,lr_ppo,LR-PPO,57
77948,soldier_caught,0,1,0,0,179,8,4.0,171,,,1.172502875328064,0,3.2242734068354895,2.3938257694244385,3.4994211849149366,172,lr_ppo_seed57,lr_ppo,LR-PPO,57
77949,intercepted,1,0,0,0,356,9,4.5,347,356.0,178.0,4.107204914093018,0,3.21379650735307,2.8704633712768555,3.4646459590980054,348,lr_ppo_seed57,lr_ppo,LR-PPO,57
77950,intercepted,1,0,0,0,354,8,4.0,346,354.0,177.0,3.089063882827759,0,3.196374734128243,2.2359519004821777,3.48279257852878,347,lr_ppo_seed57,lr_ppo,LR-PPO,57
77951,intercepted,1,0,0,0,436,12,6.0,424,436.0,218.0,3.9618828296661377,0,3.1564064654181987,5.5256733894348145,3.4366358716811227,425,lr_ppo_seed57,lr_ppo,LR-PPO,57
77952,intercepted,1,0,0,0,612,13,6.5,599,612.0,306.0,2.066420078277588,0,3.1337188024322193,1.435523271560669,3.4008551171013464,600,lr_ppo_seed57,lr_ppo,LR-PPO,57
77953,intercepted,1,0,0,0,418,91,45.5,327,418.0,209.0,4.566136837005615,0,3.2219572176293627,1.4674937725067139,3.4804805920016726,328,lr_ppo_seed57,lr_ppo,LR-PPO,57
77954,intercepted,1,0,0,0,67,17,8.5,50,67.0,33.5,3.819337844848633,0,3.1059380302242205,3.1655116081237793,3.4287710708855323,51,lr_ppo_seed57,lr_ppo,LR-PPO,57
77955,intercepted,1,0,0,0,320,10,5.0,310,320.0,160.0,2.461773633956909,0,3.1343603762783037,4.631103515625,3.4074373631883703,311,lr_ppo_seed57,lr_ppo,LR-PPO,57
77956,intercepted,1,0,0,0,398,10,5.0,388,398.0,199.0,4.73998498916626,0,3.1082845712535487,5.973609924316406,3.385090560971902,389,lr_ppo_seed57,lr_ppo,LR-PPO,57
77957,intercepted,1,0,0,0,187,55,27.5,132,187.0,93.5,6.808016777038574,0,3.3364537990182863,6.6985859870910645,3.5602324420326505,133,lr_ppo_seed57,lr_ppo,LR-PPO,57
77958,soldier_caught,0,1,0,0,154,9,4.5,145,,,1.8022465705871582,0,3.2341253149182827,1.4664099216461182,3.4907706059141614,146,lr_ppo_seed57,lr_ppo,LR-PPO,57
77959,intercepted,1,0,0,0,495,13,6.5,482,495.0,247.5,7.229734897613525,0,3.1716361650522202,3.199150323867798,3.447405952534088,483,lr_ppo_seed57,lr_ppo,LR-PPO,57
77960,soldier_caught,0,1,0,0,15,13,6.5,2,,,1.785601258277893,0,3.4427578449249268,3.8165640830993652,3.641575065289254,3,lr_ppo_seed57,lr_ppo,LR-PPO,57
77961,soldier_caught,0,1,0,0,201,19,9.5,182,,,0.9632403254508972,0,3.3310779111632884,4.117442607879639,3.6203379063353434,183,lr_ppo_seed57,lr_ppo,LR-PPO,57
77962,intercepted,1,0,0,0,26,8,4.0,18,26.0,13.0,6.6668853759765625,0,3.263001667825799,2.652677059173584,3.4400208167984836,19,lr_ppo_seed57,lr_ppo,LR-PPO,57
77963,intercepted,1,0,0,0,41,16,8.0,25,41.0,20.5,2.9328603744506836,0,3.110780459183913,1.8515628576278687,3.346571579772637,26,lr_ppo_seed57,lr_ppo,LR-PPO,57
77964,intercepted,1,0,0,0,94,11,5.5,83,94.0,47.0,2.190164089202881,0,3.1337355091458274,6.418918132781982,3.403262453591792,84,lr_ppo_seed57,lr_ppo,LR-PPO,57
77965,intercepted,1,0,0,0,375,13,6.5,362,375.0,187.5,3.3223204612731934,0,3.154041353992851,4.334747314453125,3.3919660972686514,363,lr_ppo_seed57,lr_ppo,LR-PPO,57
77966,intercepted,1,0,0,0,65,16,8.0,49,65.0,32.5,10.90271282196045,0,2.9570283085107802,2.5286972522735596,3.368245175267456,50,lr_ppo_seed57,lr_ppo,LR-PPO,57
77967,intercepted,1,0,0,0,168,14,7.0,154,168.0,84.0,7.540979385375977,0,3.0430689454078674,3.2593111991882324,3.3118211266792907,155,lr_ppo_seed57,lr_ppo,LR-PPO,57
77968,intercepted,1,0,0,0,297,12,6.0,285,297.0,148.5,2.0280394554138184,0,3.210913184639457,3.5579004287719727,3.470088370861655,286,lr_ppo_seed57,lr_ppo,LR-PPO,57
77969,soldier_caught,0,1,0,0,475,11,5.5,464,,,0.8441276550292969,0,3.2435397291375745,3.787611961364746,3.503540981827174,465,lr_ppo_seed57,lr_ppo,LR-PPO,57
77970,soldier_caught,0,1,0,0,253,13,6.5,240,,,1.2342121601104736,0,3.137328848057268,1.9001221656799316,3.4312587510992816,241,lr_ppo_seed57,lr_ppo,LR-PPO,57
77971,intercepted,1,0,0,0,317,11,5.5,306,317.0,158.5,3.3657076358795166,0,3.229676564469788,3.1209096908569336,3.480492325969355,307,lr_ppo_seed57,lr_ppo,LR-PPO,57
77972,intercepted,1,0,0,0,973,10,5.0,963,973.0,486.5,2.6546711921691895,0,3.266777849327232,5.153343200683594,3.5481683976746585,964,lr_ppo_seed57,lr_ppo,LR-PPO,57
77973,intercepted,1,0,0,0,282,7,3.5,275,282.0,141.0,4.890979290008545,0,3.293969935481099,3.177922487258911,3.5345160709397834,276,lr_ppo_seed57,lr_ppo,LR-PPO,57
77974,intercepted,1,0,0,0,236,7,3.5,229,236.0,118.0,2.8690435886383057,0,3.1373422806029736,3.045711040496826,3.4277264063016712,230,lr_ppo_seed57,lr_ppo,LR-PPO,57
77975,soldier_caught,0,1,0,0,145,8,4.0,137,,,1.836721658706665,0,3.247910719418871,4.427931785583496,3.5606139263023926,138,lr_ppo_seed57,lr_ppo,LR-PPO,57
77976,intercepted,1,0,0,0,127,12,6.0,115,127.0,63.5,5.626011371612549,0,3.2431662498876968,4.9934282302856445,3.5301928413878505,116,lr_ppo_seed57,lr_ppo,LR-PPO,57
77977,intercepted,1,0,0,0,419,11,5.5,408,419.0,209.5,6.79586124420166,0,3.152901435758199,3.8097972869873047,3.408549040941494,409,lr_ppo_seed57,lr_ppo,LR-PPO,57
77978,soldier_caught,0,1,0,0,64,11,5.5,53,,,1.019423484802246,0,3.451581957715529,3.8471128940582275,3.8209030039734677,54,lr_ppo_seed57,lr_ppo,LR-PPO,57
77979,soldier_caught,0,1,0,0,129,16,8.0,113,,,1.919067144393921,0,3.307088812715129,3.9648122787475586,3.547147535725793,114,lr_ppo_seed57,lr_ppo,LR-PPO,57
77980,intercepted,1,0,0,0,151,14,7.0,137,151.0,75.5,9.238471984863281,0,3.2354107771230782,0.8172038793563843,3.4974167516854675,138,lr_ppo_seed57,lr_ppo,LR-PPO,57
77981,intercepted,1,0,0,0,274,10,5.0,264,274.0,137.0,3.345820426940918,0,3.088612864602287,2.7479805946350098,3.355978401747305,265,lr_ppo_seed57,lr_ppo,LR-PPO,57
77982,intercepted,1,0,0,0,431,13,6.5,418,431.0,215.5,6.906076908111572,0,3.2200612934008417,2.4005558490753174,3.50786303325423,419,lr_ppo_seed57,lr_ppo,LR-PPO,57
77983,intercepted,1,0,0,0,168,9,4.5,159,168.0,84.0,2.930816173553467,0,3.1895702484995128,2.2132043838500977,3.4364774917619294,160,lr_ppo_seed57,lr_ppo,LR-PPO,57
77984,intercepted,1,0,0,0,318,16,8.0,302,318.0,159.0,9.165900230407715,0,3.3214306447765614,1.7233651876449585,3.601281888307804,303,lr_ppo_seed57,lr_ppo,LR-PPO,57
77985,intercepted,1,0,0,0,25,8,4.0,17,25.0,12.5,10.339262962341309,0,2.9728552301724753,4.796597480773926,3.1983006114241435,18,lr_ppo_seed57,lr_ppo,LR-PPO,57
77986,intercepted,1,0,0,0,167,47,23.5,120,167.0,83.5,2.4692206382751465,0,3.0985661378084135,4.066061019897461,3.350654460233669,121,lr_ppo_seed57,lr_ppo,LR-PPO,57
77987,intercepted,1,0,0,0,10,8,4.0,2,10.0,5.0,3.610621452331543,0,4.096571644147237,5.336857795715332,4.468195497119809,3,lr_ppo_seed57,lr_ppo,LR-PPO,57
77988,soldier_caught,0,1,0,0,280,11,5.5,269,,,1.4300267696380615,0,3.1957528168404545,2.941509485244751,3.4686081485122253,270,lr_ppo_seed57,lr_ppo,LR-PPO,57
77989,soldier_caught,0,1,0,0,36,10,5.0,26,,,1.1140527725219727,0,3.1131776482970626,1.5724279880523682,3.374597383148401,27,lr_ppo_seed57,lr_ppo,LR-PPO,57
77990,intercepted,1,0,0,0,35,9,4.5,26,35.0,17.5,8.866263389587402,0,3.6787173284424677,3.387083053588867,3.8841787177119964,27,lr_ppo_seed57,lr_ppo,LR-PPO,57
77991,intercepted,1,0,0,0,48,29,14.5,19,48.0,24.0,9.555936813354492,0,3.1953166902065275,0.623348593711853,3.574580666086862,20,lr_ppo_seed57,lr_ppo,LR-PPO,57
77992,soldier_caught,0,1,0,0,563,51,25.5,512,,,1.241131067276001,0,3.2054681592052674,3.4837663173675537,3.462439614976471,513,lr_ppo_seed57,lr_ppo,LR-PPO,57
77993,intercepted,1,0,0,0,64,12,6.0,52,64.0,32.0,12.252104759216309,0,3.106573568200165,3.4748971462249756,3.3149664113837707,53,lr_ppo_seed57,lr_ppo,LR-PPO,57
77994,intercepted,1,0,0,0,383,18,9.0,365,383.0,191.5,2.969285488128662,0,3.0623916329744736,3.112175703048706,3.322405466055044,366,lr_ppo_seed57,lr_ppo,LR-PPO,57
77995,intercepted,1,0,0,0,131,10,5.0,121,131.0,65.5,3.40187668800354,0,3.0997810661792755,3.0894365310668945,3.386879311474528,122,lr_ppo_seed57,lr_ppo,LR-PPO,57
77996,soldier_caught,0,1,0,0,577,47,23.5,530,,,0.9316989779472351,0,3.2697681197843984,4.44264030456543,3.5536465541444735,531,lr_ppo_seed57,lr_ppo,LR-PPO,57
77997,intercepted,1,0,0,0,169,16,8.0,153,169.0,84.5,6.1527814865112305,0,3.2263230189874577,2.7264585494995117,3.505318957057475,154,lr_ppo_seed57,lr_ppo,LR-PPO,57
77998,intercepted,1,0,0,0,43,9,4.5,34,43.0,21.5,2.7218520641326904,0,3.4031926001821247,1.6620018482208252,3.684922270805929,35,lr_ppo_seed57,lr_ppo,LR-PPO,57
77999,intercepted,1,0,0,0,481,13,6.5,468,481.0,240.5,9.45318603515625,0,3.169629468211233,1.7470630407333374,3.458146548180652,469,lr_ppo_seed57,lr_ppo,LR-PPO,57
