environment_seed,outcome,success,soldier_caught,unsafe_intercept,timeout,total_steps,detection_step,detection_time_seconds,post_detection_steps,intercept_step,intercept_time_seconds,min_enemy_soldier_dist,physical_limit_violations,mean_tracking_error,final_tracking_error,tracking_rmse,n_tracking_samples,instance_id,instance_name,family,training_seed
77000,intercepted,1,0,0,0,176,9,4.5,167,176.0,88.0,2.496143341064453,0,3.119947423182783,1.1424802541732788,3.3844229078073487,168,ppo_seed47,ppo,PPO,47
77001,soldier_caught,0,1,0,0,231,17,8.5,214,,,0.8673664331436157,0,3.1750994058542474,4.5800089836120605,3.4581896695481613,215,ppo_seed47,ppo,PPO,47
77002,intercepted,1,0,0,0,111,58,29.0,53,111.0,55.5,14.539632797241211,0,2.968623587378749,2.8046443462371826,3.210470648808999,54,ppo_seed47,ppo,PPO,47
77003,intercepted,1,0,0,0,84,30,15.0,54,84.0,42.0,10.934410095214844,0,3.349106811393391,2.3747329711914062,3.6072532852939805,55,ppo_seed47,ppo,PPO,47
77004,soldier_caught,0,1,0,0,127,72,36.0,55,,,1.3958293199539185,0,3.380021420972688,2.0251762866973877,3.6437449895773275,56,ppo_seed47,ppo,PPO,47
77005,intercepted,1,0,0,0,326,13,6.5,313,326.0,163.0,4.222914695739746,0,3.268747660954287,1.7051756381988525,3.579065440264486,314,ppo_seed47,ppo,PPO,47
77006,intercepted,1,0,0,0,139,31,15.5,108,139.0,69.5,8.672088623046875,0,3.066057504863914,3.387815237045288,3.3659000083339943,109,ppo_seed47,ppo,PPO,47
77007,intercepted,1,0,0,0,52,16,8.0,36,52.0,26.0,14.507919311523438,0,3.321506503466013,5.421719551086426,3.656438207370502,37,ppo_seed47,ppo,PPO,47
77008,soldier_caught,0,1,0,0,221,9,4.5,212,,,1.9794467687606812,0,3.275348616877632,1.4456840753555298,3.4874684562915865,213,ppo_seed47,ppo,PPO,47
77009,intercepted,1,0,0,0,160,136,68.0,24,160.0,80.0,11.077831268310547,0,3.701852798461914,3.638232946395874,3.937504498466953,25,ppo_seed47,ppo,PPO,47
77010,intercepted,1,0,0,0,314,10,5.0,304,314.0,157.0,6.302349090576172,0,3.1840637721976295,3.845245838165283,3.4314553029373593,305,ppo_seed47,ppo,PPO,47
77011,intercepted,1,0,0,0,360,17,8.5,343,360.0,180.0,2.9483084678649902,0,3.051195486600316,3.136960744857788,3.324232434618458,344,ppo_seed47,ppo,PPO,47
77012,intercepted,1,0,0,0,385,10,5.0,375,385.0,192.5,4.02731466293335,0,3.0884165983409324,4.103795528411865,3.3704958121239046,376,ppo_seed47,ppo,PPO,47
77013,intercepted,1,0,0,0,36,29,14.5,7,36.0,18.0,14.421826362609863,0,3.5213379114866257,1.6018868684768677,3.645840334963193,8,ppo_seed47,ppo,PPO,47
77014,intercepted,1,0,0,0,627,10,5.0,617,627.0,313.5,3.6552155017852783,0,3.1907344586351543,4.517715930938721,3.4333137818365205,618,ppo_seed47,ppo,PPO,47
77015,intercepted,1,0,0,0,891,9,4.5,882,891.0,445.5,2.221754312515259,0,3.2114115705880275,1.525797963142395,3.493557883348019,883,ppo_seed47,ppo,PPO,47
77016,intercepted,1,0,0,0,271,8,4.0,263,271.0,135.5,2.4395124912261963,0,3.216899403342695,5.692149639129639,3.4731006550001258,264,ppo_seed47,ppo,PPO,47
77017,intercepted,1,0,0,0,227,14,7.0,213,227.0,113.5,5.33113431930542,0,3.331528155324615,3.342780828475952,3.5579753361165554,214,ppo_seed47,ppo,PPO,47
77018,intercepted,1,0,0,0,144,77,38.5,67,144.0,72.0,4.336207389831543,0,3.4051059015533505,3.9852893352508545,3.6388672703587317,68,ppo_seed47,ppo,PPO,47
77019,intercepted,1,0,0,0,47,8,4.0,39,47.0,23.5,9.040027618408203,0,3.0066435754299166,2.009322166442871,3.1996823073894585,40,ppo_seed47,ppo,PPO,47
77020,intercepted,1,0,0,0,109,10,5.0,99,109.0,54.5,6.867186069488525,0,3.3096935814619064,1.653066873550415,3.5596911899979404,100,ppo_seed47,ppo,PPO,47
77021,intercepted,1,0,0,0,327,41,20.5,286,327.0,163.5,10.523321151733398,0,3.1736494522892222,3.2351608276367188,3.401071161342695,287,ppo_seed47,ppo,PPO,47
77022,intercepted,1,0,0,0,20,16,8.0,4,20.0,10.0,3.459892749786377,0,4.389624357223511,4.038844585418701,4.417312790990675,5,ppo_seed47,ppo,PPO,47
77023,intercepted,1,0,0,0,55,12,6.0,43,55.0,27.5,9.287458419799805,0,2.972471922636032,3.113255739212036,3.230677037839723,44,ppo_seed47,ppo,PPO,47
77024,intercepted,1,0,0,0,95,18,9.0,77,95.0,47.5,13.2960205078125,0,3.1719319499455967,1.4433867931365967,3.476732891966696,78,ppo_seed47,ppo,PPO,47
77025,intercepted,1,0,0,0,104,57,28.5,47,104.0,52.0,12.863751411437988,0,3.6366697351137796,3.7385523319244385,3.930412064896338,48,ppo_seed47,ppo,PPO,47
77026,intercepted,1,0,0,0,14,10,5.0,4,14.0,7.0,8.561929702758789,0,3.9349910259246825,4.712252140045166,4.036050155292489,5,ppo_seed47,ppo,PPO,47
77027,intercepted,1,0,0,0,349,21,10.5,328,349.0,174.5,2.684752941131592,0,3.183630720460306,2.9195258617401123,3.4607344614877387,329,ppo_seed47,ppo,PPO,47
77028,intercepted,1,0,0,0,18,10,5.0,8,18.0,9.0,10.966418266296387,0,2.9225765069325766,3.521669387817383,3.0882849547465105,9,ppo_seed47,ppo,PPO,47
77029,intercepted,1,0,0,0,339,15,7.5,324,339.0,169.5,3.351180076599121,0,3.181659256678361,3.7247087955474854,3.4451283109297246,325,ppo_seed47,ppo,PPO,47
77030,intercepted,1,0,0,0,410,9,4.5,401,410.0,205.0,8.09959888458252,0,3.12825145190628,2.7663016319274902,3.3972021162448267,402,ppo_seed47,ppo,PPO,47
77031,soldier_caught,0,1,0,0,354,9,4.5,345,,,1.5425924062728882,0,3.2339626209584273,3.441164255142212,3.524347697411591,346,ppo_seed47,ppo,PPO,47
77032,intercepted,1,0,0,0,514,31,15.5,483,514.0,257.0,3.560289144515991,0,3.2072992955973327,5.029460430145264,3.4899197724755426,484,ppo_seed47,ppo,PPO,47
77033,unsafe_intercept,0,0,1,0,16,14,7.0,2,,,2.442563772201538,0,4.064332326253255,2.2559261322021484,4.8632848730704525,3,ppo_seed47,ppo,PPO,47
77034,intercepted,1,0,0,0,443,10,5.0,433,443.0,221.5,4.430943489074707,0,3.2104082370546005,3.249795913696289,3.4967282832090514,434,ppo_seed47,ppo,PPO,47
77035,soldier_caught,0,1,0,0,35,13,6.5,22,,,1.9360789060592651,0,2.976488779420438,0.9408964514732361,3.420059205723962,23,ppo_seed47,ppo,PPO,47
77036,unsafe_intercept,0,0,1,0,15,13,6.5,2,,,2.966282606124878,0,2.759849707285563,3.039686441421509,2.7831516055147314,3,ppo_seed47,ppo,PPO,47
77037,soldier_caught,0,1,0,0,156,12,6.0,144,,,1.3449915647506714,0,3.1982347796703205,5.135799884796143,3.466633678098986,145,ppo_seed47,ppo,PPO,47
77038,intercepted,1,0,0,0,249,11,5.5,238,249.0,124.5,4.9274702072143555,0,3.1505493125157376,1.2068307399749756,3.4181651280450827,239,ppo_seed47,ppo,PPO,47
77039,soldier_caught,0,1,0,0,1431,13,6.5,1418,,,1.550394058227539,0,3.1530339073513156,3.848245620727539,3.4189928726204633,1419,ppo_seed47,ppo,PPO,47
77040,intercepted,1,0,0,0,89,10,5.0,79,89.0,44.5,2.8740901947021484,0,3.157586271315813,3.3065640926361084,3.3720507337036305,80,ppo_seed47,ppo,PPO,47
77041,intercepted,1,0,0,0,167,18,9.0,149,167.0,83.5,2.513549327850342,0,3.142337515751521,4.996823310852051,3.4565417114877337,150,ppo_seed47,ppo,PPO,47
77042,intercepted,1,0,0,0,38,8,4.0,30,38.0,19.0,2.325974702835083,0,3.4364615986424107,3.886502981185913,3.676811612183557,31,ppo_seed47,ppo,PPO,47
77043,soldier_caught,0,1,0,0,155,13,6.5,142,,,1.5712724924087524,0,3.17752357462903,3.9255452156066895,3.417202369636192,143,ppo_seed47,ppo,PPO,47
77044,intercepted,1,0,0,0,40,13,6.5,27,40.0,20.0,3.715813159942627,0,3.6282208604472026,3.15948748588562,3.9977355752267436,28,ppo_seed47,ppo,PPO,47
77045,intercepted,1,0,0,0,426,60,30.0,366,426.0,213.0,11.512805938720703,0,3.1394523595756665,4.877107620239258,3.415571900232443,367,ppo_seed47,ppo,PPO,47
77046,intercepted,1,0,0,0,160,13,6.5,147,160.0,80.0,8.00776481628418,0,3.360008110468452,3.041466474533081,3.669929568662198,148,ppo_seed47,ppo,PPO,47
77047,soldier_caught,0,1,0,0,59,9,4.5,50,,,1.4024927616119385,0,2.9624537632745853,4.119444370269775,3.3049259003515012,51,ppo_seed47,ppo,PPO,47
77048,soldier_caught,0,1,0,0,325,34,17.0,291,,,0.8207290172576904,0,3.2146311163494032,2.4797146320343018,3.4771607091482286,292,ppo_seed47,ppo,PPO,47
77049,intercepted,1,0,0,0,445,34,17.0,411,445.0,222.5,3.8833258152008057,0,3.0773981405982695,2.544581890106201,3.3933802611777413,412,ppo_seed47,ppo,PPO,47
77050,intercepted,1,0,0,0,16,10,5.0,6,16.0,8.0,6.349016189575195,0,3.4078958886010304,1.4391670227050781,3.695148774173711,7,ppo_seed47,ppo,PPO,47
77051,intercepted,1,0,0,0,70,15,7.5,55,70.0,35.0,13.324541091918945,0,3.048064122242587,2.6303064823150635,3.2506757211473207,56,ppo_seed47,ppo,PPO,47
77052,intercepted,1,0,0,0,52,17,8.5,35,52.0,26.0,11.20155143737793,0,3.3734819988409677,2.747044801712036,3.627748818038061,36,ppo_seed47,ppo,PPO,47
77053,intercepted,1,0,0,0,1048,11,5.5,1037,1048.0,524.0,2.1706836223602295,0,3.213120216148437,4.336051940917969,3.4698594231241047,1038,ppo_seed47,ppo,PPO,47
77054,intercepted,1,0,0,0,383,19,9.5,364,383.0,191.5,7.791553020477295,0,3.271927745374915,2.2142333984375,3.547586940902561,365,ppo_seed47,ppo,PPO,47
77055,intercepted,1,0,0,0,24,13,6.5,11,24.0,12.0,13.988903999328613,0,3.344259962439537,2.5904009342193604,3.5912855712998666,12,ppo_seed47,ppo,PPO,47
77056,intercepted,1,0,0,0,183,132,66.0,51,183.0,91.5,2.0588250160217285,0,3.0861133199471693,1.656928300857544,3.296955318609725,52,ppo_seed47,ppo,PPO,47
77057,intercepted,1,0,0,0,110,10,5.0,100,110.0,55.0,2.7462892532348633,0,3.0864891684291385,5.283751487731934,3.4443438040855674,101,ppo_seed47,ppo,PPO,47
77058,intercepted,1,0,0,0,11,7,3.5,4,11.0,5.5,7.5544352531433105,0,2.534242534637451,2.0795652866363525,2.632247026832679,5,ppo_seed47,ppo,PPO,47
77059,intercepted,1,0,0,0,39,11,5.5,28,39.0,19.5,10.295090675354004,0,3.0868469291719896,2.2874748706817627,3.4288525873366713,29,ppo_seed47,ppo,PPO,47
77060,intercepted,1,0,0,0,273,10,5.0,263,273.0,136.5,4.837250232696533,0,3.066619468457771,4.693367004394531,3.335886357664965,264,ppo_seed47,ppo,PPO,47
77061,intercepted,1,0,0,0,109,8,4.0,101,109.0,54.5,3.1704022884368896,0,3.3933939238389335,4.975928783416748,3.6748519921833385,102,ppo_seed47,ppo,PPO,47
77062,intercepted,1,0,0,0,242,11,5.5,231,242.0,121.0,2.7787716388702393,0,3.129936708201622,3.690363645553589,3.4073677025934086,232,ppo_seed47,ppo,PPO,47
77063,intercepted,1,0,0,0,14,8,4.0,6,14.0,7.0,6.620163440704346,0,2.754391670227051,1.5942977666854858,3.004307864151528,7,ppo_seed47,ppo,PPO,47
77064,intercepted,1,0,0,0,237,7,3.5,230,237.0,118.5,3.011397361755371,0,3.2442856849013983,2.563269853591919,3.549370580991936,231,ppo_seed47,ppo,PPO,47
77065,soldier_caught,0,1,0,0,106,11,5.5,95,,,1.8858884572982788,0,3.2900114996979632,5.13179349899292,3.606535465095168,96,ppo_seed47,ppo,PPO,47
77066,soldier_caught,0,1,0,0,128,12,6.0,116,,,1.6288363933563232,0,3.21420294785092,4.791326999664307,3.470569798665608,117,ppo_seed47,ppo,PPO,47
77067,soldier_caught,0,1,0,0,108,82,41.0,26,,,1.2453866004943848,0,3.2033847261358193,3.763176202774048,3.554635266373677,27,ppo_seed47,ppo,PPO,47
77068,intercepted,1,0,0,0,129,10,5.0,119,129.0,64.5,5.026186466217041,0,3.310340255498886,3.658360004425049,3.5668028171131314,120,ppo_seed47,ppo,PPO,47
77069,intercepted,1,0,0,0,292,9,4.5,283,292.0,146.0,2.0929837226867676,0,3.358184545602597,5.175253868103027,3.640115684921227,284,ppo_seed47,ppo,PPO,47
77070,intercepted,1,0,0,0,46,11,5.5,35,46.0,23.0,4.38034725189209,0,2.9327425393793316,1.9899219274520874,3.1480358792010747,36,ppo_seed47,ppo,PPO,47
77071,intercepted,1,0,0,0,22,15,7.5,7,22.0,11.0,14.598563194274902,0,2.3196465373039246,2.0992655754089355,2.554963233947931,8,ppo_seed47,ppo,PPO,47
77072,soldier_caught,0,1,0,0,174,17,8.5,157,,,1.1624116897583008,0,3.0463577955961227,3.5288703441619873,3.326599806653649,158,ppo_seed47,ppo,PPO,47
77073,soldier_caught,0,1,0,0,613,11,5.5,602,,,1.9986293315887451,0,3.193564238042183,2.5528199672698975,3.4784106676788102,603,ppo_seed47,ppo,PPO,47
77074,soldier_caught,0,1,0,0,35,10,5.0,25,,,1.0768201351165771,0,2.9763729767157483,0.30907049775123596,3.329072388528736,26,ppo_seed47,ppo,PPO,47
77075,soldier_caught,0,1,0,0,37,12,6.0,25,,,1.9532129764556885,0,3.021418502697578,5.434854030609131,3.255186601470537,26,ppo_seed47,ppo,PPO,47
77076,soldier_caught,0,1,0,0,903,8,4.0,895,,,1.0018479824066162,0,3.1887742540233637,1.7746338844299316,3.470231340042292,896,ppo_seed47,ppo,PPO,47
77077,soldier_caught,0,1,0,0,157,16,8.0,141,,,0.998496413230896,0,3.04506034561446,2.0562901496887207,3.3452859558261037,142,ppo_seed47,ppo,PPO,47
77078,intercepted,1,0,0,0,127,9,4.5,118,127.0,63.5,3.6180694103240967,0,3.10702022183843,1.6047444343566895,3.465875522524247,119,ppo_seed47,ppo,PPO,47
77079,intercepted,1,0,0,0,440,22,11.0,418,440.0,220.0,2.5700201988220215,0,3.205131456362604,3.484290361404419,3.4526160337163545,419,ppo_seed47,ppo,PPO,47
77080,intercepted,1,0,0,0,15,9,4.5,6,15.0,7.5,11.233704566955566,0,3.0364405597959245,2.2223212718963623,3.1926144361376574,7,ppo_seed47,ppo,PPO,47
77081,intercepted,1,0,0,0,263,30,15.0,233,263.0,131.5,2.373645305633545,0,3.0843100377127657,3.3614237308502197,3.338390942633302,234,ppo_seed47,ppo,PPO,47
77082,intercepted,1,0,0,0,1007,8,4.0,999,1007.0,503.5,2.0253005027770996,0,3.296880487829447,2.6546854972839355,3.5733711758470355,1000,ppo_seed47,ppo,PPO,47
77083,intercepted,1,0,0,0,382,8,4.0,374,382.0,191.0,4.940424919128418,0,3.2334747063318887,4.029902458190918,3.499439107519098,375,ppo_seed47,ppo,PPO,47
77084,intercepted,1,0,0,0,125,10,5.0,115,125.0,62.5,2.5849556922912598,0,3.060362681746483,2.470447540283203,3.375962633123285,116,ppo_seed47,ppo,PPO,47
77085,intercepted,1,0,0,0,132,8,4.0,124,132.0,66.0,2.8338358402252197,0,3.0776387372016907,1.6380858421325684,3.36441239765784,125,ppo_seed47,ppo,PPO,47
77086,intercepted,1,0,0,0,14,9,4.5,5,14.0,7.0,5.843927383422852,0,2.626433571179708,2.636230945587158,2.7216528533061717,6,ppo_seed47,ppo,PPO,47
77087,intercepted,1,0,0,0,12,9,4.5,3,12.0,6.0,3.788645029067993,0,3.545574724674225,4.947122573852539,3.6709652422307677,4,ppo_seed47,ppo,PPO,47
77088,intercepted,1,0,0,0,16,9,4.5,7,16.0,8.0,8.779172897338867,0,2.944220095872879,1.893622875213623,3.082765308722816,8,ppo_seed47,ppo,PPO,47
77089,intercepted,1,0,0,0,60,49,24.5,11,60.0,30.0,3.3644652366638184,0,2.7688541412353516,4.334891319274902,3.0026960165578958,12,ppo_seed47,ppo,PPO,47
77090,soldier_caught,0,1,0,0,273,10,5.0,263,,,1.7559828758239746,0,3.0708948621018366,3.918532609939575,3.3687866744238057,264,ppo_seed47,ppo,PPO,47
77091,intercepted,1,0,0,0,457,8,4.0,449,457.0,228.5,2.5678939819335938,0,3.17905054628849,2.799647092819214,3.4560333211623457,450,ppo_seed47,ppo,PPO,47
77092,intercepted,1,0,0,0,101,9,4.5,92,101.0,50.5,4.250723361968994,0,3.1262364599012558,3.3287923336029053,3.3360979577736365,93,ppo_seed47,ppo,PPO,47
77093,intercepted,1,0,0,0,81,40,20.0,41,81.0,40.5,13.300592422485352,0,3.085578133662542,2.064443349838257,3.394290840886751,42,ppo_seed47,ppo,PPO,47
77094,intercepted,1,0,0,0,20,15,7.5,5,20.0,10.0,9.163917541503906,0,2.457416663567225,2.816106081008911,2.6611447550639724,6,ppo_seed47,ppo,PPO,47
77095,soldier_caught,0,1,0,0,68,10,5.0,58,,,1.9669339656829834,0,3.2801620940030634,3.20430326461792,3.5388729028496657,59,ppo_seed47,ppo,PPO,47
77096,intercepted,1,0,0,0,40,12,6.0,28,40.0,20.0,7.252764701843262,0,3.408573323282702,1.3057767152786255,3.665340111264338,29,ppo_seed47,ppo,PPO,47
77097,intercepted,1,0,0,0,171,11,5.5,160,171.0,85.5,2.8690268993377686,0,3.0774279836542116,1.6866815090179443,3.3760337145903545,161,ppo_seed47,ppo,PPO,47
77098,intercepted,1,0,0,0,140,11,5.5,129,140.0,70.0,11.01087760925293,0,3.0527302985007947,4.897298336029053,3.32795019403057,130,ppo_seed47,ppo,PPO,47
77099,intercepted,1,0,0,0,11,8,4.0,3,11.0,5.5,6.337620735168457,0,3.575502634048462,3.2990357875823975,3.58986542587074,4,ppo_seed47,ppo,PPO,47
77100,intercepted,1,0,0,0,27,20,10.0,7,27.0,13.5,6.248364448547363,0,3.57675439119339,3.0236032009124756,3.733341700693408,8,ppo_seed47,ppo,PPO,47
77101,intercepted,1,0,0,0,112,15,7.5,97,112.0,56.0,2.64963960647583,0,3.289376676082611,0.6534493565559387,3.562508870902055,98,ppo_seed47,ppo,PPO,47
77102,soldier_caught,0,1,0,0,142,10,5.0,132,,,1.3631521463394165,0,3.1947406124799773,2.5252609252929688,3.4418145892427856,133,ppo_seed47,ppo,PPO,47
77103,intercepted,1,0,0,0,175,8,4.0,167,175.0,87.5,2.809469223022461,0,3.007243560183616,4.7603325843811035,3.275662817010783,168,ppo_seed47,ppo,PPO,47
77104,intercepted,1,0,0,0,256,12,6.0,244,256.0,128.0,4.954493522644043,0,3.203617134021253,2.518833875656128,3.457181479479488,245,ppo_seed47,ppo,PPO,47
77105,intercepted,1,0,0,0,583,25,12.5,558,583.0,291.5,3.3263163566589355,0,3.1869355465996883,0.542650043964386,3.4797966491833647,559,ppo_seed47,ppo,PPO,47
77106,intercepted,1,0,0,0,62,12,6.0,50,62.0,31.0,6.442829608917236,0,3.2061935242484596,3.252562999725342,3.382854807855681,51,ppo_seed47,ppo,PPO,47
77107,intercepted,1,0,0,0,775,8,4.0,767,775.0,387.5,5.589606285095215,0,3.1104455364402384,1.8221479654312134,3.395168976673582,768,ppo_seed47,ppo,PPO,47
77108,intercepted,1,0,0,0,1560,11,5.5,1549,1560.0,780.0,2.715611219406128,0,3.1519071323929295,3.7591359615325928,3.4379755882587855,1550,ppo_seed47,ppo,PPO,47
77109,intercepted,1,0,0,0,101,9,4.5,92,101.0,50.5,6.242634296417236,0,3.2027377697729293,3.591207981109619,3.4656253864425386,93,ppo_seed47,ppo,PPO,47
77110,intercepted,1,0,0,0,653,15,7.5,638,653.0,326.5,2.105363130569458,0,3.24725849443758,2.594316005706787,3.533722355696245,639,ppo_seed47,ppo,PPO,47
77111,intercepted,1,0,0,0,376,9,4.5,367,376.0,188.0,5.190940856933594,0,3.2819018451415976,1.1325876712799072,3.522272689646036,368,ppo_seed47,ppo,PPO,47
77112,intercepted,1,0,0,0,125,32,16.0,93,125.0,62.5,11.55363655090332,0,3.0265785620567645,7.316549777984619,3.3388356560863586,94,ppo_seed47,ppo,PPO,47
77113,intercepted,1,0,0,0,158,12,6.0,146,158.0,79.0,12.510326385498047,0,3.091268316418135,2.688782215118408,3.3941108325617186,147,ppo_seed47,ppo,PPO,47
77114,intercepted,1,0,0,0,39,12,6.0,27,39.0,19.5,8.789705276489258,0,3.5563159052814757,4.323853969573975,3.8081474521561365,28,ppo_seed47,ppo,PPO,47
77115,intercepted,1,0,0,0,81,14,7.0,67,81.0,40.5,6.354249954223633,0,3.205128716195331,1.435831069946289,3.430940623559484,68,ppo_seed47,ppo,PPO,47
77116,intercepted,1,0,0,0,288,23,11.5,265,288.0,144.0,3.3933465480804443,0,3.1379606640876685,2.8285608291625977,3.414452095687248,266,ppo_seed47,ppo,PPO,47
77117,intercepted,1,0,0,0,551,11,5.5,540,551.0,275.5,2.2596752643585205,0,3.2732988665923615,2.9491586685180664,3.586819736722886,541,ppo_seed47,ppo,PPO,47
77118,intercepted,1,0,0,0,248,10,5.0,238,248.0,124.0,2.571153402328491,0,3.2276946732688647,4.612522602081299,3.4965245339827415,239,ppo_seed47,ppo,PPO,47
77119,intercepted,1,0,0,0,12,8,4.0,4,12.0,6.0,2.6727285385131836,0,2.4753093004226683,1.1445229053497314,2.6673443506608736,5,ppo_seed47,ppo,PPO,47
77120,intercepted,1,0,0,0,316,19,9.5,297,316.0,158.0,10.298792839050293,0,3.202519245995771,3.658369302749634,3.490550902615164,298,ppo_seed47,ppo,PPO,47
77121,soldier_caught,0,1,0,0,17,14,7.0,3,,,1.255220890045166,0,3.216401904821396,7.025433540344238,3.9257874629942786,4,ppo_seed47,ppo,PPO,47
77122,intercepted,1,0,0,0,14,10,5.0,4,14.0,7.0,5.7602858543396,0,3.2559502124786377,5.5879225730896,3.6262658939469556,5,ppo_seed47,ppo,PPO,47
77123,intercepted,1,0,0,0,12,8,4.0,4,12.0,6.0,2.662627935409546,0,2.6585164785385134,1.493268609046936,2.7577504720393384,5,ppo_seed47,ppo,PPO,47
77124,intercepted,1,0,0,0,89,13,6.5,76,89.0,44.5,8.562946319580078,0,3.1394391810739197,2.0253021717071533,3.3630559198226924,77,ppo_seed47,ppo,PPO,47
77125,intercepted,1,0,0,0,533,7,3.5,526,533.0,266.5,2.942201614379883,0,3.258874595448007,4.48699426651001,3.538316449546125,527,ppo_seed47,ppo,PPO,47
77126,unsafe_intercept,0,0,1,0,14,12,6.0,2,,,2.9043750762939453,0,3.7420712312062583,1.602726936340332,4.37675634810588,3,ppo_seed47,ppo,PPO,47
77127,intercepted,1,0,0,0,332,12,6.0,320,332.0,166.0,8.489862442016602,0,3.1804759168179237,1.7968064546585083,3.478585366573926,321,ppo_seed47,ppo,PPO,47
77128,soldier_caught,0,1,0,0,12,9,4.5,3,,,1.6855183839797974,0,3.26161926984787,3.4505672454833984,3.392098672776998,4,ppo_seed47,ppo,PPO,47
77129,intercepted,1,0,0,0,228,18,9.0,210,228.0,114.0,8.337145805358887,0,3.2326102660730553,1.5008628368377686,3.483288593558267,211,ppo_seed47,ppo,PPO,47
77130,intercepted,1,0,0,0,103,10,5.0,93,103.0,51.5,11.854660034179688,0,3.2614895720431147,3.636470079421997,3.476508593701575,94,ppo_seed47,ppo,PPO,47
77131,intercepted,1,0,0,0,15,11,5.5,4,15.0,7.5,4.901209831237793,0,3.3164814710617065,1.9405430555343628,3.5306009905028555,5,ppo_seed47,ppo,PPO,47
77132,intercepted,1,0,0,0,17,10,5.0,7,17.0,8.5,3.032144546508789,0,2.9757054448127747,2.3786461353302,3.0795577874436892,8,ppo_seed47,ppo,PPO,47
77133,intercepted,1,0,0,0,238,11,5.5,227,238.0,119.0,5.054695129394531,0,3.200579051581914,3.9258642196655273,3.481115017900454,228,ppo_seed47,ppo,PPO,47
77134,intercepted,1,0,0,0,265,9,4.5,256,265.0,132.5,3.2465364933013916,0,3.115865067749172,1.7842704057693481,3.3720481123469046,257,ppo_seed47,ppo,PPO,47
77135,intercepted,1,0,0,0,34,9,4.5,25,34.0,17.0,11.598222732543945,0,3.109620362520218,1.5074735879898071,3.410796988633954,26,ppo_seed47,ppo,PPO,47
77136,intercepted,1,0,0,0,421,166,83.0,255,421.0,210.5,2.2553043365478516,0,3.223637320450507,1.284316062927246,3.519947477034725,256,ppo_seed47,ppo,PPO,47
77137,intercepted,1,0,0,0,31,7,3.5,24,31.0,15.5,3.509430408477783,0,3.0124244332313537,3.4918575286865234,3.218722243741689,25,ppo_seed47,ppo,PPO,47
77138,intercepted,1,0,0,0,47,15,7.5,32,47.0,23.5,7.256375312805176,0,3.4085688175577107,2.556450843811035,3.6278803883292183,33,ppo_seed47,ppo,PPO,47
77139,intercepted,1,0,0,0,166,14,7.0,152,166.0,83.0,2.0921974182128906,0,2.9984823804275664,0.8333719968795776,3.253861010893182,153,ppo_seed47,ppo,PPO,47
77140,intercepted,1,0,0,0,39,15,7.5,24,39.0,19.5,13.840184211730957,0,2.9549166917800904,2.128281593322754,3.140326258057741,25,ppo_seed47,ppo,PPO,47
77141,intercepted,1,0,0,0,103,16,8.0,87,103.0,51.5,10.871232032775879,0,3.0689851099794563,2.0697038173675537,3.304844527624444,88,ppo_seed47,ppo,PPO,47
77142,intercepted,1,0,0,0,170,14,7.0,156,170.0,85.0,2.9404983520507812,0,3.0699572096205063,5.114115238189697,3.311327841548153,157,ppo_seed47,ppo,PPO,47
77143,intercepted,1,0,0,0,97,13,6.5,84,97.0,48.5,9.04356861114502,0,3.0230955481529236,4.016139984130859,3.2787649746947976,85,ppo_seed47,ppo,PPO,47
77144,intercepted,1,0,0,0,55,8,4.0,47,55.0,27.5,12.026637077331543,0,3.225347835570574,2.246694564819336,3.459638230051829,48,ppo_seed47,ppo,PPO,47
77145,intercepted,1,0,0,0,393,21,10.5,372,393.0,196.5,4.486515522003174,0,3.2496692972911907,2.7516093254089355,3.547029380644321,373,ppo_seed47,ppo,PPO,47
77146,intercepted,1,0,0,0,88,11,5.5,77,88.0,44.0,9.00391960144043,0,3.382282241032674,3.60518217086792,3.592714115952787,78,ppo_seed47,ppo,PPO,47
77147,intercepted,1,0,0,0,442,14,7.0,428,442.0,221.0,10.56696891784668,0,3.2562201869237675,4.415848731994629,3.5338358376593657,429,ppo_seed47,ppo,PPO,47
77148,intercepted,1,0,0,0,142,16,8.0,126,142.0,71.0,3.3819479942321777,0,3.0551816347077136,4.458110332489014,3.3596021589843788,127,ppo_seed47,ppo,PPO,47
77149,soldier_caught,0,1,0,0,40,13,6.5,27,,,1.7419909238815308,0,2.9248600729874203,1.1271312236785889,3.223103578210425,28,ppo_seed47,ppo,PPO,47
77150,intercepted,1,0,0,0,17,10,5.0,7,17.0,8.5,10.996387481689453,0,3.602978825569153,5.067002773284912,3.751251669510162,8,ppo_seed47,ppo,PPO,47
77151,intercepted,1,0,0,0,652,12,6.0,640,652.0,326.0,2.440699815750122,0,3.125643755060834,1.4163250923156738,3.3894143140553523,641,ppo_seed47,ppo,PPO,47
77152,intercepted,1,0,0,0,266,27,13.5,239,266.0,133.0,8.17305850982666,0,3.040307519833247,4.6801371574401855,3.297253541047659,240,ppo_seed47,ppo,PPO,47
77153,soldier_caught,0,1,0,0,35,11,5.5,24,,,1.3855133056640625,0,3.566835026741028,1.5516384840011597,3.884858519692387,25,ppo_seed47,ppo,PPO,47
77154,intercepted,1,0,0,0,391,15,7.5,376,391.0,195.5,2.6376454830169678,0,3.2559282602618795,3.4993484020233154,3.51905303803812,377,ppo_seed47,ppo,PPO,47
77155,intercepted,1,0,0,0,36,12,6.0,24,36.0,18.0,11.029975891113281,0,3.512678556442261,3.9078922271728516,3.7230332139023887,25,ppo_seed47,ppo,PPO,47
77156,intercepted,1,0,0,0,364,10,5.0,354,364.0,182.0,4.80137825012207,0,3.145350345591424,2.6039469242095947,3.391361291102317,355,ppo_seed47,ppo,PPO,47
77157,unsafe_intercept,0,0,1,0,38,13,6.5,25,,,2.401468276977539,0,3.4459949754751644,1.9945462942123413,3.7321897176312984,26,ppo_seed47,ppo,PPO,47
77158,intercepted,1,0,0,0,21,8,4.0,13,21.0,10.5,2.54252028465271,0,2.9609957337379456,4.54679536819458,3.1287167509942733,14,ppo_seed47,ppo,PPO,47
77159,intercepted,1,0,0,0,301,16,8.0,285,301.0,150.5,2.4783384799957275,0,3.1683071428662415,2.4118778705596924,3.443692048374998,286,ppo_seed47,ppo,PPO,47
77160,intercepted,1,0,0,0,305,17,8.5,288,305.0,152.5,4.101125717163086,0,3.1750184298077255,2.4988555908203125,3.440199410650112,289,ppo_seed47,ppo,PPO,47
77161,soldier_caught,0,1,0,0,35,10,5.0,25,,,1.9876583814620972,0,3.3586686505721164,3.67342209815979,3.6168333265716415,26,ppo_seed47,ppo,PPO,47
77162,soldier_caught,0,1,0,0,467,15,7.5,452,,,1.207187533378601,0,3.0943992277381174,2.2968926429748535,3.370746343626502,453,ppo_seed47,ppo,PPO,47
77163,intercepted,1,0,0,0,226,19,9.5,207,226.0,113.0,7.726053237915039,0,3.1277744901868014,1.2221041917800903,3.3982834384830722,208,ppo_seed47,ppo,PPO,47
77164,soldier_caught,0,1,0,0,432,12,6.0,420,,,1.6554659605026245,0,3.2139559404796207,2.2505605220794678,3.5004894128518127,421,ppo_seed47,ppo,PPO,47
77165,soldier_caught,0,1,0,0,83,14,7.0,69,,,1.786285161972046,0,3.2003905636923653,2.6003592014312744,3.4295786615413064,70,ppo_seed47,ppo,PPO,47
77166,intercepted,1,0,0,0,158,16,8.0,142,158.0,79.0,2.2257449626922607,0,3.2506392704440166,2.43708872795105,3.534958729598955,143,ppo_seed47,ppo,PPO,47
77167,soldier_caught,0,1,0,0,36,11,5.5,25,,,0.833958625793457,0,3.467450114396902,2.6410415172576904,3.71259959061264,26,ppo_seed47,ppo,PPO,47
77168,intercepted,1,0,0,0,703,12,6.0,691,703.0,351.5,3.4175710678100586,0,3.1256150347476748,3.662935256958008,3.3848487387871606,692,ppo_seed47,ppo,PPO,47
77169,soldier_caught,0,1,0,0,58,10,5.0,48,,,1.3744529485702515,0,3.45826142174857,2.6594197750091553,3.7658419104153324,49,ppo_seed47,ppo,PPO,47
77170,intercepted,1,0,0,0,352,30,15.0,322,352.0,176.0,4.612188339233398,0,3.179209913354909,4.742011070251465,3.416585050790071,323,ppo_seed47,ppo,PPO,47
77171,intercepted,1,0,0,0,68,9,4.5,59,68.0,34.0,10.25634765625,0,3.062500025828679,3.3556809425354004,3.3207915591712927,60,ppo_seed47,ppo,PPO,47
77172,intercepted,1,0,0,0,82,12,6.0,70,82.0,41.0,10.285457611083984,0,3.088625245111089,2.6724095344543457,3.3956890313085055,71,ppo_seed47,ppo,PPO,47
77173,intercepted,1,0,0,0,85,60,30.0,25,85.0,42.5,14.58775520324707,0,2.875420868396759,1.8771650791168213,3.242538425653306,26,ppo_seed47,ppo,PPO,47
77174,intercepted,1,0,0,0,277,15,7.5,262,277.0,138.5,8.652107238769531,0,3.25209698704259,3.2061517238616943,3.4821357246613385,263,ppo_seed47,ppo,PPO,47
77175,intercepted,1,0,0,0,53,7,3.5,46,53.0,26.5,9.694222450256348,0,3.2191691576166357,2.678715467453003,3.5709591779951806,47,ppo_seed47,ppo,PPO,47
77176,soldier_caught,0,1,0,0,454,13,6.5,441,,,1.6922156810760498,0,3.11093598412038,3.567594289779663,3.4142887236949346,442,ppo_seed47,ppo,PPO,47
77177,soldier_caught,0,1,0,0,385,14,7.0,371,,,1.9129074811935425,0,3.1570885905655484,2.12971830368042,3.428501743523253,372,ppo_seed47,ppo,PPO,47
77178,intercepted,1,0,0,0,100,10,5.0,90,100.0,50.0,6.093375205993652,0,3.4500806010686436,4.293356895446777,3.746822579809908,91,ppo_seed47,ppo,PPO,47
77179,intercepted,1,0,0,0,16,10,5.0,6,16.0,8.0,7.368686676025391,0,3.580219200679234,3.20076584815979,3.805284969639066,7,ppo_seed47,ppo,PPO,47
77180,soldier_caught,0,1,0,0,16,13,6.5,3,,,1.5440030097961426,0,3.3532642126083374,2.8162224292755127,3.6675909781517477,4,ppo_seed47,ppo,PPO,47
77181,intercepted,1,0,0,0,26,19,9.5,7,26.0,13.0,11.113736152648926,0,3.130980744957924,1.6869895458221436,3.311986250101413,8,ppo_seed47,ppo,PPO,47
77182,intercepted,1,0,0,0,176,13,6.5,163,176.0,88.0,4.780357837677002,0,3.4202334077619927,5.838931083679199,3.673887010774919,164,ppo_seed47,ppo,PPO,47
77183,intercepted,1,0,0,0,158,8,4.0,150,158.0,79.0,3.6121397018432617,0,3.211621282905932,2.20011043548584,3.4904136760947146,151,ppo_seed47,ppo,PPO,47
77184,intercepted,1,0,0,0,251,15,7.5,236,251.0,125.5,4.191331386566162,0,3.0973461532517326,2.6500155925750732,3.377080981344793,237,ppo_seed47,ppo,PPO,47
77185,soldier_caught,0,1,0,0,175,32,16.0,143,,,1.3924837112426758,0,2.999464624043968,1.0954352617263794,3.2630892109390373,144,ppo_seed47,ppo,PPO,47
77186,intercepted,1,0,0,0,56,11,5.5,45,56.0,28.0,5.513672351837158,0,3.4071838447581166,3.9308011531829834,3.675990013780443,46,ppo_seed47,ppo,PPO,47
77187,intercepted,1,0,0,0,175,7,3.5,168,175.0,87.5,4.853890895843506,0,3.1177790637552385,3.952645778656006,3.357952734650466,169,ppo_seed47,ppo,PPO,47
77188,intercepted,1,0,0,0,17,12,6.0,5,17.0,8.5,5.376951694488525,0,2.6251948277155557,2.0882155895233154,2.7036469961881937,6,ppo_seed47,ppo,PPO,47
77189,intercepted,1,0,0,0,868,8,4.0,860,868.0,434.0,2.952592372894287,0,3.192102582820201,3.13397479057312,3.4733675239587702,861,ppo_seed47,ppo,PPO,47
77190,intercepted,1,0,0,0,488,12,6.0,476,488.0,244.0,2.1572208404541016,0,3.25550736616555,1.7876999378204346,3.5596188139248115,477,ppo_seed47,ppo,PPO,47
77191,intercepted,1,0,0,0,9,7,3.5,2,9.0,4.5,5.064533233642578,0,4.511675755182902,5.623590469360352,4.5973269283941125,3,ppo_seed47,ppo,PPO,47
77192,soldier_caught,0,1,0,0,96,7,3.5,89,,,1.4930551052093506,0,3.073996773031023,7.207005977630615,3.3887149062940582,90,ppo_seed47,ppo,PPO,47
77193,intercepted,1,0,0,0,36,9,4.5,27,36.0,18.0,4.505007743835449,0,3.3528242026056563,2.8454811573028564,3.5828798226593404,28,ppo_seed47,ppo,PPO,47
77194,intercepted,1,0,0,0,51,20,10.0,31,51.0,25.5,6.255610466003418,0,2.802177634090185,3.685239791870117,2.8890006682006613,32,ppo_seed47,ppo,PPO,47
77195,soldier_caught,0,1,0,0,97,7,3.5,90,,,1.826979637145996,0,3.1124803122583327,4.494892597198486,3.4385278816101246,91,ppo_seed47,ppo,PPO,47
77196,intercepted,1,0,0,0,22,9,4.5,13,22.0,11.0,6.481991767883301,0,3.2743555988584245,5.22777795791626,3.603259578933331,14,ppo_seed47,ppo,PPO,47
77197,intercepted,1,0,0,0,529,27,13.5,502,529.0,264.5,4.005795478820801,0,3.1313738520173855,3.027578353881836,3.3991719217200402,503,ppo_seed47,ppo,PPO,47
77198,soldier_caught,0,1,0,0,222,8,4.0,214,,,1.41660475730896,0,3.1361171292704206,3.0076303482055664,3.40023505366285,215,ppo_seed47,ppo,PPO,47
77199,intercepted,1,0,0,0,135,17,8.5,118,135.0,67.5,3.183976650238037,0,3.2409594439658798,2.118271589279175,3.4758391526378976,119,ppo_seed47,ppo,PPO,47
77200,intercepted,1,0,0,0,226,21,10.5,205,226.0,113.0,9.198744773864746,0,3.2559120053226507,6.401546478271484,3.506198580863484,206,ppo_seed47,ppo,PPO,47
77201,intercepted,1,0,0,0,12,9,4.5,3,12.0,6.0,7.258398532867432,0,3.353126108646393,3.069065570831299,3.3688655389382522,4,ppo_seed47,ppo,PPO,47
77202,intercepted,1,0,0,0,14,11,5.5,3,14.0,7.0,6.223869323730469,0,4.232442378997803,5.752282619476318,4.455437728713408,4,ppo_seed47,ppo,PPO,47
77203,intercepted,1,0,0,0,123,14,7.0,109,123.0,61.5,8.114471435546875,0,3.2163042491132563,3.093174934387207,3.4488967636551213,110,ppo_seed47,ppo,PPO,47
77204,intercepted,1,0,0,0,71,35,17.5,36,71.0,35.5,13.158108711242676,0,3.496858123186472,4.381557464599609,3.6498262384182296,37,ppo_seed47,ppo,PPO,47
77205,intercepted,1,0,0,0,348,11,5.5,337,348.0,174.0,2.9147753715515137,0,3.2002235012646962,1.0432955026626587,3.473419582423213,338,ppo_seed47,ppo,PPO,47
77206,intercepted,1,0,0,0,13,11,5.5,2,13.0,6.5,4.542496204376221,0,3.048741579055786,3.543302536010742,3.069800359313681,3,ppo_seed47,ppo,PPO,47
77207,intercepted,1,0,0,0,24,9,4.5,15,24.0,12.0,5.780117511749268,0,3.3288416266441345,5.428770065307617,3.5400307288894615,16,ppo_seed47,ppo,PPO,47
77208,soldier_caught,0,1,0,0,46,44,22.0,2,,,1.0629416704177856,0,2.288666248321533,2.173663377761841,2.3315680090194078,3,ppo_seed47,ppo,PPO,47
77209,intercepted,1,0,0,0,66,20,10.0,46,66.0,33.0,6.598914623260498,0,3.2282517324102686,4.8991379737854,3.5396121837743064,47,ppo_seed47,ppo,PPO,47
77210,intercepted,1,0,0,0,66,19,9.5,47,66.0,33.0,14.532407760620117,0,3.264960796882709,4.191391944885254,3.4597686503910987,48,ppo_seed47,ppo,PPO,47
77211,intercepted,1,0,0,0,157,13,6.5,144,157.0,78.5,11.334259986877441,0,3.1762919084779146,1.1637928485870361,3.4126122361542595,145,ppo_seed47,ppo,PPO,47
77212,intercepted,1,0,0,0,37,11,5.5,26,37.0,18.5,12.631946563720703,0,3.009038159140834,2.959872245788574,3.248079406749712,27,ppo_seed47,ppo,PPO,47
77213,intercepted,1,0,0,0,1208,9,4.5,1199,1208.0,604.0,2.639630079269409,0,3.213903810332219,4.1947197914123535,3.484004344678842,1200,ppo_seed47,ppo,PPO,47
77214,intercepted,1,0,0,0,43,13,6.5,30,43.0,21.5,6.107485771179199,0,3.1543442318516393,4.3323140144348145,3.407277757583844,31,ppo_seed47,ppo,PPO,47
77215,soldier_caught,0,1,0,0,12,10,5.0,2,,,1.382707118988037,0,1.797153651714325,3.638822555541992,2.2451240240622634,3,ppo_seed47,ppo,PPO,47
77216,intercepted,1,0,0,0,199,42,21.0,157,199.0,99.5,12.831605911254883,0,3.228842291085026,1.265899658203125,3.5269497334217754,158,ppo_seed47,ppo,PPO,47
77217,intercepted,1,0,0,0,151,11,5.5,140,151.0,75.5,7.2204999923706055,0,3.2369463405710586,1.6529003381729126,3.4838115441762594,141,ppo_seed47,ppo,PPO,47
77218,intercepted,1,0,0,0,21,16,8.0,5,21.0,10.5,11.718595504760742,0,5.595809777577718,7.070165634155273,5.677215290354907,6,ppo_seed47,ppo,PPO,47
77219,intercepted,1,0,0,0,10,7,3.5,3,10.0,5.0,5.626740455627441,0,2.9312179684638977,2.8182239532470703,2.966054555878469,4,ppo_seed47,ppo,PPO,47
77220,intercepted,1,0,0,0,936,11,5.5,925,936.0,468.0,4.396266460418701,0,3.2374323021709017,1.9530410766601562,3.51724722464283,926,ppo_seed47,ppo,PPO,47
77221,intercepted,1,0,0,0,157,9,4.5,148,157.0,78.5,7.050238609313965,0,3.1818573658898375,2.9533426761627197,3.4033041514169105,149,ppo_seed47,ppo,PPO,47
77222,intercepted,1,0,0,0,345,9,4.5,336,345.0,172.5,8.984820365905762,0,3.1128085872893516,1.9203587770462036,3.386676872612759,337,ppo_seed47,ppo,PPO,47
77223,intercepted,1,0,0,0,363,8,4.0,355,363.0,181.5,2.234121322631836,0,3.2596437488211674,1.2674775123596191,3.571196408128728,356,ppo_seed47,ppo,PPO,47
77224,intercepted,1,0,0,0,160,12,6.0,148,160.0,80.0,5.8159613609313965,0,3.0507994150155344,2.1608970165252686,3.3421844947708883,149,ppo_seed47,ppo,PPO,47
77225,intercepted,1,0,0,0,140,80,40.0,60,140.0,70.0,9.230121612548828,0,3.251274589632378,4.523122310638428,3.527614153499339,61,ppo_seed47,ppo,PPO,47
77226,soldier_caught,0,1,0,0,237,16,8.0,221,,,1.6983546018600464,0,3.271058018411602,6.2826738357543945,3.5251392604192553,222,ppo_seed47,ppo,PPO,47
77227,intercepted,1,0,0,0,32,10,5.0,22,32.0,16.0,9.771729469299316,0,2.898772082898928,2.228219985961914,3.186307377235868,23,ppo_seed47,ppo,PPO,47
77228,intercepted,1,0,0,0,20,15,7.5,5,20.0,10.0,10.84638500213623,0,4.186962982018788,4.5230841636657715,4.491045610795891,6,ppo_seed47,ppo,PPO,47
77229,intercepted,1,0,0,0,10,8,4.0,2,10.0,5.0,4.990023612976074,0,3.686851660410563,4.164820671081543,3.7318314455558315,3,ppo_seed47,ppo,PPO,47
77230,intercepted,1,0,0,0,25,17,8.5,8,25.0,12.5,10.008774757385254,0,3.4966674380832248,3.6612813472747803,3.7382388715593997,9,ppo_seed47,ppo,PPO,47
77231,intercepted,1,0,0,0,148,14,7.0,134,148.0,74.0,8.86532211303711,0,3.123952210391009,2.2659308910369873,3.40494297788399,135,ppo_seed47,ppo,PPO,47
77232,soldier_caught,0,1,0,0,94,11,5.5,83,,,1.8322361707687378,0,3.241986147349789,3.7395482063293457,3.5139204717029258,84,ppo_seed47,ppo,PPO,47
77233,unsafe_intercept,0,0,1,0,53,8,4.0,45,,,3.322251319885254,0,3.1721338033676147,3.080395221710205,3.4428220918168324,46,ppo_seed47,ppo,PPO,47
77234,intercepted,1,0,0,0,175,11,5.5,164,175.0,87.5,9.006232261657715,0,3.3002567672368253,2.7680888175964355,3.586029462853455,165,ppo_seed47,ppo,PPO,47
77235,intercepted,1,0,0,0,143,11,5.5,132,143.0,71.5,5.357176780700684,0,3.13136253993314,2.207334280014038,3.363291391784779,133,ppo_seed47,ppo,PPO,47
77236,intercepted,1,0,0,0,291,11,5.5,280,291.0,145.5,6.13100004196167,0,3.1584744587063365,3.716442584991455,3.398664714048897,281,ppo_seed47,ppo,PPO,47
77237,intercepted,1,0,0,0,825,9,4.5,816,825.0,412.5,2.2600607872009277,0,3.1744443187843485,3.28761625289917,3.453443824242884,817,ppo_seed47,ppo,PPO,47
77238,intercepted,1,0,0,0,269,12,6.0,257,269.0,134.5,6.2612199783325195,0,3.0565091447774755,4.319296836853027,3.351258267124077,258,ppo_seed47,ppo,PPO,47
77239,intercepted,1,0,0,0,209,16,8.0,193,209.0,104.5,12.615222930908203,0,3.1381982646344864,5.376266002655029,3.4143249870216312,194,ppo_seed47,ppo,PPO,47
77240,intercepted,1,0,0,0,174,10,5.0,164,174.0,87.0,3.571923017501831,0,3.1867968263048114,3.5393881797790527,3.4314735133098195,165,ppo_seed47,ppo,PPO,47
77241,intercepted,1,0,0,0,11,7,3.5,4,11.0,5.5,6.493139266967773,0,3.998566770553589,2.1119184494018555,4.236350325093484,5,ppo_seed47,ppo,PPO,47
77242,soldier_caught,0,1,0,0,11,8,4.0,3,,,1.4829137325286865,0,2.0768926441669464,1.301024317741394,2.187620045723864,4,ppo_seed47,ppo,PPO,47
77243,intercepted,1,0,0,0,10,8,4.0,2,10.0,5.0,3.7280757427215576,0,3.7697293758392334,3.124957799911499,3.9218353804561024,3,ppo_seed47,ppo,PPO,47
77244,intercepted,1,0,0,0,160,11,5.5,149,160.0,80.0,2.5781381130218506,0,3.320548843940099,1.2580208778381348,3.5842697540303234,150,ppo_seed47,ppo,PPO,47
77245,soldier_caught,0,1,0,0,161,14,7.0,147,,,1.990210771560669,0,3.3461683791231467,4.464873313903809,3.603131602709353,148,ppo_seed47,ppo,PPO,47
77246,intercepted,1,0,0,0,425,12,6.0,413,425.0,212.5,2.3991003036499023,0,3.311219245483334,3.679811716079712,3.58136029296223,414,ppo_seed47,ppo,PPO,47
77247,intercepted,1,0,0,0,12,9,4.5,3,12.0,6.0,7.815952301025391,0,2.708077684044838,4.35374641418457,3.05614299975094,4,ppo_seed47,ppo,PPO,47
77248,intercepted,1,0,0,0,571,14,7.0,557,571.0,285.5,10.464364051818848,0,3.2535230952138114,3.3140368461608887,3.52508581285304,558,ppo_seed47,ppo,PPO,47
77249,intercepted,1,0,0,0,111,10,5.0,101,111.0,55.5,5.783129692077637,0,3.0799507142282,4.26991605758667,3.3468820004262825,102,ppo_seed47,ppo,PPO,47
77250,intercepted,1,0,0,0,85,9,4.5,76,85.0,42.5,9.298200607299805,0,3.316267182300617,5.946678638458252,3.549527685713341,77,ppo_seed47,ppo,PPO,47
77251,intercepted,1,0,0,0,458,13,6.5,445,458.0,229.0,2.189710855484009,0,3.1624530358031193,2.5423524379730225,3.417018453991409,446,ppo_seed47,ppo,PPO,47
77252,intercepted,1,0,0,0,1043,13,6.5,1030,1043.0,521.5,2.6919808387756348,0,3.1907307127514124,5.086025714874268,3.4570838646773963,1031,ppo_seed47,ppo,PPO,47
77253,soldier_caught,0,1,0,0,36,8,4.0,28,,,1.888588547706604,0,3.209626623268785,1.9455010890960693,3.468285238088362,29,ppo_seed47,ppo,PPO,47
77254,intercepted,1,0,0,0,98,20,10.0,78,98.0,49.0,13.198127746582031,0,3.079036157342452,1.2398780584335327,3.316891390881243,79,ppo_seed47,ppo,PPO,47
77255,intercepted,1,0,0,0,139,7,3.5,132,139.0,69.5,2.068187713623047,0,3.474617303089988,3.6507716178894043,3.734676370745282,133,ppo_seed47,ppo,PPO,47
77256,soldier_caught,0,1,0,0,63,35,17.5,28,,,1.573431134223938,0,3.073677531604109,4.384565830230713,3.2845546504922725,29,ppo_seed47,ppo,PPO,47
77257,intercepted,1,0,0,0,101,9,4.5,92,101.0,50.5,7.595117092132568,0,3.4642870663314738,5.965951919555664,3.7200679547828766,93,ppo_seed47,ppo,PPO,47
77258,intercepted,1,0,0,0,740,9,4.5,731,740.0,370.0,2.2509138584136963,0,3.122199146005788,2.047811269760132,3.404627382358651,732,ppo_seed47,ppo,PPO,47
77259,intercepted,1,0,0,0,322,26,13.0,296,322.0,161.0,2.1756784915924072,0,3.128501934435231,2.492767572402954,3.400090378965839,297,ppo_seed47,ppo,PPO,47
77260,intercepted,1,0,0,0,75,48,24.0,27,75.0,37.5,14.123615264892578,0,3.2065597985472,5.046568870544434,3.5306772626658267,28,ppo_seed47,ppo,PPO,47
77261,soldier_caught,0,1,0,0,606,57,28.5,549,,,1.9338244199752808,0,3.2434891200336544,3.7652993202209473,3.5154801291974875,550,ppo_seed47,ppo,PPO,47
77262,intercepted,1,0,0,0,398,13,6.5,385,398.0,199.0,5.63235330581665,0,3.159851988516941,3.750169515609741,3.4397092786108616,386,ppo_seed47,ppo,PPO,47
77263,intercepted,1,0,0,0,442,40,20.0,402,442.0,221.0,2.181135892868042,0,3.3378703535046825,0.30716636776924133,3.6203214348507986,403,ppo_seed47,ppo,PPO,47
77264,soldier_caught,0,1,0,0,203,14,7.0,189,,,0.8269132375717163,0,3.167145937681198,3.4803340435028076,3.4572313476172236,190,ppo_seed47,ppo,PPO,47
77265,intercepted,1,0,0,0,151,7,3.5,144,151.0,75.5,4.101955413818359,0,3.3085952018869333,3.7799289226531982,3.59816322906849,145,ppo_seed47,ppo,PPO,47
77266,intercepted,1,0,0,0,459,31,15.5,428,459.0,229.5,3.400465250015259,0,3.186044407127065,2.059168815612793,3.457863815722268,429,ppo_seed47,ppo,PPO,47
77267,soldier_caught,0,1,0,0,35,11,5.5,24,,,0.36393439769744873,0,3.0924818396568297,5.046985149383545,3.3356527548842987,25,ppo_seed47,ppo,PPO,47
77268,intercepted,1,0,0,0,34,30,15.0,4,34.0,17.0,11.045120239257812,0,3.8430823802948,4.17763090133667,3.97782157675862,5,ppo_seed47,ppo,PPO,47
77269,intercepted,1,0,0,0,134,12,6.0,122,134.0,67.0,11.990275382995605,0,3.236002776680923,3.2380125522613525,3.498784787845598,123,ppo_seed47,ppo,PPO,47
77270,intercepted,1,0,0,0,70,9,4.5,61,70.0,35.0,3.4643537998199463,0,2.793603862485578,3.0884838104248047,3.122184963257297,62,ppo_seed47,ppo,PPO,47
77271,intercepted,1,0,0,0,169,10,5.0,159,169.0,84.5,6.735722541809082,0,3.4171984769403934,5.580207347869873,3.6437734512621223,160,ppo_seed47,ppo,PPO,47
77272,intercepted,1,0,0,0,292,10,5.0,282,292.0,146.0,2.119645595550537,0,3.3077649057122085,2.4525790214538574,3.593906825524124,283,ppo_seed47,ppo,PPO,47
77273,intercepted,1,0,0,0,16,11,5.5,5,16.0,8.0,10.293998718261719,0,2.9561990102132163,4.472846031188965,3.248141507928436,6,ppo_seed47,ppo,PPO,47
77274,intercepted,1,0,0,0,30,12,6.0,18,30.0,15.0,5.102995872497559,0,2.9011227896339014,3.8442208766937256,3.189970868590602,19,ppo_seed47,ppo,PPO,47
77275,intercepted,1,0,0,0,35,11,5.5,24,35.0,17.5,9.402055740356445,0,2.891398375034332,3.1869571208953857,3.169753313239534,25,ppo_seed47,ppo,PPO,47
77276,soldier_caught,0,1,0,0,370,10,5.0,360,,,1.7035688161849976,0,3.2121292140510276,1.4717708826065063,3.4999090872764387,361,ppo_seed47,ppo,PPO,47
77277,intercepted,1,0,0,0,272,17,8.5,255,272.0,136.0,4.065763473510742,0,3.1228757662465796,4.243978023529053,3.371833554670186,256,ppo_seed47,ppo,PPO,47
77278,intercepted,1,0,0,0,100,14,7.0,86,100.0,50.0,11.563958168029785,0,3.206478412466488,0.6417571306228638,3.5660910630711635,87,ppo_seed47,ppo,PPO,47
77279,intercepted,1,0,0,0,84,9,4.5,75,84.0,42.0,6.505188941955566,0,3.265233850008563,2.823206663131714,3.5357071376558133,76,ppo_seed47,ppo,PPO,47
77280,intercepted,1,0,0,0,208,15,7.5,193,208.0,104.0,2.257114887237549,0,3.252005269539725,4.865276336669922,3.520617862344979,194,ppo_seed47,ppo,PPO,47
77281,intercepted,1,0,0,0,238,42,21.0,196,238.0,119.0,9.34304428100586,0,3.2605435470034023,2.431184768676758,3.5594111665007726,197,ppo_seed47,ppo,PPO,47
77282,intercepted,1,0,0,0,30,7,3.5,23,30.0,15.0,8.010936737060547,0,3.2335194995005927,3.5228700637817383,3.5303346859006437,24,ppo_seed47,ppo,PPO,47
77283,intercepted,1,0,0,0,97,23,11.5,74,97.0,48.5,14.488203048706055,0,3.163864580194155,3.380720853805542,3.4192094083609996,75,ppo_seed47,ppo,PPO,47
77284,intercepted,1,0,0,0,331,9,4.5,322,331.0,165.5,3.61464786529541,0,3.258732250646541,2.786297082901001,3.5077411364096065,323,ppo_seed47,ppo,PPO,47
77285,soldier_caught,0,1,0,0,410,38,19.0,372,,,0.9116925001144409,0,3.2836176709099685,6.025575637817383,3.568908606738524,373,ppo_seed47,ppo,PPO,47
77286,intercepted,1,0,0,0,587,9,4.5,578,587.0,293.5,2.625563144683838,0,3.222196122113493,5.8814921379089355,3.479381849187058,579,ppo_seed47,ppo,PPO,47
77287,intercepted,1,0,0,0,129,47,23.5,82,129.0,64.5,2.7554876804351807,0,3.2144934204687554,4.695626258850098,3.4508079087858348,83,ppo_seed47,ppo,PPO,47
77288,intercepted,1,0,0,0,54,9,4.5,45,54.0,27.0,8.077315330505371,0,3.086483041877332,0.683218240737915,3.4006589071764406,46,ppo_seed47,ppo,PPO,47
77289,intercepted,1,0,0,0,13,10,5.0,3,13.0,6.5,2.667421579360962,0,3.576452761888504,4.620218276977539,3.8642595197937677,4,ppo_seed47,ppo,PPO,47
77290,intercepted,1,0,0,0,108,13,6.5,95,108.0,54.0,7.114380359649658,0,3.385973700322211,4.6879472732543945,3.593193867201973,96,ppo_seed47,ppo,PPO,47
77291,intercepted,1,0,0,0,259,14,7.0,245,259.0,129.5,10.755537986755371,0,3.335205065525644,1.839161992073059,3.643330473866607,246,ppo_seed47,ppo,PPO,47
77292,intercepted,1,0,0,0,538,44,22.0,494,538.0,269.0,2.4869046211242676,0,3.218983255191283,1.1769804954528809,3.5130663414795498,495,ppo_seed47,ppo,PPO,47
77293,intercepted,1,0,0,0,39,12,6.0,27,39.0,19.5,9.19428539276123,0,2.873741464955466,1.5754364728927612,3.1179606238562902,28,ppo_seed47,ppo,PPO,47
77294,soldier_caught,0,1,0,0,34,9,4.5,25,,,1.5843565464019775,0,2.96955492404791,3.192892551422119,3.2758402841474155,26,ppo_seed47,ppo,PPO,47
77295,intercepted,1,0,0,0,126,34,17.0,92,126.0,63.0,10.81744384765625,0,3.2146562344284466,4.5105414390563965,3.504412768890868,93,ppo_seed47,ppo,PPO,47
77296,intercepted,1,0,0,0,11,8,4.0,3,11.0,5.5,3.101919174194336,0,3.7151665091514587,3.700192451477051,4.00017069844118,4,ppo_seed47,ppo,PPO,47
77297,intercepted,1,0,0,0,12,8,4.0,4,12.0,6.0,3.5809569358825684,0,3.075844573974609,2.7219953536987305,3.4465734389493194,5,ppo_seed47,ppo,PPO,47
77298,soldier_caught,0,1,0,0,176,9,4.5,167,,,1.150477647781372,0,3.4100272187164853,4.045548439025879,3.68930884267275,168,ppo_seed47,ppo,PPO,47
77299,intercepted,1,0,0,0,270,14,7.0,256,270.0,135.0,10.174737930297852,0,3.28112630250389,4.835197925567627,3.5229762736899506,257,ppo_seed47,ppo,PPO,47
77300,intercepted,1,0,0,0,35,10,5.0,25,35.0,17.5,6.2396345138549805,0,3.328116623254923,3.83426570892334,3.62314017177216,26,ppo_seed47,ppo,PPO,47
77301,soldier_caught,0,1,0,0,540,11,5.5,529,,,1.8097871541976929,0,3.2294760156352567,2.092217445373535,3.5030104567423335,530,ppo_seed47,ppo,PPO,47
77302,intercepted,1,0,0,0,628,17,8.5,611,628.0,314.0,3.104754686355591,0,3.1109618699920722,2.926100730895996,3.3808463365067922,612,ppo_seed47,ppo,PPO,47
77303,intercepted,1,0,0,0,109,9,4.5,100,109.0,54.5,2.4625935554504395,0,3.244348916676965,1.5048768520355225,3.4641458345422467,101,ppo_seed47,ppo,PPO,47
77304,intercepted,1,0,0,0,46,11,5.5,35,46.0,23.0,12.360688209533691,0,3.068355823556582,1.7528337240219116,3.3745792614534516,36,ppo_seed47,ppo,PPO,47
77305,soldier_caught,0,1,0,0,111,16,8.0,95,,,1.0578713417053223,0,3.2804424284646907,5.532522201538086,3.506814825256906,96,ppo_seed47,ppo,PPO,47
77306,intercepted,1,0,0,0,166,37,18.5,129,166.0,83.0,11.853878021240234,0,3.2065334292558525,3.947835683822632,3.4997784012965187,130,ppo_seed47,ppo,PPO,47
77307,intercepted,1,0,0,0,190,11,5.5,179,190.0,95.0,4.645112991333008,0,3.071121026409997,2.4758098125457764,3.363315285609954,180,ppo_seed47,ppo,PPO,47
77308,intercepted,1,0,0,0,116,27,13.5,89,116.0,58.0,4.208863258361816,0,3.0417655176586575,3.554154872894287,3.270984889281077,90,ppo_seed47,ppo,PPO,47
77309,intercepted,1,0,0,0,66,8,4.0,58,66.0,33.0,4.470454216003418,0,3.173831394668353,5.4528093338012695,3.4337821786882152,59,ppo_seed47,ppo,PPO,47
77310,intercepted,1,0,0,0,164,12,6.0,152,164.0,82.0,9.462250709533691,0,3.2699738614309846,3.541499614715576,3.564224371319198,153,ppo_seed47,ppo,PPO,47
77311,soldier_caught,0,1,0,0,154,47,23.5,107,,,0.5131043195724487,0,3.29263892935382,2.3135838508605957,3.607191973132493,108,ppo_seed47,ppo,PPO,47
77312,soldier_caught,0,1,0,0,173,40,20.0,133,,,1.540899395942688,0,3.3420093470989767,4.123046875,3.5647239079132773,134,ppo_seed47,ppo,PPO,47
77313,intercepted,1,0,0,0,203,8,4.0,195,203.0,101.5,2.139281749725342,0,3.300367460263019,1.7907989025115967,3.546930150674488,196,ppo_seed47,ppo,PPO,47
77314,intercepted,1,0,0,0,18,12,6.0,6,18.0,9.0,8.534992218017578,0,3.5980387926101685,4.8667120933532715,3.7264078668195895,7,ppo_seed47,ppo,PPO,47
77315,intercepted,1,0,0,0,356,16,8.0,340,356.0,178.0,3.3563952445983887,0,3.226498543516981,2.1475162506103516,3.486799148868389,341,ppo_seed47,ppo,PPO,47
77316,soldier_caught,0,1,0,0,104,13,6.5,91,,,0.9248880743980408,0,3.19077630341053,3.5030627250671387,3.5187195543832157,92,ppo_seed47,ppo,PPO,47
77317,intercepted,1,0,0,0,42,10,5.0,32,42.0,21.0,6.115939140319824,0,3.4332959922877224,4.221805095672607,3.8269504654153135,33,ppo_seed47,ppo,PPO,47
77318,intercepted,1,0,0,0,37,11,5.5,26,37.0,18.5,10.308890342712402,0,3.4727225568559437,2.88570237159729,3.851735732688675,27,ppo_seed47,ppo,PPO,47
77319,intercepted,1,0,0,0,118,57,28.5,61,118.0,59.0,6.036680698394775,0,3.4448813180769644,3.204684257507324,3.715725153187099,62,ppo_seed47,ppo,PPO,47
77320,intercepted,1,0,0,0,15,10,5.0,5,15.0,7.5,7.571077823638916,0,2.1886287232240043,3.034615993499756,2.349392061237545,6,ppo_seed47,ppo,PPO,47
77321,intercepted,1,0,0,0,159,52,26.0,107,159.0,79.5,7.89155912399292,0,3.111081602120841,2.682149648666382,3.3411336309573487,108,ppo_seed47,ppo,PPO,47
77322,soldier_caught,0,1,0,0,187,14,7.0,173,,,0.6938791871070862,0,3.244819466410012,1.8208197355270386,3.4707766903490103,174,ppo_seed47,ppo,PPO,47
77323,intercepted,1,0,0,0,638,13,6.5,625,638.0,319.0,2.448849678039551,0,3.306781317812566,2.600151777267456,3.56263170865461,626,ppo_seed47,ppo,PPO,47
77324,soldier_caught,0,1,0,0,320,8,4.0,312,,,1.5932883024215698,0,3.222347720838583,2.0614423751831055,3.492318251367507,313,ppo_seed47,ppo,PPO,47
77325,intercepted,1,0,0,0,106,12,6.0,94,106.0,53.0,5.82916784286499,0,3.261707204266598,7.80695915222168,3.4920831644251384,95,ppo_seed47,ppo,PPO,47
77326,intercepted,1,0,0,0,143,11,5.5,132,143.0,71.5,2.200568914413452,0,3.0358127768998755,2.0035669803619385,3.2805195738544017,133,ppo_seed47,ppo,PPO,47
77327,intercepted,1,0,0,0,140,10,5.0,130,140.0,70.0,5.5681233406066895,0,3.094783819813765,1.8646799325942993,3.35393121831773,131,ppo_seed47,ppo,PPO,47
77328,intercepted,1,0,0,0,604,14,7.0,590,604.0,302.0,4.587139129638672,0,3.15757600834527,3.7514560222625732,3.4135396089953574,591,ppo_seed47,ppo,PPO,47
77329,intercepted,1,0,0,0,78,21,10.5,57,78.0,39.0,10.409113883972168,0,3.0768816692048104,3.5242395401000977,3.3141835974273715,58,ppo_seed47,ppo,PPO,47
77330,intercepted,1,0,0,0,510,13,6.5,497,510.0,255.0,2.4437873363494873,0,3.1361560432547066,4.898506164550781,3.404581797799668,498,ppo_seed47,ppo,PPO,47
77331,intercepted,1,0,0,0,112,14,7.0,98,112.0,56.0,8.105450630187988,0,3.032496679912914,2.652853488922119,3.262690724052505,99,ppo_seed47,ppo,PPO,47
77332,intercepted,1,0,0,0,393,9,4.5,384,393.0,196.5,9.732364654541016,0,3.243054560562233,1.3313205242156982,3.5541613694073573,385,ppo_seed47,ppo,PPO,47
77333,intercepted,1,0,0,0,14,10,5.0,4,14.0,7.0,7.211755275726318,0,4.260190320014954,6.690067768096924,4.608098799299598,5,ppo_seed47,ppo,PPO,47
77334,intercepted,1,0,0,0,21,14,7.0,7,21.0,10.5,11.823197364807129,0,3.6467146426439285,1.800349235534668,3.9863708569273517,8,ppo_seed47,ppo,PPO,47
77335,soldier_caught,0,1,0,0,51,48,24.0,3,,,1.3362399339675903,0,3.5633820295333862,3.661957263946533,3.5855789436252503,4,ppo_seed47,ppo,PPO,47
77336,intercepted,1,0,0,0,824,8,4.0,816,824.0,412.0,2.398601770401001,0,3.1319561095103494,1.3079692125320435,3.42543803575226,817,ppo_seed47,ppo,PPO,47
77337,intercepted,1,0,0,0,22,15,7.5,7,22.0,11.0,9.683160781860352,0,2.444046340882778,3.8719301223754883,2.737906465269746,8,ppo_seed47,ppo,PPO,47
77338,unsafe_intercept,0,0,1,0,11,8,4.0,3,,,2.1792407035827637,0,2.3826018273830414,3.066589832305908,2.542448152405243,4,ppo_seed47,ppo,PPO,47
77339,soldier_caught,0,1,0,0,160,14,7.0,146,,,0.9681898355484009,0,3.316501966341823,2.9901466369628906,3.614687743850682,147,ppo_seed47,ppo,PPO,47
77340,intercepted,1,0,0,0,73,10,5.0,63,73.0,36.5,8.691180229187012,0,3.163820137269795,4.042091369628906,3.474852374760313,64,ppo_seed47,ppo,PPO,47
77341,intercepted,1,0,0,0,367,12,6.0,355,367.0,183.5,5.250861167907715,0,3.1003997232974245,5.105051517486572,3.3595489323282512,356,ppo_seed47,ppo,PPO,47
77342,intercepted,1,0,0,0,552,31,15.5,521,552.0,276.0,3.497870445251465,0,3.184290697462714,3.980073928833008,3.4330444645188134,522,ppo_seed47,ppo,PPO,47
77343,intercepted,1,0,0,0,403,11,5.5,392,403.0,201.5,4.3465423583984375,0,3.211402357534598,1.9095083475112915,3.475436574330316,393,ppo_seed47,ppo,PPO,47
77344,intercepted,1,0,0,0,166,101,50.5,65,166.0,83.0,6.683872699737549,0,3.1780876842412082,4.163752555847168,3.4349708538695434,66,ppo_seed47,ppo,PPO,47
77345,intercepted,1,0,0,0,213,13,6.5,200,213.0,106.5,10.627447128295898,0,3.2202543847596465,2.016005277633667,3.509067018938319,201,ppo_seed47,ppo,PPO,47
77346,intercepted,1,0,0,0,358,15,7.5,343,358.0,179.0,2.0111477375030518,0,3.144393359592488,1.1291649341583252,3.4487932458900397,344,ppo_seed47,ppo,PPO,47
77347,intercepted,1,0,0,0,106,11,5.5,95,106.0,53.0,8.59436321258545,0,3.159033246959249,2.692263603210449,3.4552127284564818,96,ppo_seed47,ppo,PPO,47
77348,soldier_caught,0,1,0,0,559,13,6.5,546,,,1.0620609521865845,0,3.286457439281823,5.315090656280518,3.5505402910297255,547,ppo_seed47,ppo,PPO,47
77349,intercepted,1,0,0,0,136,8,4.0,128,136.0,68.0,4.453989505767822,0,3.113388939652332,3.5860555171966553,3.366878822937648,129,ppo_seed47,ppo,PPO,47
77350,intercepted,1,0,0,0,456,34,17.0,422,456.0,228.0,4.6172685623168945,0,3.2283377211990087,4.250985622406006,3.4773817448120217,423,ppo_seed47,ppo,PPO,47
77351,intercepted,1,0,0,0,108,8,4.0,100,108.0,54.0,7.80005407333374,0,3.2873968924626267,6.200453758239746,3.5337889085260596,101,ppo_seed47,ppo,PPO,47
77352,soldier_caught,0,1,0,0,16,13,6.5,3,,,1.9291599988937378,0,3.3321022987365723,4.119167804718018,3.5239880467259463,4,ppo_seed47,ppo,PPO,47
77353,intercepted,1,0,0,0,139,9,4.5,130,139.0,69.5,6.097057819366455,0,3.244423212440869,2.0043463706970215,3.449717341791162,131,ppo_seed47,ppo,PPO,47
77354,soldier_caught,0,1,0,0,14,12,6.0,2,,,1.4759310483932495,0,3.3030241330464682,4.0753254890441895,3.3563897732670642,3,ppo_seed47,ppo,PPO,47
77355,intercepted,1,0,0,0,1033,18,9.0,1015,1033.0,516.5,2.9671874046325684,0,3.178437466007166,3.735562562942505,3.4495916381994602,1016,ppo_seed47,ppo,PPO,47
77356,intercepted,1,0,0,0,30,9,4.5,21,30.0,15.0,6.782328128814697,0,3.1982231356880884,2.4728052616119385,3.4262190845540053,22,ppo_seed47,ppo,PPO,47
77357,soldier_caught,0,1,0,0,202,11,5.5,191,,,1.3109337091445923,0,3.0951808529595533,5.136040687561035,3.374172498032458,192,ppo_seed47,ppo,PPO,47
77358,intercepted,1,0,0,0,34,10,5.0,24,34.0,17.0,10.866321563720703,0,3.699347684383392,6.045073986053467,4.111773669234447,25,ppo_seed47,ppo,PPO,47
77359,soldier_caught,0,1,0,0,96,50,25.0,46,,,0.7951357960700989,0,3.5252065861478763,2.491985559463501,3.7950289145166227,47,ppo_seed47,ppo,PPO,47
77360,intercepted,1,0,0,0,134,13,6.5,121,134.0,67.0,6.675787925720215,0,3.0935574682032474,4.525649547576904,3.359633193602824,122,ppo_seed47,ppo,PPO,47
77361,soldier_caught,0,1,0,0,277,7,3.5,270,,,0.701920747756958,0,3.1427128090629717,3.6447224617004395,3.4068171260468008,271,ppo_seed47,ppo,PPO,47
77362,intercepted,1,0,0,0,52,8,4.0,44,52.0,26.0,2.7940077781677246,0,3.1687821361753676,1.8059598207473755,3.4264856495053904,45,ppo_seed47,ppo,PPO,47
77363,intercepted,1,0,0,0,73,13,6.5,60,73.0,36.5,9.552762985229492,0,3.2218077729959957,2.2560667991638184,3.4722947423361155,61,ppo_seed47,ppo,PPO,47
77364,soldier_caught,0,1,0,0,79,17,8.5,62,,,1.4693514108657837,0,3.3023461671102616,2.3394277095794678,3.5412657424600344,63,ppo_seed47,ppo,PPO,47
77365,intercepted,1,0,0,0,328,45,22.5,283,328.0,164.0,2.9006125926971436,0,3.161174020716842,2.431635618209839,3.418745880647834,284,ppo_seed47,ppo,PPO,47
77366,intercepted,1,0,0,0,32,9,4.5,23,32.0,16.0,7.6153693199157715,0,2.948875844478607,2.956589937210083,3.2160467387801197,24,ppo_seed47,ppo,PPO,47
77367,intercepted,1,0,0,0,43,9,4.5,34,43.0,21.5,12.687999725341797,0,3.051689222880772,2.7814509868621826,3.2048246448572826,35,ppo_seed47,ppo,PPO,47
77368,intercepted,1,0,0,0,18,14,7.0,4,18.0,9.0,9.982423782348633,0,2.6166897058486938,5.122905731201172,3.0186405827183473,5,ppo_seed47,ppo,PPO,47
77369,intercepted,1,0,0,0,10,8,4.0,2,10.0,5.0,3.8721070289611816,0,2.9050611654917398,2.4421873092651367,2.924862024765061,3,ppo_seed47,ppo,PPO,47
77370,soldier_caught,0,1,0,0,327,38,19.0,289,,,0.24031749367713928,0,3.1994529887520033,2.916891098022461,3.473453443781993,290,ppo_seed47,ppo,PPO,47
77371,intercepted,1,0,0,0,270,72,36.0,198,270.0,135.0,9.88850212097168,0,2.916603964327568,3.0797882080078125,3.1776506957299615,199,ppo_seed47,ppo,PPO,47
77372,intercepted,1,0,0,0,45,15,7.5,30,45.0,22.5,13.552796363830566,0,2.8845846633757315,5.880687713623047,3.098106655502481,31,ppo_seed47,ppo,PPO,47
77373,intercepted,1,0,0,0,120,19,9.5,101,120.0,60.0,11.566821098327637,0,3.3217674540538416,5.0275492668151855,3.606668439048526,102,ppo_seed47,ppo,PPO,47
77374,intercepted,1,0,0,0,87,11,5.5,76,87.0,43.5,5.7475738525390625,0,3.1092594745871307,3.4837450981140137,3.3778393940955285,77,ppo_seed47,ppo,PPO,47
77375,intercepted,1,0,0,0,166,13,6.5,153,166.0,83.0,2.892338991165161,0,2.9164470318075897,1.6624308824539185,3.1800024274812366,154,ppo_seed47,ppo,PPO,47
77376,intercepted,1,0,0,0,15,9,4.5,6,15.0,7.5,3.20605731010437,0,3.5070892061506,1.1199162006378174,3.8871894001149814,7,ppo_seed47,ppo,PPO,47
77377,intercepted,1,0,0,0,239,12,6.0,227,239.0,119.5,9.614723205566406,0,3.144175885670018,4.5447187423706055,3.425730412759689,228,ppo_seed47,ppo,PPO,47
77378,intercepted,1,0,0,0,13,8,4.0,5,13.0,6.5,4.673681259155273,0,3.3780288696289062,3.288445234298706,3.643331172275696,6,ppo_seed47,ppo,PPO,47
77379,intercepted,1,0,0,0,293,10,5.0,283,293.0,146.5,3.056305408477783,0,3.208149772084935,2.629183292388916,3.484255539448971,284,ppo_seed47,ppo,PPO,47
77380,intercepted,1,0,0,0,111,10,5.0,101,111.0,55.5,4.3720383644104,0,2.9354285942573175,1.907226324081421,3.186172908949838,102,ppo_seed47,ppo,PPO,47
77381,soldier_caught,0,1,0,0,30,8,4.0,22,,,0.8141641020774841,0,3.258544941311297,0.7161891460418701,3.483695899184042,23,ppo_seed47,ppo,PPO,47
77382,soldier_caught,0,1,0,0,221,10,5.0,211,,,1.8098065853118896,0,3.299292012908549,2.0171010494232178,3.59071893097085,212,ppo_seed47,ppo,PPO,47
77383,intercepted,1,0,0,0,49,11,5.5,38,49.0,24.5,2.5425174236297607,0,3.4526660564618235,4.305300235748291,3.6968328033351097,39,ppo_seed47,ppo,PPO,47
77384,intercepted,1,0,0,0,186,8,4.0,178,186.0,93.0,3.0289230346679688,0,3.008303055217146,2.5817649364471436,3.233252386666554,179,ppo_seed47,ppo,PPO,47
77385,intercepted,1,0,0,0,237,14,7.0,223,237.0,118.5,2.534310817718506,0,3.211740421696699,4.340468883514404,3.499955113035618,224,ppo_seed47,ppo,PPO,47
77386,soldier_caught,0,1,0,0,428,46,23.0,382,,,1.8890106678009033,0,3.338925508310527,2.023998737335205,3.6162451608533646,383,ppo_seed47,ppo,PPO,47
77387,intercepted,1,0,0,0,44,12,6.0,32,44.0,22.0,10.139456748962402,0,3.4529352657722705,4.181919097900391,3.661178281062581,33,ppo_seed47,ppo,PPO,47
77388,intercepted,1,0,0,0,95,7,3.5,88,95.0,47.5,6.074976921081543,0,3.365577038754238,4.773085594177246,3.6051887257124773,89,ppo_seed47,ppo,PPO,47
77389,intercepted,1,0,0,0,19,14,7.0,5,19.0,9.5,10.843823432922363,0,3.074219504992167,2.1103501319885254,3.237163404330862,6,ppo_seed47,ppo,PPO,47
77390,intercepted,1,0,0,0,17,13,6.5,4,17.0,8.5,5.428383827209473,0,3.1504490613937377,5.468725681304932,3.6554953649736297,5,ppo_seed47,ppo,PPO,47
77391,intercepted,1,0,0,0,157,35,17.5,122,157.0,78.5,8.382540702819824,0,3.1255743285504782,2.3136446475982666,3.413275239905008,123,ppo_seed47,ppo,PPO,47
77392,intercepted,1,0,0,0,123,38,19.0,85,123.0,61.5,11.09073543548584,0,2.941332564277704,1.3877315521240234,3.188989620156439,86,ppo_seed47,ppo,PPO,47
77393,intercepted,1,0,0,0,351,7,3.5,344,351.0,175.5,2.411430835723877,0,3.1149957769158956,1.9195266962051392,3.39962721438234,345,ppo_seed47,ppo,PPO,47
77394,intercepted,1,0,0,0,90,17,8.5,73,90.0,45.0,7.077566146850586,0,3.1030125561598183,1.7714143991470337,3.321999462900849,74,ppo_seed47,ppo,PPO,47
77395,intercepted,1,0,0,0,13,10,5.0,3,13.0,6.5,6.72495698928833,0,3.1668752431869507,2.797438383102417,3.179929159031932,4,ppo_seed47,ppo,PPO,47
77396,intercepted,1,0,0,0,10,8,4.0,2,10.0,5.0,5.290096759796143,0,2.7196946144104004,1.5608155727386475,2.9054314987474203,3,ppo_seed47,ppo,PPO,47
77397,soldier_caught,0,1,0,0,36,9,4.5,27,,,1.7088861465454102,0,3.547246109162058,5.324775695800781,3.8136131869913896,28,ppo_seed47,ppo,PPO,47
77398,soldier_caught,0,1,0,0,220,88,44.0,132,,,1.9518275260925293,0,3.2152318775205684,2.160846471786499,3.5374391314295623,133,ppo_seed47,ppo,PPO,47
77399,intercepted,1,0,0,0,68,11,5.5,57,68.0,34.0,10.279314994812012,0,3.1550815393184792,3.1238412857055664,3.3836961246827073,58,ppo_seed47,ppo,PPO,47
77400,intercepted,1,0,0,0,807,114,57.0,693,807.0,403.5,5.711252212524414,0,3.113145670646893,2.6684954166412354,3.380241820714607,694,ppo_seed47,ppo,PPO,47
77401,soldier_caught,0,1,0,0,143,12,6.0,131,,,1.791855812072754,0,3.204304385365862,1.8770965337753296,3.475948960663919,132,ppo_seed47,ppo,PPO,47
77402,intercepted,1,0,0,0,66,61,30.5,5,66.0,33.0,14.54800033569336,0,4.025634229183197,3.5092620849609375,4.655169751874456,6,ppo_seed47,ppo,PPO,47
77403,intercepted,1,0,0,0,120,72,36.0,48,120.0,60.0,10.287034034729004,0,3.0105676079282957,1.2175403833389282,3.3196420622698044,49,ppo_seed47,ppo,PPO,47
77404,intercepted,1,0,0,0,199,16,8.0,183,199.0,99.5,6.185189247131348,0,3.307245749494304,4.952687740325928,3.5569169271495946,184,ppo_seed47,ppo,PPO,47
77405,soldier_caught,0,1,0,0,41,13,6.5,28,,,1.3473459482192993,0,3.078584959794735,2.3989317417144775,3.4569842343754207,29,ppo_seed47,ppo,PPO,47
77406,intercepted,1,0,0,0,47,8,4.0,39,47.0,23.5,10.298502922058105,0,3.1521735697984696,4.9345173835754395,3.3385687483553745,40,ppo_seed47,ppo,PPO,47
77407,soldier_caught,0,1,0,0,339,12,6.0,327,,,1.1117671728134155,0,3.2312462621527476,0.6405988335609436,3.5413022271350334,328,ppo_seed47,ppo,PPO,47
77408,intercepted,1,0,0,0,113,32,16.0,81,113.0,56.5,10.295169830322266,0,2.886000094072121,3.6346628665924072,3.157769874470846,82,ppo_seed47,ppo,PPO,47
77409,intercepted,1,0,0,0,193,10,5.0,183,193.0,96.5,4.115593910217285,0,3.1529220015458437,4.070230007171631,3.437525148641391,184,ppo_seed47,ppo,PPO,47
77410,intercepted,1,0,0,0,69,7,3.5,62,69.0,34.5,7.351071834564209,0,3.183088967724452,3.559652328491211,3.4536425768693055,63,ppo_seed47,ppo,PPO,47
77411,intercepted,1,0,0,0,43,16,8.0,27,43.0,21.5,3.238949775695801,0,3.150982473577772,2.0764803886413574,3.446288841702402,28,ppo_seed47,ppo,PPO,47
77412,intercepted,1,0,0,0,160,9,4.5,151,160.0,80.0,3.64365816116333,0,3.1736411060157574,2.982860803604126,3.4214630304223315,152,ppo_seed47,ppo,PPO,47
77413,intercepted,1,0,0,0,97,36,18.0,61,97.0,48.5,11.053558349609375,0,3.267307992904417,3.3672125339508057,3.528556479005037,62,ppo_seed47,ppo,PPO,47
77414,intercepted,1,0,0,0,486,16,8.0,470,486.0,243.0,2.475569248199463,0,3.2901346685400434,2.8628134727478027,3.5690768387516436,471,ppo_seed47,ppo,PPO,47
77415,soldier_caught,0,1,0,0,141,9,4.5,132,,,1.995054006576538,0,3.211486434129844,2.3854002952575684,3.434473076573317,133,ppo_seed47,ppo,PPO,47
77416,intercepted,1,0,0,0,106,11,5.5,95,106.0,53.0,8.433697700500488,0,3.188783303524057,3.2265307903289795,3.4744915077985974,96,ppo_seed47,ppo,PPO,47
77417,intercepted,1,0,0,0,65,11,5.5,54,65.0,32.5,11.614019393920898,0,3.4099554278633812,2.083246946334839,3.802602362649071,55,ppo_seed47,ppo,PPO,47
77418,intercepted,1,0,0,0,316,9,4.5,307,316.0,158.0,5.7488322257995605,0,3.130622661249204,4.1296586990356445,3.417835345025647,308,ppo_seed47,ppo,PPO,47
77419,soldier_caught,0,1,0,0,13,10,5.0,3,,,0.8814530372619629,0,2.755108565092087,4.038722991943359,2.9065097090604066,4,ppo_seed47,ppo,PPO,47
77420,intercepted,1,0,0,0,843,48,24.0,795,843.0,421.5,2.26391863822937,0,3.1945656509555165,3.5528512001037598,3.4671542630852907,796,ppo_seed47,ppo,PPO,47
77421,intercepted,1,0,0,0,701,10,5.0,691,701.0,350.5,2.594858169555664,0,3.2098273533272605,4.483048439025879,3.490621840975119,692,ppo_seed47,ppo,PPO,47
77422,intercepted,1,0,0,0,130,18,9.0,112,130.0,65.0,5.135519504547119,0,3.369476630624417,3.2005562782287598,3.679175775352245,113,ppo_seed47,ppo,PPO,47
77423,intercepted,1,0,0,0,89,8,4.0,81,89.0,44.5,2.3862829208374023,0,3.098610893255327,4.878238201141357,3.3865718666868028,82,ppo_seed47,ppo,PPO,47
77424,soldier_caught,0,1,0,0,123,19,9.5,104,,,1.7302136421203613,0,3.2397610301063176,4.3774943351745605,3.4960310747026013,105,ppo_seed47,ppo,PPO,47
77425,soldier_caught,0,1,0,0,537,8,4.0,529,,,1.4961003065109253,0,3.294690841998694,2.9493088722229004,3.6056102922598865,530,ppo_seed47,ppo,PPO,47
77426,intercepted,1,0,0,0,83,9,4.5,74,83.0,41.5,2.0789473056793213,0,3.339390111764272,1.5844173431396484,3.6552093436428947,75,ppo_seed47,ppo,PPO,47
77427,soldier_caught,0,1,0,0,206,11,5.5,195,,,1.8151241540908813,0,3.1742218051637923,3.105201005935669,3.430366414024818,196,ppo_seed47,ppo,PPO,47
77428,intercepted,1,0,0,0,35,10,5.0,25,35.0,17.5,3.603363275527954,0,2.934499685580914,2.5328831672668457,3.0600158545938205,26,ppo_seed47,ppo,PPO,47
77429,intercepted,1,0,0,0,15,11,5.5,4,15.0,7.5,7.064715385437012,0,4.284604501724243,4.576390266418457,4.419415782148235,5,ppo_seed47,ppo,PPO,47
77430,intercepted,1,0,0,0,106,17,8.5,89,106.0,53.0,2.5917296409606934,0,3.396500806013743,3.7357349395751953,3.679620773704245,90,ppo_seed47,ppo,PPO,47
77431,intercepted,1,0,0,0,535,57,28.5,478,535.0,267.5,3.708983898162842,0,3.1600374226654746,4.705265998840332,3.417350452776252,479,ppo_seed47,ppo,PPO,47
77432,intercepted,1,0,0,0,272,10,5.0,262,272.0,136.0,2.2048680782318115,0,3.2296111329880053,4.706379413604736,3.528014591059554,263,ppo_seed47,ppo,PPO,47
77433,soldier_caught,0,1,0,0,264,9,4.5,255,,,1.930959701538086,0,3.333589498884976,5.760398864746094,3.5651025357415356,256,ppo_seed47,ppo,PPO,47
77434,soldier_caught,0,1,0,0,14,11,5.5,3,,,1.999809980392456,0,2.0478122532367706,1.0784941911697388,2.1335012484478577,4,ppo_seed47,ppo,PPO,47
77435,intercepted,1,0,0,0,96,9,4.5,87,96.0,48.0,10.563701629638672,0,3.5266891094771298,4.744375705718994,3.7499994230774734,88,ppo_seed47,ppo,PPO,47
77436,intercepted,1,0,0,0,17,13,6.5,4,17.0,8.5,4.954945087432861,0,2.7797743558883665,3.0525271892547607,2.854968678194082,5,ppo_seed47,ppo,PPO,47
77437,soldier_caught,0,1,0,0,248,12,6.0,236,,,1.7982279062271118,0,3.122402225114122,1.311095118522644,3.356848376135461,237,ppo_seed47,ppo,PPO,47
77438,intercepted,1,0,0,0,15,10,5.0,5,15.0,7.5,8.167242050170898,0,2.7192496260007224,3.601140260696411,2.9472074328792996,6,ppo_seed47,ppo,PPO,47
77439,intercepted,1,0,0,0,33,10,5.0,23,33.0,16.5,10.281580924987793,0,3.6631212333838143,3.5293169021606445,3.8841719747959926,24,ppo_seed47,ppo,PPO,47
77440,intercepted,1,0,0,0,177,9,4.5,168,177.0,88.5,8.13798999786377,0,3.435281633978059,3.8955817222595215,3.675422317426392,169,ppo_seed47,ppo,PPO,47
77441,intercepted,1,0,0,0,84,78,39.0,6,84.0,42.0,12.855521202087402,0,2.18666535615921,2.81400990486145,2.3106908832005275,7,ppo_seed47,ppo,PPO,47
77442,intercepted,1,0,0,0,321,14,7.0,307,321.0,160.5,2.0310027599334717,0,3.238698254448253,5.842530250549316,3.5081512374617616,308,ppo_seed47,ppo,PPO,47
77443,soldier_caught,0,1,0,0,216,29,14.5,187,,,1.163175344467163,0,3.2098217042202646,4.339263916015625,3.448173715408586,188,ppo_seed47,ppo,PPO,47
77444,intercepted,1,0,0,0,10,8,4.0,2,10.0,5.0,4.088681697845459,0,3.1387057304382324,4.058701038360596,3.2479289383683834,3,ppo_seed47,ppo,PPO,47
77445,intercepted,1,0,0,0,401,25,12.5,376,401.0,200.5,2.769631862640381,0,3.3275130482029853,4.663628101348877,3.615639700792143,377,ppo_seed47,ppo,PPO,47
77446,intercepted,1,0,0,0,112,13,6.5,99,112.0,56.0,2.5474724769592285,0,3.3019375506043436,1.3145475387573242,3.578340165720234,100,ppo_seed47,ppo,PPO,47
77447,intercepted,1,0,0,0,25,18,9.0,7,25.0,12.5,14.199140548706055,0,3.0135715007781982,1.8855929374694824,3.2425557350700953,8,ppo_seed47,ppo,PPO,47
77448,intercepted,1,0,0,0,18,9,4.5,9,18.0,9.0,12.60278606414795,0,3.081196975708008,4.602568626403809,3.340115774352462,10,ppo_seed47,ppo,PPO,47
77449,intercepted,1,0,0,0,153,10,5.0,143,153.0,76.5,7.139904022216797,0,3.092810866319471,1.4158658981323242,3.3401212283196537,144,ppo_seed47,ppo,PPO,47
77450,intercepted,1,0,0,0,77,13,6.5,64,77.0,38.5,5.084406852722168,0,3.410413288611632,3.9569029808044434,3.756891193361548,65,ppo_seed47,ppo,PPO,47
77451,intercepted,1,0,0,0,292,70,35.0,222,292.0,146.0,8.021553039550781,0,3.2258455499405283,3.917562246322632,3.4691369028573047,223,ppo_seed47,ppo,PPO,47
77452,intercepted,1,0,0,0,342,11,5.5,331,342.0,171.0,2.7145323753356934,0,3.2250577689832953,3.226407051086426,3.489614393187258,332,ppo_seed47,ppo,PPO,47
77453,intercepted,1,0,0,0,446,12,6.0,434,446.0,223.0,2.327615261077881,0,3.177823184002405,2.6736981868743896,3.4575095165530985,435,ppo_seed47,ppo,PPO,47
77454,intercepted,1,0,0,0,292,12,6.0,280,292.0,146.0,2.145728588104248,0,3.3157991597236687,3.6036980152130127,3.5977303723510183,281,ppo_seed47,ppo,PPO,47
77455,intercepted,1,0,0,0,511,8,4.0,503,511.0,255.5,4.890225887298584,0,3.1869920994790775,3.6139678955078125,3.4604636218747094,504,ppo_seed47,ppo,PPO,47
77456,intercepted,1,0,0,0,18,13,6.5,5,18.0,9.0,13.164447784423828,0,2.4595541656017303,4.009330749511719,2.6858967208124938,6,ppo_seed47,ppo,PPO,47
77457,intercepted,1,0,0,0,144,19,9.5,125,144.0,72.0,3.5993175506591797,0,3.01713202633555,4.255423069000244,3.295167417156255,126,ppo_seed47,ppo,PPO,47
77458,intercepted,1,0,0,0,13,10,5.0,3,13.0,6.5,8.056204795837402,0,2.3406116664409637,4.0269012451171875,2.5439488851302787,4,ppo_seed47,ppo,PPO,47
77459,intercepted,1,0,0,0,15,11,5.5,4,15.0,7.5,6.523781776428223,0,2.39437518119812,1.977271318435669,2.438278888533197,5,ppo_seed47,ppo,PPO,47
77460,intercepted,1,0,0,0,22,14,7.0,8,22.0,11.0,12.231192588806152,0,3.194376971986559,4.4997687339782715,3.357845134716004,9,ppo_seed47,ppo,PPO,47
77461,intercepted,1,0,0,0,432,12,6.0,420,432.0,216.0,2.827768325805664,0,3.2012783599721,1.4386159181594849,3.465468166119596,421,ppo_seed47,ppo,PPO,47
77462,soldier_caught,0,1,0,0,147,33,16.5,114,,,0.8367197513580322,0,3.3564327913781873,1.3954588174819946,3.6521618062248447,115,ppo_seed47,ppo,PPO,47
77463,intercepted,1,0,0,0,15,13,6.5,2,15.0,7.5,4.314133644104004,0,3.096703052520752,2.9971463680267334,3.101706723194684,3,ppo_seed47,ppo,PPO,47
77464,intercepted,1,0,0,0,406,13,6.5,393,406.0,203.0,4.668135643005371,0,3.2743694362830995,5.692251682281494,3.5284006209508583,394,ppo_seed47,ppo,PPO,47
77465,intercepted,1,0,0,0,34,26,13.0,8,34.0,17.0,13.6709566116333,0,3.038206352127923,3.0392839908599854,3.3083215185007755,9,ppo_seed47,ppo,PPO,47
77466,intercepted,1,0,0,0,350,47,23.5,303,350.0,175.0,10.463356018066406,0,3.0451741371499863,2.811694622039795,3.281970648000149,304,ppo_seed47,ppo,PPO,47
77467,intercepted,1,0,0,0,15,12,6.0,3,15.0,7.5,2.7283637523651123,0,3.4804691076278687,4.869190692901611,3.5887585113998384,4,ppo_seed47,ppo,PPO,47
77468,intercepted,1,0,0,0,161,11,5.5,150,161.0,80.5,9.675612449645996,0,3.293012854772688,4.576385021209717,3.5830841555862554,151,ppo_seed47,ppo,PPO,47
77469,intercepted,1,0,0,0,138,12,6.0,126,138.0,69.0,4.588286876678467,0,3.123735169256766,2.2450623512268066,3.417358371829597,127,ppo_seed47,ppo,PPO,47
77470,intercepted,1,0,0,0,327,21,10.5,306,327.0,163.5,3.510869264602661,0,3.32028559461867,5.461225986480713,3.5779438532731924,307,ppo_seed47,ppo,PPO,47
77471,intercepted,1,0,0,0,17,15,7.5,2,17.0,8.5,4.540805816650391,0,3.628837744394938,3.3886806964874268,3.836096526633016,3,ppo_seed47,ppo,PPO,47
77472,intercepted,1,0,0,0,278,14,7.0,264,278.0,139.0,2.6205079555511475,0,3.064430196667617,2.6746387481689453,3.316291272448297,265,ppo_seed47,ppo,PPO,47
77473,soldier_caught,0,1,0,0,64,12,6.0,52,,,1.5392169952392578,0,3.2985212398025223,4.655553340911865,3.4910709762031673,53,ppo_seed47,ppo,PPO,47
77474,intercepted,1,0,0,0,304,19,9.5,285,304.0,152.0,4.623486518859863,0,2.9992731430313806,5.744562149047852,3.2627238043450393,286,ppo_seed47,ppo,PPO,47
77475,intercepted,1,0,0,0,825,9,4.5,816,825.0,412.5,3.1576013565063477,0,3.2123840942231063,2.030471086502075,3.465539840699604,817,ppo_seed47,ppo,PPO,47
77476,soldier_caught,0,1,0,0,49,14,7.0,35,,,1.4973974227905273,0,3.18153844277064,3.846315860748291,3.4385499599725353,36,ppo_seed47,ppo,PPO,47
77477,intercepted,1,0,0,0,18,13,6.5,5,18.0,9.0,6.371546268463135,0,3.0774161418279014,3.937631607055664,3.37083957453983,6,ppo_seed47,ppo,PPO,47
77478,intercepted,1,0,0,0,137,8,4.0,129,137.0,68.5,8.271905899047852,0,3.2564511890594776,4.960710048675537,3.5850588432553923,130,ppo_seed47,ppo,PPO,47
77479,intercepted,1,0,0,0,58,9,4.5,49,58.0,29.0,4.80982780456543,0,3.32082555770874,1.480993390083313,3.5742686051684394,50,ppo_seed47,ppo,PPO,47
77480,intercepted,1,0,0,0,367,98,49.0,269,367.0,183.5,2.2648677825927734,0,3.25383329016191,4.108676433563232,3.5207690580054933,270,ppo_seed47,ppo,PPO,47
77481,intercepted,1,0,0,0,488,83,41.5,405,488.0,244.0,2.1681435108184814,0,3.255425389984558,2.5297107696533203,3.5707623535259616,406,ppo_seed47,ppo,PPO,47
77482,unsafe_intercept,0,0,1,0,14,12,6.0,2,,,2.874213457107544,0,3.398317575454712,4.600658416748047,3.5158041494796684,3,ppo_seed47,ppo,PPO,47
77483,intercepted,1,0,0,0,35,31,15.5,4,35.0,17.5,8.589964866638184,0,3.133525323867798,1.628161907196045,3.316951555263222,5,ppo_seed47,ppo,PPO,47
77484,intercepted,1,0,0,0,40,13,6.5,27,40.0,20.0,5.046688556671143,0,3.008495941758156,3.075458526611328,3.211500765973929,28,ppo_seed47,ppo,PPO,47
77485,soldier_caught,0,1,0,0,222,71,35.5,151,,,0.818087100982666,0,3.1611306377147375,2.44918155670166,3.448194660201143,152,ppo_seed47,ppo,PPO,47
77486,intercepted,1,0,0,0,68,14,7.0,54,68.0,34.0,8.748652458190918,0,3.4377970587123525,2.699061632156372,3.704969890054656,55,ppo_seed47,ppo,PPO,47
77487,intercepted,1,0,0,0,294,48,24.0,246,294.0,147.0,2.4516801834106445,0,3.0751081360013863,1.7236273288726807,3.3877299624826422,247,ppo_seed47,ppo,PPO,47
77488,intercepted,1,0,0,0,112,7,3.5,105,112.0,56.0,2.366267681121826,0,3.4447639269648858,3.852252721786499,3.734514250726149,106,ppo_seed47,ppo,PPO,47
77489,intercepted,1,0,0,0,127,12,6.0,115,127.0,63.5,5.315389633178711,0,3.2712809384383004,1.8850610256195068,3.573781239813727,116,ppo_seed47,ppo,PPO,47
77490,intercepted,1,0,0,0,86,59,29.5,27,86.0,43.0,12.286355972290039,0,3.1695499760763988,4.605621337890625,3.3837815865474883,28,ppo_seed47,ppo,PPO,47
77491,intercepted,1,0,0,0,100,10,5.0,90,100.0,50.0,6.151012897491455,0,3.162938824066749,1.999071478843689,3.394705772531394,91,ppo_seed47,ppo,PPO,47
77492,intercepted,1,0,0,0,53,12,6.0,41,53.0,26.5,10.554590225219727,0,3.214579227424803,3.849635601043701,3.4015706526842915,42,ppo_seed47,ppo,PPO,47
77493,intercepted,1,0,0,0,158,10,5.0,148,158.0,79.0,2.906127452850342,0,3.0522611117202962,2.926072359085083,3.297741013337926,149,ppo_seed47,ppo,PPO,47
77494,intercepted,1,0,0,0,421,10,5.0,411,421.0,210.5,2.2364299297332764,0,3.299221777872553,1.5799413919448853,3.5762935353988343,412,ppo_seed47,ppo,PPO,47
77495,soldier_caught,0,1,0,0,159,20,10.0,139,,,1.7107497453689575,0,3.3582133144140243,4.1382646560668945,3.659174390570607,140,ppo_seed47,ppo,PPO,47
77496,intercepted,1,0,0,0,94,62,31.0,32,94.0,47.0,3.6192333698272705,0,3.1563151894193706,2.5982861518859863,3.4027006944848375,33,ppo_seed47,ppo,PPO,47
77497,intercepted,1,0,0,0,19,9,4.5,10,19.0,9.5,11.739547729492188,0,3.972617441957647,1.4266737699508667,4.222441672131411,11,ppo_seed47,ppo,PPO,47
77498,intercepted,1,0,0,0,434,52,26.0,382,434.0,217.0,4.822970390319824,0,3.2647633280206287,3.3242950439453125,3.5309509846000986,383,ppo_seed47,ppo,PPO,47
77499,intercepted,1,0,0,0,835,10,5.0,825,835.0,417.5,2.9732162952423096,0,3.2768869198335575,3.0885262489318848,3.569199091895327,826,ppo_seed47,ppo,PPO,47
77500,soldier_caught,0,1,0,0,81,13,6.5,68,,,1.9278162717819214,0,3.261683526246444,2.9571402072906494,3.465891527883597,69,ppo_seed47,ppo,PPO,47
77501,intercepted,1,0,0,0,20,14,7.0,6,20.0,10.0,10.359519004821777,0,2.8004121439797536,3.1082217693328857,2.9494166173712957,7,ppo_seed47,ppo,PPO,47
77502,intercepted,1,0,0,0,178,9,4.5,169,178.0,89.0,2.419532299041748,0,3.1478038258412306,2.729315757751465,3.401836423144977,170,ppo_seed47,ppo,PPO,47
77503,intercepted,1,0,0,0,216,10,5.0,206,216.0,108.0,3.146925687789917,0,3.2128641303034797,1.570785403251648,3.5141711667322193,207,ppo_seed47,ppo,PPO,47
77504,intercepted,1,0,0,0,44,38,19.0,6,44.0,22.0,14.344407081604004,0,2.866879548345293,4.083389759063721,3.075258867907861,7,ppo_seed47,ppo,PPO,47
77505,soldier_caught,0,1,0,0,62,12,6.0,50,,,1.9242268800735474,0,2.9438723816591152,3.826780319213867,3.26078049344425,51,ppo_seed47,ppo,PPO,47
77506,intercepted,1,0,0,0,20,9,4.5,11,20.0,10.0,3.28436279296875,0,2.5962678690751395,3.757293462753296,2.7867299127406118,12,ppo_seed47,ppo,PPO,47
77507,intercepted,1,0,0,0,115,9,4.5,106,115.0,57.5,4.799283027648926,0,3.3862842271261124,3.2034590244293213,3.623007190779331,107,ppo_seed47,ppo,PPO,47
77508,intercepted,1,0,0,0,124,9,4.5,115,124.0,62.0,2.0279242992401123,0,3.1560216474122016,5.129345417022705,3.4235170284057124,116,ppo_seed47,ppo,PPO,47
77509,soldier_caught,0,1,0,0,34,8,4.0,26,,,1.0130679607391357,0,3.732589833162449,4.704518795013428,4.027878791622345,27,ppo_seed47,ppo,PPO,47
77510,intercepted,1,0,0,0,150,18,9.0,132,150.0,75.0,12.370930671691895,0,2.9645603776426244,6.256906986236572,3.2690898963592425,133,ppo_seed47,ppo,PPO,47
77511,intercepted,1,0,0,0,31,12,6.0,19,31.0,15.5,11.118112564086914,0,3.089483839273453,3.7721903324127197,3.2992871783732367,20,ppo_seed47,ppo,PPO,47
77512,intercepted,1,0,0,0,14,11,5.5,3,14.0,7.0,6.467012405395508,0,3.202188193798065,6.29019832611084,3.7538359521411926,4,ppo_seed47,ppo,PPO,47
77513,intercepted,1,0,0,0,272,17,8.5,255,272.0,136.0,2.3292298316955566,0,3.21549172711093,0.9760969281196594,3.5077290617024595,256,ppo_seed47,ppo,PPO,47
77514,intercepted,1,0,0,0,859,9,4.5,850,859.0,429.5,2.7719075679779053,0,3.1852828971297424,1.9570965766906738,3.442416524717876,851,ppo_seed47,ppo,PPO,47
77515,intercepted,1,0,0,0,293,13,6.5,280,293.0,146.5,3.2163920402526855,0,3.2094524882442164,4.461674213409424,3.4643974782021254,281,ppo_seed47,ppo,PPO,47
77516,intercepted,1,0,0,0,172,12,6.0,160,172.0,86.0,12.963397979736328,0,3.183261125354293,2.525615692138672,3.458970893367124,161,ppo_seed47,ppo,PPO,47
77517,soldier_caught,0,1,0,0,585,9,4.5,576,,,1.7361565828323364,0,3.2613873561292217,1.7590137720108032,3.544020572222106,577,ppo_seed47,ppo,PPO,47
77518,intercepted,1,0,0,0,82,12,6.0,70,82.0,41.0,11.59998893737793,0,3.1190686427371603,1.608372688293457,3.339097702044445,71,ppo_seed47,ppo,PPO,47
77519,intercepted,1,0,0,0,238,8,4.0,230,238.0,119.0,2.5539791584014893,0,3.197866426659869,2.104079484939575,3.4322397804515155,231,ppo_seed47,ppo,PPO,47
77520,soldier_caught,0,1,0,0,12,10,5.0,2,,,1.58457350730896,0,3.4489927093187966,4.749466896057129,3.912731052834213,3,ppo_seed47,ppo,PPO,47
77521,intercepted,1,0,0,0,98,11,5.5,87,98.0,49.0,2.512056827545166,0,3.0911752432584763,3.970968008041382,3.358562154798532,88,ppo_seed47,ppo,PPO,47
77522,intercepted,1,0,0,0,271,9,4.5,262,271.0,135.5,11.707096099853516,0,3.22183370624205,3.0223793983459473,3.509089181396148,263,ppo_seed47,ppo,PPO,47
77523,intercepted,1,0,0,0,119,7,3.5,112,119.0,59.5,4.233847618103027,0,2.9978081006391912,7.317423343658447,3.2704544212468147,113,ppo_seed47,ppo,PPO,47
77524,intercepted,1,0,0,0,175,15,7.5,160,175.0,87.5,8.081633567810059,0,3.152322791007735,2.1215224266052246,3.4384581706310873,161,ppo_seed47,ppo,PPO,47
77525,intercepted,1,0,0,0,91,12,6.0,79,91.0,45.5,5.8004961013793945,0,3.181796358525753,3.7804479598999023,3.4388764687214084,80,ppo_seed47,ppo,PPO,47
77526,intercepted,1,0,0,0,245,12,6.0,233,245.0,122.5,2.254859447479248,0,3.116607757205637,1.2886981964111328,3.3948607678840568,234,ppo_seed47,ppo,PPO,47
77527,intercepted,1,0,0,0,547,9,4.5,538,547.0,273.5,2.8887617588043213,0,3.1950700599873,3.322570562362671,3.4695575643771903,539,ppo_seed47,ppo,PPO,47
77528,intercepted,1,0,0,0,253,9,4.5,244,253.0,126.5,2.102889060974121,0,3.21764137598933,1.0180768966674805,3.5096073142032806,245,ppo_seed47,ppo,PPO,47
77529,intercepted,1,0,0,0,68,14,7.0,54,68.0,34.0,8.274693489074707,0,3.228360349481756,3.360548973083496,3.4517604328501528,55,ppo_seed47,ppo,PPO,47
77530,intercepted,1,0,0,0,22,13,6.5,9,22.0,11.0,7.254272937774658,0,3.3217241883277895,2.10210919380188,3.6042565592726206,10,ppo_seed47,ppo,PPO,47
77531,intercepted,1,0,0,0,118,13,6.5,105,118.0,59.0,5.348428726196289,0,3.1226003451167412,2.476496696472168,3.3722675416543586,106,ppo_seed47,ppo,PPO,47
77532,intercepted,1,0,0,0,81,14,7.0,67,81.0,40.5,9.673430442810059,0,3.2040905005791607,4.7615461349487305,3.383277843967034,68,ppo_seed47,ppo,PPO,47
77533,intercepted,1,0,0,0,399,8,4.0,391,399.0,199.5,2.0767288208007812,0,3.288143856108797,3.813272714614868,3.582597491632699,392,ppo_seed47,ppo,PPO,47
77534,intercepted,1,0,0,0,13,8,4.0,5,13.0,6.5,11.819321632385254,0,3.2112108767032623,2.9279890060424805,3.47876328758314,6,ppo_seed47,ppo,PPO,47
77535,intercepted,1,0,0,0,176,25,12.5,151,176.0,88.0,10.290450096130371,0,3.235919913571132,1.9677220582962036,3.593914253763805,152,ppo_seed47,ppo,PPO,47
77536,intercepted,1,0,0,0,234,9,4.5,225,234.0,117.0,2.653939962387085,0,3.2109318040641006,3.050232410430908,3.467110351318716,226,ppo_seed47,ppo,PPO,47
77537,soldier_caught,0,1,0,0,42,15,7.5,27,,,1.3792237043380737,0,3.155745906489236,3.0128941535949707,3.3207050849271784,28,ppo_seed47,ppo,PPO,47
77538,soldier_caught,0,1,0,0,774,9,4.5,765,,,1.8026024103164673,0,3.2176455173728984,4.374837875366211,3.481955780971463,766,ppo_seed47,ppo,PPO,47
77539,soldier_caught,0,1,0,0,15,12,6.0,3,,,1.8121017217636108,0,2.683571934700012,3.516674041748047,2.7990091068655865,4,ppo_seed47,ppo,PPO,47
77540,intercepted,1,0,0,0,161,11,5.5,150,161.0,80.5,2.7231576442718506,0,3.180419141685726,3.7445807456970215,3.409749992714614,151,ppo_seed47,ppo,PPO,47
77541,intercepted,1,0,0,0,733,15,7.5,718,733.0,366.5,4.862114906311035,0,3.2569802005118555,3.810737133026123,3.5483184384271156,719,ppo_seed47,ppo,PPO,47
77542,soldier_caught,0,1,0,0,161,11,5.5,150,,,1.9214385747909546,0,3.287930734504927,6.249581336975098,3.573852051250255,151,ppo_seed47,ppo,PPO,47
77543,soldier_caught,0,1,0,0,209,12,6.0,197,,,1.9096875190734863,0,3.21500468690588,2.951662540435791,3.4848782893136687,198,ppo_seed47,ppo,PPO,47
77544,intercepted,1,0,0,0,97,67,33.5,30,97.0,48.5,14.064702987670898,0,3.393865306531229,1.71242094039917,3.6629493084782747,31,ppo_seed47,ppo,PPO,47
77545,intercepted,1,0,0,0,1385,31,15.5,1354,1385.0,692.5,2.838357448577881,0,3.264792582293718,2.7142162322998047,3.53883469994042,1355,ppo_seed47,ppo,PPO,47
77546,intercepted,1,0,0,0,83,10,5.0,73,83.0,41.5,10.451995849609375,0,3.251283515144039,4.57519006729126,3.5397864111726447,74,ppo_seed47,ppo,PPO,47
77547,intercepted,1,0,0,0,40,9,4.5,31,40.0,20.0,12.470144271850586,0,3.5560161974281073,3.3939647674560547,3.842457477079202,32,ppo_seed47,ppo,PPO,47
77548,soldier_caught,0,1,0,0,127,28,14.0,99,,,1.474861979484558,0,3.3344353637099267,1.7498401403427124,3.613174748207473,100,ppo_seed47,ppo,PPO,47
77549,intercepted,1,0,0,0,1028,20,10.0,1008,1028.0,514.0,3.172401189804077,0,3.1983756653381175,2.760468006134033,3.4649454676057947,1009,ppo_seed47,ppo,PPO,47
77550,soldier_caught,0,1,0,0,496,9,4.5,487,,,1.9181418418884277,0,3.2745940055026383,0.843584418296814,3.568019774561241,488,ppo_seed47,ppo,PPO,47
77551,intercepted,1,0,0,0,16,10,5.0,6,16.0,8.0,13.562716484069824,0,3.6915904794420515,5.3568315505981445,3.826279289791063,7,ppo_seed47,ppo,PPO,47
77552,intercepted,1,0,0,0,283,9,4.5,274,283.0,141.5,2.899811267852783,0,3.2173394817655736,4.759456157684326,3.458949540770867,275,ppo_seed47,ppo,PPO,47
77553,intercepted,1,0,0,0,664,7,3.5,657,664.0,332.0,3.372807502746582,0,3.198849352206865,3.859156370162964,3.466825293546694,658,ppo_seed47,ppo,PPO,47
77554,soldier_caught,0,1,0,0,105,14,7.0,91,,,1.4337137937545776,0,3.294986544743828,3.208953857421875,3.5323189337691496,92,ppo_seed47,ppo,PPO,47
77555,intercepted,1,0,0,0,143,11,5.5,132,143.0,71.5,2.922027111053467,0,3.3975677010708285,2.056983709335327,3.6489898908096383,133,ppo_seed47,ppo,PPO,47
77556,intercepted,1,0,0,0,81,19,9.5,62,81.0,40.5,8.199824333190918,0,3.1043655333064852,3.5935750007629395,3.4452096199849427,63,ppo_seed47,ppo,PPO,47
77557,intercepted,1,0,0,0,407,8,4.0,399,407.0,203.5,2.477461814880371,0,3.117077120617032,2.9264581203460693,3.3722438519213984,400,ppo_seed47,ppo,PPO,47
77558,soldier_caught,0,1,0,0,44,13,6.5,31,,,1.0416027307510376,0,3.274818904697895,4.828327178955078,3.5123092441736135,32,ppo_seed47,ppo,PPO,47
77559,intercepted,1,0,0,0,290,10,5.0,280,290.0,145.0,2.0000641345977783,0,3.278271938558151,3.59015154838562,3.5668128846854694,281,ppo_seed47,ppo,PPO,47
77560,intercepted,1,0,0,0,43,34,17.0,9,43.0,21.5,14.011651039123535,0,3.521968412399292,3.043118715286255,3.808228381262037,10,ppo_seed47,ppo,PPO,47
77561,intercepted,1,0,0,0,71,9,4.5,62,71.0,35.5,13.730842590332031,0,3.0101427010127475,2.9094111919403076,3.2192808659587846,63,ppo_seed47,ppo,PPO,47
77562,intercepted,1,0,0,0,245,20,10.0,225,245.0,122.5,4.341454029083252,0,3.2378334057542073,2.5451366901397705,3.5463738352150225,226,ppo_seed47,ppo,PPO,47
77563,intercepted,1,0,0,0,341,12,6.0,329,341.0,170.5,2.987208366394043,0,3.1862538673660974,5.199617862701416,3.4769163242429775,330,ppo_seed47,ppo,PPO,47
77564,intercepted,1,0,0,0,294,32,16.0,262,294.0,147.0,8.761824607849121,0,3.199661605031771,4.482605934143066,3.469580663702788,263,ppo_seed47,ppo,PPO,47
77565,intercepted,1,0,0,0,57,10,5.0,47,57.0,28.5,11.054893493652344,0,3.6709957644343376,4.704329967498779,3.9271845251289887,48,ppo_seed47,ppo,PPO,47
77566,soldier_caught,0,1,0,0,17,15,7.5,2,,,1.3593103885650635,0,3.110260764757792,1.4028843641281128,3.381614715243502,3,ppo_seed47,ppo,PPO,47
77567,intercepted,1,0,0,0,19,13,6.5,6,19.0,9.5,5.757643222808838,0,3.1115935019084384,5.6014933586120605,3.5345527589916976,7,ppo_seed47,ppo,PPO,47
77568,intercepted,1,0,0,0,19,11,5.5,8,19.0,9.5,14.294878005981445,0,2.4491205281681485,2.418591022491455,2.6239969597481427,9,ppo_seed47,ppo,PPO,47
77569,soldier_caught,0,1,0,0,64,10,5.0,54,,,0.8363033533096313,0,3.308449935913086,4.887157917022705,3.522006759100335,55,ppo_seed47,ppo,PPO,47
77570,intercepted,1,0,0,0,16,11,5.5,5,16.0,8.0,8.292421340942383,0,2.637061138947805,1.5334142446517944,2.7395259689808618,6,ppo_seed47,ppo,PPO,47
77571,intercepted,1,0,0,0,55,13,6.5,42,55.0,27.5,12.506989479064941,0,2.9363071752149006,5.411922454833984,3.196864156355059,43,ppo_seed47,ppo,PPO,47
77572,intercepted,1,0,0,0,136,58,29.0,78,136.0,68.0,10.730664253234863,0,3.0736901473395433,2.337151050567627,3.2947593054998587,79,ppo_seed47,ppo,PPO,47
77573,intercepted,1,0,0,0,201,10,5.0,191,201.0,100.5,8.559616088867188,0,3.226983656796316,3.16365909576416,3.5029691473575055,192,ppo_seed47,ppo,PPO,47
77574,soldier_caught,0,1,0,0,279,12,6.0,267,,,1.272806167602539,0,3.2458077842619883,4.272820472717285,3.499017879566338,268,ppo_seed47,ppo,PPO,47
77575,intercepted,1,0,0,0,221,40,20.0,181,221.0,110.5,2.358325481414795,0,3.1742899376121194,6.124923229217529,3.4212058602251982,182,ppo_seed47,ppo,PPO,47
77576,intercepted,1,0,0,0,17,8,4.0,9,17.0,8.5,7.1344404220581055,0,3.1383120894432066,2.306328058242798,3.458913827446539,10,ppo_seed47,ppo,PPO,47
77577,intercepted,1,0,0,0,64,9,4.5,55,64.0,32.0,4.937164306640625,0,3.365125072853906,3.1655094623565674,3.6458823086405676,56,ppo_seed47,ppo,PPO,47
77578,soldier_caught,0,1,0,0,336,9,4.5,327,,,1.4579983949661255,0,3.0860908063264882,2.2174980640411377,3.3629197610798234,328,ppo_seed47,ppo,PPO,47
77579,intercepted,1,0,0,0,154,16,8.0,138,154.0,77.0,4.986866474151611,0,3.330796076668252,2.462697744369507,3.6040607068855683,139,ppo_seed47,ppo,PPO,47
77580,intercepted,1,0,0,0,10,8,4.0,2,10.0,5.0,4.202328205108643,0,4.561005353927612,5.154998779296875,4.820402829375994,3,ppo_seed47,ppo,PPO,47
77581,intercepted,1,0,0,0,33,9,4.5,24,33.0,16.5,5.701701641082764,0,3.320837097167969,5.9935503005981445,3.485027005839597,25,ppo_seed47,ppo,PPO,47
77582,intercepted,1,0,0,0,112,30,15.0,82,112.0,56.0,3.435729742050171,0,3.1677670486002083,3.8408424854278564,3.462188599368806,83,ppo_seed47,ppo,PPO,47
77583,intercepted,1,0,0,0,100,22,11.0,78,100.0,50.0,11.54393482208252,0,3.3496054735364793,2.8443353176116943,3.6132958144447884,79,ppo_seed47,ppo,PPO,47
77584,intercepted,1,0,0,0,34,10,5.0,24,34.0,17.0,5.352581024169922,0,3.207166996002197,3.642145872116089,3.3514716378584892,25,ppo_seed47,ppo,PPO,47
77585,intercepted,1,0,0,0,84,14,7.0,70,84.0,42.0,4.20122766494751,0,3.1976974606513977,4.285566806793213,3.4437575480928397,71,ppo_seed47,ppo,PPO,47
77586,soldier_caught,0,1,0,0,89,9,4.5,80,,,1.7938562631607056,0,3.0443250514842846,3.0757768154144287,3.337242499548317,81,ppo_seed47,ppo,PPO,47
77587,intercepted,1,0,0,0,14,9,4.5,5,14.0,7.0,4.9650726318359375,0,2.705380161603292,5.264748573303223,3.1396518491158196,6,ppo_seed47,ppo,PPO,47
77588,intercepted,1,0,0,0,104,11,5.5,93,104.0,52.0,3.7327520847320557,0,3.2491275509621236,3.943047523498535,3.5252624751438306,94,ppo_seed47,ppo,PPO,47
77589,soldier_caught,0,1,0,0,194,18,9.0,176,,,1.4664137363433838,0,3.237882668015647,3.7978363037109375,3.4717360201445415,177,ppo_seed47,ppo,PPO,47
77590,intercepted,1,0,0,0,93,11,5.5,82,93.0,46.5,4.60276985168457,0,3.470811654286212,2.5430243015289307,3.7537906947181154,83,ppo_seed47,ppo,PPO,47
77591,soldier_caught,0,1,0,0,10,8,4.0,2,,,1.7443703413009644,0,5.542719841003418,2.321385383605957,5.993157514109808,3,ppo_seed47,ppo,PPO,47
77592,intercepted,1,0,0,0,92,51,25.5,41,92.0,46.0,11.537325859069824,0,3.3820597316537584,2.6980345249176025,3.662925323499457,42,ppo_seed47,ppo,PPO,47
77593,intercepted,1,0,0,0,249,11,5.5,238,249.0,124.5,2.0743250846862793,0,3.0695880614065225,4.073970317840576,3.339413217611609,239,ppo_seed47,ppo,PPO,47
77594,intercepted,1,0,0,0,397,9,4.5,388,397.0,198.5,2.3907699584960938,0,3.2702989678609646,5.4452433586120605,3.5496341688583994,389,ppo_seed47,ppo,PPO,47
77595,intercepted,1,0,0,0,1212,10,5.0,1202,1212.0,606.0,2.0411853790283203,0,3.1954878187635396,2.3040804862976074,3.481919085746279,1203,ppo_seed47,ppo,PPO,47
77596,intercepted,1,0,0,0,347,38,19.0,309,347.0,173.5,2.8068692684173584,0,3.1260258516957684,3.0923962593078613,3.4072623804470945,310,ppo_seed47,ppo,PPO,47
77597,intercepted,1,0,0,0,13,10,5.0,3,13.0,6.5,4.278754711151123,0,2.7964550256729126,2.4975779056549072,2.813085300251654,4,ppo_seed47,ppo,PPO,47
77598,intercepted,1,0,0,0,152,72,36.0,80,152.0,76.0,8.833320617675781,0,3.504406800240646,3.6906356811523438,3.7965282050689777,81,ppo_seed47,ppo,PPO,47
77599,soldier_caught,0,1,0,0,534,14,7.0,520,,,1.7225077152252197,0,3.191821455841101,3.323796510696411,3.4576170989195925,521,ppo_seed47,ppo,PPO,47
77600,intercepted,1,0,0,0,115,40,20.0,75,115.0,57.5,6.827232360839844,0,3.1731378985078713,2.035392999649048,3.420315125421115,76,ppo_seed47,ppo,PPO,47
77601,intercepted,1,0,0,0,63,16,8.0,47,63.0,31.5,5.928075790405273,0,3.492828339959184,2.7301011085510254,3.800810647471631,48,ppo_seed47,ppo,PPO,47
77602,intercepted,1,0,0,0,422,27,13.5,395,422.0,211.0,6.1754302978515625,0,3.259670472581579,4.566783905029297,3.540741477689199,396,ppo_seed47,ppo,PPO,47
77603,soldier_caught,0,1,0,0,853,9,4.5,844,,,1.1149921417236328,0,3.201693907644622,2.931480884552002,3.467884087309643,845,ppo_seed47,ppo,PPO,47
77604,intercepted,1,0,0,0,45,31,15.5,14,45.0,22.5,11.47326946258545,0,3.2079086621602375,1.6069350242614746,3.4757808207164596,15,ppo_seed47,ppo,PPO,47
77605,soldier_caught,0,1,0,0,700,45,22.5,655,,,1.3978132009506226,0,3.1813153266543295,3.572343349456787,3.4779120724446995,656,ppo_seed47,ppo,PPO,47
77606,intercepted,1,0,0,0,147,11,5.5,136,147.0,73.5,3.028164863586426,0,3.037983380094932,1.8048088550567627,3.316445613935067,137,ppo_seed47,ppo,PPO,47
77607,intercepted,1,0,0,0,18,9,4.5,9,18.0,9.0,2.3492629528045654,0,3.6164440631866457,5.242491722106934,3.9840734631918635,10,ppo_seed47,ppo,PPO,47
77608,intercepted,1,0,0,0,151,10,5.0,141,151.0,75.5,6.06375789642334,0,3.195905692980323,4.318775177001953,3.484100466616147,142,ppo_seed47,ppo,PPO,47
77609,intercepted,1,0,0,0,671,10,5.0,661,671.0,335.5,3.182220697402954,0,3.2096350942583602,1.013246774673462,3.4970314673854093,662,ppo_seed47,ppo,PPO,47
77610,intercepted,1,0,0,0,35,9,4.5,26,35.0,17.5,9.189849853515625,0,3.3506163005475647,3.5155909061431885,3.6428398245920315,27,ppo_seed47,ppo,PPO,47
77611,intercepted,1,0,0,0,462,8,4.0,454,462.0,231.0,2.8820443153381348,0,3.2383640714399107,4.294245719909668,3.5041260411175252,455,ppo_seed47,ppo,PPO,47
77612,intercepted,1,0,0,0,35,8,4.0,27,35.0,17.5,3.212463855743408,0,3.6571301179272786,4.096951007843018,3.793227859004048,28,ppo_seed47,ppo,PPO,47
77613,intercepted,1,0,0,0,135,8,4.0,127,135.0,67.5,6.602049350738525,0,3.2863160464912653,4.5365519523620605,3.5361558114388187,128,ppo_seed47,ppo,PPO,47
77614,intercepted,1,0,0,0,44,21,10.5,23,44.0,22.0,4.624355316162109,0,2.9482595498363176,2.26973819732666,3.2156125218139153,24,ppo_seed47,ppo,PPO,47
77615,intercepted,1,0,0,0,95,64,32.0,31,95.0,47.5,12.593911170959473,0,2.741750355809927,3.6037662029266357,3.0151648799218496,32,ppo_seed47,ppo,PPO,47
77616,intercepted,1,0,0,0,63,16,8.0,47,63.0,31.5,5.299649715423584,0,2.9301334961007037,2.729032516479492,3.360169197010403,48,ppo_seed47,ppo,PPO,47
77617,intercepted,1,0,0,0,246,101,50.5,145,246.0,123.0,3.332620859146118,0,3.1411697697149563,1.7669270038604736,3.3515617275893623,146,ppo_seed47,ppo,PPO,47
77618,intercepted,1,0,0,0,71,35,17.5,36,71.0,35.5,11.340490341186523,0,3.2467438353074565,1.7037594318389893,3.520261972871658,37,ppo_seed47,ppo,PPO,47
77619,intercepted,1,0,0,0,153,12,6.0,141,153.0,76.5,5.106975555419922,0,3.391499883901905,3.8000102043151855,3.757536104971404,142,ppo_seed47,ppo,PPO,47
77620,soldier_caught,0,1,0,0,720,8,4.0,712,,,1.9181524515151978,0,3.187804867224807,5.700866222381592,3.448918453480604,713,ppo_seed47,ppo,PPO,47
77621,soldier_caught,0,1,0,0,12,10,5.0,2,,,1.7313369512557983,0,3.5880115826924643,3.1244852542877197,3.6031623193580313,3,ppo_seed47,ppo,PPO,47
77622,intercepted,1,0,0,0,673,9,4.5,664,673.0,336.5,3.014728546142578,0,3.155193162860727,1.233284592628479,3.4194172037063484,665,ppo_seed47,ppo,PPO,47
77623,intercepted,1,0,0,0,15,7,3.5,8,15.0,7.5,5.262863636016846,0,3.3020898898442588,4.533029079437256,3.744001184435263,9,ppo_seed47,ppo,PPO,47
77624,intercepted,1,0,0,0,355,15,7.5,340,355.0,177.5,9.624639511108398,0,3.1625429197839976,4.251937389373779,3.45513148304484,341,ppo_seed47,ppo,PPO,47
77625,intercepted,1,0,0,0,85,14,7.0,71,85.0,42.5,10.934820175170898,0,3.156621226006084,1.2243274450302124,3.426085766354927,72,ppo_seed47,ppo,PPO,47
77626,intercepted,1,0,0,0,160,19,9.5,141,160.0,80.0,11.861152648925781,0,3.2230427722695847,2.187185049057007,3.5113079653382155,142,ppo_seed47,ppo,PPO,47
77627,intercepted,1,0,0,0,988,11,5.5,977,988.0,494.0,3.309190034866333,0,3.2246665008868907,5.448185443878174,3.5170777722027657,978,ppo_seed47,ppo,PPO,47
77628,intercepted,1,0,0,0,319,11,5.5,308,319.0,159.5,6.10382080078125,0,3.251210171235032,3.6018154621124268,3.5020126158818865,309,ppo_seed47,ppo,PPO,47
77629,intercepted,1,0,0,0,204,24,12.0,180,204.0,102.0,6.712588787078857,0,3.129801937065072,2.9783339500427246,3.406680025256308,181,ppo_seed47,ppo,PPO,47
77630,intercepted,1,0,0,0,134,49,24.5,85,134.0,67.0,12.50250244140625,0,2.9204475484615147,3.257805585861206,3.1761523934995375,86,ppo_seed47,ppo,PPO,47
77631,intercepted,1,0,0,0,77,12,6.0,65,77.0,38.5,11.500946998596191,0,2.957248853011565,4.037773132324219,3.2578537679783146,66,ppo_seed47,ppo,PPO,47
77632,intercepted,1,0,0,0,339,59,29.5,280,339.0,169.5,2.639010429382324,0,3.1515487076654978,5.68134069442749,3.443915766379182,281,ppo_seed47,ppo,PPO,47
77633,intercepted,1,0,0,0,21,9,4.5,12,21.0,10.5,4.117068290710449,0,3.923812591112577,3.6513009071350098,4.121055222114944,13,ppo_seed47,ppo,PPO,47
77634,intercepted,1,0,0,0,68,7,3.5,61,68.0,34.0,9.366270065307617,0,2.939710876634044,1.2554409503936768,3.185450723042853,62,ppo_seed47,ppo,PPO,47
77635,intercepted,1,0,0,0,759,9,4.5,750,759.0,379.5,2.415022373199463,0,3.215440876990279,0.8289527297019958,3.483019660396733,751,ppo_seed47,ppo,PPO,47
77636,intercepted,1,0,0,0,116,14,7.0,102,116.0,58.0,6.762727737426758,0,3.113758591555276,1.6836788654327393,3.4029037786708995,103,ppo_seed47,ppo,PPO,47
77637,soldier_caught,0,1,0,0,89,11,5.5,78,,,1.9020251035690308,0,3.331726652911947,4.800778865814209,3.5165630329380955,79,ppo_seed47,ppo,PPO,47
77638,soldier_caught,0,1,0,0,385,11,5.5,374,,,0.1783151626586914,0,3.1584892920653025,3.4214847087860107,3.4414977101982087,375,ppo_seed47,ppo,PPO,47
77639,intercepted,1,0,0,0,124,11,5.5,113,124.0,62.0,7.716054916381836,0,3.18714228743001,1.3584835529327393,3.492029087173573,114,ppo_seed47,ppo,PPO,47
77640,intercepted,1,0,0,0,151,14,7.0,137,151.0,75.5,12.102316856384277,0,3.2654391557410145,3.0798532962799072,3.5278466214298962,138,ppo_seed47,ppo,PPO,47
77641,intercepted,1,0,0,0,70,10,5.0,60,70.0,35.0,11.67238998413086,0,3.4124892422410307,1.8484052419662476,3.7024908225703683,61,ppo_seed47,ppo,PPO,47
77642,intercepted,1,0,0,0,137,11,5.5,126,137.0,68.5,11.483270645141602,0,3.038966907056298,3.9017326831817627,3.271209263532953,127,ppo_seed47,ppo,PPO,47
77643,intercepted,1,0,0,0,21,9,4.5,12,21.0,10.5,7.246882438659668,0,3.203182788995596,3.3303282260894775,3.5994001226448966,13,ppo_seed47,ppo,PPO,47
77644,intercepted,1,0,0,0,342,26,13.0,316,342.0,171.0,4.201797962188721,0,3.2139280204329204,3.5892415046691895,3.4852159479323075,317,ppo_seed47,ppo,PPO,47
77645,intercepted,1,0,0,0,195,9,4.5,186,195.0,97.5,11.295792579650879,0,3.321624170610293,3.3087337017059326,3.6114545339796145,187,ppo_seed47,ppo,PPO,47
77646,intercepted,1,0,0,0,41,10,5.0,31,41.0,20.5,2.672290563583374,0,2.899936629459262,4.651891231536865,3.152725319679776,32,ppo_seed47,ppo,PPO,47
77647,soldier_caught,0,1,0,0,541,13,6.5,528,,,1.9193699359893799,0,3.2204372064828424,5.337862968444824,3.4767579566571087,529,ppo_seed47,ppo,PPO,47
77648,intercepted,1,0,0,0,13,9,4.5,4,13.0,6.5,3.0620503425598145,0,3.0697677612304686,3.137378215789795,3.1122657976938912,5,ppo_seed47,ppo,PPO,47
77649,intercepted,1,0,0,0,257,12,6.0,245,257.0,128.5,3.178370952606201,0,3.3880989195370095,1.3502146005630493,3.6533787438168606,246,ppo_seed47,ppo,PPO,47
77650,intercepted,1,0,0,0,114,11,5.5,103,114.0,57.0,9.053644180297852,0,3.245243763121275,1.7269713878631592,3.6074453676437748,104,ppo_seed47,ppo,PPO,47
77651,intercepted,1,0,0,0,416,15,7.5,401,416.0,208.0,9.235304832458496,0,3.29121762855136,2.1388607025146484,3.560234644374944,402,ppo_seed47,ppo,PPO,47
77652,soldier_caught,0,1,0,0,12,10,5.0,2,,,1.7238833904266357,0,2.9040377934773765,2.4996862411499023,3.012718767331764,3,ppo_seed47,ppo,PPO,47
77653,intercepted,1,0,0,0,238,16,8.0,222,238.0,119.0,2.137176990509033,0,3.2155683591226825,1.98211669921875,3.529413803401062,223,ppo_seed47,ppo,PPO,47
77654,intercepted,1,0,0,0,19,13,6.5,6,19.0,9.5,8.862471580505371,0,4.025682687759399,3.7316408157348633,4.228008580904225,7,ppo_seed47,ppo,PPO,47
77655,intercepted,1,0,0,0,201,8,4.0,193,201.0,100.5,4.870218753814697,0,3.2767032939441427,3.142082452774048,3.5329558769763465,194,ppo_seed47,ppo,PPO,47
77656,intercepted,1,0,0,0,225,12,6.0,213,225.0,112.5,2.7650046348571777,0,3.224531681459641,1.4050647020339966,3.463148876726453,214,ppo_seed47,ppo,PPO,47
77657,soldier_caught,0,1,0,0,61,12,6.0,49,,,1.3283737897872925,0,3.00622242808342,4.3172760009765625,3.2129433481719354,50,ppo_seed47,ppo,PPO,47
77658,intercepted,1,0,0,0,94,8,4.0,86,94.0,47.0,4.65997838973999,0,3.064378487652746,2.0629913806915283,3.337109642978927,87,ppo_seed47,ppo,PPO,47
77659,intercepted,1,0,0,0,632,7,3.5,625,632.0,316.0,5.126129150390625,0,3.196426831352444,4.989701271057129,3.45336341067338,626,ppo_seed47,ppo,PPO,47
77660,intercepted,1,0,0,0,82,11,5.5,71,82.0,41.0,7.18661642074585,0,3.342953715887335,4.214325904846191,3.6355992255224434,72,ppo_seed47,ppo,PPO,47
77661,soldier_caught,0,1,0,0,40,11,5.5,29,,,0.750001847743988,0,3.2520885825157166,2.9746038913726807,3.5103535849806624,30,ppo_seed47,ppo,PPO,47
77662,intercepted,1,0,0,0,53,10,5.0,43,53.0,26.5,10.52001667022705,0,3.070012778043747,0.8966862559318542,3.4050482382821974,44,ppo_seed47,ppo,PPO,47
77663,intercepted,1,0,0,0,16,8,4.0,8,16.0,8.0,7.910151958465576,0,4.018549720446269,4.018825054168701,4.242151348503945,9,ppo_seed47,ppo,PPO,47
77664,intercepted,1,0,0,0,14,9,4.5,5,14.0,7.0,8.411319732666016,0,2.7698578437169394,5.193345546722412,3.077329085493028,6,ppo_seed47,ppo,PPO,47
77665,intercepted,1,0,0,0,119,20,10.0,99,119.0,59.5,13.987789154052734,0,3.0616207510232925,2.736027956008911,3.2726250028516395,100,ppo_seed47,ppo,PPO,47
77666,intercepted,1,0,0,0,202,16,8.0,186,202.0,101.0,12.55545711517334,0,3.1208167672157288,4.242157459259033,3.3721425468575004,187,ppo_seed47,ppo,PPO,47
77667,intercepted,1,0,0,0,468,12,6.0,456,468.0,234.0,7.201424598693848,0,3.151809891738829,1.4512792825698853,3.3748456770378668,457,ppo_seed47,ppo,PPO,47
77668,intercepted,1,0,0,0,446,13,6.5,433,446.0,223.0,2.2208480834960938,0,3.1504046327095425,0.9214934706687927,3.4085994276199183,434,ppo_seed47,ppo,PPO,47
77669,soldier_caught,0,1,0,0,128,10,5.0,118,,,1.642093300819397,0,3.1266151288477313,3.0518786907196045,3.3689585338844643,119,ppo_seed47,ppo,PPO,47
77670,intercepted,1,0,0,0,80,9,4.5,71,80.0,40.0,13.670614242553711,0,3.2572691581315465,2.6092326641082764,3.5225154557579734,72,ppo_seed47,ppo,PPO,47
77671,intercepted,1,0,0,0,14,12,6.0,2,14.0,7.0,3.849458694458008,0,3.290513277053833,3.017751455307007,3.4432795641621508,3,ppo_seed47,ppo,PPO,47
77672,intercepted,1,0,0,0,240,12,6.0,228,240.0,120.0,2.528820753097534,0,3.1466438731251847,5.660181999206543,3.4090938354843354,229,ppo_seed47,ppo,PPO,47
77673,intercepted,1,0,0,0,487,11,5.5,476,487.0,243.5,3.9198286533355713,0,3.2780601609053104,2.55254864692688,3.552164472921888,477,ppo_seed47,ppo,PPO,47
77674,intercepted,1,0,0,0,34,8,4.0,26,34.0,17.0,6.350583553314209,0,3.430973737328141,2.69651460647583,3.7414510451796614,27,ppo_seed47,ppo,PPO,47
77675,intercepted,1,0,0,0,389,13,6.5,376,389.0,194.5,6.462585926055908,0,3.3643835937154702,4.740050792694092,3.6823745086292985,377,ppo_seed47,ppo,PPO,47
77676,soldier_caught,0,1,0,0,10,8,4.0,2,,,1.947892427444458,0,3.6154118378957114,4.665852069854736,3.7387205752550225,3,ppo_seed47,ppo,PPO,47
77677,intercepted,1,0,0,0,130,11,5.5,119,130.0,65.0,8.025005340576172,0,3.235495478908221,1.7290784120559692,3.50212258269873,120,ppo_seed47,ppo,PPO,47
77678,intercepted,1,0,0,0,431,11,5.5,420,431.0,215.5,5.743298053741455,0,3.173303354097942,1.272583246231079,3.4609453808700437,421,ppo_seed47,ppo,PPO,47
77679,intercepted,1,0,0,0,406,11,5.5,395,406.0,203.0,6.357908725738525,0,3.132817508370587,2.251885175704956,3.426527973089328,396,ppo_seed47,ppo,PPO,47
77680,intercepted,1,0,0,0,12,9,4.5,3,12.0,6.0,7.475770950317383,0,3.081799030303955,2.9056522846221924,3.5727276761094062,4,ppo_seed47,ppo,PPO,47
77681,soldier_caught,0,1,0,0,137,33,16.5,104,,,1.2819180488586426,0,3.3535145123799643,2.37561297416687,3.633574713123789,105,ppo_seed47,ppo,PPO,47
77682,intercepted,1,0,0,0,102,11,5.5,91,102.0,51.0,11.042214393615723,0,3.489124307165975,3.0358927249908447,3.8028740548262308,92,ppo_seed47,ppo,PPO,47
77683,intercepted,1,0,0,0,622,9,4.5,613,622.0,311.0,5.894874095916748,0,3.1032670066488683,1.5526971817016602,3.382698812326787,614,ppo_seed47,ppo,PPO,47
77684,intercepted,1,0,0,0,12,9,4.5,3,12.0,6.0,3.6114611625671387,0,2.3732128143310547,2.132066011428833,2.500634106221095,4,ppo_seed47,ppo,PPO,47
77685,soldier_caught,0,1,0,0,435,11,5.5,424,,,0.7400254011154175,0,3.203493497792412,3.861666202545166,3.4579823666822205,425,ppo_seed47,ppo,PPO,47
77686,intercepted,1,0,0,0,181,11,5.5,170,181.0,90.5,3.8045997619628906,0,3.084008218949301,1.376756191253662,3.332911761002294,171,ppo_seed47,ppo,PPO,47
77687,intercepted,1,0,0,0,1219,12,6.0,1207,1219.0,609.5,2.0090067386627197,0,3.1734466111867237,1.0766379833221436,3.4386982199920326,1208,ppo_seed47,ppo,PPO,47
77688,intercepted,1,0,0,0,205,8,4.0,197,205.0,102.5,3.406308889389038,0,3.1932167057136094,2.7011632919311523,3.479055191312924,198,ppo_seed47,ppo,PPO,47
77689,intercepted,1,0,0,0,553,13,6.5,540,553.0,276.5,2.677431106567383,0,3.279884788663903,2.263843059539795,3.5416299569198872,541,ppo_seed47,ppo,PPO,47
77690,intercepted,1,0,0,0,68,12,6.0,56,68.0,34.0,2.141324520111084,0,3.392165304275981,5.2938432693481445,3.6985472518540923,57,ppo_seed47,ppo,PPO,47
77691,intercepted,1,0,0,0,43,11,5.5,32,43.0,21.5,4.860104560852051,0,3.32424187298977,5.809067249298096,3.6170397275775095,33,ppo_seed47,ppo,PPO,47
77692,intercepted,1,0,0,0,19,12,6.0,7,19.0,9.5,13.181136131286621,0,3.2726952731609344,4.804309844970703,3.3950686021288554,8,ppo_seed47,ppo,PPO,47
77693,intercepted,1,0,0,0,88,11,5.5,77,88.0,44.0,2.8102781772613525,0,2.8718358285916157,3.185420274734497,3.185415475264598,78,ppo_seed47,ppo,PPO,47
77694,soldier_caught,0,1,0,0,83,10,5.0,73,,,1.024384617805481,0,3.2913248007361955,1.3627891540527344,3.5294850803048776,74,ppo_seed47,ppo,PPO,47
77695,intercepted,1,0,0,0,13,9,4.5,4,13.0,6.5,9.468446731567383,0,3.5890459060668944,2.2975375652313232,3.847112103543102,5,ppo_seed47,ppo,PPO,47
77696,intercepted,1,0,0,0,165,7,3.5,158,165.0,82.5,9.558197975158691,0,3.12766155919189,4.543374061584473,3.4321602234303135,159,ppo_seed47,ppo,PPO,47
77697,intercepted,1,0,0,0,13,9,4.5,4,13.0,6.5,4.41267204284668,0,2.7589962482452393,2.21100115776062,2.799933250957878,5,ppo_seed47,ppo,PPO,47
77698,intercepted,1,0,0,0,359,8,4.0,351,359.0,179.5,2.621985912322998,0,3.0721304878931153,4.91666316986084,3.3416126342310046,352,ppo_seed47,ppo,PPO,47
77699,intercepted,1,0,0,0,48,39,19.5,9,48.0,24.0,13.767339706420898,0,2.7339601516723633,2.981339693069458,2.879572623386578,10,ppo_seed47,ppo,PPO,47
77700,soldier_caught,0,1,0,0,407,65,32.5,342,,,1.6890655755996704,0,3.1783200225225343,1.8783562183380127,3.4300659583053736,343,ppo_seed47,ppo,PPO,47
77701,intercepted,1,0,0,0,343,16,8.0,327,343.0,171.5,3.643752098083496,0,3.367837291392611,4.496728897094727,3.625882178799887,328,ppo_seed47,ppo,PPO,47
77702,soldier_caught,0,1,0,0,327,12,6.0,315,,,1.1347384452819824,0,3.3000290548499627,2.452143430709839,3.561497712443557,316,ppo_seed47,ppo,PPO,47
77703,intercepted,1,0,0,0,38,14,7.0,24,38.0,19.0,5.586489677429199,0,3.0538613271713255,2.1929163932800293,3.1724252805098843,25,ppo_seed47,ppo,PPO,47
77704,intercepted,1,0,0,0,46,21,10.5,25,46.0,23.0,14.570905685424805,0,2.6052779990893145,2.468806743621826,2.9670124615234537,26,ppo_seed47,ppo,PPO,47
77705,intercepted,1,0,0,0,445,11,5.5,434,445.0,222.5,3.1732711791992188,0,3.1419862020632316,4.5514092445373535,3.4344391548334947,435,ppo_seed47,ppo,PPO,47
77706,intercepted,1,0,0,0,901,36,18.0,865,901.0,450.5,2.602524995803833,0,3.1807282850249536,5.859218597412109,3.4551525319741914,866,ppo_seed47,ppo,PPO,47
77707,intercepted,1,0,0,0,60,41,20.5,19,60.0,30.0,14.411759376525879,0,3.342201256752014,4.927785873413086,3.560508609140004,20,ppo_seed47,ppo,PPO,47
77708,soldier_caught,0,1,0,0,366,22,11.0,344,,,1.177262544631958,0,3.252125064531962,5.340714454650879,3.5177616320464207,345,ppo_seed47,ppo,PPO,47
77709,intercepted,1,0,0,0,66,8,4.0,58,66.0,33.0,9.658557891845703,0,3.341617274082313,4.664478302001953,3.6401723209863825,59,ppo_seed47,ppo,PPO,47
77710,intercepted,1,0,0,0,592,8,4.0,584,592.0,296.0,3.9057629108428955,0,3.2409032269420788,6.25715970993042,3.5404129195555916,585,ppo_seed47,ppo,PPO,47
77711,intercepted,1,0,0,0,65,14,7.0,51,65.0,32.5,14.758465766906738,0,2.9930225782669506,5.159035682678223,3.279653401747507,52,ppo_seed47,ppo,PPO,47
77712,intercepted,1,0,0,0,56,52,26.0,4,56.0,28.0,7.116727828979492,0,3.3058282375335692,3.1144673824310303,3.4574607028244766,5,ppo_seed47,ppo,PPO,47
77713,intercepted,1,0,0,0,45,9,4.5,36,45.0,22.5,5.08473539352417,0,3.472381577298448,2.1358816623687744,3.7308128649306282,37,ppo_seed47,ppo,PPO,47
77714,soldier_caught,0,1,0,0,85,9,4.5,76,,,1.2253338098526,0,3.1490066368858534,2.699458599090576,3.37018861293704,77,ppo_seed47,ppo,PPO,47
77715,intercepted,1,0,0,0,251,9,4.5,242,251.0,125.5,2.8721437454223633,0,3.1220574450100402,1.9914087057113647,3.3924382830173623,243,ppo_seed47,ppo,PPO,47
77716,soldier_caught,0,1,0,0,476,18,9.0,458,,,1.4561309814453125,0,3.1247167917118612,1.1306508779525757,3.440247025104725,459,ppo_seed47,ppo,PPO,47
77717,intercepted,1,0,0,0,15,12,6.0,3,15.0,7.5,3.4652764797210693,0,3.5655930042266846,4.5950927734375,3.692509281051464,4,ppo_seed47,ppo,PPO,47
77718,intercepted,1,0,0,0,870,24,12.0,846,870.0,435.0,4.128783226013184,0,3.152567732837293,4.40738582611084,3.4315438320878378,847,ppo_seed47,ppo,PPO,47
77719,intercepted,1,0,0,0,164,13,6.5,151,164.0,82.0,3.318554639816284,0,3.413473281029024,2.1045384407043457,3.7024744833455414,152,ppo_seed47,ppo,PPO,47
77720,intercepted,1,0,0,0,40,16,8.0,24,40.0,20.0,8.149408340454102,0,2.779638795852661,2.2092437744140625,2.8846682582143264,25,ppo_seed47,ppo,PPO,47
77721,intercepted,1,0,0,0,114,87,43.5,27,114.0,57.0,12.491076469421387,0,3.5638986315046037,1.672064185142517,3.970257568786463,28,ppo_seed47,ppo,PPO,47
77722,soldier_caught,0,1,0,0,418,11,5.5,407,,,0.4721297323703766,0,3.2387466509552563,4.866398811340332,3.5060768347601936,408,ppo_seed47,ppo,PPO,47
77723,intercepted,1,0,0,0,600,11,5.5,589,600.0,300.0,4.101999282836914,0,3.273985192432242,3.8707218170166016,3.5507281721584927,590,ppo_seed47,ppo,PPO,47
77724,soldier_caught,0,1,0,0,14,12,6.0,2,,,1.7606953382492065,0,2.4621954758961997,4.046367645263672,2.7060123128818634,3,ppo_seed47,ppo,PPO,47
77725,intercepted,1,0,0,0,22,15,7.5,7,22.0,11.0,11.094935417175293,0,3.1406748592853546,2.6213181018829346,3.2329634081182097,8,ppo_seed47,ppo,PPO,47
77726,intercepted,1,0,0,0,15,10,5.0,5,15.0,7.5,13.169024467468262,0,2.875606815020243,4.277593612670898,2.996143815239552,6,ppo_seed47,ppo,PPO,47
77727,soldier_caught,0,1,0,0,163,9,4.5,154,,,1.5327293872833252,0,3.1942702258786846,4.59751558303833,3.4334773426210874,155,ppo_seed47,ppo,PPO,47
77728,soldier_caught,0,1,0,0,221,11,5.5,210,,,0.9269761443138123,0,3.002403813233308,2.3885202407836914,3.2787446591791545,211,ppo_seed47,ppo,PPO,47
77729,soldier_caught,0,1,0,0,226,83,41.5,143,,,0.88535076379776,0,3.1602552571437426,7.794732570648193,3.4944325899885644,144,ppo_seed47,ppo,PPO,47
77730,intercepted,1,0,0,0,64,10,5.0,54,64.0,32.0,7.163099765777588,0,3.3173399155790158,3.7568278312683105,3.583015721616044,55,ppo_seed47,ppo,PPO,47
77731,soldier_caught,0,1,0,0,234,12,6.0,222,,,1.2784686088562012,0,3.3870612552615023,3.508119583129883,3.6629037264407542,223,ppo_seed47,ppo,PPO,47
77732,intercepted,1,0,0,0,61,35,17.5,26,61.0,30.5,12.733351707458496,0,3.265106519063314,1.8822516202926636,3.5022705198640653,27,ppo_seed47,ppo,PPO,47
77733,soldier_caught,0,1,0,0,431,10,5.0,421,,,1.7901358604431152,0,3.177340672726597,4.288292407989502,3.4499867949613106,422,ppo_seed47,ppo,PPO,47
77734,intercepted,1,0,0,0,253,13,6.5,240,253.0,126.5,7.721200466156006,0,3.182677098329631,2.156064987182617,3.450376922512512,241,ppo_seed47,ppo,PPO,47
77735,soldier_caught,0,1,0,0,66,46,23.0,20,,,1.0283714532852173,0,3.2779537439346313,0.9345866441726685,3.593411148629796,21,ppo_seed47,ppo,PPO,47
77736,intercepted,1,0,0,0,331,30,15.0,301,331.0,165.5,9.272231101989746,0,3.295077680554611,2.39281964302063,3.5679615591831424,302,ppo_seed47,ppo,PPO,47
77737,intercepted,1,0,0,0,150,94,47.0,56,150.0,75.0,13.305099487304688,0,3.307458115251441,3.1483170986175537,3.5966199405139307,57,ppo_seed47,ppo,PPO,47
77738,intercepted,1,0,0,0,501,14,7.0,487,501.0,250.5,2.8510782718658447,0,3.2428708576643075,3.499739408493042,3.520011925556453,488,ppo_seed47,ppo,PPO,47
77739,intercepted,1,0,0,0,41,8,4.0,33,41.0,20.5,5.118296146392822,0,3.304178073125727,3.822639226913452,3.5086096698535507,34,ppo_seed47,ppo,PPO,47
77740,intercepted,1,0,0,0,10,8,4.0,2,10.0,5.0,4.256265640258789,0,3.337716897328695,2.897878646850586,3.3667131748328605,3,ppo_seed47,ppo,PPO,47
77741,intercepted,1,0,0,0,235,39,19.5,196,235.0,117.5,3.939025640487671,0,3.1689457651322264,3.3712596893310547,3.458547978821313,197,ppo_seed47,ppo,PPO,47
77742,intercepted,1,0,0,0,63,9,4.5,54,63.0,31.5,6.956206798553467,0,3.556688555804166,7.071794033050537,3.8763333400215543,55,ppo_seed47,ppo,PPO,47
77743,intercepted,1,0,0,0,13,9,4.5,4,13.0,6.5,8.631268501281738,0,3.7825796127319338,5.307990074157715,3.8849982300150563,5,ppo_seed47,ppo,PPO,47
77744,intercepted,1,0,0,0,73,14,7.0,59,73.0,36.5,7.21640682220459,0,3.1973565171162286,5.7668986320495605,3.442220185703942,60,ppo_seed47,ppo,PPO,47
77745,intercepted,1,0,0,0,134,8,4.0,126,134.0,67.0,8.16903305053711,0,3.312340911683135,2.8428092002868652,3.606874555043241,127,ppo_seed47,ppo,PPO,47
77746,intercepted,1,0,0,0,91,31,15.5,60,91.0,45.5,10.066788673400879,0,2.877659769820385,2.127847194671631,3.158183728665188,61,ppo_seed47,ppo,PPO,47
77747,intercepted,1,0,0,0,291,9,4.5,282,291.0,145.5,7.002569198608398,0,3.0557065214369405,1.1626259088516235,3.3164794024227753,283,ppo_seed47,ppo,PPO,47
77748,intercepted,1,0,0,0,730,14,7.0,716,730.0,365.0,2.02756667137146,0,3.0975405608136284,4.029684066772461,3.370108608317474,717,ppo_seed47,ppo,PPO,47
77749,intercepted,1,0,0,0,82,13,6.5,69,82.0,41.0,4.74997615814209,0,3.244228650416647,4.641121864318848,3.567793931015443,70,ppo_seed47,ppo,PPO,47
77750,intercepted,1,0,0,0,34,14,7.0,20,34.0,17.0,2.730783224105835,0,3.496246105148679,2.6070632934570312,3.724967573706751,21,ppo_seed47,ppo,PPO,47
77751,intercepted,1,0,0,0,33,31,15.5,2,33.0,16.5,3.7566797733306885,0,3.531503200531006,5.372864723205566,3.766341914216582,3,ppo_seed47,ppo,PPO,47
77752,intercepted,1,0,0,0,86,16,8.0,70,86.0,43.0,9.87302303314209,0,2.9865855012141482,1.1412243843078613,3.166374776724587,71,ppo_seed47,ppo,PPO,47
77753,intercepted,1,0,0,0,117,40,20.0,77,117.0,58.5,4.339660167694092,0,3.1373318364987006,2.610968589782715,3.3825548620825767,78,ppo_seed47,ppo,PPO,47
77754,soldier_caught,0,1,0,0,15,13,6.5,2,,,1.1998220682144165,0,3.4553350607554116,4.135565757751465,3.718199758317268,3,ppo_seed47,ppo,PPO,47
77755,intercepted,1,0,0,0,20,15,7.5,5,20.0,10.0,12.493041038513184,0,4.181719621022542,2.502898931503296,4.5253482467014985,6,ppo_seed47,ppo,PPO,47
77756,intercepted,1,0,0,0,169,18,9.0,151,169.0,84.5,2.9019248485565186,0,3.3899783695998944,1.9816958904266357,3.652787838073321,152,ppo_seed47,ppo,PPO,47
77757,intercepted,1,0,0,0,249,76,38.0,173,249.0,124.5,8.22011661529541,0,3.369164164724021,2.472722291946411,3.619884645806161,174,ppo_seed47,ppo,PPO,47
77758,intercepted,1,0,0,0,312,23,11.5,289,312.0,156.0,8.98423957824707,0,3.17190283536911,2.140122175216675,3.4238449522985,290,ppo_seed47,ppo,PPO,47
77759,soldier_caught,0,1,0,0,245,10,5.0,235,,,1.448830485343933,0,3.154482834798805,3.389523506164551,3.4314250420230628,236,ppo_seed47,ppo,PPO,47
77760,soldier_caught,0,1,0,0,678,13,6.5,665,,,1.8741395473480225,0,3.0990778274006314,6.118431091308594,3.355171549502715,666,ppo_seed47,ppo,PPO,47
77761,intercepted,1,0,0,0,801,7,3.5,794,801.0,400.5,2.103654146194458,0,3.1792580570814746,4.0745038986206055,3.419949241321373,795,ppo_seed47,ppo,PPO,47
77762,intercepted,1,0,0,0,83,10,5.0,73,83.0,41.5,5.139998912811279,0,3.0392852703461775,3.311082124710083,3.284292202221901,74,ppo_seed47,ppo,PPO,47
77763,intercepted,1,0,0,0,100,10,5.0,90,100.0,50.0,5.41091775894165,0,3.240388198540761,2.739070415496826,3.506950678897614,91,ppo_seed47,ppo,PPO,47
77764,intercepted,1,0,0,0,282,14,7.0,268,282.0,141.0,2.088563919067383,0,3.1811987833019524,3.4619593620300293,3.451733956843503,269,ppo_seed47,ppo,PPO,47
77765,soldier_caught,0,1,0,0,571,8,4.0,563,,,1.508960247039795,0,3.0947277852803046,3.850487232208252,3.337735830861609,564,ppo_seed47,ppo,PPO,47
77766,intercepted,1,0,0,0,23,16,8.0,7,23.0,11.5,14.33110523223877,0,2.7508004754781723,3.4916152954101562,2.814918058250573,8,ppo_seed47,ppo,PPO,47
77767,intercepted,1,0,0,0,233,11,5.5,222,233.0,116.5,8.198473930358887,0,3.193846143147336,4.557703018188477,3.5235306314120898,223,ppo_seed47,ppo,PPO,47
77768,intercepted,1,0,0,0,506,36,18.0,470,506.0,253.0,5.016850471496582,0,3.1672614969771886,1.3719403743743896,3.424199482662541,471,ppo_seed47,ppo,PPO,47
77769,intercepted,1,0,0,0,552,16,8.0,536,552.0,276.0,6.910519123077393,0,3.2062355222204766,3.261735200881958,3.4699311092018283,537,ppo_seed47,ppo,PPO,47
77770,soldier_caught,0,1,0,0,12,10,5.0,2,,,1.648033618927002,0,3.3022965590159097,4.365603446960449,3.43892320306405,3,ppo_seed47,ppo,PPO,47
77771,intercepted,1,0,0,0,198,9,4.5,189,198.0,99.0,8.25854206085205,0,3.0286620488292293,3.229884147644043,3.3233933768785695,190,ppo_seed47,ppo,PPO,47
77772,intercepted,1,0,0,0,225,33,16.5,192,225.0,112.5,9.305740356445312,0,3.078240434431659,3.1322224140167236,3.3542103447761056,193,ppo_seed47,ppo,PPO,47
77773,intercepted,1,0,0,0,58,53,26.5,5,58.0,29.0,12.729981422424316,0,2.7509703437487283,2.057922840118408,3.080240903330359,6,ppo_seed47,ppo,PPO,47
77774,unsafe_intercept,0,0,1,0,11,9,4.5,2,,,2.647024154663086,0,4.386203845342,1.210174322128296,5.10491181501103,3,ppo_seed47,ppo,PPO,47
77775,intercepted,1,0,0,0,99,7,3.5,92,99.0,49.5,6.738709449768066,0,3.2217403015782757,2.7576181888580322,3.5517541933041596,93,ppo_seed47,ppo,PPO,47
77776,soldier_caught,0,1,0,0,392,10,5.0,382,,,1.2352033853530884,0,3.261604076188165,2.1343986988067627,3.5253423431828366,383,ppo_seed47,ppo,PPO,47
77777,intercepted,1,0,0,0,359,41,20.5,318,359.0,179.5,3.1580679416656494,0,3.0479582268803096,3.265784502029419,3.3273527275936106,319,ppo_seed47,ppo,PPO,47
77778,intercepted,1,0,0,0,327,11,5.5,316,327.0,163.5,2.429389238357544,0,3.1055017418289785,2.625821352005005,3.388993427415112,317,ppo_seed47,ppo,PPO,47
77779,intercepted,1,0,0,0,17,14,7.0,3,17.0,8.5,4.880764484405518,0,3.7471924424171448,3.384150743484497,3.773395539737504,4,ppo_seed47,ppo,PPO,47
77780,intercepted,1,0,0,0,266,46,23.0,220,266.0,133.0,2.821181297302246,0,3.19248537011276,1.8372300863265991,3.4643935513248203,221,ppo_seed47,ppo,PPO,47
77781,intercepted,1,0,0,0,97,21,10.5,76,97.0,48.5,6.624080181121826,0,3.0064826948302135,1.6192973852157593,3.295171239182131,77,ppo_seed47,ppo,PPO,47
77782,intercepted,1,0,0,0,59,9,4.5,50,59.0,29.5,2.176605463027954,0,3.1514820994115342,3.3899848461151123,3.342034151333986,51,ppo_seed47,ppo,PPO,47
77783,soldier_caught,0,1,0,0,66,15,7.5,51,,,1.8261914253234863,0,2.8862027789537725,4.790640830993652,3.1765636422311783,52,ppo_seed47,ppo,PPO,47
77784,soldier_caught,0,1,0,0,13,11,5.5,2,,,0.7766094207763672,0,4.414794683456421,2.7128689289093018,4.671333874313777,3,ppo_seed47,ppo,PPO,47
77785,intercepted,1,0,0,0,18,14,7.0,4,18.0,9.0,5.193149089813232,0,3.6476939916610718,2.1700594425201416,4.100874623086267,5,ppo_seed47,ppo,PPO,47
77786,intercepted,1,0,0,0,990,89,44.5,901,990.0,495.0,2.937130928039551,0,3.215265992673696,3.48999285697937,3.4641012460529,902,ppo_seed47,ppo,PPO,47
77787,intercepted,1,0,0,0,110,22,11.0,88,110.0,55.0,11.430771827697754,0,3.1710829403293266,4.5340399742126465,3.526693414602048,89,ppo_seed47,ppo,PPO,47
77788,intercepted,1,0,0,0,227,13,6.5,214,227.0,113.5,2.90275239944458,0,3.0477413185807163,3.5885324478149414,3.326429284459969,215,ppo_seed47,ppo,PPO,47
77789,intercepted,1,0,0,0,12,8,4.0,4,12.0,6.0,2.213425874710083,0,3.1215510845184324,2.9785966873168945,3.281235062848225,5,ppo_seed47,ppo,PPO,47
77790,intercepted,1,0,0,0,168,13,6.5,155,168.0,84.0,3.172600030899048,0,3.143000597373033,3.139420986175537,3.410361117198132,156,ppo_seed47,ppo,PPO,47
77791,intercepted,1,0,0,0,51,32,16.0,19,51.0,25.5,13.021225929260254,0,3.1022910833358766,1.6422507762908936,3.4141476496824708,20,ppo_seed47,ppo,PPO,47
77792,intercepted,1,0,0,0,68,22,11.0,46,68.0,34.0,8.189414978027344,0,2.8112688838167395,2.585420846939087,3.1567535548831347,47,ppo_seed47,ppo,PPO,47
77793,intercepted,1,0,0,0,651,9,4.5,642,651.0,325.5,2.596161365509033,0,3.215781519424118,4.552521705627441,3.493281164491534,643,ppo_seed47,ppo,PPO,47
77794,intercepted,1,0,0,0,240,13,6.5,227,240.0,120.0,2.5520951747894287,0,3.247911880544403,1.828482985496521,3.5066297756084857,228,ppo_seed47,ppo,PPO,47
77795,soldier_caught,0,1,0,0,137,13,6.5,124,,,1.3522714376449585,0,3.3234169883728026,4.2492780685424805,3.533189390495424,125,ppo_seed47,ppo,PPO,47
77796,intercepted,1,0,0,0,381,7,3.5,374,381.0,190.5,4.751552104949951,0,3.2562377885977427,5.240864276885986,3.537888528999115,375,ppo_seed47,ppo,PPO,47
77797,intercepted,1,0,0,0,50,9,4.5,41,50.0,25.0,2.627882957458496,0,3.1332805923053195,1.4193328619003296,3.3874179051634496,42,ppo_seed47,ppo,PPO,47
77798,intercepted,1,0,0,0,88,10,5.0,78,88.0,44.0,7.0583953857421875,0,3.191923576819746,5.390745162963867,3.4450339020365917,79,ppo_seed47,ppo,PPO,47
77799,intercepted,1,0,0,0,426,21,10.5,405,426.0,213.0,2.686131238937378,0,3.1937655007897927,1.7123700380325317,3.475746088250934,406,ppo_seed47,ppo,PPO,47
77800,intercepted,1,0,0,0,249,57,28.5,192,249.0,124.5,3.0172789096832275,0,3.340620268039753,2.1221225261688232,3.6178519586545654,193,ppo_seed47,ppo,PPO,47
77801,intercepted,1,0,0,0,24,17,8.5,7,24.0,12.0,11.160691261291504,0,2.7621738612651825,2.2584517002105713,2.903336072404955,8,ppo_seed47,ppo,PPO,47
77802,soldier_caught,0,1,0,0,428,11,5.5,417,,,1.484062910079956,0,3.138135260229476,1.0841835737228394,3.4274787033066594,418,ppo_seed47,ppo,PPO,47
77803,intercepted,1,0,0,0,14,8,4.0,6,14.0,7.0,6.766536712646484,0,3.123142889567784,3.7720022201538086,3.167820538197268,7,ppo_seed47,ppo,PPO,47
77804,intercepted,1,0,0,0,92,31,15.5,61,92.0,46.0,6.829873561859131,0,3.358736747695554,3.4532134532928467,3.6453355432538515,62,ppo_seed47,ppo,PPO,47
77805,intercepted,1,0,0,0,452,14,7.0,438,452.0,226.0,3.853984832763672,0,3.166667238386997,3.8884994983673096,3.4418356545784503,439,ppo_seed47,ppo,PPO,47
77806,intercepted,1,0,0,0,222,16,8.0,206,222.0,111.0,5.182878494262695,0,3.265597195872938,3.070833921432495,3.569182900263083,207,ppo_seed47,ppo,PPO,47
77807,intercepted,1,0,0,0,62,7,3.5,55,62.0,31.0,2.826272964477539,0,3.5241624686334814,2.2665953636169434,3.753631522248844,56,ppo_seed47,ppo,PPO,47
77808,intercepted,1,0,0,0,34,7,3.5,27,34.0,17.0,6.239573955535889,0,3.4982218742370605,3.467475652694702,3.742528968850557,28,ppo_seed47,ppo,PPO,47
77809,soldier_caught,0,1,0,0,59,10,5.0,49,,,1.6188472509384155,0,3.0161410796642305,5.766169548034668,3.2763176377120318,50,ppo_seed47,ppo,PPO,47
77810,intercepted,1,0,0,0,103,8,4.0,95,103.0,51.5,2.9493401050567627,0,3.315641284609834,4.037833213806152,3.5925250664747046,96,ppo_seed47,ppo,PPO,47
77811,intercepted,1,0,0,0,310,40,20.0,270,310.0,155.0,7.9567742347717285,0,3.1099341309378508,4.581836223602295,3.411632436126567,271,ppo_seed47,ppo,PPO,47
77812,intercepted,1,0,0,0,833,16,8.0,817,833.0,416.5,2.4254255294799805,0,3.217684022699708,2.796198606491089,3.499910168971615,818,ppo_seed47,ppo,PPO,47
77813,intercepted,1,0,0,0,524,41,20.5,483,524.0,262.0,8.164444923400879,0,3.160483022058798,2.2229301929473877,3.4394822589510077,484,ppo_seed47,ppo,PPO,47
77814,soldier_caught,0,1,0,0,175,9,4.5,166,,,1.9337892532348633,0,3.2465539310506717,2.4643325805664062,3.5209352071546434,167,ppo_seed47,ppo,PPO,47
77815,intercepted,1,0,0,0,169,11,5.5,158,169.0,84.5,6.041843414306641,0,3.007568676891567,3.969326972961426,3.2696938054929943,159,ppo_seed47,ppo,PPO,47
77816,intercepted,1,0,0,0,792,9,4.5,783,792.0,396.0,2.3176004886627197,0,3.137534243140218,2.1045689582824707,3.410149055494928,784,ppo_seed47,ppo,PPO,47
77817,intercepted,1,0,0,0,90,8,4.0,82,90.0,45.0,4.685474395751953,0,3.199317187429911,3.7786924839019775,3.522549532935056,83,ppo_seed47,ppo,PPO,47
77818,intercepted,1,0,0,0,105,9,4.5,96,105.0,52.5,11.500121116638184,0,3.11286625173903,2.025820016860962,3.3387968077498384,97,ppo_seed47,ppo,PPO,47
77819,intercepted,1,0,0,0,44,14,7.0,30,44.0,22.0,11.019072532653809,0,3.3116213544722526,3.8309125900268555,3.5501116716741934,31,ppo_seed47,ppo,PPO,47
77820,intercepted,1,0,0,0,924,11,5.5,913,924.0,462.0,3.098231792449951,0,3.179302661600207,3.3225841522216797,3.4465058370991697,914,ppo_seed47,ppo,PPO,47
77821,intercepted,1,0,0,0,102,17,8.5,85,102.0,51.0,4.042697429656982,0,3.065842263573824,2.7082464694976807,3.342602845220195,86,ppo_seed47,ppo,PPO,47
77822,intercepted,1,0,0,0,12,8,4.0,4,12.0,6.0,2.9576292037963867,0,3.0202152252197267,3.0892245769500732,3.0522225512994434,5,ppo_seed47,ppo,PPO,47
77823,intercepted,1,0,0,0,231,8,4.0,223,231.0,115.5,3.9094157218933105,0,3.3316219624664103,2.695816993713379,3.6385841054002745,224,ppo_seed47,ppo,PPO,47
77824,soldier_caught,0,1,0,0,83,11,5.5,72,,,1.3073735237121582,0,3.3632065368025272,1.2774978876113892,3.603902400487592,73,ppo_seed47,ppo,PPO,47
77825,intercepted,1,0,0,0,23,13,6.5,10,23.0,11.5,12.712675094604492,0,3.231937375935641,2.760328769683838,3.5129061488260254,11,ppo_seed47,ppo,PPO,47
77826,soldier_caught,0,1,0,0,17,15,7.5,2,,,1.635619878768921,0,3.369983116785685,4.1915388107299805,3.4882483681459995,3,ppo_seed47,ppo,PPO,47
77827,intercepted,1,0,0,0,33,9,4.5,24,33.0,16.5,4.595603942871094,0,2.9994281578063964,2.0659561157226562,3.3830339211916383,25,ppo_seed47,ppo,PPO,47
77828,intercepted,1,0,0,0,307,9,4.5,298,307.0,153.5,7.098299503326416,0,3.140010103832519,2.0865302085876465,3.43129968270797,299,ppo_seed47,ppo,PPO,47
77829,soldier_caught,0,1,0,0,16,14,7.0,2,,,1.3144173622131348,0,2.7667497793833413,1.7480833530426025,3.002590887969866,3,ppo_seed47,ppo,PPO,47
77830,intercepted,1,0,0,0,168,65,32.5,103,168.0,84.0,4.678546905517578,0,3.196391856441131,3.134037971496582,3.437471755033961,104,ppo_seed47,ppo,PPO,47
77831,intercepted,1,0,0,0,231,10,5.0,221,231.0,115.5,12.594864845275879,0,3.243629476911313,2.372854471206665,3.5012306474368087,222,ppo_seed47,ppo,PPO,47
77832,intercepted,1,0,0,0,124,8,4.0,116,124.0,62.0,3.000257968902588,0,3.0671948107898745,1.6671134233474731,3.3251890974723164,117,ppo_seed47,ppo,PPO,47
77833,intercepted,1,0,0,0,36,10,5.0,26,36.0,18.0,4.339616298675537,0,3.0181523296568127,3.076129198074341,3.4181306921046715,27,ppo_seed47,ppo,PPO,47
77834,intercepted,1,0,0,0,36,10,5.0,26,36.0,18.0,13.751007080078125,0,3.4826879457191184,3.979264259338379,3.8331964996534227,27,ppo_seed47,ppo,PPO,47
77835,soldier_caught,0,1,0,0,36,9,4.5,27,,,0.3952230215072632,0,3.0834406358855113,1.0205541849136353,3.3884419910051897,28,ppo_seed47,ppo,PPO,47
77836,intercepted,1,0,0,0,84,8,4.0,76,84.0,42.0,3.0378682613372803,0,3.112870540711787,3.668806314468384,3.3708185587474064,77,ppo_seed47,ppo,PPO,47
77837,soldier_caught,0,1,0,0,173,12,6.0,161,,,1.6139752864837646,0,3.4133310389739497,3.5430686473846436,3.6996600041189383,162,ppo_seed47,ppo,PPO,47
77838,soldier_caught,0,1,0,0,33,9,4.5,24,,,0.863060474395752,0,3.2503713607788085,1.2775254249572754,3.492749715551817,25,ppo_seed47,ppo,PPO,47
77839,intercepted,1,0,0,0,660,9,4.5,651,660.0,330.0,2.2804782390594482,0,3.1558945837882035,1.335375428199768,3.4323413777525507,652,ppo_seed47,ppo,PPO,47
77840,intercepted,1,0,0,0,782,17,8.5,765,782.0,391.0,2.356466293334961,0,3.24024425415862,4.001043796539307,3.4972165025426545,766,ppo_seed47,ppo,PPO,47
77841,intercepted,1,0,0,0,105,16,8.0,89,105.0,52.5,4.010668754577637,0,3.299199922879537,2.342972993850708,3.572245047562422,90,ppo_seed47,ppo,PPO,47
77842,soldier_caught,0,1,0,0,133,9,4.5,124,,,1.6343052387237549,0,2.9707057838439943,1.5488975048065186,3.1984003337314846,125,ppo_seed47,ppo,PPO,47
77843,intercepted,1,0,0,0,130,99,49.5,31,130.0,65.0,12.27460765838623,0,3.711669098585844,3.9569597244262695,4.087724377567473,32,ppo_seed47,ppo,PPO,47
77844,intercepted,1,0,0,0,263,9,4.5,254,263.0,131.5,4.527163982391357,0,3.1766135170179255,3.5908377170562744,3.495987809277678,255,ppo_seed47,ppo,PPO,47
77845,intercepted,1,0,0,0,191,14,7.0,177,191.0,95.5,10.462900161743164,0,3.3088300137707356,6.05596399307251,3.567793771596575,178,ppo_seed47,ppo,PPO,47
77846,intercepted,1,0,0,0,38,9,4.5,29,38.0,19.0,10.17895221710205,0,3.3157490571339925,2.058230400085449,3.4868422265119237,30,ppo_seed47,ppo,PPO,47
77847,intercepted,1,0,0,0,728,59,29.5,669,728.0,364.0,2.882719039916992,0,3.2040918047748397,2.1469922065734863,3.4816875528398454,670,ppo_seed47,ppo,PPO,47
77848,intercepted,1,0,0,0,36,28,14.0,8,36.0,18.0,11.280623435974121,0,3.7425728374057345,6.600008010864258,4.155901337942025,9,ppo_seed47,ppo,PPO,47
77849,intercepted,1,0,0,0,1148,11,5.5,1137,1148.0,574.0,2.176710367202759,0,3.268206860640975,4.158632755279541,3.5313407764499094,1138,ppo_seed47,ppo,PPO,47
77850,intercepted,1,0,0,0,87,13,6.5,74,87.0,43.5,13.24498462677002,0,2.9487320804595947,1.5211087465286255,3.2102258642401256,75,ppo_seed47,ppo,PPO,47
77851,intercepted,1,0,0,0,20,8,4.0,12,20.0,10.0,10.753355979919434,0,2.8715656170478234,2.5497751235961914,3.2771313447216226,13,ppo_seed47,ppo,PPO,47
77852,intercepted,1,0,0,0,38,13,6.5,25,38.0,19.0,7.5960612297058105,0,3.333369887792147,2.0150468349456787,3.4830852781811577,26,ppo_seed47,ppo,PPO,47
77853,intercepted,1,0,0,0,40,10,5.0,30,40.0,20.0,7.746596813201904,0,3.0271446839455636,3.426631212234497,3.282400270718805,31,ppo_seed47,ppo,PPO,47
77854,soldier_caught,0,1,0,0,227,11,5.5,216,,,1.6990852355957031,0,3.4294432880966346,1.9526110887527466,3.7130383037797263,217,ppo_seed47,ppo,PPO,47
77855,intercepted,1,0,0,0,20,17,8.5,3,20.0,10.0,3.3400471210479736,0,2.643755853176117,2.0778894424438477,2.721510918127313,4,ppo_seed47,ppo,PPO,47
77856,soldier_caught,0,1,0,0,685,8,4.0,677,,,1.9063732624053955,0,3.207108796038459,1.8657610416412354,3.4669402970467664,678,ppo_seed47,ppo,PPO,47
77857,intercepted,1,0,0,0,323,9,4.5,314,323.0,161.5,3.072507619857788,0,3.324355779186128,3.908266067504883,3.573205787901017,315,ppo_seed47,ppo,PPO,47
77858,intercepted,1,0,0,0,59,10,5.0,49,59.0,29.5,5.1685614585876465,0,2.7218964248895645,2.9507923126220703,3.0295794117706665,50,ppo_seed47,ppo,PPO,47
77859,intercepted,1,0,0,0,17,11,5.5,6,17.0,8.5,10.232830047607422,0,3.1319407735552107,3.7267611026763916,3.4102217870471003,7,ppo_seed47,ppo,PPO,47
77860,intercepted,1,0,0,0,94,9,4.5,85,94.0,47.0,2.081435441970825,0,3.0894860517840055,3.115675449371338,3.4023309457725732,86,ppo_seed47,ppo,PPO,47
77861,intercepted,1,0,0,0,71,14,7.0,57,71.0,35.5,6.076338768005371,0,3.0177348369154435,2.420663356781006,3.3212161020501236,58,ppo_seed47,ppo,PPO,47
77862,intercepted,1,0,0,0,141,16,8.0,125,141.0,70.5,6.876224517822266,0,3.040969480124731,1.4479066133499146,3.273010925810729,126,ppo_seed47,ppo,PPO,47
77863,intercepted,1,0,0,0,19,15,7.5,4,19.0,9.5,9.474958419799805,0,3.089229440689087,3.1417622566223145,3.1466996395819455,5,ppo_seed47,ppo,PPO,47
77864,soldier_caught,0,1,0,0,11,9,4.5,2,,,1.982317328453064,0,2.1747541030248008,2.748548984527588,2.218685682177328,3,ppo_seed47,ppo,PPO,47
77865,intercepted,1,0,0,0,259,27,13.5,232,259.0,129.5,8.450981140136719,0,3.225764329597162,3.3512799739837646,3.5193095725716312,233,ppo_seed47,ppo,PPO,47
77866,intercepted,1,0,0,0,35,30,15.0,5,35.0,17.5,9.153902053833008,0,2.921871309479078,4.22344446182251,3.182173427754829,6,ppo_seed47,ppo,PPO,47
77867,intercepted,1,0,0,0,665,14,7.0,651,665.0,332.5,2.1609432697296143,0,3.278672587834984,3.0611813068389893,3.557077274142048,652,ppo_seed47,ppo,PPO,47
77868,intercepted,1,0,0,0,75,10,5.0,65,75.0,37.5,4.7350616455078125,0,3.2712132307616146,3.7827322483062744,3.509559876729329,66,ppo_seed47,ppo,PPO,47
77869,intercepted,1,0,0,0,133,103,51.5,30,133.0,66.5,11.759249687194824,0,3.529307507699536,2.216456651687622,3.7168922596161638,31,ppo_seed47,ppo,PPO,47
77870,intercepted,1,0,0,0,18,14,7.0,4,18.0,9.0,5.966251373291016,0,2.7091949701309206,2.1469790935516357,3.091668844018854,5,ppo_seed47,ppo,PPO,47
77871,intercepted,1,0,0,0,228,9,4.5,219,228.0,114.0,12.93865966796875,0,3.1993434561924503,2.044243097305298,3.485243011083851,220,ppo_seed47,ppo,PPO,47
77872,intercepted,1,0,0,0,928,10,5.0,918,928.0,464.0,2.4323318004608154,0,3.142387263793032,3.7018821239471436,3.4184522000721453,919,ppo_seed47,ppo,PPO,47
77873,intercepted,1,0,0,0,130,9,4.5,121,130.0,65.0,8.473220825195312,0,3.277627436352558,1.8754935264587402,3.5339611051146487,122,ppo_seed47,ppo,PPO,47
77874,intercepted,1,0,0,0,40,9,4.5,31,40.0,20.0,6.333247184753418,0,3.357290782034397,5.523890495300293,3.6101868510875814,32,ppo_seed47,ppo,PPO,47
77875,intercepted,1,0,0,0,157,11,5.5,146,157.0,78.5,3.1729018688201904,0,3.10971861753334,1.7490394115447998,3.348163523782725,147,ppo_seed47,ppo,PPO,47
77876,intercepted,1,0,0,0,68,14,7.0,54,68.0,34.0,11.751988410949707,0,3.2870124968615446,4.2842631340026855,3.6247623165382006,55,ppo_seed47,ppo,PPO,47
77877,intercepted,1,0,0,0,338,20,10.0,318,338.0,169.0,7.911838054656982,0,3.168954984895114,3.3180720806121826,3.460270988276868,319,ppo_seed47,ppo,PPO,47
77878,intercepted,1,0,0,0,44,17,8.5,27,44.0,22.0,11.90082836151123,0,3.212916985154152,2.3714563846588135,3.4811071695305333,28,ppo_seed47,ppo,PPO,47
77879,intercepted,1,0,0,0,35,9,4.5,26,35.0,17.5,8.219537734985352,0,3.023752799740544,1.529505729675293,3.2584565590083012,27,ppo_seed47,ppo,PPO,47
77880,intercepted,1,0,0,0,150,9,4.5,141,150.0,75.0,5.4710187911987305,0,2.9877966310776456,2.616370677947998,3.263151932406435,142,ppo_seed47,ppo,PPO,47
77881,intercepted,1,0,0,0,92,8,4.0,84,92.0,46.0,2.0411245822906494,0,3.1026773263426386,4.152362823486328,3.3243877167377422,85,ppo_seed47,ppo,PPO,47
77882,intercepted,1,0,0,0,376,11,5.5,365,376.0,188.0,2.4487526416778564,0,3.152649141237384,2.0084621906280518,3.4331610977709293,366,ppo_seed47,ppo,PPO,47
77883,intercepted,1,0,0,0,74,10,5.0,64,74.0,37.0,7.548993110656738,0,3.0076502341490525,3.2237870693206787,3.3322229266499277,65,ppo_seed47,ppo,PPO,47
77884,intercepted,1,0,0,0,21,19,9.5,2,21.0,10.5,4.012080192565918,0,4.843152364095052,5.119785308837891,4.876029454786883,3,ppo_seed47,ppo,PPO,47
77885,intercepted,1,0,0,0,207,74,37.0,133,207.0,103.5,6.209445953369141,0,3.247718877311963,3.9706554412841797,3.5010352493988792,134,ppo_seed47,ppo,PPO,47
77886,intercepted,1,0,0,0,137,10,5.0,127,137.0,68.5,2.0535151958465576,0,3.2542824344709516,3.3828787803649902,3.5794512305658253,128,ppo_seed47,ppo,PPO,47
77887,intercepted,1,0,0,0,232,10,5.0,222,232.0,116.0,5.17371940612793,0,3.3778943924625895,3.133868455886841,3.6324434892951536,223,ppo_seed47,ppo,PPO,47
77888,soldier_caught,0,1,0,0,602,12,6.0,590,,,1.4512227773666382,0,3.036763110741746,4.192387580871582,3.3134826192799816,591,ppo_seed47,ppo,PPO,47
77889,intercepted,1,0,0,0,273,9,4.5,264,273.0,136.5,2.130159854888916,0,3.2589267434938898,2.1268537044525146,3.5094157089290094,265,ppo_seed47,ppo,PPO,47
77890,intercepted,1,0,0,0,105,10,5.0,95,105.0,52.5,2.3472657203674316,0,3.1771643720567226,3.2235584259033203,3.4489523818508823,96,ppo_seed47,ppo,PPO,47
77891,intercepted,1,0,0,0,512,11,5.5,501,512.0,256.0,3.6623096466064453,0,3.1657253310262443,3.6858463287353516,3.436730062217458,502,ppo_seed47,ppo,PPO,47
77892,intercepted,1,0,0,0,264,12,6.0,252,264.0,132.0,2.041168451309204,0,3.2192974184812764,5.597994804382324,3.4893429771804625,253,ppo_seed47,ppo,PPO,47
77893,intercepted,1,0,0,0,862,66,33.0,796,862.0,431.0,8.589373588562012,0,3.2088759793541213,1.3375990390777588,3.4848810307116382,797,ppo_seed47,ppo,PPO,47
77894,intercepted,1,0,0,0,283,83,41.5,200,283.0,141.5,8.896657943725586,0,3.2514235303176577,3.4334442615509033,3.5036289239114042,201,ppo_seed47,ppo,PPO,47
77895,intercepted,1,0,0,0,262,9,4.5,253,262.0,131.0,3.608759641647339,0,3.279117577657925,3.2528750896453857,3.5534008015055036,254,ppo_seed47,ppo,PPO,47
77896,intercepted,1,0,0,0,662,9,4.5,653,662.0,331.0,3.025509834289551,0,3.1797866138660944,2.5885062217712402,3.4490185782538716,654,ppo_seed47,ppo,PPO,47
77897,intercepted,1,0,0,0,320,9,4.5,311,320.0,160.0,5.290069103240967,0,3.338369544882041,4.111630916595459,3.591084845248036,312,ppo_seed47,ppo,PPO,47
77898,soldier_caught,0,1,0,0,13,10,5.0,3,,,1.1246166229248047,0,2.7149060554802418,1.4929090738296509,3.3813081704391608,4,ppo_seed47,ppo,PPO,47
77899,intercepted,1,0,0,0,38,12,6.0,26,38.0,19.0,8.555788040161133,0,3.0283604153880366,1.47386634349823,3.2677346912777208,27,ppo_seed47,ppo,PPO,47
77900,intercepted,1,0,0,0,259,15,7.5,244,259.0,129.5,2.698227643966675,0,3.1359950488927413,5.730827808380127,3.4324378465417813,245,ppo_seed47,ppo,PPO,47
77901,intercepted,1,0,0,0,280,8,4.0,272,280.0,140.0,3.608982801437378,0,3.1047325145193945,5.816163539886475,3.366517080510746,273,ppo_seed47,ppo,PPO,47
77902,intercepted,1,0,0,0,17,13,6.5,4,17.0,8.5,9.654138565063477,0,3.001986837387085,7.189148902893066,3.6951466682511116,5,ppo_seed47,ppo,PPO,47
77903,soldier_caught,0,1,0,0,231,10,5.0,221,,,0.7386695742607117,0,3.3421401926526078,2.321571111679077,3.5751991605289186,222,ppo_seed47,ppo,PPO,47
77904,intercepted,1,0,0,0,189,10,5.0,179,189.0,94.5,4.6225457191467285,0,3.229230677088102,4.984893798828125,3.4887352375384104,180,ppo_seed47,ppo,PPO,47
77905,intercepted,1,0,0,0,241,11,5.5,230,241.0,120.5,2.5873498916625977,0,3.1136311953201954,1.6986128091812134,3.330511168049481,231,ppo_seed47,ppo,PPO,47
77906,intercepted,1,0,0,0,561,9,4.5,552,561.0,280.5,2.2827353477478027,0,3.234376759037618,1.7508031129837036,3.5181913998922214,553,ppo_seed47,ppo,PPO,47
77907,intercepted,1,0,0,0,307,59,29.5,248,307.0,153.5,2.531026601791382,0,3.085529803750984,2.3080177307128906,3.3536408366399715,249,ppo_seed47,ppo,PPO,47
77908,soldier_caught,0,1,0,0,15,12,6.0,3,,,0.838047444820404,0,2.8819921910762787,1.118242859840393,3.1413722491464493,4,ppo_seed47,ppo,PPO,47
77909,intercepted,1,0,0,0,90,9,4.5,81,90.0,45.0,8.837979316711426,0,3.11214951698373,3.400545358657837,3.4109655781224837,82,ppo_seed47,ppo,PPO,47
77910,intercepted,1,0,0,0,158,13,6.5,145,158.0,79.0,2.8436760902404785,0,3.148072215384,3.312122344970703,3.4399333175651607,146,ppo_seed47,ppo,PPO,47
77911,soldier_caught,0,1,0,0,36,11,5.5,25,,,1.7213876247406006,0,3.5555793046951294,3.5556936264038086,3.7261202762552075,26,ppo_seed47,ppo,PPO,47
77912,intercepted,1,0,0,0,138,12,6.0,126,138.0,69.0,11.280664443969727,0,3.4560886694221047,3.8653132915496826,3.706401708429358,127,ppo_seed47,ppo,PPO,47
77913,intercepted,1,0,0,0,114,108,54.0,6,114.0,57.0,13.0315523147583,0,3.345004303114755,2.2414770126342773,3.56728154737458,7,ppo_seed47,ppo,PPO,47
77914,intercepted,1,0,0,0,145,10,5.0,135,145.0,72.5,3.2074875831604004,0,3.039503522655543,2.4432220458984375,3.3165919065122274,136,ppo_seed47,ppo,PPO,47
77915,intercepted,1,0,0,0,207,9,4.5,198,207.0,103.5,2.477260112762451,0,3.219848733002217,2.262704849243164,3.499117342647734,199,ppo_seed47,ppo,PPO,47
77916,intercepted,1,0,0,0,606,9,4.5,597,606.0,303.0,8.131753921508789,0,3.1390300136445757,3.871796131134033,3.418734428717212,598,ppo_seed47,ppo,PPO,47
77917,intercepted,1,0,0,0,90,9,4.5,81,90.0,45.0,2.765742301940918,0,3.097215820376466,1.5290437936782837,3.309289735226891,82,ppo_seed47,ppo,PPO,47
77918,soldier_caught,0,1,0,0,57,9,4.5,48,,,0.9748231172561646,0,3.3353075251287345,2.74361515045166,3.679490457907174,49,ppo_seed47,ppo,PPO,47
77919,intercepted,1,0,0,0,282,11,5.5,271,282.0,141.0,2.3598697185516357,0,3.2208589877494993,4.373531341552734,3.4745435518498247,272,ppo_seed47,ppo,PPO,47
77920,intercepted,1,0,0,0,398,10,5.0,388,398.0,199.0,5.474369525909424,0,3.1093349878156706,4.189962863922119,3.395043712094095,389,ppo_seed47,ppo,PPO,47
77921,soldier_caught,0,1,0,0,228,10,5.0,218,,,1.362681269645691,0,3.199006754513745,6.564051151275635,3.4640030129022614,219,ppo_seed47,ppo,PPO,47
77922,intercepted,1,0,0,0,74,13,6.5,61,74.0,37.0,12.980886459350586,0,3.530282316669341,3.662545919418335,3.7110747948473826,62,ppo_seed47,ppo,PPO,47
77923,intercepted,1,0,0,0,397,8,4.0,389,397.0,198.5,2.8831214904785156,0,3.2303210167548597,2.033254623413086,3.5346658995482576,390,ppo_seed47,ppo,PPO,47
77924,intercepted,1,0,0,0,73,8,4.0,65,73.0,36.5,7.883625030517578,0,3.1879783832665645,1.9438282251358032,3.4018969914078037,66,ppo_seed47,ppo,PPO,47
77925,intercepted,1,0,0,0,83,29,14.5,54,83.0,41.5,10.987378120422363,0,3.202146934921091,2.102041244506836,3.5125610896109634,55,ppo_seed47,ppo,PPO,47
77926,intercepted,1,0,0,0,366,17,8.5,349,366.0,183.0,7.123155117034912,0,3.2340298226901463,6.778438568115234,3.5087450735373564,350,ppo_seed47,ppo,PPO,47
77927,soldier_caught,0,1,0,0,12,9,4.5,3,,,1.5223218202590942,0,4.251908779144287,4.441455841064453,4.511822231187645,4,ppo_seed47,ppo,PPO,47
77928,soldier_caught,0,1,0,0,140,10,5.0,130,,,1.945774793624878,0,3.358107394844521,7.481338024139404,3.6199856518475175,131,ppo_seed47,ppo,PPO,47
77929,soldier_caught,0,1,0,0,182,9,4.5,173,,,1.8997007608413696,0,3.2804809517558966,4.502114295959473,3.5248813447277283,174,ppo_seed47,ppo,PPO,47
77930,intercepted,1,0,0,0,153,17,8.5,136,153.0,76.5,8.163829803466797,0,3.327993613960099,3.6416075229644775,3.5820113315804805,137,ppo_seed47,ppo,PPO,47
77931,intercepted,1,0,0,0,13,10,5.0,3,13.0,6.5,3.360978603363037,0,4.313500881195068,3.5533645153045654,4.396595097476138,4,ppo_seed47,ppo,PPO,47
77932,intercepted,1,0,0,0,15,12,6.0,3,15.0,7.5,4.183624744415283,0,3.9586099982261658,5.117543697357178,4.065271795671468,4,ppo_seed47,ppo,PPO,47
77933,intercepted,1,0,0,0,115,14,7.0,101,115.0,57.5,4.085984230041504,0,3.241611023451768,2.787442207336426,3.4888054092930507,102,ppo_seed47,ppo,PPO,47
77934,intercepted,1,0,0,0,20,15,7.5,5,20.0,10.0,6.7356743812561035,0,1.9539323647816975,1.83638596534729,2.1307613887760093,6,ppo_seed47,ppo,PPO,47
77935,intercepted,1,0,0,0,42,15,7.5,27,42.0,21.0,13.221101760864258,0,3.0676717162132263,2.6392111778259277,3.361937181328163,28,ppo_seed47,ppo,PPO,47
77936,intercepted,1,0,0,0,40,16,8.0,24,40.0,20.0,9.39392375946045,0,2.9918153047561646,2.3393211364746094,3.1640696898941045,25,ppo_seed47,ppo,PPO,47
77937,intercepted,1,0,0,0,119,11,5.5,108,119.0,59.5,2.0987119674682617,0,3.226197568648452,3.860002040863037,3.50619625018683,109,ppo_seed47,ppo,PPO,47
77938,intercepted,1,0,0,0,150,11,5.5,139,150.0,75.0,12.89707088470459,0,3.222259717115334,3.144031047821045,3.5023497764441287,140,ppo_seed47,ppo,PPO,47
77939,soldier_caught,0,1,0,0,594,10,5.0,584,,,1.9326527118682861,0,3.2450266543616597,3.3619327545166016,3.5565589395714623,585,ppo_seed47,ppo,PPO,47
77940,intercepted,1,0,0,0,65,9,4.5,56,65.0,32.5,3.2669570446014404,0,2.992034289920539,1.063768744468689,3.307754756409389,57,ppo_seed47,ppo,PPO,47
77941,intercepted,1,0,0,0,21,17,8.5,4,21.0,10.5,8.709650039672852,0,2.420081353187561,1.8842434883117676,2.5869980881774843,5,ppo_seed47,ppo,PPO,47
77942,intercepted,1,0,0,0,837,17,8.5,820,837.0,418.5,3.038520097732544,0,3.2431177813990835,3.344067096710205,3.5106032590601393,821,ppo_seed47,ppo,PPO,47
77943,intercepted,1,0,0,0,34,9,4.5,25,34.0,17.0,10.206594467163086,0,2.7759095957646003,4.332879543304443,2.9522342361971594,26,ppo_seed47,ppo,PPO,47
77944,soldier_caught,0,1,0,0,290,133,66.5,157,,,1.9426754713058472,0,3.2000123409530783,2.445183038711548,3.4406349509442102,158,ppo_seed47,ppo,PPO,47
77945,intercepted,1,0,0,0,70,15,7.5,55,70.0,35.0,2.5001869201660156,0,3.274685288114207,3.8987698554992676,3.5664119263343075,56,ppo_seed47,ppo,PPO,47
77946,intercepted,1,0,0,0,15,12,6.0,3,15.0,7.5,4.761130332946777,0,3.7541303634643555,7.172009468078613,4.300015127818045,4,ppo_seed47,ppo,PPO,47
77947,intercepted,1,0,0,0,11,8,4.0,3,11.0,5.5,3.8025288581848145,0,2.545155644416809,3.599189043045044,2.6247315273763285,4,ppo_seed47,ppo,PPO,47
77948,intercepted,1,0,0,0,99,8,4.0,91,99.0,49.5,2.5541365146636963,0,3.22572806801485,2.880985736846924,3.5053887871263547,92,ppo_seed47,ppo,PPO,47
77949,soldier_caught,0,1,0,0,296,9,4.5,287,,,1.1096752882003784,0,3.266195898461673,3.4142327308654785,3.523570700410954,288,ppo_seed47,ppo,PPO,47
77950,intercepted,1,0,0,0,86,8,4.0,78,86.0,43.0,5.616824626922607,0,3.311025484453274,2.1360585689544678,3.6091672619425696,79,ppo_seed47,ppo,PPO,47
77951,intercepted,1,0,0,0,44,12,6.0,32,44.0,22.0,10.6360445022583,0,3.405677712324894,2.4487173557281494,3.619339609947416,33,ppo_seed47,ppo,PPO,47
77952,intercepted,1,0,0,0,441,13,6.5,428,441.0,220.5,2.0286319255828857,0,3.1257724195788232,2.979828357696533,3.407134352535542,429,ppo_seed47,ppo,PPO,47
77953,intercepted,1,0,0,0,210,91,45.5,119,210.0,105.0,7.579648971557617,0,3.207474256555239,2.366683006286621,3.4135351302869967,120,ppo_seed47,ppo,PPO,47
77954,intercepted,1,0,0,0,21,17,8.5,4,21.0,10.5,9.230607986450195,0,3.489155662059784,5.460227966308594,3.9355699952109635,5,ppo_seed47,ppo,PPO,47
77955,soldier_caught,0,1,0,0,61,10,5.0,51,,,1.793839931488037,0,3.12755976158839,4.7853312492370605,3.442809532953872,52,ppo_seed47,ppo,PPO,47
77956,intercepted,1,0,0,0,47,10,5.0,37,47.0,23.5,4.478629112243652,0,2.9742674411911714,2.6898343563079834,3.2955924471237137,38,ppo_seed47,ppo,PPO,47
77957,soldier_caught,0,1,0,0,821,55,27.5,766,,,1.345359206199646,0,3.2557625060675197,4.488880634307861,3.5325533289230093,767,ppo_seed47,ppo,PPO,47
77958,intercepted,1,0,0,0,278,9,4.5,269,278.0,139.0,2.3262228965759277,0,3.31826733328678,2.542794704437256,3.6142770221602816,270,ppo_seed47,ppo,PPO,47
77959,intercepted,1,0,0,0,16,13,6.5,3,16.0,8.0,7.0568060874938965,0,3.688780665397644,3.532153367996216,3.796807942959199,4,ppo_seed47,ppo,PPO,47
77960,soldier_caught,0,1,0,0,15,13,6.5,2,,,1.7354040145874023,0,3.4427578449249268,3.8165640830993652,3.641575065289254,3,ppo_seed47,ppo,PPO,47
77961,intercepted,1,0,0,0,96,19,9.5,77,96.0,48.0,12.073470115661621,0,3.5157949450688486,3.2421047687530518,3.8535468906978614,78,ppo_seed47,ppo,PPO,47
77962,intercepted,1,0,0,0,42,8,4.0,34,42.0,21.0,6.544990539550781,0,3.0937866125788007,4.71171236038208,3.3271610518347514,35,ppo_seed47,ppo,PPO,47
77963,intercepted,1,0,0,0,19,16,8.0,3,19.0,9.5,2.946120500564575,0,3.0665853023529053,2.647308111190796,3.1537936531508497,4,ppo_seed47,ppo,PPO,47
77964,intercepted,1,0,0,0,101,11,5.5,90,101.0,50.5,2.2623090744018555,0,3.1494388842320706,3.345911741256714,3.40682319750213,91,ppo_seed47,ppo,PPO,47
77965,unsafe_intercept,0,0,1,0,15,13,6.5,2,,,3.2187347412109375,0,2.155593156814575,1.5269887447357178,2.2174881690686092,3,ppo_seed47,ppo,PPO,47
77966,intercepted,1,0,0,0,172,16,8.0,156,172.0,86.0,4.554088592529297,0,3.1422594840739184,5.41464900970459,3.47926234619267,157,ppo_seed47,ppo,PPO,47
77967,intercepted,1,0,0,0,21,14,7.0,7,21.0,10.5,7.540958881378174,0,4.010824739933014,3.2304320335388184,4.130626901259347,8,ppo_seed47,ppo,PPO,47
77968,intercepted,1,0,0,0,35,12,6.0,23,35.0,17.5,11.264166831970215,0,3.3384729474782944,2.485914945602417,3.594474353254474,24,ppo_seed47,ppo,PPO,47
77969,intercepted,1,0,0,0,83,11,5.5,72,83.0,41.5,4.989445209503174,0,3.4411131135404927,4.8260111808776855,3.709359255886335,73,ppo_seed47,ppo,PPO,47
77970,intercepted,1,0,0,0,208,13,6.5,195,208.0,104.0,6.780267715454102,0,3.125127585870879,4.978301048278809,3.4044041329352823,196,ppo_seed47,ppo,PPO,47
77971,intercepted,1,0,0,0,335,11,5.5,324,335.0,167.5,2.7058651447296143,0,3.2444884677116685,5.391358852386475,3.495695932823559,325,ppo_seed47,ppo,PPO,47
77972,unsafe_intercept,0,0,1,0,34,10,5.0,24,,,2.7764618396759033,0,3.345585517883301,1.921891212463379,3.553692744758268,25,ppo_seed47,ppo,PPO,47
77973,intercepted,1,0,0,0,104,7,3.5,97,104.0,52.0,8.199190139770508,0,3.250349993000225,5.3792195320129395,3.4387392285612015,98,ppo_seed47,ppo,PPO,47
77974,intercepted,1,0,0,0,125,7,3.5,118,125.0,62.5,2.0137250423431396,0,3.073377218441803,3.245927572250366,3.368253533400902,119,ppo_seed47,ppo,PPO,47
77975,intercepted,1,0,0,0,94,8,4.0,86,94.0,47.0,10.651471138000488,0,3.177403821684848,3.748025894165039,3.5005876425356117,87,ppo_seed47,ppo,PPO,47
77976,intercepted,1,0,0,0,346,12,6.0,334,346.0,173.0,2.2996864318847656,0,3.2230912348227716,2.558429479598999,3.5187612209053007,335,ppo_seed47,ppo,PPO,47
77977,intercepted,1,0,0,0,178,11,5.5,167,178.0,89.0,2.779088258743286,0,3.045211762899444,3.7640209197998047,3.3313068348134887,168,ppo_seed47,ppo,PPO,47
77978,intercepted,1,0,0,0,30,11,5.5,19,30.0,15.0,11.778136253356934,0,3.664411073923111,2.7896368503570557,4.1620073925952354,20,ppo_seed47,ppo,PPO,47
77979,soldier_caught,0,1,0,0,129,16,8.0,113,,,1.989128828048706,0,3.3070888116694332,3.9648122787475586,3.547147529548432,114,ppo_seed47,ppo,PPO,47
77980,intercepted,1,0,0,0,44,14,7.0,30,44.0,22.0,14.285906791687012,0,3.5787331481133737,2.8417766094207764,3.7075166574810936,31,ppo_seed47,ppo,PPO,47
77981,intercepted,1,0,0,0,209,10,5.0,199,209.0,104.5,2.320366621017456,0,3.198448984771967,3.385042905807495,3.461017332822984,200,ppo_seed47,ppo,PPO,47
77982,intercepted,1,0,0,0,333,13,6.5,320,333.0,166.5,2.9233782291412354,0,3.2054008419082916,2.512996196746826,3.4916131578108587,321,ppo_seed47,ppo,PPO,47
77983,intercepted,1,0,0,0,222,9,4.5,213,222.0,111.0,2.8781943321228027,0,3.1598708459707066,3.0084171295166016,3.422976675236054,214,ppo_seed47,ppo,PPO,47
77984,intercepted,1,0,0,0,348,16,8.0,332,348.0,174.0,2.9689767360687256,0,3.3268033602574207,3.2642810344696045,3.6006981469765877,333,ppo_seed47,ppo,PPO,47
77985,intercepted,1,0,0,0,56,8,4.0,48,56.0,28.0,5.365538120269775,0,3.2088062446944567,4.121404647827148,3.46942121006942,49,ppo_seed47,ppo,PPO,47
77986,soldier_caught,0,1,0,0,148,47,23.5,101,,,1.4662270545959473,0,3.1601278656253626,3.4491961002349854,3.417598969581731,102,ppo_seed47,ppo,PPO,47
77987,intercepted,1,0,0,0,28,8,4.0,20,28.0,14.0,3.4077680110931396,0,3.05081007594154,2.303943395614624,3.289752683490893,21,ppo_seed47,ppo,PPO,47
77988,intercepted,1,0,0,0,427,11,5.5,416,427.0,213.5,7.095376968383789,0,3.1724578472350142,3.4147727489471436,3.436578579683196,417,ppo_seed47,ppo,PPO,47
77989,intercepted,1,0,0,0,20,10,5.0,10,20.0,10.0,3.0479533672332764,0,2.826900373805653,1.6166080236434937,3.2281814826271376,11,ppo_seed47,ppo,PPO,47
77990,intercepted,1,0,0,0,539,9,4.5,530,539.0,269.5,2.202110528945923,0,3.2614948008693543,3.811441659927368,3.520858861437038,531,ppo_seed47,ppo,PPO,47
77991,intercepted,1,0,0,0,64,29,14.5,35,64.0,32.0,9.577733039855957,0,3.3014851642979517,3.93129825592041,3.672989018721346,36,ppo_seed47,ppo,PPO,47
77992,intercepted,1,0,0,0,77,51,25.5,26,77.0,38.5,10.331274032592773,0,3.3782562988775746,2.950111150741577,3.5258856499698012,27,ppo_seed47,ppo,PPO,47
77993,soldier_caught,0,1,0,0,136,12,6.0,124,,,1.4863133430480957,0,3.2697106580734254,0.4832485318183899,3.526105481762475,125,ppo_seed47,ppo,PPO,47
77994,intercepted,1,0,0,0,149,18,9.0,131,149.0,74.5,9.09365177154541,0,2.9800700938159768,2.193575859069824,3.2751705087219443,132,ppo_seed47,ppo,PPO,47
77995,timeout,0,0,0,1,2000,10,5.0,1990,,,2.050888776779175,0,3.169573435437314,4.3419318199157715,3.442648984913608,1991,ppo_seed47,ppo,PPO,47
77996,intercepted,1,0,0,0,140,47,23.5,93,140.0,70.0,11.376723289489746,0,3.4540800002027066,2.4419476985931396,3.7345393833383262,94,ppo_seed47,ppo,PPO,47
77997,intercepted,1,0,0,0,25,16,8.0,9,25.0,12.5,13.000565528869629,0,3.1712879300117494,1.3795057535171509,3.5108158903630216,10,ppo_seed47,ppo,PPO,47
77998,soldier_caught,0,1,0,0,57,9,4.5,48,,,1.7798389196395874,0,3.2929209872167937,2.92997670173645,3.5886619181247466,49,ppo_seed47,ppo,PPO,47
77999,intercepted,1,0,0,0,17,13,6.5,4,17.0,8.5,9.450408935546875,0,3.037831449508667,2.6313364505767822,3.4789260524579424,5,ppo_seed47,ppo,PPO,47
