environment_seed,outcome,success,soldier_caught,unsafe_intercept,timeout,total_steps,detection_step,detection_time_seconds,post_detection_steps,intercept_step,intercept_time_seconds,min_enemy_soldier_dist,physical_limit_violations,mean_tracking_error,final_tracking_error,tracking_rmse,n_tracking_samples,instance_id,instance_name,family,training_seed
77000,intercepted,1,0,0,0,432,9,4.5,423,432.0,216.0,4.765539646148682,0,7.225955903670698,5.870022773742676,7.458383031632745,424,ppo_kalman_seed47,ppo_kalman,PPO-Kalman,47
77001,intercepted,1,0,0,0,262,17,8.5,245,262.0,131.0,2.809333324432373,0,7.170189154584233,7.290603160858154,7.394794668596733,246,ppo_kalman_seed47,ppo_kalman,PPO-Kalman,47
77002,intercepted,1,0,0,0,255,58,29.0,197,255.0,127.5,11.693658828735352,0,7.3194781963271325,8.573945045471191,7.537718578253701,198,ppo_kalman_seed47,ppo_kalman,PPO-Kalman,47
77003,intercepted,1,0,0,0,459,30,15.0,429,459.0,229.5,3.064107894897461,0,7.364530199835467,7.6265482902526855,7.580276392850517,430,ppo_kalman_seed47,ppo_kalman,PPO-Kalman,47
77004,intercepted,1,0,0,0,221,72,36.0,149,221.0,110.5,7.255049228668213,0,6.794045609235764,6.518097877502441,7.0104183722046995,150,ppo_kalman_seed47,ppo_kalman,PPO-Kalman,47
77005,intercepted,1,0,0,0,19,13,6.5,6,19.0,9.5,7.25547456741333,0,2.736891738006047,3.9265735149383545,3.422100706961799,7,ppo_kalman_seed47,ppo_kalman,PPO-Kalman,47
77006,intercepted,1,0,0,0,36,31,15.5,5,36.0,18.0,10.126089096069336,0,3.76972496509552,4.694994926452637,4.061234766963692,6,ppo_kalman_seed47,ppo_kalman,PPO-Kalman,47
77007,intercepted,1,0,0,0,75,16,8.0,59,75.0,37.5,13.249849319458008,0,7.491857464114825,6.020747661590576,7.775300437910659,60,ppo_kalman_seed47,ppo_kalman,PPO-Kalman,47
77008,intercepted,1,0,0,0,286,9,4.5,277,286.0,143.0,3.411926746368408,0,7.277620995216233,8.561575889587402,7.511299502362981,278,ppo_kalman_seed47,ppo_kalman,PPO-Kalman,47
77009,intercepted,1,0,0,0,141,136,68.0,5,141.0,70.5,11.019170761108398,0,3.7536405523618064,2.8233203887939453,3.942224846537903,6,ppo_kalman_seed47,ppo_kalman,PPO-Kalman,47
77010,intercepted,1,0,0,0,16,10,5.0,6,16.0,8.0,10.081049919128418,0,2.5149990490504672,0.8718191385269165,2.745752903720323,7,ppo_kalman_seed47,ppo_kalman,PPO-Kalman,47
77011,intercepted,1,0,0,0,545,17,8.5,528,545.0,272.5,4.312979698181152,0,7.264200952643483,8.229094505310059,7.507587419053039,529,ppo_kalman_seed47,ppo_kalman,PPO-Kalman,47
77012,intercepted,1,0,0,0,15,10,5.0,5,15.0,7.5,5.767446041107178,0,2.9386925101280212,5.376984596252441,3.2063640089312884,6,ppo_kalman_seed47,ppo_kalman,PPO-Kalman,47
77013,intercepted,1,0,0,0,454,29,14.5,425,454.0,227.0,4.814858436584473,0,7.7536182113236665,5.250214576721191,7.87667806804441,426,ppo_kalman_seed47,ppo_kalman,PPO-Kalman,47
77014,intercepted,1,0,0,0,419,10,5.0,409,419.0,209.5,4.891964435577393,0,7.5628600123451974,6.815376281738281,7.723315840347748,410,ppo_kalman_seed47,ppo_kalman,PPO-Kalman,47
77015,intercepted,1,0,0,0,55,9,4.5,46,55.0,27.5,8.906961441040039,0,5.600043479432451,8.648101806640625,6.189828556673832,47,ppo_kalman_seed47,ppo_kalman,PPO-Kalman,47
77016,soldier_caught,0,1,0,0,250,8,4.0,242,,,1.9483511447906494,0,7.1316587076265625,9.397643089294434,7.374499956447913,243,ppo_kalman_seed47,ppo_kalman,PPO-Kalman,47
77017,intercepted,1,0,0,0,193,14,7.0,179,193.0,96.5,2.9011383056640625,0,7.349350709385342,8.892993927001953,7.591103105408574,180,ppo_kalman_seed47,ppo_kalman,PPO-Kalman,47
77018,intercepted,1,0,0,0,646,77,38.5,569,646.0,323.0,4.25616455078125,0,7.485963141604474,7.946055889129639,7.665934587186392,570,ppo_kalman_seed47,ppo_kalman,PPO-Kalman,47
77019,intercepted,1,0,0,0,13,8,4.0,5,13.0,6.5,9.040027618408203,0,3.2336071530977883,4.15944766998291,3.4355674184347786,6,ppo_kalman_seed47,ppo_kalman,PPO-Kalman,47
77020,intercepted,1,0,0,0,571,10,5.0,561,571.0,285.5,2.1321773529052734,0,7.760458109429723,7.134632587432861,7.878538443091147,562,ppo_kalman_seed47,ppo_kalman,PPO-Kalman,47
77021,intercepted,1,0,0,0,96,41,20.5,55,96.0,48.0,13.557106971740723,0,7.553942695260048,7.432434558868408,7.921325064783002,56,ppo_kalman_seed47,ppo_kalman,PPO-Kalman,47
77022,intercepted,1,0,0,0,634,16,8.0,618,634.0,317.0,3.5250284671783447,0,7.2571087707803015,4.96940279006958,7.477608196534153,619,ppo_kalman_seed47,ppo_kalman,PPO-Kalman,47
77023,intercepted,1,0,0,0,727,12,6.0,715,727.0,363.5,2.9143261909484863,0,7.374908769929875,6.182370185852051,7.6053163735106075,716,ppo_kalman_seed47,ppo_kalman,PPO-Kalman,47
77024,soldier_caught,0,1,0,0,662,18,9.0,644,,,1.908209204673767,0,7.462774153920107,9.272944450378418,7.668031702149631,645,ppo_kalman_seed47,ppo_kalman,PPO-Kalman,47
77025,intercepted,1,0,0,0,79,57,28.5,22,79.0,39.5,12.863751411437988,0,6.3067059413246485,7.386802673339844,6.5810979635463855,23,ppo_kalman_seed47,ppo_kalman,PPO-Kalman,47
77026,intercepted,1,0,0,0,76,10,5.0,66,76.0,38.0,8.52905559539795,0,6.349673315660278,7.978227138519287,6.702302202781604,67,ppo_kalman_seed47,ppo_kalman,PPO-Kalman,47
77027,intercepted,1,0,0,0,121,21,10.5,100,121.0,60.5,2.6885697841644287,0,7.06396628783481,6.7872114181518555,7.386447185928316,101,ppo_kalman_seed47,ppo_kalman,PPO-Kalman,47
77028,intercepted,1,0,0,0,30,10,5.0,20,30.0,15.0,10.966418266296387,0,5.230749533289955,8.094603538513184,5.557650325624612,21,ppo_kalman_seed47,ppo_kalman,PPO-Kalman,47
77029,intercepted,1,0,0,0,37,15,7.5,22,37.0,18.5,7.060217380523682,0,4.65656098075535,7.649417877197266,5.440991578953713,23,ppo_kalman_seed47,ppo_kalman,PPO-Kalman,47
77030,intercepted,1,0,0,0,79,9,4.5,70,79.0,39.5,9.592697143554688,0,6.54332910625028,7.288939952850342,6.872107187805345,71,ppo_kalman_seed47,ppo_kalman,PPO-Kalman,47
77031,soldier_caught,0,1,0,0,232,9,4.5,223,,,1.779605507850647,0,7.637562186058078,8.888623237609863,7.78345588495004,224,ppo_kalman_seed47,ppo_kalman,PPO-Kalman,47
77032,soldier_caught,0,1,0,0,202,31,15.5,171,,,1.455902099609375,0,7.483324573483578,7.726477146148682,7.718186602775837,172,ppo_kalman_seed47,ppo_kalman,PPO-Kalman,47
77033,intercepted,1,0,0,0,920,14,7.0,906,920.0,460.0,2.436492681503296,0,7.451609090907045,8.563605308532715,7.651130646520777,907,ppo_kalman_seed47,ppo_kalman,PPO-Kalman,47
77034,intercepted,1,0,0,0,110,10,5.0,100,110.0,55.0,2.772468328475952,0,6.205049910167657,5.3117780685424805,6.459244027045023,101,ppo_kalman_seed47,ppo_kalman,PPO-Kalman,47
77035,soldier_caught,0,1,0,0,62,13,6.5,49,,,1.8225512504577637,0,5.743393692970276,8.465914726257324,6.163871175763385,50,ppo_kalman_seed47,ppo_kalman,PPO-Kalman,47
77036,soldier_caught,0,1,0,0,256,13,6.5,243,,,1.4358137845993042,0,6.905060732706648,4.788562297821045,7.167190309275636,244,ppo_kalman_seed47,ppo_kalman,PPO-Kalman,47
77037,intercepted,1,0,0,0,132,12,6.0,120,132.0,66.0,3.684647798538208,0,6.549011759028947,6.777338027954102,6.855504068642952,121,ppo_kalman_seed47,ppo_kalman,PPO-Kalman,47
77038,intercepted,1,0,0,0,241,11,5.5,230,241.0,120.5,3.423412322998047,0,7.091441770136615,8.946718215942383,7.34511776884482,231,ppo_kalman_seed47,ppo_kalman,PPO-Kalman,47
77039,intercepted,1,0,0,0,19,13,6.5,6,19.0,9.5,13.33545207977295,0,3.1727291345596313,3.4475350379943848,3.346620384246646,7,ppo_kalman_seed47,ppo_kalman,PPO-Kalman,47
77040,intercepted,1,0,0,0,673,10,5.0,663,673.0,336.5,2.9733715057373047,0,7.42641129452421,6.493523120880127,7.6562309391193555,664,ppo_kalman_seed47,ppo_kalman,PPO-Kalman,47
77041,intercepted,1,0,0,0,22,18,9.0,4,22.0,11.0,10.185709953308105,0,2.2205400824546815,4.087487697601318,2.5018160503965117,5,ppo_kalman_seed47,ppo_kalman,PPO-Kalman,47
77042,intercepted,1,0,0,0,70,8,4.0,62,70.0,35.0,2.371065378189087,0,7.140879411546011,9.244895935058594,7.438556830312311,63,ppo_kalman_seed47,ppo_kalman,PPO-Kalman,47
77043,intercepted,1,0,0,0,194,13,6.5,181,194.0,97.0,2.4175851345062256,0,6.58875618662153,3.5173981189727783,6.872979908968846,182,ppo_kalman_seed47,ppo_kalman,PPO-Kalman,47
77044,intercepted,1,0,0,0,464,13,6.5,451,464.0,232.0,3.3661794662475586,0,7.308562538528864,5.55994987487793,7.559336251286192,452,ppo_kalman_seed47,ppo_kalman,PPO-Kalman,47
77045,intercepted,1,0,0,0,465,60,30.0,405,465.0,232.5,6.232236862182617,0,7.773213788646783,7.248323917388916,7.940711914564127,406,ppo_kalman_seed47,ppo_kalman,PPO-Kalman,47
77046,intercepted,1,0,0,0,31,13,6.5,18,31.0,15.5,12.727118492126465,0,4.88409487824691,8.718066215515137,5.351662389352093,19,ppo_kalman_seed47,ppo_kalman,PPO-Kalman,47
77047,intercepted,1,0,0,0,35,9,4.5,26,35.0,17.5,2.4588916301727295,0,5.835509136871055,6.706836223602295,6.335084039921657,27,ppo_kalman_seed47,ppo_kalman,PPO-Kalman,47
77048,intercepted,1,0,0,0,289,34,17.0,255,289.0,144.5,5.129239559173584,0,7.210718170041218,8.488079071044922,7.476615675681382,256,ppo_kalman_seed47,ppo_kalman,PPO-Kalman,47
77049,intercepted,1,0,0,0,39,34,17.0,5,39.0,19.5,12.908244132995605,0,3.622925877571106,1.9257698059082031,4.032741573384199,6,ppo_kalman_seed47,ppo_kalman,PPO-Kalman,47
77050,soldier_caught,0,1,0,0,38,10,5.0,28,,,1.8635435104370117,0,5.600779266192995,8.079835891723633,5.9230580579716055,29,ppo_kalman_seed47,ppo_kalman,PPO-Kalman,47
77051,soldier_caught,0,1,0,0,139,15,7.5,124,,,0.8756968379020691,0,6.92420822429657,6.828830718994141,7.208534400644781,125,ppo_kalman_seed47,ppo_kalman,PPO-Kalman,47
77052,intercepted,1,0,0,0,22,17,8.5,5,22.0,11.0,11.201055526733398,0,2.4260330200195312,3.1332759857177734,2.5563462646921487,6,ppo_kalman_seed47,ppo_kalman,PPO-Kalman,47
77053,intercepted,1,0,0,0,1140,11,5.5,1129,1140.0,570.0,2.153132200241089,0,7.466107602404282,5.752796173095703,7.693588477313928,1130,ppo_kalman_seed47,ppo_kalman,PPO-Kalman,47
77054,intercepted,1,0,0,0,141,19,9.5,122,141.0,70.5,12.584663391113281,0,7.827515856037295,6.4361066818237305,8.015547494044524,123,ppo_kalman_seed47,ppo_kalman,PPO-Kalman,47
77055,intercepted,1,0,0,0,17,13,6.5,4,17.0,8.5,14.004904747009277,0,2.8316402196884156,2.943000078201294,2.990227295317203,5,ppo_kalman_seed47,ppo_kalman,PPO-Kalman,47
77056,intercepted,1,0,0,0,164,132,66.0,32,164.0,82.0,12.481622695922852,0,3.725446484305642,2.993927240371704,4.253354385215436,33,ppo_kalman_seed47,ppo_kalman,PPO-Kalman,47
77057,intercepted,1,0,0,0,32,10,5.0,22,32.0,16.0,7.846551895141602,0,5.6649213303690376,5.723268985748291,5.963682333766264,23,ppo_kalman_seed47,ppo_kalman,PPO-Kalman,47
77058,intercepted,1,0,0,0,524,7,3.5,517,524.0,262.0,2.7294585704803467,0,7.430253451165085,6.526036739349365,7.595966808476075,518,ppo_kalman_seed47,ppo_kalman,PPO-Kalman,47
77059,intercepted,1,0,0,0,55,11,5.5,44,55.0,27.5,10.139931678771973,0,6.867871424886915,7.5860443115234375,7.159616313159254,45,ppo_kalman_seed47,ppo_kalman,PPO-Kalman,47
77060,intercepted,1,0,0,0,14,10,5.0,4,14.0,7.0,6.4959516525268555,0,1.24154931306839,0.6318838000297546,1.3558085255538537,5,ppo_kalman_seed47,ppo_kalman,PPO-Kalman,47
77061,intercepted,1,0,0,0,270,8,4.0,262,270.0,135.0,2.624598503112793,0,7.074844005896565,7.844393730163574,7.298400774314939,263,ppo_kalman_seed47,ppo_kalman,PPO-Kalman,47
77062,intercepted,1,0,0,0,57,11,5.5,46,57.0,28.5,3.8342435359954834,0,6.233285968608045,7.334331512451172,6.717999348084008,47,ppo_kalman_seed47,ppo_kalman,PPO-Kalman,47
77063,intercepted,1,0,0,0,990,8,4.0,982,990.0,495.0,2.1694722175598145,0,7.459854817281298,6.839147090911865,7.662288721788914,983,ppo_kalman_seed47,ppo_kalman,PPO-Kalman,47
77064,soldier_caught,0,1,0,0,285,7,3.5,278,,,1.9428058862686157,0,8.021477777898099,7.755322456359863,8.151441638919687,279,ppo_kalman_seed47,ppo_kalman,PPO-Kalman,47
77065,intercepted,1,0,0,0,16,11,5.5,5,16.0,8.0,7.1482319831848145,0,3.209108591079712,2.3468761444091797,3.4674971824175054,6,ppo_kalman_seed47,ppo_kalman,PPO-Kalman,47
77066,soldier_caught,0,1,0,0,128,12,6.0,116,,,1.2856712341308594,0,7.624644893356877,10.24752426147461,7.877137734880883,117,ppo_kalman_seed47,ppo_kalman,PPO-Kalman,47
77067,intercepted,1,0,0,0,87,82,41.0,5,87.0,43.5,10.010406494140625,0,3.215685764948527,3.4418065547943115,3.534585168176721,6,ppo_kalman_seed47,ppo_kalman,PPO-Kalman,47
77068,intercepted,1,0,0,0,13,10,5.0,3,13.0,6.5,5.369866371154785,0,3.063895106315613,4.7965168952941895,3.264531727699559,4,ppo_kalman_seed47,ppo_kalman,PPO-Kalman,47
77069,intercepted,1,0,0,0,12,9,4.5,3,12.0,6.0,7.754323959350586,0,2.4555936753749847,1.9766443967819214,2.528113422448032,4,ppo_kalman_seed47,ppo_kalman,PPO-Kalman,47
77070,intercepted,1,0,0,0,56,11,5.5,45,56.0,28.0,4.530040264129639,0,6.749820761058642,9.046751022338867,6.955317515374606,46,ppo_kalman_seed47,ppo_kalman,PPO-Kalman,47
77071,intercepted,1,0,0,0,22,15,7.5,7,22.0,11.0,14.598563194274902,0,2.77138152718544,3.9094762802124023,2.9334245639031273,8,ppo_kalman_seed47,ppo_kalman,PPO-Kalman,47
77072,intercepted,1,0,0,0,163,17,8.5,146,163.0,81.5,2.2039148807525635,0,6.624853622548434,6.575101375579834,6.932068964459035,147,ppo_kalman_seed47,ppo_kalman,PPO-Kalman,47
77073,intercepted,1,0,0,0,17,11,5.5,6,17.0,8.5,10.701610565185547,0,3.0493039063044955,3.642354726791382,3.147476209627034,7,ppo_kalman_seed47,ppo_kalman,PPO-Kalman,47
77074,soldier_caught,0,1,0,0,35,10,5.0,25,,,1.4643617868423462,0,6.088672942840136,8.545106887817383,6.716831063726567,26,ppo_kalman_seed47,ppo_kalman,PPO-Kalman,47
77075,intercepted,1,0,0,0,385,12,6.0,373,385.0,192.5,5.789770126342773,0,7.510844880884344,3.8370521068573,7.735901974002787,374,ppo_kalman_seed47,ppo_kalman,PPO-Kalman,47
77076,intercepted,1,0,0,0,165,8,4.0,157,165.0,82.5,6.292507171630859,0,7.34033518011057,7.918327331542969,7.6256399132763,158,ppo_kalman_seed47,ppo_kalman,PPO-Kalman,47
77077,intercepted,1,0,0,0,501,16,8.0,485,501.0,250.5,3.341301918029785,0,7.261951764301998,9.671795845031738,7.493893693388946,486,ppo_kalman_seed47,ppo_kalman,PPO-Kalman,47
77078,intercepted,1,0,0,0,468,9,4.5,459,468.0,234.0,2.229952573776245,0,7.213517931573417,8.889877319335938,7.465234315598968,460,ppo_kalman_seed47,ppo_kalman,PPO-Kalman,47
77079,soldier_caught,0,1,0,0,47,22,11.0,25,,,1.6187965869903564,0,5.695338228574166,7.803060531616211,6.404210832730883,26,ppo_kalman_seed47,ppo_kalman,PPO-Kalman,47
77080,intercepted,1,0,0,0,18,9,4.5,9,18.0,9.0,11.233704566955566,0,3.018016505241394,5.484490871429443,3.4332315059329273,10,ppo_kalman_seed47,ppo_kalman,PPO-Kalman,47
77081,intercepted,1,0,0,0,280,30,15.0,250,280.0,140.0,5.605229377746582,0,7.26271413094494,7.209742069244385,7.465931782977057,251,ppo_kalman_seed47,ppo_kalman,PPO-Kalman,47
77082,intercepted,1,0,0,0,144,8,4.0,136,144.0,72.0,2.1063191890716553,0,6.45357182165132,3.6518797874450684,6.818719909808226,137,ppo_kalman_seed47,ppo_kalman,PPO-Kalman,47
77083,soldier_caught,0,1,0,0,38,8,4.0,30,,,0.6480301022529602,0,5.434808384987615,8.400195121765137,5.784052945199919,31,ppo_kalman_seed47,ppo_kalman,PPO-Kalman,47
77084,intercepted,1,0,0,0,83,10,5.0,73,83.0,41.5,4.10349702835083,0,6.084923858578141,7.631062030792236,6.506975670920173,74,ppo_kalman_seed47,ppo_kalman,PPO-Kalman,47
77085,soldier_caught,0,1,0,0,578,8,4.0,570,,,1.697171688079834,0,7.526835473635986,8.091347694396973,7.747427061811345,571,ppo_kalman_seed47,ppo_kalman,PPO-Kalman,47
77086,intercepted,1,0,0,0,98,9,4.5,89,98.0,49.0,6.540226936340332,0,8.033795885245006,5.804254531860352,8.309183727720573,90,ppo_kalman_seed47,ppo_kalman,PPO-Kalman,47
77087,intercepted,1,0,0,0,17,9,4.5,8,17.0,8.5,3.780010938644409,0,2.5147488911946616,4.117913246154785,2.702680483899455,9,ppo_kalman_seed47,ppo_kalman,PPO-Kalman,47
77088,soldier_caught,0,1,0,0,375,9,4.5,366,,,1.2198790311813354,0,7.045152849819744,6.381791114807129,7.317769782139229,367,ppo_kalman_seed47,ppo_kalman,PPO-Kalman,47
77089,intercepted,1,0,0,0,52,49,24.5,3,52.0,26.0,3.3479015827178955,0,2.5838881731033325,3.1505064964294434,2.809599321519962,4,ppo_kalman_seed47,ppo_kalman,PPO-Kalman,47
77090,intercepted,1,0,0,0,14,10,5.0,4,14.0,7.0,5.666432857513428,0,2.991892409324646,2.1218557357788086,3.1872274879880584,5,ppo_kalman_seed47,ppo_kalman,PPO-Kalman,47
77091,soldier_caught,0,1,0,0,394,8,4.0,386,,,1.6199297904968262,0,7.056422906636576,8.008132934570312,7.318159397339152,387,ppo_kalman_seed47,ppo_kalman,PPO-Kalman,47
77092,intercepted,1,0,0,0,30,9,4.5,21,30.0,15.0,12.572314262390137,0,5.5456244132735515,8.875984191894531,6.149676849534534,22,ppo_kalman_seed47,ppo_kalman,PPO-Kalman,47
77093,intercepted,1,0,0,0,92,40,20.0,52,92.0,46.0,13.653830528259277,0,7.33073774148833,7.5619330406188965,7.6493210095151145,53,ppo_kalman_seed47,ppo_kalman,PPO-Kalman,47
77094,soldier_caught,0,1,0,0,300,15,7.5,285,,,1.993923544883728,0,7.036650991939998,8.473763465881348,7.290938192727808,286,ppo_kalman_seed47,ppo_kalman,PPO-Kalman,47
77095,soldier_caught,0,1,0,0,810,10,5.0,800,,,1.3638900518417358,0,7.2836290839013085,3.4668095111846924,7.537793015610269,801,ppo_kalman_seed47,ppo_kalman,PPO-Kalman,47
77096,intercepted,1,0,0,0,17,12,6.0,5,17.0,8.5,7.252764701843262,0,2.415010948975881,1.8272444009780884,2.4743833677173903,6,ppo_kalman_seed47,ppo_kalman,PPO-Kalman,47
77097,intercepted,1,0,0,0,64,11,5.5,53,64.0,32.0,5.080862998962402,0,6.434870989234359,5.156554698944092,6.780562860409618,54,ppo_kalman_seed47,ppo_kalman,PPO-Kalman,47
77098,intercepted,1,0,0,0,276,11,5.5,265,276.0,138.0,9.358180046081543,0,7.591690237584867,8.12423324584961,7.831096960742074,266,ppo_kalman_seed47,ppo_kalman,PPO-Kalman,47
77099,intercepted,1,0,0,0,32,8,4.0,24,32.0,16.0,6.347207546234131,0,5.754928913116455,6.025655269622803,6.288298174571117,25,ppo_kalman_seed47,ppo_kalman,PPO-Kalman,47
77100,intercepted,1,0,0,0,67,20,10.0,47,67.0,33.5,5.244104385375977,0,7.272713154554367,8.588593482971191,7.489754175566995,48,ppo_kalman_seed47,ppo_kalman,PPO-Kalman,47
77101,intercepted,1,0,0,0,94,15,7.5,79,94.0,47.0,8.309548377990723,0,5.686047318577766,6.533862113952637,6.102050494381468,80,ppo_kalman_seed47,ppo_kalman,PPO-Kalman,47
77102,intercepted,1,0,0,0,18,10,5.0,8,18.0,9.0,12.479344367980957,0,4.03250875737932,7.198898792266846,4.497046946118737,9,ppo_kalman_seed47,ppo_kalman,PPO-Kalman,47
77103,intercepted,1,0,0,0,561,8,4.0,553,561.0,280.5,2.763428211212158,0,7.52765844982884,3.217113733291626,7.753734830486095,554,ppo_kalman_seed47,ppo_kalman,PPO-Kalman,47
77104,intercepted,1,0,0,0,43,12,6.0,31,43.0,21.5,2.9989430904388428,0,5.465409677475691,5.027693748474121,5.849463787083449,32,ppo_kalman_seed47,ppo_kalman,PPO-Kalman,47
77105,soldier_caught,0,1,0,0,119,25,12.5,94,,,1.9732379913330078,0,6.7159812676279165,8.176728248596191,6.942176523757931,95,ppo_kalman_seed47,ppo_kalman,PPO-Kalman,47
77106,intercepted,1,0,0,0,56,12,6.0,44,56.0,28.0,10.130607604980469,0,6.521313296424018,5.8731303215026855,6.857441013926868,45,ppo_kalman_seed47,ppo_kalman,PPO-Kalman,47
77107,intercepted,1,0,0,0,507,8,4.0,499,507.0,253.5,2.6717846393585205,0,7.542901589989662,7.1966352462768555,7.755135441095224,500,ppo_kalman_seed47,ppo_kalman,PPO-Kalman,47
77108,intercepted,1,0,0,0,15,11,5.5,4,15.0,7.5,11.310931205749512,0,1.7813644528388977,3.0996177196502686,1.9428735236110637,5,ppo_kalman_seed47,ppo_kalman,PPO-Kalman,47
77109,intercepted,1,0,0,0,1115,9,4.5,1106,1115.0,557.5,3.186079263687134,0,7.7793690653243575,9.580839157104492,7.94683990886502,1107,ppo_kalman_seed47,ppo_kalman,PPO-Kalman,47
77110,intercepted,1,0,0,0,25,15,7.5,10,25.0,12.5,8.56013298034668,0,2.5246328765695747,0.8902242183685303,2.678506387197159,11,ppo_kalman_seed47,ppo_kalman,PPO-Kalman,47
77111,intercepted,1,0,0,0,222,9,4.5,213,222.0,111.0,2.779404640197754,0,7.296238006275391,6.522435188293457,7.529368864569018,214,ppo_kalman_seed47,ppo_kalman,PPO-Kalman,47
77112,intercepted,1,0,0,0,187,32,16.0,155,187.0,93.5,11.55574893951416,0,7.616351400048305,7.680339813232422,7.8135857809180855,156,ppo_kalman_seed47,ppo_kalman,PPO-Kalman,47
77113,intercepted,1,0,0,0,435,12,6.0,423,435.0,217.5,5.138387680053711,0,7.237168186678077,6.218841552734375,7.475035214102247,424,ppo_kalman_seed47,ppo_kalman,PPO-Kalman,47
77114,intercepted,1,0,0,0,22,12,6.0,10,22.0,11.0,8.788939476013184,0,3.823384490880099,8.237593650817871,4.359739141424595,11,ppo_kalman_seed47,ppo_kalman,PPO-Kalman,47
77115,intercepted,1,0,0,0,38,14,7.0,24,38.0,19.0,7.613346099853516,0,5.022220458984375,8.47465705871582,5.693424072135544,25,ppo_kalman_seed47,ppo_kalman,PPO-Kalman,47
77116,intercepted,1,0,0,0,119,23,11.5,96,119.0,59.5,14.315832138061523,0,7.481477918084135,8.232233047485352,7.6763526228350925,97,ppo_kalman_seed47,ppo_kalman,PPO-Kalman,47
77117,intercepted,1,0,0,0,152,11,5.5,141,152.0,76.0,2.2292704582214355,0,6.96882589770035,6.170830726623535,7.2522683183778645,142,ppo_kalman_seed47,ppo_kalman,PPO-Kalman,47
77118,intercepted,1,0,0,0,41,10,5.0,31,41.0,20.5,2.629061222076416,0,5.37704560905695,5.8791985511779785,5.949315934034358,32,ppo_kalman_seed47,ppo_kalman,PPO-Kalman,47
77119,intercepted,1,0,0,0,32,8,4.0,24,32.0,16.0,2.8033599853515625,0,5.496824035644531,4.3862833976745605,6.081517883131143,25,ppo_kalman_seed47,ppo_kalman,PPO-Kalman,47
77120,intercepted,1,0,0,0,155,19,9.5,136,155.0,77.5,10.941010475158691,0,7.022854870253235,9.081096649169922,7.357021292623782,137,ppo_kalman_seed47,ppo_kalman,PPO-Kalman,47
77121,soldier_caught,0,1,0,0,17,14,7.0,3,,,1.6522629261016846,0,2.163758099079132,4.2944135665893555,2.4977610669652237,4,ppo_kalman_seed47,ppo_kalman,PPO-Kalman,47
77122,intercepted,1,0,0,0,282,10,5.0,272,282.0,141.0,4.333489894866943,0,7.294638777390505,7.391239166259766,7.504390110752207,273,ppo_kalman_seed47,ppo_kalman,PPO-Kalman,47
77123,intercepted,1,0,0,0,51,8,4.0,43,51.0,25.5,2.887118339538574,0,6.894173806363886,9.127591133117676,7.252678331703662,44,ppo_kalman_seed47,ppo_kalman,PPO-Kalman,47
77124,intercepted,1,0,0,0,506,13,6.5,493,506.0,253.0,3.871408224105835,0,7.5115702708481775,6.267762660980225,7.695816441373303,494,ppo_kalman_seed47,ppo_kalman,PPO-Kalman,47
77125,soldier_caught,0,1,0,0,58,7,3.5,51,,,1.6891778707504272,0,5.187979842607792,6.8672637939453125,5.722908958680116,52,ppo_kalman_seed47,ppo_kalman,PPO-Kalman,47
77126,intercepted,1,0,0,0,16,12,6.0,4,16.0,8.0,2.8754360675811768,0,2.99464373588562,2.330850839614868,3.2286585547230784,5,ppo_kalman_seed47,ppo_kalman,PPO-Kalman,47
77127,intercepted,1,0,0,0,419,12,6.0,407,419.0,209.5,6.872032165527344,0,7.004465926402047,7.941292762756348,7.329809107887842,408,ppo_kalman_seed47,ppo_kalman,PPO-Kalman,47
77128,soldier_caught,0,1,0,0,12,9,4.5,3,,,1.6056313514709473,0,2.512137770652771,1.160019874572754,2.7849694447366717,4,ppo_kalman_seed47,ppo_kalman,PPO-Kalman,47
77129,soldier_caught,0,1,0,0,633,18,9.0,615,,,1.1452301740646362,0,6.883253653618422,3.656416177749634,7.209918784501783,616,ppo_kalman_seed47,ppo_kalman,PPO-Kalman,47
77130,intercepted,1,0,0,0,156,10,5.0,146,156.0,78.0,7.912040710449219,0,7.102649741229557,4.533371448516846,7.404891685760434,147,ppo_kalman_seed47,ppo_kalman,PPO-Kalman,47
77131,intercepted,1,0,0,0,24,11,5.5,13,24.0,12.0,4.938958644866943,0,4.5632889441081455,6.806305408477783,4.982231181815518,14,ppo_kalman_seed47,ppo_kalman,PPO-Kalman,47
77132,unsafe_intercept,0,0,1,0,12,10,5.0,2,,,3.077700614929199,0,3.019678513209025,2.770737409591675,3.043268127867565,3,ppo_kalman_seed47,ppo_kalman,PPO-Kalman,47
77133,intercepted,1,0,0,0,15,11,5.5,4,15.0,7.5,11.529909133911133,0,2.994207572937012,3.5565011501312256,3.1386039892461923,5,ppo_kalman_seed47,ppo_kalman,PPO-Kalman,47
77134,intercepted,1,0,0,0,530,9,4.5,521,530.0,265.0,5.113919734954834,0,7.682382262529541,7.8766608238220215,7.854049343067637,522,ppo_kalman_seed47,ppo_kalman,PPO-Kalman,47
77135,intercepted,1,0,0,0,948,9,4.5,939,948.0,474.0,2.0545997619628906,0,7.496285488186999,7.600211143493652,7.680155447429576,940,ppo_kalman_seed47,ppo_kalman,PPO-Kalman,47
77136,intercepted,1,0,0,0,251,166,83.0,85,251.0,125.5,7.640480995178223,0,6.78390731367954,6.699470043182373,7.0814467319382075,86,ppo_kalman_seed47,ppo_kalman,PPO-Kalman,47
77137,intercepted,1,0,0,0,348,7,3.5,341,348.0,174.0,3.5362229347229004,0,7.2480078670713635,5.863712787628174,7.453103045931984,342,ppo_kalman_seed47,ppo_kalman,PPO-Kalman,47
77138,intercepted,1,0,0,0,19,15,7.5,4,19.0,9.5,8.413227081298828,0,2.427818214893341,1.2812799215316772,2.83211251505969,5,ppo_kalman_seed47,ppo_kalman,PPO-Kalman,47
77139,intercepted,1,0,0,0,90,14,7.0,76,90.0,45.0,9.772753715515137,0,6.660380717995879,5.690688610076904,6.981679681425747,77,ppo_kalman_seed47,ppo_kalman,PPO-Kalman,47
77140,intercepted,1,0,0,0,56,15,7.5,41,56.0,28.0,11.908648490905762,0,7.3491254306974865,7.684388637542725,7.624960663460779,42,ppo_kalman_seed47,ppo_kalman,PPO-Kalman,47
77141,intercepted,1,0,0,0,90,16,8.0,74,90.0,45.0,14.296801567077637,0,6.847783877054851,7.384079933166504,7.071086315487941,75,ppo_kalman_seed47,ppo_kalman,PPO-Kalman,47
77142,intercepted,1,0,0,0,17,14,7.0,3,17.0,8.5,3.06925892829895,0,2.1434328109025955,1.7836928367614746,2.535421444421012,4,ppo_kalman_seed47,ppo_kalman,PPO-Kalman,47
77143,soldier_caught,0,1,0,0,151,13,6.5,138,,,1.1673152446746826,0,6.964719503260345,6.2585577964782715,7.2184810547489295,139,ppo_kalman_seed47,ppo_kalman,PPO-Kalman,47
77144,soldier_caught,0,1,0,0,252,8,4.0,244,,,0.6654887199401855,0,7.480261923585619,6.142702102661133,7.610863116782349,245,ppo_kalman_seed47,ppo_kalman,PPO-Kalman,47
77145,intercepted,1,0,0,0,50,21,10.5,29,50.0,25.0,14.997537612915039,0,5.2154672026634215,4.253608226776123,5.6786489385115635,30,ppo_kalman_seed47,ppo_kalman,PPO-Kalman,47
77146,intercepted,1,0,0,0,1519,11,5.5,1508,1519.0,759.5,2.3006300926208496,0,7.511912010062049,6.560009002685547,7.706233342309928,1509,ppo_kalman_seed47,ppo_kalman,PPO-Kalman,47
77147,intercepted,1,0,0,0,35,14,7.0,21,35.0,17.5,10.603708267211914,0,5.750410556793213,8.68138599395752,6.139251491285591,22,ppo_kalman_seed47,ppo_kalman,PPO-Kalman,47
77148,intercepted,1,0,0,0,458,16,8.0,442,458.0,229.0,2.500720262527466,0,7.053293724294171,7.930419445037842,7.306870604351451,443,ppo_kalman_seed47,ppo_kalman,PPO-Kalman,47
77149,intercepted,1,0,0,0,201,13,6.5,188,201.0,100.5,2.607649803161621,0,6.578514689806277,7.0601420402526855,6.904147250399171,189,ppo_kalman_seed47,ppo_kalman,PPO-Kalman,47
77150,intercepted,1,0,0,0,68,10,5.0,58,68.0,34.0,11.002549171447754,0,6.314773466627477,4.587501049041748,6.660966569503515,59,ppo_kalman_seed47,ppo_kalman,PPO-Kalman,47
77151,intercepted,1,0,0,0,169,12,6.0,157,169.0,84.5,10.819528579711914,0,7.334237371818928,9.858967781066895,7.518461688602539,158,ppo_kalman_seed47,ppo_kalman,PPO-Kalman,47
77152,intercepted,1,0,0,0,185,27,13.5,158,185.0,92.5,11.110665321350098,0,7.5712751517505765,8.60180950164795,7.752641185714731,159,ppo_kalman_seed47,ppo_kalman,PPO-Kalman,47
77153,soldier_caught,0,1,0,0,35,11,5.5,24,,,0.14858418703079224,0,6.353894720077514,5.712336540222168,7.014994043487782,25,ppo_kalman_seed47,ppo_kalman,PPO-Kalman,47
77154,intercepted,1,0,0,0,223,15,7.5,208,223.0,111.5,9.270325660705566,0,7.2164042631975205,6.948744297027588,7.472127978835569,209,ppo_kalman_seed47,ppo_kalman,PPO-Kalman,47
77155,intercepted,1,0,0,0,16,12,6.0,4,16.0,8.0,11.025321006774902,0,2.940858745574951,1.9535325765609741,3.108122613270356,5,ppo_kalman_seed47,ppo_kalman,PPO-Kalman,47
77156,intercepted,1,0,0,0,189,10,5.0,179,189.0,94.5,2.511708974838257,0,7.31761094265514,8.131685256958008,7.586275991467507,180,ppo_kalman_seed47,ppo_kalman,PPO-Kalman,47
77157,intercepted,1,0,0,0,15,13,6.5,2,15.0,7.5,4.0697550773620605,0,3.1977221171061196,1.3234455585479736,3.478007508622288,3,ppo_kalman_seed47,ppo_kalman,PPO-Kalman,47
77158,intercepted,1,0,0,0,11,8,4.0,3,11.0,5.5,2.469271659851074,0,2.7094068229198456,1.813768982887268,2.803199972397223,4,ppo_kalman_seed47,ppo_kalman,PPO-Kalman,47
77159,intercepted,1,0,0,0,489,16,8.0,473,489.0,244.5,3.269094705581665,0,7.185534651772382,7.503958702087402,7.45328745520126,474,ppo_kalman_seed47,ppo_kalman,PPO-Kalman,47
77160,intercepted,1,0,0,0,27,17,8.5,10,27.0,13.5,11.66752815246582,0,4.313511241566051,8.647628784179688,4.831916838153177,11,ppo_kalman_seed47,ppo_kalman,PPO-Kalman,47
77161,intercepted,1,0,0,0,343,10,5.0,333,343.0,171.5,5.172929763793945,0,7.561184634705503,7.408411026000977,7.734628671451881,334,ppo_kalman_seed47,ppo_kalman,PPO-Kalman,47
77162,intercepted,1,0,0,0,811,15,7.5,796,811.0,405.5,4.400200843811035,0,7.515581248994155,7.1612935066223145,7.711033337258412,797,ppo_kalman_seed47,ppo_kalman,PPO-Kalman,47
77163,intercepted,1,0,0,0,86,19,9.5,67,86.0,43.0,7.533407688140869,0,7.04955114161267,8.787947654724121,7.354246744293764,68,ppo_kalman_seed47,ppo_kalman,PPO-Kalman,47
77164,intercepted,1,0,0,0,185,12,6.0,173,185.0,92.5,3.504915237426758,0,6.644840182586648,8.519845962524414,6.992879387876473,174,ppo_kalman_seed47,ppo_kalman,PPO-Kalman,47
77165,intercepted,1,0,0,0,240,14,7.0,226,240.0,120.0,4.130146026611328,0,6.883424880746178,7.564171314239502,7.189001088549551,227,ppo_kalman_seed47,ppo_kalman,PPO-Kalman,47
77166,intercepted,1,0,0,0,116,16,8.0,100,116.0,58.0,10.699666976928711,0,7.07176664206061,5.163643836975098,7.390026584979465,101,ppo_kalman_seed47,ppo_kalman,PPO-Kalman,47
77167,soldier_caught,0,1,0,0,36,11,5.5,25,,,0.5182636976242065,0,6.173524558544159,7.632582187652588,6.597326844705668,26,ppo_kalman_seed47,ppo_kalman,PPO-Kalman,47
77168,intercepted,1,0,0,0,643,12,6.0,631,643.0,321.5,3.0504753589630127,0,7.572133288447615,6.3238444328308105,7.730210474936525,632,ppo_kalman_seed47,ppo_kalman,PPO-Kalman,47
77169,intercepted,1,0,0,0,16,10,5.0,6,16.0,8.0,12.596843719482422,0,2.7850695763315474,2.2580525875091553,3.2617703129182862,7,ppo_kalman_seed47,ppo_kalman,PPO-Kalman,47
77170,intercepted,1,0,0,0,216,30,15.0,186,216.0,108.0,6.568320274353027,0,7.272107527855246,6.3325676918029785,7.4569217474023075,187,ppo_kalman_seed47,ppo_kalman,PPO-Kalman,47
77171,intercepted,1,0,0,0,81,9,4.5,72,81.0,40.5,2.983476161956787,0,5.727775777855965,7.699037075042725,6.10632240052799,73,ppo_kalman_seed47,ppo_kalman,PPO-Kalman,47
77172,intercepted,1,0,0,0,173,12,6.0,161,173.0,86.5,4.538027286529541,0,7.002756477874002,9.060710906982422,7.252725573127284,162,ppo_kalman_seed47,ppo_kalman,PPO-Kalman,47
77173,intercepted,1,0,0,0,135,60,30.0,75,135.0,67.5,11.475028038024902,0,6.705119998831498,9.195490837097168,7.017398068099897,76,ppo_kalman_seed47,ppo_kalman,PPO-Kalman,47
77174,intercepted,1,0,0,0,79,15,7.5,64,79.0,39.5,8.905348777770996,0,7.349778265219468,6.336858749389648,7.562183909638252,65,ppo_kalman_seed47,ppo_kalman,PPO-Kalman,47
77175,soldier_caught,0,1,0,0,129,7,3.5,122,,,1.7722231149673462,0,7.56598647338588,6.1578874588012695,7.7458273343990065,123,ppo_kalman_seed47,ppo_kalman,PPO-Kalman,47
77176,intercepted,1,0,0,0,409,13,6.5,396,409.0,204.5,3.846088409423828,0,6.508435891467318,7.5280914306640625,6.811313896568675,397,ppo_kalman_seed47,ppo_kalman,PPO-Kalman,47
77177,intercepted,1,0,0,0,17,14,7.0,3,17.0,8.5,5.7777557373046875,0,2.539808750152588,2.128955602645874,2.8138957524667485,4,ppo_kalman_seed47,ppo_kalman,PPO-Kalman,47
77178,intercepted,1,0,0,0,14,10,5.0,4,14.0,7.0,9.992344856262207,0,3.7544618606567384,4.517784118652344,3.9903548603535524,5,ppo_kalman_seed47,ppo_kalman,PPO-Kalman,47
77179,soldier_caught,0,1,0,0,61,10,5.0,51,,,1.4143636226654053,0,6.645097624797088,4.266817092895508,7.052807794002285,52,ppo_kalman_seed47,ppo_kalman,PPO-Kalman,47
77180,soldier_caught,0,1,0,0,16,13,6.5,3,,,1.97830069065094,0,3.1836386919021606,2.7369229793548584,3.345046827396629,4,ppo_kalman_seed47,ppo_kalman,PPO-Kalman,47
77181,intercepted,1,0,0,0,140,19,9.5,121,140.0,70.0,9.577096939086914,0,7.8555473499610775,8.295554161071777,7.999178837685143,122,ppo_kalman_seed47,ppo_kalman,PPO-Kalman,47
77182,intercepted,1,0,0,0,299,13,6.5,286,299.0,149.5,2.79498291015625,0,7.42171795567569,6.071298122406006,7.644842144257477,287,ppo_kalman_seed47,ppo_kalman,PPO-Kalman,47
77183,intercepted,1,0,0,0,27,8,4.0,19,27.0,13.5,3.69553542137146,0,5.63018029332161,8.885290145874023,6.14091079167602,20,ppo_kalman_seed47,ppo_kalman,PPO-Kalman,47
77184,intercepted,1,0,0,0,232,15,7.5,217,232.0,116.0,7.289389133453369,0,7.342960123622089,9.26504898071289,7.546718208730188,218,ppo_kalman_seed47,ppo_kalman,PPO-Kalman,47
77185,intercepted,1,0,0,0,38,32,16.0,6,38.0,19.0,12.983946800231934,0,3.487537588391985,4.781332492828369,3.5772671827180047,7,ppo_kalman_seed47,ppo_kalman,PPO-Kalman,47
77186,intercepted,1,0,0,0,32,11,5.5,21,32.0,16.0,6.505188465118408,0,6.338421854105863,7.5748610496521,6.953695975420708,22,ppo_kalman_seed47,ppo_kalman,PPO-Kalman,47
77187,intercepted,1,0,0,0,10,7,3.5,3,10.0,5.0,4.827836036682129,0,2.980340987443924,1.588488221168518,3.109095466075572,4,ppo_kalman_seed47,ppo_kalman,PPO-Kalman,47
77188,intercepted,1,0,0,0,14,12,6.0,2,14.0,7.0,5.39846134185791,0,1.8734122514724731,2.04733943939209,1.880267560628699,3,ppo_kalman_seed47,ppo_kalman,PPO-Kalman,47
77189,intercepted,1,0,0,0,18,8,4.0,10,18.0,9.0,8.980494499206543,0,4.378891543908552,6.523621559143066,4.806602827985755,11,ppo_kalman_seed47,ppo_kalman,PPO-Kalman,47
77190,unsafe_intercept,0,0,1,0,14,12,6.0,2,,,2.03824520111084,0,4.031864881515503,5.4157538414001465,4.34299410180973,3,ppo_kalman_seed47,ppo_kalman,PPO-Kalman,47
77191,intercepted,1,0,0,0,573,7,3.5,566,573.0,286.5,5.064533233642578,0,7.739650694676388,9.097188949584961,7.908962936013881,567,ppo_kalman_seed47,ppo_kalman,PPO-Kalman,47
77192,intercepted,1,0,0,0,16,7,3.5,9,16.0,8.0,9.116608619689941,0,4.193172979354858,5.041534900665283,4.270648416866003,10,ppo_kalman_seed47,ppo_kalman,PPO-Kalman,47
77193,intercepted,1,0,0,0,495,9,4.5,486,495.0,247.5,3.7334563732147217,0,7.272467302101104,8.440347671508789,7.528024392842668,487,ppo_kalman_seed47,ppo_kalman,PPO-Kalman,47
77194,intercepted,1,0,0,0,380,20,10.0,360,380.0,190.0,3.4156863689422607,0,7.076066949195809,6.686263084411621,7.400968633473816,361,ppo_kalman_seed47,ppo_kalman,PPO-Kalman,47
77195,intercepted,1,0,0,0,471,7,3.5,464,471.0,235.5,2.9674088954925537,0,7.565101316411008,9.236069679260254,7.746851940922759,465,ppo_kalman_seed47,ppo_kalman,PPO-Kalman,47
77196,intercepted,1,0,0,0,196,9,4.5,187,196.0,98.0,5.398340702056885,0,7.073369128589935,6.669499397277832,7.359861418009527,188,ppo_kalman_seed47,ppo_kalman,PPO-Kalman,47
77197,intercepted,1,0,0,0,209,27,13.5,182,209.0,104.5,4.36089563369751,0,6.998771823494812,10.134054183959961,7.306291398114012,183,ppo_kalman_seed47,ppo_kalman,PPO-Kalman,47
77198,intercepted,1,0,0,0,227,8,4.0,219,227.0,113.5,2.4916470050811768,0,7.054846213622526,6.716737270355225,7.313990671139016,220,ppo_kalman_seed47,ppo_kalman,PPO-Kalman,47
77199,intercepted,1,0,0,0,72,17,8.5,55,72.0,36.0,12.210084915161133,0,6.622322284749576,8.025413513183594,6.995415466969337,56,ppo_kalman_seed47,ppo_kalman,PPO-Kalman,47
77200,intercepted,1,0,0,0,210,21,10.5,189,210.0,105.0,5.887701511383057,0,7.655550353150619,9.778985977172852,7.918890692431979,190,ppo_kalman_seed47,ppo_kalman,PPO-Kalman,47
77201,intercepted,1,0,0,0,402,9,4.5,393,402.0,201.0,3.932015895843506,0,7.266597774276879,1.4145071506500244,7.499137940639583,394,ppo_kalman_seed47,ppo_kalman,PPO-Kalman,47
77202,soldier_caught,0,1,0,0,516,11,5.5,505,,,1.0817776918411255,0,7.297039701356718,9.694931983947754,7.541621092506593,506,ppo_kalman_seed47,ppo_kalman,PPO-Kalman,47
77203,intercepted,1,0,0,0,21,14,7.0,7,21.0,10.5,10.514910697937012,0,3.0699418112635612,3.4801549911499023,3.2790371084627212,8,ppo_kalman_seed47,ppo_kalman,PPO-Kalman,47
77204,intercepted,1,0,0,0,276,35,17.5,241,276.0,138.0,8.840436935424805,0,7.558634333866687,6.670290946960449,7.730112021508174,242,ppo_kalman_seed47,ppo_kalman,PPO-Kalman,47
77205,intercepted,1,0,0,0,787,11,5.5,776,787.0,393.5,3.1414413452148438,0,7.437646656423001,5.874588489532471,7.650454472897679,777,ppo_kalman_seed47,ppo_kalman,PPO-Kalman,47
77206,soldier_caught,0,1,0,0,432,11,5.5,421,,,1.5094983577728271,0,7.225206846027013,6.178078651428223,7.45437141081614,422,ppo_kalman_seed47,ppo_kalman,PPO-Kalman,47
77207,intercepted,1,0,0,0,62,9,4.5,53,62.0,31.0,5.793602466583252,0,6.229503081904517,8.081840515136719,6.752081169709653,54,ppo_kalman_seed47,ppo_kalman,PPO-Kalman,47
77208,soldier_caught,0,1,0,0,46,44,22.0,2,,,1.0583714246749878,0,1.8723183075586955,1.4824657440185547,2.006093707789562,3,ppo_kalman_seed47,ppo_kalman,PPO-Kalman,47
77209,intercepted,1,0,0,0,67,20,10.0,47,67.0,33.5,6.62796688079834,0,6.139700409024954,8.526993751525879,6.724639894895618,48,ppo_kalman_seed47,ppo_kalman,PPO-Kalman,47
77210,soldier_caught,0,1,0,0,369,19,9.5,350,,,1.864572286605835,0,7.062788154324915,8.01674747467041,7.324868340041403,351,ppo_kalman_seed47,ppo_kalman,PPO-Kalman,47
77211,intercepted,1,0,0,0,17,13,6.5,4,17.0,8.5,11.332904815673828,0,2.405236768722534,1.584837794303894,2.6488731940683126,5,ppo_kalman_seed47,ppo_kalman,PPO-Kalman,47
77212,intercepted,1,0,0,0,17,11,5.5,6,17.0,8.5,12.631946563720703,0,3.831814272063119,5.849098205566406,4.174396765448344,7,ppo_kalman_seed47,ppo_kalman,PPO-Kalman,47
77213,intercepted,1,0,0,0,264,9,4.5,255,264.0,132.0,3.123375415802002,0,7.883432285860181,6.928915500640869,8.03198957554198,256,ppo_kalman_seed47,ppo_kalman,PPO-Kalman,47
77214,intercepted,1,0,0,0,20,13,6.5,7,20.0,10.0,6.124061107635498,0,2.796514615416527,3.7784290313720703,3.0124091339577066,8,ppo_kalman_seed47,ppo_kalman,PPO-Kalman,47
77215,soldier_caught,0,1,0,0,12,10,5.0,2,,,1.3720529079437256,0,1.6432685653368633,3.282404661178589,2.0325789157525502,3,ppo_kalman_seed47,ppo_kalman,PPO-Kalman,47
77216,intercepted,1,0,0,0,815,42,21.0,773,815.0,407.5,7.486879348754883,0,7.553644263082081,7.1349945068359375,7.719704273460584,774,ppo_kalman_seed47,ppo_kalman,PPO-Kalman,47
77217,intercepted,1,0,0,0,103,11,5.5,92,103.0,51.5,4.5151214599609375,0,6.582365716657331,10.315958023071289,6.9306429167285115,93,ppo_kalman_seed47,ppo_kalman,PPO-Kalman,47
77218,intercepted,1,0,0,0,64,16,8.0,48,64.0,32.0,7.045998573303223,0,6.726042406899588,8.259056091308594,6.973314186616047,49,ppo_kalman_seed47,ppo_kalman,PPO-Kalman,47
77219,intercepted,1,0,0,0,542,7,3.5,535,542.0,271.0,5.619153022766113,0,7.3851164488205265,8.198915481567383,7.58537740026629,536,ppo_kalman_seed47,ppo_kalman,PPO-Kalman,47
77220,soldier_caught,0,1,0,0,350,11,5.5,339,,,1.5805007219314575,0,7.706164792705985,8.17470932006836,7.847388184154605,340,ppo_kalman_seed47,ppo_kalman,PPO-Kalman,47
77221,intercepted,1,0,0,0,138,9,4.5,129,138.0,69.0,7.7193498611450195,0,6.397371972753452,9.318971633911133,6.621800826350982,130,ppo_kalman_seed47,ppo_kalman,PPO-Kalman,47
77222,intercepted,1,0,0,0,31,9,4.5,22,31.0,15.5,11.383213996887207,0,6.256350351416546,9.429315567016602,7.001844957255529,23,ppo_kalman_seed47,ppo_kalman,PPO-Kalman,47
77223,soldier_caught,0,1,0,0,370,8,4.0,362,,,1.7752772569656372,0,7.129417311389912,6.877023696899414,7.353235960958459,363,ppo_kalman_seed47,ppo_kalman,PPO-Kalman,47
77224,intercepted,1,0,0,0,19,12,6.0,7,19.0,9.5,10.331615447998047,0,4.323335498571396,5.044578552246094,4.441485034537801,8,ppo_kalman_seed47,ppo_kalman,PPO-Kalman,47
77225,intercepted,1,0,0,0,201,80,40.0,121,201.0,100.5,8.116706848144531,0,7.2127737442000965,8.514976501464844,7.45058225118742,122,ppo_kalman_seed47,ppo_kalman,PPO-Kalman,47
77226,intercepted,1,0,0,0,20,16,8.0,4,20.0,10.0,5.73954963684082,0,3.0435503482818604,3.1691315174102783,3.091379481954487,5,ppo_kalman_seed47,ppo_kalman,PPO-Kalman,47
77227,intercepted,1,0,0,0,83,10,5.0,73,83.0,41.5,2.421217203140259,0,5.664426182975641,5.938920974731445,6.2413689402910215,74,ppo_kalman_seed47,ppo_kalman,PPO-Kalman,47
77228,soldier_caught,0,1,0,0,450,15,7.5,435,,,1.2225279808044434,0,7.926521073514168,7.2843732833862305,8.063643202250171,436,ppo_kalman_seed47,ppo_kalman,PPO-Kalman,47
77229,intercepted,1,0,0,0,17,8,4.0,9,17.0,8.5,4.971366882324219,0,3.142918986082077,4.1886773109436035,3.2784116093109676,10,ppo_kalman_seed47,ppo_kalman,PPO-Kalman,47
77230,intercepted,1,0,0,0,397,17,8.5,380,397.0,198.5,2.302947759628296,0,7.56590494474401,7.328849792480469,7.799268555054488,381,ppo_kalman_seed47,ppo_kalman,PPO-Kalman,47
77231,intercepted,1,0,0,0,121,14,7.0,107,121.0,60.5,10.022382736206055,0,7.517594754695892,7.575006008148193,7.6389053267411215,108,ppo_kalman_seed47,ppo_kalman,PPO-Kalman,47
77232,intercepted,1,0,0,0,25,11,5.5,14,25.0,12.5,9.884011268615723,0,4.521363373597463,8.940521240234375,4.876959876022484,15,ppo_kalman_seed47,ppo_kalman,PPO-Kalman,47
77233,soldier_caught,0,1,0,0,77,8,4.0,69,,,1.2715429067611694,0,7.124833590643746,6.998775959014893,7.368902577181677,70,ppo_kalman_seed47,ppo_kalman,PPO-Kalman,47
77234,intercepted,1,0,0,0,288,11,5.5,277,288.0,144.0,6.384873867034912,0,6.78864239810182,6.567288875579834,7.04810834493045,278,ppo_kalman_seed47,ppo_kalman,PPO-Kalman,47
77235,intercepted,1,0,0,0,218,11,5.5,207,218.0,109.0,4.444101333618164,0,7.330947255285887,7.290107250213623,7.595295433740208,208,ppo_kalman_seed47,ppo_kalman,PPO-Kalman,47
77236,intercepted,1,0,0,0,425,11,5.5,414,425.0,212.5,2.178605079650879,0,7.410369486119373,6.604769706726074,7.6029287272968755,415,ppo_kalman_seed47,ppo_kalman,PPO-Kalman,47
77237,intercepted,1,0,0,0,32,9,4.5,23,32.0,16.0,6.975767135620117,0,6.593816767136256,6.909757614135742,7.087324388917949,24,ppo_kalman_seed47,ppo_kalman,PPO-Kalman,47
77238,intercepted,1,0,0,0,19,12,6.0,7,19.0,9.5,6.853018283843994,0,2.783662535250187,4.307634353637695,3.120368469557556,8,ppo_kalman_seed47,ppo_kalman,PPO-Kalman,47
77239,intercepted,1,0,0,0,226,16,8.0,210,226.0,113.0,7.730754375457764,0,7.357937293030075,8.598064422607422,7.587505787954081,211,ppo_kalman_seed47,ppo_kalman,PPO-Kalman,47
77240,intercepted,1,0,0,0,12,10,5.0,2,12.0,6.0,4.06052827835083,0,2.50369393825531,2.408066749572754,2.7428072109508914,3,ppo_kalman_seed47,ppo_kalman,PPO-Kalman,47
77241,intercepted,1,0,0,0,16,7,3.5,9,16.0,8.0,6.522595405578613,0,4.124572497606278,6.202494144439697,4.5218385910263,10,ppo_kalman_seed47,ppo_kalman,PPO-Kalman,47
77242,intercepted,1,0,0,0,90,8,4.0,82,90.0,45.0,2.6619253158569336,0,6.478249738015324,7.742166042327881,6.809867254303634,83,ppo_kalman_seed47,ppo_kalman,PPO-Kalman,47
77243,intercepted,1,0,0,0,112,8,4.0,104,112.0,56.0,3.584754228591919,0,6.80703044618879,8.591728210449219,7.11301713330719,105,ppo_kalman_seed47,ppo_kalman,PPO-Kalman,47
77244,intercepted,1,0,0,0,16,11,5.5,5,16.0,8.0,13.12028694152832,0,4.007847984631856,4.50980281829834,4.147434969742764,6,ppo_kalman_seed47,ppo_kalman,PPO-Kalman,47
77245,intercepted,1,0,0,0,333,14,7.0,319,333.0,166.5,2.624239683151245,0,7.427889009565115,7.978090286254883,7.661270346300265,320,ppo_kalman_seed47,ppo_kalman,PPO-Kalman,47
77246,intercepted,1,0,0,0,16,12,6.0,4,16.0,8.0,10.61510181427002,0,2.831387257575989,4.069765567779541,3.028286459765016,5,ppo_kalman_seed47,ppo_kalman,PPO-Kalman,47
77247,soldier_caught,0,1,0,0,249,9,4.5,240,,,1.9027972221374512,0,6.804036110021267,7.408751010894775,7.101943179959042,241,ppo_kalman_seed47,ppo_kalman,PPO-Kalman,47
77248,intercepted,1,0,0,0,209,14,7.0,195,209.0,104.5,12.06247329711914,0,7.450472583576125,8.212135314941406,7.68392113404282,196,ppo_kalman_seed47,ppo_kalman,PPO-Kalman,47
77249,intercepted,1,0,0,0,327,10,5.0,317,327.0,163.5,5.721907138824463,0,7.5627818415000005,7.020110130310059,7.748990835379397,318,ppo_kalman_seed47,ppo_kalman,PPO-Kalman,47
77250,intercepted,1,0,0,0,338,9,4.5,329,338.0,169.0,7.696247100830078,0,7.637398289911674,5.701536655426025,7.779253705403946,330,ppo_kalman_seed47,ppo_kalman,PPO-Kalman,47
77251,intercepted,1,0,0,0,67,13,6.5,54,67.0,33.5,5.288417816162109,0,5.490809800408103,8.56899356842041,5.95624552282958,55,ppo_kalman_seed47,ppo_kalman,PPO-Kalman,47
77252,intercepted,1,0,0,0,16,13,6.5,3,16.0,8.0,7.3265910148620605,0,3.5928279161453247,4.059483528137207,3.6199001231966865,4,ppo_kalman_seed47,ppo_kalman,PPO-Kalman,47
77253,intercepted,1,0,0,0,137,8,4.0,129,137.0,68.5,3.6412994861602783,0,6.556436226918147,7.6855363845825195,6.855442962647368,130,ppo_kalman_seed47,ppo_kalman,PPO-Kalman,47
77254,soldier_caught,0,1,0,0,154,20,10.0,134,,,1.9091730117797852,0,6.776599659743132,7.06667947769165,7.124070677264014,135,ppo_kalman_seed47,ppo_kalman,PPO-Kalman,47
77255,intercepted,1,0,0,0,406,7,3.5,399,406.0,203.0,2.8341686725616455,0,7.2999766048789025,6.937674522399902,7.535819093452085,400,ppo_kalman_seed47,ppo_kalman,PPO-Kalman,47
77256,intercepted,1,0,0,0,204,35,17.5,169,204.0,102.0,3.9705004692077637,0,7.310752546787262,7.492771148681641,7.5167091107069,170,ppo_kalman_seed47,ppo_kalman,PPO-Kalman,47
77257,intercepted,1,0,0,0,408,9,4.5,399,408.0,204.0,3.6517653465270996,0,6.967863879799843,7.296666622161865,7.284943237465021,400,ppo_kalman_seed47,ppo_kalman,PPO-Kalman,47
77258,unsafe_intercept,0,0,1,0,11,9,4.5,2,,,3.1821560859680176,0,2.6430150667826333,2.025817632675171,2.7469072730765682,3,ppo_kalman_seed47,ppo_kalman,PPO-Kalman,47
77259,intercepted,1,0,0,0,170,26,13.0,144,170.0,85.0,4.752178192138672,0,6.904568002963888,1.9967933893203735,7.276390756816298,145,ppo_kalman_seed47,ppo_kalman,PPO-Kalman,47
77260,intercepted,1,0,0,0,54,48,24.0,6,54.0,27.0,14.320646286010742,0,3.2560110688209534,3.666779041290283,3.470420655782065,7,ppo_kalman_seed47,ppo_kalman,PPO-Kalman,47
77261,intercepted,1,0,0,0,291,57,28.5,234,291.0,145.5,2.4462270736694336,0,6.995352093716885,8.420597076416016,7.303627898154533,235,ppo_kalman_seed47,ppo_kalman,PPO-Kalman,47
77262,intercepted,1,0,0,0,107,13,6.5,94,107.0,53.5,4.658117294311523,0,6.172038985553541,8.149765014648438,6.5789035008081465,95,ppo_kalman_seed47,ppo_kalman,PPO-Kalman,47
77263,intercepted,1,0,0,0,44,40,20.0,4,44.0,22.0,8.8837890625,0,2.6832727909088137,4.031429290771484,2.8440590934148275,5,ppo_kalman_seed47,ppo_kalman,PPO-Kalman,47
77264,intercepted,1,0,0,0,336,14,7.0,322,336.0,168.0,7.796693325042725,0,7.894224753320771,8.192063331604004,8.084182547400143,323,ppo_kalman_seed47,ppo_kalman,PPO-Kalman,47
77265,soldier_caught,0,1,0,0,83,7,3.5,76,,,0.6708443760871887,0,7.36826614435617,8.315338134765625,7.7662155762365925,77,ppo_kalman_seed47,ppo_kalman,PPO-Kalman,47
77266,intercepted,1,0,0,0,554,31,15.5,523,554.0,277.0,2.3171467781066895,0,7.45123411487532,5.519525527954102,7.646063413784638,524,ppo_kalman_seed47,ppo_kalman,PPO-Kalman,47
77267,intercepted,1,0,0,0,33,11,5.5,22,33.0,16.5,2.9568209648132324,0,5.6435089111328125,8.149386405944824,5.988485773065686,23,ppo_kalman_seed47,ppo_kalman,PPO-Kalman,47
77268,intercepted,1,0,0,0,179,30,15.0,149,179.0,89.5,11.048789024353027,0,7.538129504521688,7.400937080383301,7.683714462284083,150,ppo_kalman_seed47,ppo_kalman,PPO-Kalman,47
77269,intercepted,1,0,0,0,19,12,6.0,7,19.0,9.5,12.663070678710938,0,3.609542950987816,5.11885929107666,3.8387483992395333,8,ppo_kalman_seed47,ppo_kalman,PPO-Kalman,47
77270,intercepted,1,0,0,0,30,9,4.5,21,30.0,15.0,7.573479652404785,0,6.3868184739893135,8.057319641113281,6.968795319675053,22,ppo_kalman_seed47,ppo_kalman,PPO-Kalman,47
77271,intercepted,1,0,0,0,15,10,5.0,5,15.0,7.5,7.63422155380249,0,3.4327760140101113,3.5464255809783936,3.551426075266059,6,ppo_kalman_seed47,ppo_kalman,PPO-Kalman,47
77272,intercepted,1,0,0,0,1021,10,5.0,1011,1021.0,510.5,3.9642245769500732,0,7.617960928810444,8.560725212097168,7.804931772538818,1012,ppo_kalman_seed47,ppo_kalman,PPO-Kalman,47
77273,soldier_caught,0,1,0,0,404,11,5.5,393,,,1.2611658573150635,0,7.484375687268785,8.187777519226074,7.70221712277048,394,ppo_kalman_seed47,ppo_kalman,PPO-Kalman,47
77274,intercepted,1,0,0,0,14,12,6.0,2,14.0,7.0,5.04457950592041,0,4.290299256642659,3.4365291595458984,4.391109022825267,3,ppo_kalman_seed47,ppo_kalman,PPO-Kalman,47
77275,intercepted,1,0,0,0,124,11,5.5,113,124.0,62.0,9.612615585327148,0,7.089358257619958,7.355728626251221,7.347554616783371,114,ppo_kalman_seed47,ppo_kalman,PPO-Kalman,47
77276,intercepted,1,0,0,0,15,10,5.0,5,15.0,7.5,14.173730850219727,0,2.9887865583101907,3.2065536975860596,3.0424475830872315,6,ppo_kalman_seed47,ppo_kalman,PPO-Kalman,47
77277,intercepted,1,0,0,0,49,17,8.5,32,49.0,24.5,4.553789138793945,0,5.322814110553626,4.707756519317627,5.834023060512106,33,ppo_kalman_seed47,ppo_kalman,PPO-Kalman,47
77278,intercepted,1,0,0,0,40,14,7.0,26,40.0,20.0,11.563958168029785,0,7.159970614645216,7.033631801605225,7.4511402134874,27,ppo_kalman_seed47,ppo_kalman,PPO-Kalman,47
77279,intercepted,1,0,0,0,232,9,4.5,223,232.0,116.0,6.477197170257568,0,7.55845929336335,8.225081443786621,7.79385320916361,224,ppo_kalman_seed47,ppo_kalman,PPO-Kalman,47
77280,intercepted,1,0,0,0,179,15,7.5,164,179.0,89.5,2.954559087753296,0,6.507509259744124,8.93093204498291,6.835808503682981,165,ppo_kalman_seed47,ppo_kalman,PPO-Kalman,47
77281,intercepted,1,0,0,0,93,42,21.0,51,93.0,46.5,13.097742080688477,0,6.43748015165329,5.3313374519348145,6.840523672742858,52,ppo_kalman_seed47,ppo_kalman,PPO-Kalman,47
77282,intercepted,1,0,0,0,87,7,3.5,80,87.0,43.5,7.0468902587890625,0,6.321189140831983,6.3442230224609375,6.642241057260443,81,ppo_kalman_seed47,ppo_kalman,PPO-Kalman,47
77283,intercepted,1,0,0,0,766,23,11.5,743,766.0,383.0,7.597675323486328,0,7.5711424984438445,6.522520542144775,7.775383679436924,744,ppo_kalman_seed47,ppo_kalman,PPO-Kalman,47
77284,intercepted,1,0,0,0,12,9,4.5,3,12.0,6.0,6.507988929748535,0,3.79592502117157,3.3607208728790283,3.8348097606615186,4,ppo_kalman_seed47,ppo_kalman,PPO-Kalman,47
77285,intercepted,1,0,0,0,465,38,19.0,427,465.0,232.5,5.4105544090271,0,7.556557220276271,9.161324501037598,7.716607770013063,428,ppo_kalman_seed47,ppo_kalman,PPO-Kalman,47
77286,soldier_caught,0,1,0,0,313,9,4.5,304,,,1.6993740797042847,0,6.847592435117628,4.052539348602295,7.147255208539813,305,ppo_kalman_seed47,ppo_kalman,PPO-Kalman,47
77287,intercepted,1,0,0,0,71,47,23.5,24,71.0,35.5,3.6195056438446045,0,5.283850507736206,6.359836101531982,5.723636794705567,25,ppo_kalman_seed47,ppo_kalman,PPO-Kalman,47
77288,intercepted,1,0,0,0,625,9,4.5,616,625.0,312.5,2.391130208969116,0,7.407540954395863,7.133378028869629,7.630694266524723,617,ppo_kalman_seed47,ppo_kalman,PPO-Kalman,47
77289,intercepted,1,0,0,0,58,10,5.0,48,58.0,29.0,2.729217052459717,0,6.374162773696744,7.938753128051758,6.779927398718271,49,ppo_kalman_seed47,ppo_kalman,PPO-Kalman,47
77290,intercepted,1,0,0,0,141,13,6.5,128,141.0,70.5,7.429770469665527,0,7.818249362383702,7.69020414352417,7.963774583549114,129,ppo_kalman_seed47,ppo_kalman,PPO-Kalman,47
77291,intercepted,1,0,0,0,312,14,7.0,298,312.0,156.0,3.432288885116577,0,7.414380056004859,7.471898555755615,7.626458468295023,299,ppo_kalman_seed47,ppo_kalman,PPO-Kalman,47
77292,intercepted,1,0,0,0,470,44,22.0,426,470.0,235.0,6.8304972648620605,0,7.440232326470717,8.44211483001709,7.668520399469983,427,ppo_kalman_seed47,ppo_kalman,PPO-Kalman,47
77293,intercepted,1,0,0,0,33,12,6.0,21,33.0,16.5,11.326601028442383,0,6.143305312503468,7.7774858474731445,6.434890018141393,22,ppo_kalman_seed47,ppo_kalman,PPO-Kalman,47
77294,intercepted,1,0,0,0,803,9,4.5,794,803.0,401.5,4.27473783493042,0,7.267046786254307,10.517833709716797,7.503281970440361,795,ppo_kalman_seed47,ppo_kalman,PPO-Kalman,47
77295,intercepted,1,0,0,0,266,34,17.0,232,266.0,133.0,9.123873710632324,0,7.464611392164435,6.884912967681885,7.622623950570706,233,ppo_kalman_seed47,ppo_kalman,PPO-Kalman,47
77296,soldier_caught,0,1,0,0,85,8,4.0,77,,,0.7095855474472046,0,6.381468277711135,8.696962356567383,6.793681947983056,78,ppo_kalman_seed47,ppo_kalman,PPO-Kalman,47
77297,intercepted,1,0,0,0,203,8,4.0,195,203.0,101.5,4.088213920593262,0,7.426307079743366,5.426236152648926,7.6269979364025255,196,ppo_kalman_seed47,ppo_kalman,PPO-Kalman,47
77298,intercepted,1,0,0,0,12,9,4.5,3,12.0,6.0,8.157927513122559,0,2.652337372303009,1.1839457750320435,3.319695390765492,4,ppo_kalman_seed47,ppo_kalman,PPO-Kalman,47
77299,intercepted,1,0,0,0,341,14,7.0,327,341.0,170.5,7.719072341918945,0,7.140257957505017,7.357759952545166,7.370579627953982,328,ppo_kalman_seed47,ppo_kalman,PPO-Kalman,47
77300,intercepted,1,0,0,0,13,10,5.0,3,13.0,6.5,6.112887382507324,0,2.6744425296783447,1.931550145149231,3.0431039485066274,4,ppo_kalman_seed47,ppo_kalman,PPO-Kalman,47
77301,soldier_caught,0,1,0,0,1614,11,5.5,1603,,,1.0088330507278442,0,7.398202615560142,5.075620651245117,7.61900946209034,1604,ppo_kalman_seed47,ppo_kalman,PPO-Kalman,47
77302,intercepted,1,0,0,0,568,17,8.5,551,568.0,284.0,3.3733274936676025,0,7.266357969546664,8.391779899597168,7.4759607915774176,552,ppo_kalman_seed47,ppo_kalman,PPO-Kalman,47
77303,intercepted,1,0,0,0,477,9,4.5,468,477.0,238.5,3.7876133918762207,0,7.058830272668461,8.021656036376953,7.3188403012178895,469,ppo_kalman_seed47,ppo_kalman,PPO-Kalman,47
77304,intercepted,1,0,0,0,21,11,5.5,10,21.0,10.5,12.360688209533691,0,4.0374415787783535,6.63742208480835,4.513159811636615,11,ppo_kalman_seed47,ppo_kalman,PPO-Kalman,47
77305,intercepted,1,0,0,0,78,16,8.0,62,78.0,39.0,10.965023040771484,0,6.224882871385605,7.387936115264893,6.604826706369834,63,ppo_kalman_seed47,ppo_kalman,PPO-Kalman,47
77306,intercepted,1,0,0,0,43,37,18.5,6,43.0,21.5,12.986327171325684,0,3.0886957475117276,3.5803980827331543,3.2220544027767684,7,ppo_kalman_seed47,ppo_kalman,PPO-Kalman,47
77307,intercepted,1,0,0,0,766,11,5.5,755,766.0,383.0,2.319765090942383,0,7.383296737437526,7.5628509521484375,7.580624022359171,756,ppo_kalman_seed47,ppo_kalman,PPO-Kalman,47
77308,intercepted,1,0,0,0,152,27,13.5,125,152.0,76.0,3.3223776817321777,0,6.514832022171172,9.6395263671875,6.878801338253461,126,ppo_kalman_seed47,ppo_kalman,PPO-Kalman,47
77309,intercepted,1,0,0,0,165,8,4.0,157,165.0,82.5,4.270041465759277,0,6.971716548445858,7.609708786010742,7.204797202947267,158,ppo_kalman_seed47,ppo_kalman,PPO-Kalman,47
77310,intercepted,1,0,0,0,61,12,6.0,49,61.0,30.5,8.960559844970703,0,5.8448516261577605,8.507959365844727,6.414635747060732,50,ppo_kalman_seed47,ppo_kalman,PPO-Kalman,47
77311,intercepted,1,0,0,0,415,47,23.5,368,415.0,207.5,4.744561195373535,0,7.473512598654119,8.457910537719727,7.729933990133851,369,ppo_kalman_seed47,ppo_kalman,PPO-Kalman,47
77312,intercepted,1,0,0,0,467,40,20.0,427,467.0,233.5,6.538106918334961,0,7.50734614727096,5.233809947967529,7.697661784345664,428,ppo_kalman_seed47,ppo_kalman,PPO-Kalman,47
77313,intercepted,1,0,0,0,263,8,4.0,255,263.0,131.5,2.8648250102996826,0,6.641401886474341,9.741926193237305,6.961676123889696,256,ppo_kalman_seed47,ppo_kalman,PPO-Kalman,47
77314,intercepted,1,0,0,0,22,12,6.0,10,22.0,11.0,8.534420013427734,0,4.33107683875344,7.614206314086914,4.641895323192604,11,ppo_kalman_seed47,ppo_kalman,PPO-Kalman,47
77315,soldier_caught,0,1,0,0,147,16,8.0,131,,,1.3611116409301758,0,7.2853181777578415,4.597087860107422,7.590418598876803,132,ppo_kalman_seed47,ppo_kalman,PPO-Kalman,47
77316,intercepted,1,0,0,0,34,13,6.5,21,34.0,17.0,8.204960823059082,0,6.086919448592446,9.288277626037598,6.408653141649302,22,ppo_kalman_seed47,ppo_kalman,PPO-Kalman,47
77317,intercepted,1,0,0,0,283,10,5.0,273,283.0,141.5,2.366232395172119,0,7.187449486368764,5.0730204582214355,7.471909958287772,274,ppo_kalman_seed47,ppo_kalman,PPO-Kalman,47
77318,intercepted,1,0,0,0,16,11,5.5,5,16.0,8.0,10.308890342712402,0,2.944998284180959,1.5782899856567383,3.291191166455078,6,ppo_kalman_seed47,ppo_kalman,PPO-Kalman,47
77319,soldier_caught,0,1,0,0,235,57,28.5,178,,,1.8332281112670898,0,7.005538314414424,8.124896049499512,7.277677336636809,179,ppo_kalman_seed47,ppo_kalman,PPO-Kalman,47
77320,intercepted,1,0,0,0,54,10,5.0,44,54.0,27.0,4.369225978851318,0,6.608245242966546,6.080507755279541,6.967788542309579,45,ppo_kalman_seed47,ppo_kalman,PPO-Kalman,47
77321,intercepted,1,0,0,0,280,52,26.0,228,280.0,140.0,4.431412220001221,0,7.165293639924329,8.491681098937988,7.427318283855689,229,ppo_kalman_seed47,ppo_kalman,PPO-Kalman,47
77322,intercepted,1,0,0,0,18,14,7.0,4,18.0,9.0,13.027477264404297,0,4.018610048294067,6.50087308883667,4.443613535978133,5,ppo_kalman_seed47,ppo_kalman,PPO-Kalman,47
77323,intercepted,1,0,0,0,53,13,6.5,40,53.0,26.5,10.401516914367676,0,7.695133886686185,8.699295043945312,7.973509789149903,41,ppo_kalman_seed47,ppo_kalman,PPO-Kalman,47
77324,intercepted,1,0,0,0,317,8,4.0,309,317.0,158.5,3.9899039268493652,0,7.207463448278365,7.3980326652526855,7.457758310558604,310,ppo_kalman_seed47,ppo_kalman,PPO-Kalman,47
77325,intercepted,1,0,0,0,206,12,6.0,194,206.0,103.0,6.146726608276367,0,6.839319080572862,8.12643814086914,7.058518621446437,195,ppo_kalman_seed47,ppo_kalman,PPO-Kalman,47
77326,intercepted,1,0,0,0,295,11,5.5,284,295.0,147.5,2.241974115371704,0,6.750449548687851,8.862313270568848,7.208095445018001,285,ppo_kalman_seed47,ppo_kalman,PPO-Kalman,47
77327,intercepted,1,0,0,0,137,10,5.0,127,137.0,68.5,5.570663928985596,0,6.770403516944498,6.4252214431762695,7.107679274154065,128,ppo_kalman_seed47,ppo_kalman,PPO-Kalman,47
77328,intercepted,1,0,0,0,133,14,7.0,119,133.0,66.5,5.831019401550293,0,7.172734401623408,6.3822340965271,7.441088256692979,120,ppo_kalman_seed47,ppo_kalman,PPO-Kalman,47
77329,intercepted,1,0,0,0,84,21,10.5,63,84.0,42.0,11.5972261428833,0,7.028460605069995,5.194709300994873,7.300683464455278,64,ppo_kalman_seed47,ppo_kalman,PPO-Kalman,47
77330,intercepted,1,0,0,0,37,13,6.5,24,37.0,18.5,2.1565520763397217,0,6.2136977005004885,5.991245746612549,6.597739720206042,25,ppo_kalman_seed47,ppo_kalman,PPO-Kalman,47
77331,intercepted,1,0,0,0,753,14,7.0,739,753.0,376.5,2.1479153633117676,0,7.575349892635603,6.226629257202148,7.761392983827552,740,ppo_kalman_seed47,ppo_kalman,PPO-Kalman,47
77332,intercepted,1,0,0,0,150,9,4.5,141,150.0,75.0,10.463335990905762,0,7.715378207220158,6.663608074188232,7.854545268669457,142,ppo_kalman_seed47,ppo_kalman,PPO-Kalman,47
77333,soldier_caught,0,1,0,0,134,10,5.0,124,,,1.4748684167861938,0,6.886716590881347,7.7970685958862305,7.130893132738438,125,ppo_kalman_seed47,ppo_kalman,PPO-Kalman,47
77334,intercepted,1,0,0,0,57,14,7.0,43,57.0,28.5,3.442683696746826,0,5.671798814426769,7.436091899871826,6.00296582621802,44,ppo_kalman_seed47,ppo_kalman,PPO-Kalman,47
77335,intercepted,1,0,0,0,371,48,24.0,323,371.0,185.5,4.3716959953308105,0,7.3150136603249445,10.252272605895996,7.509011283158135,324,ppo_kalman_seed47,ppo_kalman,PPO-Kalman,47
77336,intercepted,1,0,0,0,31,8,4.0,23,31.0,15.5,6.583481311798096,0,6.093603764971097,8.694339752197266,6.562986610225632,24,ppo_kalman_seed47,ppo_kalman,PPO-Kalman,47
77337,intercepted,1,0,0,0,678,15,7.5,663,678.0,339.0,4.43687629699707,0,7.850385021059269,8.38330364227295,8.001783977112574,664,ppo_kalman_seed47,ppo_kalman,PPO-Kalman,47
77338,intercepted,1,0,0,0,511,8,4.0,503,511.0,255.5,2.1593337059020996,0,7.264187792463908,8.274085998535156,7.487494599917252,504,ppo_kalman_seed47,ppo_kalman,PPO-Kalman,47
77339,intercepted,1,0,0,0,82,14,7.0,68,82.0,41.0,10.876012802124023,0,6.852414846420288,9.741536140441895,7.193837803499719,69,ppo_kalman_seed47,ppo_kalman,PPO-Kalman,47
77340,intercepted,1,0,0,0,48,10,5.0,38,48.0,24.0,8.70918083190918,0,6.556643758064661,9.2852201461792,7.0543837455016485,39,ppo_kalman_seed47,ppo_kalman,PPO-Kalman,47
77341,intercepted,1,0,0,0,20,12,6.0,8,20.0,10.0,5.242877006530762,0,4.23969907230801,6.837059020996094,4.540135734961409,9,ppo_kalman_seed47,ppo_kalman,PPO-Kalman,47
77342,intercepted,1,0,0,0,291,31,15.5,260,291.0,145.5,8.652862548828125,0,7.368052881796241,9.004432678222656,7.575234702313122,261,ppo_kalman_seed47,ppo_kalman,PPO-Kalman,47
77343,intercepted,1,0,0,0,17,11,5.5,6,17.0,8.5,6.8391804695129395,0,2.3125161698886325,3.8625452518463135,2.54736666199054,7,ppo_kalman_seed47,ppo_kalman,PPO-Kalman,47
77344,intercepted,1,0,0,0,171,101,50.5,70,171.0,85.5,7.177925109863281,0,6.5175869582404555,10.762578964233398,6.86818570964696,71,ppo_kalman_seed47,ppo_kalman,PPO-Kalman,47
77345,intercepted,1,0,0,0,35,13,6.5,22,35.0,17.5,10.627447128295898,0,5.425144122994465,6.11016321182251,5.800279460911641,23,ppo_kalman_seed47,ppo_kalman,PPO-Kalman,47
77346,intercepted,1,0,0,0,61,15,7.5,46,61.0,30.5,11.305638313293457,0,7.003564357757568,8.088714599609375,7.300265768044357,47,ppo_kalman_seed47,ppo_kalman,PPO-Kalman,47
77347,intercepted,1,0,0,0,33,11,5.5,22,33.0,16.5,10.243760108947754,0,6.1042702198028564,7.4474053382873535,6.560090126920643,23,ppo_kalman_seed47,ppo_kalman,PPO-Kalman,47
77348,intercepted,1,0,0,0,276,13,6.5,263,276.0,138.0,5.7001118659973145,0,7.257332122687138,7.32394552230835,7.481946393252799,264,ppo_kalman_seed47,ppo_kalman,PPO-Kalman,47
77349,intercepted,1,0,0,0,374,8,4.0,366,374.0,187.0,4.214841842651367,0,7.107882375938042,4.169172286987305,7.344656116308697,367,ppo_kalman_seed47,ppo_kalman,PPO-Kalman,47
77350,intercepted,1,0,0,0,210,34,17.0,176,210.0,105.0,2.4967963695526123,0,6.63417027899101,8.90865421295166,7.020225375117439,177,ppo_kalman_seed47,ppo_kalman,PPO-Kalman,47
77351,intercepted,1,0,0,0,25,8,4.0,17,25.0,12.5,10.932384490966797,0,4.183663507302602,8.5017671585083,4.885115691606043,18,ppo_kalman_seed47,ppo_kalman,PPO-Kalman,47
77352,intercepted,1,0,0,0,15,13,6.5,2,15.0,7.5,5.208377838134766,0,2.410837789376577,1.5340510606765747,2.9441292440017683,3,ppo_kalman_seed47,ppo_kalman,PPO-Kalman,47
77353,intercepted,1,0,0,0,47,9,4.5,38,47.0,23.5,7.9252190589904785,0,6.309519795271067,7.380277633666992,6.513921794924819,39,ppo_kalman_seed47,ppo_kalman,PPO-Kalman,47
77354,soldier_caught,0,1,0,0,14,12,6.0,2,,,1.7378864288330078,0,2.9898508389790854,3.03975510597229,2.99673159462256,3,ppo_kalman_seed47,ppo_kalman,PPO-Kalman,47
77355,intercepted,1,0,0,0,23,18,9.0,5,23.0,11.5,14.2738037109375,0,2.9056731859842935,2.0716300010681152,2.960879886363865,6,ppo_kalman_seed47,ppo_kalman,PPO-Kalman,47
77356,intercepted,1,0,0,0,587,9,4.5,578,587.0,293.5,2.9390714168548584,0,7.399175598316654,10.1893310546875,7.638920659315946,579,ppo_kalman_seed47,ppo_kalman,PPO-Kalman,47
77357,intercepted,1,0,0,0,162,11,5.5,151,162.0,81.0,8.055739402770996,0,6.562056435566199,9.247425079345703,6.998961437426123,152,ppo_kalman_seed47,ppo_kalman,PPO-Kalman,47
77358,intercepted,1,0,0,0,168,10,5.0,158,168.0,84.0,2.9962422847747803,0,6.898634512844326,6.309765338897705,7.157577082358192,159,ppo_kalman_seed47,ppo_kalman,PPO-Kalman,47
77359,intercepted,1,0,0,0,447,50,25.0,397,447.0,223.5,3.743908166885376,0,7.057712407717154,9.948545455932617,7.36207049172677,398,ppo_kalman_seed47,ppo_kalman,PPO-Kalman,47
77360,intercepted,1,0,0,0,274,13,6.5,261,274.0,137.0,3.8303048610687256,0,7.200664657672853,5.95682430267334,7.462233246633018,262,ppo_kalman_seed47,ppo_kalman,PPO-Kalman,47
77361,intercepted,1,0,0,0,14,7,3.5,7,14.0,7.0,8.768211364746094,0,3.0882208198308945,6.504706382751465,3.4873052622970593,8,ppo_kalman_seed47,ppo_kalman,PPO-Kalman,47
77362,intercepted,1,0,0,0,183,8,4.0,175,183.0,91.5,2.7687127590179443,0,6.732601966031573,3.756673574447632,7.014259204695154,176,ppo_kalman_seed47,ppo_kalman,PPO-Kalman,47
77363,intercepted,1,0,0,0,182,13,6.5,169,182.0,91.0,3.018643617630005,0,7.343082535266876,9.563417434692383,7.596185940035707,170,ppo_kalman_seed47,ppo_kalman,PPO-Kalman,47
77364,soldier_caught,0,1,0,0,80,17,8.5,63,,,1.921123743057251,0,6.471488672308624,7.624179840087891,6.853193824723063,64,ppo_kalman_seed47,ppo_kalman,PPO-Kalman,47
77365,intercepted,1,0,0,0,247,45,22.5,202,247.0,123.5,7.354438781738281,0,7.631146503786735,7.402379512786865,7.820399862948153,203,ppo_kalman_seed47,ppo_kalman,PPO-Kalman,47
77366,intercepted,1,0,0,0,637,9,4.5,628,637.0,318.5,3.865385055541992,0,7.337085049368429,3.287951946258545,7.537815422144764,629,ppo_kalman_seed47,ppo_kalman,PPO-Kalman,47
77367,intercepted,1,0,0,0,588,9,4.5,579,588.0,294.0,2.372391700744629,0,7.5961023000807595,6.4547224044799805,7.793205504648198,580,ppo_kalman_seed47,ppo_kalman,PPO-Kalman,47
77368,intercepted,1,0,0,0,118,14,7.0,104,118.0,59.0,3.695044994354248,0,6.538974316914876,7.869499683380127,6.8797079122823765,105,ppo_kalman_seed47,ppo_kalman,PPO-Kalman,47
77369,intercepted,1,0,0,0,15,8,4.0,7,15.0,7.5,3.859215021133423,0,4.06166099011898,7.57949686050415,4.439715561437896,8,ppo_kalman_seed47,ppo_kalman,PPO-Kalman,47
77370,intercepted,1,0,0,0,62,38,19.0,24,62.0,31.0,11.507954597473145,0,5.758282032012939,8.066990852355957,6.129209270954766,25,ppo_kalman_seed47,ppo_kalman,PPO-Kalman,47
77371,intercepted,1,0,0,0,78,72,36.0,6,78.0,39.0,14.305419921875,0,2.7675901651382446,3.4429986476898193,2.959650800912977,7,ppo_kalman_seed47,ppo_kalman,PPO-Kalman,47
77372,intercepted,1,0,0,0,99,15,7.5,84,99.0,49.5,7.350954055786133,0,7.001877636769239,8.291954040527344,7.306135578812551,85,ppo_kalman_seed47,ppo_kalman,PPO-Kalman,47
77373,intercepted,1,0,0,0,25,19,9.5,6,25.0,12.5,14.777788162231445,0,1.9546010664531164,3.3679656982421875,2.0861743668665578,7,ppo_kalman_seed47,ppo_kalman,PPO-Kalman,47
77374,intercepted,1,0,0,0,78,11,5.5,67,78.0,39.0,6.067319869995117,0,6.482352735365138,8.598088264465332,6.934097070950279,68,ppo_kalman_seed47,ppo_kalman,PPO-Kalman,47
77375,intercepted,1,0,0,0,17,13,6.5,4,17.0,8.5,8.46057415008545,0,3.515824890136719,3.7059824466705322,3.5555878482110552,5,ppo_kalman_seed47,ppo_kalman,PPO-Kalman,47
77376,soldier_caught,0,1,0,0,644,9,4.5,635,,,1.0342915058135986,0,7.840512646069317,7.4929094314575195,7.946170881446302,636,ppo_kalman_seed47,ppo_kalman,PPO-Kalman,47
77377,intercepted,1,0,0,0,575,12,6.0,563,575.0,287.5,8.010183334350586,0,7.738108441550681,7.656221389770508,7.873957662421928,564,ppo_kalman_seed47,ppo_kalman,PPO-Kalman,47
77378,intercepted,1,0,0,0,53,8,4.0,45,53.0,26.5,4.673250198364258,0,6.322694641092549,7.555922508239746,6.645889833972905,46,ppo_kalman_seed47,ppo_kalman,PPO-Kalman,47
77379,intercepted,1,0,0,0,845,10,5.0,835,845.0,422.5,2.482111692428589,0,7.609657992871754,7.877017498016357,7.7849862703860095,836,ppo_kalman_seed47,ppo_kalman,PPO-Kalman,47
77380,intercepted,1,0,0,0,373,10,5.0,363,373.0,186.5,3.316267251968384,0,7.207829939631315,7.385735034942627,7.4526318689080515,364,ppo_kalman_seed47,ppo_kalman,PPO-Kalman,47
77381,intercepted,1,0,0,0,126,8,4.0,118,126.0,63.0,2.8826372623443604,0,7.330799178916867,7.701043605804443,7.559722216724764,119,ppo_kalman_seed47,ppo_kalman,PPO-Kalman,47
77382,intercepted,1,0,0,0,585,10,5.0,575,585.0,292.5,5.216311454772949,0,7.358335588437815,6.420034408569336,7.578888326353321,576,ppo_kalman_seed47,ppo_kalman,PPO-Kalman,47
77383,intercepted,1,0,0,0,32,11,5.5,21,32.0,16.0,13.307896614074707,0,6.409539266066118,6.67067289352417,6.767053509713636,22,ppo_kalman_seed47,ppo_kalman,PPO-Kalman,47
77384,intercepted,1,0,0,0,16,8,4.0,8,16.0,8.0,5.508613109588623,0,2.0656090908580356,2.1231579780578613,2.2804058349846734,9,ppo_kalman_seed47,ppo_kalman,PPO-Kalman,47
77385,intercepted,1,0,0,0,16,14,7.0,2,16.0,8.0,5.085414886474609,0,2.889936367670695,2.5972654819488525,3.2193579666862386,3,ppo_kalman_seed47,ppo_kalman,PPO-Kalman,47
77386,intercepted,1,0,0,0,177,46,23.0,131,177.0,88.5,4.404509544372559,0,6.623883712472337,7.580898284912109,6.926518032728599,132,ppo_kalman_seed47,ppo_kalman,PPO-Kalman,47
77387,intercepted,1,0,0,0,91,12,6.0,79,91.0,45.5,6.147609710693359,0,6.370497561991215,9.555627822875977,6.603776164756452,80,ppo_kalman_seed47,ppo_kalman,PPO-Kalman,47
77388,intercepted,1,0,0,0,56,7,3.5,49,56.0,28.0,7.124650001525879,0,6.303137483596802,9.298885345458984,6.624688753691931,50,ppo_kalman_seed47,ppo_kalman,PPO-Kalman,47
77389,intercepted,1,0,0,0,460,14,7.0,446,460.0,230.0,3.7273294925689697,0,7.684093892707654,6.188419342041016,7.818658761164134,447,ppo_kalman_seed47,ppo_kalman,PPO-Kalman,47
77390,intercepted,1,0,0,0,257,13,6.5,244,257.0,128.5,2.1784541606903076,0,6.881263746047506,8.596967697143555,7.227826694983392,245,ppo_kalman_seed47,ppo_kalman,PPO-Kalman,47
77391,soldier_caught,0,1,0,0,224,35,17.5,189,,,1.730652928352356,0,6.874537599478897,7.074369430541992,7.229171110394544,190,ppo_kalman_seed47,ppo_kalman,PPO-Kalman,47
77392,intercepted,1,0,0,0,587,38,19.0,549,587.0,293.5,5.7791948318481445,0,7.503618487444791,6.741564750671387,7.642415498455313,550,ppo_kalman_seed47,ppo_kalman,PPO-Kalman,47
77393,intercepted,1,0,0,0,184,7,3.5,177,184.0,92.0,4.717776775360107,0,6.99448342135783,8.043477058410645,7.206196010969153,178,ppo_kalman_seed47,ppo_kalman,PPO-Kalman,47
77394,intercepted,1,0,0,0,22,17,8.5,5,22.0,11.0,13.15755558013916,0,3.3834840059280396,5.454202175140381,3.536753106468457,6,ppo_kalman_seed47,ppo_kalman,PPO-Kalman,47
77395,soldier_caught,0,1,0,0,412,10,5.0,402,,,1.6564909219741821,0,7.282836054010367,5.43900728225708,7.52320826166858,403,ppo_kalman_seed47,ppo_kalman,PPO-Kalman,47
77396,intercepted,1,0,0,0,11,8,4.0,3,11.0,5.5,5.24250602722168,0,3.159233331680298,4.132099151611328,3.2935951920479516,4,ppo_kalman_seed47,ppo_kalman,PPO-Kalman,47
77397,unsafe_intercept,0,0,1,0,11,9,4.5,2,,,2.302154779434204,0,2.0002951622009277,0.29260778427124023,2.433724191190139,3,ppo_kalman_seed47,ppo_kalman,PPO-Kalman,47
77398,soldier_caught,0,1,0,0,221,88,44.0,133,,,1.3465181589126587,0,7.1311177540181285,4.474431991577148,7.369954913921191,134,ppo_kalman_seed47,ppo_kalman,PPO-Kalman,47
77399,intercepted,1,0,0,0,112,11,5.5,101,112.0,56.0,4.406012058258057,0,7.267610395655913,6.984816074371338,7.520110193522063,102,ppo_kalman_seed47,ppo_kalman,PPO-Kalman,47
77400,intercepted,1,0,0,0,381,114,57.0,267,381.0,190.5,7.403839588165283,0,7.476788450088074,5.4025702476501465,7.665884929519553,268,ppo_kalman_seed47,ppo_kalman,PPO-Kalman,47
77401,intercepted,1,0,0,0,424,12,6.0,412,424.0,212.0,5.216325283050537,0,7.7479299702309525,8.313450813293457,7.93587086119445,413,ppo_kalman_seed47,ppo_kalman,PPO-Kalman,47
77402,soldier_caught,0,1,0,0,553,61,30.5,492,,,1.8770579099655151,0,7.033802909493205,8.204496383666992,7.300888686421786,493,ppo_kalman_seed47,ppo_kalman,PPO-Kalman,47
77403,unsafe_intercept,0,0,1,0,286,72,36.0,214,,,2.6122264862060547,0,7.447514257597369,5.01417350769043,7.66392768290107,215,ppo_kalman_seed47,ppo_kalman,PPO-Kalman,47
77404,intercepted,1,0,0,0,94,16,8.0,78,94.0,47.0,6.361026763916016,0,6.477780752544161,6.091433048248291,6.717732686662478,79,ppo_kalman_seed47,ppo_kalman,PPO-Kalman,47
77405,intercepted,1,0,0,0,93,13,6.5,80,93.0,46.5,3.0460093021392822,0,5.511347265891087,7.976998805999756,6.032800198008649,81,ppo_kalman_seed47,ppo_kalman,PPO-Kalman,47
77406,intercepted,1,0,0,0,14,8,4.0,6,14.0,7.0,10.298502922058105,0,2.599684868540083,4.507859230041504,2.745492156616903,7,ppo_kalman_seed47,ppo_kalman,PPO-Kalman,47
77407,intercepted,1,0,0,0,238,12,6.0,226,238.0,119.0,3.8879880905151367,0,7.708370531182982,8.667237281799316,7.840020968696303,227,ppo_kalman_seed47,ppo_kalman,PPO-Kalman,47
77408,soldier_caught,0,1,0,0,174,32,16.0,142,,,1.7100844383239746,0,7.574385177839052,6.909422874450684,7.731102760087682,143,ppo_kalman_seed47,ppo_kalman,PPO-Kalman,47
77409,intercepted,1,0,0,0,12,10,5.0,2,12.0,6.0,4.751575946807861,0,2.5664308865865073,4.758857727050781,3.107521972205049,3,ppo_kalman_seed47,ppo_kalman,PPO-Kalman,47
77410,intercepted,1,0,0,0,26,7,3.5,19,26.0,13.0,7.842156410217285,0,5.663005501031876,8.298490524291992,6.305578676767716,20,ppo_kalman_seed47,ppo_kalman,PPO-Kalman,47
77411,soldier_caught,0,1,0,0,69,16,8.0,53,,,1.17535400390625,0,6.0504552655749855,4.99904203414917,6.3471481782992605,54,ppo_kalman_seed47,ppo_kalman,PPO-Kalman,47
77412,unsafe_intercept,0,0,1,0,56,9,4.5,47,,,2.9770030975341797,0,5.991154787441094,4.591784954071045,6.400743566670754,48,ppo_kalman_seed47,ppo_kalman,PPO-Kalman,47
77413,intercepted,1,0,0,0,493,36,18.0,457,493.0,246.5,5.357849597930908,0,7.654439146341716,5.314963340759277,7.870533513091314,458,ppo_kalman_seed47,ppo_kalman,PPO-Kalman,47
77414,intercepted,1,0,0,0,108,16,8.0,92,108.0,54.0,5.328784942626953,0,6.141097555237431,4.686406135559082,6.473800707492966,93,ppo_kalman_seed47,ppo_kalman,PPO-Kalman,47
77415,intercepted,1,0,0,0,359,9,4.5,350,359.0,179.5,4.529589653015137,0,7.1452940539417105,8.83624267578125,7.391311253483273,351,ppo_kalman_seed47,ppo_kalman,PPO-Kalman,47
77416,intercepted,1,0,0,0,15,11,5.5,4,15.0,7.5,8.459914207458496,0,2.967373311519623,1.868021845817566,3.29687832532502,5,ppo_kalman_seed47,ppo_kalman,PPO-Kalman,47
77417,intercepted,1,0,0,0,335,11,5.5,324,335.0,167.5,6.381472587585449,0,7.681848648694845,7.619950771331787,7.854202949866413,325,ppo_kalman_seed47,ppo_kalman,PPO-Kalman,47
77418,soldier_caught,0,1,0,0,485,9,4.5,476,,,1.473031997680664,0,7.581139402069636,5.630700588226318,7.747179630785841,477,ppo_kalman_seed47,ppo_kalman,PPO-Kalman,47
77419,soldier_caught,0,1,0,0,13,10,5.0,3,,,0.8484023809432983,0,2.3918183147907257,3.8686325550079346,2.597426919139813,4,ppo_kalman_seed47,ppo_kalman,PPO-Kalman,47
77420,intercepted,1,0,0,0,401,48,24.0,353,401.0,200.5,2.1472487449645996,0,6.97187992606291,8.518672943115234,7.230136092995017,354,ppo_kalman_seed47,ppo_kalman,PPO-Kalman,47
77421,intercepted,1,0,0,0,45,10,5.0,35,45.0,22.5,3.3532726764678955,0,5.332977344592412,5.7472381591796875,5.6959448938066055,36,ppo_kalman_seed47,ppo_kalman,PPO-Kalman,47
77422,intercepted,1,0,0,0,23,18,9.0,5,23.0,11.5,11.326859474182129,0,1.516935149828593,1.8137295246124268,1.5829985883807405,6,ppo_kalman_seed47,ppo_kalman,PPO-Kalman,47
77423,intercepted,1,0,0,0,10,8,4.0,2,10.0,5.0,5.018493175506592,0,3.115591208140055,3.9572999477386475,3.243170191569664,3,ppo_kalman_seed47,ppo_kalman,PPO-Kalman,47
77424,intercepted,1,0,0,0,218,19,9.5,199,218.0,109.0,3.3213882446289062,0,6.673951036334038,6.872228622436523,7.048919637061621,200,ppo_kalman_seed47,ppo_kalman,PPO-Kalman,47
77425,intercepted,1,0,0,0,16,8,4.0,8,16.0,8.0,10.26502799987793,0,3.2800701326794095,5.524685859680176,3.5356444177129323,9,ppo_kalman_seed47,ppo_kalman,PPO-Kalman,47
77426,soldier_caught,0,1,0,0,12,9,4.5,3,,,1.3726407289505005,0,3.9742361903190613,3.5714967250823975,4.00777781023646,4,ppo_kalman_seed47,ppo_kalman,PPO-Kalman,47
77427,intercepted,1,0,0,0,14,11,5.5,3,14.0,7.0,7.7512030601501465,0,3.671891510486603,4.314212799072266,3.747368965970334,4,ppo_kalman_seed47,ppo_kalman,PPO-Kalman,47
77428,intercepted,1,0,0,0,19,10,5.0,9,19.0,9.5,7.660120010375977,0,3.069314235448837,4.935532569885254,3.326652174223374,10,ppo_kalman_seed47,ppo_kalman,PPO-Kalman,47
77429,soldier_caught,0,1,0,0,163,11,5.5,152,,,1.5250798463821411,0,6.928810306623871,8.288838386535645,7.227182203883895,153,ppo_kalman_seed47,ppo_kalman,PPO-Kalman,47
77430,intercepted,1,0,0,0,90,17,8.5,73,90.0,45.0,3.7321722507476807,0,6.164705885423197,5.239100456237793,6.65669880978733,74,ppo_kalman_seed47,ppo_kalman,PPO-Kalman,47
77431,intercepted,1,0,0,0,121,57,28.5,64,121.0,60.5,7.294350624084473,0,6.349947008719811,8.99633502960205,6.8323642466282895,65,ppo_kalman_seed47,ppo_kalman,PPO-Kalman,47
77432,intercepted,1,0,0,0,20,10,5.0,10,20.0,10.0,12.363032341003418,0,3.625684705647555,8.08131217956543,4.2894858597552314,11,ppo_kalman_seed47,ppo_kalman,PPO-Kalman,47
77433,intercepted,1,0,0,0,348,9,4.5,339,348.0,174.0,4.510986804962158,0,7.062558633965605,7.025175094604492,7.383339669973312,340,ppo_kalman_seed47,ppo_kalman,PPO-Kalman,47
77434,intercepted,1,0,0,0,124,11,5.5,113,124.0,62.0,3.203511953353882,0,6.726203603702679,8.577260971069336,7.040636637702677,114,ppo_kalman_seed47,ppo_kalman,PPO-Kalman,47
77435,intercepted,1,0,0,0,144,9,4.5,135,144.0,72.0,5.883890628814697,0,7.022575150517857,7.98007345199585,7.259948572243977,136,ppo_kalman_seed47,ppo_kalman,PPO-Kalman,47
77436,intercepted,1,0,0,0,15,13,6.5,2,15.0,7.5,5.079938888549805,0,2.680051406224569,1.760049819946289,2.8230911606361784,3,ppo_kalman_seed47,ppo_kalman,PPO-Kalman,47
77437,intercepted,1,0,0,0,68,12,6.0,56,68.0,34.0,2.8778936862945557,0,6.403321855946591,6.652673721313477,6.83146190179448,57,ppo_kalman_seed47,ppo_kalman,PPO-Kalman,47
77438,intercepted,1,0,0,0,136,10,5.0,126,136.0,68.0,6.931560039520264,0,6.799964931067519,8.53193187713623,7.189345966031275,127,ppo_kalman_seed47,ppo_kalman,PPO-Kalman,47
77439,intercepted,1,0,0,0,30,10,5.0,20,30.0,15.0,12.289112091064453,0,6.029077453272683,9.243359565734863,6.384799701444129,21,ppo_kalman_seed47,ppo_kalman,PPO-Kalman,47
77440,intercepted,1,0,0,0,275,9,4.5,266,275.0,137.5,5.816610336303711,0,7.571944908256388,7.071237564086914,7.7922263630748665,267,ppo_kalman_seed47,ppo_kalman,PPO-Kalman,47
77441,intercepted,1,0,0,0,476,78,39.0,398,476.0,238.0,2.917745351791382,0,7.6577202228824595,7.5036468505859375,7.889620736668408,399,ppo_kalman_seed47,ppo_kalman,PPO-Kalman,47
77442,intercepted,1,0,0,0,61,14,7.0,47,61.0,30.5,6.328494071960449,0,6.465020087858041,6.16318416595459,6.771299721995077,48,ppo_kalman_seed47,ppo_kalman,PPO-Kalman,47
77443,intercepted,1,0,0,0,480,29,14.5,451,480.0,240.0,2.8631343841552734,0,7.764032932509363,10.032346725463867,7.919286466339719,452,ppo_kalman_seed47,ppo_kalman,PPO-Kalman,47
77444,intercepted,1,0,0,0,33,8,4.0,25,33.0,16.5,4.083420753479004,0,5.853456556797028,6.679122447967529,6.191058871052529,26,ppo_kalman_seed47,ppo_kalman,PPO-Kalman,47
77445,intercepted,1,0,0,0,1027,25,12.5,1002,1027.0,513.5,3.7225353717803955,0,7.567499686452233,7.6208882331848145,7.758706220997434,1003,ppo_kalman_seed47,ppo_kalman,PPO-Kalman,47
77446,intercepted,1,0,0,0,204,13,6.5,191,204.0,102.0,2.882770538330078,0,6.1449854876846075,4.165280342102051,6.492236173440822,192,ppo_kalman_seed47,ppo_kalman,PPO-Kalman,47
77447,intercepted,1,0,0,0,897,18,9.0,879,897.0,448.5,2.014490842819214,0,7.379569202424451,4.851312637329102,7.57378231888017,880,ppo_kalman_seed47,ppo_kalman,PPO-Kalman,47
77448,intercepted,1,0,0,0,30,9,4.5,21,30.0,15.0,12.60278606414795,0,6.5403192720629955,8.134525299072266,7.001501426945164,22,ppo_kalman_seed47,ppo_kalman,PPO-Kalman,47
77449,intercepted,1,0,0,0,673,10,5.0,663,673.0,336.5,3.4876155853271484,0,7.277523937264839,6.281590938568115,7.547387433571364,664,ppo_kalman_seed47,ppo_kalman,PPO-Kalman,47
77450,soldier_caught,0,1,0,0,1033,13,6.5,1020,,,1.5686899423599243,0,7.821186206249719,9.134614944458008,7.966868013112583,1021,ppo_kalman_seed47,ppo_kalman,PPO-Kalman,47
77451,intercepted,1,0,0,0,174,70,35.0,104,174.0,87.0,12.612326622009277,0,7.566242262295314,7.2071099281311035,7.766353672526603,105,ppo_kalman_seed47,ppo_kalman,PPO-Kalman,47
77452,intercepted,1,0,0,0,15,11,5.5,4,15.0,7.5,7.0995869636535645,0,2.508533072471619,2.7349164485931396,2.6185529700826913,5,ppo_kalman_seed47,ppo_kalman,PPO-Kalman,47
77453,intercepted,1,0,0,0,33,12,6.0,21,33.0,16.5,12.5684175491333,0,5.84096310897307,5.667575359344482,6.42403145588288,22,ppo_kalman_seed47,ppo_kalman,PPO-Kalman,47
77454,intercepted,1,0,0,0,20,12,6.0,8,20.0,10.0,12.392861366271973,0,2.495636330710517,5.537472724914551,2.8562787440544115,9,ppo_kalman_seed47,ppo_kalman,PPO-Kalman,47
77455,intercepted,1,0,0,0,13,8,4.0,5,13.0,6.5,12.567805290222168,0,3.1417914430300393,5.1476335525512695,3.338740764842353,6,ppo_kalman_seed47,ppo_kalman,PPO-Kalman,47
77456,intercepted,1,0,0,0,140,13,6.5,127,140.0,70.0,10.599963188171387,0,7.33755464758724,12.172114372253418,7.679565790472726,128,ppo_kalman_seed47,ppo_kalman,PPO-Kalman,47
77457,intercepted,1,0,0,0,726,19,9.5,707,726.0,363.0,3.388410806655884,0,7.535711656855998,6.195876121520996,7.729671124391852,708,ppo_kalman_seed47,ppo_kalman,PPO-Kalman,47
77458,intercepted,1,0,0,0,285,10,5.0,275,285.0,142.5,3.2856547832489014,0,7.362020508210728,2.3771345615386963,7.607064986463001,276,ppo_kalman_seed47,ppo_kalman,PPO-Kalman,47
77459,intercepted,1,0,0,0,452,11,5.5,441,452.0,226.0,6.393124103546143,0,7.651769114160969,8.855151176452637,7.832097559151737,442,ppo_kalman_seed47,ppo_kalman,PPO-Kalman,47
77460,intercepted,1,0,0,0,64,14,7.0,50,64.0,32.0,8.852468490600586,0,5.907168528612922,8.55517292022705,6.321334220330714,51,ppo_kalman_seed47,ppo_kalman,PPO-Kalman,47
77461,soldier_caught,0,1,0,0,44,12,6.0,32,,,0.31628477573394775,0,5.7916783600142505,8.328654289245605,6.1508256013146525,33,ppo_kalman_seed47,ppo_kalman,PPO-Kalman,47
77462,intercepted,1,0,0,0,116,33,16.5,83,116.0,58.0,7.9287919998168945,0,6.593941926246598,8.136187553405762,7.060746140414763,84,ppo_kalman_seed47,ppo_kalman,PPO-Kalman,47
77463,intercepted,1,0,0,0,334,13,6.5,321,334.0,167.0,4.272808074951172,0,7.674284695468334,9.014315605163574,7.868334904267144,322,ppo_kalman_seed47,ppo_kalman,PPO-Kalman,47
77464,intercepted,1,0,0,0,16,13,6.5,3,16.0,8.0,6.467535495758057,0,4.38930743932724,2.8111793994903564,4.512757998470119,4,ppo_kalman_seed47,ppo_kalman,PPO-Kalman,47
77465,soldier_caught,0,1,0,0,214,26,13.0,188,,,1.2389601469039917,0,7.5081455745394265,8.633928298950195,7.78786064931512,189,ppo_kalman_seed47,ppo_kalman,PPO-Kalman,47
77466,intercepted,1,0,0,0,148,47,23.5,101,148.0,74.0,13.685873031616211,0,7.135975440343221,5.866573810577393,7.3413548606835075,102,ppo_kalman_seed47,ppo_kalman,PPO-Kalman,47
77467,intercepted,1,0,0,0,306,12,6.0,294,306.0,153.0,2.9078404903411865,0,7.391712862556264,6.303821086883545,7.554574133442169,295,ppo_kalman_seed47,ppo_kalman,PPO-Kalman,47
77468,soldier_caught,0,1,0,0,332,11,5.5,321,,,0.930730402469635,0,7.810085455082959,8.040619850158691,7.928390827618295,322,ppo_kalman_seed47,ppo_kalman,PPO-Kalman,47
77469,intercepted,1,0,0,0,359,12,6.0,347,359.0,179.5,6.199955463409424,0,7.369481234543625,6.177092552185059,7.574424920338293,348,ppo_kalman_seed47,ppo_kalman,PPO-Kalman,47
77470,soldier_caught,0,1,0,0,73,21,10.5,52,,,0.8142746090888977,0,6.147982858261972,7.308823585510254,6.623029760075437,53,ppo_kalman_seed47,ppo_kalman,PPO-Kalman,47
77471,soldier_caught,0,1,0,0,68,15,7.5,53,,,1.6959166526794434,0,5.448616840221264,6.543310165405273,5.832349811515849,54,ppo_kalman_seed47,ppo_kalman,PPO-Kalman,47
77472,intercepted,1,0,0,0,21,14,7.0,7,21.0,10.5,9.570601463317871,0,3.2910038754343987,4.766940593719482,3.5322704428431555,8,ppo_kalman_seed47,ppo_kalman,PPO-Kalman,47
77473,intercepted,1,0,0,0,53,12,6.0,41,53.0,26.5,11.013484954833984,0,6.252444495757421,7.575203895568848,6.674860838231499,42,ppo_kalman_seed47,ppo_kalman,PPO-Kalman,47
77474,intercepted,1,0,0,0,84,19,9.5,65,84.0,42.0,9.637853622436523,0,6.5566706106518255,6.364073753356934,7.057910053541585,66,ppo_kalman_seed47,ppo_kalman,PPO-Kalman,47
77475,intercepted,1,0,0,0,338,9,4.5,329,338.0,169.0,4.447960376739502,0,7.742154040842346,5.695155620574951,7.941862532424609,330,ppo_kalman_seed47,ppo_kalman,PPO-Kalman,47
77476,intercepted,1,0,0,0,17,14,7.0,3,17.0,8.5,7.619286060333252,0,3.128654360771179,2.066987991333008,3.216863686046037,4,ppo_kalman_seed47,ppo_kalman,PPO-Kalman,47
77477,intercepted,1,0,0,0,665,13,6.5,652,665.0,332.5,2.423474073410034,0,7.461927971284934,3.0006837844848633,7.680719687764711,653,ppo_kalman_seed47,ppo_kalman,PPO-Kalman,47
77478,intercepted,1,0,0,0,132,8,4.0,124,132.0,66.0,12.08546257019043,0,7.364817126274109,8.139217376708984,7.536722863128107,125,ppo_kalman_seed47,ppo_kalman,PPO-Kalman,47
77479,intercepted,1,0,0,0,467,9,4.5,458,467.0,233.5,4.8739013671875,0,7.005279254419871,7.203326225280762,7.258869406885273,459,ppo_kalman_seed47,ppo_kalman,PPO-Kalman,47
77480,intercepted,1,0,0,0,108,98,49.0,10,108.0,54.0,13.250204086303711,0,3.822311292995106,3.448720693588257,3.939744658972005,11,ppo_kalman_seed47,ppo_kalman,PPO-Kalman,47
77481,intercepted,1,0,0,0,169,83,41.5,86,169.0,84.5,8.72550106048584,0,6.7320586203158586,8.427358627319336,7.08852721964892,87,ppo_kalman_seed47,ppo_kalman,PPO-Kalman,47
77482,intercepted,1,0,0,0,14,12,6.0,2,14.0,7.0,2.874213457107544,0,2.9263502756754556,3.5542149543762207,2.963551669578165,3,ppo_kalman_seed47,ppo_kalman,PPO-Kalman,47
77483,soldier_caught,0,1,0,0,361,31,15.5,330,,,1.2033463716506958,0,7.361962178682632,2.1792218685150146,7.5754965966989065,331,ppo_kalman_seed47,ppo_kalman,PPO-Kalman,47
77484,intercepted,1,0,0,0,37,13,6.5,24,37.0,18.5,4.931133270263672,0,6.665778164863586,8.733948707580566,6.962432184788614,25,ppo_kalman_seed47,ppo_kalman,PPO-Kalman,47
77485,intercepted,1,0,0,0,76,71,35.5,5,76.0,38.0,13.901671409606934,0,2.8247451384862265,2.3762619495391846,2.8845017190618503,6,ppo_kalman_seed47,ppo_kalman,PPO-Kalman,47
77486,intercepted,1,0,0,0,172,14,7.0,158,172.0,86.0,3.3631672859191895,0,6.5801509371343645,5.933237075805664,6.921603502793445,159,ppo_kalman_seed47,ppo_kalman,PPO-Kalman,47
77487,soldier_caught,0,1,0,0,72,48,24.0,24,,,1.1707054376602173,0,5.024445285797119,6.62873649597168,5.5448295921048505,25,ppo_kalman_seed47,ppo_kalman,PPO-Kalman,47
77488,soldier_caught,0,1,0,0,60,7,3.5,53,,,1.526041030883789,0,6.629926872474176,6.507673740386963,6.98407985309508,54,ppo_kalman_seed47,ppo_kalman,PPO-Kalman,47
77489,intercepted,1,0,0,0,166,12,6.0,154,166.0,83.0,6.474390506744385,0,7.247287484138242,7.954852104187012,7.48776345670777,155,ppo_kalman_seed47,ppo_kalman,PPO-Kalman,47
77490,soldier_caught,0,1,0,0,187,59,29.5,128,,,1.5761778354644775,0,7.046312622321668,9.507088661193848,7.335844164893309,129,ppo_kalman_seed47,ppo_kalman,PPO-Kalman,47
77491,intercepted,1,0,0,0,112,10,5.0,102,112.0,56.0,6.150351047515869,0,7.095244960877502,6.294108867645264,7.335446751133797,103,ppo_kalman_seed47,ppo_kalman,PPO-Kalman,47
77492,soldier_caught,0,1,0,0,61,12,6.0,49,,,1.9769186973571777,0,5.992774133682251,2.0499207973480225,6.311691823649104,50,ppo_kalman_seed47,ppo_kalman,PPO-Kalman,47
77493,intercepted,1,0,0,0,248,10,5.0,238,248.0,124.0,2.968588352203369,0,7.221575056159845,8.773396492004395,7.441324631352246,239,ppo_kalman_seed47,ppo_kalman,PPO-Kalman,47
77494,intercepted,1,0,0,0,59,10,5.0,49,59.0,29.5,2.640604019165039,0,6.1978614616394045,6.825196266174316,6.503438267723185,50,ppo_kalman_seed47,ppo_kalman,PPO-Kalman,47
77495,intercepted,1,0,0,0,43,20,10.0,23,43.0,21.5,10.731497764587402,0,5.694070041179657,7.0860748291015625,5.949116646200339,24,ppo_kalman_seed47,ppo_kalman,PPO-Kalman,47
77496,soldier_caught,0,1,0,0,111,62,31.0,49,,,1.7875834703445435,0,5.6115335488319396,7.802422523498535,5.9605894186863155,50,ppo_kalman_seed47,ppo_kalman,PPO-Kalman,47
77497,intercepted,1,0,0,0,51,9,4.5,42,51.0,25.5,11.643584251403809,0,7.4998731335928275,7.936235427856445,7.681540266602327,43,ppo_kalman_seed47,ppo_kalman,PPO-Kalman,47
77498,intercepted,1,0,0,0,401,52,26.0,349,401.0,200.5,3.9973535537719727,0,7.1100207366262165,7.052144527435303,7.425276392136003,350,ppo_kalman_seed47,ppo_kalman,PPO-Kalman,47
77499,soldier_caught,0,1,0,0,170,10,5.0,160,,,1.0687880516052246,0,7.481720973245846,7.870565414428711,7.6550430675195935,161,ppo_kalman_seed47,ppo_kalman,PPO-Kalman,47
77500,intercepted,1,0,0,0,79,13,6.5,66,79.0,39.5,9.403217315673828,0,6.546287294644029,6.294173717498779,6.832171576278926,67,ppo_kalman_seed47,ppo_kalman,PPO-Kalman,47
77501,intercepted,1,0,0,0,158,14,7.0,144,158.0,79.0,4.270183563232422,0,6.68290405684504,6.8157477378845215,6.983497418955395,145,ppo_kalman_seed47,ppo_kalman,PPO-Kalman,47
77502,intercepted,1,0,0,0,208,9,4.5,199,208.0,104.0,4.353224277496338,0,6.979275874495507,5.424918174743652,7.358654574299714,200,ppo_kalman_seed47,ppo_kalman,PPO-Kalman,47
77503,intercepted,1,0,0,0,74,10,5.0,64,74.0,37.0,10.3482027053833,0,7.605934949104602,8.902350425720215,7.84787310387787,65,ppo_kalman_seed47,ppo_kalman,PPO-Kalman,47
77504,intercepted,1,0,0,0,339,38,19.0,301,339.0,169.5,11.182019233703613,0,7.645933449268341,7.9117608070373535,7.864462783917229,302,ppo_kalman_seed47,ppo_kalman,PPO-Kalman,47
77505,soldier_caught,0,1,0,0,886,12,6.0,874,,,1.941998839378357,0,7.667585060255868,7.518648624420166,7.803520357444693,875,ppo_kalman_seed47,ppo_kalman,PPO-Kalman,47
77506,intercepted,1,0,0,0,107,9,4.5,98,107.0,53.5,3.0076961517333984,0,7.1873138143558695,7.187712669372559,7.390430051731058,99,ppo_kalman_seed47,ppo_kalman,PPO-Kalman,47
77507,intercepted,1,0,0,0,17,9,4.5,8,17.0,8.5,9.376518249511719,0,3.1665621598561606,3.6005563735961914,3.34751390453184,9,ppo_kalman_seed47,ppo_kalman,PPO-Kalman,47
77508,intercepted,1,0,0,0,43,9,4.5,34,43.0,21.5,3.8152642250061035,0,5.34850001675742,5.408577919006348,6.142765041459939,35,ppo_kalman_seed47,ppo_kalman,PPO-Kalman,47
77509,intercepted,1,0,0,0,13,8,4.0,5,13.0,6.5,8.654367446899414,0,3.5023983319600425,3.236579656600952,3.6350664313632324,6,ppo_kalman_seed47,ppo_kalman,PPO-Kalman,47
77510,soldier_caught,0,1,0,0,298,18,9.0,280,,,1.4016698598861694,0,7.599096287187733,7.877090930938721,7.839046851151913,281,ppo_kalman_seed47,ppo_kalman,PPO-Kalman,47
77511,intercepted,1,0,0,0,764,12,6.0,752,764.0,382.0,4.20208215713501,0,7.695424203457902,6.409709930419922,7.883994946516224,753,ppo_kalman_seed47,ppo_kalman,PPO-Kalman,47
77512,intercepted,1,0,0,0,108,11,5.5,97,108.0,54.0,6.576550006866455,0,7.721920024983737,7.215555191040039,8.0593101269938,98,ppo_kalman_seed47,ppo_kalman,PPO-Kalman,47
77513,soldier_caught,0,1,0,0,439,17,8.5,422,,,0.873993992805481,0,7.025423215213397,8.059660911560059,7.312705144347948,423,ppo_kalman_seed47,ppo_kalman,PPO-Kalman,47
77514,soldier_caught,0,1,0,0,221,9,4.5,212,,,1.2895890474319458,0,6.97488250922709,10.471967697143555,7.219898329560759,213,ppo_kalman_seed47,ppo_kalman,PPO-Kalman,47
77515,unsafe_intercept,0,0,1,0,15,13,6.5,2,,,3.431819200515747,0,3.405418952306112,4.384004592895508,3.4806681428191624,3,ppo_kalman_seed47,ppo_kalman,PPO-Kalman,47
77516,intercepted,1,0,0,0,684,12,6.0,672,684.0,342.0,2.234337568283081,0,7.516756120089436,3.38110089302063,7.694144749942585,673,ppo_kalman_seed47,ppo_kalman,PPO-Kalman,47
77517,intercepted,1,0,0,0,29,9,4.5,20,29.0,14.5,7.719020366668701,0,5.643939812978108,7.7151689529418945,6.0843939965047955,21,ppo_kalman_seed47,ppo_kalman,PPO-Kalman,47
77518,intercepted,1,0,0,0,145,12,6.0,133,145.0,72.5,8.123116493225098,0,7.199519515037537,6.213814735412598,7.417537256647162,134,ppo_kalman_seed47,ppo_kalman,PPO-Kalman,47
77519,intercepted,1,0,0,0,85,8,4.0,77,85.0,42.5,3.128420352935791,0,6.373795060011057,5.366004467010498,6.686966669217015,78,ppo_kalman_seed47,ppo_kalman,PPO-Kalman,47
77520,soldier_caught,0,1,0,0,12,10,5.0,2,,,1.6179085969924927,0,2.8626487255096436,3.393254280090332,3.3849612775170117,3,ppo_kalman_seed47,ppo_kalman,PPO-Kalman,47
77521,soldier_caught,0,1,0,0,150,11,5.5,139,,,1.7284049987792969,0,7.10480894276074,5.740544319152832,7.37301717247052,140,ppo_kalman_seed47,ppo_kalman,PPO-Kalman,47
77522,intercepted,1,0,0,0,786,9,4.5,777,786.0,393.0,2.2732625007629395,0,7.798164523352694,7.536033630371094,7.936893149985649,778,ppo_kalman_seed47,ppo_kalman,PPO-Kalman,47
77523,intercepted,1,0,0,0,62,7,3.5,55,62.0,31.0,4.629312038421631,0,5.955049561602729,4.461793422698975,6.331831569687067,56,ppo_kalman_seed47,ppo_kalman,PPO-Kalman,47
77524,intercepted,1,0,0,0,20,15,7.5,5,20.0,10.0,12.290708541870117,0,3.466513713200887,3.3693110942840576,3.8590887808237233,6,ppo_kalman_seed47,ppo_kalman,PPO-Kalman,47
77525,intercepted,1,0,0,0,81,12,6.0,69,81.0,40.5,5.485662937164307,0,6.093822279998235,8.62747859954834,6.471851613096208,70,ppo_kalman_seed47,ppo_kalman,PPO-Kalman,47
77526,soldier_caught,0,1,0,0,41,12,6.0,29,,,1.8956177234649658,0,5.191838574409485,2.082932472229004,5.783391287384901,30,ppo_kalman_seed47,ppo_kalman,PPO-Kalman,47
77527,intercepted,1,0,0,0,17,9,4.5,8,17.0,8.5,3.5130233764648438,0,2.0021440850363836,2.6120059490203857,2.142600262432619,9,ppo_kalman_seed47,ppo_kalman,PPO-Kalman,47
77528,intercepted,1,0,0,0,141,9,4.5,132,141.0,70.5,2.073629379272461,0,7.48217681386417,8.320406913757324,7.735248496519605,133,ppo_kalman_seed47,ppo_kalman,PPO-Kalman,47
77529,intercepted,1,0,0,0,140,14,7.0,126,140.0,70.0,8.321123123168945,0,6.878149582645086,7.820760726928711,7.200309777377916,127,ppo_kalman_seed47,ppo_kalman,PPO-Kalman,47
77530,intercepted,1,0,0,0,80,13,6.5,67,80.0,40.0,5.486869812011719,0,6.2018109200631875,5.978226661682129,6.604967054201275,68,ppo_kalman_seed47,ppo_kalman,PPO-Kalman,47
77531,intercepted,1,0,0,0,222,13,6.5,209,222.0,111.0,4.142683982849121,0,7.565648937793005,7.739104270935059,7.8314515044328035,210,ppo_kalman_seed47,ppo_kalman,PPO-Kalman,47
77532,intercepted,1,0,0,0,468,14,7.0,454,468.0,234.0,4.289000034332275,0,7.29550843500829,6.738471984863281,7.55574202981315,455,ppo_kalman_seed47,ppo_kalman,PPO-Kalman,47
77533,intercepted,1,0,0,0,62,8,4.0,54,62.0,31.0,11.576866149902344,0,6.669599728150801,5.666133403778076,6.934867969211285,55,ppo_kalman_seed47,ppo_kalman,PPO-Kalman,47
77534,intercepted,1,0,0,0,132,8,4.0,124,132.0,66.0,2.8147473335266113,0,6.257474361896515,7.575945854187012,6.667785085799206,125,ppo_kalman_seed47,ppo_kalman,PPO-Kalman,47
77535,soldier_caught,0,1,0,0,253,25,12.5,228,,,1.2451386451721191,0,7.248430054260654,6.3641886711120605,7.5313031429816535,229,ppo_kalman_seed47,ppo_kalman,PPO-Kalman,47
77536,intercepted,1,0,0,0,371,9,4.5,362,371.0,185.5,2.7529726028442383,0,6.937725754316188,10.381133079528809,7.2734175349564785,363,ppo_kalman_seed47,ppo_kalman,PPO-Kalman,47
77537,soldier_caught,0,1,0,0,622,15,7.5,607,,,1.8264386653900146,0,7.4381586870080545,8.186312675476074,7.680809397769058,608,ppo_kalman_seed47,ppo_kalman,PPO-Kalman,47
77538,intercepted,1,0,0,0,282,9,4.5,273,282.0,141.0,5.500015735626221,0,7.475054273422617,7.288228988647461,7.679210448255827,274,ppo_kalman_seed47,ppo_kalman,PPO-Kalman,47
77539,soldier_caught,0,1,0,0,15,12,6.0,3,,,1.923883318901062,0,2.1634162962436676,1.6768910884857178,2.2397576326914432,4,ppo_kalman_seed47,ppo_kalman,PPO-Kalman,47
77540,intercepted,1,0,0,0,646,11,5.5,635,646.0,323.0,3.012744903564453,0,7.401728203321028,9.47535228729248,7.625564503641597,636,ppo_kalman_seed47,ppo_kalman,PPO-Kalman,47
77541,intercepted,1,0,0,0,800,15,7.5,785,800.0,400.0,5.10208797454834,0,7.574697398654074,7.484795093536377,7.723466919476187,786,ppo_kalman_seed47,ppo_kalman,PPO-Kalman,47
77542,intercepted,1,0,0,0,274,11,5.5,263,274.0,137.0,5.810164928436279,0,7.448655521666462,7.907690048217773,7.6289260295930985,264,ppo_kalman_seed47,ppo_kalman,PPO-Kalman,47
77543,soldier_caught,0,1,0,0,319,12,6.0,307,,,1.6927543878555298,0,7.712330410619835,10.10838508605957,7.876965017692497,308,ppo_kalman_seed47,ppo_kalman,PPO-Kalman,47
77544,soldier_caught,0,1,0,0,191,67,33.5,124,,,1.9450269937515259,0,6.9491727004051205,8.417299270629883,7.294400828984642,125,ppo_kalman_seed47,ppo_kalman,PPO-Kalman,47
77545,intercepted,1,0,0,0,112,31,15.5,81,112.0,56.0,8.301873207092285,0,6.6500002218455805,7.318979740142822,6.9105772334729645,82,ppo_kalman_seed47,ppo_kalman,PPO-Kalman,47
77546,intercepted,1,0,0,0,16,10,5.0,6,16.0,8.0,10.503704071044922,0,2.6186170407703946,2.7304625511169434,2.886917411817185,7,ppo_kalman_seed47,ppo_kalman,PPO-Kalman,47
77547,intercepted,1,0,0,0,245,9,4.5,236,245.0,122.5,2.607651710510254,0,7.225372564189041,5.84609317779541,7.488584849819121,237,ppo_kalman_seed47,ppo_kalman,PPO-Kalman,47
77548,intercepted,1,0,0,0,425,28,14.0,397,425.0,212.5,3.7390942573547363,0,7.173429956388234,3.599799394607544,7.422060969511717,398,ppo_kalman_seed47,ppo_kalman,PPO-Kalman,47
77549,intercepted,1,0,0,0,482,20,10.0,462,482.0,241.0,5.369795799255371,0,7.60119457687724,8.724329948425293,7.7493683666926705,463,ppo_kalman_seed47,ppo_kalman,PPO-Kalman,47
77550,soldier_caught,0,1,0,0,12,9,4.5,3,,,1.8080739974975586,0,2.164237827062607,2.6511921882629395,2.237209172225329,4,ppo_kalman_seed47,ppo_kalman,PPO-Kalman,47
77551,intercepted,1,0,0,0,201,10,5.0,191,201.0,100.5,6.549920082092285,0,7.317796497605741,5.707351207733154,7.5547416625842185,192,ppo_kalman_seed47,ppo_kalman,PPO-Kalman,47
77552,intercepted,1,0,0,0,101,9,4.5,92,101.0,50.5,9.02950668334961,0,7.06529216740721,9.05073070526123,7.394032885001496,93,ppo_kalman_seed47,ppo_kalman,PPO-Kalman,47
77553,soldier_caught,0,1,0,0,246,7,3.5,239,,,0.8085920810699463,0,7.166219911475976,8.27655029296875,7.41844145766786,240,ppo_kalman_seed47,ppo_kalman,PPO-Kalman,47
77554,intercepted,1,0,0,0,54,14,7.0,40,54.0,27.0,11.68238639831543,0,6.774495485352307,7.851283550262451,6.981173831227091,41,ppo_kalman_seed47,ppo_kalman,PPO-Kalman,47
77555,intercepted,1,0,0,0,86,11,5.5,75,86.0,43.0,2.8822848796844482,0,6.4052842722127314,9.205321311950684,6.872748745893906,76,ppo_kalman_seed47,ppo_kalman,PPO-Kalman,47
77556,intercepted,1,0,0,0,152,19,9.5,133,152.0,76.0,9.71731948852539,0,7.123020056468337,9.002008438110352,7.4192356638531045,134,ppo_kalman_seed47,ppo_kalman,PPO-Kalman,47
77557,intercepted,1,0,0,0,104,8,4.0,96,104.0,52.0,2.475152015686035,0,7.082624826849122,6.180260181427002,7.395963799938604,97,ppo_kalman_seed47,ppo_kalman,PPO-Kalman,47
77558,intercepted,1,0,0,0,51,13,6.5,38,51.0,25.5,7.380667686462402,0,5.920249290955373,2.6141631603240967,6.4556301370765485,39,ppo_kalman_seed47,ppo_kalman,PPO-Kalman,47
77559,intercepted,1,0,0,0,135,10,5.0,125,135.0,67.5,5.775740623474121,0,7.558667817759136,5.4119553565979,7.766337854392393,126,ppo_kalman_seed47,ppo_kalman,PPO-Kalman,47
77560,intercepted,1,0,0,0,136,34,17.0,102,136.0,68.0,9.952141761779785,0,6.821350163626439,7.943942070007324,7.174314619472544,103,ppo_kalman_seed47,ppo_kalman,PPO-Kalman,47
77561,intercepted,1,0,0,0,267,9,4.5,258,267.0,133.5,3.1127419471740723,0,6.995362096541637,5.581084728240967,7.305611642127702,259,ppo_kalman_seed47,ppo_kalman,PPO-Kalman,47
77562,soldier_caught,0,1,0,0,305,20,10.0,285,,,1.6128880977630615,0,7.5618719621138135,4.304945945739746,7.782797959843425,286,ppo_kalman_seed47,ppo_kalman,PPO-Kalman,47
77563,intercepted,1,0,0,0,149,12,6.0,137,149.0,74.5,5.839265823364258,0,7.287833701873171,9.11708927154541,7.469749362784666,138,ppo_kalman_seed47,ppo_kalman,PPO-Kalman,47
77564,intercepted,1,0,0,0,239,32,16.0,207,239.0,119.5,11.916805267333984,0,7.7084249424246645,6.621287822723389,7.890852263043421,208,ppo_kalman_seed47,ppo_kalman,PPO-Kalman,47
77565,intercepted,1,0,0,0,14,10,5.0,4,14.0,7.0,11.050863265991211,0,2.6948702573776244,3.2252564430236816,2.8598542398386355,5,ppo_kalman_seed47,ppo_kalman,PPO-Kalman,47
77566,soldier_caught,0,1,0,0,17,15,7.5,2,,,1.3594614267349243,0,2.8572497367858887,1.1746764183044434,3.188945758263345,3,ppo_kalman_seed47,ppo_kalman,PPO-Kalman,47
77567,intercepted,1,0,0,0,16,13,6.5,3,16.0,8.0,6.017181396484375,0,2.199995070695877,2.0109376907348633,2.256461772281722,4,ppo_kalman_seed47,ppo_kalman,PPO-Kalman,47
77568,intercepted,1,0,0,0,454,11,5.5,443,454.0,227.0,3.8062195777893066,0,7.431754881465757,2.5826220512390137,7.663979392896812,444,ppo_kalman_seed47,ppo_kalman,PPO-Kalman,47
77569,intercepted,1,0,0,0,17,10,5.0,7,17.0,8.5,13.693215370178223,0,3.6955917179584503,3.3058340549468994,3.957721227280356,8,ppo_kalman_seed47,ppo_kalman,PPO-Kalman,47
77570,intercepted,1,0,0,0,100,11,5.5,89,100.0,50.0,2.4067604541778564,0,6.587357828352187,7.912646293640137,6.889441907773986,90,ppo_kalman_seed47,ppo_kalman,PPO-Kalman,47
77571,intercepted,1,0,0,0,266,13,6.5,253,266.0,133.0,11.95970630645752,0,7.818067268123777,7.816521167755127,7.948439307340404,254,ppo_kalman_seed47,ppo_kalman,PPO-Kalman,47
77572,intercepted,1,0,0,0,64,58,29.0,6,64.0,32.0,14.842781066894531,0,2.366427711078099,2.316410779953003,2.517746533451089,7,ppo_kalman_seed47,ppo_kalman,PPO-Kalman,47
77573,intercepted,1,0,0,0,774,10,5.0,764,774.0,387.0,2.7584407329559326,0,6.969218462939356,4.416269779205322,7.252281225120452,765,ppo_kalman_seed47,ppo_kalman,PPO-Kalman,47
77574,intercepted,1,0,0,0,276,12,6.0,264,276.0,138.0,11.421693801879883,0,7.576820274568954,8.289761543273926,7.762738256306662,265,ppo_kalman_seed47,ppo_kalman,PPO-Kalman,47
77575,intercepted,1,0,0,0,99,40,20.0,59,99.0,49.5,11.626241683959961,0,7.139402037858963,5.383665561676025,7.422976533467662,60,ppo_kalman_seed47,ppo_kalman,PPO-Kalman,47
77576,intercepted,1,0,0,0,528,8,4.0,520,528.0,264.0,3.3661768436431885,0,7.031107232003203,8.395001411437988,7.246082425939757,521,ppo_kalman_seed47,ppo_kalman,PPO-Kalman,47
77577,intercepted,1,0,0,0,662,9,4.5,653,662.0,331.0,4.435868263244629,0,7.5768955100202415,6.758285999298096,7.764047331197791,654,ppo_kalman_seed47,ppo_kalman,PPO-Kalman,47
77578,intercepted,1,0,0,0,883,9,4.5,874,883.0,441.5,3.0417277812957764,0,7.595128352642059,5.110779762268066,7.763283604377522,875,ppo_kalman_seed47,ppo_kalman,PPO-Kalman,47
77579,soldier_caught,0,1,0,0,313,16,8.0,297,,,1.7217633724212646,0,7.184822802975674,9.605682373046875,7.474054870736698,298,ppo_kalman_seed47,ppo_kalman,PPO-Kalman,47
77580,soldier_caught,0,1,0,0,37,8,4.0,29,,,1.6408003568649292,0,6.211649028460185,7.294637680053711,6.479696046057736,30,ppo_kalman_seed47,ppo_kalman,PPO-Kalman,47
77581,intercepted,1,0,0,0,33,9,4.5,24,33.0,16.5,5.671013832092285,0,5.480312547683716,7.092079162597656,5.855620354997718,25,ppo_kalman_seed47,ppo_kalman,PPO-Kalman,47
77582,intercepted,1,0,0,0,435,30,15.0,405,435.0,217.5,2.016730785369873,0,7.24667965602405,7.588120937347412,7.52854292975973,406,ppo_kalman_seed47,ppo_kalman,PPO-Kalman,47
77583,intercepted,1,0,0,0,526,22,11.0,504,526.0,263.0,3.2251031398773193,0,7.516611639697953,7.178549766540527,7.708559596830235,505,ppo_kalman_seed47,ppo_kalman,PPO-Kalman,47
77584,intercepted,1,0,0,0,13,10,5.0,3,13.0,6.5,5.360083103179932,0,2.2950505316257477,1.064009666442871,2.5917518624087963,4,ppo_kalman_seed47,ppo_kalman,PPO-Kalman,47
77585,intercepted,1,0,0,0,116,14,7.0,102,116.0,58.0,4.2935919761657715,0,6.959615199311266,9.394818305969238,7.323415173793204,103,ppo_kalman_seed47,ppo_kalman,PPO-Kalman,47
77586,intercepted,1,0,0,0,12,9,4.5,3,12.0,6.0,5.956055641174316,0,3.4759115278720856,3.829590082168579,3.907904306161254,4,ppo_kalman_seed47,ppo_kalman,PPO-Kalman,47
77587,intercepted,1,0,0,0,105,9,4.5,96,105.0,52.5,2.864865779876709,0,6.371633659933031,10.066104888916016,6.770113280092711,97,ppo_kalman_seed47,ppo_kalman,PPO-Kalman,47
77588,intercepted,1,0,0,0,64,11,5.5,53,64.0,32.0,3.521460771560669,0,5.801224024207504,7.284976959228516,5.993364404714207,54,ppo_kalman_seed47,ppo_kalman,PPO-Kalman,47
77589,intercepted,1,0,0,0,416,18,9.0,398,416.0,208.0,3.929520845413208,0,7.4120076975428075,6.621945858001709,7.631350345647571,399,ppo_kalman_seed47,ppo_kalman,PPO-Kalman,47
77590,intercepted,1,0,0,0,14,11,5.5,3,14.0,7.0,7.63150691986084,0,3.5035038888454437,1.3544713258743286,3.7435267382708686,4,ppo_kalman_seed47,ppo_kalman,PPO-Kalman,47
77591,soldier_caught,0,1,0,0,10,8,4.0,2,,,1.4945297241210938,0,5.947197278340657,3.7381362915039062,6.151282768400231,3,ppo_kalman_seed47,ppo_kalman,PPO-Kalman,47
77592,soldier_caught,0,1,0,0,265,51,25.5,214,,,1.2323906421661377,0,7.35139433422754,4.884671688079834,7.636676243477608,215,ppo_kalman_seed47,ppo_kalman,PPO-Kalman,47
77593,intercepted,1,0,0,0,61,11,5.5,50,61.0,30.5,3.609088659286499,0,6.786458443192875,7.358557224273682,7.1256730869781215,51,ppo_kalman_seed47,ppo_kalman,PPO-Kalman,47
77594,intercepted,1,0,0,0,160,9,4.5,151,160.0,80.0,2.731740713119507,0,7.309571470869215,8.55115032196045,7.537699311150322,152,ppo_kalman_seed47,ppo_kalman,PPO-Kalman,47
77595,intercepted,1,0,0,0,33,10,5.0,23,33.0,16.5,4.126219272613525,0,6.338742196559906,8.531709671020508,6.578741908244869,24,ppo_kalman_seed47,ppo_kalman,PPO-Kalman,47
77596,intercepted,1,0,0,0,278,38,19.0,240,278.0,139.0,3.067322254180908,0,7.07071776582987,10.114953994750977,7.30655514121649,241,ppo_kalman_seed47,ppo_kalman,PPO-Kalman,47
77597,intercepted,1,0,0,0,208,10,5.0,198,208.0,104.0,2.6215250492095947,0,7.410776976364941,3.955705165863037,7.707871294330752,199,ppo_kalman_seed47,ppo_kalman,PPO-Kalman,47
77598,intercepted,1,0,0,0,167,72,36.0,95,167.0,83.5,8.832640647888184,0,7.534270503868659,6.369096755981445,7.79816651129915,96,ppo_kalman_seed47,ppo_kalman,PPO-Kalman,47
77599,intercepted,1,0,0,0,98,14,7.0,84,98.0,49.0,7.5935750007629395,0,6.542563975558561,6.702713966369629,6.825692571489293,85,ppo_kalman_seed47,ppo_kalman,PPO-Kalman,47
77600,soldier_caught,0,1,0,0,145,40,20.0,105,,,1.7142223119735718,0,7.076672443241443,5.602250576019287,7.346849050096552,106,ppo_kalman_seed47,ppo_kalman,PPO-Kalman,47
77601,intercepted,1,0,0,0,547,16,8.0,531,547.0,273.5,5.359899044036865,0,7.2783166123624135,7.592472553253174,7.530666083677807,532,ppo_kalman_seed47,ppo_kalman,PPO-Kalman,47
77602,intercepted,1,0,0,0,421,27,13.5,394,421.0,210.5,6.903973579406738,0,7.580409795724893,9.013046264648438,7.7297265790976475,395,ppo_kalman_seed47,ppo_kalman,PPO-Kalman,47
77603,intercepted,1,0,0,0,20,9,4.5,11,20.0,10.0,6.879231929779053,0,3.5914472738901773,6.394835948944092,3.873349604865427,12,ppo_kalman_seed47,ppo_kalman,PPO-Kalman,47
77604,intercepted,1,0,0,0,52,31,15.5,21,52.0,26.0,11.518265724182129,0,6.223091439767317,7.052978992462158,6.507296348821653,22,ppo_kalman_seed47,ppo_kalman,PPO-Kalman,47
77605,soldier_caught,0,1,0,0,721,45,22.5,676,,,1.5468974113464355,0,7.502684455326424,7.5539774894714355,7.680240208598561,677,ppo_kalman_seed47,ppo_kalman,PPO-Kalman,47
77606,intercepted,1,0,0,0,32,11,5.5,21,32.0,16.0,4.575103282928467,0,6.773859885605899,8.272286415100098,7.149858216259613,22,ppo_kalman_seed47,ppo_kalman,PPO-Kalman,47
77607,soldier_caught,0,1,0,0,12,9,4.5,3,,,1.288918137550354,0,2.6545388400554657,1.7760841846466064,2.945864915414222,4,ppo_kalman_seed47,ppo_kalman,PPO-Kalman,47
77608,intercepted,1,0,0,0,326,10,5.0,316,326.0,163.0,6.06375789642334,0,7.398409438058029,1.625123143196106,7.603876217126426,317,ppo_kalman_seed47,ppo_kalman,PPO-Kalman,47
77609,intercepted,1,0,0,0,14,10,5.0,4,14.0,7.0,8.523229598999023,0,2.884413957595825,1.8742941617965698,3.222827127149525,5,ppo_kalman_seed47,ppo_kalman,PPO-Kalman,47
77610,intercepted,1,0,0,0,33,9,4.5,24,33.0,16.5,11.062114715576172,0,6.76516988992691,9.411157608032227,7.078502925453593,25,ppo_kalman_seed47,ppo_kalman,PPO-Kalman,47
77611,intercepted,1,0,0,0,50,8,4.0,42,50.0,25.0,10.03490924835205,0,6.349552606427392,8.14643669128418,6.816662943605422,43,ppo_kalman_seed47,ppo_kalman,PPO-Kalman,47
77612,soldier_caught,0,1,0,0,32,8,4.0,24,,,1.7549179792404175,0,6.314545574188233,6.963167190551758,6.762944032918004,25,ppo_kalman_seed47,ppo_kalman,PPO-Kalman,47
77613,intercepted,1,0,0,0,727,8,4.0,719,727.0,363.5,2.200068235397339,0,7.307788116981586,6.78157901763916,7.550849645019143,720,ppo_kalman_seed47,ppo_kalman,PPO-Kalman,47
77614,intercepted,1,0,0,0,26,21,10.5,5,26.0,13.0,8.263260841369629,0,2.0822187264760337,2.5807464122772217,2.20834794247939,6,ppo_kalman_seed47,ppo_kalman,PPO-Kalman,47
77615,soldier_caught,0,1,0,0,315,64,32.0,251,,,1.5762735605239868,0,6.899589167700873,5.695117473602295,7.192064729008007,252,ppo_kalman_seed47,ppo_kalman,PPO-Kalman,47
77616,intercepted,1,0,0,0,25,16,8.0,9,25.0,12.5,6.464658260345459,0,2.7536757707595827,3.0322604179382324,2.947552042831983,10,ppo_kalman_seed47,ppo_kalman,PPO-Kalman,47
77617,intercepted,1,0,0,0,532,101,50.5,431,532.0,266.0,2.3612523078918457,0,7.014175906225487,8.03138542175293,7.271698206245108,432,ppo_kalman_seed47,ppo_kalman,PPO-Kalman,47
77618,intercepted,1,0,0,0,196,35,17.5,161,196.0,98.0,2.200662851333618,0,7.4484721701822165,6.587843894958496,7.703614653108069,162,ppo_kalman_seed47,ppo_kalman,PPO-Kalman,47
77619,intercepted,1,0,0,0,17,12,6.0,5,17.0,8.5,11.723654747009277,0,3.3599721988042197,3.1139774322509766,3.7413255506032086,6,ppo_kalman_seed47,ppo_kalman,PPO-Kalman,47
77620,intercepted,1,0,0,0,293,8,4.0,285,293.0,146.5,4.435208320617676,0,7.797399851825688,7.284347057342529,7.978568035817513,286,ppo_kalman_seed47,ppo_kalman,PPO-Kalman,47
77621,soldier_caught,0,1,0,0,12,10,5.0,2,,,1.940477967262268,0,2.9429122606913247,2.0763561725616455,3.032682809661134,3,ppo_kalman_seed47,ppo_kalman,PPO-Kalman,47
77622,soldier_caught,0,1,0,0,474,9,4.5,465,,,1.901347279548645,0,7.462481415067108,8.164796829223633,7.686025608225509,466,ppo_kalman_seed47,ppo_kalman,PPO-Kalman,47
77623,intercepted,1,0,0,0,43,7,3.5,36,43.0,21.5,5.2753705978393555,0,5.472785812777442,9.400130271911621,5.952520693387897,37,ppo_kalman_seed47,ppo_kalman,PPO-Kalman,47
77624,intercepted,1,0,0,0,394,15,7.5,379,394.0,197.0,3.3213183879852295,0,7.505709743813465,6.70553731918335,7.700075887805335,380,ppo_kalman_seed47,ppo_kalman,PPO-Kalman,47
77625,intercepted,1,0,0,0,176,14,7.0,162,176.0,88.0,10.934703826904297,0,7.1657886146767735,5.300799369812012,7.405740113766401,163,ppo_kalman_seed47,ppo_kalman,PPO-Kalman,47
77626,intercepted,1,0,0,0,78,19,9.5,59,78.0,39.0,13.374104499816895,0,6.793052623669307,7.917582988739014,7.210436036873208,60,ppo_kalman_seed47,ppo_kalman,PPO-Kalman,47
77627,intercepted,1,0,0,0,313,11,5.5,302,313.0,156.5,6.727555274963379,0,7.329991043007413,7.81386137008667,7.5661373440192845,303,ppo_kalman_seed47,ppo_kalman,PPO-Kalman,47
77628,intercepted,1,0,0,0,381,11,5.5,370,381.0,190.5,6.143834114074707,0,7.5453355755767415,8.792440414428711,7.697102460105805,371,ppo_kalman_seed47,ppo_kalman,PPO-Kalman,47
77629,intercepted,1,0,0,0,106,24,12.0,82,106.0,53.0,9.722904205322266,0,6.630022307476366,8.373111724853516,6.929954595455876,83,ppo_kalman_seed47,ppo_kalman,PPO-Kalman,47
77630,intercepted,1,0,0,0,513,49,24.5,464,513.0,256.5,5.390584945678711,0,7.2778064982865445,9.462464332580566,7.535694582243502,465,ppo_kalman_seed47,ppo_kalman,PPO-Kalman,47
77631,intercepted,1,0,0,0,249,12,6.0,237,249.0,124.5,2.5722296237945557,0,7.478276041876368,4.018721103668213,7.665192320823999,238,ppo_kalman_seed47,ppo_kalman,PPO-Kalman,47
77632,intercepted,1,0,0,0,748,59,29.5,689,748.0,374.0,5.638612747192383,0,7.69224195756774,8.494991302490234,7.858431629564169,690,ppo_kalman_seed47,ppo_kalman,PPO-Kalman,47
77633,intercepted,1,0,0,0,58,9,4.5,49,58.0,29.0,4.098522663116455,0,7.419494571685791,6.947432518005371,7.7344985828835675,50,ppo_kalman_seed47,ppo_kalman,PPO-Kalman,47
77634,intercepted,1,0,0,0,550,7,3.5,543,550.0,275.0,4.691235065460205,0,7.500919511103454,8.589338302612305,7.665899285044024,544,ppo_kalman_seed47,ppo_kalman,PPO-Kalman,47
77635,intercepted,1,0,0,0,49,9,4.5,40,49.0,24.5,4.175230979919434,0,6.760337038737972,7.090081214904785,7.113869467683744,41,ppo_kalman_seed47,ppo_kalman,PPO-Kalman,47
77636,intercepted,1,0,0,0,77,14,7.0,63,77.0,38.5,6.388368129730225,0,6.6491738595068455,7.394505977630615,6.979116099336468,64,ppo_kalman_seed47,ppo_kalman,PPO-Kalman,47
77637,intercepted,1,0,0,0,333,11,5.5,322,333.0,166.5,2.7695653438568115,0,6.96613973886605,9.152446746826172,7.266552245492914,323,ppo_kalman_seed47,ppo_kalman,PPO-Kalman,47
77638,intercepted,1,0,0,0,284,11,5.5,273,284.0,142.0,5.257405757904053,0,6.8838719005567315,7.138896942138672,7.181280363924132,274,ppo_kalman_seed47,ppo_kalman,PPO-Kalman,47
77639,intercepted,1,0,0,0,21,11,5.5,10,21.0,10.5,7.605332851409912,0,5.292592612179843,7.709768295288086,5.701911537052098,11,ppo_kalman_seed47,ppo_kalman,PPO-Kalman,47
77640,intercepted,1,0,0,0,20,14,7.0,6,20.0,10.0,13.789685249328613,0,2.7113218988691057,2.687124729156494,2.984948764857655,7,ppo_kalman_seed47,ppo_kalman,PPO-Kalman,47
77641,intercepted,1,0,0,0,14,10,5.0,4,14.0,7.0,11.677031517028809,0,2.5754152059555055,2.396984815597534,2.6444151393080975,5,ppo_kalman_seed47,ppo_kalman,PPO-Kalman,47
77642,intercepted,1,0,0,0,280,11,5.5,269,280.0,140.0,9.740350723266602,0,7.270929724750696,6.943830966949463,7.529041307642782,270,ppo_kalman_seed47,ppo_kalman,PPO-Kalman,47
77643,intercepted,1,0,0,0,564,9,4.5,555,564.0,282.0,2.711771011352539,0,7.7369917305253395,7.557397842407227,7.885995914927575,556,ppo_kalman_seed47,ppo_kalman,PPO-Kalman,47
77644,intercepted,1,0,0,0,1049,26,13.0,1023,1049.0,524.5,2.2475337982177734,0,7.4746794402599335,8.755247116088867,7.7334878805856215,1024,ppo_kalman_seed47,ppo_kalman,PPO-Kalman,47
77645,soldier_caught,0,1,0,0,523,9,4.5,514,,,1.8498649597167969,0,7.4125406313868405,2.337106466293335,7.584249088686088,515,ppo_kalman_seed47,ppo_kalman,PPO-Kalman,47
77646,intercepted,1,0,0,0,97,10,5.0,87,97.0,48.5,4.542857646942139,0,6.638832094994458,8.275775909423828,7.004175025815469,88,ppo_kalman_seed47,ppo_kalman,PPO-Kalman,47
77647,intercepted,1,0,0,0,77,13,6.5,64,77.0,38.5,6.794430255889893,0,6.691527080535889,7.531815528869629,7.115981591417259,65,ppo_kalman_seed47,ppo_kalman,PPO-Kalman,47
77648,intercepted,1,0,0,0,124,9,4.5,115,124.0,62.0,3.0279760360717773,0,6.423426555919236,9.217459678649902,6.754754270550276,116,ppo_kalman_seed47,ppo_kalman,PPO-Kalman,47
77649,unsafe_intercept,0,0,1,0,14,12,6.0,2,,,3.16508412361145,0,3.0416972637176514,2.8140833377838135,3.3252401612285047,3,ppo_kalman_seed47,ppo_kalman,PPO-Kalman,47
77650,intercepted,1,0,0,0,397,11,5.5,386,397.0,198.5,5.960529327392578,0,7.377911092082967,1.7116855382919312,7.613317357608319,387,ppo_kalman_seed47,ppo_kalman,PPO-Kalman,47
77651,intercepted,1,0,0,0,228,15,7.5,213,228.0,114.0,9.667975425720215,0,7.739205059047057,7.359579563140869,7.9397304981102925,214,ppo_kalman_seed47,ppo_kalman,PPO-Kalman,47
77652,soldier_caught,0,1,0,0,12,10,5.0,2,,,1.972949504852295,0,2.245237350463867,1.3642292022705078,2.365145957506624,3,ppo_kalman_seed47,ppo_kalman,PPO-Kalman,47
77653,intercepted,1,0,0,0,21,16,8.0,5,21.0,10.5,11.859891891479492,0,2.7214867075284324,0.5186649560928345,2.9732727855230863,6,ppo_kalman_seed47,ppo_kalman,PPO-Kalman,47
77654,intercepted,1,0,0,0,32,13,6.5,19,32.0,16.0,8.872995376586914,0,5.154370445013046,6.9462666511535645,5.559061811926521,20,ppo_kalman_seed47,ppo_kalman,PPO-Kalman,47
77655,intercepted,1,0,0,0,11,8,4.0,3,11.0,5.5,4.858981132507324,0,3.101910561323166,4.658806800842285,3.294248864432179,4,ppo_kalman_seed47,ppo_kalman,PPO-Kalman,47
77656,intercepted,1,0,0,0,35,12,6.0,23,35.0,17.5,7.822412490844727,0,5.933854569991429,7.256994247436523,6.366022886392677,24,ppo_kalman_seed47,ppo_kalman,PPO-Kalman,47
77657,intercepted,1,0,0,0,444,12,6.0,432,444.0,222.0,2.9795925617218018,0,7.480642867694,2.212188959121704,7.6367251193919845,433,ppo_kalman_seed47,ppo_kalman,PPO-Kalman,47
77658,intercepted,1,0,0,0,12,8,4.0,4,12.0,6.0,4.669579982757568,0,2.2290911614894866,2.655339002609253,2.5623265625086544,5,ppo_kalman_seed47,ppo_kalman,PPO-Kalman,47
77659,intercepted,1,0,0,0,11,7,3.5,4,11.0,5.5,7.00655460357666,0,3.044681191444397,3.593090534210205,3.213740261540365,5,ppo_kalman_seed47,ppo_kalman,PPO-Kalman,47
77660,intercepted,1,0,0,0,64,11,5.5,53,64.0,32.0,7.183222770690918,0,6.5644357712180526,8.325871467590332,6.9179559051522155,54,ppo_kalman_seed47,ppo_kalman,PPO-Kalman,47
77661,intercepted,1,0,0,0,205,11,5.5,194,205.0,102.5,9.771541595458984,0,7.4980204631120735,7.741855144500732,7.6559757068308425,195,ppo_kalman_seed47,ppo_kalman,PPO-Kalman,47
77662,intercepted,1,0,0,0,713,10,5.0,703,713.0,356.5,5.375158786773682,0,7.39835853273557,8.349163055419922,7.594152826798475,704,ppo_kalman_seed47,ppo_kalman,PPO-Kalman,47
77663,intercepted,1,0,0,0,28,8,4.0,20,28.0,14.0,7.929149627685547,0,6.234992140815372,8.403228759765625,6.547493003341701,21,ppo_kalman_seed47,ppo_kalman,PPO-Kalman,47
77664,intercepted,1,0,0,0,17,9,4.5,8,17.0,8.5,8.418924331665039,0,2.167320476637946,1.6949548721313477,2.3182387280747343,9,ppo_kalman_seed47,ppo_kalman,PPO-Kalman,47
77665,soldier_caught,0,1,0,0,172,20,10.0,152,,,1.5064948797225952,0,7.180904065861421,7.720134735107422,7.429185945066845,153,ppo_kalman_seed47,ppo_kalman,PPO-Kalman,47
77666,intercepted,1,0,0,0,23,16,8.0,7,23.0,11.5,12.55545711517334,0,4.022352427244186,6.546158790588379,4.168474148633802,8,ppo_kalman_seed47,ppo_kalman,PPO-Kalman,47
77667,intercepted,1,0,0,0,19,12,6.0,7,19.0,9.5,6.972684860229492,0,3.0004656612873077,4.308162689208984,3.0830773932546776,8,ppo_kalman_seed47,ppo_kalman,PPO-Kalman,47
77668,soldier_caught,0,1,0,0,59,13,6.5,46,,,0.5063329935073853,0,6.336546933397334,2.4825711250305176,6.7055624673730385,47,ppo_kalman_seed47,ppo_kalman,PPO-Kalman,47
77669,intercepted,1,0,0,0,13,10,5.0,3,13.0,6.5,7.225947856903076,0,2.534548580646515,2.859671115875244,2.5784995631051024,4,ppo_kalman_seed47,ppo_kalman,PPO-Kalman,47
77670,intercepted,1,0,0,0,432,9,4.5,423,432.0,216.0,3.014976739883423,0,7.267506696705548,8.4124116897583,7.448597048322612,424,ppo_kalman_seed47,ppo_kalman,PPO-Kalman,47
77671,intercepted,1,0,0,0,354,12,6.0,342,354.0,177.0,3.923637866973877,0,7.358874496843655,1.986934781074524,7.598353607381853,343,ppo_kalman_seed47,ppo_kalman,PPO-Kalman,47
77672,soldier_caught,0,1,0,0,350,12,6.0,338,,,0.8515952229499817,0,7.112034217358339,1.8339078426361084,7.418790050698049,339,ppo_kalman_seed47,ppo_kalman,PPO-Kalman,47
77673,intercepted,1,0,0,0,15,11,5.5,4,15.0,7.5,8.889687538146973,0,1.9792415380477906,1.412852168083191,2.1710105721693234,5,ppo_kalman_seed47,ppo_kalman,PPO-Kalman,47
77674,intercepted,1,0,0,0,14,8,4.0,6,14.0,7.0,10.459022521972656,0,3.284792014530727,4.168704509735107,3.577401580701616,7,ppo_kalman_seed47,ppo_kalman,PPO-Kalman,47
77675,intercepted,1,0,0,0,603,13,6.5,590,603.0,301.5,4.1614251136779785,0,7.4396104536282435,6.365429401397705,7.6617890861031865,591,ppo_kalman_seed47,ppo_kalman,PPO-Kalman,47
77676,soldier_caught,0,1,0,0,10,8,4.0,2,,,1.9480232000350952,0,2.7425642013549805,2.8641481399536133,2.756433608895705,3,ppo_kalman_seed47,ppo_kalman,PPO-Kalman,47
77677,intercepted,1,0,0,0,229,11,5.5,218,229.0,114.5,7.957956790924072,0,8.254797968145919,7.690876483917236,8.358453117931694,219,ppo_kalman_seed47,ppo_kalman,PPO-Kalman,47
77678,intercepted,1,0,0,0,165,11,5.5,154,165.0,82.5,8.727712631225586,0,7.744118126746147,8.092731475830078,7.916777821076909,155,ppo_kalman_seed47,ppo_kalman,PPO-Kalman,47
77679,intercepted,1,0,0,0,425,11,5.5,414,425.0,212.5,2.063539505004883,0,6.963291765408344,9.252442359924316,7.214565761127132,415,ppo_kalman_seed47,ppo_kalman,PPO-Kalman,47
77680,intercepted,1,0,0,0,141,9,4.5,132,141.0,70.5,6.939230442047119,0,7.155172080921948,7.32401704788208,7.445307206816629,133,ppo_kalman_seed47,ppo_kalman,PPO-Kalman,47
77681,intercepted,1,0,0,0,416,33,16.5,383,416.0,208.0,2.808988094329834,0,7.560313860885799,7.201023101806641,7.782469774861615,384,ppo_kalman_seed47,ppo_kalman,PPO-Kalman,47
77682,intercepted,1,0,0,0,197,11,5.5,186,197.0,98.5,7.352560043334961,0,7.341166441453332,7.1439714431762695,7.523562949965141,187,ppo_kalman_seed47,ppo_kalman,PPO-Kalman,47
77683,intercepted,1,0,0,0,373,9,4.5,364,373.0,186.5,4.022172451019287,0,7.5267731419981345,6.712986946105957,7.731141280490561,365,ppo_kalman_seed47,ppo_kalman,PPO-Kalman,47
77684,intercepted,1,0,0,0,22,9,4.5,13,22.0,11.0,3.6192924976348877,0,4.6690662418093,7.892435550689697,5.340522033880212,14,ppo_kalman_seed47,ppo_kalman,PPO-Kalman,47
77685,intercepted,1,0,0,0,375,11,5.5,364,375.0,187.5,2.5596799850463867,0,7.049868544323804,7.5783891677856445,7.3275290291181,365,ppo_kalman_seed47,ppo_kalman,PPO-Kalman,47
77686,intercepted,1,0,0,0,119,11,5.5,108,119.0,59.5,8.529789924621582,0,7.191915948456581,8.402003288269043,7.4997492604174445,109,ppo_kalman_seed47,ppo_kalman,PPO-Kalman,47
77687,intercepted,1,0,0,0,18,12,6.0,6,18.0,9.0,13.780019760131836,0,3.3497202566691806,5.3436784744262695,3.5234733099669486,7,ppo_kalman_seed47,ppo_kalman,PPO-Kalman,47
77688,intercepted,1,0,0,0,308,8,4.0,300,308.0,154.0,3.3280787467956543,0,7.1420236328907585,9.365185737609863,7.385767268159328,301,ppo_kalman_seed47,ppo_kalman,PPO-Kalman,47
77689,intercepted,1,0,0,0,365,13,6.5,352,365.0,182.5,8.807068824768066,0,7.691947871159561,11.059089660644531,7.867051420434105,353,ppo_kalman_seed47,ppo_kalman,PPO-Kalman,47
77690,intercepted,1,0,0,0,409,12,6.0,397,409.0,204.5,4.197409629821777,0,7.0016767104067394,8.729168891906738,7.3116120174084775,398,ppo_kalman_seed47,ppo_kalman,PPO-Kalman,47
77691,intercepted,1,0,0,0,13,11,5.5,2,13.0,6.5,4.7847418785095215,0,3.6879725456237793,2.558603048324585,4.065036103984805,3,ppo_kalman_seed47,ppo_kalman,PPO-Kalman,47
77692,soldier_caught,0,1,0,0,143,12,6.0,131,,,1.9434775114059448,0,7.260897538878701,9.450242042541504,7.4798731335947,132,ppo_kalman_seed47,ppo_kalman,PPO-Kalman,47
77693,intercepted,1,0,0,0,297,11,5.5,286,297.0,148.5,4.159895896911621,0,7.2261332099030655,8.001811981201172,7.478641295282742,287,ppo_kalman_seed47,ppo_kalman,PPO-Kalman,47
77694,soldier_caught,0,1,0,0,84,10,5.0,74,,,1.5012311935424805,0,6.674961806933085,7.467750072479248,7.099884978114959,75,ppo_kalman_seed47,ppo_kalman,PPO-Kalman,47
77695,intercepted,1,0,0,0,866,9,4.5,857,866.0,433.0,6.881570339202881,0,7.9093326957492565,10.16500473022461,8.027561512534671,858,ppo_kalman_seed47,ppo_kalman,PPO-Kalman,47
77696,intercepted,1,0,0,0,167,7,3.5,160,167.0,83.5,5.370075225830078,0,7.376820922638318,7.444692611694336,7.615260114721224,161,ppo_kalman_seed47,ppo_kalman,PPO-Kalman,47
77697,soldier_caught,0,1,0,0,461,9,4.5,452,,,1.7283978462219238,0,7.295015494555037,8.252772331237793,7.555965647948349,453,ppo_kalman_seed47,ppo_kalman,PPO-Kalman,47
77698,intercepted,1,0,0,0,462,8,4.0,454,462.0,231.0,5.187485694885254,0,7.359412098061908,9.902185440063477,7.587557845014775,455,ppo_kalman_seed47,ppo_kalman,PPO-Kalman,47
77699,intercepted,1,0,0,0,144,39,19.5,105,144.0,72.0,11.15141773223877,0,6.899132755567443,6.180838108062744,7.238244057781674,106,ppo_kalman_seed47,ppo_kalman,PPO-Kalman,47
77700,intercepted,1,0,0,0,146,65,32.5,81,146.0,73.0,4.589254856109619,0,6.557813946793719,9.147771835327148,6.983873068898022,82,ppo_kalman_seed47,ppo_kalman,PPO-Kalman,47
77701,intercepted,1,0,0,0,173,16,8.0,157,173.0,86.5,2.327526807785034,0,6.019130859571167,7.8194804191589355,6.448944205764657,158,ppo_kalman_seed47,ppo_kalman,PPO-Kalman,47
77702,intercepted,1,0,0,0,455,12,6.0,443,455.0,227.5,3.13163685798645,0,6.997154398812904,6.435241222381592,7.274767770290814,444,ppo_kalman_seed47,ppo_kalman,PPO-Kalman,47
77703,intercepted,1,0,0,0,17,14,7.0,3,17.0,8.5,5.583495616912842,0,3.824140965938568,2.9855947494506836,3.889978182154473,4,ppo_kalman_seed47,ppo_kalman,PPO-Kalman,47
77704,intercepted,1,0,0,0,363,21,10.5,342,363.0,181.5,2.1202340126037598,0,7.460829447379266,8.568748474121094,7.659991704698936,343,ppo_kalman_seed47,ppo_kalman,PPO-Kalman,47
77705,intercepted,1,0,0,0,136,11,5.5,125,136.0,68.0,3.159961462020874,0,6.712469457633912,9.628103256225586,7.054334930567721,126,ppo_kalman_seed47,ppo_kalman,PPO-Kalman,47
77706,intercepted,1,0,0,0,82,36,18.0,46,82.0,41.0,9.401599884033203,0,6.388146323092441,8.050895690917969,6.82180633950057,47,ppo_kalman_seed47,ppo_kalman,PPO-Kalman,47
77707,intercepted,1,0,0,0,233,41,20.5,192,233.0,116.5,5.501688003540039,0,7.082931457405881,7.318472385406494,7.349540123084551,193,ppo_kalman_seed47,ppo_kalman,PPO-Kalman,47
77708,intercepted,1,0,0,0,238,22,11.0,216,238.0,119.0,9.44662094116211,0,7.256543995597945,6.033253192901611,7.538504482642106,217,ppo_kalman_seed47,ppo_kalman,PPO-Kalman,47
77709,intercepted,1,0,0,0,350,8,4.0,342,350.0,175.0,6.470204830169678,0,7.320558133695285,7.347727298736572,7.506687947654927,343,ppo_kalman_seed47,ppo_kalman,PPO-Kalman,47
77710,intercepted,1,0,0,0,10,8,4.0,2,10.0,5.0,6.030790328979492,0,2.762120485305786,1.7014046907424927,3.0791368199748947,3,ppo_kalman_seed47,ppo_kalman,PPO-Kalman,47
77711,intercepted,1,0,0,0,226,14,7.0,212,226.0,113.0,2.596822738647461,0,7.223290324211121,8.151131629943848,7.428785859837406,213,ppo_kalman_seed47,ppo_kalman,PPO-Kalman,47
77712,intercepted,1,0,0,0,200,52,26.0,148,200.0,100.0,3.5060577392578125,0,7.810255580300453,10.650935173034668,7.955312378002457,149,ppo_kalman_seed47,ppo_kalman,PPO-Kalman,47
77713,intercepted,1,0,0,0,131,9,4.5,122,131.0,65.5,5.038462162017822,0,6.714023800400215,6.255624771118164,7.054728878266481,123,ppo_kalman_seed47,ppo_kalman,PPO-Kalman,47
77714,intercepted,1,0,0,0,130,9,4.5,121,130.0,65.0,2.232943296432495,0,6.5226568418448085,7.570351600646973,7.043338316361281,122,ppo_kalman_seed47,ppo_kalman,PPO-Kalman,47
77715,intercepted,1,0,0,0,19,9,4.5,10,19.0,9.5,12.359639167785645,0,3.8423617644743486,5.178691864013672,4.058778892953125,11,ppo_kalman_seed47,ppo_kalman,PPO-Kalman,47
77716,intercepted,1,0,0,0,175,18,9.0,157,175.0,87.5,3.4446499347686768,0,7.491234993632836,5.921463966369629,7.755614961139546,158,ppo_kalman_seed47,ppo_kalman,PPO-Kalman,47
77717,soldier_caught,0,1,0,0,65,12,6.0,53,,,1.430661678314209,0,5.4602149437975,5.818243503570557,5.8786141308559845,54,ppo_kalman_seed47,ppo_kalman,PPO-Kalman,47
77718,intercepted,1,0,0,0,225,24,12.0,201,225.0,112.5,5.180271148681641,0,7.3458836592069945,8.648849487304688,7.655224675852159,202,ppo_kalman_seed47,ppo_kalman,PPO-Kalman,47
77719,intercepted,1,0,0,0,359,13,6.5,346,359.0,179.5,4.281185626983643,0,7.430572712284,9.245532989501953,7.682534605592281,347,ppo_kalman_seed47,ppo_kalman,PPO-Kalman,47
77720,intercepted,1,0,0,0,63,16,8.0,47,63.0,31.5,7.185475826263428,0,6.609769468506177,6.436502933502197,7.050963494020341,48,ppo_kalman_seed47,ppo_kalman,PPO-Kalman,47
77721,intercepted,1,0,0,0,281,87,43.5,194,281.0,140.5,10.780689239501953,0,7.568389937816522,8.456693649291992,7.749292929779393,195,ppo_kalman_seed47,ppo_kalman,PPO-Kalman,47
77722,soldier_caught,0,1,0,0,58,11,5.5,47,,,1.7474665641784668,0,6.487830623984337,6.542948246002197,6.775184494876002,48,ppo_kalman_seed47,ppo_kalman,PPO-Kalman,47
77723,intercepted,1,0,0,0,16,11,5.5,5,16.0,8.0,9.291756629943848,0,3.8093016743659973,3.651632070541382,4.1713465914023935,6,ppo_kalman_seed47,ppo_kalman,PPO-Kalman,47
77724,soldier_caught,0,1,0,0,14,12,6.0,2,,,1.6475540399551392,0,2.021047592163086,3.099316358566284,2.161598649050084,3,ppo_kalman_seed47,ppo_kalman,PPO-Kalman,47
77725,soldier_caught,0,1,0,0,45,15,7.5,30,,,1.1379951238632202,0,5.395835411164068,8.635282516479492,5.818646005385974,31,ppo_kalman_seed47,ppo_kalman,PPO-Kalman,47
77726,intercepted,1,0,0,0,309,10,5.0,299,309.0,154.5,2.8638861179351807,0,7.615126989682516,6.703005313873291,7.799249357757383,300,ppo_kalman_seed47,ppo_kalman,PPO-Kalman,47
77727,intercepted,1,0,0,0,381,9,4.5,372,381.0,190.5,5.930550575256348,0,7.123046964526815,8.088156700134277,7.377668138975042,373,ppo_kalman_seed47,ppo_kalman,PPO-Kalman,47
77728,intercepted,1,0,0,0,296,11,5.5,285,296.0,148.0,2.3031413555145264,0,6.704249335544093,7.744320869445801,7.0578887806685495,286,ppo_kalman_seed47,ppo_kalman,PPO-Kalman,47
77729,soldier_caught,0,1,0,0,202,83,41.5,119,,,1.3886891603469849,0,6.922363735735416,7.184448719024658,7.217573865224892,120,ppo_kalman_seed47,ppo_kalman,PPO-Kalman,47
77730,intercepted,1,0,0,0,204,10,5.0,194,204.0,102.0,7.4673686027526855,0,7.363855075224852,8.225211143493652,7.568328870695987,195,ppo_kalman_seed47,ppo_kalman,PPO-Kalman,47
77731,intercepted,1,0,0,0,99,12,6.0,87,99.0,49.5,4.888308048248291,0,7.099211165850813,8.70932388305664,7.378279410358941,88,ppo_kalman_seed47,ppo_kalman,PPO-Kalman,47
77732,intercepted,1,0,0,0,41,35,17.5,6,41.0,20.5,14.684676170349121,0,3.4450929505484447,3.3460521697998047,3.468734878101207,7,ppo_kalman_seed47,ppo_kalman,PPO-Kalman,47
77733,intercepted,1,0,0,0,286,10,5.0,276,286.0,143.0,4.9972357749938965,0,7.736025844885554,7.030728816986084,7.945745080563682,277,ppo_kalman_seed47,ppo_kalman,PPO-Kalman,47
77734,intercepted,1,0,0,0,19,13,6.5,6,19.0,9.5,11.84357738494873,0,3.655289581843785,3.2631282806396484,3.8430800472696074,7,ppo_kalman_seed47,ppo_kalman,PPO-Kalman,47
77735,intercepted,1,0,0,0,551,46,23.0,505,551.0,275.5,2.7568142414093018,0,7.179726819629255,6.597586154937744,7.445599643863066,506,ppo_kalman_seed47,ppo_kalman,PPO-Kalman,47
77736,intercepted,1,0,0,0,123,30,15.0,93,123.0,61.5,9.185880661010742,0,5.80307947638187,8.188538551330566,6.213867807018276,94,ppo_kalman_seed47,ppo_kalman,PPO-Kalman,47
77737,intercepted,1,0,0,0,1027,94,47.0,933,1027.0,513.5,2.698153018951416,0,7.793715136528526,6.478813648223877,7.9279510054789,934,ppo_kalman_seed47,ppo_kalman,PPO-Kalman,47
77738,intercepted,1,0,0,0,18,14,7.0,4,18.0,9.0,8.230599403381348,0,1.6621737957000733,2.308034658432007,1.7064424532118285,5,ppo_kalman_seed47,ppo_kalman,PPO-Kalman,47
77739,intercepted,1,0,0,0,33,8,4.0,25,33.0,16.5,7.001002311706543,0,5.7805186699216184,8.747310638427734,6.151960260578702,26,ppo_kalman_seed47,ppo_kalman,PPO-Kalman,47
77740,intercepted,1,0,0,0,18,8,4.0,10,18.0,9.0,4.257785320281982,0,4.28158058903434,7.075331211090088,4.61723604234402,11,ppo_kalman_seed47,ppo_kalman,PPO-Kalman,47
77741,intercepted,1,0,0,0,44,39,19.5,5,44.0,22.0,10.695621490478516,0,3.4080931742986045,3.1924664974212646,3.4854650361074078,6,ppo_kalman_seed47,ppo_kalman,PPO-Kalman,47
77742,intercepted,1,0,0,0,124,9,4.5,115,124.0,62.0,3.3347277641296387,0,7.102727962978955,4.131875038146973,7.326623442254654,116,ppo_kalman_seed47,ppo_kalman,PPO-Kalman,47
77743,soldier_caught,0,1,0,0,37,9,4.5,28,,,1.5517953634262085,0,5.6227272502307235,9.609583854675293,6.208487366907542,29,ppo_kalman_seed47,ppo_kalman,PPO-Kalman,47
77744,soldier_caught,0,1,0,0,613,14,7.0,599,,,1.2419794797897339,0,7.6519382673501966,5.6422810554504395,7.786025683892051,600,ppo_kalman_seed47,ppo_kalman,PPO-Kalman,47
77745,intercepted,1,0,0,0,28,8,4.0,20,28.0,14.0,8.3707857131958,0,5.224825302759807,8.597688674926758,5.817586596567711,21,ppo_kalman_seed47,ppo_kalman,PPO-Kalman,47
77746,soldier_caught,0,1,0,0,1086,31,15.5,1055,,,0.8910843133926392,0,7.730759285983037,7.451200008392334,7.897650222528884,1056,ppo_kalman_seed47,ppo_kalman,PPO-Kalman,47
77747,intercepted,1,0,0,0,29,9,4.5,20,29.0,14.5,10.70998764038086,0,4.985041655245281,6.346336841583252,5.649038815787521,21,ppo_kalman_seed47,ppo_kalman,PPO-Kalman,47
77748,intercepted,1,0,0,0,90,14,7.0,76,90.0,45.0,2.6922175884246826,0,6.923760335940819,7.440273761749268,7.256201607123029,77,ppo_kalman_seed47,ppo_kalman,PPO-Kalman,47
77749,intercepted,1,0,0,0,443,13,6.5,430,443.0,221.5,4.803685188293457,0,7.383091233445984,7.539307594299316,7.610726956929523,431,ppo_kalman_seed47,ppo_kalman,PPO-Kalman,47
77750,intercepted,1,0,0,0,193,14,7.0,179,193.0,96.5,2.7570858001708984,0,6.827702530225118,8.938828468322754,7.079647714249976,180,ppo_kalman_seed47,ppo_kalman,PPO-Kalman,47
77751,intercepted,1,0,0,0,630,31,15.5,599,630.0,315.0,2.2331137657165527,0,7.1297891747951505,8.066137313842773,7.395311843322458,600,ppo_kalman_seed47,ppo_kalman,PPO-Kalman,47
77752,intercepted,1,0,0,0,85,16,8.0,69,85.0,42.5,2.5293993949890137,0,6.562010794026511,7.65772819519043,7.011626354244874,70,ppo_kalman_seed47,ppo_kalman,PPO-Kalman,47
77753,intercepted,1,0,0,0,315,40,20.0,275,315.0,157.5,2.8995308876037598,0,6.795308139661084,6.933824062347412,7.106653031593127,276,ppo_kalman_seed47,ppo_kalman,PPO-Kalman,47
77754,soldier_caught,0,1,0,0,15,13,6.5,2,,,1.3231719732284546,0,2.671547015508016,2.764378547668457,2.815412624739298,3,ppo_kalman_seed47,ppo_kalman,PPO-Kalman,47
77755,intercepted,1,0,0,0,276,15,7.5,261,276.0,138.0,4.0752763748168945,0,7.511047754123921,7.269062519073486,7.657244939159227,262,ppo_kalman_seed47,ppo_kalman,PPO-Kalman,47
77756,soldier_caught,0,1,0,0,76,18,9.0,58,,,1.5318005084991455,0,6.023441591505277,5.5510783195495605,6.381141626835439,59,ppo_kalman_seed47,ppo_kalman,PPO-Kalman,47
77757,intercepted,1,0,0,0,253,76,38.0,177,253.0,126.5,2.281510353088379,0,6.5127032703897925,8.142098426818848,6.807487699992112,178,ppo_kalman_seed47,ppo_kalman,PPO-Kalman,47
77758,intercepted,1,0,0,0,29,23,11.5,6,29.0,14.5,14.148214340209961,0,4.047405753816877,4.459183692932129,4.16981621495349,7,ppo_kalman_seed47,ppo_kalman,PPO-Kalman,47
77759,intercepted,1,0,0,0,33,10,5.0,23,33.0,16.5,14.186277389526367,0,5.471982061862946,6.962628364562988,5.842726659142576,24,ppo_kalman_seed47,ppo_kalman,PPO-Kalman,47
77760,intercepted,1,0,0,0,200,13,6.5,187,200.0,100.0,2.4524083137512207,0,6.67886147220084,7.75398063659668,6.92088314324849,188,ppo_kalman_seed47,ppo_kalman,PPO-Kalman,47
77761,intercepted,1,0,0,0,28,7,3.5,21,28.0,14.0,10.095527648925781,0,6.508582483638417,9.20212173461914,6.922535157986957,22,ppo_kalman_seed47,ppo_kalman,PPO-Kalman,47
77762,intercepted,1,0,0,0,473,10,5.0,463,473.0,236.5,5.078724384307861,0,7.727101169012744,3.428964138031006,7.913765773046488,464,ppo_kalman_seed47,ppo_kalman,PPO-Kalman,47
77763,intercepted,1,0,0,0,36,10,5.0,26,36.0,18.0,5.357137680053711,0,6.159732756791292,6.6497955322265625,6.442670659012974,27,ppo_kalman_seed47,ppo_kalman,PPO-Kalman,47
77764,soldier_caught,0,1,0,0,83,14,7.0,69,,,0.8993632197380066,0,6.9840348448072165,9.00610637664795,7.3100379417195605,70,ppo_kalman_seed47,ppo_kalman,PPO-Kalman,47
77765,intercepted,1,0,0,0,399,8,4.0,391,399.0,199.5,4.985434532165527,0,7.518160695932349,7.1239752769470215,7.7471269533808815,392,ppo_kalman_seed47,ppo_kalman,PPO-Kalman,47
77766,intercepted,1,0,0,0,26,16,8.0,10,26.0,13.0,14.33110523223877,0,3.6986954754049126,7.324215412139893,4.303665720829206,11,ppo_kalman_seed47,ppo_kalman,PPO-Kalman,47
77767,intercepted,1,0,0,0,16,11,5.5,5,16.0,8.0,8.196637153625488,0,3.5467479626337686,6.375690460205078,4.00255205511666,6,ppo_kalman_seed47,ppo_kalman,PPO-Kalman,47
77768,soldier_caught,0,1,0,0,139,36,18.0,103,,,1.7605745792388916,0,6.489078365839445,9.062161445617676,6.912778538274871,104,ppo_kalman_seed47,ppo_kalman,PPO-Kalman,47
77769,intercepted,1,0,0,0,22,16,8.0,6,22.0,11.0,7.579916000366211,0,2.7849391528538296,2.59259033203125,2.8688944497139026,7,ppo_kalman_seed47,ppo_kalman,PPO-Kalman,47
77770,soldier_caught,0,1,0,0,12,10,5.0,2,,,1.0798695087432861,0,2.650208075841268,3.0292980670928955,2.6857641787469353,3,ppo_kalman_seed47,ppo_kalman,PPO-Kalman,47
77771,intercepted,1,0,0,0,247,9,4.5,238,247.0,123.5,7.842443466186523,0,7.690659993363225,6.433945655822754,7.883660547990157,239,ppo_kalman_seed47,ppo_kalman,PPO-Kalman,47
77772,intercepted,1,0,0,0,235,33,16.5,202,235.0,117.5,9.145101547241211,0,7.613221309161538,8.766897201538086,7.826085584583143,203,ppo_kalman_seed47,ppo_kalman,PPO-Kalman,47
77773,intercepted,1,0,0,0,114,53,26.5,61,114.0,57.0,5.54353666305542,0,6.621664545228405,6.96716833114624,7.0224771901528005,62,ppo_kalman_seed47,ppo_kalman,PPO-Kalman,47
77774,intercepted,1,0,0,0,16,9,4.5,7,16.0,8.0,2.9171152114868164,0,4.24827067553997,6.082128047943115,4.690586591918912,8,ppo_kalman_seed47,ppo_kalman,PPO-Kalman,47
77775,intercepted,1,0,0,0,13,7,3.5,6,13.0,6.5,6.738709449768066,0,2.1498397077832903,2.753734588623047,2.3596063599895754,7,ppo_kalman_seed47,ppo_kalman,PPO-Kalman,47
77776,intercepted,1,0,0,0,175,10,5.0,165,175.0,87.5,4.490864276885986,0,7.234275708356535,5.014869689941406,7.47687308532623,166,ppo_kalman_seed47,ppo_kalman,PPO-Kalman,47
77777,intercepted,1,0,0,0,535,41,20.5,494,535.0,267.5,4.192988395690918,0,7.294851466260775,8.644089698791504,7.477971630430158,495,ppo_kalman_seed47,ppo_kalman,PPO-Kalman,47
77778,soldier_caught,0,1,0,0,500,11,5.5,489,,,0.36010488867759705,0,7.372095909897162,1.1523512601852417,7.536893756652091,490,ppo_kalman_seed47,ppo_kalman,PPO-Kalman,47
77779,soldier_caught,0,1,0,0,37,14,7.0,23,,,0.612490177154541,0,4.502556552489598,4.0036773681640625,5.04739364927201,24,ppo_kalman_seed47,ppo_kalman,PPO-Kalman,47
77780,intercepted,1,0,0,0,66,46,23.0,20,66.0,33.0,10.044188499450684,0,6.511961726915269,8.502528190612793,6.857380620851225,21,ppo_kalman_seed47,ppo_kalman,PPO-Kalman,47
77781,intercepted,1,0,0,0,82,21,10.5,61,82.0,41.0,12.755731582641602,0,6.975820241435882,6.759204387664795,7.139232225156115,62,ppo_kalman_seed47,ppo_kalman,PPO-Kalman,47
77782,intercepted,1,0,0,0,13,9,4.5,4,13.0,6.5,4.655590057373047,0,3.322679042816162,2.975175619125366,3.4373773166041643,5,ppo_kalman_seed47,ppo_kalman,PPO-Kalman,47
77783,soldier_caught,0,1,0,0,122,15,7.5,107,,,1.8642754554748535,0,6.684877967944852,8.713095664978027,7.057955928497599,108,ppo_kalman_seed47,ppo_kalman,PPO-Kalman,47
77784,soldier_caught,0,1,0,0,13,11,5.5,2,,,0.7644138336181641,0,4.374018510182698,4.195977210998535,4.385042099052155,3,ppo_kalman_seed47,ppo_kalman,PPO-Kalman,47
77785,intercepted,1,0,0,0,715,14,7.0,701,715.0,357.5,3.6122145652770996,0,7.398213523235756,3.042278528213501,7.624127484300821,702,ppo_kalman_seed47,ppo_kalman,PPO-Kalman,47
77786,intercepted,1,0,0,0,633,89,44.5,544,633.0,316.5,2.8041388988494873,0,7.443142876821921,6.539674282073975,7.697295757839158,545,ppo_kalman_seed47,ppo_kalman,PPO-Kalman,47
77787,soldier_caught,0,1,0,0,466,22,11.0,444,,,1.760629415512085,0,7.5298139990045785,2.7231297492980957,7.6910964266762045,445,ppo_kalman_seed47,ppo_kalman,PPO-Kalman,47
77788,intercepted,1,0,0,0,438,13,6.5,425,438.0,219.0,3.1955811977386475,0,7.310245388130626,4.018370151519775,7.544786292836939,426,ppo_kalman_seed47,ppo_kalman,PPO-Kalman,47
77789,unsafe_intercept,0,0,1,0,10,8,4.0,2,,,2.5476410388946533,0,2.8143017292022705,2.0297129154205322,3.0673216898858136,3,ppo_kalman_seed47,ppo_kalman,PPO-Kalman,47
77790,soldier_caught,0,1,0,0,114,13,6.5,101,,,1.7676992416381836,0,7.091814620822084,6.182576656341553,7.350314302772625,102,ppo_kalman_seed47,ppo_kalman,PPO-Kalman,47
77791,intercepted,1,0,0,0,124,32,16.0,92,124.0,62.0,11.79489517211914,0,7.6627712121573825,8.674541473388672,7.800318358125087,93,ppo_kalman_seed47,ppo_kalman,PPO-Kalman,47
77792,intercepted,1,0,0,0,738,22,11.0,716,738.0,369.0,2.6453607082366943,0,7.365467820623097,4.910552501678467,7.5894208603217885,717,ppo_kalman_seed47,ppo_kalman,PPO-Kalman,47
77793,intercepted,1,0,0,0,16,9,4.5,7,16.0,8.0,4.163386821746826,0,3.00142040848732,2.813493251800537,3.1121407206017078,8,ppo_kalman_seed47,ppo_kalman,PPO-Kalman,47
77794,intercepted,1,0,0,0,690,13,6.5,677,690.0,345.0,3.024824857711792,0,7.392652898938958,9.333602905273438,7.558303078586701,678,ppo_kalman_seed47,ppo_kalman,PPO-Kalman,47
77795,soldier_caught,0,1,0,0,243,13,6.5,230,,,1.6799856424331665,0,6.925737160302344,0.14388392865657806,7.2416184033745985,231,ppo_kalman_seed47,ppo_kalman,PPO-Kalman,47
77796,intercepted,1,0,0,0,407,7,3.5,400,407.0,203.5,4.711520671844482,0,7.630212645280985,8.564751625061035,7.778777380984922,401,ppo_kalman_seed47,ppo_kalman,PPO-Kalman,47
77797,intercepted,1,0,0,0,15,9,4.5,6,15.0,7.5,2.595827102661133,0,2.1367551343781606,2.7059485912323,2.4080686079398266,7,ppo_kalman_seed47,ppo_kalman,PPO-Kalman,47
77798,intercepted,1,0,0,0,18,10,5.0,8,18.0,9.0,6.990642070770264,0,3.7614607678519354,4.409957408905029,3.928322506366311,9,ppo_kalman_seed47,ppo_kalman,PPO-Kalman,47
77799,intercepted,1,0,0,0,1132,21,10.5,1111,1132.0,566.0,5.547619819641113,0,7.742179799422943,11.014043807983398,7.876885540635253,1112,ppo_kalman_seed47,ppo_kalman,PPO-Kalman,47
77800,intercepted,1,0,0,0,62,57,28.5,5,62.0,31.0,8.707049369812012,0,3.530202249685923,1.7064868211746216,3.791168782393049,6,ppo_kalman_seed47,ppo_kalman,PPO-Kalman,47
77801,intercepted,1,0,0,0,64,17,8.5,47,64.0,32.0,9.108317375183105,0,6.024545400092999,6.8396453857421875,6.599838429623688,48,ppo_kalman_seed47,ppo_kalman,PPO-Kalman,47
77802,intercepted,1,0,0,0,561,11,5.5,550,561.0,280.5,3.862553358078003,0,7.309383466542308,6.759027004241943,7.538488573515215,551,ppo_kalman_seed47,ppo_kalman,PPO-Kalman,47
77803,intercepted,1,0,0,0,31,8,4.0,23,31.0,15.5,5.989801406860352,0,5.75940262277921,8.799128532409668,6.084589175929112,24,ppo_kalman_seed47,ppo_kalman,PPO-Kalman,47
77804,intercepted,1,0,0,0,74,31,15.5,43,74.0,37.0,7.646664619445801,0,5.434685143557462,5.9558329582214355,5.858329619903598,44,ppo_kalman_seed47,ppo_kalman,PPO-Kalman,47
77805,intercepted,1,0,0,0,314,14,7.0,300,314.0,157.0,5.957774639129639,0,7.822783660255001,6.653618812561035,7.959036342475637,301,ppo_kalman_seed47,ppo_kalman,PPO-Kalman,47
77806,intercepted,1,0,0,0,237,16,8.0,221,237.0,118.5,6.340445041656494,0,7.199381850861214,8.537732124328613,7.442287439403794,222,ppo_kalman_seed47,ppo_kalman,PPO-Kalman,47
77807,intercepted,1,0,0,0,578,7,3.5,571,578.0,289.0,2.81325101852417,0,7.950552132371422,9.662373542785645,8.121738162802984,572,ppo_kalman_seed47,ppo_kalman,PPO-Kalman,47
77808,intercepted,1,0,0,0,33,7,3.5,26,33.0,16.5,6.223143100738525,0,6.2616115499425815,7.337734699249268,6.810190191736475,27,ppo_kalman_seed47,ppo_kalman,PPO-Kalman,47
77809,intercepted,1,0,0,0,128,10,5.0,118,128.0,64.0,2.2510287761688232,0,7.261372405941747,6.531003952026367,7.540089672529688,119,ppo_kalman_seed47,ppo_kalman,PPO-Kalman,47
77810,intercepted,1,0,0,0,11,8,4.0,3,11.0,5.5,4.835412502288818,0,2.9983904361724854,3.058185577392578,3.0503451950052574,4,ppo_kalman_seed47,ppo_kalman,PPO-Kalman,47
77811,intercepted,1,0,0,0,169,40,20.0,129,169.0,84.5,2.0985336303710938,0,7.041963587815945,4.4625163078308105,7.347658781092976,130,ppo_kalman_seed47,ppo_kalman,PPO-Kalman,47
77812,intercepted,1,0,0,0,138,16,8.0,122,138.0,69.0,2.2742931842803955,0,6.636311912924294,8.078130722045898,6.98636016181877,123,ppo_kalman_seed47,ppo_kalman,PPO-Kalman,47
77813,intercepted,1,0,0,0,258,41,20.5,217,258.0,129.0,5.150822639465332,0,7.453140715803575,8.453692436218262,7.655213191621331,218,ppo_kalman_seed47,ppo_kalman,PPO-Kalman,47
77814,intercepted,1,0,0,0,18,9,4.5,9,18.0,9.0,10.584294319152832,0,3.668335473537445,6.4561767578125,4.009667076428678,10,ppo_kalman_seed47,ppo_kalman,PPO-Kalman,47
77815,intercepted,1,0,0,0,38,11,5.5,27,38.0,19.0,5.982848644256592,0,6.114646639142718,6.6115875244140625,6.452920336157489,28,ppo_kalman_seed47,ppo_kalman,PPO-Kalman,47
77816,intercepted,1,0,0,0,243,9,4.5,234,243.0,121.5,6.332537651062012,0,7.347989339016854,6.101955413818359,7.590765461732892,235,ppo_kalman_seed47,ppo_kalman,PPO-Kalman,47
77817,intercepted,1,0,0,0,13,8,4.0,5,13.0,6.5,10.576788902282715,0,2.415923774242401,2.7775113582611084,2.4782081206510673,6,ppo_kalman_seed47,ppo_kalman,PPO-Kalman,47
77818,intercepted,1,0,0,0,184,9,4.5,175,184.0,92.0,5.55177640914917,0,7.478135322982615,8.546648025512695,7.671225088285525,176,ppo_kalman_seed47,ppo_kalman,PPO-Kalman,47
77819,soldier_caught,0,1,0,0,267,14,7.0,253,,,1.490256667137146,0,7.913852020980805,9.066741943359375,8.042885064118193,254,ppo_kalman_seed47,ppo_kalman,PPO-Kalman,47
77820,soldier_caught,0,1,0,0,418,11,5.5,407,,,1.9490677118301392,0,7.450735463231218,5.927572727203369,7.634721192686047,408,ppo_kalman_seed47,ppo_kalman,PPO-Kalman,47
77821,intercepted,1,0,0,0,101,17,8.5,84,101.0,50.5,12.97275161743164,0,7.34306902885437,7.026297569274902,7.587881211374774,85,ppo_kalman_seed47,ppo_kalman,PPO-Kalman,47
77822,intercepted,1,0,0,0,17,8,4.0,9,17.0,8.5,2.871101140975952,0,2.55436030626297,3.1803953647613525,2.652309687167185,10,ppo_kalman_seed47,ppo_kalman,PPO-Kalman,47
77823,soldier_caught,0,1,0,0,114,8,4.0,106,,,1.4685317277908325,0,5.885329589665493,4.46628999710083,6.240283540208437,107,ppo_kalman_seed47,ppo_kalman,PPO-Kalman,47
77824,intercepted,1,0,0,0,163,11,5.5,152,163.0,81.5,7.192898273468018,0,7.51521275596681,9.558032035827637,7.768956538705832,153,ppo_kalman_seed47,ppo_kalman,PPO-Kalman,47
77825,intercepted,1,0,0,0,22,13,6.5,9,22.0,11.0,12.712675094604492,0,4.211488819122314,5.781217098236084,4.325383056522127,10,ppo_kalman_seed47,ppo_kalman,PPO-Kalman,47
77826,soldier_caught,0,1,0,0,17,15,7.5,2,,,1.6248291730880737,0,3.2797975540161133,3.838184118270874,3.367669959492736,3,ppo_kalman_seed47,ppo_kalman,PPO-Kalman,47
77827,intercepted,1,0,0,0,770,9,4.5,761,770.0,385.0,4.872130870819092,0,7.451026740310386,8.321772575378418,7.630181062879511,762,ppo_kalman_seed47,ppo_kalman,PPO-Kalman,47
77828,intercepted,1,0,0,0,17,9,4.5,8,17.0,8.5,7.098299503326416,0,4.104370673497518,5.387811660766602,4.416800747986065,9,ppo_kalman_seed47,ppo_kalman,PPO-Kalman,47
77829,soldier_caught,0,1,0,0,16,14,7.0,2,,,1.2707220315933228,0,2.5127169688542685,2.0599663257598877,2.8731241946228283,3,ppo_kalman_seed47,ppo_kalman,PPO-Kalman,47
77830,intercepted,1,0,0,0,70,65,32.5,5,70.0,35.0,11.203428268432617,0,3.160764972368876,3.3063528537750244,3.170351595659907,6,ppo_kalman_seed47,ppo_kalman,PPO-Kalman,47
77831,soldier_caught,0,1,0,0,298,10,5.0,288,,,0.5174319744110107,0,7.648171124986299,5.155677318572998,7.83377204050373,289,ppo_kalman_seed47,ppo_kalman,PPO-Kalman,47
77832,intercepted,1,0,0,0,155,8,4.0,147,155.0,77.5,2.988379955291748,0,6.8482269664873945,11.615872383117676,7.194511695653649,148,ppo_kalman_seed47,ppo_kalman,PPO-Kalman,47
77833,soldier_caught,0,1,0,0,186,10,5.0,176,,,0.9198676943778992,0,7.220279277717999,6.369699478149414,7.411017424297538,177,ppo_kalman_seed47,ppo_kalman,PPO-Kalman,47
77834,intercepted,1,0,0,0,17,10,5.0,7,17.0,8.5,13.751007080078125,0,2.969429962337017,4.171201229095459,3.186073889029989,8,ppo_kalman_seed47,ppo_kalman,PPO-Kalman,47
77835,soldier_caught,0,1,0,0,36,9,4.5,27,,,0.4026336967945099,0,4.9449504273278375,6.548224449157715,5.297238922022226,28,ppo_kalman_seed47,ppo_kalman,PPO-Kalman,47
77836,intercepted,1,0,0,0,234,8,4.0,226,234.0,117.0,2.5193281173706055,0,6.414197282118944,7.164951324462891,6.756564983009875,227,ppo_kalman_seed47,ppo_kalman,PPO-Kalman,47
77837,intercepted,1,0,0,0,15,12,6.0,3,15.0,7.5,7.577764511108398,0,2.844598650932312,1.1912524700164795,3.0221088330760484,4,ppo_kalman_seed47,ppo_kalman,PPO-Kalman,47
77838,soldier_caught,0,1,0,0,42,9,4.5,33,,,1.721879482269287,0,4.694675119484172,9.1915922164917,5.327642892355681,34,ppo_kalman_seed47,ppo_kalman,PPO-Kalman,47
77839,intercepted,1,0,0,0,14,9,4.5,5,14.0,7.0,12.716629028320312,0,2.872482160727183,2.861701250076294,2.9623276989490064,6,ppo_kalman_seed47,ppo_kalman,PPO-Kalman,47
77840,intercepted,1,0,0,0,43,17,8.5,26,43.0,21.5,9.001724243164062,0,5.829955454225893,7.879161357879639,6.254890803598708,27,ppo_kalman_seed47,ppo_kalman,PPO-Kalman,47
77841,soldier_caught,0,1,0,0,127,16,8.0,111,,,1.4200611114501953,0,6.590746393161161,7.738786220550537,6.940456553256965,112,ppo_kalman_seed47,ppo_kalman,PPO-Kalman,47
77842,soldier_caught,0,1,0,0,64,9,4.5,55,,,1.308441162109375,0,5.300462827086449,7.548006534576416,5.9771089063558005,56,ppo_kalman_seed47,ppo_kalman,PPO-Kalman,47
77843,soldier_caught,0,1,0,0,907,99,49.5,808,,,0.6930030584335327,0,7.185163602103998,5.576383590698242,7.460571509382063,809,ppo_kalman_seed47,ppo_kalman,PPO-Kalman,47
77844,intercepted,1,0,0,0,11,9,4.5,2,11.0,5.5,4.539348125457764,0,1.7668034235636394,2.6264145374298096,1.951893756492571,3,ppo_kalman_seed47,ppo_kalman,PPO-Kalman,47
77845,intercepted,1,0,0,0,19,14,7.0,5,19.0,9.5,11.351065635681152,0,3.1971354285875955,4.638857364654541,3.3619904362372455,6,ppo_kalman_seed47,ppo_kalman,PPO-Kalman,47
77846,intercepted,1,0,0,0,83,9,4.5,74,83.0,41.5,3.6630139350891113,0,6.607718836466471,4.046750068664551,6.989718172838487,75,ppo_kalman_seed47,ppo_kalman,PPO-Kalman,47
77847,intercepted,1,0,0,0,162,59,29.5,103,162.0,81.0,7.538813591003418,0,7.656653581903531,8.322345733642578,7.820568367822968,104,ppo_kalman_seed47,ppo_kalman,PPO-Kalman,47
77848,intercepted,1,0,0,0,88,28,14.0,60,88.0,44.0,7.221133708953857,0,5.154466374975736,5.848257541656494,5.587115880266253,61,ppo_kalman_seed47,ppo_kalman,PPO-Kalman,47
77849,soldier_caught,0,1,0,0,87,11,5.5,76,,,1.1024129390716553,0,6.300698306653406,3.839595317840576,6.614517997268452,77,ppo_kalman_seed47,ppo_kalman,PPO-Kalman,47
77850,soldier_caught,0,1,0,0,554,13,6.5,541,,,1.5337318181991577,0,7.491679855488323,4.8022871017456055,7.7317016389793185,542,ppo_kalman_seed47,ppo_kalman,PPO-Kalman,47
77851,intercepted,1,0,0,0,573,8,4.0,565,573.0,286.5,5.171962738037109,0,7.729926096676937,9.256914138793945,7.893856585968684,566,ppo_kalman_seed47,ppo_kalman,PPO-Kalman,47
77852,intercepted,1,0,0,0,730,13,6.5,717,730.0,365.0,7.275962829589844,0,7.558896813801072,6.457175254821777,7.733410012230653,718,ppo_kalman_seed47,ppo_kalman,PPO-Kalman,47
77853,intercepted,1,0,0,0,36,10,5.0,26,36.0,18.0,7.745186805725098,0,5.867677476671007,7.053403854370117,6.26843224986346,27,ppo_kalman_seed47,ppo_kalman,PPO-Kalman,47
77854,intercepted,1,0,0,0,163,11,5.5,152,163.0,81.5,6.349002361297607,0,6.766581679383914,2.327432632446289,7.1069141282888495,153,ppo_kalman_seed47,ppo_kalman,PPO-Kalman,47
77855,soldier_caught,0,1,0,0,93,17,8.5,76,,,1.7029938697814941,0,6.652629794238449,7.749756813049316,6.967948529518754,77,ppo_kalman_seed47,ppo_kalman,PPO-Kalman,47
77856,intercepted,1,0,0,0,10,8,4.0,2,10.0,5.0,4.419052600860596,0,4.596420447031657,4.118926525115967,4.608925784604203,3,ppo_kalman_seed47,ppo_kalman,PPO-Kalman,47
77857,soldier_caught,0,1,0,0,133,9,4.5,124,,,1.9484974145889282,0,6.440032715320587,6.837163925170898,6.750165343850913,125,ppo_kalman_seed47,ppo_kalman,PPO-Kalman,47
77858,intercepted,1,0,0,0,13,10,5.0,3,13.0,6.5,5.177725315093994,0,3.2497242987155914,1.6187442541122437,3.597891686267991,4,ppo_kalman_seed47,ppo_kalman,PPO-Kalman,47
77859,intercepted,1,0,0,0,205,11,5.5,194,205.0,102.5,3.335503578186035,0,6.98340203792621,6.24516487121582,7.234722486948599,195,ppo_kalman_seed47,ppo_kalman,PPO-Kalman,47
77860,intercepted,1,0,0,0,506,9,4.5,497,506.0,253.0,4.346461296081543,0,7.354964783871509,8.463403701782227,7.620793273212853,498,ppo_kalman_seed47,ppo_kalman,PPO-Kalman,47
77861,intercepted,1,0,0,0,98,14,7.0,84,98.0,49.0,7.053659915924072,0,6.985346303266637,8.3153657913208,7.10505982062049,85,ppo_kalman_seed47,ppo_kalman,PPO-Kalman,47
77862,intercepted,1,0,0,0,481,16,8.0,465,481.0,240.5,5.68561315536499,0,7.466129324211072,5.289581775665283,7.652258089094805,466,ppo_kalman_seed47,ppo_kalman,PPO-Kalman,47
77863,intercepted,1,0,0,0,98,15,7.5,83,98.0,49.0,9.599428176879883,0,7.533527740410396,10.367486000061035,7.79646018343495,84,ppo_kalman_seed47,ppo_kalman,PPO-Kalman,47
77864,intercepted,1,0,0,0,55,9,4.5,46,55.0,27.5,2.0252788066864014,0,6.8098870617278076,6.893842697143555,7.1979774046986105,47,ppo_kalman_seed47,ppo_kalman,PPO-Kalman,47
77865,intercepted,1,0,0,0,33,27,13.5,6,33.0,16.5,13.187105178833008,0,2.8477623718125478,4.006939888000488,3.224924936675502,7,ppo_kalman_seed47,ppo_kalman,PPO-Kalman,47
77866,intercepted,1,0,0,0,80,30,15.0,50,80.0,40.0,9.151806831359863,0,6.767526981877346,8.234922409057617,7.074521829879162,51,ppo_kalman_seed47,ppo_kalman,PPO-Kalman,47
77867,soldier_caught,0,1,0,0,183,14,7.0,169,,,1.0726374387741089,0,6.218207307072246,5.153421878814697,6.61485738102283,170,ppo_kalman_seed47,ppo_kalman,PPO-Kalman,47
77868,intercepted,1,0,0,0,13,10,5.0,3,13.0,6.5,4.78326416015625,0,2.820382535457611,2.460969924926758,2.8790869688904372,4,ppo_kalman_seed47,ppo_kalman,PPO-Kalman,47
77869,intercepted,1,0,0,0,249,103,51.5,146,249.0,124.5,7.611124038696289,0,7.878012328731771,6.988206386566162,8.029692779983101,147,ppo_kalman_seed47,ppo_kalman,PPO-Kalman,47
77870,intercepted,1,0,0,0,770,14,7.0,756,770.0,385.0,3.7332911491394043,0,7.610853632894816,6.574786186218262,7.818495081126291,757,ppo_kalman_seed47,ppo_kalman,PPO-Kalman,47
77871,intercepted,1,0,0,0,251,9,4.5,242,251.0,125.5,4.3056864738464355,0,7.283229879391047,5.625112533569336,7.56884208689026,243,ppo_kalman_seed47,ppo_kalman,PPO-Kalman,47
77872,soldier_caught,0,1,0,0,370,10,5.0,360,,,0.885271430015564,0,7.5431674822876,8.484933853149414,7.683971755094426,361,ppo_kalman_seed47,ppo_kalman,PPO-Kalman,47
77873,intercepted,1,0,0,0,133,9,4.5,124,133.0,66.5,10.140196800231934,0,7.09404542016983,7.15073299407959,7.3057884318586055,125,ppo_kalman_seed47,ppo_kalman,PPO-Kalman,47
77874,intercepted,1,0,0,0,260,9,4.5,251,260.0,130.0,6.162833213806152,0,7.2679506791016415,7.623824596405029,7.486192068693822,252,ppo_kalman_seed47,ppo_kalman,PPO-Kalman,47
77875,intercepted,1,0,0,0,525,11,5.5,514,525.0,262.5,2.158682107925415,0,7.050251969781894,7.368545055389404,7.31321261820613,515,ppo_kalman_seed47,ppo_kalman,PPO-Kalman,47
77876,intercepted,1,0,0,0,275,14,7.0,261,275.0,137.5,2.124570608139038,0,7.566823793276575,5.164137840270996,7.767922014932624,262,ppo_kalman_seed47,ppo_kalman,PPO-Kalman,47
77877,intercepted,1,0,0,0,410,20,10.0,390,410.0,205.0,3.0153462886810303,0,7.389012432311807,7.698345184326172,7.5886712910069205,391,ppo_kalman_seed47,ppo_kalman,PPO-Kalman,47
77878,intercepted,1,0,0,0,67,17,8.5,50,67.0,33.5,12.380438804626465,0,7.099057168352838,6.4922332763671875,7.473509311210504,51,ppo_kalman_seed47,ppo_kalman,PPO-Kalman,47
77879,intercepted,1,0,0,0,77,9,4.5,68,77.0,38.5,8.05280876159668,0,7.178738296895787,7.413623809814453,7.394398752909551,69,ppo_kalman_seed47,ppo_kalman,PPO-Kalman,47
77880,intercepted,1,0,0,0,146,9,4.5,137,146.0,73.0,5.203744888305664,0,7.392257204954175,7.680619716644287,7.598689220195429,138,ppo_kalman_seed47,ppo_kalman,PPO-Kalman,47
77881,intercepted,1,0,0,0,54,8,4.0,46,54.0,27.0,2.06355619430542,0,7.098442923515401,6.972694396972656,7.44246158706255,47,ppo_kalman_seed47,ppo_kalman,PPO-Kalman,47
77882,intercepted,1,0,0,0,145,11,5.5,134,145.0,72.5,2.786707639694214,0,6.851234271791246,8.357070922851562,7.180709215632945,135,ppo_kalman_seed47,ppo_kalman,PPO-Kalman,47
77883,intercepted,1,0,0,0,323,10,5.0,313,323.0,161.5,4.4555134773254395,0,7.64444019080727,9.727874755859375,7.832810752308108,314,ppo_kalman_seed47,ppo_kalman,PPO-Kalman,47
77884,intercepted,1,0,0,0,93,19,9.5,74,93.0,46.5,4.01845121383667,0,6.53079302072525,6.986515522003174,6.834620346676794,75,ppo_kalman_seed47,ppo_kalman,PPO-Kalman,47
77885,intercepted,1,0,0,0,137,74,37.0,63,137.0,68.5,7.822793006896973,0,7.101638941094279,7.176476955413818,7.502505331165253,64,ppo_kalman_seed47,ppo_kalman,PPO-Kalman,47
77886,intercepted,1,0,0,0,61,10,5.0,51,61.0,30.5,2.647611379623413,0,5.705808551265643,7.748588562011719,6.031064152361799,52,ppo_kalman_seed47,ppo_kalman,PPO-Kalman,47
77887,intercepted,1,0,0,0,15,10,5.0,5,15.0,7.5,13.401298522949219,0,3.927052100499471,3.4209978580474854,4.06436012404112,6,ppo_kalman_seed47,ppo_kalman,PPO-Kalman,47
77888,intercepted,1,0,0,0,33,12,6.0,21,33.0,16.5,9.080216407775879,0,5.514699897982857,4.806079387664795,5.834947266341068,22,ppo_kalman_seed47,ppo_kalman,PPO-Kalman,47
77889,intercepted,1,0,0,0,57,9,4.5,48,57.0,28.5,5.743415832519531,0,6.783634499627716,7.544253349304199,7.17405578185185,49,ppo_kalman_seed47,ppo_kalman,PPO-Kalman,47
77890,soldier_caught,0,1,0,0,84,10,5.0,74,,,0.8355261087417603,0,6.938108631769816,5.937646865844727,7.30365849698781,75,ppo_kalman_seed47,ppo_kalman,PPO-Kalman,47
77891,intercepted,1,0,0,0,18,11,5.5,7,18.0,9.0,3.6566951274871826,0,2.9689505249261856,1.0946580171585083,3.1240393732350364,8,ppo_kalman_seed47,ppo_kalman,PPO-Kalman,47
77892,soldier_caught,0,1,0,0,68,12,6.0,56,,,1.1961766481399536,0,5.241681519307588,7.4216485023498535,5.68354870793036,57,ppo_kalman_seed47,ppo_kalman,PPO-Kalman,47
77893,soldier_caught,0,1,0,0,187,66,33.0,121,,,1.783280611038208,0,7.0881144336012545,3.0020029544830322,7.3566744547892515,122,ppo_kalman_seed47,ppo_kalman,PPO-Kalman,47
77894,intercepted,1,0,0,0,112,83,41.5,29,112.0,56.0,8.89517879486084,0,5.2105905413627625,10.628044128417969,5.829079789501665,30,ppo_kalman_seed47,ppo_kalman,PPO-Kalman,47
77895,intercepted,1,0,0,0,273,9,4.5,264,273.0,136.5,4.346292018890381,0,7.523883497939919,8.422715187072754,7.694987101229059,265,ppo_kalman_seed47,ppo_kalman,PPO-Kalman,47
77896,intercepted,1,0,0,0,118,9,4.5,109,118.0,59.0,11.156855583190918,0,6.872433641823855,7.935187816619873,7.133958891274959,110,ppo_kalman_seed47,ppo_kalman,PPO-Kalman,47
77897,intercepted,1,0,0,0,156,9,4.5,147,156.0,78.0,9.252302169799805,0,7.825789320307809,9.03369426727295,8.039325105671871,148,ppo_kalman_seed47,ppo_kalman,PPO-Kalman,47
77898,soldier_caught,0,1,0,0,13,10,5.0,3,,,1.1195815801620483,0,2.482355196028948,1.992272973060608,2.9571690080058635,4,ppo_kalman_seed47,ppo_kalman,PPO-Kalman,47
77899,soldier_caught,0,1,0,0,464,12,6.0,452,,,0.8618452548980713,0,7.63902580553859,2.406885862350464,7.813618454499965,453,ppo_kalman_seed47,ppo_kalman,PPO-Kalman,47
77900,intercepted,1,0,0,0,23,15,7.5,8,23.0,11.5,6.8922600746154785,0,2.464430014292399,2.6006901264190674,2.641790206073439,9,ppo_kalman_seed47,ppo_kalman,PPO-Kalman,47
77901,intercepted,1,0,0,0,11,8,4.0,3,11.0,5.5,3.734266757965088,0,3.0287966132164,1.747591495513916,3.3088271668079514,4,ppo_kalman_seed47,ppo_kalman,PPO-Kalman,47
77902,intercepted,1,0,0,0,218,13,6.5,205,218.0,109.0,8.329814910888672,0,7.376267698783319,9.566665649414062,7.558055991784839,206,ppo_kalman_seed47,ppo_kalman,PPO-Kalman,47
77903,intercepted,1,0,0,0,350,10,5.0,340,350.0,175.0,3.4937102794647217,0,7.311117176785847,8.444786071777344,7.501008884883581,341,ppo_kalman_seed47,ppo_kalman,PPO-Kalman,47
77904,intercepted,1,0,0,0,20,10,5.0,10,20.0,10.0,4.097719669342041,0,3.2116895588961514,5.148885250091553,3.41168563261834,11,ppo_kalman_seed47,ppo_kalman,PPO-Kalman,47
77905,intercepted,1,0,0,0,19,11,5.5,8,19.0,9.5,7.45611047744751,0,3.3170772393544516,2.454559326171875,3.4793960378536744,9,ppo_kalman_seed47,ppo_kalman,PPO-Kalman,47
77906,intercepted,1,0,0,0,73,9,4.5,64,73.0,36.5,2.0713868141174316,0,6.9882819056510925,7.690392971038818,7.258088990876651,65,ppo_kalman_seed47,ppo_kalman,PPO-Kalman,47
77907,intercepted,1,0,0,0,287,59,29.5,228,287.0,143.5,4.135923385620117,0,6.392480046988575,6.682145595550537,6.8052303259496085,229,ppo_kalman_seed47,ppo_kalman,PPO-Kalman,47
77908,intercepted,1,0,0,0,14,12,6.0,2,14.0,7.0,3.8911468982696533,0,3.2332272132237754,1.778939127922058,3.4214477909429517,3,ppo_kalman_seed47,ppo_kalman,PPO-Kalman,47
77909,intercepted,1,0,0,0,50,9,4.5,41,50.0,25.0,10.242281913757324,0,6.77264573886281,5.144855976104736,7.130620323991638,42,ppo_kalman_seed47,ppo_kalman,PPO-Kalman,47
77910,intercepted,1,0,0,0,120,13,6.5,107,120.0,60.0,4.022774696350098,0,5.870185126860936,8.2611722946167,6.348175220249267,108,ppo_kalman_seed47,ppo_kalman,PPO-Kalman,47
77911,intercepted,1,0,0,0,20,11,5.5,9,20.0,10.0,3.6411550045013428,0,3.252433657646179,4.6971821784973145,3.4655435533184336,10,ppo_kalman_seed47,ppo_kalman,PPO-Kalman,47
77912,intercepted,1,0,0,0,323,12,6.0,311,323.0,161.5,3.1484711170196533,0,7.429330213329731,6.078178405761719,7.648090818132846,312,ppo_kalman_seed47,ppo_kalman,PPO-Kalman,47
77913,intercepted,1,0,0,0,654,108,54.0,546,654.0,327.0,5.1043219566345215,0,7.303202771018149,8.734116554260254,7.548983297119759,547,ppo_kalman_seed47,ppo_kalman,PPO-Kalman,47
77914,intercepted,1,0,0,0,477,10,5.0,467,477.0,238.5,4.045811653137207,0,7.247455507898942,6.065046787261963,7.515272072803155,468,ppo_kalman_seed47,ppo_kalman,PPO-Kalman,47
77915,intercepted,1,0,0,0,395,9,4.5,386,395.0,197.5,2.4074268341064453,0,7.58111438332294,9.45043659210205,7.795926384935596,387,ppo_kalman_seed47,ppo_kalman,PPO-Kalman,47
77916,intercepted,1,0,0,0,66,9,4.5,57,66.0,33.0,8.808720588684082,0,5.576885976668062,5.845857620239258,6.068276376725172,58,ppo_kalman_seed47,ppo_kalman,PPO-Kalman,47
77917,intercepted,1,0,0,0,29,9,4.5,20,29.0,14.5,12.576933860778809,0,5.379175907089596,6.534121513366699,5.692167072396728,21,ppo_kalman_seed47,ppo_kalman,PPO-Kalman,47
77918,intercepted,1,0,0,0,66,9,4.5,57,66.0,33.0,6.946518421173096,0,6.242135514473093,6.167754650115967,6.623285512218435,58,ppo_kalman_seed47,ppo_kalman,PPO-Kalman,47
77919,intercepted,1,0,0,0,56,11,5.5,45,56.0,28.0,4.251101493835449,0,5.812490182078403,5.6504106521606445,6.141523700478929,46,ppo_kalman_seed47,ppo_kalman,PPO-Kalman,47
77920,intercepted,1,0,0,0,13,10,5.0,3,13.0,6.5,5.5455827713012695,0,3.7189965546131134,2.8854544162750244,4.162098660443633,4,ppo_kalman_seed47,ppo_kalman,PPO-Kalman,47
77921,intercepted,1,0,0,0,258,10,5.0,248,258.0,129.0,5.827930450439453,0,6.981061801374198,8.75228214263916,7.279920666418474,249,ppo_kalman_seed47,ppo_kalman,PPO-Kalman,47
77922,soldier_caught,0,1,0,0,128,13,6.5,115,,,1.62411630153656,0,7.103916538172755,6.313070774078369,7.311993810513475,116,ppo_kalman_seed47,ppo_kalman,PPO-Kalman,47
77923,intercepted,1,0,0,0,214,8,4.0,206,214.0,107.0,2.088853120803833,0,7.270135815016889,8.897394180297852,7.4947567383976255,207,ppo_kalman_seed47,ppo_kalman,PPO-Kalman,47
77924,intercepted,1,0,0,0,434,8,4.0,426,434.0,217.0,3.974571466445923,0,7.045873238275425,7.78743314743042,7.327943471798118,427,ppo_kalman_seed47,ppo_kalman,PPO-Kalman,47
77925,intercepted,1,0,0,0,122,29,14.5,93,122.0,61.0,10.98737621307373,0,7.028303178700995,9.329122543334961,7.367468567425154,94,ppo_kalman_seed47,ppo_kalman,PPO-Kalman,47
77926,soldier_caught,0,1,0,0,463,17,8.5,446,,,1.5142868757247925,0,6.998063890459287,9.109610557556152,7.365634294898498,447,ppo_kalman_seed47,ppo_kalman,PPO-Kalman,47
77927,soldier_caught,0,1,0,0,12,9,4.5,3,,,1.4908541440963745,0,4.064386188983917,2.5908851623535156,4.338765282112253,4,ppo_kalman_seed47,ppo_kalman,PPO-Kalman,47
77928,intercepted,1,0,0,0,136,10,5.0,126,136.0,68.0,10.08190631866455,0,6.72357175716265,7.822526931762695,7.0680147662618635,127,ppo_kalman_seed47,ppo_kalman,PPO-Kalman,47
77929,intercepted,1,0,0,0,45,9,4.5,36,45.0,22.5,9.017589569091797,0,5.371074773169853,8.294576644897461,5.760359502647762,37,ppo_kalman_seed47,ppo_kalman,PPO-Kalman,47
77930,intercepted,1,0,0,0,123,17,8.5,106,123.0,61.5,10.50078296661377,0,7.656857370773208,7.691655158996582,7.891790665747445,107,ppo_kalman_seed47,ppo_kalman,PPO-Kalman,47
77931,intercepted,1,0,0,0,708,10,5.0,698,708.0,354.0,3.419527530670166,0,7.589939373075024,5.809144020080566,7.7654569615232685,699,ppo_kalman_seed47,ppo_kalman,PPO-Kalman,47
77932,intercepted,1,0,0,0,123,12,6.0,111,123.0,61.5,4.18604040145874,0,5.467842706079994,8.87320613861084,5.982453011873459,112,ppo_kalman_seed47,ppo_kalman,PPO-Kalman,47
77933,soldier_caught,0,1,0,0,82,14,7.0,68,,,1.9573341608047485,0,6.643807865571285,6.391528606414795,6.982954877587079,69,ppo_kalman_seed47,ppo_kalman,PPO-Kalman,47
77934,intercepted,1,0,0,0,57,15,7.5,42,57.0,28.5,6.910281181335449,0,6.365049985952155,8.34660816192627,6.737833989491079,43,ppo_kalman_seed47,ppo_kalman,PPO-Kalman,47
77935,intercepted,1,0,0,0,171,15,7.5,156,171.0,85.5,12.602288246154785,0,7.20451100920416,10.098655700683594,7.416882002586703,157,ppo_kalman_seed47,ppo_kalman,PPO-Kalman,47
77936,intercepted,1,0,0,0,83,16,8.0,67,83.0,41.5,8.963563919067383,0,7.613286550430691,8.19571304321289,7.91627594441486,68,ppo_kalman_seed47,ppo_kalman,PPO-Kalman,47
77937,intercepted,1,0,0,0,438,11,5.5,427,438.0,219.0,2.3484182357788086,0,7.499012602545391,7.422954559326172,7.695061371250674,428,ppo_kalman_seed47,ppo_kalman,PPO-Kalman,47
77938,intercepted,1,0,0,0,229,11,5.5,218,229.0,114.5,10.57911205291748,0,7.207269529093346,8.479954719543457,7.4579446442509605,219,ppo_kalman_seed47,ppo_kalman,PPO-Kalman,47
77939,intercepted,1,0,0,0,291,10,5.0,281,291.0,145.5,8.487898826599121,0,7.589841102877407,5.324755668640137,7.732047520311702,282,ppo_kalman_seed47,ppo_kalman,PPO-Kalman,47
77940,intercepted,1,0,0,0,135,9,4.5,126,135.0,67.5,3.233206272125244,0,7.618806517968967,7.268523693084717,7.834474850646103,127,ppo_kalman_seed47,ppo_kalman,PPO-Kalman,47
77941,intercepted,1,0,0,0,107,17,8.5,90,107.0,53.5,3.614055871963501,0,6.467409567518549,8.460479736328125,6.892323303424313,91,ppo_kalman_seed47,ppo_kalman,PPO-Kalman,47
77942,intercepted,1,0,0,0,23,17,8.5,6,23.0,11.5,9.462390899658203,0,3.3007660252707347,3.182128667831421,3.353246937139876,7,ppo_kalman_seed47,ppo_kalman,PPO-Kalman,47
77943,intercepted,1,0,0,0,147,9,4.5,138,147.0,73.5,2.733614444732666,0,6.395284767631146,7.854608535766602,6.656343571922652,139,ppo_kalman_seed47,ppo_kalman,PPO-Kalman,47
77944,intercepted,1,0,0,0,166,133,66.5,33,166.0,83.0,4.235661506652832,0,5.301159371347988,4.017897129058838,5.857286786880101,34,ppo_kalman_seed47,ppo_kalman,PPO-Kalman,47
77945,intercepted,1,0,0,0,18,15,7.5,3,18.0,9.0,4.882530689239502,0,3.033402383327484,4.365419387817383,3.3422020367780267,4,ppo_kalman_seed47,ppo_kalman,PPO-Kalman,47
77946,intercepted,1,0,0,0,340,12,6.0,328,340.0,170.0,3.3176753520965576,0,7.312075170702485,2.338411808013916,7.558756187319142,329,ppo_kalman_seed47,ppo_kalman,PPO-Kalman,47
77947,intercepted,1,0,0,0,375,8,4.0,367,375.0,187.5,4.350905418395996,0,7.660412275272867,6.655762672424316,7.85021148583463,368,ppo_kalman_seed47,ppo_kalman,PPO-Kalman,47
77948,soldier_caught,0,1,0,0,606,8,4.0,598,,,1.513121247291565,0,7.50947590353891,8.408945083618164,7.688607818595952,599,ppo_kalman_seed47,ppo_kalman,PPO-Kalman,47
77949,intercepted,1,0,0,0,35,9,4.5,26,35.0,17.5,8.954388618469238,0,6.217692653338115,8.61570930480957,6.712728983816731,27,ppo_kalman_seed47,ppo_kalman,PPO-Kalman,47
77950,intercepted,1,0,0,0,12,8,4.0,4,12.0,6.0,5.631455421447754,0,3.42721004486084,0.6043720245361328,3.752307838638775,5,ppo_kalman_seed47,ppo_kalman,PPO-Kalman,47
77951,intercepted,1,0,0,0,129,12,6.0,117,129.0,64.5,10.6360445022583,0,6.802867125656645,5.682312488555908,6.928646020053743,118,ppo_kalman_seed47,ppo_kalman,PPO-Kalman,47
77952,intercepted,1,0,0,0,62,13,6.5,49,62.0,31.0,3.3824570178985596,0,5.839292297363281,1.0284744501113892,6.305577744557953,50,ppo_kalman_seed47,ppo_kalman,PPO-Kalman,47
77953,intercepted,1,0,0,0,152,91,45.5,61,152.0,76.0,3.798043727874756,0,6.442604337969134,6.676625728607178,6.769291022840937,62,ppo_kalman_seed47,ppo_kalman,PPO-Kalman,47
77954,intercepted,1,0,0,0,66,17,8.5,49,66.0,33.0,3.8738858699798584,0,6.08664455294609,7.767919540405273,6.579264225716056,50,ppo_kalman_seed47,ppo_kalman,PPO-Kalman,47
77955,intercepted,1,0,0,0,45,10,5.0,35,45.0,22.5,6.211856365203857,0,4.313075413306554,6.391906261444092,4.7805760219422115,36,ppo_kalman_seed47,ppo_kalman,PPO-Kalman,47
77956,intercepted,1,0,0,0,13,10,5.0,3,13.0,6.5,4.0562214851379395,0,1.6898279190063477,2.559370517730713,1.8451698111497883,4,ppo_kalman_seed47,ppo_kalman,PPO-Kalman,47
77957,intercepted,1,0,0,0,148,55,27.5,93,148.0,74.0,7.613423824310303,0,7.008089827096208,5.5008320808410645,7.238801007337957,94,ppo_kalman_seed47,ppo_kalman,PPO-Kalman,47
77958,intercepted,1,0,0,0,240,9,4.5,231,240.0,120.0,3.531201124191284,0,6.727458631684041,6.789262771606445,6.981280956631147,232,ppo_kalman_seed47,ppo_kalman,PPO-Kalman,47
77959,intercepted,1,0,0,0,651,13,6.5,638,651.0,325.5,4.13654899597168,0,7.081077751326076,8.807700157165527,7.302524983077942,639,ppo_kalman_seed47,ppo_kalman,PPO-Kalman,47
77960,soldier_caught,0,1,0,0,15,13,6.5,2,,,1.7386568784713745,0,3.5714687506357827,3.318380117416382,3.663465599400422,3,ppo_kalman_seed47,ppo_kalman,PPO-Kalman,47
77961,intercepted,1,0,0,0,223,19,9.5,204,223.0,111.5,3.803874969482422,0,7.388791368647319,7.2635273933410645,7.594318479860613,205,ppo_kalman_seed47,ppo_kalman,PPO-Kalman,47
77962,intercepted,1,0,0,0,916,8,4.0,908,916.0,458.0,5.7522101402282715,0,7.459996463769865,6.161423206329346,7.641914811764077,909,ppo_kalman_seed47,ppo_kalman,PPO-Kalman,47
77963,intercepted,1,0,0,0,25,16,8.0,9,25.0,12.5,2.9421093463897705,0,3.265207314491272,6.880540370941162,3.5924057623934407,10,ppo_kalman_seed47,ppo_kalman,PPO-Kalman,47
77964,intercepted,1,0,0,0,80,11,5.5,69,80.0,40.0,2.368967056274414,0,6.965267506667546,7.171478271484375,7.213029410877428,70,ppo_kalman_seed47,ppo_kalman,PPO-Kalman,47
77965,intercepted,1,0,0,0,776,13,6.5,763,776.0,388.0,2.077047348022461,0,7.351904903250839,3.439328193664551,7.547655359788996,764,ppo_kalman_seed47,ppo_kalman,PPO-Kalman,47
77966,intercepted,1,0,0,0,39,16,8.0,23,39.0,19.5,13.1795654296875,0,5.300168298184872,9.024563789367676,6.025190788946511,24,ppo_kalman_seed47,ppo_kalman,PPO-Kalman,47
77967,intercepted,1,0,0,0,56,14,7.0,42,56.0,28.0,7.540844917297363,0,7.080825999725697,7.009541034698486,7.37603256967871,43,ppo_kalman_seed47,ppo_kalman,PPO-Kalman,47
77968,soldier_caught,0,1,0,0,193,12,6.0,181,,,1.9711852073669434,0,6.618674231427057,6.1015801429748535,6.962674182386606,182,ppo_kalman_seed47,ppo_kalman,PPO-Kalman,47
77969,intercepted,1,0,0,0,30,11,5.5,19,30.0,15.0,7.010026454925537,0,6.242742747068405,9.030488014221191,6.697188470014232,20,ppo_kalman_seed47,ppo_kalman,PPO-Kalman,47
77970,intercepted,1,0,0,0,19,13,6.5,6,19.0,9.5,9.730016708374023,0,3.607884100505284,4.272281646728516,3.7304303597162627,7,ppo_kalman_seed47,ppo_kalman,PPO-Kalman,47
77971,intercepted,1,0,0,0,121,11,5.5,110,121.0,60.5,2.5190956592559814,0,6.406444538820971,8.416801452636719,6.773420782472817,111,ppo_kalman_seed47,ppo_kalman,PPO-Kalman,47
77972,intercepted,1,0,0,0,734,10,5.0,724,734.0,367.0,3.182908296585083,0,7.698803963332341,7.11269474029541,7.837489394257575,725,ppo_kalman_seed47,ppo_kalman,PPO-Kalman,47
77973,intercepted,1,0,0,0,101,7,3.5,94,101.0,50.5,7.894003868103027,0,7.0333783137170895,9.909674644470215,7.339569831295248,95,ppo_kalman_seed47,ppo_kalman,PPO-Kalman,47
77974,soldier_caught,0,1,0,0,10,7,3.5,3,,,1.5782634019851685,0,3.2183560132980347,4.06025505065918,3.368990497619681,4,ppo_kalman_seed47,ppo_kalman,PPO-Kalman,47
77975,intercepted,1,0,0,0,184,8,4.0,176,184.0,92.0,2.1574020385742188,0,6.933295629455545,7.916887283325195,7.259031465827478,177,ppo_kalman_seed47,ppo_kalman,PPO-Kalman,47
77976,intercepted,1,0,0,0,350,12,6.0,338,350.0,175.0,3.568606376647949,0,6.7946987614519125,4.439474582672119,7.16436754167611,339,ppo_kalman_seed47,ppo_kalman,PPO-Kalman,47
77977,intercepted,1,0,0,0,152,11,5.5,141,152.0,76.0,6.7948527336120605,0,6.3848705115452615,7.787160396575928,6.8639317947058425,142,ppo_kalman_seed47,ppo_kalman,PPO-Kalman,47
77978,intercepted,1,0,0,0,100,11,5.5,89,100.0,50.0,8.472190856933594,0,6.613227720393075,8.150003433227539,6.970085218072765,90,ppo_kalman_seed47,ppo_kalman,PPO-Kalman,47
77979,soldier_caught,0,1,0,0,129,16,8.0,113,,,0.7470101714134216,0,7.286541369400527,9.423521995544434,7.666389799567537,114,ppo_kalman_seed47,ppo_kalman,PPO-Kalman,47
77980,intercepted,1,0,0,0,172,14,7.0,158,172.0,86.0,4.318709373474121,0,7.104191020599701,9.565717697143555,7.371514515996174,159,ppo_kalman_seed47,ppo_kalman,PPO-Kalman,47
77981,soldier_caught,0,1,0,0,102,10,5.0,92,,,1.9719475507736206,0,6.885485212008159,7.459322452545166,7.137035221001702,93,ppo_kalman_seed47,ppo_kalman,PPO-Kalman,47
77982,intercepted,1,0,0,0,381,13,6.5,368,381.0,190.5,3.22432541847229,0,7.052635887127905,7.429286956787109,7.344247029990293,369,ppo_kalman_seed47,ppo_kalman,PPO-Kalman,47
77983,unsafe_intercept,0,0,1,0,11,9,4.5,2,,,2.8817100524902344,0,2.7382468382517495,4.346066951751709,3.0082993294878944,3,ppo_kalman_seed47,ppo_kalman,PPO-Kalman,47
77984,intercepted,1,0,0,0,24,16,8.0,8,24.0,12.0,14.106598854064941,0,3.703278766738044,5.1723504066467285,3.8595597725402184,9,ppo_kalman_seed47,ppo_kalman,PPO-Kalman,47
77985,intercepted,1,0,0,0,924,8,4.0,916,924.0,462.0,2.356708526611328,0,7.472463067966303,9.393341064453125,7.717374519547044,917,ppo_kalman_seed47,ppo_kalman,PPO-Kalman,47
77986,intercepted,1,0,0,0,154,47,23.5,107,154.0,77.0,4.3029584884643555,0,7.285985004018854,6.208202362060547,7.58074748160798,108,ppo_kalman_seed47,ppo_kalman,PPO-Kalman,47
77987,intercepted,1,0,0,0,129,8,4.0,121,129.0,64.5,3.5135884284973145,0,6.657284317935099,5.831972599029541,7.025422508326405,122,ppo_kalman_seed47,ppo_kalman,PPO-Kalman,47
77988,intercepted,1,0,0,0,453,11,5.5,442,453.0,226.5,2.11189866065979,0,7.2751649517238,9.890406608581543,7.513947002181819,443,ppo_kalman_seed47,ppo_kalman,PPO-Kalman,47
77989,soldier_caught,0,1,0,0,36,10,5.0,26,,,0.6942251920700073,0,5.559573292732239,8.159730911254883,5.832699317318898,27,ppo_kalman_seed47,ppo_kalman,PPO-Kalman,47
77990,intercepted,1,0,0,0,40,9,4.5,31,40.0,20.0,3.396284341812134,0,5.3975730910897255,5.939975738525391,5.7089915348795595,32,ppo_kalman_seed47,ppo_kalman,PPO-Kalman,47
77991,intercepted,1,0,0,0,307,29,14.5,278,307.0,153.5,2.5305027961730957,0,7.334133074488691,9.367491722106934,7.614785420504808,279,ppo_kalman_seed47,ppo_kalman,PPO-Kalman,47
77992,intercepted,1,0,0,0,58,51,25.5,7,58.0,29.0,10.330570220947266,0,2.8770271986722946,5.15677547454834,3.144692546784221,8,ppo_kalman_seed47,ppo_kalman,PPO-Kalman,47
77993,intercepted,1,0,0,0,169,12,6.0,157,169.0,84.5,4.015235900878906,0,7.186106127840054,7.49190616607666,7.466759138996824,158,ppo_kalman_seed47,ppo_kalman,PPO-Kalman,47
77994,intercepted,1,0,0,0,649,18,9.0,631,649.0,324.5,2.409548282623291,0,7.447056573968899,8.063057899475098,7.661057893699708,632,ppo_kalman_seed47,ppo_kalman,PPO-Kalman,47
77995,intercepted,1,0,0,0,578,10,5.0,568,578.0,289.0,3.3049492835998535,0,7.254706715343287,7.089046955108643,7.5234838892433675,569,ppo_kalman_seed47,ppo_kalman,PPO-Kalman,47
77996,soldier_caught,0,1,0,0,368,47,23.5,321,,,1.9277570247650146,0,7.479134300295611,6.805398464202881,7.65032681794816,322,ppo_kalman_seed47,ppo_kalman,PPO-Kalman,47
77997,intercepted,1,0,0,0,131,16,8.0,115,131.0,65.5,12.051403045654297,0,7.3247587166983505,8.455500602722168,7.575704555570384,116,ppo_kalman_seed47,ppo_kalman,PPO-Kalman,47
77998,intercepted,1,0,0,0,479,9,4.5,470,479.0,239.5,2.1462743282318115,0,7.483685554719022,8.259965896606445,7.720845004031724,471,ppo_kalman_seed47,ppo_kalman,PPO-Kalman,47
77999,intercepted,1,0,0,0,228,13,6.5,215,228.0,114.0,9.452131271362305,0,7.67807924857846,8.329610824584961,7.843457664352747,216,ppo_kalman_seed47,ppo_kalman,PPO-Kalman,47
