environment_seed,outcome,success,soldier_caught,unsafe_intercept,timeout,total_steps,detection_step,detection_time_seconds,post_detection_steps,intercept_step,intercept_time_seconds,min_enemy_soldier_dist,physical_limit_violations,mean_tracking_error,final_tracking_error,tracking_rmse,n_tracking_samples,instance_id,instance_name,family,training_seed
77000,intercepted,1,0,0,0,127,15,7.5,112,127.0,63.5,3.0106394290924072,0,1.1180466967346394,0.7080640196800232,1.21649648418965,113,greedy,greedy,Greedy,
77001,intercepted,1,0,0,0,25,23,11.5,2,25.0,12.5,4.8678812980651855,0,1.171428124109904,1.6648527383804321,1.233222311274038,3,greedy,greedy,Greedy,
77002,intercepted,1,0,0,0,141,17,8.5,124,141.0,70.5,2.007298707962036,0,1.0843903048038483,0.5357409715652466,1.1807723388717057,125,greedy,greedy,Greedy,
77003,intercepted,1,0,0,0,63,15,7.5,48,63.0,31.5,3.8722448348999023,0,1.193279327178488,1.195953369140625,1.2838443507300419,49,greedy,greedy,Greedy,
77004,intercepted,1,0,0,0,17,15,7.5,2,17.0,8.5,7.235613822937012,0,0.7806859016418457,0.6984719634056091,0.7884766847054978,3,greedy,greedy,Greedy,
77005,soldier_caught,0,1,0,0,71,18,9.0,53,,,1.1858322620391846,0,1.132824441349065,1.1505964994430542,1.2781524229972634,54,greedy,greedy,Greedy,
77006,intercepted,1,0,0,0,25,23,11.5,2,25.0,12.5,7.491713047027588,0,1.722633163134257,1.313657283782959,1.7475840930858009,3,greedy,greedy,Greedy,
77007,intercepted,1,0,0,0,19,17,8.5,2,19.0,9.5,5.462061405181885,0,1.0349521537621815,0.48733803629875183,1.105032573826875,3,greedy,greedy,Greedy,
77008,intercepted,1,0,0,0,13,11,5.5,2,13.0,6.5,6.619446754455566,0,0.9563594659169515,1.2012308835983276,0.9801889580515429,3,greedy,greedy,Greedy,
77009,soldier_caught,0,1,0,0,169,27,13.5,142,,,1.4236125946044922,0,1.1289606817535587,1.6910468339920044,1.230565812936553,143,greedy,greedy,Greedy,
77010,intercepted,1,0,0,0,177,18,9.0,159,177.0,88.5,2.403668165206909,0,1.1523689214140176,1.2031402587890625,1.2366096995954754,160,greedy,greedy,Greedy,
77011,soldier_caught,0,1,0,0,83,20,10.0,63,,,1.6499401330947876,0,1.0229175899876282,0.6985342502593994,1.1163388187608567,64,greedy,greedy,Greedy,
77012,intercepted,1,0,0,0,20,18,9.0,2,20.0,10.0,6.496737003326416,0,0.9890944163004557,1.215389609336853,1.0066432533186123,3,greedy,greedy,Greedy,
77013,intercepted,1,0,0,0,174,18,9.0,156,174.0,87.0,2.248990297317505,0,1.0647541778102803,0.9755023717880249,1.1603649294441447,157,greedy,greedy,Greedy,
77014,intercepted,1,0,0,0,109,14,7.0,95,109.0,54.5,3.4061076641082764,0,1.0449690086146195,1.3543930053710938,1.117209525247147,96,greedy,greedy,Greedy,
77015,soldier_caught,0,1,0,0,15,12,6.0,3,,,1.621589183807373,0,1.0929387658834457,0.8213210105895996,1.1238725461341246,4,greedy,greedy,Greedy,
77016,soldier_caught,0,1,0,0,33,13,6.5,20,,,0.8697490692138672,0,1.2323579149586814,1.90452241897583,1.3773179317337993,21,greedy,greedy,Greedy,
77017,intercepted,1,0,0,0,353,21,10.5,332,353.0,176.5,2.1236910820007324,0,1.17347349119079,0.7838375568389893,1.255351398804179,333,greedy,greedy,Greedy,
77018,soldier_caught,0,1,0,0,25,19,9.5,6,,,0.6448822617530823,0,1.3723974909101213,1.0525976419448853,1.411033723072282,7,greedy,greedy,Greedy,
77019,soldier_caught,0,1,0,0,18,14,7.0,4,,,1.947044849395752,0,1.2687536954879761,2.2408392429351807,1.3681359361956218,5,greedy,greedy,Greedy,
77020,soldier_caught,0,1,0,0,184,16,8.0,168,,,1.5346481800079346,0,1.1367027372915364,0.4824940264225006,1.226956821386047,169,greedy,greedy,Greedy,
77021,soldier_caught,0,1,0,0,76,19,9.5,57,,,1.182627558708191,0,1.2298103555523117,1.6564257144927979,1.3323401730684743,58,greedy,greedy,Greedy,
77022,soldier_caught,0,1,0,0,119,24,12.0,95,,,1.8972527980804443,0,1.1490482399240136,0.9076334238052368,1.265871093300986,96,greedy,greedy,Greedy,
77023,intercepted,1,0,0,0,317,19,9.5,298,317.0,158.5,2.306534767150879,0,1.1017495719684804,1.6412485837936401,1.1996787791410086,299,greedy,greedy,Greedy,
77024,soldier_caught,0,1,0,0,78,26,13.0,52,,,1.863183856010437,0,1.1781452205383554,1.6530983448028564,1.2741293341080728,53,greedy,greedy,Greedy,
77025,soldier_caught,0,1,0,0,52,29,14.5,23,,,0.8699759840965271,0,1.3463224843144417,1.2612920999526978,1.4325795567111577,24,greedy,greedy,Greedy,
77026,intercepted,1,0,0,0,149,15,7.5,134,149.0,74.5,3.089465379714966,0,1.198547136562842,0.5314725041389465,1.3070030236511871,135,greedy,greedy,Greedy,
77027,intercepted,1,0,0,0,159,28,14.0,131,159.0,79.5,3.8936376571655273,0,1.1263161320803743,1.1696244478225708,1.2191610068669851,132,greedy,greedy,Greedy,
77028,soldier_caught,0,1,0,0,60,14,7.0,46,,,1.2576524019241333,0,1.2643219999810482,1.2274553775787354,1.3126824150709127,47,greedy,greedy,Greedy,
77029,soldier_caught,0,1,0,0,74,20,10.0,54,,,1.4931538105010986,0,1.1438886068084024,1.7142060995101929,1.2339018590586104,55,greedy,greedy,Greedy,
77030,soldier_caught,0,1,0,0,48,13,6.5,35,,,0.9325329661369324,0,1.199509095814493,0.5055704116821289,1.2783373942436673,36,greedy,greedy,Greedy,
77031,intercepted,1,0,0,0,63,16,8.0,47,63.0,31.5,5.318981647491455,0,1.1524346799900134,0.9517689943313599,1.2647345100111893,48,greedy,greedy,Greedy,
77032,intercepted,1,0,0,0,21,19,9.5,2,21.0,10.5,4.734748363494873,0,1.1494315663973491,1.5215396881103516,1.2264337592089216,3,greedy,greedy,Greedy,
77033,intercepted,1,0,0,0,20,18,9.0,2,20.0,10.0,9.412948608398438,0,1.4369584719340007,0.7975900769233704,1.7194309461477055,3,greedy,greedy,Greedy,
77034,intercepted,1,0,0,0,125,13,6.5,112,125.0,62.5,3.763275146484375,0,1.0926238574021685,1.8931753635406494,1.1988966950794282,113,greedy,greedy,Greedy,
77035,soldier_caught,0,1,0,0,100,19,9.5,81,,,1.9810032844543457,0,1.1071927185829094,1.262790322303772,1.2192969542091578,82,greedy,greedy,Greedy,
77036,soldier_caught,0,1,0,0,98,17,8.5,81,,,1.2778586149215698,0,1.1272435969695813,0.38145893812179565,1.199692882778793,82,greedy,greedy,Greedy,
77037,soldier_caught,0,1,0,0,78,18,9.0,60,,,1.9232906103134155,0,1.147495994802381,1.0959430932998657,1.2234003425282427,61,greedy,greedy,Greedy,
77038,soldier_caught,0,1,0,0,150,16,8.0,134,,,1.6128414869308472,0,1.1206491031028607,2.09883189201355,1.2136447602603166,135,greedy,greedy,Greedy,
77039,soldier_caught,0,1,0,0,26,22,11.0,4,,,0.7442401647567749,0,1.4148488640785217,0.8807910084724426,1.4792090960627076,5,greedy,greedy,Greedy,
77040,intercepted,1,0,0,0,108,16,8.0,92,108.0,54.0,2.5443508625030518,0,1.1035416619752043,0.7521339654922485,1.1758863768074634,93,greedy,greedy,Greedy,
77041,soldier_caught,0,1,0,0,43,23,11.5,20,,,1.5158895254135132,0,1.037195766255969,1.838781714439392,1.155006760090275,21,greedy,greedy,Greedy,
77042,intercepted,1,0,0,0,14,12,6.0,2,14.0,7.0,5.719781398773193,0,1.2983131408691406,1.9264742136001587,1.3746199430368433,3,greedy,greedy,Greedy,
77043,intercepted,1,0,0,0,48,23,11.5,25,48.0,24.0,3.6386682987213135,0,1.1965163871645927,0.719379723072052,1.2911433603055635,26,greedy,greedy,Greedy,
77044,soldier_caught,0,1,0,0,238,22,11.0,216,,,1.7697235345840454,0,1.1540119230472548,0.5280662178993225,1.2503732800049123,217,greedy,greedy,Greedy,
77045,intercepted,1,0,0,0,21,19,9.5,2,21.0,10.5,5.380349159240723,0,1.179284503062566,0.47758832573890686,1.2813015227241968,3,greedy,greedy,Greedy,
77046,soldier_caught,0,1,0,0,76,20,10.0,56,,,1.4356145858764648,0,1.1843838124421604,1.2157726287841797,1.2786882488913773,57,greedy,greedy,Greedy,
77047,intercepted,1,0,0,0,103,13,6.5,90,103.0,51.5,3.578122615814209,0,1.0744137637890303,0.8318777084350586,1.1745876431379187,91,greedy,greedy,Greedy,
77048,soldier_caught,0,1,0,0,63,27,13.5,36,,,1.3810343742370605,0,1.1856837200151908,1.0970789194107056,1.2899207732094162,37,greedy,greedy,Greedy,
77049,intercepted,1,0,0,0,23,21,10.5,2,23.0,11.5,7.784238338470459,0,1.6974947055180867,1.6274144649505615,1.7950405231096076,3,greedy,greedy,Greedy,
77050,intercepted,1,0,0,0,15,13,6.5,2,15.0,7.5,7.310850143432617,0,1.1870951056480408,1.4962029457092285,1.2434966494933044,3,greedy,greedy,Greedy,
77051,soldier_caught,0,1,0,0,80,22,11.0,58,,,0.8254333734512329,0,1.084680638575958,1.916553020477295,1.1610795362942465,59,greedy,greedy,Greedy,
77052,intercepted,1,0,0,0,112,21,10.5,91,112.0,56.0,3.713526964187622,0,1.1816624315536541,1.1629753112792969,1.2764500740669729,92,greedy,greedy,Greedy,
77053,intercepted,1,0,0,0,18,16,8.0,2,18.0,9.0,7.195418357849121,0,1.4116122722625732,1.251924991607666,1.4253721268936765,3,greedy,greedy,Greedy,
77054,intercepted,1,0,0,0,339,15,7.5,324,339.0,169.5,2.229185104370117,0,1.1460438983257,0.7927858233451843,1.2454652367618935,325,greedy,greedy,Greedy,
77055,intercepted,1,0,0,0,109,16,8.0,93,109.0,54.5,6.47237491607666,0,1.1243611602707113,0.6386788487434387,1.211731890055197,94,greedy,greedy,Greedy,
77056,intercepted,1,0,0,0,264,18,9.0,246,264.0,132.0,2.5162250995635986,0,1.12696083390761,1.9559770822525024,1.2187982674425581,247,greedy,greedy,Greedy,
77057,soldier_caught,0,1,0,0,488,16,8.0,472,,,1.9969264268875122,0,1.0984901464199668,1.7164970636367798,1.202333225336484,473,greedy,greedy,Greedy,
77058,soldier_caught,0,1,0,0,64,15,7.5,49,,,1.447006344795227,0,1.1091092729568481,1.4880876541137695,1.1715237678357648,50,greedy,greedy,Greedy,
77059,soldier_caught,0,1,0,0,40,16,8.0,24,,,0.6927410364151001,0,1.0466068804264068,1.1554718017578125,1.154053271555733,25,greedy,greedy,Greedy,
77060,soldier_caught,0,1,0,0,193,21,10.5,172,,,1.955911636352539,0,1.0398772922209922,0.9320725798606873,1.1278807143628713,173,greedy,greedy,Greedy,
77061,intercepted,1,0,0,0,13,11,5.5,2,13.0,6.5,4.744757175445557,0,0.97407066822052,1.0080137252807617,0.9877062842828398,3,greedy,greedy,Greedy,
77062,intercepted,1,0,0,0,195,21,10.5,174,195.0,97.5,3.4810750484466553,0,1.1365476789644786,1.5006195306777954,1.2372450728690318,175,greedy,greedy,Greedy,
77063,soldier_caught,0,1,0,0,171,12,6.0,159,,,0.9283342361450195,0,1.0823647525627167,0.5381531715393066,1.1744319467444853,160,greedy,greedy,Greedy,
77064,intercepted,1,0,0,0,16,14,7.0,2,16.0,8.0,7.116299629211426,0,1.5947336753209431,1.0030395984649658,1.6489539192080398,3,greedy,greedy,Greedy,
77065,soldier_caught,0,1,0,0,41,17,8.5,24,,,1.0339076519012451,0,1.421507362127304,1.2695846557617188,1.513921246822026,25,greedy,greedy,Greedy,
77066,intercepted,1,0,0,0,240,15,7.5,225,240.0,120.0,3.097754716873169,0,1.0831770741306574,2.0085608959198,1.1791579205293188,226,greedy,greedy,Greedy,
77067,soldier_caught,0,1,0,0,117,21,10.5,96,,,1.9609540700912476,0,1.1858362570865868,1.5878338813781738,1.2993815649505334,97,greedy,greedy,Greedy,
77068,soldier_caught,0,1,0,0,85,14,7.0,71,,,1.465602159500122,0,1.1269897791660495,0.8819672465324402,1.215033617386188,72,greedy,greedy,Greedy,
77069,soldier_caught,0,1,0,0,184,16,8.0,168,,,0.624800443649292,0,1.1965669380313546,0.5161753296852112,1.2797867913050507,169,greedy,greedy,Greedy,
77070,intercepted,1,0,0,0,16,14,7.0,2,16.0,8.0,7.091348648071289,0,1.3957688013712566,1.3461627960205078,1.425389921091749,3,greedy,greedy,Greedy,
77071,intercepted,1,0,0,0,19,17,8.5,2,19.0,9.5,8.302875518798828,0,0.7441940307617188,1.4502925872802734,0.9087691098521079,3,greedy,greedy,Greedy,
77072,intercepted,1,0,0,0,24,22,11.0,2,24.0,12.0,7.253124237060547,0,1.1556100249290466,0.7758358120918274,1.2587242011410245,3,greedy,greedy,Greedy,
77073,soldier_caught,0,1,0,0,117,14,7.0,103,,,0.41550910472869873,0,1.0928026533757265,1.168756365776062,1.1870971304065152,104,greedy,greedy,Greedy,
77074,intercepted,1,0,0,0,17,15,7.5,2,17.0,8.5,5.811684608459473,0,1.1342616180578868,0.4961813986301422,1.2331760428876577,3,greedy,greedy,Greedy,
77075,intercepted,1,0,0,0,143,16,8.0,127,143.0,71.5,4.926669120788574,0,1.1563887896481901,0.3862943947315216,1.2476910645928152,128,greedy,greedy,Greedy,
77076,soldier_caught,0,1,0,0,48,12,6.0,36,,,0.3089025318622589,0,1.2278989493041426,1.8059481382369995,1.3378043574780367,37,greedy,greedy,Greedy,
77077,soldier_caught,0,1,0,0,80,19,9.5,61,,,1.2554596662521362,0,1.1022782698273659,0.9569792747497559,1.2068126891371724,62,greedy,greedy,Greedy,
77078,soldier_caught,0,1,0,0,157,18,9.0,139,,,1.4963454008102417,0,1.109033277630806,1.60039222240448,1.2321795690838837,140,greedy,greedy,Greedy,
77079,intercepted,1,0,0,0,26,24,12.0,2,26.0,13.0,6.351699352264404,0,1.3416028022766113,1.005421757698059,1.4437648574712896,3,greedy,greedy,Greedy,
77080,soldier_caught,0,1,0,0,34,11,5.5,23,,,1.5351728200912476,0,1.197945298627019,1.289149522781372,1.3002438952676727,24,greedy,greedy,Greedy,
77081,intercepted,1,0,0,0,23,21,10.5,2,23.0,11.5,7.627228260040283,0,1.2215011517206829,0.8966397047042847,1.244533683617697,3,greedy,greedy,Greedy,
77082,unsafe_intercept,0,0,1,0,57,12,6.0,45,,,2.1098384857177734,0,1.1463952420846275,0.6001811027526855,1.2274893422397535,46,greedy,greedy,Greedy,
77083,soldier_caught,0,1,0,0,19,15,7.5,4,,,0.7297250032424927,0,1.148804259300232,1.1601487398147583,1.188549734511322,5,greedy,greedy,Greedy,
77084,intercepted,1,0,0,0,259,17,8.5,242,259.0,129.5,2.9438719749450684,0,1.1211117588198234,1.7796826362609863,1.2350062354569422,243,greedy,greedy,Greedy,
77085,intercepted,1,0,0,0,14,12,6.0,2,14.0,7.0,6.646844863891602,0,0.9669742782910665,0.6834002733230591,1.034731660212799,3,greedy,greedy,Greedy,
77086,soldier_caught,0,1,0,0,74,13,6.5,61,,,1.6630992889404297,0,1.1488176680380298,1.2216728925704956,1.2334452246168317,62,greedy,greedy,Greedy,
77087,intercepted,1,0,0,0,109,13,6.5,96,109.0,54.5,2.2404754161834717,0,1.1230531267284118,1.0392094850540161,1.2124640760501413,97,greedy,greedy,Greedy,
77088,soldier_caught,0,1,0,0,318,13,6.5,305,,,0.8276809453964233,0,1.1084362073661456,1.1665946245193481,1.2030837475399236,306,greedy,greedy,Greedy,
77089,intercepted,1,0,0,0,22,20,10.0,2,22.0,11.0,7.55496072769165,0,0.9826409022013346,0.6701146960258484,1.091675523342456,3,greedy,greedy,Greedy,
77090,intercepted,1,0,0,0,62,15,7.5,47,62.0,31.0,3.6730642318725586,0,1.0546883720283706,1.0433775186538696,1.1460153938613034,48,greedy,greedy,Greedy,
77091,intercepted,1,0,0,0,14,12,6.0,2,14.0,7.0,7.1807637214660645,0,0.49110523362954456,0.1303902119398117,0.5648125382611883,3,greedy,greedy,Greedy,
77092,soldier_caught,0,1,0,0,48,11,5.5,37,,,1.678763508796692,0,1.0836856239720394,1.0304131507873535,1.1349195012306101,38,greedy,greedy,Greedy,
77093,intercepted,1,0,0,0,32,30,15.0,2,32.0,16.0,4.985254287719727,0,1.1264891624450684,1.1991368532180786,1.1297368398621437,3,greedy,greedy,Greedy,
77094,intercepted,1,0,0,0,42,18,9.0,24,42.0,21.0,6.450287342071533,0,0.9992524975538254,1.5978829860687256,1.078862928445875,25,greedy,greedy,Greedy,
77095,unsafe_intercept,0,0,1,0,16,14,7.0,2,,,3.472477674484253,0,1.3127346436182659,1.6280083656311035,1.409665260017318,3,greedy,greedy,Greedy,
77096,intercepted,1,0,0,0,64,18,9.0,46,64.0,32.0,6.734823226928711,0,1.1166062634041969,1.4793670177459717,1.2005458376296236,47,greedy,greedy,Greedy,
77097,soldier_caught,0,1,0,0,21,16,8.0,5,,,1.9315510988235474,0,1.086943397919337,1.2320083379745483,1.109568563914548,6,greedy,greedy,Greedy,
77098,intercepted,1,0,0,0,65,17,8.5,48,65.0,32.5,5.349113941192627,0,1.0836753991185402,1.360189437866211,1.1769750681562148,49,greedy,greedy,Greedy,
77099,soldier_caught,0,1,0,0,112,11,5.5,101,,,0.3758707642555237,0,1.1911897869671093,1.5257500410079956,1.2806507846503183,102,greedy,greedy,Greedy,
77100,soldier_caught,0,1,0,0,43,24,12.0,19,,,1.9534207582473755,0,1.2706762939691543,1.3576257228851318,1.3319683830921016,20,greedy,greedy,Greedy,
77101,intercepted,1,0,0,0,89,19,9.5,70,89.0,44.5,2.6991653442382812,0,1.1949024846856022,0.9384016990661621,1.285317519598077,71,greedy,greedy,Greedy,
77102,soldier_caught,0,1,0,0,128,17,8.5,111,,,1.7872121334075928,0,1.1583484099911792,1.8056960105895996,1.2383627051634052,112,greedy,greedy,Greedy,
77103,soldier_caught,0,1,0,0,161,14,7.0,147,,,1.3930996656417847,0,1.0445802619529736,1.8761658668518066,1.1348694425980543,148,greedy,greedy,Greedy,
77104,intercepted,1,0,0,0,20,18,9.0,2,20.0,10.0,6.468623161315918,0,1.4858197768529255,1.8942667245864868,1.5922938027503535,3,greedy,greedy,Greedy,
77105,intercepted,1,0,0,0,127,20,10.0,107,127.0,63.5,3.768181085586548,0,1.198651128069118,0.7314640283584595,1.2883587304230768,108,greedy,greedy,Greedy,
77106,soldier_caught,0,1,0,0,74,22,11.0,52,,,1.9491924047470093,0,1.133277399360009,1.0142626762390137,1.1936516715763321,53,greedy,greedy,Greedy,
77107,intercepted,1,0,0,0,105,15,7.5,90,105.0,52.5,3.4435763359069824,0,1.110139703111989,1.2599447965621948,1.2134106659156851,91,greedy,greedy,Greedy,
77108,soldier_caught,0,1,0,0,40,14,7.0,26,,,1.7001264095306396,0,0.8914129012436779,1.8415520191192627,1.0227310832344898,27,greedy,greedy,Greedy,
77109,intercepted,1,0,0,0,15,13,6.5,2,15.0,7.5,7.411787986755371,0,1.3571308453877766,1.6397771835327148,1.3833404900680162,3,greedy,greedy,Greedy,
77110,intercepted,1,0,0,0,20,18,9.0,2,20.0,10.0,7.414529323577881,0,1.158793528874715,1.0615239143371582,1.193561637976908,3,greedy,greedy,Greedy,
77111,intercepted,1,0,0,0,103,13,6.5,90,103.0,51.5,2.299893617630005,0,1.1942834287554354,1.3306704759597778,1.2952252508715114,91,greedy,greedy,Greedy,
77112,intercepted,1,0,0,0,94,20,10.0,74,94.0,47.0,2.452824354171753,0,1.0591465204954147,1.814229130744934,1.1670795482279976,75,greedy,greedy,Greedy,
77113,intercepted,1,0,0,0,25,23,11.5,2,25.0,12.5,6.846867084503174,0,0.4851384262243907,0.2912995219230652,0.5096944118070545,3,greedy,greedy,Greedy,
77114,intercepted,1,0,0,0,16,14,7.0,2,16.0,8.0,4.598902702331543,0,1.1787770092487335,1.682123064994812,1.347143776197175,3,greedy,greedy,Greedy,
77115,soldier_caught,0,1,0,0,180,21,10.5,159,,,1.816908597946167,0,1.1626555744558573,1.1448731422424316,1.2380345330246514,160,greedy,greedy,Greedy,
77116,soldier_caught,0,1,0,0,115,17,8.5,98,,,0.8581218123435974,0,1.066069567143315,1.1118754148483276,1.1650127356103053,99,greedy,greedy,Greedy,
77117,soldier_caught,0,1,0,0,35,14,7.0,21,,,0.814651608467102,0,1.2931379201737316,1.1367125511169434,1.4244616942321753,22,greedy,greedy,Greedy,
77118,soldier_caught,0,1,0,0,70,16,8.0,54,,,1.8501282930374146,0,1.1395512025464665,1.231501579284668,1.2389022774682887,55,greedy,greedy,Greedy,
77119,soldier_caught,0,1,0,0,350,13,6.5,337,,,1.6521480083465576,0,1.1206360524575385,1.1992466449737549,1.226764293172009,338,greedy,greedy,Greedy,
77120,soldier_caught,0,1,0,0,62,23,11.5,39,,,1.3893163204193115,0,0.9852410554885864,0.8574532270431519,1.0834490570129642,40,greedy,greedy,Greedy,
77121,soldier_caught,0,1,0,0,63,33,16.5,30,,,1.890932559967041,0,1.154671918480627,0.8778780698776245,1.2879038672780618,31,greedy,greedy,Greedy,
77122,soldier_caught,0,1,0,0,71,14,7.0,57,,,1.293757677078247,0,1.2138886559626152,1.0965427160263062,1.333627414376997,58,greedy,greedy,Greedy,
77123,soldier_caught,0,1,0,0,132,12,6.0,120,,,1.3799782991409302,0,1.1460551798097358,0.42336592078208923,1.2530220323000545,121,greedy,greedy,Greedy,
77124,soldier_caught,0,1,0,0,121,16,8.0,105,,,0.45293429493904114,0,1.1279008978942655,0.7496928572654724,1.2041055699445111,106,greedy,greedy,Greedy,
77125,intercepted,1,0,0,0,12,10,5.0,2,12.0,6.0,6.579023361206055,0,1.6174051761627197,1.2874289751052856,1.6346065851143086,3,greedy,greedy,Greedy,
77126,intercepted,1,0,0,0,86,17,8.5,69,86.0,43.0,3.595085620880127,0,1.1653621912002563,1.3946830034255981,1.2432079859309262,70,greedy,greedy,Greedy,
77127,intercepted,1,0,0,0,164,22,11.0,142,164.0,82.0,2.584625244140625,0,1.0590663541863847,1.3871171474456787,1.1736007242667763,143,greedy,greedy,Greedy,
77128,soldier_caught,0,1,0,0,19,13,6.5,6,,,1.7228504419326782,0,1.2458457521029882,2.1778934001922607,1.3309050120328358,7,greedy,greedy,Greedy,
77129,intercepted,1,0,0,0,22,20,10.0,2,22.0,11.0,7.296847343444824,0,1.4297017653783162,1.301393985748291,1.43261041675136,3,greedy,greedy,Greedy,
77130,intercepted,1,0,0,0,136,17,8.5,119,136.0,68.0,3.679658889770508,0,1.1896566967169444,1.8144019842147827,1.2702176065714295,120,greedy,greedy,Greedy,
77131,intercepted,1,0,0,0,195,18,9.0,177,195.0,97.5,2.190826892852783,0,1.125018731261907,0.8241755962371826,1.2132236811757406,178,greedy,greedy,Greedy,
77132,intercepted,1,0,0,0,110,17,8.5,93,110.0,55.0,3.9203193187713623,0,1.1926049796190668,1.9961589574813843,1.2925758169773789,94,greedy,greedy,Greedy,
77133,intercepted,1,0,0,0,279,19,9.5,260,279.0,139.5,2.1290042400360107,0,1.1411531157077957,1.5066500902175903,1.2439541756340138,261,greedy,greedy,Greedy,
77134,intercepted,1,0,0,0,107,13,6.5,94,107.0,53.5,4.608272552490234,0,1.092829199841148,1.0267504453659058,1.188771338203497,95,greedy,greedy,Greedy,
77135,soldier_caught,0,1,0,0,170,17,8.5,153,,,1.6863641738891602,0,1.1301868584055406,0.9796667098999023,1.2204359772629343,154,greedy,greedy,Greedy,
77136,soldier_caught,0,1,0,0,110,16,8.0,94,,,0.9743379950523376,0,1.1754013576005635,1.0018832683563232,1.2746244506553068,95,greedy,greedy,Greedy,
77137,soldier_caught,0,1,0,0,55,13,6.5,42,,,1.5934466123580933,0,1.2142734153326167,1.5591988563537598,1.2984665491799428,43,greedy,greedy,Greedy,
77138,soldier_caught,0,1,0,0,120,17,8.5,103,,,1.3722115755081177,0,1.1223742384463549,1.9313099384307861,1.203660536606242,104,greedy,greedy,Greedy,
77139,intercepted,1,0,0,0,101,14,7.0,87,101.0,50.5,2.9048526287078857,0,1.1008097348226742,0.39524656534194946,1.1909283843740752,88,greedy,greedy,Greedy,
77140,intercepted,1,0,0,0,112,20,10.0,92,112.0,56.0,2.8811514377593994,0,1.147754604457527,1.5024439096450806,1.2277615220347373,93,greedy,greedy,Greedy,
77141,unsafe_intercept,0,0,1,0,107,18,9.0,89,,,2.6900691986083984,0,1.0928534746170044,1.4041937589645386,1.175062041133277,90,greedy,greedy,Greedy,
77142,intercepted,1,0,0,0,20,18,9.0,2,20.0,10.0,6.733645439147949,0,0.8169552783171335,0.5853791832923889,0.986978167982704,3,greedy,greedy,Greedy,
77143,intercepted,1,0,0,0,20,18,9.0,2,20.0,10.0,6.294441223144531,0,1.374228556950887,0.8815735578536987,1.4497403334608765,3,greedy,greedy,Greedy,
77144,intercepted,1,0,0,0,236,15,7.5,221,236.0,118.0,2.302488088607788,0,1.151241441769106,1.4239716529846191,1.24760657784878,222,greedy,greedy,Greedy,
77145,soldier_caught,0,1,0,0,83,24,12.0,59,,,1.652323603630066,0,1.172084773083528,0.5703375339508057,1.2595019830382999,60,greedy,greedy,Greedy,
77146,intercepted,1,0,0,0,17,15,7.5,2,17.0,8.5,7.315521240234375,0,1.205742359161377,1.8175444602966309,1.296213553480698,3,greedy,greedy,Greedy,
77147,intercepted,1,0,0,0,90,21,10.5,69,90.0,45.0,3.924919366836548,0,1.1672883406281471,1.3857766389846802,1.2644039604104775,70,greedy,greedy,Greedy,
77148,soldier_caught,0,1,0,0,37,17,8.5,20,,,1.9425832033157349,0,1.0070415373359407,0.5863866209983826,1.125678923596911,21,greedy,greedy,Greedy,
77149,soldier_caught,0,1,0,0,39,18,9.0,21,,,1.156632900238037,0,1.0310800481926312,0.9826802015304565,1.122047205553971,22,greedy,greedy,Greedy,
77150,intercepted,1,0,0,0,15,13,6.5,2,15.0,7.5,7.0363335609436035,0,1.148208479086558,1.3296929597854614,1.156501698312197,3,greedy,greedy,Greedy,
77151,intercepted,1,0,0,0,16,14,7.0,2,16.0,8.0,6.367088794708252,0,0.9880081613858541,0.8683814406394958,1.031479982101316,3,greedy,greedy,Greedy,
77152,intercepted,1,0,0,0,23,21,10.5,2,23.0,11.5,7.121428489685059,0,1.0067939360936482,1.5467642545700073,1.0815774722733156,3,greedy,greedy,Greedy,
77153,soldier_caught,0,1,0,0,329,17,8.5,312,,,1.668020248413086,0,1.122200260575587,1.2442299127578735,1.2198157007981254,313,greedy,greedy,Greedy,
77154,intercepted,1,0,0,0,164,22,11.0,142,164.0,82.0,2.1731996536254883,0,1.1763419098891579,1.11448073387146,1.2727219191055323,143,greedy,greedy,Greedy,
77155,intercepted,1,0,0,0,169,17,8.5,152,169.0,84.5,5.093743801116943,0,1.0533670190405222,1.8181830644607544,1.1460431071842434,153,greedy,greedy,Greedy,
77156,soldier_caught,0,1,0,0,84,14,7.0,70,,,1.9573795795440674,0,1.1561603042441355,1.3779466152191162,1.2625057056262647,71,greedy,greedy,Greedy,
77157,soldier_caught,0,1,0,0,127,15,7.5,112,,,1.9409960508346558,0,1.1868719793526472,1.986857295036316,1.2713985386225983,113,greedy,greedy,Greedy,
77158,intercepted,1,0,0,0,103,12,6.0,91,103.0,51.5,3.0925278663635254,0,1.037931395775598,0.6065611839294434,1.1290598535032765,92,greedy,greedy,Greedy,
77159,soldier_caught,0,1,0,0,533,19,9.5,514,,,1.3669079542160034,0,1.1162390521139776,1.3475345373153687,1.2068540027433527,515,greedy,greedy,Greedy,
77160,soldier_caught,0,1,0,0,75,18,9.0,57,,,1.6956944465637207,0,1.169888966556253,1.3080109357833862,1.2617364127865005,58,greedy,greedy,Greedy,
77161,intercepted,1,0,0,0,126,15,7.5,111,126.0,63.0,2.7210917472839355,0,1.2010859306901693,2.2295639514923096,1.2941732253873797,112,greedy,greedy,Greedy,
77162,soldier_caught,0,1,0,0,52,18,9.0,34,,,1.8070731163024902,0,1.2071883027042662,1.9759068489074707,1.3057748593683371,35,greedy,greedy,Greedy,
77163,intercepted,1,0,0,0,108,27,13.5,81,108.0,54.0,4.415823936462402,0,1.1311391864607974,0.542496383190155,1.248709559541377,82,greedy,greedy,Greedy,
77164,intercepted,1,0,0,0,61,14,7.0,47,61.0,30.5,6.412259578704834,0,1.1201701738561194,1.2758910655975342,1.2079085122314492,48,greedy,greedy,Greedy,
77165,soldier_caught,0,1,0,0,52,20,10.0,32,,,1.391908884048462,0,1.1101371691082462,2.004915714263916,1.1744671550734564,33,greedy,greedy,Greedy,
77166,soldier_caught,0,1,0,0,213,18,9.0,195,,,1.9501488208770752,0,1.1635161121660957,1.2649239301681519,1.257599695829251,196,greedy,greedy,Greedy,
77167,soldier_caught,0,1,0,0,56,15,7.5,41,,,0.4845787584781647,0,1.2659246715761365,1.4481934309005737,1.3764592530711128,42,greedy,greedy,Greedy,
77168,soldier_caught,0,1,0,0,91,14,7.0,77,,,0.6003738641738892,0,1.0579964778362176,1.1002274751663208,1.131467654704897,78,greedy,greedy,Greedy,
77169,soldier_caught,0,1,0,0,61,15,7.5,46,,,0.6781182885169983,0,1.2385672996652888,0.9731425046920776,1.3479916590974181,47,greedy,greedy,Greedy,
77170,soldier_caught,0,1,0,0,254,20,10.0,234,,,1.9086381196975708,0,1.107159334167521,0.5446323156356812,1.1960820924093136,235,greedy,greedy,Greedy,
77171,soldier_caught,0,1,0,0,54,14,7.0,40,,,0.7005030512809753,0,1.0686302243209467,0.5450469851493835,1.1585636333372207,41,greedy,greedy,Greedy,
77172,soldier_caught,0,1,0,0,124,19,9.5,105,,,0.5892680883407593,0,1.1089012992550742,1.0594632625579834,1.215268178072741,106,greedy,greedy,Greedy,
77173,intercepted,1,0,0,0,21,19,9.5,2,21.0,10.5,7.25867223739624,0,0.725502093633016,0.8452142477035522,0.7317243399559373,3,greedy,greedy,Greedy,
77174,intercepted,1,0,0,0,21,19,9.5,2,21.0,10.5,6.196352481842041,0,1.4492788910865784,0.7927318215370178,1.5220099628823514,3,greedy,greedy,Greedy,
77175,soldier_caught,0,1,0,0,94,16,8.0,78,,,0.4292946755886078,0,1.131235108533992,0.661359429359436,1.2642677833403866,79,greedy,greedy,Greedy,
77176,soldier_caught,0,1,0,0,23,19,9.5,4,,,1.6389750242233276,0,1.1415026664733887,0.8206929564476013,1.2371830934159591,5,greedy,greedy,Greedy,
77177,soldier_caught,0,1,0,0,170,18,9.0,152,,,1.7603336572647095,0,1.1031815004504584,2.0573856830596924,1.2019881141138529,153,greedy,greedy,Greedy,
77178,soldier_caught,0,1,0,0,106,17,8.5,89,,,1.2480934858322144,0,1.216475009255939,1.5267927646636963,1.3223962753892955,90,greedy,greedy,Greedy,
77179,intercepted,1,0,0,0,132,18,9.0,114,132.0,66.0,4.701404094696045,0,1.1722628951072693,0.7083356976509094,1.2567173909227207,115,greedy,greedy,Greedy,
77180,intercepted,1,0,0,0,35,17,8.5,18,35.0,17.5,4.438576698303223,0,1.1130647533818294,1.7090767621994019,1.207228810239872,19,greedy,greedy,Greedy,
77181,soldier_caught,0,1,0,0,114,22,11.0,92,,,1.283908724784851,0,1.0937456443745603,0.9045732021331787,1.1816026746722998,93,greedy,greedy,Greedy,
77182,soldier_caught,0,1,0,0,79,19,9.5,60,,,0.23801378905773163,0,1.1720818413085625,0.7007496356964111,1.2566829525765675,61,greedy,greedy,Greedy,
77183,intercepted,1,0,0,0,57,16,8.0,41,57.0,28.5,4.081944465637207,0,1.2254441621757688,1.5667617321014404,1.3177422595358277,42,greedy,greedy,Greedy,
77184,soldier_caught,0,1,0,0,452,20,10.0,432,,,1.918138861656189,0,1.1077031506178148,2.2311577796936035,1.2109542508209672,433,greedy,greedy,Greedy,
77185,intercepted,1,0,0,0,23,21,10.5,2,23.0,11.5,4.910693645477295,0,1.3019057710965474,1.317079782485962,1.3274050785926934,3,greedy,greedy,Greedy,
77186,intercepted,1,0,0,0,109,19,9.5,90,109.0,54.5,3.472215175628662,0,1.2471927733539225,1.2645376920700073,1.3363078107426738,91,greedy,greedy,Greedy,
77187,intercepted,1,0,0,0,12,10,5.0,2,12.0,6.0,5.421910762786865,0,1.3036511739095051,1.4325658082962036,1.316289447565411,3,greedy,greedy,Greedy,
77188,soldier_caught,0,1,0,0,64,21,10.5,43,,,0.7636532187461853,0,0.99628400396217,1.0982052087783813,1.0868282373025635,44,greedy,greedy,Greedy,
77189,soldier_caught,0,1,0,0,16,12,6.0,4,,,1.89380943775177,0,1.248879212141037,1.3277976512908936,1.3938649091141293,5,greedy,greedy,Greedy,
77190,soldier_caught,0,1,0,0,123,16,8.0,107,,,1.5917465686798096,0,1.1879167311169483,1.5482934713363647,1.3000944576257316,108,greedy,greedy,Greedy,
77191,intercepted,1,0,0,0,143,10,5.0,133,143.0,71.5,5.4136962890625,0,1.1629057079553604,0.5809093713760376,1.2518667323216306,134,greedy,greedy,Greedy,
77192,intercepted,1,0,0,0,167,12,6.0,155,167.0,83.5,2.7805731296539307,0,1.0946106283137431,0.38434791564941406,1.1967602269587077,156,greedy,greedy,Greedy,
77193,soldier_caught,0,1,0,0,176,13,6.5,163,,,0.4057657718658447,0,1.170147605240345,0.8312948346138,1.2687090893729467,164,greedy,greedy,Greedy,
77194,soldier_caught,0,1,0,0,163,24,12.0,139,,,1.864081621170044,0,1.0610086609210287,1.6399198770523071,1.1453745641228936,140,greedy,greedy,Greedy,
77195,intercepted,1,0,0,0,85,13,6.5,72,85.0,42.5,3.2462940216064453,0,1.088820484607187,0.9407652616500854,1.2161679498521034,73,greedy,greedy,Greedy,
77196,intercepted,1,0,0,0,75,17,8.5,58,75.0,37.5,5.109030723571777,0,1.0856098146256754,2.489149332046509,1.1916558766450818,59,greedy,greedy,Greedy,
77197,intercepted,1,0,0,0,18,16,8.0,2,18.0,9.0,4.669688701629639,0,1.1158183415730794,1.3208296298980713,1.132399899906352,3,greedy,greedy,Greedy,
77198,soldier_caught,0,1,0,0,18,14,7.0,4,,,0.9701414704322815,0,1.525914192199707,1.4760850667953491,1.5921531021656514,5,greedy,greedy,Greedy,
77199,intercepted,1,0,0,0,629,17,8.5,612,629.0,314.5,2.049041509628296,0,1.1161612549258872,1.3292713165283203,1.2125113149325348,613,greedy,greedy,Greedy,
77200,soldier_caught,0,1,0,0,161,22,11.0,139,,,1.162185549736023,0,1.1233774017010416,0.9117701053619385,1.207625159896911,140,greedy,greedy,Greedy,
77201,soldier_caught,0,1,0,0,74,12,6.0,62,,,1.5234918594360352,0,1.2153201562071603,1.4416358470916748,1.2920502075649054,63,greedy,greedy,Greedy,
77202,soldier_caught,0,1,0,0,202,16,8.0,186,,,1.878044605255127,0,1.0974359652575325,1.4649144411087036,1.187946486465163,187,greedy,greedy,Greedy,
77203,soldier_caught,0,1,0,0,175,18,9.0,157,,,1.8634122610092163,0,1.1272670345593103,0.6780367493629456,1.2138863717380268,158,greedy,greedy,Greedy,
77204,intercepted,1,0,0,0,148,21,10.5,127,148.0,74.0,2.3729591369628906,0,1.1347768335836008,0.6493858098983765,1.2261252540478902,128,greedy,greedy,Greedy,
77205,soldier_caught,0,1,0,0,290,16,8.0,274,,,0.8381540179252625,0,1.1447153640064327,1.917480230331421,1.2401364805344925,275,greedy,greedy,Greedy,
77206,intercepted,1,0,0,0,304,14,7.0,290,304.0,152.0,2.4390738010406494,0,1.1107874501919008,1.819684624671936,1.205524644964928,291,greedy,greedy,Greedy,
77207,intercepted,1,0,0,0,59,13,6.5,46,59.0,29.5,2.816206216812134,0,1.1264827822117096,0.7007083296775818,1.230963492683758,47,greedy,greedy,Greedy,
77208,soldier_caught,0,1,0,0,31,25,12.5,6,,,1.0127108097076416,0,0.8960838999067035,1.4626497030258179,0.943074660263447,7,greedy,greedy,Greedy,
77209,soldier_caught,0,1,0,0,42,24,12.0,18,,,0.5616790652275085,0,1.2831022268847416,1.2864713668823242,1.430421707578282,19,greedy,greedy,Greedy,
77210,soldier_caught,0,1,0,0,68,24,12.0,44,,,1.7269461154937744,0,1.137610399723053,0.7974826693534851,1.2037859186250832,45,greedy,greedy,Greedy,
77211,soldier_caught,0,1,0,0,54,15,7.5,39,,,1.9950475692749023,0,1.1513042382895946,0.8577625155448914,1.251001514528171,40,greedy,greedy,Greedy,
77212,soldier_caught,0,1,0,0,85,16,8.0,69,,,1.723151683807373,0,1.0684830018452236,0.8405839800834656,1.1457351983694917,70,greedy,greedy,Greedy,
77213,intercepted,1,0,0,0,18,16,8.0,2,18.0,9.0,7.966317653656006,0,1.0110328396161397,0.668856680393219,1.2696694927724617,3,greedy,greedy,Greedy,
77214,soldier_caught,0,1,0,0,69,17,8.5,52,,,0.935379147529602,0,1.1187855888087794,1.2579443454742432,1.2006885573896078,53,greedy,greedy,Greedy,
77215,soldier_caught,0,1,0,0,57,18,9.0,39,,,1.33733332157135,0,1.135470999032259,2.304492712020874,1.22111195322136,40,greedy,greedy,Greedy,
77216,intercepted,1,0,0,0,134,17,8.5,117,134.0,67.0,2.4868059158325195,0,1.140830000830909,0.6592578887939453,1.2477349414781012,118,greedy,greedy,Greedy,
77217,intercepted,1,0,0,0,251,15,7.5,236,251.0,125.5,3.5794167518615723,0,1.118938434601836,0.5744741559028625,1.2166915305775565,237,greedy,greedy,Greedy,
77218,soldier_caught,0,1,0,0,90,18,9.0,72,,,1.107763648033142,0,1.1602845230739411,1.0515897274017334,1.284391867775275,73,greedy,greedy,Greedy,
77219,intercepted,1,0,0,0,11,9,4.5,2,11.0,5.5,7.052902698516846,0,1.0496583580970764,1.3080793619155884,1.0655109201462853,3,greedy,greedy,Greedy,
77220,intercepted,1,0,0,0,119,17,8.5,102,119.0,59.5,5.796714782714844,0,1.108012908870734,1.5276539325714111,1.1962087514190525,103,greedy,greedy,Greedy,
77221,intercepted,1,0,0,0,61,17,8.5,44,61.0,30.5,4.518371105194092,0,1.1269312904940711,0.5696035027503967,1.1896956817348558,45,greedy,greedy,Greedy,
77222,intercepted,1,0,0,0,18,16,8.0,2,18.0,9.0,5.598437309265137,0,0.7191596627235413,0.810363233089447,0.7569128912119316,3,greedy,greedy,Greedy,
77223,soldier_caught,0,1,0,0,19,14,7.0,5,,,1.4569933414459229,0,0.8470352192719778,0.393002986907959,0.9284024687798822,6,greedy,greedy,Greedy,
77224,soldier_caught,0,1,0,0,106,20,10.0,86,,,1.2709747552871704,0,1.1091129978497822,0.7817259430885315,1.2179658855577014,87,greedy,greedy,Greedy,
77225,soldier_caught,0,1,0,0,85,30,15.0,55,,,1.1953707933425903,0,1.1247543969324656,0.5986895561218262,1.2112879512564159,56,greedy,greedy,Greedy,
77226,soldier_caught,0,1,0,0,339,21,10.5,318,,,1.8088414669036865,0,1.1389957047928838,1.8530086278915405,1.2279739839602826,319,greedy,greedy,Greedy,
77227,intercepted,1,0,0,0,107,15,7.5,92,107.0,53.5,2.7728171348571777,0,1.0855301293314144,1.4457252025604248,1.1791754254149054,93,greedy,greedy,Greedy,
77228,soldier_caught,0,1,0,0,30,22,11.0,8,,,1.9678441286087036,0,1.2501000265280406,1.0303044319152832,1.3777971519132834,9,greedy,greedy,Greedy,
77229,soldier_caught,0,1,0,0,72,12,6.0,60,,,0.4069450795650482,0,1.1389754057907668,1.013270378112793,1.2495452422833309,61,greedy,greedy,Greedy,
77230,soldier_caught,0,1,0,0,55,24,12.0,31,,,1.693235993385315,0,1.1550901858136058,1.1073275804519653,1.2452440064355776,32,greedy,greedy,Greedy,
77231,intercepted,1,0,0,0,18,16,8.0,2,18.0,9.0,5.075910568237305,0,1.141641656557719,0.9674808979034424,1.1565764809982895,3,greedy,greedy,Greedy,
77232,intercepted,1,0,0,0,357,21,10.5,336,357.0,178.5,2.3367011547088623,0,1.1300106537403976,0.9226919412612915,1.2165282864967346,337,greedy,greedy,Greedy,
77233,intercepted,1,0,0,0,131,13,6.5,118,131.0,65.5,4.819163799285889,0,1.1136227422902565,1.0101137161254883,1.2109646060646082,119,greedy,greedy,Greedy,
77234,intercepted,1,0,0,0,42,18,9.0,24,42.0,21.0,2.580954074859619,0,1.0932798516750335,2.220630645751953,1.1953076535729652,25,greedy,greedy,Greedy,
77235,intercepted,1,0,0,0,102,15,7.5,87,102.0,51.0,3.281831741333008,0,1.06151372668418,1.0633958578109741,1.148154713359548,88,greedy,greedy,Greedy,
77236,intercepted,1,0,0,0,166,13,6.5,153,166.0,83.0,2.0216898918151855,0,1.1009836424287263,0.9707363247871399,1.1973060676784155,154,greedy,greedy,Greedy,
77237,soldier_caught,0,1,0,0,65,14,7.0,51,,,1.946871280670166,0,1.173080953841026,1.1008625030517578,1.2581092848440263,52,greedy,greedy,Greedy,
77238,soldier_caught,0,1,0,0,114,16,8.0,98,,,1.5721025466918945,0,1.0525666627317969,0.3464985191822052,1.1611664214456434,99,greedy,greedy,Greedy,
77239,intercepted,1,0,0,0,105,16,8.0,89,105.0,52.5,4.343381404876709,0,1.1415866819520792,1.8612828254699707,1.2418474262717343,90,greedy,greedy,Greedy,
77240,intercepted,1,0,0,0,16,14,7.0,2,16.0,8.0,9.822230339050293,0,1.0064523816108704,0.734866201877594,1.0437927076023141,3,greedy,greedy,Greedy,
77241,soldier_caught,0,1,0,0,58,14,7.0,44,,,1.8000630140304565,0,1.2915333886941274,0.6056504845619202,1.41716609549232,45,greedy,greedy,Greedy,
77242,intercepted,1,0,0,0,57,13,6.5,44,57.0,28.5,6.75660514831543,0,1.1165676891803742,1.099587082862854,1.194440474252324,45,greedy,greedy,Greedy,
77243,soldier_caught,0,1,0,0,175,12,6.0,163,,,1.8881417512893677,0,1.1369248276076667,0.5870382785797119,1.2297049410201712,164,greedy,greedy,Greedy,
77244,intercepted,1,0,0,0,19,17,8.5,2,19.0,9.5,6.694312572479248,0,1.6063466668128967,0.8396244645118713,1.6956742498424124,3,greedy,greedy,Greedy,
77245,intercepted,1,0,0,0,127,17,8.5,110,127.0,63.5,3.538726568222046,0,1.1829099300745372,1.5084420442581177,1.269398073480313,111,greedy,greedy,Greedy,
77246,soldier_caught,0,1,0,0,107,13,6.5,94,,,1.8404064178466797,0,1.2403823493342652,0.3590649962425232,1.354393874118079,95,greedy,greedy,Greedy,
77247,intercepted,1,0,0,0,14,12,6.0,2,14.0,7.0,6.002366065979004,0,0.763506144285202,0.5821642279624939,0.8757124196182018,3,greedy,greedy,Greedy,
77248,intercepted,1,0,0,0,112,23,11.5,89,112.0,56.0,3.841200351715088,0,1.0842767890956666,1.860245943069458,1.1539307634744052,90,greedy,greedy,Greedy,
77249,soldier_caught,0,1,0,0,271,17,8.5,254,,,1.4038240909576416,0,1.1132477005322774,1.0772799253463745,1.2276855730640357,255,greedy,greedy,Greedy,
77250,soldier_caught,0,1,0,0,128,17,8.5,111,,,1.2656749486923218,0,1.1525306101622326,1.5098007917404175,1.2434590831158163,112,greedy,greedy,Greedy,
77251,soldier_caught,0,1,0,0,44,20,10.0,24,,,1.726060390472412,0,1.0781903278827667,0.4734194576740265,1.1577902770894424,25,greedy,greedy,Greedy,
77252,intercepted,1,0,0,0,110,17,8.5,93,110.0,55.0,3.7859017848968506,0,1.1625402882853721,0.31161266565322876,1.2645344301334271,94,greedy,greedy,Greedy,
77253,soldier_caught,0,1,0,0,16,12,6.0,4,,,1.8557184934616089,0,1.2832478880882263,1.6654177904129028,1.3055377774007528,5,greedy,greedy,Greedy,
77254,soldier_caught,0,1,0,0,218,21,10.5,197,,,1.0096460580825806,0,1.0910010230210092,1.9004380702972412,1.1824275455731565,198,greedy,greedy,Greedy,
77255,soldier_caught,0,1,0,0,42,18,9.0,24,,,1.1172648668289185,0,1.1377786266803742,0.592915952205658,1.2318528616651003,25,greedy,greedy,Greedy,
77256,soldier_caught,0,1,0,0,276,22,11.0,254,,,1.802958607673645,0,1.1396484000425713,1.3853132724761963,1.236205807848559,255,greedy,greedy,Greedy,
77257,soldier_caught,0,1,0,0,130,11,5.5,119,,,1.2350616455078125,0,1.2010108679533005,1.591180682182312,1.288784152592151,120,greedy,greedy,Greedy,
77258,intercepted,1,0,0,0,180,13,6.5,167,180.0,90.0,3.4808266162872314,0,1.0619186390900897,0.3508378863334656,1.1547486811792542,168,greedy,greedy,Greedy,
77259,soldier_caught,0,1,0,0,45,23,11.5,22,,,1.8849037885665894,0,1.1060134049343027,0.1804313212633133,1.2293930797508943,23,greedy,greedy,Greedy,
77260,intercepted,1,0,0,0,105,17,8.5,88,105.0,52.5,5.078094959259033,0,1.1305774810273996,0.9132807850837708,1.2289317548332863,89,greedy,greedy,Greedy,
77261,intercepted,1,0,0,0,21,19,9.5,2,21.0,10.5,9.12936782836914,0,1.0250841975212097,1.3940067291259766,1.0672443731191936,3,greedy,greedy,Greedy,
77262,soldier_caught,0,1,0,0,40,18,9.0,22,,,1.6936430931091309,0,1.1661228045173313,0.8317524790763855,1.2283162434525092,23,greedy,greedy,Greedy,
77263,intercepted,1,0,0,0,19,17,8.5,2,19.0,9.5,5.462530136108398,0,0.9938847025235494,1.136431097984314,0.9993413974429208,3,greedy,greedy,Greedy,
77264,soldier_caught,0,1,0,0,112,15,7.5,97,,,0.4002705216407776,0,1.0946851670742035,1.3990994691848755,1.2125237876118489,98,greedy,greedy,Greedy,
77265,soldier_caught,0,1,0,0,49,12,6.0,37,,,0.605781078338623,0,1.1655448769268237,0.7372323870658875,1.250825846104022,38,greedy,greedy,Greedy,
77266,intercepted,1,0,0,0,23,21,10.5,2,23.0,11.5,7.385945796966553,0,0.8082575003306071,0.6940163969993591,0.8184480404640027,3,greedy,greedy,Greedy,
77267,soldier_caught,0,1,0,0,55,16,8.0,39,,,1.1461869478225708,0,1.0899304427206515,0.9145694375038147,1.1793838527441582,40,greedy,greedy,Greedy,
77268,intercepted,1,0,0,0,179,18,9.0,161,179.0,89.5,2.532705307006836,0,1.089285368076813,1.2593611478805542,1.1949388111597152,162,greedy,greedy,Greedy,
77269,soldier_caught,0,1,0,0,144,23,11.5,121,,,1.1376622915267944,0,1.1440939356069095,1.5112364292144775,1.2377345569590077,122,greedy,greedy,Greedy,
77270,soldier_caught,0,1,0,0,36,13,6.5,23,,,1.6595325469970703,0,0.9512177798897028,0.9221171140670776,1.0639139859214406,24,greedy,greedy,Greedy,
77271,soldier_caught,0,1,0,0,38,20,10.0,18,,,1.8653064966201782,0,1.172437641181444,1.1694613695144653,1.2357493596636504,19,greedy,greedy,Greedy,
77272,intercepted,1,0,0,0,110,20,10.0,90,110.0,55.0,4.355184555053711,0,1.1045095016668132,0.5346824526786804,1.201029881419959,91,greedy,greedy,Greedy,
77273,intercepted,1,0,0,0,163,21,10.5,142,163.0,81.5,3.284015655517578,0,1.1713348345739858,1.2141716480255127,1.268841134540371,143,greedy,greedy,Greedy,
77274,soldier_caught,0,1,0,0,205,20,10.0,185,,,0.8396539688110352,0,1.0711209788437812,1.093070387840271,1.154396243175683,186,greedy,greedy,Greedy,
77275,intercepted,1,0,0,0,248,18,9.0,230,248.0,124.0,2.178927421569824,0,1.104284774560433,1.185807466506958,1.200470987422216,231,greedy,greedy,Greedy,
77276,intercepted,1,0,0,0,14,12,6.0,2,14.0,7.0,5.451496124267578,0,1.2537124156951904,1.2667568922042847,1.2541606067057316,3,greedy,greedy,Greedy,
77277,soldier_caught,0,1,0,0,89,25,12.5,64,,,1.5630552768707275,0,1.1911551062877361,1.5526100397109985,1.2714449010937072,65,greedy,greedy,Greedy,
77278,intercepted,1,0,0,0,24,22,11.0,2,24.0,12.0,4.4524641036987305,0,1.4851226409276326,0.7314342260360718,1.7524686982095121,3,greedy,greedy,Greedy,
77279,intercepted,1,0,0,0,176,13,6.5,163,176.0,88.0,2.5615389347076416,0,1.1695851545508316,0.9008697867393494,1.2651556316104342,164,greedy,greedy,Greedy,
77280,soldier_caught,0,1,0,0,91,21,10.5,70,,,1.2088236808776855,0,1.1679355523116153,1.4004040956497192,1.247388496824077,71,greedy,greedy,Greedy,
77281,intercepted,1,0,0,0,180,23,11.5,157,180.0,90.0,4.602059364318848,0,1.1556552456149571,1.4234517812728882,1.2684408253111847,158,greedy,greedy,Greedy,
77282,soldier_caught,0,1,0,0,171,12,6.0,159,,,1.5458369255065918,0,1.1348400588147343,0.33848753571510315,1.2232732714803447,160,greedy,greedy,Greedy,
77283,intercepted,1,0,0,0,25,23,11.5,2,25.0,12.5,3.593949317932129,0,1.1977494359016418,1.4283841848373413,1.232092398587071,3,greedy,greedy,Greedy,
77284,intercepted,1,0,0,0,14,12,6.0,2,14.0,7.0,4.502508640289307,0,1.5511741638183594,1.7387949228286743,1.558752698478289,3,greedy,greedy,Greedy,
77285,soldier_caught,0,1,0,0,83,17,8.5,66,,,1.5786685943603516,0,1.1054283678531647,1.6788543462753296,1.2108144083928347,67,greedy,greedy,Greedy,
77286,soldier_caught,0,1,0,0,35,14,7.0,21,,,0.9906911253929138,0,1.1340699981559406,1.4583678245544434,1.1830507614022148,22,greedy,greedy,Greedy,
77287,intercepted,1,0,0,0,18,16,8.0,2,18.0,9.0,6.581271171569824,0,1.2355563640594482,1.0327647924423218,1.2438540089772654,3,greedy,greedy,Greedy,
77288,intercepted,1,0,0,0,16,14,7.0,2,16.0,8.0,5.484531879425049,0,0.9579623142878214,1.2179149389266968,0.9776145558567771,3,greedy,greedy,Greedy,
77289,soldier_caught,0,1,0,0,20,15,7.5,5,,,1.5766243934631348,0,1.1090287864208221,0.7877199649810791,1.2069632805817632,6,greedy,greedy,Greedy,
77290,soldier_caught,0,1,0,0,71,18,9.0,53,,,1.6843944787979126,0,1.2237225163865972,2.362487316131592,1.3120599946998956,54,greedy,greedy,Greedy,
77291,soldier_caught,0,1,0,0,87,16,8.0,71,,,1.1422019004821777,0,1.1598256594604917,1.1451191902160645,1.2555688276659904,72,greedy,greedy,Greedy,
77292,intercepted,1,0,0,0,20,18,9.0,2,20.0,10.0,10.038719177246094,0,1.356532136599223,1.6175298690795898,1.3691428339862723,3,greedy,greedy,Greedy,
77293,soldier_caught,0,1,0,0,56,17,8.5,39,,,1.7249656915664673,0,1.0884780958294868,0.7634198069572449,1.1779980953536635,40,greedy,greedy,Greedy,
77294,intercepted,1,0,0,0,14,12,6.0,2,14.0,7.0,8.472793579101562,0,0.8936397433280945,1.2334403991699219,0.9317047032123492,3,greedy,greedy,Greedy,
77295,intercepted,1,0,0,0,22,20,10.0,2,22.0,11.0,3.7862799167633057,0,0.8568611741065979,0.3851791024208069,1.0344164078454532,3,greedy,greedy,Greedy,
77296,intercepted,1,0,0,0,14,12,6.0,2,14.0,7.0,4.216141223907471,0,1.31527441740036,0.48926764726638794,1.4479012593421114,3,greedy,greedy,Greedy,
77297,soldier_caught,0,1,0,0,68,13,6.5,55,,,1.6282849311828613,0,1.0675926781924707,0.45868366956710815,1.1660502835841577,56,greedy,greedy,Greedy,
77298,soldier_caught,0,1,0,0,570,14,7.0,556,,,1.2834703922271729,0,1.1574310925747378,2.2773494720458984,1.2584267140392098,557,greedy,greedy,Greedy,
77299,intercepted,1,0,0,0,19,17,8.5,2,19.0,9.5,5.162810325622559,0,1.3867276112238567,1.127484917640686,1.4517407833504599,3,greedy,greedy,Greedy,
77300,soldier_caught,0,1,0,0,48,19,9.5,29,,,1.794366478919983,0,1.1722395946582158,0.37629538774490356,1.2790691473902436,30,greedy,greedy,Greedy,
77301,soldier_caught,0,1,0,0,38,18,9.0,20,,,1.7803599834442139,0,1.098590890566508,0.45685523748397827,1.1662207777075784,21,greedy,greedy,Greedy,
77302,soldier_caught,0,1,0,0,59,19,9.5,40,,,1.8522084951400757,0,1.0588987971224435,0.634996235370636,1.1081023314790936,41,greedy,greedy,Greedy,
77303,intercepted,1,0,0,0,193,12,6.0,181,193.0,96.5,3.4541616439819336,0,1.0834547563732326,1.5873632431030273,1.168144697167203,182,greedy,greedy,Greedy,
77304,soldier_caught,0,1,0,0,66,26,13.0,40,,,1.6403586864471436,0,1.112171009546373,1.1985896825790405,1.2170855761836479,41,greedy,greedy,Greedy,
77305,soldier_caught,0,1,0,0,73,17,8.5,56,,,1.4218279123306274,0,1.1649490035416787,1.0170928239822388,1.2531445824352898,57,greedy,greedy,Greedy,
77306,soldier_caught,0,1,0,0,403,18,9.0,385,,,0.5211546421051025,0,1.1080104193307576,1.069589614868164,1.2110391156544331,386,greedy,greedy,Greedy,
77307,intercepted,1,0,0,0,374,14,7.0,360,374.0,187.0,2.61267352104187,0,1.1093793174360267,2.1533260345458984,1.2053281066384767,361,greedy,greedy,Greedy,
77308,intercepted,1,0,0,0,326,23,11.5,303,326.0,163.0,2.6621077060699463,0,1.147624174378028,0.6283540725708008,1.2516242073955675,304,greedy,greedy,Greedy,
77309,soldier_caught,0,1,0,0,42,12,6.0,30,,,1.3726738691329956,0,1.079318842099559,0.5566549301147461,1.1919088844455235,31,greedy,greedy,Greedy,
77310,soldier_caught,0,1,0,0,41,18,9.0,23,,,1.1611698865890503,0,1.0864535743991535,0.9562982320785522,1.1671268803807306,24,greedy,greedy,Greedy,
77311,soldier_caught,0,1,0,0,51,17,8.5,34,,,1.9875408411026,0,1.127307914836066,0.3337700366973877,1.238263874051376,35,greedy,greedy,Greedy,
77312,soldier_caught,0,1,0,0,136,19,9.5,117,,,1.693457841873169,0,1.183317314391419,1.5497868061065674,1.2639513050912126,118,greedy,greedy,Greedy,
77313,intercepted,1,0,0,0,104,11,5.5,93,104.0,52.0,5.116650581359863,0,1.143782746601612,1.8850178718566895,1.248871613402114,94,greedy,greedy,Greedy,
77314,intercepted,1,0,0,0,16,14,7.0,2,16.0,8.0,7.786910057067871,0,1.2394990126291912,1.4773176908493042,1.254042313464338,3,greedy,greedy,Greedy,
77315,soldier_caught,0,1,0,0,113,18,9.0,95,,,1.159309983253479,0,1.1043449143568675,1.7033442258834839,1.2071174564484162,96,greedy,greedy,Greedy,
77316,intercepted,1,0,0,0,19,17,8.5,2,19.0,9.5,6.477080345153809,0,1.3464880188306172,2.1801133155822754,1.5005476969180866,3,greedy,greedy,Greedy,
77317,intercepted,1,0,0,0,41,16,8.0,25,41.0,20.5,4.296425819396973,0,1.2574117252459893,1.6132718324661255,1.3998111624858691,26,greedy,greedy,Greedy,
77318,soldier_caught,0,1,0,0,24,19,9.5,5,,,0.8861274719238281,0,1.3087708155314128,2.103105306625366,1.5136252842518483,6,greedy,greedy,Greedy,
77319,intercepted,1,0,0,0,17,15,7.5,2,17.0,8.5,5.895411491394043,0,1.2357683181762695,1.275134801864624,1.243972742448786,3,greedy,greedy,Greedy,
77320,intercepted,1,0,0,0,241,14,7.0,227,241.0,120.5,3.458688735961914,0,1.1013273368017715,1.7372623682022095,1.2031690052966248,228,greedy,greedy,Greedy,
77321,soldier_caught,0,1,0,0,162,16,8.0,146,,,1.5870954990386963,0,1.1289020600367565,0.5796287655830383,1.205481629680212,147,greedy,greedy,Greedy,
77322,soldier_caught,0,1,0,0,122,15,7.5,107,,,1.8151726722717285,0,1.1367352070907752,1.0045336484909058,1.2117948857393892,108,greedy,greedy,Greedy,
77323,intercepted,1,0,0,0,87,17,8.5,70,87.0,43.5,3.201687812805176,0,1.1308527702177074,1.1234192848205566,1.2104752966233963,71,greedy,greedy,Greedy,
77324,intercepted,1,0,0,0,16,14,7.0,2,16.0,8.0,6.98580265045166,0,0.8681866923967997,1.1160025596618652,0.9007107530440268,3,greedy,greedy,Greedy,
77325,soldier_caught,0,1,0,0,262,22,11.0,240,,,1.9128559827804565,0,1.1270282749565805,1.06224524974823,1.2274647149118285,241,greedy,greedy,Greedy,
77326,soldier_caught,0,1,0,0,20,16,8.0,4,,,1.6082597970962524,0,1.1560387849807738,0.7976491451263428,1.1786614462685034,5,greedy,greedy,Greedy,
77327,soldier_caught,0,1,0,0,58,21,10.5,37,,,1.643777847290039,0,1.156051855730383,0.8276860117912292,1.231368478011468,38,greedy,greedy,Greedy,
77328,intercepted,1,0,0,0,21,19,9.5,2,21.0,10.5,5.470829486846924,0,0.9662598172823588,0.6727560758590698,1.0441767676077238,3,greedy,greedy,Greedy,
77329,soldier_caught,0,1,0,0,104,23,11.5,81,,,0.6809428334236145,0,1.0908518150993964,1.196882724761963,1.173820657991444,82,greedy,greedy,Greedy,
77330,intercepted,1,0,0,0,106,16,8.0,90,106.0,53.0,3.283252000808716,0,1.0857441905108127,1.4104069471359253,1.1876228421112918,91,greedy,greedy,Greedy,
77331,intercepted,1,0,0,0,19,17,8.5,2,19.0,9.5,4.303061008453369,0,1.1183112859725952,1.210892915725708,1.2315535410471241,3,greedy,greedy,Greedy,
77332,soldier_caught,0,1,0,0,153,12,6.0,141,,,1.6443523168563843,0,1.1763957703197505,0.6840373277664185,1.2806283210480711,142,greedy,greedy,Greedy,
77333,intercepted,1,0,0,0,19,17,8.5,2,19.0,9.5,6.057371139526367,0,1.3168403108914692,1.376478672027588,1.4376202599664314,3,greedy,greedy,Greedy,
77334,intercepted,1,0,0,0,20,18,9.0,2,20.0,10.0,7.016924858093262,0,1.459789216518402,2.28584885597229,1.5730340891011594,3,greedy,greedy,Greedy,
77335,intercepted,1,0,0,0,93,23,11.5,70,93.0,46.5,2.451148271560669,0,1.1280460941119932,0.9103964567184448,1.2077885354410738,71,greedy,greedy,Greedy,
77336,intercepted,1,0,0,0,284,13,6.5,271,284.0,142.0,2.9307854175567627,0,1.0888258447761046,1.008049488067627,1.18771439102097,272,greedy,greedy,Greedy,
77337,intercepted,1,0,0,0,190,19,9.5,171,190.0,95.0,4.653644561767578,0,1.0914845889824074,1.290282130241394,1.2130341521483696,172,greedy,greedy,Greedy,
77338,intercepted,1,0,0,0,14,12,6.0,2,14.0,7.0,8.107653617858887,0,0.7617681125799814,0.3057948052883148,0.8279541248495161,3,greedy,greedy,Greedy,
77339,intercepted,1,0,0,0,45,16,8.0,29,45.0,22.5,4.875045299530029,0,1.21109179854393,1.6917717456817627,1.3104027188837484,30,greedy,greedy,Greedy,
77340,intercepted,1,0,0,0,17,15,7.5,2,17.0,8.5,3.626396894454956,0,0.6845031082630157,0.3427661955356598,0.7289917448704913,3,greedy,greedy,Greedy,
77341,intercepted,1,0,0,0,106,18,9.0,88,106.0,53.0,5.5451884269714355,0,1.1175916221704376,1.7177150249481201,1.203424611041126,89,greedy,greedy,Greedy,
77342,intercepted,1,0,0,0,27,25,12.5,2,27.0,13.5,8.680363655090332,0,1.200475851694743,1.742812156677246,1.2609219034089152,3,greedy,greedy,Greedy,
77343,intercepted,1,0,0,0,68,22,11.0,46,68.0,34.0,3.671583414077759,0,1.1458893155163907,0.9466708302497864,1.2321424399921475,47,greedy,greedy,Greedy,
77344,soldier_caught,0,1,0,0,47,16,8.0,31,,,1.2422935962677002,0,1.1806714087724686,0.7487025856971741,1.2845078910072807,32,greedy,greedy,Greedy,
77345,intercepted,1,0,0,0,19,17,8.5,2,19.0,9.5,5.089589595794678,0,1.3074663877487183,1.4869738817214966,1.347366620694801,3,greedy,greedy,Greedy,
77346,soldier_caught,0,1,0,0,74,18,9.0,56,,,1.6315010786056519,0,1.0775441292085146,0.9668132662773132,1.1540270124445553,57,greedy,greedy,Greedy,
77347,soldier_caught,0,1,0,0,74,16,8.0,58,,,1.7490992546081543,0,1.1615201462123355,1.078678846359253,1.2500148260374362,59,greedy,greedy,Greedy,
77348,intercepted,1,0,0,0,19,17,8.5,2,19.0,9.5,8.581574440002441,0,1.3390769163767497,1.5002256631851196,1.3444920259682889,3,greedy,greedy,Greedy,
77349,soldier_caught,0,1,0,0,70,13,6.5,57,,,0.6604410409927368,0,1.1220039910283581,0.9372692704200745,1.1932803820398923,58,greedy,greedy,Greedy,
77350,soldier_caught,0,1,0,0,121,24,12.0,97,,,1.7185460329055786,0,1.0916604238505265,0.7288030982017517,1.1714172860622962,98,greedy,greedy,Greedy,
77351,intercepted,1,0,0,0,14,12,6.0,2,14.0,7.0,7.138219833374023,0,1.0750817656517029,1.0190662145614624,1.0925792393548546,3,greedy,greedy,Greedy,
77352,soldier_caught,0,1,0,0,155,20,10.0,135,,,0.8681998252868652,0,1.1950748876175459,0.8870576024055481,1.2877811377150843,136,greedy,greedy,Greedy,
77353,soldier_caught,0,1,0,0,559,15,7.5,544,,,1.1906921863555908,0,1.1159392723796564,1.2131927013397217,1.2137199401305234,545,greedy,greedy,Greedy,
77354,soldier_caught,0,1,0,0,53,18,9.0,35,,,1.9589025974273682,0,1.0428094681766298,1.193541407585144,1.1567759806866675,36,greedy,greedy,Greedy,
77355,soldier_caught,0,1,0,0,448,24,12.0,424,,,1.7204312086105347,0,1.124751102363362,0.5148041248321533,1.2152718047893059,425,greedy,greedy,Greedy,
77356,soldier_caught,0,1,0,0,22,16,8.0,6,,,1.830766201019287,0,1.360723546573094,1.1596523523330688,1.4448425448513598,7,greedy,greedy,Greedy,
77357,soldier_caught,0,1,0,0,25,18,9.0,7,,,1.750166654586792,0,1.0433962419629097,1.5164788961410522,1.176144937931258,8,greedy,greedy,Greedy,
77358,soldier_caught,0,1,0,0,88,20,10.0,68,,,1.6528730392456055,0,1.1975611521713976,0.6812986731529236,1.3356082781257281,69,greedy,greedy,Greedy,
77359,intercepted,1,0,0,0,88,17,8.5,71,88.0,44.0,2.6248669624328613,0,1.1764066285557218,1.1815277338027954,1.2640727243743386,72,greedy,greedy,Greedy,
77360,soldier_caught,0,1,0,0,168,20,10.0,148,,,1.351402759552002,0,1.0832067304009558,0.9884248971939087,1.1739080975957226,149,greedy,greedy,Greedy,
77361,soldier_caught,0,1,0,0,171,12,6.0,159,,,1.2987310886383057,0,1.1083780352026225,1.1850838661193848,1.190164289021677,160,greedy,greedy,Greedy,
77362,soldier_caught,0,1,0,0,69,12,6.0,57,,,1.6310043334960938,0,1.1124697204293876,0.7605554461479187,1.2114387568884855,58,greedy,greedy,Greedy,
77363,intercepted,1,0,0,0,212,22,11.0,190,212.0,106.0,2.8234658241271973,0,1.1339103613068295,1.0179953575134277,1.2230300577982596,191,greedy,greedy,Greedy,
77364,unsafe_intercept,0,0,1,0,20,18,9.0,2,,,3.3397934436798096,0,1.0185161431630452,0.700849175453186,1.0633932401789625,3,greedy,greedy,Greedy,
77365,intercepted,1,0,0,0,252,14,7.0,238,252.0,126.0,2.1590487957000732,0,1.115412939324289,0.6084796190261841,1.204826417474968,239,greedy,greedy,Greedy,
77366,intercepted,1,0,0,0,19,17,8.5,2,19.0,9.5,8.182294845581055,0,0.9665060341358185,0.4616614878177643,1.1855241613769965,3,greedy,greedy,Greedy,
77367,soldier_caught,0,1,0,0,35,15,7.5,20,,,1.6922152042388916,0,1.0653035796823955,1.04119873046875,1.1162555451960072,21,greedy,greedy,Greedy,
77368,soldier_caught,0,1,0,0,51,18,9.0,33,,,1.676642894744873,0,1.212582264752949,1.8603953123092651,1.283112295065578,34,greedy,greedy,Greedy,
77369,intercepted,1,0,0,0,152,14,7.0,138,152.0,76.0,2.0941662788391113,0,1.154646198740966,0.5147324800491333,1.236332274163649,139,greedy,greedy,Greedy,
77370,soldier_caught,0,1,0,0,71,16,8.0,55,,,1.2324624061584473,0,1.0879802403173275,1.5640450716018677,1.1827046400204682,56,greedy,greedy,Greedy,
77371,intercepted,1,0,0,0,115,24,12.0,91,115.0,57.5,2.713853120803833,0,1.0367055637357028,0.6910485029220581,1.1342963662196714,92,greedy,greedy,Greedy,
77372,intercepted,1,0,0,0,111,15,7.5,96,111.0,55.5,2.4542806148529053,0,1.135527194160776,1.510338306427002,1.2466908586777656,97,greedy,greedy,Greedy,
77373,intercepted,1,0,0,0,25,23,11.5,2,25.0,12.5,7.05386209487915,0,0.5670949518680573,0.31916218996047974,0.6143281508615002,3,greedy,greedy,Greedy,
77374,soldier_caught,0,1,0,0,183,13,6.5,170,,,0.9533019661903381,0,1.123648335536321,1.435752272605896,1.224132738280049,171,greedy,greedy,Greedy,
77375,soldier_caught,0,1,0,0,128,15,7.5,113,,,1.4898779392242432,0,1.0615112365860688,0.5960537195205688,1.1494656333003714,114,greedy,greedy,Greedy,
77376,intercepted,1,0,0,0,15,13,6.5,2,15.0,7.5,6.619664192199707,0,1.377756377061208,0.9503552913665771,1.5375810221193063,3,greedy,greedy,Greedy,
77377,intercepted,1,0,0,0,264,19,9.5,245,264.0,132.0,2.918555736541748,0,1.1113159016865055,0.9199569821357727,1.2113026112362826,246,greedy,greedy,Greedy,
77378,soldier_caught,0,1,0,0,224,12,6.0,212,,,1.5271220207214355,0,1.1871814529101055,0.8458490967750549,1.2861459116220124,213,greedy,greedy,Greedy,
77379,intercepted,1,0,0,0,62,15,7.5,47,62.0,31.0,4.630705833435059,0,1.1489130233724911,1.1397452354431152,1.2323529794448407,48,greedy,greedy,Greedy,
77380,unsafe_intercept,0,0,1,0,20,18,9.0,2,,,2.6576180458068848,0,1.0146199663480122,1.372128963470459,1.067284225462983,3,greedy,greedy,Greedy,
77381,soldier_caught,0,1,0,0,129,13,6.5,116,,,1.8617961406707764,0,1.1312365101443396,1.7880676984786987,1.2218041005939186,117,greedy,greedy,Greedy,
77382,soldier_caught,0,1,0,0,32,14,7.0,18,,,1.4515734910964966,0,1.1426522406308275,1.5751267671585083,1.2533661548610062,19,greedy,greedy,Greedy,
77383,soldier_caught,0,1,0,0,225,14,7.0,211,,,1.5273945331573486,0,1.2105285798041325,0.7644182443618774,1.298380068563177,212,greedy,greedy,Greedy,
77384,intercepted,1,0,0,0,145,13,6.5,132,145.0,72.5,3.1250357627868652,0,1.0526337321091415,0.5519704222679138,1.1386724167550024,133,greedy,greedy,Greedy,
77385,intercepted,1,0,0,0,21,19,9.5,2,21.0,10.5,7.042144298553467,0,1.0348765750726063,0.7174080610275269,1.2143035763711523,3,greedy,greedy,Greedy,
77386,intercepted,1,0,0,0,70,26,13.0,44,70.0,35.0,2.0028414726257324,0,1.123425563838747,0.5611200928688049,1.1828314843117962,45,greedy,greedy,Greedy,
77387,soldier_caught,0,1,0,0,113,18,9.0,95,,,1.902219533920288,0,1.1925574239964287,2.1183717250823975,1.2666631772933683,96,greedy,greedy,Greedy,
77388,intercepted,1,0,0,0,13,11,5.5,2,13.0,6.5,5.308420181274414,0,0.9865069588025411,1.4262912273406982,1.0806382591240937,3,greedy,greedy,Greedy,
77389,soldier_caught,0,1,0,0,108,17,8.5,91,,,0.9964947700500488,0,1.096663823918156,0.38629230856895447,1.2027953327907566,92,greedy,greedy,Greedy,
77390,soldier_caught,0,1,0,0,193,16,8.0,177,,,1.5699182748794556,0,1.0835715193259583,0.5827187299728394,1.1757313543957635,178,greedy,greedy,Greedy,
77391,intercepted,1,0,0,0,260,24,12.0,236,260.0,130.0,2.07407808303833,0,1.085556494410028,1.0505993366241455,1.17075829462166,237,greedy,greedy,Greedy,
77392,soldier_caught,0,1,0,0,421,18,9.0,403,,,0.8134554028511047,0,1.128826551231565,1.1364707946777344,1.2211595884339634,404,greedy,greedy,Greedy,
77393,intercepted,1,0,0,0,137,14,7.0,123,137.0,68.5,4.152253150939941,0,1.0815721942532448,0.5711387991905212,1.1827345442613175,124,greedy,greedy,Greedy,
77394,intercepted,1,0,0,0,17,15,7.5,2,17.0,8.5,7.429231643676758,0,1.2328542073567708,1.000260829925537,1.248105432740526,3,greedy,greedy,Greedy,
77395,soldier_caught,0,1,0,0,177,14,7.0,163,,,1.8637417554855347,0,1.0808645685816682,1.771888256072998,1.1779388997339626,164,greedy,greedy,Greedy,
77396,soldier_caught,0,1,0,0,56,10,5.0,46,,,0.9082521200180054,0,1.0830983250065054,0.5781683921813965,1.1784252458345008,47,greedy,greedy,Greedy,
77397,intercepted,1,0,0,0,60,14,7.0,46,60.0,30.0,4.108083248138428,0,1.2155799187244254,1.5998866558074951,1.311346610989071,47,greedy,greedy,Greedy,
77398,intercepted,1,0,0,0,25,23,11.5,2,25.0,12.5,4.968114376068115,0,1.0241761803627014,2.1752731800079346,1.3112786721161034,3,greedy,greedy,Greedy,
77399,soldier_caught,0,1,0,0,30,24,12.0,6,,,1.7382158041000366,0,1.3060231038502284,1.8413296937942505,1.3506132871536545,7,greedy,greedy,Greedy,
77400,soldier_caught,0,1,0,0,107,33,16.5,74,,,0.9113066792488098,0,1.0646940231323243,0.8508431911468506,1.151988436235019,75,greedy,greedy,Greedy,
77401,intercepted,1,0,0,0,62,14,7.0,48,62.0,31.0,5.59072732925415,0,1.1125547095220916,1.130692481994629,1.2074253711056269,49,greedy,greedy,Greedy,
77402,soldier_caught,0,1,0,0,24,20,10.0,4,,,1.4301445484161377,0,1.459789514541626,2.15171480178833,1.7154350398657512,5,greedy,greedy,Greedy,
77403,intercepted,1,0,0,0,22,20,10.0,2,22.0,11.0,7.173801898956299,0,1.5480666955312092,2.133082151412964,1.6155052550854896,3,greedy,greedy,Greedy,
77404,soldier_caught,0,1,0,0,114,24,12.0,90,,,0.6463422179222107,0,1.1760478587923469,0.8398199677467346,1.2703722561713755,91,greedy,greedy,Greedy,
77405,soldier_caught,0,1,0,0,232,14,7.0,218,,,1.3201792240142822,0,1.143910102988487,1.6542130708694458,1.2512105800330067,219,greedy,greedy,Greedy,
77406,soldier_caught,0,1,0,0,89,14,7.0,75,,,0.7842093110084534,0,1.124510849973089,1.0769373178482056,1.1941406124201848,76,greedy,greedy,Greedy,
77407,intercepted,1,0,0,0,131,19,9.5,112,131.0,65.5,2.0284106731414795,0,1.1661047380318683,1.1614060401916504,1.2615310789365524,113,greedy,greedy,Greedy,
77408,intercepted,1,0,0,0,49,18,9.0,31,49.0,24.5,5.397334575653076,0,0.931343425065279,0.9496802091598511,0.9854394628587468,32,greedy,greedy,Greedy,
77409,intercepted,1,0,0,0,16,14,7.0,2,16.0,8.0,8.32973575592041,0,1.138701190551122,2.2767491340637207,1.4162296582547256,3,greedy,greedy,Greedy,
77410,soldier_caught,0,1,0,0,221,14,7.0,207,,,1.1752537488937378,0,1.0867587733440673,0.6465705633163452,1.1754048196981153,208,greedy,greedy,Greedy,
77411,soldier_caught,0,1,0,0,26,21,10.5,5,,,1.1290395259857178,0,1.3014739851156871,1.6087695360183716,1.3902391374343002,6,greedy,greedy,Greedy,
77412,soldier_caught,0,1,0,0,31,12,6.0,19,,,1.4162614345550537,0,1.0120314434170723,1.462665319442749,1.0690660457758858,20,greedy,greedy,Greedy,
77413,soldier_caught,0,1,0,0,98,25,12.5,73,,,1.8588708639144897,0,1.1765888568920058,0.5918447375297546,1.262489965784694,74,greedy,greedy,Greedy,
77414,soldier_caught,0,1,0,0,74,20,10.0,54,,,1.3308343887329102,0,1.1743468398397618,1.0349360704421997,1.2706797764415398,55,greedy,greedy,Greedy,
77415,soldier_caught,0,1,0,0,96,13,6.5,83,,,0.4701104760169983,0,1.173393960155192,1.1758842468261719,1.2492810220869583,84,greedy,greedy,Greedy,
77416,intercepted,1,0,0,0,130,16,8.0,114,130.0,65.0,2.094554901123047,0,1.137250756699106,0.5484548807144165,1.2349818166478923,115,greedy,greedy,Greedy,
77417,intercepted,1,0,0,0,42,14,7.0,28,42.0,21.0,6.231600284576416,0,1.226907296427365,1.2045775651931763,1.3759097096631268,29,greedy,greedy,Greedy,
77418,intercepted,1,0,0,0,61,15,7.5,46,61.0,30.5,5.917256832122803,0,1.1561868165401703,1.0240590572357178,1.2455628873623834,47,greedy,greedy,Greedy,
77419,intercepted,1,0,0,0,18,16,8.0,2,18.0,9.0,5.611863136291504,0,0.8228026429812113,0.5471627712249756,0.853422376992887,3,greedy,greedy,Greedy,
77420,soldier_caught,0,1,0,0,95,23,11.5,72,,,1.1648656129837036,0,1.064423242252167,1.2327724695205688,1.1565151524355886,73,greedy,greedy,Greedy,
77421,soldier_caught,0,1,0,0,19,16,8.0,3,,,1.9715296030044556,0,1.545551985502243,0.7681344747543335,1.6096166184665528,4,greedy,greedy,Greedy,
77422,intercepted,1,0,0,0,110,20,10.0,90,110.0,55.0,3.728325366973877,0,1.166674853681208,1.424118995666504,1.2839151158031223,91,greedy,greedy,Greedy,
77423,intercepted,1,0,0,0,103,12,6.0,91,103.0,51.5,3.6191651821136475,0,1.1104130785426367,2.160017490386963,1.2144361618871329,92,greedy,greedy,Greedy,
77424,soldier_caught,0,1,0,0,22,18,9.0,4,,,1.8769755363464355,0,1.2162659287452697,0.7942431569099426,1.2942141599825694,5,greedy,greedy,Greedy,
77425,soldier_caught,0,1,0,0,40,13,6.5,27,,,1.9357606172561646,0,1.0310425162315369,1.186133623123169,1.1326593588095342,28,greedy,greedy,Greedy,
77426,soldier_caught,0,1,0,0,38,13,6.5,25,,,1.7259222269058228,0,1.2504736448709781,1.5817220211029053,1.344126918773097,26,greedy,greedy,Greedy,
77427,soldier_caught,0,1,0,0,97,18,9.0,79,,,1.644396185874939,0,1.0736744191497565,0.716349184513092,1.1712832726964177,80,greedy,greedy,Greedy,
77428,soldier_caught,0,1,0,0,49,17,8.5,32,,,1.974348783493042,0,0.996479231299776,0.980154812335968,1.0475034713888618,33,greedy,greedy,Greedy,
77429,intercepted,1,0,0,0,62,15,7.5,47,62.0,31.0,4.890064716339111,0,1.215188551073273,1.3102272748947144,1.3147803826871838,48,greedy,greedy,Greedy,
77430,soldier_caught,0,1,0,0,122,23,11.5,99,,,1.9942437410354614,0,1.2161713129281997,1.0287837982177734,1.316525108030329,100,greedy,greedy,Greedy,
77431,intercepted,1,0,0,0,21,19,9.5,2,21.0,10.5,6.556962966918945,0,0.9105403224627177,0.702994704246521,0.9230175587802768,3,greedy,greedy,Greedy,
77432,intercepted,1,0,0,0,18,16,8.0,2,18.0,9.0,6.97838830947876,0,0.6453880866368612,0.7266091704368591,0.649323378383546,3,greedy,greedy,Greedy,
77433,intercepted,1,0,0,0,16,14,7.0,2,16.0,8.0,7.587244033813477,0,1.4458084503809612,1.4800444841384888,1.4514194078630236,3,greedy,greedy,Greedy,
77434,intercepted,1,0,0,0,17,15,7.5,2,17.0,8.5,10.290534973144531,0,0.8382463256518046,0.9501238465309143,0.8427179450350221,3,greedy,greedy,Greedy,
77435,soldier_caught,0,1,0,0,279,17,8.5,262,,,0.2765205502510071,0,1.1775613547277994,1.2676959037780762,1.2665592424979137,263,greedy,greedy,Greedy,
77436,intercepted,1,0,0,0,18,16,8.0,2,18.0,9.0,5.261033058166504,0,0.9682572285334269,0.7022949457168579,1.0107187105163011,3,greedy,greedy,Greedy,
77437,soldier_caught,0,1,0,0,37,17,8.5,20,,,1.0411814451217651,0,1.083146572113037,0.8794040083885193,1.1261718682296455,21,greedy,greedy,Greedy,
77438,intercepted,1,0,0,0,17,15,7.5,2,17.0,8.5,8.738249778747559,0,0.6513969302177429,0.6331806182861328,0.6544040158861439,3,greedy,greedy,Greedy,
77439,intercepted,1,0,0,0,24,22,11.0,2,24.0,12.0,8.20791244506836,0,1.6053213278452556,1.6880183219909668,1.6064858524739696,3,greedy,greedy,Greedy,
77440,intercepted,1,0,0,0,141,12,6.0,129,141.0,70.5,2.9917335510253906,0,1.2290736810519145,0.27239957451820374,1.3107334808332578,130,greedy,greedy,Greedy,
77441,soldier_caught,0,1,0,0,45,22,11.0,23,,,0.2719602882862091,0,1.017389206836621,1.3358491659164429,1.1005181137298972,24,greedy,greedy,Greedy,
77442,soldier_caught,0,1,0,0,171,16,8.0,155,,,1.6144957542419434,0,1.1361963267509754,0.7753484845161438,1.2304538420027575,156,greedy,greedy,Greedy,
77443,soldier_caught,0,1,0,0,41,18,9.0,23,,,1.2393386363983154,0,1.1894046279291313,2.1608097553253174,1.28187447329351,24,greedy,greedy,Greedy,
77444,intercepted,1,0,0,0,349,14,7.0,335,349.0,174.5,2.1631340980529785,0,1.1081032577369894,0.7877055406570435,1.2007150546934349,336,greedy,greedy,Greedy,
77445,soldier_caught,0,1,0,0,172,18,9.0,154,,,1.9093067646026611,0,1.1926051883928237,1.8251019716262817,1.2976645018734592,155,greedy,greedy,Greedy,
77446,intercepted,1,0,0,0,280,18,9.0,262,280.0,140.0,2.109220266342163,0,1.1440252871341126,1.7614905834197998,1.252642361098541,263,greedy,greedy,Greedy,
77447,soldier_caught,0,1,0,0,100,21,10.5,79,,,0.39033734798431396,0,1.114152554795146,0.7366178035736084,1.2125181907886362,80,greedy,greedy,Greedy,
77448,intercepted,1,0,0,0,342,13,6.5,329,342.0,171.0,2.080021858215332,0,1.1425193141807208,0.5716162323951721,1.2434105651196308,330,greedy,greedy,Greedy,
77449,soldier_caught,0,1,0,0,153,14,7.0,139,,,1.39254891872406,0,1.09054645927889,2.065984010696411,1.178457961150993,140,greedy,greedy,Greedy,
77450,intercepted,1,0,0,0,163,21,10.5,142,163.0,81.5,5.089720249176025,0,1.182723930769867,1.5735446214675903,1.2768282776801567,143,greedy,greedy,Greedy,
77451,intercepted,1,0,0,0,113,24,12.0,89,113.0,56.5,2.3384790420532227,0,1.1016251103745567,1.3581770658493042,1.1681135158557743,90,greedy,greedy,Greedy,
77452,soldier_caught,0,1,0,0,349,18,9.0,331,,,1.4046695232391357,0,1.1402301001530815,1.140707015991211,1.2337649953132412,332,greedy,greedy,Greedy,
77453,intercepted,1,0,0,0,466,14,7.0,452,466.0,233.0,2.26859450340271,0,1.1225867276686443,0.8145915269851685,1.220876438023119,453,greedy,greedy,Greedy,
77454,soldier_caught,0,1,0,0,143,16,8.0,127,,,0.8166329860687256,0,1.1831992202205583,1.5258355140686035,1.276991325736953,128,greedy,greedy,Greedy,
77455,soldier_caught,0,1,0,0,53,14,7.0,39,,,1.763313889503479,0,1.136256007477641,1.6549166440963745,1.2577773109949304,40,greedy,greedy,Greedy,
77456,soldier_caught,0,1,0,0,42,16,8.0,26,,,1.6848275661468506,0,1.1225046272631045,1.2553082704544067,1.2343265145951328,27,greedy,greedy,Greedy,
77457,soldier_caught,0,1,0,0,132,21,10.5,111,,,1.2644962072372437,0,1.0656631252329265,0.8913005590438843,1.162750243493323,112,greedy,greedy,Greedy,
77458,intercepted,1,0,0,0,17,15,7.5,2,17.0,8.5,7.671188831329346,0,0.6288000345230103,0.5158936381340027,0.6347824270449308,3,greedy,greedy,Greedy,
77459,intercepted,1,0,0,0,18,16,8.0,2,18.0,9.0,8.196117401123047,0,0.8933143218358358,0.6297097206115723,0.9125563067677788,3,greedy,greedy,Greedy,
77460,soldier_caught,0,1,0,0,179,17,8.5,162,,,1.4713435173034668,0,1.1267844558310656,0.40331730246543884,1.2201124305774824,163,greedy,greedy,Greedy,
77461,intercepted,1,0,0,0,17,15,7.5,2,17.0,8.5,5.853213787078857,0,1.035527527332306,0.8244383335113525,1.121094312925269,3,greedy,greedy,Greedy,
77462,intercepted,1,0,0,0,19,17,8.5,2,19.0,9.5,8.67978286743164,0,0.9084264834721884,0.9577328562736511,0.9366341768681563,3,greedy,greedy,Greedy,
77463,soldier_caught,0,1,0,0,194,16,8.0,178,,,1.8179848194122314,0,1.0943313458278858,0.503026008605957,1.1904970649046926,179,greedy,greedy,Greedy,
77464,intercepted,1,0,0,0,107,17,8.5,90,107.0,53.5,2.830266237258911,0,1.2600055785624535,1.6147007942199707,1.353658645981276,91,greedy,greedy,Greedy,
77465,soldier_caught,0,1,0,0,66,25,12.5,41,,,1.5458424091339111,0,1.0306773767584847,1.5469434261322021,1.1190110689107244,42,greedy,greedy,Greedy,
77466,intercepted,1,0,0,0,228,19,9.5,209,228.0,114.0,2.896336317062378,0,1.1108944924814361,1.9195855855941772,1.1916400113721852,210,greedy,greedy,Greedy,
77467,soldier_caught,0,1,0,0,96,16,8.0,80,,,1.2883175611495972,0,1.1683032442758112,0.7058271169662476,1.2749697861519411,81,greedy,greedy,Greedy,
77468,intercepted,1,0,0,0,219,14,7.0,205,219.0,109.5,2.1471853256225586,0,1.162821797563613,0.8440001010894775,1.2648423670112066,206,greedy,greedy,Greedy,
77469,soldier_caught,0,1,0,0,54,15,7.5,39,,,1.63302743434906,0,1.1050239119678735,0.12536974251270294,1.2292052958698994,40,greedy,greedy,Greedy,
77470,intercepted,1,0,0,0,29,27,13.5,2,29.0,14.5,4.142419815063477,0,1.166224181652069,1.1933069229125977,1.1986138269189743,3,greedy,greedy,Greedy,
77471,intercepted,1,0,0,0,111,20,10.0,91,111.0,55.5,4.284585475921631,0,1.0578934760845227,1.0090097188949585,1.1490023444700446,92,greedy,greedy,Greedy,
77472,intercepted,1,0,0,0,18,16,8.0,2,18.0,9.0,5.66501522064209,0,1.226087709267934,1.5278005599975586,1.266004264654389,3,greedy,greedy,Greedy,
77473,intercepted,1,0,0,0,20,18,9.0,2,20.0,10.0,9.286276817321777,0,1.6730605761210124,1.5489424467086792,1.7346452909081436,3,greedy,greedy,Greedy,
77474,soldier_caught,0,1,0,0,118,23,11.5,95,,,1.819313406944275,0,1.112872585343818,1.0853159427642822,1.2064299658873445,96,greedy,greedy,Greedy,
77475,intercepted,1,0,0,0,16,14,7.0,2,16.0,8.0,7.581849575042725,0,1.093360960483551,1.7696468830108643,1.2226607103771896,3,greedy,greedy,Greedy,
77476,intercepted,1,0,0,0,18,16,8.0,2,18.0,9.0,6.482520580291748,0,1.1073684295018513,0.6451961994171143,1.1844115519620253,3,greedy,greedy,Greedy,
77477,intercepted,1,0,0,0,18,16,8.0,2,18.0,9.0,3.598215103149414,0,0.6494223574797312,0.4146621525287628,0.693263381530117,3,greedy,greedy,Greedy,
77478,soldier_caught,0,1,0,0,136,12,6.0,124,,,0.9604121446609497,0,1.1394905948638916,1.9617598056793213,1.2575665044068514,125,greedy,greedy,Greedy,
77479,soldier_caught,0,1,0,0,229,15,7.5,214,,,0.5890819430351257,0,1.1187844645838405,0.9067613482475281,1.2110314963835869,215,greedy,greedy,Greedy,
77480,soldier_caught,0,1,0,0,256,28,14.0,228,,,1.1035445928573608,0,1.1718714317249939,1.1734504699707031,1.2648901183769115,229,greedy,greedy,Greedy,
77481,intercepted,1,0,0,0,54,19,9.5,35,54.0,27.0,5.6277594566345215,0,1.1659891481200855,0.949779212474823,1.279885674263184,36,greedy,greedy,Greedy,
77482,intercepted,1,0,0,0,17,15,7.5,2,17.0,8.5,7.267855644226074,0,1.2014867464701335,1.626578450202942,1.2430245160460782,3,greedy,greedy,Greedy,
77483,intercepted,1,0,0,0,22,20,10.0,2,22.0,11.0,6.460236549377441,0,1.4011756579081218,1.6041933298110962,1.4103340970178684,3,greedy,greedy,Greedy,
77484,intercepted,1,0,0,0,59,18,9.0,41,59.0,29.5,4.390063285827637,0,0.9616135468795186,0.551130473613739,1.0383785198401605,42,greedy,greedy,Greedy,
77485,intercepted,1,0,0,0,19,17,8.5,2,19.0,9.5,7.0224432945251465,0,1.008410672346751,0.6420508027076721,1.0419873048794368,3,greedy,greedy,Greedy,
77486,intercepted,1,0,0,0,18,16,8.0,2,18.0,9.0,6.919449806213379,0,1.1900242765744526,1.0453267097473145,1.4237293123970856,3,greedy,greedy,Greedy,
77487,soldier_caught,0,1,0,0,46,20,10.0,26,,,1.8841564655303955,0,1.0039127182077479,1.4992516040802002,1.0934817032971276,27,greedy,greedy,Greedy,
77488,soldier_caught,0,1,0,0,57,11,5.5,46,,,1.6484936475753784,0,1.2501195548696722,0.36079978942871094,1.3592161280640163,47,greedy,greedy,Greedy,
77489,intercepted,1,0,0,0,53,19,9.5,34,53.0,26.5,6.688632965087891,0,1.2110196948051453,1.507879614830017,1.3054863195242914,35,greedy,greedy,Greedy,
77490,soldier_caught,0,1,0,0,450,22,11.0,428,,,0.9463155269622803,0,1.1431785802463275,2.8891398906707764,1.2367455265999172,429,greedy,greedy,Greedy,
77491,intercepted,1,0,0,0,14,12,6.0,2,14.0,7.0,7.08728551864624,0,1.6095736821492512,2.265336513519287,1.734082707648011,3,greedy,greedy,Greedy,
77492,intercepted,1,0,0,0,125,18,9.0,107,125.0,62.5,2.2707202434539795,0,1.2025012398069654,0.3852488100528717,1.2942037368795476,108,greedy,greedy,Greedy,
77493,intercepted,1,0,0,0,38,14,7.0,24,38.0,19.0,5.318685531616211,0,1.078136112689972,1.1205177307128906,1.1729876923931986,25,greedy,greedy,Greedy,
77494,soldier_caught,0,1,0,0,63,14,7.0,49,,,1.7169479131698608,0,1.1748584139347076,0.37169885635375977,1.2905806750211706,50,greedy,greedy,Greedy,
77495,soldier_caught,0,1,0,0,74,22,11.0,52,,,0.8031153678894043,0,1.3199589387425836,0.5942571759223938,1.43193195949059,53,greedy,greedy,Greedy,
77496,intercepted,1,0,0,0,24,22,11.0,2,24.0,12.0,8.046618461608887,0,0.9634933869043986,1.4695924520492554,1.0286838349556953,3,greedy,greedy,Greedy,
77497,intercepted,1,0,0,0,15,13,6.5,2,15.0,7.5,6.461740970611572,0,1.4176231225331624,1.2120245695114136,1.432839268642981,3,greedy,greedy,Greedy,
77498,intercepted,1,0,0,0,75,30,15.0,45,75.0,37.5,3.032240390777588,0,1.0738860669991244,0.47776487469673157,1.1610706341657864,46,greedy,greedy,Greedy,
77499,intercepted,1,0,0,0,60,20,10.0,40,60.0,30.0,2.871950387954712,0,1.1225411513956582,0.5959034562110901,1.2284619552713607,41,greedy,greedy,Greedy,
77500,soldier_caught,0,1,0,0,56,18,9.0,38,,,1.3700076341629028,0,1.150249644731864,0.840150773525238,1.2031982499705307,39,greedy,greedy,Greedy,
77501,soldier_caught,0,1,0,0,39,19,9.5,20,,,0.4746405780315399,0,1.2994287751969837,0.779228925704956,1.3820330192334647,21,greedy,greedy,Greedy,
77502,intercepted,1,0,0,0,17,15,7.5,2,17.0,8.5,6.677846431732178,0,1.1104772885640461,1.172842025756836,1.142624557322571,3,greedy,greedy,Greedy,
77503,soldier_caught,0,1,0,0,38,16,8.0,22,,,0.920268714427948,0,1.2121901175250178,0.8163223266601562,1.3475098753607728,23,greedy,greedy,Greedy,
77504,soldier_caught,0,1,0,0,140,19,9.5,121,,,1.9632887840270996,0,1.0490849157337283,0.5919639468193054,1.1718190852399821,122,greedy,greedy,Greedy,
77505,soldier_caught,0,1,0,0,127,15,7.5,112,,,1.985758900642395,0,1.072979179367555,1.3053209781646729,1.18380598891429,113,greedy,greedy,Greedy,
77506,intercepted,1,0,0,0,16,14,7.0,2,16.0,8.0,5.379610538482666,0,1.1583810249964397,1.4291527271270752,1.174142794922325,3,greedy,greedy,Greedy,
77507,intercepted,1,0,0,0,63,16,8.0,47,63.0,31.5,3.554192304611206,0,1.1525529163579147,1.1799198389053345,1.2286183043256034,48,greedy,greedy,Greedy,
77508,intercepted,1,0,0,0,15,13,6.5,2,15.0,7.5,5.841911315917969,0,0.7643366853396097,0.6608941555023193,0.7898093437014185,3,greedy,greedy,Greedy,
77509,soldier_caught,0,1,0,0,34,13,6.5,21,,,1.566324234008789,0,1.3152854378250511,1.1873154640197754,1.4262716126224835,22,greedy,greedy,Greedy,
77510,soldier_caught,0,1,0,0,374,21,10.5,353,,,1.7037866115570068,0,1.1040260355688085,2.2314834594726562,1.208113229513438,354,greedy,greedy,Greedy,
77511,intercepted,1,0,0,0,42,19,9.5,23,42.0,21.0,4.658543586730957,0,1.0795818840463955,0.8314834833145142,1.1456862394670777,24,greedy,greedy,Greedy,
77512,soldier_caught,0,1,0,0,160,14,7.0,146,,,1.2181919813156128,0,1.1021228211672127,1.845690369606018,1.2124438616403492,147,greedy,greedy,Greedy,
77513,soldier_caught,0,1,0,0,242,18,9.0,224,,,1.61030912399292,0,1.136929786735111,0.9917002320289612,1.2411430688983425,225,greedy,greedy,Greedy,
77514,intercepted,1,0,0,0,61,14,7.0,47,61.0,30.5,3.126004457473755,0,1.1733289177839954,1.4428603649139404,1.2809641539961694,48,greedy,greedy,Greedy,
77515,soldier_caught,0,1,0,0,41,19,9.5,22,,,1.4554260969161987,0,1.0162337888842043,0.729989230632782,1.0785185984254493,23,greedy,greedy,Greedy,
77516,intercepted,1,0,0,0,151,21,10.5,130,151.0,75.5,2.648385763168335,0,1.1203897810391796,1.3369696140289307,1.2249090430368117,131,greedy,greedy,Greedy,
77517,intercepted,1,0,0,0,42,17,8.5,25,42.0,21.0,2.989612102508545,0,1.2202367232396052,0.6265915632247925,1.2980713107830038,26,greedy,greedy,Greedy,
77518,intercepted,1,0,0,0,18,16,8.0,2,18.0,9.0,7.837413311004639,0,0.883530338605245,0.9232903122901917,0.8845019312938761,3,greedy,greedy,Greedy,
77519,soldier_caught,0,1,0,0,90,13,6.5,77,,,1.8066246509552002,0,1.1609744433409128,1.2041186094284058,1.2461639372325903,78,greedy,greedy,Greedy,
77520,soldier_caught,0,1,0,0,43,14,7.0,29,,,0.2911044955253601,0,0.9409950147072474,1.1879643201828003,1.0231039623546931,30,greedy,greedy,Greedy,
77521,soldier_caught,0,1,0,0,288,18,9.0,270,,,1.624112606048584,0,1.1439978149324326,1.216558814048767,1.2356158016479903,271,greedy,greedy,Greedy,
77522,intercepted,1,0,0,0,148,15,7.5,133,148.0,74.0,2.685934066772461,0,1.1324413185244175,0.9003875851631165,1.2294045800076903,134,greedy,greedy,Greedy,
77523,intercepted,1,0,0,0,59,13,6.5,46,59.0,29.5,5.309131622314453,0,1.0390717571086072,0.8198814988136292,1.128615335856774,47,greedy,greedy,Greedy,
77524,soldier_caught,0,1,0,0,128,18,9.0,110,,,1.4239143133163452,0,1.0957244331235285,0.6223854422569275,1.1972833921667212,111,greedy,greedy,Greedy,
77525,intercepted,1,0,0,0,20,18,9.0,2,20.0,10.0,5.938407897949219,0,0.6661965250968933,1.0277955532073975,0.7137527247916075,3,greedy,greedy,Greedy,
77526,soldier_caught,0,1,0,0,99,17,8.5,82,,,1.9102602005004883,0,1.0685467531523072,0.9155483245849609,1.164454078739993,83,greedy,greedy,Greedy,
77527,intercepted,1,0,0,0,96,11,5.5,85,96.0,48.0,2.370723009109497,0,1.0989621972968413,1.695251226425171,1.185880214198666,86,greedy,greedy,Greedy,
77528,intercepted,1,0,0,0,60,13,6.5,47,60.0,30.0,3.4791531562805176,0,1.1555263702757657,0.306132972240448,1.2748269628966753,48,greedy,greedy,Greedy,
77529,soldier_caught,0,1,0,0,80,16,8.0,64,,,1.6209694147109985,0,1.1120345546649053,1.1027116775512695,1.1871259483111563,65,greedy,greedy,Greedy,
77530,intercepted,1,0,0,0,16,14,7.0,2,16.0,8.0,5.4865193367004395,0,1.2834697763125102,1.9161888360977173,1.3870033097965577,3,greedy,greedy,Greedy,
77531,soldier_caught,0,1,0,0,129,26,13.0,103,,,1.6449832916259766,0,1.106175910968047,1.8604451417922974,1.195705233419756,104,greedy,greedy,Greedy,
77532,intercepted,1,0,0,0,39,15,7.5,24,39.0,19.5,4.8123602867126465,0,1.1178544163703918,0.9667866826057434,1.166897007919259,25,greedy,greedy,Greedy,
77533,soldier_caught,0,1,0,0,351,12,6.0,339,,,0.8934670090675354,0,1.1616684937082669,0.6173270344734192,1.2657911295754647,340,greedy,greedy,Greedy,
77534,soldier_caught,0,1,0,0,104,12,6.0,92,,,1.9554486274719238,0,1.058904753497211,1.5823472738265991,1.13490919981516,93,greedy,greedy,Greedy,
77535,soldier_caught,0,1,0,0,244,18,9.0,226,,,1.8698774576187134,0,1.1611921186948664,1.7102091312408447,1.27395750199837,227,greedy,greedy,Greedy,
77536,intercepted,1,0,0,0,102,12,6.0,90,102.0,51.0,3.3218917846679688,0,1.0793958489711468,0.32518470287323,1.1807095241513854,91,greedy,greedy,Greedy,
77537,soldier_caught,0,1,0,0,162,18,9.0,144,,,1.793972373008728,0,1.164049350290463,0.7167282700538635,1.271935532227287,145,greedy,greedy,Greedy,
77538,soldier_caught,0,1,0,0,316,17,8.5,299,,,1.9116981029510498,0,1.0856871306399505,1.5481172800064087,1.177563659817185,300,greedy,greedy,Greedy,
77539,soldier_caught,0,1,0,0,77,17,8.5,60,,,1.7449860572814941,0,0.9455412469926427,0.8141130805015564,1.0274605891630302,61,greedy,greedy,Greedy,
77540,intercepted,1,0,0,0,66,18,9.0,48,66.0,33.0,3.791433334350586,0,1.1204612650433365,1.7224570512771606,1.2003991157715383,49,greedy,greedy,Greedy,
77541,intercepted,1,0,0,0,139,17,8.5,122,139.0,69.5,3.048959255218506,0,1.2076513274171488,0.5166194438934326,1.3237407964544805,123,greedy,greedy,Greedy,
77542,intercepted,1,0,0,0,107,15,7.5,92,107.0,53.5,3.051173448562622,0,1.1701540594459863,0.855503261089325,1.2688850718482811,93,greedy,greedy,Greedy,
77543,soldier_caught,0,1,0,0,34,14,7.0,20,,,0.7774751782417297,0,1.1004982335226876,0.4714523255825043,1.2303184704574173,21,greedy,greedy,Greedy,
77544,soldier_caught,0,1,0,0,258,28,14.0,230,,,1.7916289567947388,0,1.1804741037872446,1.0334384441375732,1.2800454347400514,231,greedy,greedy,Greedy,
77545,soldier_caught,0,1,0,0,50,19,9.5,31,,,1.9023271799087524,0,1.0102147166617215,1.459529161453247,1.0926273773613744,32,greedy,greedy,Greedy,
77546,intercepted,1,0,0,0,182,18,9.0,164,182.0,91.0,2.8584094047546387,0,1.1663064080657382,1.680102825164795,1.2699637731372364,165,greedy,greedy,Greedy,
77547,unsafe_intercept,0,0,1,0,129,14,7.0,115,,,2.770507574081421,0,1.1620298528979565,1.0929983854293823,1.2594423709015825,116,greedy,greedy,Greedy,
77548,intercepted,1,0,0,0,77,17,8.5,60,77.0,38.5,2.5860185623168945,0,1.1601869236738955,1.387377381324768,1.266274134339666,61,greedy,greedy,Greedy,
77549,intercepted,1,0,0,0,20,18,9.0,2,20.0,10.0,9.257073402404785,0,1.0730334719022114,0.9845405220985413,1.0912757541634817,3,greedy,greedy,Greedy,
77550,soldier_caught,0,1,0,0,190,15,7.5,175,,,0.7085844874382019,0,1.1496467557312413,0.9759036898612976,1.2509500847419526,176,greedy,greedy,Greedy,
77551,soldier_caught,0,1,0,0,148,16,8.0,132,,,1.2976877689361572,0,1.1573025906892647,1.5616604089736938,1.2456556905185596,133,greedy,greedy,Greedy,
77552,soldier_caught,0,1,0,0,107,18,9.0,89,,,1.6022331714630127,0,1.109487614201175,0.849697470664978,1.1962966585692414,90,greedy,greedy,Greedy,
77553,intercepted,1,0,0,0,103,12,6.0,91,103.0,51.5,2.0343756675720215,0,1.118425374445708,1.5304913520812988,1.2138777785310944,92,greedy,greedy,Greedy,
77554,intercepted,1,0,0,0,24,22,11.0,2,24.0,12.0,8.694025039672852,0,1.443232536315918,1.0932637453079224,1.508487560739085,3,greedy,greedy,Greedy,
77555,soldier_caught,0,1,0,0,71,18,9.0,53,,,1.9480589628219604,0,1.194170778548276,0.7561948895454407,1.2593531789877708,54,greedy,greedy,Greedy,
77556,intercepted,1,0,0,0,631,21,10.5,610,631.0,315.5,2.139674186706543,0,1.103356532276945,0.6772878766059875,1.1954068037088532,611,greedy,greedy,Greedy,
77557,soldier_caught,0,1,0,0,166,12,6.0,154,,,1.8768609762191772,0,1.1589835437074785,0.7802993059158325,1.259667226798443,155,greedy,greedy,Greedy,
77558,soldier_caught,0,1,0,0,263,17,8.5,246,,,1.8057547807693481,0,1.1539861287182642,1.4383352994918823,1.2461418658105343,247,greedy,greedy,Greedy,
77559,intercepted,1,0,0,0,17,15,7.5,2,17.0,8.5,5.349264621734619,0,1.388899326324463,1.1857457160949707,1.4018990579305561,3,greedy,greedy,Greedy,
77560,intercepted,1,0,0,0,19,17,8.5,2,19.0,9.5,4.390596389770508,0,1.782719890276591,1.5585110187530518,1.818292242298407,3,greedy,greedy,Greedy,
77561,soldier_caught,0,1,0,0,87,22,11.0,65,,,1.9493190050125122,0,1.0805495832905625,1.7333790063858032,1.1595997567815088,66,greedy,greedy,Greedy,
77562,intercepted,1,0,0,0,22,20,10.0,2,22.0,11.0,7.567025184631348,0,1.121086299419403,1.6064149141311646,1.1908596093021027,3,greedy,greedy,Greedy,
77563,soldier_caught,0,1,0,0,23,19,9.5,4,,,1.5114613771438599,0,1.43980929851532,1.4189053773880005,1.5565090828062937,5,greedy,greedy,Greedy,
77564,intercepted,1,0,0,0,69,23,11.5,46,69.0,34.5,5.668386936187744,0,1.1019982026612505,0.24090655148029327,1.1923100533865414,47,greedy,greedy,Greedy,
77565,soldier_caught,0,1,0,0,224,13,6.5,211,,,1.9658950567245483,0,1.2189032367237334,0.8119400143623352,1.2986774717713745,212,greedy,greedy,Greedy,
77566,intercepted,1,0,0,0,21,19,9.5,2,21.0,10.5,7.5852251052856445,0,1.0996432900428772,0.4959946274757385,1.1955813717156107,3,greedy,greedy,Greedy,
77567,soldier_caught,0,1,0,0,66,18,9.0,48,,,0.7815794348716736,0,1.0867469955463798,0.8747245669364929,1.1565121340744042,49,greedy,greedy,Greedy,
77568,intercepted,1,0,0,0,17,15,7.5,2,17.0,8.5,5.266089916229248,0,0.8068928321202596,0.3007134199142456,0.9464117173242882,3,greedy,greedy,Greedy,
77569,intercepted,1,0,0,0,16,14,7.0,2,16.0,8.0,5.302483558654785,0,1.5214715003967285,0.9003614187240601,1.5983198705917798,3,greedy,greedy,Greedy,
77570,soldier_caught,0,1,0,0,54,14,7.0,40,,,1.3350861072540283,0,1.097840418902839,1.0181446075439453,1.1910640014003282,41,greedy,greedy,Greedy,
77571,intercepted,1,0,0,0,453,16,8.0,437,453.0,226.5,2.152697801589966,0,1.1309136253989995,0.7559423446655273,1.2213254063576375,438,greedy,greedy,Greedy,
77572,soldier_caught,0,1,0,0,52,26,13.0,26,,,1.809043526649475,0,1.0356598717195016,1.3038429021835327,1.10363148598044,27,greedy,greedy,Greedy,
77573,intercepted,1,0,0,0,106,16,8.0,90,106.0,53.0,4.496618270874023,0,1.1316147547338036,1.3578828573226929,1.2403739609205524,91,greedy,greedy,Greedy,
77574,intercepted,1,0,0,0,22,20,10.0,2,22.0,11.0,4.332703113555908,0,1.0050417184829712,0.5627455711364746,1.0526323586839215,3,greedy,greedy,Greedy,
77575,intercepted,1,0,0,0,173,27,13.5,146,173.0,86.5,2.0403504371643066,0,1.1031623974341114,0.4192191958427429,1.193681923081281,147,greedy,greedy,Greedy,
77576,soldier_caught,0,1,0,0,128,13,6.5,115,,,0.7758190035820007,0,1.138440460994326,1.576718807220459,1.2348517488869721,116,greedy,greedy,Greedy,
77577,intercepted,1,0,0,0,218,16,8.0,202,218.0,109.0,2.2333719730377197,0,1.1478173468500523,0.2957402169704437,1.2440318998407287,203,greedy,greedy,Greedy,
77578,intercepted,1,0,0,0,153,13,6.5,140,153.0,76.5,4.20383882522583,0,1.1027928375183267,0.970546305179596,1.190631305134889,141,greedy,greedy,Greedy,
77579,intercepted,1,0,0,0,23,21,10.5,2,23.0,11.5,6.620262145996094,0,0.7937431732813517,0.7965950965881348,0.80548111513287,3,greedy,greedy,Greedy,
77580,intercepted,1,0,0,0,112,12,6.0,100,112.0,56.0,5.251673698425293,0,1.1174144355008508,1.5053714513778687,1.2133220265550988,101,greedy,greedy,Greedy,
77581,soldier_caught,0,1,0,0,317,14,7.0,303,,,1.593141794204712,0,1.1460343469914638,0.4831581711769104,1.2442058179663513,304,greedy,greedy,Greedy,
77582,intercepted,1,0,0,0,174,19,9.5,155,174.0,87.0,2.1722774505615234,0,1.0924390209599948,1.0640217065811157,1.1935442976054758,156,greedy,greedy,Greedy,
77583,soldier_caught,0,1,0,0,158,24,12.0,134,,,1.1178619861602783,0,1.1407218865774296,2.968912363052368,1.2499333413299518,135,greedy,greedy,Greedy,
77584,intercepted,1,0,0,0,14,12,6.0,2,14.0,7.0,7.422050476074219,0,1.0206927259763081,0.8201902508735657,1.066314155024202,3,greedy,greedy,Greedy,
77585,soldier_caught,0,1,0,0,58,18,9.0,40,,,1.7576223611831665,0,0.9829459739167515,0.9612471461296082,1.0572073237700943,41,greedy,greedy,Greedy,
77586,intercepted,1,0,0,0,17,15,7.5,2,17.0,8.5,5.428410053253174,0,1.1079941391944885,0.7565350532531738,1.3620768532609617,3,greedy,greedy,Greedy,
77587,soldier_caught,0,1,0,0,22,18,9.0,4,,,1.566385269165039,0,0.7755218207836151,0.40522435307502747,0.8863819336151064,5,greedy,greedy,Greedy,
77588,intercepted,1,0,0,0,63,16,8.0,47,63.0,31.5,4.202188491821289,0,1.0888632020602624,2.260894775390625,1.1825094766022386,48,greedy,greedy,Greedy,
77589,soldier_caught,0,1,0,0,75,20,10.0,55,,,1.7551788091659546,0,1.0816377185817276,1.373020052909851,1.1595677044429031,56,greedy,greedy,Greedy,
77590,soldier_caught,0,1,0,0,56,17,8.5,39,,,1.2455084323883057,0,1.2813283197581768,0.48157185316085815,1.4094758129343112,40,greedy,greedy,Greedy,
77591,intercepted,1,0,0,0,13,11,5.5,2,13.0,6.5,6.534938335418701,0,1.9596473972002666,0.8207337260246277,2.118901149227107,3,greedy,greedy,Greedy,
77592,intercepted,1,0,0,0,181,39,19.5,142,181.0,90.5,2.357628107070923,0,1.2304218178028827,1.3760747909545898,1.3334052860771075,143,greedy,greedy,Greedy,
77593,soldier_caught,0,1,0,0,248,18,9.0,230,,,1.2305958271026611,0,1.083793246062287,0.9515727758407593,1.1810333935398805,231,greedy,greedy,Greedy,
77594,intercepted,1,0,0,0,118,13,6.5,105,118.0,59.0,3.687189817428589,0,1.2046938769097597,1.9057610034942627,1.3138333296355074,106,greedy,greedy,Greedy,
77595,soldier_caught,0,1,0,0,90,13,6.5,77,,,1.8147034645080566,0,1.1458030793911371,0.5590343475341797,1.2684714814083309,78,greedy,greedy,Greedy,
77596,soldier_caught,0,1,0,0,77,26,13.0,51,,,1.625748872756958,0,1.1102273234954247,1.0611178874969482,1.1914942441226473,52,greedy,greedy,Greedy,
77597,intercepted,1,0,0,0,320,17,8.5,303,320.0,160.0,3.446253776550293,0,1.1429397409267135,1.3388569355010986,1.2308306622106953,304,greedy,greedy,Greedy,
77598,soldier_caught,0,1,0,0,22,19,9.5,3,,,1.1263213157653809,0,1.4287286847829819,1.2763699293136597,1.5257806921680248,4,greedy,greedy,Greedy,
77599,soldier_caught,0,1,0,0,170,16,8.0,154,,,1.1549532413482666,0,1.0801856659112439,0.4340997338294983,1.166485118045264,155,greedy,greedy,Greedy,
77600,intercepted,1,0,0,0,19,17,8.5,2,19.0,9.5,7.056828022003174,0,1.4114834864934285,0.8015439510345459,1.5069803425923887,3,greedy,greedy,Greedy,
77601,intercepted,1,0,0,0,67,20,10.0,47,67.0,33.5,2.4583592414855957,0,1.2349013183265924,0.965236246585846,1.3437895200732972,48,greedy,greedy,Greedy,
77602,soldier_caught,0,1,0,0,24,19,9.5,5,,,1.123771071434021,0,1.4848449031511943,1.9034212827682495,1.5793576873825432,6,greedy,greedy,Greedy,
77603,intercepted,1,0,0,0,16,14,7.0,2,16.0,8.0,3.6543209552764893,0,0.87070432305336,0.4171355068683624,0.9352222461567694,3,greedy,greedy,Greedy,
77604,intercepted,1,0,0,0,23,21,10.5,2,23.0,11.5,6.236705303192139,0,1.0741393466790516,0.47550496459007263,1.16901720233674,3,greedy,greedy,Greedy,
77605,soldier_caught,0,1,0,0,79,22,11.0,57,,,1.8272619247436523,0,1.1621850333337127,1.239115595817566,1.2705618637808775,58,greedy,greedy,Greedy,
77606,soldier_caught,0,1,0,0,243,19,9.5,224,,,0.6614381074905396,0,1.0923382822010252,1.1752599477767944,1.186498547914629,225,greedy,greedy,Greedy,
77607,intercepted,1,0,0,0,15,13,6.5,2,15.0,7.5,7.571771621704102,0,1.0438742240269978,1.6760022640228271,1.14930864223309,3,greedy,greedy,Greedy,
77608,soldier_caught,0,1,0,0,38,17,8.5,21,,,1.5498321056365967,0,1.0616762719371102,2.639756441116333,1.1440812293564837,22,greedy,greedy,Greedy,
77609,intercepted,1,0,0,0,161,17,8.5,144,161.0,80.5,2.479780673980713,0,1.141199796980825,0.7393256425857544,1.219064383762576,145,greedy,greedy,Greedy,
77610,intercepted,1,0,0,0,113,16,8.0,97,113.0,56.5,2.5779759883880615,0,1.1645329503380522,1.8301020860671997,1.2517033991918498,98,greedy,greedy,Greedy,
77611,intercepted,1,0,0,0,60,12,6.0,48,60.0,30.0,3.003624439239502,0,1.2248384429483998,0.9772119522094727,1.3060219718763846,49,greedy,greedy,Greedy,
77612,soldier_caught,0,1,0,0,29,12,6.0,17,,,1.1755026578903198,0,1.2914845711655087,1.3521701097488403,1.3489558083849258,18,greedy,greedy,Greedy,
77613,soldier_caught,0,1,0,0,53,13,6.5,40,,,1.5655574798583984,0,1.2131253480911255,1.4854800701141357,1.3103450024410666,41,greedy,greedy,Greedy,
77614,soldier_caught,0,1,0,0,94,24,12.0,70,,,1.4476374387741089,0,1.075278232215156,1.2869993448257446,1.1748949600535392,71,greedy,greedy,Greedy,
77615,intercepted,1,0,0,0,16,14,7.0,2,16.0,8.0,5.335818290710449,0,0.6215622325738271,0.6874361634254456,0.6339134317257823,3,greedy,greedy,Greedy,
77616,intercepted,1,0,0,0,301,19,9.5,282,301.0,150.5,3.305294990539551,0,1.089500959580863,1.568709135055542,1.2031338623795664,283,greedy,greedy,Greedy,
77617,intercepted,1,0,0,0,131,16,8.0,115,131.0,65.5,2.4012656211853027,0,1.1075003798408756,1.008262276649475,1.182420169720562,116,greedy,greedy,Greedy,
77618,soldier_caught,0,1,0,0,124,15,7.5,109,,,1.044211745262146,0,1.177469696781852,0.9704765677452087,1.291839965179492,110,greedy,greedy,Greedy,
77619,soldier_caught,0,1,0,0,27,23,11.5,4,,,1.5819218158721924,0,1.3905011057853698,1.295197606086731,1.6046426029353664,5,greedy,greedy,Greedy,
77620,soldier_caught,0,1,0,0,449,11,5.5,438,,,0.9678658246994019,0,1.1236235075768142,1.3581432104110718,1.2146622334179085,439,greedy,greedy,Greedy,
77621,intercepted,1,0,0,0,19,17,8.5,2,19.0,9.5,5.331862926483154,0,1.2685537735621135,1.1046723127365112,1.2739103779686476,3,greedy,greedy,Greedy,
77622,intercepted,1,0,0,0,37,14,7.0,23,37.0,18.5,2.0878820419311523,0,1.0358425378799438,1.3155523538589478,1.1068578087048662,24,greedy,greedy,Greedy,
77623,soldier_caught,0,1,0,0,68,11,5.5,57,,,1.3302949666976929,0,1.083022232456454,1.071361780166626,1.1929060365458024,58,greedy,greedy,Greedy,
77624,intercepted,1,0,0,0,19,17,8.5,2,19.0,9.5,6.3787007331848145,0,1.1277249455451965,1.0914584398269653,1.1520433509640062,3,greedy,greedy,Greedy,
77625,intercepted,1,0,0,0,128,17,8.5,111,128.0,64.0,2.14587664604187,0,1.1193693501076527,1.4249533414840698,1.2160986196975947,112,greedy,greedy,Greedy,
77626,soldier_caught,0,1,0,0,150,23,11.5,127,,,1.7263323068618774,0,1.1445021332474425,1.3699743747711182,1.2451947497830318,128,greedy,greedy,Greedy,
77627,intercepted,1,0,0,0,160,23,11.5,137,160.0,80.0,4.092615127563477,0,1.1348312403196874,0.7644819021224976,1.24914256037118,138,greedy,greedy,Greedy,
77628,intercepted,1,0,0,0,248,17,8.5,231,248.0,124.0,2.5926246643066406,0,1.1251922601448565,0.6610978245735168,1.210896061600586,232,greedy,greedy,Greedy,
77629,intercepted,1,0,0,0,28,26,13.0,2,28.0,14.0,6.903035640716553,0,0.9801438649495443,1.1897718906402588,0.9913950379225972,3,greedy,greedy,Greedy,
77630,soldier_caught,0,1,0,0,23,19,9.5,4,,,0.793941080570221,0,1.0727393269538879,1.7250441312789917,1.1673357009298924,5,greedy,greedy,Greedy,
77631,intercepted,1,0,0,0,21,19,9.5,2,21.0,10.5,8.227258682250977,0,1.4339904586474101,1.2621296644210815,1.5074561650160034,3,greedy,greedy,Greedy,
77632,soldier_caught,0,1,0,0,196,14,7.0,182,,,1.0562646389007568,0,1.143765127968267,1.887245535850525,1.244743392565976,183,greedy,greedy,Greedy,
77633,intercepted,1,0,0,0,86,17,8.5,69,86.0,43.0,4.647337913513184,0,1.2537974387407302,1.4596750736236572,1.36598447915922,70,greedy,greedy,Greedy,
77634,intercepted,1,0,0,0,101,11,5.5,90,101.0,50.5,2.677992343902588,0,1.0995733716658183,1.1602296829223633,1.1758049064811151,91,greedy,greedy,Greedy,
77635,soldier_caught,0,1,0,0,46,18,9.0,28,,,1.7187373638153076,0,1.1010732013603737,1.3552356958389282,1.1804948171823415,29,greedy,greedy,Greedy,
77636,soldier_caught,0,1,0,0,166,18,9.0,148,,,1.0848307609558105,0,1.0837554835383123,0.4436674118041992,1.1836882793477648,149,greedy,greedy,Greedy,
77637,intercepted,1,0,0,0,17,15,7.5,2,17.0,8.5,7.555161476135254,0,0.9229989051818848,0.9722938537597656,0.9353697704241213,3,greedy,greedy,Greedy,
77638,soldier_caught,0,1,0,0,62,17,8.5,45,,,1.599440336227417,0,1.195768484926742,1.7478058338165283,1.282181552192788,46,greedy,greedy,Greedy,
77639,intercepted,1,0,0,0,297,18,9.0,279,297.0,148.5,2.2998039722442627,0,1.1362004924033369,0.6316165328025818,1.2429444972700445,280,greedy,greedy,Greedy,
77640,intercepted,1,0,0,0,100,19,9.5,81,100.0,50.0,2.482027769088745,0,1.168250332700043,1.933835506439209,1.2677269970347704,82,greedy,greedy,Greedy,
77641,intercepted,1,0,0,0,397,14,7.0,383,397.0,198.5,3.1539130210876465,0,1.144526790943928,1.218511700630188,1.2340786527789118,384,greedy,greedy,Greedy,
77642,soldier_caught,0,1,0,0,113,15,7.5,98,,,1.7078949213027954,0,1.0999305790120906,0.7378981113433838,1.178841674126884,99,greedy,greedy,Greedy,
77643,soldier_caught,0,1,0,0,77,14,7.0,63,,,0.905174970626831,0,1.1409763861447573,1.3070299625396729,1.2330745323145789,64,greedy,greedy,Greedy,
77644,soldier_caught,0,1,0,0,152,26,13.0,126,,,1.8954100608825684,0,1.2018766318719218,1.1593637466430664,1.2873949533702629,127,greedy,greedy,Greedy,
77645,soldier_caught,0,1,0,0,133,13,6.5,120,,,1.9245105981826782,0,1.1454928623250693,1.8018280267715454,1.241157824890912,121,greedy,greedy,Greedy,
77646,intercepted,1,0,0,0,104,14,7.0,90,104.0,52.0,6.358832359313965,0,1.110398191017109,1.8138926029205322,1.1918681340737851,91,greedy,greedy,Greedy,
77647,intercepted,1,0,0,0,22,20,10.0,2,22.0,11.0,4.617913722991943,0,0.8243158260981241,1.1866240501403809,0.8703868447384044,3,greedy,greedy,Greedy,
77648,soldier_caught,0,1,0,0,93,13,6.5,80,,,1.8507062196731567,0,1.141648628277543,0.3100101053714752,1.2256352282279723,81,greedy,greedy,Greedy,
77649,intercepted,1,0,0,0,18,16,8.0,2,18.0,9.0,5.5909271240234375,0,1.4397008220354717,1.6231565475463867,1.589625390268943,3,greedy,greedy,Greedy,
77650,unsafe_intercept,0,0,1,0,100,21,10.5,79,,,2.9897446632385254,0,1.110937587171793,0.6430855989456177,1.2328778821418338,80,greedy,greedy,Greedy,
77651,intercepted,1,0,0,0,19,17,8.5,2,19.0,9.5,6.928222179412842,0,1.0197177529335022,0.32656484842300415,1.1441957100972393,3,greedy,greedy,Greedy,
77652,intercepted,1,0,0,0,105,15,7.5,90,105.0,52.5,5.032081604003906,0,1.1256464703397437,2.393376588821411,1.2107969336543747,91,greedy,greedy,Greedy,
77653,soldier_caught,0,1,0,0,108,20,10.0,88,,,1.3059463500976562,0,1.17510240901722,1.0701677799224854,1.2755670012017906,89,greedy,greedy,Greedy,
77654,intercepted,1,0,0,0,17,15,7.5,2,17.0,8.5,7.335755825042725,0,1.2570248047510784,0.6113252639770508,1.3463311251745669,3,greedy,greedy,Greedy,
77655,soldier_caught,0,1,0,0,92,12,6.0,80,,,0.6654114723205566,0,1.176656190627887,0.587002694606781,1.273210951244439,81,greedy,greedy,Greedy,
77656,intercepted,1,0,0,0,145,21,10.5,124,145.0,72.5,3.4204676151275635,0,1.1837726854085922,1.5091056823730469,1.2714163952134465,125,greedy,greedy,Greedy,
77657,soldier_caught,0,1,0,0,52,13,6.5,39,,,1.19661545753479,0,1.0296498484909535,1.2459897994995117,1.1065055598482567,40,greedy,greedy,Greedy,
77658,intercepted,1,0,0,0,114,14,7.0,100,114.0,57.0,3.447779417037964,0,1.0686952424521494,1.329237699508667,1.1588543343117539,101,greedy,greedy,Greedy,
77659,soldier_caught,0,1,0,0,116,12,6.0,104,,,1.6745680570602417,0,1.1134649492445445,1.529284119606018,1.2102592827646375,105,greedy,greedy,Greedy,
77660,soldier_caught,0,1,0,0,155,13,6.5,142,,,1.9814516305923462,0,1.1117439860855782,0.4951532781124115,1.2171304310860085,143,greedy,greedy,Greedy,
77661,intercepted,1,0,0,0,20,18,9.0,2,20.0,10.0,6.8587541580200195,0,0.8616463343302408,1.5348575115203857,0.993018750866763,3,greedy,greedy,Greedy,
77662,soldier_caught,0,1,0,0,142,24,12.0,118,,,1.9704967737197876,0,1.1332739858316774,1.0639795064926147,1.227875869436366,119,greedy,greedy,Greedy,
77663,intercepted,1,0,0,0,374,17,8.5,357,374.0,187.0,2.7778420448303223,0,1.132286192485074,0.8085094690322876,1.2319133676441625,358,greedy,greedy,Greedy,
77664,intercepted,1,0,0,0,61,15,7.5,46,61.0,30.5,6.465332508087158,0,1.1648727642728927,1.5014163255691528,1.2529573195785753,47,greedy,greedy,Greedy,
77665,intercepted,1,0,0,0,83,22,11.0,61,83.0,41.5,5.536158561706543,0,1.1052352810098278,0.9982614517211914,1.1620785003776237,62,greedy,greedy,Greedy,
77666,intercepted,1,0,0,0,241,21,10.5,220,241.0,120.5,3.8163487911224365,0,1.0912394651055874,0.5800549387931824,1.179663058807786,221,greedy,greedy,Greedy,
77667,intercepted,1,0,0,0,323,19,9.5,304,323.0,161.5,2.0681354999542236,0,1.1090985726626192,0.6606523394584656,1.1903817319572652,305,greedy,greedy,Greedy,
77668,soldier_caught,0,1,0,0,28,22,11.0,6,,,0.9114141464233398,0,1.1040552428790502,1.3566583395004272,1.1626289613951366,7,greedy,greedy,Greedy,
77669,soldier_caught,0,1,0,0,79,14,7.0,65,,,1.2350378036499023,0,1.0757361108606511,1.92861807346344,1.168321701707595,66,greedy,greedy,Greedy,
77670,intercepted,1,0,0,0,79,14,7.0,65,79.0,39.5,4.703086853027344,0,1.1714051284573295,0.9732835292816162,1.267020473310564,66,greedy,greedy,Greedy,
77671,intercepted,1,0,0,0,65,18,9.0,47,65.0,32.5,3.52964448928833,0,1.0577126969583333,1.0532270669937134,1.1473764672623428,48,greedy,greedy,Greedy,
77672,soldier_caught,0,1,0,0,97,16,8.0,81,,,1.4367018938064575,0,1.0900082331968517,0.9523745775222778,1.1688895554617953,82,greedy,greedy,Greedy,
77673,soldier_caught,0,1,0,0,188,13,6.5,175,,,1.6566637754440308,0,1.1308230209926313,2.2320635318756104,1.2328442787683063,176,greedy,greedy,Greedy,
77674,soldier_caught,0,1,0,0,32,12,6.0,20,,,1.615035057067871,0,1.2350606265522184,1.4415926933288574,1.3622102135435936,21,greedy,greedy,Greedy,
77675,intercepted,1,0,0,0,299,17,8.5,282,299.0,149.5,2.015289545059204,0,1.21566972868392,1.1036816835403442,1.326988278096456,283,greedy,greedy,Greedy,
77676,intercepted,1,0,0,0,103,11,5.5,92,103.0,51.5,2.564384937286377,0,1.2677427091265236,1.3685930967330933,1.379362819548297,93,greedy,greedy,Greedy,
77677,soldier_caught,0,1,0,0,38,14,7.0,24,,,1.8011397123336792,0,1.1132030189037323,1.2292466163635254,1.2087106687267832,25,greedy,greedy,Greedy,
77678,intercepted,1,0,0,0,17,15,7.5,2,17.0,8.5,7.675069332122803,0,0.9277965625127157,0.6144108176231384,0.9806792166019983,3,greedy,greedy,Greedy,
77679,soldier_caught,0,1,0,0,551,17,8.5,534,,,1.5323182344436646,0,1.0999677963903016,1.7230488061904907,1.2060046497803554,535,greedy,greedy,Greedy,
77680,intercepted,1,0,0,0,15,13,6.5,2,15.0,7.5,9.334990501403809,0,1.1103397011756897,0.650015115737915,1.332521523899795,3,greedy,greedy,Greedy,
77681,intercepted,1,0,0,0,22,20,10.0,2,22.0,11.0,4.550670146942139,0,1.1357360184192657,1.689694881439209,1.241841522909274,3,greedy,greedy,Greedy,
77682,soldier_caught,0,1,0,0,126,19,9.5,107,,,1.742780327796936,0,1.2018786267273955,0.7725614905357361,1.3104953148537113,108,greedy,greedy,Greedy,
77683,soldier_caught,0,1,0,0,264,14,7.0,250,,,0.8054483532905579,0,1.1232397509998535,1.0718482732772827,1.223976588264291,251,greedy,greedy,Greedy,
77684,intercepted,1,0,0,0,16,14,7.0,2,16.0,8.0,6.5785298347473145,0,0.8674769004185995,1.0682131052017212,0.923466735588824,3,greedy,greedy,Greedy,
77685,soldier_caught,0,1,0,0,73,12,6.0,61,,,1.3840174674987793,0,1.0814709240390408,1.8025484085083008,1.182008653814997,62,greedy,greedy,Greedy,
77686,intercepted,1,0,0,0,113,19,9.5,94,113.0,56.5,2.4760403633117676,0,1.1344597877640472,2.1201460361480713,1.2216404483242707,95,greedy,greedy,Greedy,
77687,intercepted,1,0,0,0,68,18,9.0,50,68.0,34.0,5.476215362548828,0,1.2317201647104001,1.8315500020980835,1.3284113493212992,51,greedy,greedy,Greedy,
77688,soldier_caught,0,1,0,0,199,13,6.5,186,,,1.8590208292007446,0,1.1390443946269744,0.9821695685386658,1.2432459726220577,187,greedy,greedy,Greedy,
77689,intercepted,1,0,0,0,152,17,8.5,135,152.0,76.0,4.502589225769043,0,1.1795907080830896,1.3645333051681519,1.2857882465011055,136,greedy,greedy,Greedy,
77690,intercepted,1,0,0,0,106,14,7.0,92,106.0,53.0,5.534775733947754,0,1.2023221771883708,0.6779209971427917,1.3146966190400802,93,greedy,greedy,Greedy,
77691,soldier_caught,0,1,0,0,37,17,8.5,20,,,1.8055459260940552,0,1.098246734766733,0.8807123303413391,1.1830900591588576,21,greedy,greedy,Greedy,
77692,intercepted,1,0,0,0,259,16,8.0,243,259.0,129.5,2.2665445804595947,0,1.087867736022492,0.5705884099006653,1.1801305150271815,244,greedy,greedy,Greedy,
77693,intercepted,1,0,0,0,46,18,9.0,28,46.0,23.0,3.0989320278167725,0,0.9538002194001757,1.0228044986724854,1.0538727204347935,29,greedy,greedy,Greedy,
77694,intercepted,1,0,0,0,84,14,7.0,70,84.0,42.0,5.103311061859131,0,1.1733620576035808,0.8749174475669861,1.2556834376905306,71,greedy,greedy,Greedy,
77695,intercepted,1,0,0,0,316,16,8.0,300,316.0,158.0,2.4583113193511963,0,1.1348422378598653,0.8064786195755005,1.2491672812389452,301,greedy,greedy,Greedy,
77696,intercepted,1,0,0,0,94,14,7.0,80,94.0,47.0,5.487887859344482,0,1.0805601128089575,1.5711227655410767,1.1863312401790835,81,greedy,greedy,Greedy,
77697,intercepted,1,0,0,0,80,14,7.0,66,80.0,40.0,5.790298938751221,0,1.0939485888872573,1.682900071144104,1.1742284059476906,67,greedy,greedy,Greedy,
77698,soldier_caught,0,1,0,0,135,12,6.0,123,,,1.7006220817565918,0,1.0799794149014257,0.7439321875572205,1.1830435044997754,124,greedy,greedy,Greedy,
77699,intercepted,1,0,0,0,142,16,8.0,126,142.0,71.0,2.2900962829589844,0,1.1515060522424894,0.9830684661865234,1.2454915807372449,127,greedy,greedy,Greedy,
77700,soldier_caught,0,1,0,0,38,33,16.5,5,,,1.569154977798462,0,1.169470191001892,1.6962060928344727,1.2282175225137204,6,greedy,greedy,Greedy,
77701,soldier_caught,0,1,0,0,145,19,9.5,126,,,1.861562728881836,0,1.1666623951177897,1.1305809020996094,1.2623081441322892,127,greedy,greedy,Greedy,
77702,soldier_caught,0,1,0,0,32,20,10.0,12,,,1.5886873006820679,0,1.0767957476469188,1.8924049139022827,1.1589034810814132,13,greedy,greedy,Greedy,
77703,soldier_caught,0,1,0,0,97,16,8.0,81,,,1.9334887266159058,0,1.0728333805028984,1.1439286470413208,1.1424276261345876,82,greedy,greedy,Greedy,
77704,intercepted,1,0,0,0,25,23,11.5,2,25.0,12.5,6.056698799133301,0,0.5620523790518442,0.4423869550228119,0.584750127388441,3,greedy,greedy,Greedy,
77705,soldier_caught,0,1,0,0,226,17,8.5,209,,,1.8538044691085815,0,1.0939665850074518,1.246992826461792,1.195943149329849,210,greedy,greedy,Greedy,
77706,intercepted,1,0,0,0,45,23,11.5,22,45.0,22.5,8.604246139526367,0,1.082049188406571,1.5144790410995483,1.1785268011505705,23,greedy,greedy,Greedy,
77707,soldier_caught,0,1,0,0,59,20,10.0,39,,,1.7062420845031738,0,1.2111459530889988,0.9148259162902832,1.2932983832259166,40,greedy,greedy,Greedy,
77708,intercepted,1,0,0,0,94,27,13.5,67,94.0,47.0,3.32897686958313,0,1.1427067158853306,1.2160532474517822,1.233930019818207,68,greedy,greedy,Greedy,
77709,soldier_caught,0,1,0,0,60,13,6.5,47,,,1.8636012077331543,0,1.1814179259041946,1.2330514192581177,1.287159449856113,48,greedy,greedy,Greedy,
77710,intercepted,1,0,0,0,58,11,5.5,47,58.0,29.0,4.265325546264648,0,1.1467400025576353,1.915921688079834,1.2882413769327064,48,greedy,greedy,Greedy,
77711,intercepted,1,0,0,0,99,15,7.5,84,99.0,49.5,4.060813903808594,0,1.1349731617114123,1.051750898361206,1.2414406902231556,85,greedy,greedy,Greedy,
77712,intercepted,1,0,0,0,22,20,10.0,2,22.0,11.0,6.225081443786621,0,1.200893481572469,0.8695682883262634,1.2856778977929368,3,greedy,greedy,Greedy,
77713,intercepted,1,0,0,0,96,15,7.5,81,96.0,48.0,3.9667105674743652,0,1.226527899867151,1.3955539464950562,1.3064740059702848,82,greedy,greedy,Greedy,
77714,soldier_caught,0,1,0,0,107,14,7.0,93,,,1.9022495746612549,0,1.1230362530084366,1.1668367385864258,1.2130235770433007,94,greedy,greedy,Greedy,
77715,soldier_caught,0,1,0,0,24,14,7.0,10,,,1.8333187103271484,0,1.0377406044439836,1.8522005081176758,1.1596454912411818,11,greedy,greedy,Greedy,
77716,intercepted,1,0,0,0,25,23,11.5,2,25.0,12.5,6.7054524421691895,0,1.1716527144114177,1.5367988348007202,1.223015662681178,3,greedy,greedy,Greedy,
77717,soldier_caught,0,1,0,0,61,21,10.5,40,,,1.8203028440475464,0,0.9816704247055984,0.7695976495742798,1.0855853696370539,41,greedy,greedy,Greedy,
77718,soldier_caught,0,1,0,0,220,28,14.0,192,,,1.463356375694275,0,1.0995028388392123,0.10336968302726746,1.1934835551420753,193,greedy,greedy,Greedy,
77719,intercepted,1,0,0,0,19,17,8.5,2,19.0,9.5,5.608409404754639,0,1.6280370752016704,1.737959623336792,1.7191652852197277,3,greedy,greedy,Greedy,
77720,soldier_caught,0,1,0,0,101,20,10.0,81,,,1.770395040512085,0,1.0795559750460997,1.081458568572998,1.1367532413145622,82,greedy,greedy,Greedy,
77721,soldier_caught,0,1,0,0,109,26,13.0,83,,,1.1387466192245483,0,1.1625106577717124,1.1557835340499878,1.2614238517813008,84,greedy,greedy,Greedy,
77722,intercepted,1,0,0,0,16,14,7.0,2,16.0,8.0,4.455257415771484,0,1.047790785630544,1.1767768859863281,1.0635413577663935,3,greedy,greedy,Greedy,
77723,intercepted,1,0,0,0,97,17,8.5,80,97.0,48.5,5.281893730163574,0,1.2227772231455203,0.8607397675514221,1.3178687971837768,81,greedy,greedy,Greedy,
77724,intercepted,1,0,0,0,61,16,8.0,45,61.0,30.5,3.7539987564086914,0,1.129896787521632,1.1752328872680664,1.2563308599501966,46,greedy,greedy,Greedy,
77725,soldier_caught,0,1,0,0,78,18,9.0,60,,,1.249439001083374,0,1.1242232547431696,1.0315738916397095,1.203957656400526,61,greedy,greedy,Greedy,
77726,soldier_caught,0,1,0,0,308,13,6.5,295,,,1.8023183345794678,0,1.1498020990575488,1.0162429809570312,1.2445096193910665,296,greedy,greedy,Greedy,
77727,soldier_caught,0,1,0,0,178,21,10.5,157,,,0.633104681968689,0,1.1222387143894086,0.5994263887405396,1.2070966603769344,158,greedy,greedy,Greedy,
77728,soldier_caught,0,1,0,0,51,17,8.5,34,,,1.7012286186218262,0,1.0589837372303008,1.274939775466919,1.133943098659133,35,greedy,greedy,Greedy,
77729,intercepted,1,0,0,0,19,17,8.5,2,19.0,9.5,6.508516311645508,0,0.8539104660352071,0.6636298894882202,0.8720242317246636,3,greedy,greedy,Greedy,
77730,soldier_caught,0,1,0,0,68,19,9.5,49,,,1.0816916227340698,0,1.170632690191269,1.1352523565292358,1.269472859247117,50,greedy,greedy,Greedy,
77731,intercepted,1,0,0,0,118,16,8.0,102,118.0,59.0,2.0392823219299316,0,1.1210550968942132,1.4727987051010132,1.2208784787469373,103,greedy,greedy,Greedy,
77732,intercepted,1,0,0,0,17,15,7.5,2,17.0,8.5,6.865418434143066,0,1.507377068201701,1.865045189857483,1.53084397740407,3,greedy,greedy,Greedy,
77733,soldier_caught,0,1,0,0,370,16,8.0,354,,,1.16897714138031,0,1.125581997423105,0.5179486274719238,1.2246303997486878,355,greedy,greedy,Greedy,
77734,soldier_caught,0,1,0,0,43,18,9.0,25,,,1.8089148998260498,0,1.1218011723114893,1.5681082010269165,1.2194152611873768,26,greedy,greedy,Greedy,
77735,intercepted,1,0,0,0,19,17,8.5,2,19.0,9.5,7.985886096954346,0,1.230872909228007,1.4959498643875122,1.2450878222671642,3,greedy,greedy,Greedy,
77736,intercepted,1,0,0,0,41,16,8.0,25,41.0,20.5,2.022696018218994,0,1.16387085043467,0.9790458679199219,1.2710256890623506,26,greedy,greedy,Greedy,
77737,soldier_caught,0,1,0,0,60,21,10.5,39,,,1.5392136573791504,0,1.1760095991194248,1.2948932647705078,1.2840662140346495,40,greedy,greedy,Greedy,
77738,intercepted,1,0,0,0,42,17,8.5,25,42.0,21.0,2.6953704357147217,0,0.96480704500125,0.6709745526313782,1.0137671213890873,26,greedy,greedy,Greedy,
77739,intercepted,1,0,0,0,14,12,6.0,2,14.0,7.0,5.103262901306152,0,0.7539559404055277,1.1530084609985352,0.8120166386621713,3,greedy,greedy,Greedy,
77740,soldier_caught,0,1,0,0,17,13,6.5,4,,,1.3185404539108276,0,1.1399931192398072,0.8837995529174805,1.1541029052882394,5,greedy,greedy,Greedy,
77741,intercepted,1,0,0,0,32,30,15.0,2,32.0,16.0,3.7516255378723145,0,1.4102840026219685,1.2730087041854858,1.427994115587087,3,greedy,greedy,Greedy,
77742,soldier_caught,0,1,0,0,64,21,10.5,43,,,0.723743200302124,0,1.2321497991003774,1.789003849029541,1.3310083754015916,44,greedy,greedy,Greedy,
77743,soldier_caught,0,1,0,0,114,13,6.5,101,,,0.5619581341743469,0,1.1065811966271961,0.5456214547157288,1.197013606602944,102,greedy,greedy,Greedy,
77744,intercepted,1,0,0,0,104,19,9.5,85,104.0,52.0,2.5626063346862793,0,1.2117772532063862,1.9791306257247925,1.3039984527637132,86,greedy,greedy,Greedy,
77745,soldier_caught,0,1,0,0,114,15,7.5,99,,,1.8420112133026123,0,1.165631561279297,1.070130705833435,1.2704809085853146,100,greedy,greedy,Greedy,
77746,soldier_caught,0,1,0,0,101,23,11.5,78,,,1.3473693132400513,0,1.0802987064175968,2.1444623470306396,1.1826569280143266,79,greedy,greedy,Greedy,
77747,intercepted,1,0,0,0,14,12,6.0,2,14.0,7.0,6.4135050773620605,0,1.117304841677348,0.699669361114502,1.1647401345707007,3,greedy,greedy,Greedy,
77748,intercepted,1,0,0,0,22,20,10.0,2,22.0,11.0,6.675385475158691,0,0.8457644283771515,0.5198161602020264,1.0119432615474453,3,greedy,greedy,Greedy,
77749,intercepted,1,0,0,0,45,23,11.5,22,45.0,22.5,5.37264347076416,0,1.0064845460912455,0.5463584661483765,1.112113316302096,23,greedy,greedy,Greedy,
77750,intercepted,1,0,0,0,21,19,9.5,2,21.0,10.5,5.584079265594482,0,1.781227946281433,1.752156376838684,1.7857105596045775,3,greedy,greedy,Greedy,
77751,intercepted,1,0,0,0,83,16,8.0,67,83.0,41.5,3.3984131813049316,0,1.0734518545077127,0.6502854228019714,1.1788446170995712,68,greedy,greedy,Greedy,
77752,intercepted,1,0,0,0,68,21,10.5,47,68.0,34.0,4.405844211578369,0,1.0981091645856698,1.423383116722107,1.1493793676014843,48,greedy,greedy,Greedy,
77753,soldier_caught,0,1,0,0,19,16,8.0,3,,,1.968895673751831,0,1.1791777610778809,1.0791577100753784,1.1879156076490127,4,greedy,greedy,Greedy,
77754,soldier_caught,0,1,0,0,61,22,11.0,39,,,1.9881136417388916,0,1.1798033922910691,0.791862964630127,1.309676228371822,40,greedy,greedy,Greedy,
77755,soldier_caught,0,1,0,0,43,20,10.0,23,,,1.885106086730957,0,1.4171833420793216,1.184515118598938,1.531984042963544,24,greedy,greedy,Greedy,
77756,intercepted,1,0,0,0,22,20,10.0,2,22.0,11.0,6.515316486358643,0,1.360753019650777,1.9892572164535522,1.4315009125851368,3,greedy,greedy,Greedy,
77757,soldier_caught,0,1,0,0,71,26,13.0,45,,,1.5150237083435059,0,1.089847669005394,0.9146969318389893,1.1640031951597343,46,greedy,greedy,Greedy,
77758,soldier_caught,0,1,0,0,108,24,12.0,84,,,0.8088443875312805,0,1.1478267599554624,1.4013909101486206,1.2431167448770761,85,greedy,greedy,Greedy,
77759,intercepted,1,0,0,0,15,13,6.5,2,15.0,7.5,3.908858299255371,0,1.1868135531743367,0.6462754011154175,1.2476577663738933,3,greedy,greedy,Greedy,
77760,intercepted,1,0,0,0,22,20,10.0,2,22.0,11.0,7.559602737426758,0,1.3531074523925781,1.8426011800765991,1.3991863237960132,3,greedy,greedy,Greedy,
77761,intercepted,1,0,0,0,65,12,6.0,53,65.0,32.5,3.402703285217285,0,1.2612702504352287,1.0866531133651733,1.3515444253633486,54,greedy,greedy,Greedy,
77762,soldier_caught,0,1,0,0,69,16,8.0,53,,,1.6531554460525513,0,1.072530667538996,0.9034878611564636,1.166927013975162,54,greedy,greedy,Greedy,
77763,intercepted,1,0,0,0,17,15,7.5,2,17.0,8.5,6.9582200050354,0,1.519760251045227,1.1774661540985107,1.540747878166403,3,greedy,greedy,Greedy,
77764,soldier_caught,0,1,0,0,75,16,8.0,59,,,1.3842703104019165,0,1.1434013597667216,0.9200729131698608,1.2405240415970067,60,greedy,greedy,Greedy,
77765,intercepted,1,0,0,0,14,12,6.0,2,14.0,7.0,7.068202018737793,0,1.198094328244527,1.0295618772506714,1.2231914658536651,3,greedy,greedy,Greedy,
77766,intercepted,1,0,0,0,18,16,8.0,2,18.0,9.0,6.712451457977295,0,0.7583197156588236,0.7065842747688293,0.7611782117089156,3,greedy,greedy,Greedy,
77767,intercepted,1,0,0,0,106,15,7.5,91,106.0,53.0,3.744492292404175,0,1.1189810009268315,0.7648234963417053,1.2507782562520045,92,greedy,greedy,Greedy,
77768,unsafe_intercept,0,0,1,0,24,22,11.0,2,,,2.6213107109069824,0,1.1339641014734905,0.9597772359848022,1.142732570448583,3,greedy,greedy,Greedy,
77769,intercepted,1,0,0,0,130,20,10.0,110,130.0,65.0,4.555951118469238,0,1.1312957489275717,1.1170214414596558,1.2215635536888045,111,greedy,greedy,Greedy,
77770,soldier_caught,0,1,0,0,99,14,7.0,85,,,1.6094549894332886,0,1.1729678383400275,1.532402753829956,1.2900277905931783,86,greedy,greedy,Greedy,
77771,intercepted,1,0,0,0,28,12,6.0,16,28.0,14.0,2.0544331073760986,0,1.070279030238881,1.9530630111694336,1.1594927258871304,17,greedy,greedy,Greedy,
77772,intercepted,1,0,0,0,24,22,11.0,2,24.0,12.0,4.065743923187256,0,0.9715986251831055,0.9949019551277161,0.9853263669132708,3,greedy,greedy,Greedy,
77773,soldier_caught,0,1,0,0,353,19,9.5,334,,,1.0925335884094238,0,1.121570373159736,0.765287458896637,1.2194015671452747,335,greedy,greedy,Greedy,
77774,soldier_caught,0,1,0,0,185,18,9.0,167,,,1.8536254167556763,0,1.122200523192684,2.150146961212158,1.2221648775304994,168,greedy,greedy,Greedy,
77775,intercepted,1,0,0,0,136,11,5.5,125,136.0,68.0,2.3810935020446777,0,1.1764294943875737,2.0949594974517822,1.2889807904523287,126,greedy,greedy,Greedy,
77776,intercepted,1,0,0,0,80,15,7.5,65,80.0,40.0,5.301900863647461,0,1.1607196141373028,1.2193962335586548,1.232019656607979,66,greedy,greedy,Greedy,
77777,soldier_caught,0,1,0,0,28,23,11.5,5,,,0.9106621742248535,0,1.143060972293218,0.6748359799385071,1.2206767107585823,6,greedy,greedy,Greedy,
77778,intercepted,1,0,0,0,55,15,7.5,40,55.0,27.5,4.016433238983154,0,1.0674093467433279,0.7339117527008057,1.128138468151341,41,greedy,greedy,Greedy,
77779,intercepted,1,0,0,0,21,19,9.5,2,21.0,10.5,6.392731666564941,0,1.3676176468531291,1.144210934638977,1.3769166969445548,3,greedy,greedy,Greedy,
77780,intercepted,1,0,0,0,22,20,10.0,2,22.0,11.0,6.824095726013184,0,1.0218556920687358,1.1576608419418335,1.0774576267178246,3,greedy,greedy,Greedy,
77781,intercepted,1,0,0,0,213,24,12.0,189,213.0,106.5,2.6686747074127197,0,1.105282785547407,1.002985954284668,1.2101421683804436,190,greedy,greedy,Greedy,
77782,intercepted,1,0,0,0,16,14,7.0,2,16.0,8.0,7.779579162597656,0,1.3902241388956706,2.029876232147217,1.4675091501336994,3,greedy,greedy,Greedy,
77783,intercepted,1,0,0,0,20,18,9.0,2,20.0,10.0,4.201071262359619,0,0.9549999237060547,1.5928093194961548,1.0562660250290845,3,greedy,greedy,Greedy,
77784,soldier_caught,0,1,0,0,380,16,8.0,364,,,0.5446705222129822,0,1.1658265056267176,0.21741880476474762,1.2609092648917646,365,greedy,greedy,Greedy,
77785,intercepted,1,0,0,0,21,19,9.5,2,21.0,10.5,7.262558460235596,0,1.2442570825417836,2.143810749053955,1.4290245612711496,3,greedy,greedy,Greedy,
77786,intercepted,1,0,0,0,23,21,10.5,2,23.0,11.5,6.541943550109863,0,1.1336673895517986,1.7124481201171875,1.2229061734497024,3,greedy,greedy,Greedy,
77787,intercepted,1,0,0,0,28,26,13.0,2,28.0,14.0,5.0385589599609375,0,0.9527840614318848,1.0838459730148315,1.0207748429528085,3,greedy,greedy,Greedy,
77788,soldier_caught,0,1,0,0,22,18,9.0,4,,,1.6582584381103516,0,1.1645222902297974,1.407179355621338,1.2005114817912284,5,greedy,greedy,Greedy,
77789,intercepted,1,0,0,0,141,12,6.0,129,141.0,70.5,3.4858458042144775,0,1.141376097041827,1.0804376602172852,1.22324782291032,130,greedy,greedy,Greedy,
77790,soldier_caught,0,1,0,0,123,19,9.5,104,,,1.6000927686691284,0,1.0974737270956947,1.3008602857589722,1.1899340842288828,105,greedy,greedy,Greedy,
77791,soldier_caught,0,1,0,0,178,21,10.5,157,,,1.9879944324493408,0,1.0652872573914407,1.2491074800491333,1.162969048108059,158,greedy,greedy,Greedy,
77792,soldier_caught,0,1,0,0,73,16,8.0,57,,,1.0679993629455566,0,0.983274325985333,0.7823536992073059,1.0926787977521284,58,greedy,greedy,Greedy,
77793,soldier_caught,0,1,0,0,176,13,6.5,163,,,1.9252467155456543,0,1.1044030232673012,0.942040205001831,1.2071234526271393,164,greedy,greedy,Greedy,
77794,intercepted,1,0,0,0,19,17,8.5,2,19.0,9.5,8.021899223327637,0,1.9479964971542358,3.1276795864105225,2.1337478945303774,3,greedy,greedy,Greedy,
77795,intercepted,1,0,0,0,19,17,8.5,2,19.0,9.5,6.71836519241333,0,1.248601218064626,1.4392931461334229,1.2928865503495182,3,greedy,greedy,Greedy,
77796,soldier_caught,0,1,0,0,61,13,6.5,48,,,1.8236082792282104,0,1.133323927314914,2.2023987770080566,1.2527175588755535,49,greedy,greedy,Greedy,
77797,intercepted,1,0,0,0,17,15,7.5,2,17.0,8.5,5.8323493003845215,0,0.833544502655665,1.7409499883651733,1.0525404465385455,3,greedy,greedy,Greedy,
77798,intercepted,1,0,0,0,99,17,8.5,82,99.0,49.5,2.207765817642212,0,1.123329913400742,1.3181401491165161,1.2115275983194338,83,greedy,greedy,Greedy,
77799,soldier_caught,0,1,0,0,260,19,9.5,241,,,1.4447565078735352,0,1.1332853126747549,1.2301932573318481,1.234456990060374,242,greedy,greedy,Greedy,
77800,soldier_caught,0,1,0,0,83,19,9.5,64,,,1.2275159358978271,0,1.1984375233833606,2.2016890048980713,1.2950556975643304,65,greedy,greedy,Greedy,
77801,soldier_caught,0,1,0,0,156,21,10.5,135,,,1.1019175052642822,0,1.0789107214659452,1.2565405368804932,1.175123948976702,136,greedy,greedy,Greedy,
77802,intercepted,1,0,0,0,17,15,7.5,2,17.0,8.5,7.083363056182861,0,1.3713314433892567,1.9967756271362305,1.5189954366933678,3,greedy,greedy,Greedy,
77803,soldier_caught,0,1,0,0,45,13,6.5,32,,,1.993281602859497,0,1.054975430170695,0.8171265125274658,1.162025310045822,33,greedy,greedy,Greedy,
77804,intercepted,1,0,0,0,20,18,9.0,2,20.0,10.0,9.235648155212402,0,0.8971271316210429,0.8569488525390625,0.9360251857979645,3,greedy,greedy,Greedy,
77805,soldier_caught,0,1,0,0,77,18,9.0,59,,,1.886594295501709,0,1.1454459364215532,0.7280338406562805,1.2274129791748594,60,greedy,greedy,Greedy,
77806,intercepted,1,0,0,0,97,24,12.0,73,97.0,48.5,6.4004316329956055,0,1.116810151854077,1.335518479347229,1.212883533197774,74,greedy,greedy,Greedy,
77807,intercepted,1,0,0,0,14,12,6.0,2,14.0,7.0,3.6890270709991455,0,1.2390729188919067,1.9092645645141602,1.3369088617558025,3,greedy,greedy,Greedy,
77808,intercepted,1,0,0,0,165,11,5.5,154,165.0,82.5,3.0668270587921143,0,1.1405995309352874,1.2880808115005493,1.2588064330959408,155,greedy,greedy,Greedy,
77809,intercepted,1,0,0,0,16,14,7.0,2,16.0,8.0,9.072492599487305,0,0.5894896487394968,0.4503054618835449,0.6705241441409667,3,greedy,greedy,Greedy,
77810,intercepted,1,0,0,0,14,12,6.0,2,14.0,7.0,6.439014911651611,0,1.2771865725517273,1.7638911008834839,1.3457363253729624,3,greedy,greedy,Greedy,
77811,intercepted,1,0,0,0,20,18,9.0,2,20.0,10.0,7.037982940673828,0,0.9295740922292074,1.165753722190857,0.9444573983343181,3,greedy,greedy,Greedy,
77812,intercepted,1,0,0,0,22,20,10.0,2,22.0,11.0,7.743438720703125,0,1.3895353078842163,1.331419587135315,1.4764133457595485,3,greedy,greedy,Greedy,
77813,soldier_caught,0,1,0,0,89,18,9.0,71,,,1.6518843173980713,0,1.086036078010996,1.196860432624817,1.1752417045324748,72,greedy,greedy,Greedy,
77814,soldier_caught,0,1,0,0,134,14,7.0,120,,,0.5085797905921936,0,1.114768711988591,0.7433386445045471,1.2133583284368565,121,greedy,greedy,Greedy,
77815,intercepted,1,0,0,0,159,13,6.5,146,159.0,79.5,2.097801685333252,0,1.0590686277061903,0.7124585509300232,1.1546893912124612,147,greedy,greedy,Greedy,
77816,intercepted,1,0,0,0,39,14,7.0,25,39.0,19.5,6.386745452880859,0,1.3278768681562865,1.299452304840088,1.3844780871603384,26,greedy,greedy,Greedy,
77817,soldier_caught,0,1,0,0,48,12,6.0,36,,,1.920998215675354,0,1.0533565991633647,1.4548465013504028,1.1608921884740362,37,greedy,greedy,Greedy,
77818,intercepted,1,0,0,0,105,14,7.0,91,105.0,52.5,3.924330234527588,0,1.0914299905948017,0.8856837153434753,1.168364970490425,92,greedy,greedy,Greedy,
77819,soldier_caught,0,1,0,0,111,19,9.5,92,,,1.4816478490829468,0,1.1824805124472546,1.2814078330993652,1.279218729889302,93,greedy,greedy,Greedy,
77820,intercepted,1,0,0,0,15,13,6.5,2,15.0,7.5,5.724728107452393,0,1.6332584619522095,1.6525073051452637,1.6617802916490698,3,greedy,greedy,Greedy,
77821,soldier_caught,0,1,0,0,81,20,10.0,61,,,1.151801347732544,0,1.0721123731665072,0.999038577079773,1.1714853856091023,62,greedy,greedy,Greedy,
77822,intercepted,1,0,0,0,61,12,6.0,49,61.0,30.5,2.6175084114074707,0,1.1581563338637353,0.857603132724762,1.2378892564311657,50,greedy,greedy,Greedy,
77823,intercepted,1,0,0,0,15,13,6.5,2,15.0,7.5,4.61021089553833,0,0.5229377349217733,0.4581732451915741,0.5293819279063334,3,greedy,greedy,Greedy,
77824,intercepted,1,0,0,0,119,16,8.0,103,119.0,59.5,2.2094995975494385,0,1.1891355068924336,0.6239078044891357,1.2830619994555987,104,greedy,greedy,Greedy,
77825,intercepted,1,0,0,0,41,16,8.0,25,41.0,20.5,6.824208736419678,0,1.1856127702272856,1.376193881034851,1.288973195131783,26,greedy,greedy,Greedy,
77826,intercepted,1,0,0,0,153,19,9.5,134,153.0,76.5,2.0167171955108643,0,1.1212376348950244,0.9557853937149048,1.2125842005080671,135,greedy,greedy,Greedy,
77827,soldier_caught,0,1,0,0,95,14,7.0,81,,,1.3753334283828735,0,1.1208259187093594,1.5742907524108887,1.210735808989055,82,greedy,greedy,Greedy,
77828,soldier_caught,0,1,0,0,80,14,7.0,66,,,1.3839701414108276,0,1.0940868489777864,1.2965800762176514,1.1883068517023536,67,greedy,greedy,Greedy,
77829,soldier_caught,0,1,0,0,46,21,10.5,25,,,1.7681777477264404,0,1.002072273538663,0.6553804278373718,1.0697857031206786,26,greedy,greedy,Greedy,
77830,soldier_caught,0,1,0,0,275,20,10.0,255,,,1.2270972728729248,0,1.1702981372945942,1.0406602621078491,1.2566023288230792,256,greedy,greedy,Greedy,
77831,soldier_caught,0,1,0,0,56,16,8.0,40,,,1.535035490989685,0,1.0682906522983457,1.696138620376587,1.1507271992889914,41,greedy,greedy,Greedy,
77832,intercepted,1,0,0,0,13,11,5.5,2,13.0,6.5,7.619015216827393,0,1.2180326382319133,1.5263310670852661,1.259016627507718,3,greedy,greedy,Greedy,
77833,intercepted,1,0,0,0,60,15,7.5,45,60.0,30.0,3.7215187549591064,0,1.0658598917981852,1.4178146123886108,1.1895608990293725,46,greedy,greedy,Greedy,
77834,intercepted,1,0,0,0,112,18,9.0,94,112.0,56.0,3.015693187713623,0,1.198875157456649,0.6408274173736572,1.2949056512951431,95,greedy,greedy,Greedy,
77835,intercepted,1,0,0,0,147,13,6.5,134,147.0,73.5,3.2029154300689697,0,1.0235922227303187,0.7687935829162598,1.1117527492269375,135,greedy,greedy,Greedy,
77836,soldier_caught,0,1,0,0,96,12,6.0,84,,,0.8970511555671692,0,1.0682708827888265,0.7258604168891907,1.1616020736487878,85,greedy,greedy,Greedy,
77837,soldier_caught,0,1,0,0,312,16,8.0,296,,,0.6738054156303406,0,1.1708272933608754,1.0442074537277222,1.2676749599158033,297,greedy,greedy,Greedy,
77838,intercepted,1,0,0,0,16,14,7.0,2,16.0,8.0,5.095048427581787,0,1.4638958374659221,1.4920202493667603,1.4640309228985282,3,greedy,greedy,Greedy,
77839,soldier_caught,0,1,0,0,79,15,7.5,64,,,1.0223493576049805,0,1.1481633903888555,0.39989253878593445,1.2288711745429854,65,greedy,greedy,Greedy,
77840,intercepted,1,0,0,0,18,16,8.0,2,18.0,9.0,6.87619161605835,0,1.222057541211446,1.730883240699768,1.2878106286441011,3,greedy,greedy,Greedy,
77841,soldier_caught,0,1,0,0,48,20,10.0,28,,,0.9201565980911255,0,1.1997162966892636,1.6439484357833862,1.265970148254124,29,greedy,greedy,Greedy,
77842,intercepted,1,0,0,0,93,13,6.5,80,93.0,46.5,2.575996160507202,0,1.0335183673434787,0.9170272946357727,1.115906850971581,81,greedy,greedy,Greedy,
77843,soldier_caught,0,1,0,0,137,23,11.5,114,,,1.302223801612854,0,1.2315443552058676,1.811604619026184,1.33778159592321,115,greedy,greedy,Greedy,
77844,intercepted,1,0,0,0,16,14,7.0,2,16.0,8.0,7.778773784637451,0,0.8389510015646616,1.3270412683486938,0.9553029804276209,3,greedy,greedy,Greedy,
77845,soldier_caught,0,1,0,0,194,22,11.0,172,,,1.8005051612854004,0,1.1600635225717733,1.867601752281189,1.2504081315562374,173,greedy,greedy,Greedy,
77846,soldier_caught,0,1,0,0,35,12,6.0,23,,,1.8758314847946167,0,1.1846848676602046,0.757188081741333,1.2302643862161,24,greedy,greedy,Greedy,
77847,intercepted,1,0,0,0,176,16,8.0,160,176.0,88.0,4.847972393035889,0,1.117222621018842,1.5198097229003906,1.2188853554617498,161,greedy,greedy,Greedy,
77848,intercepted,1,0,0,0,103,23,11.5,80,103.0,51.5,2.879277229309082,0,1.1330420246094832,1.2798746824264526,1.2082192595720742,81,greedy,greedy,Greedy,
77849,soldier_caught,0,1,0,0,139,17,8.5,122,,,1.028280258178711,0,1.1661737190514077,0.8365416526794434,1.2752715811618536,123,greedy,greedy,Greedy,
77850,intercepted,1,0,0,0,136,21,10.5,115,136.0,68.0,2.5720958709716797,0,1.0866603288671066,1.4562829732894897,1.17390166742407,116,greedy,greedy,Greedy,
77851,soldier_caught,0,1,0,0,563,16,8.0,547,,,1.043665885925293,0,1.1144205280137758,1.52926504611969,1.2161725222883006,548,greedy,greedy,Greedy,
77852,intercepted,1,0,0,0,105,15,7.5,90,105.0,52.5,4.722397804260254,0,1.1368426472603619,1.1865034103393555,1.2178442629245247,91,greedy,greedy,Greedy,
77853,intercepted,1,0,0,0,66,18,9.0,48,66.0,33.0,5.133011817932129,0,1.1265131682157516,1.9864753484725952,1.2221514258188084,49,greedy,greedy,Greedy,
77854,soldier_caught,0,1,0,0,57,16,8.0,41,,,0.9657037854194641,0,1.2233685506951242,0.6108383536338806,1.3012987359246189,42,greedy,greedy,Greedy,
77855,soldier_caught,0,1,0,0,71,20,10.0,51,,,1.0717164278030396,0,1.2037280178987062,0.5433890223503113,1.31240286370715,52,greedy,greedy,Greedy,
77856,intercepted,1,0,0,0,126,12,6.0,114,126.0,63.0,2.38466477394104,0,1.1942406645935515,1.3344995975494385,1.286107471297183,115,greedy,greedy,Greedy,
77857,intercepted,1,0,0,0,203,12,6.0,191,203.0,101.5,3.3403756618499756,0,1.1449018215062097,0.5519484877586365,1.237644528769839,192,greedy,greedy,Greedy,
77858,soldier_caught,0,1,0,0,164,15,7.5,149,,,1.0240697860717773,0,1.0595949338873227,0.17726972699165344,1.1623480362300238,150,greedy,greedy,Greedy,
77859,intercepted,1,0,0,0,21,19,9.5,2,21.0,10.5,5.091940879821777,0,1.1017594734827678,2.0699214935302734,1.2979179611803071,3,greedy,greedy,Greedy,
77860,soldier_caught,0,1,0,0,179,13,6.5,166,,,1.0679597854614258,0,1.1361031236495087,0.8440561294555664,1.2377242355597373,167,greedy,greedy,Greedy,
77861,intercepted,1,0,0,0,44,18,9.0,26,44.0,22.0,2.5537209510803223,0,1.157250111853635,0.29032257199287415,1.303389354636559,27,greedy,greedy,Greedy,
77862,soldier_caught,0,1,0,0,41,22,11.0,19,,,1.813974380493164,0,0.9863580003380775,1.7306686639785767,1.119569425088143,20,greedy,greedy,Greedy,
77863,intercepted,1,0,0,0,150,19,9.5,131,150.0,75.0,2.0750629901885986,0,1.103303226557645,0.31174376606941223,1.194715884313746,132,greedy,greedy,Greedy,
77864,intercepted,1,0,0,0,53,15,7.5,38,53.0,26.5,3.8576695919036865,0,1.0598418078361413,0.888797402381897,1.172739387083497,39,greedy,greedy,Greedy,
77865,soldier_caught,0,1,0,0,110,18,9.0,92,,,0.733235776424408,0,1.1776521543982208,0.8730610609054565,1.2848415909158124,93,greedy,greedy,Greedy,
77866,intercepted,1,0,0,0,20,18,9.0,2,20.0,10.0,3.8926188945770264,0,0.9346012671788534,0.16212284564971924,1.0889874094198124,3,greedy,greedy,Greedy,
77867,unsafe_intercept,0,0,1,0,75,16,8.0,59,,,2.5565688610076904,0,1.1765594144662221,0.4069983959197998,1.2636300465897377,60,greedy,greedy,Greedy,
77868,intercepted,1,0,0,0,115,15,7.5,100,115.0,57.5,3.6463680267333984,0,1.1209977413758192,0.7496136426925659,1.206661776461821,101,greedy,greedy,Greedy,
77869,soldier_caught,0,1,0,0,114,18,9.0,96,,,0.7634249329566956,0,1.184662381398309,1.1748818159103394,1.2912306422687378,97,greedy,greedy,Greedy,
77870,soldier_caught,0,1,0,0,234,23,11.5,211,,,1.0280143022537231,0,1.1416759201378193,0.5856372714042664,1.2318632636372253,212,greedy,greedy,Greedy,
77871,intercepted,1,0,0,0,16,14,7.0,2,16.0,8.0,5.682516098022461,0,0.9689711729685465,1.0881493091583252,0.9893283609360214,3,greedy,greedy,Greedy,
77872,intercepted,1,0,0,0,132,18,9.0,114,132.0,66.0,2.2427895069122314,0,1.038624803462754,1.0442478656768799,1.1388786206890358,115,greedy,greedy,Greedy,
77873,soldier_caught,0,1,0,0,119,16,8.0,103,,,1.7930948734283447,0,1.1719982283046613,1.369795560836792,1.2573254447715443,104,greedy,greedy,Greedy,
77874,soldier_caught,0,1,0,0,216,14,7.0,202,,,0.7234441041946411,0,1.1237562216561416,0.7948403358459473,1.2203161870349077,203,greedy,greedy,Greedy,
77875,intercepted,1,0,0,0,16,14,7.0,2,16.0,8.0,7.598171710968018,0,1.030515432357788,0.7553616762161255,1.082839225565458,3,greedy,greedy,Greedy,
77876,soldier_caught,0,1,0,0,88,19,9.5,69,,,1.8709205389022827,0,1.152904229078974,0.4662322402000427,1.2776771313109156,70,greedy,greedy,Greedy,
77877,intercepted,1,0,0,0,30,28,14.0,2,30.0,15.0,4.118806838989258,0,1.4609858989715576,1.4216299057006836,1.4621129652208307,3,greedy,greedy,Greedy,
77878,intercepted,1,0,0,0,166,23,11.5,143,166.0,83.0,2.6503255367279053,0,1.1000134942846165,1.295305609703064,1.1958880883335832,144,greedy,greedy,Greedy,
77879,intercepted,1,0,0,0,17,15,7.5,2,17.0,8.5,7.010720252990723,0,1.4809530973434448,1.6869128942489624,1.5260615775501114,3,greedy,greedy,Greedy,
77880,intercepted,1,0,0,0,16,14,7.0,2,16.0,8.0,6.054358959197998,0,1.4294374982515972,1.0969338417053223,1.5413837491040525,3,greedy,greedy,Greedy,
77881,soldier_caught,0,1,0,0,124,13,6.5,111,,,1.153594732284546,0,1.0941275469958782,0.2812461853027344,1.182772167914215,112,greedy,greedy,Greedy,
77882,intercepted,1,0,0,0,14,12,6.0,2,14.0,7.0,6.6802520751953125,0,0.7371953924496969,0.46319615840911865,0.8244362105061966,3,greedy,greedy,Greedy,
77883,soldier_caught,0,1,0,0,79,12,6.0,67,,,0.9961056113243103,0,1.068386613884393,1.6792919635772705,1.1806845746191188,68,greedy,greedy,Greedy,
77884,intercepted,1,0,0,0,88,21,10.5,67,88.0,44.0,4.119340419769287,0,1.1758374808465732,1.018601417541504,1.256161147964857,68,greedy,greedy,Greedy,
77885,intercepted,1,0,0,0,183,23,11.5,160,183.0,91.5,2.0951664447784424,0,1.1342778315085063,2.0289483070373535,1.221040702627001,161,greedy,greedy,Greedy,
77886,soldier_caught,0,1,0,0,208,13,6.5,195,,,0.7456876635551453,0,1.110300997044055,0.6920213103294373,1.2334586136266354,196,greedy,greedy,Greedy,
77887,soldier_caught,0,1,0,0,63,14,7.0,49,,,0.869134247303009,0,1.2619322401285171,1.9546144008636475,1.358283507204194,50,greedy,greedy,Greedy,
77888,intercepted,1,0,0,0,153,19,9.5,134,153.0,76.5,4.911294937133789,0,1.0548783500989278,0.6797612905502319,1.1600735833676064,135,greedy,greedy,Greedy,
77889,soldier_caught,0,1,0,0,53,13,6.5,40,,,1.218746542930603,0,1.0958100193884315,1.2410839796066284,1.2016994919214512,41,greedy,greedy,Greedy,
77890,intercepted,1,0,0,0,15,13,6.5,2,15.0,7.5,7.22457218170166,0,1.2360570629437764,0.8914170861244202,1.342454411267948,3,greedy,greedy,Greedy,
77891,intercepted,1,0,0,0,220,15,7.5,205,220.0,110.0,4.9848127365112305,0,1.1377612355988003,1.1432591676712036,1.2215362281088298,206,greedy,greedy,Greedy,
77892,soldier_caught,0,1,0,0,129,21,10.5,108,,,0.7074616551399231,0,1.0888592781276878,0.7673751711845398,1.184942282047566,109,greedy,greedy,Greedy,
77893,intercepted,1,0,0,0,24,22,11.0,2,24.0,12.0,6.05841064453125,0,1.3614113529523213,1.7294330596923828,1.4244317422093082,3,greedy,greedy,Greedy,
77894,soldier_caught,0,1,0,0,55,18,9.0,37,,,1.8930435180664062,0,1.1626462199186023,0.6754968762397766,1.264425616921745,38,greedy,greedy,Greedy,
77895,soldier_caught,0,1,0,0,67,14,7.0,53,,,1.9715490341186523,0,1.1623805237037164,1.3510833978652954,1.2686576427017886,54,greedy,greedy,Greedy,
77896,soldier_caught,0,1,0,0,77,15,7.5,62,,,0.7670562267303467,0,1.128241827563634,0.6177195310592651,1.2077079512595734,63,greedy,greedy,Greedy,
77897,soldier_caught,0,1,0,0,232,17,8.5,215,,,1.5865144729614258,0,1.185418407674189,0.6047958135604858,1.2777201773349056,216,greedy,greedy,Greedy,
77898,intercepted,1,0,0,0,150,15,7.5,135,150.0,75.0,4.290531635284424,0,1.0634523409637897,1.0919018983840942,1.168564661159439,136,greedy,greedy,Greedy,
77899,soldier_caught,0,1,0,0,186,21,10.5,165,,,0.8411968946456909,0,1.1361595749944808,1.1483609676361084,1.228219555256713,166,greedy,greedy,Greedy,
77900,intercepted,1,0,0,0,317,18,9.0,299,317.0,158.5,2.801395893096924,0,1.1078312897185485,1.0257617235183716,1.2153211830686632,300,greedy,greedy,Greedy,
77901,intercepted,1,0,0,0,55,12,6.0,43,55.0,27.5,3.2036547660827637,0,1.2860269790345973,0.9927448630332947,1.3915755166105273,44,greedy,greedy,Greedy,
77902,intercepted,1,0,0,0,17,15,7.5,2,17.0,8.5,5.840029716491699,0,0.7847856283187866,0.5993877053260803,0.7967965471917022,3,greedy,greedy,Greedy,
77903,intercepted,1,0,0,0,20,18,9.0,2,20.0,10.0,4.972808837890625,0,1.5880788564682007,1.3722056150436401,1.5979126103441152,3,greedy,greedy,Greedy,
77904,intercepted,1,0,0,0,111,20,10.0,91,111.0,55.5,5.256951808929443,0,1.0886306160170098,2.4684627056121826,1.1818193284382608,92,greedy,greedy,Greedy,
77905,intercepted,1,0,0,0,18,16,8.0,2,18.0,9.0,4.940690994262695,0,1.0493789116541545,0.3039569854736328,1.1743185102834777,3,greedy,greedy,Greedy,
77906,intercepted,1,0,0,0,64,15,7.5,49,64.0,32.0,2.0296170711517334,0,1.1304722338914872,0.8387790322303772,1.236728565619746,50,greedy,greedy,Greedy,
77907,intercepted,1,0,0,0,26,24,12.0,2,26.0,13.0,5.756453037261963,0,1.395119071006775,0.653508186340332,1.5559505491881453,3,greedy,greedy,Greedy,
77908,intercepted,1,0,0,0,325,18,9.0,307,325.0,162.5,3.1448161602020264,0,1.1257637138780836,1.9353992938995361,1.2188418477133036,308,greedy,greedy,Greedy,
77909,intercepted,1,0,0,0,21,19,9.5,2,21.0,10.5,5.710377216339111,0,0.5049976805845896,0.28869953751564026,0.5279662577265267,3,greedy,greedy,Greedy,
77910,intercepted,1,0,0,0,81,15,7.5,66,81.0,40.5,3.754596710205078,0,1.0506329569798798,0.8660638928413391,1.1610301717799163,67,greedy,greedy,Greedy,
77911,intercepted,1,0,0,0,86,21,10.5,65,86.0,43.0,2.385192394256592,0,1.1084843359210275,0.9449609518051147,1.1888080799044483,66,greedy,greedy,Greedy,
77912,intercepted,1,0,0,0,122,15,7.5,107,122.0,61.0,5.225310802459717,0,1.2351561044515282,0.5582807660102844,1.325323331436083,108,greedy,greedy,Greedy,
77913,soldier_caught,0,1,0,0,390,26,13.0,364,,,0.824020266532898,0,1.1655346637719297,0.8361135125160217,1.2623779086442077,365,greedy,greedy,Greedy,
77914,intercepted,1,0,0,0,135,17,8.5,118,135.0,67.5,2.940208673477173,0,1.0504862460769524,0.5638706684112549,1.1450571565758858,119,greedy,greedy,Greedy,
77915,intercepted,1,0,0,0,102,12,6.0,90,102.0,51.0,3.3227407932281494,0,1.1126706169529275,0.8503076434135437,1.2021237947258687,91,greedy,greedy,Greedy,
77916,intercepted,1,0,0,0,484,14,7.0,470,484.0,242.0,2.636880397796631,0,1.0933378472323123,0.5762155652046204,1.1937412959014053,471,greedy,greedy,Greedy,
77917,soldier_caught,0,1,0,0,107,15,7.5,92,,,1.7424954175949097,0,1.1140285863350796,1.2233717441558838,1.1971742899368638,93,greedy,greedy,Greedy,
77918,intercepted,1,0,0,0,15,13,6.5,2,15.0,7.5,6.7023396492004395,0,1.2476929426193237,1.449697732925415,1.2566126767859458,3,greedy,greedy,Greedy,
77919,soldier_caught,0,1,0,0,29,15,7.5,14,,,1.1258926391601562,0,1.097813019156456,0.9066638946533203,1.2148818707864102,15,greedy,greedy,Greedy,
77920,intercepted,1,0,0,0,60,15,7.5,45,60.0,30.0,4.327818870544434,0,1.1244071712312491,1.5135866403579712,1.2328557696897773,46,greedy,greedy,Greedy,
77921,intercepted,1,0,0,0,20,18,9.0,2,20.0,10.0,6.877242088317871,0,1.5843889315923054,1.5636420249938965,1.587631034315995,3,greedy,greedy,Greedy,
77922,soldier_caught,0,1,0,0,66,18,9.0,48,,,1.1223194599151611,0,1.2754448603610604,1.2581373453140259,1.3304839309542658,49,greedy,greedy,Greedy,
77923,soldier_caught,0,1,0,0,45,13,6.5,32,,,1.646618127822876,0,1.130032128456867,0.6613397002220154,1.245343527849418,33,greedy,greedy,Greedy,
77924,soldier_caught,0,1,0,0,94,17,8.5,77,,,0.6932157278060913,0,1.1240359651736724,1.3477740287780762,1.2090598460018878,78,greedy,greedy,Greedy,
77925,soldier_caught,0,1,0,0,26,20,10.0,6,,,1.085483193397522,0,0.9394805005618504,0.3393207788467407,1.0446061769324884,7,greedy,greedy,Greedy,
77926,soldier_caught,0,1,0,0,27,22,11.0,5,,,1.4758031368255615,0,0.9580142796039581,0.8257412910461426,1.014986261668717,6,greedy,greedy,Greedy,
77927,soldier_caught,0,1,0,0,57,14,7.0,43,,,1.7376294136047363,0,1.2582959708842365,1.8006281852722168,1.339396888910413,44,greedy,greedy,Greedy,
77928,intercepted,1,0,0,0,162,17,8.5,145,162.0,81.0,2.0732614994049072,0,1.2130830084828481,1.7350213527679443,1.3049436972790047,146,greedy,greedy,Greedy,
77929,intercepted,1,0,0,0,17,15,7.5,2,17.0,8.5,7.384608268737793,0,1.0903497536977131,0.810326337814331,1.1293847659415175,3,greedy,greedy,Greedy,
77930,soldier_caught,0,1,0,0,43,20,10.0,23,,,0.48365455865859985,0,1.284725581606229,0.9307180643081665,1.3539634090306394,24,greedy,greedy,Greedy,
77931,unsafe_intercept,0,0,1,0,16,14,7.0,2,,,3.457685708999634,0,1.6146358251571655,1.9666025638580322,1.641820595168137,3,greedy,greedy,Greedy,
77932,soldier_caught,0,1,0,0,173,16,8.0,157,,,1.1281983852386475,0,1.1675986543863635,0.9551546573638916,1.2581191879462201,158,greedy,greedy,Greedy,
77933,intercepted,1,0,0,0,428,19,9.5,409,428.0,214.0,2.1420705318450928,0,1.138134041319533,1.551131248474121,1.2262945865785375,410,greedy,greedy,Greedy,
77934,intercepted,1,0,0,0,189,30,15.0,159,189.0,94.5,2.414275646209717,0,1.13117330474779,1.3857156038284302,1.213292034505234,160,greedy,greedy,Greedy,
77935,intercepted,1,0,0,0,189,16,8.0,173,189.0,94.5,2.3966891765594482,0,1.0883912426986913,1.1166387796401978,1.1808190928591484,174,greedy,greedy,Greedy,
77936,intercepted,1,0,0,0,68,22,11.0,46,68.0,34.0,5.417555809020996,0,1.1248274448704212,0.6479890942573547,1.1916261289974894,47,greedy,greedy,Greedy,
77937,intercepted,1,0,0,0,18,16,8.0,2,18.0,9.0,4.65532922744751,0,1.3183676799138386,1.4213916063308716,1.325605449639633,3,greedy,greedy,Greedy,
77938,soldier_caught,0,1,0,0,42,20,10.0,22,,,1.5701004266738892,0,1.0902587933384853,1.3348644971847534,1.1525586210571364,23,greedy,greedy,Greedy,
77939,intercepted,1,0,0,0,90,13,6.5,77,90.0,45.0,5.154433727264404,0,0.9662811439006757,1.265340805053711,1.0732948113122225,78,greedy,greedy,Greedy,
77940,intercepted,1,0,0,0,62,16,8.0,46,62.0,31.0,5.820364952087402,0,1.0359813964113276,0.9243643283843994,1.140518004409357,47,greedy,greedy,Greedy,
77941,soldier_caught,0,1,0,0,50,19,9.5,31,,,1.8835868835449219,0,1.0076843993738294,2.253915548324585,1.1115880886377116,32,greedy,greedy,Greedy,
77942,intercepted,1,0,0,0,50,21,10.5,29,50.0,25.0,5.259975910186768,0,1.1489096701145172,0.8591091632843018,1.248934460792156,30,greedy,greedy,Greedy,
77943,intercepted,1,0,0,0,138,15,7.5,123,138.0,69.0,4.938335418701172,0,1.0797776335910443,1.0379273891448975,1.16965888718018,124,greedy,greedy,Greedy,
77944,intercepted,1,0,0,0,45,20,10.0,25,45.0,22.5,2.6045567989349365,0,1.2090720213376558,1.024269461631775,1.2911221304187668,26,greedy,greedy,Greedy,
77945,soldier_caught,0,1,0,0,24,19,9.5,5,,,1.7773102521896362,0,1.3784229060014088,0.6579942107200623,1.5877767603750716,6,greedy,greedy,Greedy,
77946,soldier_caught,0,1,0,0,39,16,8.0,23,,,1.9009133577346802,0,1.1961186453700066,0.6765496134757996,1.291529032894552,24,greedy,greedy,Greedy,
77947,soldier_caught,0,1,0,0,166,11,5.5,155,,,1.8460556268692017,0,1.1284816761811574,0.9075049757957458,1.235517841896907,156,greedy,greedy,Greedy,
77948,soldier_caught,0,1,0,0,110,13,6.5,97,,,1.3644096851348877,0,1.1536611855334165,0.8447298407554626,1.250615610012497,98,greedy,greedy,Greedy,
77949,soldier_caught,0,1,0,0,76,12,6.0,64,,,1.4211255311965942,0,1.2206847388010758,0.859618604183197,1.3204174219222777,65,greedy,greedy,Greedy,
77950,soldier_caught,0,1,0,0,328,12,6.0,316,,,1.6074920892715454,0,1.153389110409123,1.9109573364257812,1.2529080755502209,317,greedy,greedy,Greedy,
77951,intercepted,1,0,0,0,20,18,9.0,2,20.0,10.0,7.567390441894531,0,1.013599654038747,1.0888400077819824,1.0165352786436697,3,greedy,greedy,Greedy,
77952,soldier_caught,0,1,0,0,73,20,10.0,53,,,1.9411579370498657,0,0.9476380160561314,0.6385794281959534,1.0268062575422257,54,greedy,greedy,Greedy,
77953,intercepted,1,0,0,0,20,18,9.0,2,20.0,10.0,6.892862319946289,0,1.5135929981867473,1.642466425895691,1.5174227987836126,3,greedy,greedy,Greedy,
77954,intercepted,1,0,0,0,108,19,9.5,89,108.0,54.0,3.3215622901916504,0,1.1207967100871934,0.9540024399757385,1.2216532109776586,90,greedy,greedy,Greedy,
77955,soldier_caught,0,1,0,0,72,21,10.5,51,,,1.489023208618164,0,1.1057593644811556,1.691870093345642,1.2172169897810312,52,greedy,greedy,Greedy,
77956,intercepted,1,0,0,0,345,14,7.0,331,345.0,172.5,2.23537015914917,0,1.0908191055957093,0.6707659363746643,1.19126611128301,332,greedy,greedy,Greedy,
77957,soldier_caught,0,1,0,0,52,23,11.5,29,,,1.187662124633789,0,0.9817481348911922,0.7519638538360596,1.0738781556845078,30,greedy,greedy,Greedy,
77958,intercepted,1,0,0,0,62,15,7.5,47,62.0,31.0,6.472809314727783,0,1.1417603949084878,0.5662447810173035,1.231831115708771,48,greedy,greedy,Greedy,
77959,soldier_caught,0,1,0,0,74,18,9.0,56,,,1.0427254438400269,0,1.126842454337237,0.9157434105873108,1.2022388233586905,57,greedy,greedy,Greedy,
77960,intercepted,1,0,0,0,19,17,8.5,2,19.0,9.5,6.827571868896484,0,1.217198650042216,1.349359154701233,1.2874911625024992,3,greedy,greedy,Greedy,
77961,intercepted,1,0,0,0,19,17,8.5,2,19.0,9.5,8.186014175415039,0,0.976435919602712,1.1410629749298096,0.9837520099031309,3,greedy,greedy,Greedy,
77962,intercepted,1,0,0,0,13,11,5.5,2,13.0,6.5,5.338401794433594,0,1.2807570695877075,1.7530406713485718,1.3258580854028301,3,greedy,greedy,Greedy,
77963,intercepted,1,0,0,0,207,20,10.0,187,207.0,103.5,2.1298983097076416,0,1.2331196192572726,1.4404646158218384,1.3532680289015333,188,greedy,greedy,Greedy,
77964,intercepted,1,0,0,0,15,13,6.5,2,15.0,7.5,7.188576698303223,0,1.3126327395439148,2.251574754714966,1.4910143603412147,3,greedy,greedy,Greedy,
77965,intercepted,1,0,0,0,19,17,8.5,2,19.0,9.5,7.5020880699157715,0,0.7621173858642578,0.5398721098899841,0.7840006089163716,3,greedy,greedy,Greedy,
77966,soldier_caught,0,1,0,0,89,16,8.0,73,,,1.7602556943893433,0,1.1104086619373914,1.7506247758865356,1.2613314423529842,74,greedy,greedy,Greedy,
77967,soldier_caught,0,1,0,0,61,17,8.5,44,,,1.776936411857605,0,1.1099936289919747,1.419950246810913,1.218800613751992,45,greedy,greedy,Greedy,
77968,soldier_caught,0,1,0,0,103,13,6.5,90,,,1.8112308979034424,0,1.1412713783127921,0.6939272880554199,1.2330426440982998,91,greedy,greedy,Greedy,
77969,intercepted,1,0,0,0,98,15,7.5,83,98.0,49.0,2.891742467880249,0,1.1856658508380253,1.2649539709091187,1.2805030032615703,84,greedy,greedy,Greedy,
77970,soldier_caught,0,1,0,0,88,14,7.0,74,,,1.9077234268188477,0,1.1500780554612478,1.069689393043518,1.2481230247847734,75,greedy,greedy,Greedy,
77971,intercepted,1,0,0,0,108,17,8.5,91,108.0,54.0,2.342989683151245,0,1.1497304368278254,0.9470014572143555,1.2477104545402267,92,greedy,greedy,Greedy,
77972,intercepted,1,0,0,0,72,15,7.5,57,72.0,36.0,3.190021276473999,0,1.100464105092246,1.3429759740829468,1.183835151844711,58,greedy,greedy,Greedy,
77973,intercepted,1,0,0,0,12,10,5.0,2,12.0,6.0,6.926006317138672,0,1.2633500496546428,1.902420997619629,1.3444842309527147,3,greedy,greedy,Greedy,
77974,soldier_caught,0,1,0,0,251,11,5.5,240,,,1.7482256889343262,0,1.1145139727045885,1.9111031293869019,1.217669655354128,241,greedy,greedy,Greedy,
77975,soldier_caught,0,1,0,0,65,14,7.0,51,,,1.8135565519332886,0,1.143183728823295,0.9045984148979187,1.2514144524393516,52,greedy,greedy,Greedy,
77976,soldier_caught,0,1,0,0,88,17,8.5,71,,,1.872762680053711,0,1.1081440550171666,0.7149624824523926,1.2062844644104902,72,greedy,greedy,Greedy,
77977,intercepted,1,0,0,0,19,17,8.5,2,19.0,9.5,5.554682731628418,0,1.0585264364878337,0.9149419069290161,1.0797115715594128,3,greedy,greedy,Greedy,
77978,soldier_caught,0,1,0,0,49,17,8.5,32,,,1.1446855068206787,0,1.1971163442640593,0.8100223541259766,1.3425796905830376,33,greedy,greedy,Greedy,
77979,intercepted,1,0,0,0,20,18,9.0,2,20.0,10.0,8.759615898132324,0,1.5796101093292236,1.332445740699768,1.589509115519783,3,greedy,greedy,Greedy,
77980,intercepted,1,0,0,0,121,16,8.0,105,121.0,60.5,2.5219647884368896,0,1.1517837609884873,1.742702841758728,1.2415246839475798,106,greedy,greedy,Greedy,
77981,intercepted,1,0,0,0,108,22,11.0,86,108.0,54.0,3.3023929595947266,0,1.113998117803157,1.0565993785858154,1.1933355983358627,87,greedy,greedy,Greedy,
77982,soldier_caught,0,1,0,0,87,18,9.0,69,,,1.307572603225708,0,0.9996129770364081,0.6327208280563354,1.0988544824946447,70,greedy,greedy,Greedy,
77983,intercepted,1,0,0,0,39,16,8.0,23,39.0,19.5,2.067734956741333,0,1.105330587675174,0.8594925403594971,1.2070934486398408,24,greedy,greedy,Greedy,
77984,intercepted,1,0,0,0,19,17,8.5,2,19.0,9.5,5.538076400756836,0,1.3733437458674114,1.5756787061691284,1.3812371212527998,3,greedy,greedy,Greedy,
77985,intercepted,1,0,0,0,14,12,6.0,2,14.0,7.0,7.878668785095215,0,1.0585395097732544,1.5708723068237305,1.179351399099614,3,greedy,greedy,Greedy,
77986,intercepted,1,0,0,0,68,23,11.5,45,68.0,34.0,3.853687286376953,0,1.0565764939655429,1.4057061672210693,1.133670006318603,46,greedy,greedy,Greedy,
77987,intercepted,1,0,0,0,14,12,6.0,2,14.0,7.0,8.001713752746582,0,1.4483567674954732,1.886864185333252,1.5797456804913623,3,greedy,greedy,Greedy,
77988,intercepted,1,0,0,0,205,20,10.0,185,205.0,102.5,3.914111375808716,0,1.1252824240714632,0.43008100986480713,1.226562924006186,186,greedy,greedy,Greedy,
77989,intercepted,1,0,0,0,106,14,7.0,92,106.0,53.0,3.365722894668579,0,1.1657608202708665,0.686895489692688,1.2612272471197943,93,greedy,greedy,Greedy,
77990,intercepted,1,0,0,0,17,15,7.5,2,17.0,8.5,6.710318565368652,0,1.2458459734916687,1.6767610311508179,1.2944943618281464,3,greedy,greedy,Greedy,
77991,intercepted,1,0,0,0,22,20,10.0,2,22.0,11.0,5.157489776611328,0,0.8345459898312887,1.185661792755127,0.8724759470275004,3,greedy,greedy,Greedy,
77992,intercepted,1,0,0,0,34,32,16.0,2,34.0,17.0,5.284548282623291,0,1.127082645893097,1.505372166633606,1.2543660742179108,3,greedy,greedy,Greedy,
77993,soldier_caught,0,1,0,0,134,14,7.0,120,,,1.8233742713928223,0,1.1583484595964764,0.7625308036804199,1.2468288618513876,121,greedy,greedy,Greedy,
77994,intercepted,1,0,0,0,47,23,11.5,24,47.0,23.5,3.292729377746582,0,1.097359811067581,0.7207886576652527,1.2048791300302746,25,greedy,greedy,Greedy,
77995,soldier_caught,0,1,0,0,144,13,6.5,131,,,1.2490990161895752,0,1.1105898251813469,1.292411208152771,1.2116252522915576,132,greedy,greedy,Greedy,
77996,soldier_caught,0,1,0,0,245,28,14.0,217,,,1.6831072568893433,0,1.1634641252799864,1.6199519634246826,1.2728213641738995,218,greedy,greedy,Greedy,
77997,intercepted,1,0,0,0,18,16,8.0,2,18.0,9.0,7.101057529449463,0,1.7302053372065227,2.1427903175354004,1.7547726625781934,3,greedy,greedy,Greedy,
77998,soldier_caught,0,1,0,0,92,13,6.5,79,,,1.5421931743621826,0,1.137252152711153,0.7787557244300842,1.236469235312687,80,greedy,greedy,Greedy,
77999,soldier_caught,0,1,0,0,72,14,7.0,58,,,1.9706586599349976,0,1.0957398510585397,1.017478585243225,1.223562649219636,59,greedy,greedy,Greedy,
