environment_seed,outcome,success,soldier_caught,unsafe_intercept,timeout,total_steps,detection_step,detection_time_seconds,post_detection_steps,intercept_step,intercept_time_seconds,min_enemy_soldier_dist,physical_limit_violations,mean_tracking_error,final_tracking_error,tracking_rmse,n_tracking_samples,instance_id,instance_name,family,training_seed
77000,intercepted,1,0,0,0,213,15,7.5,198,213.0,106.5,3.0230603218078613,0,1.0917338496776083,0.7334533929824829,1.1858310244422336,199,lr_ppo_seed56,lr_ppo,LR-PPO,56
77001,intercepted,1,0,0,0,25,23,11.5,2,25.0,12.5,4.833669185638428,0,1.171428124109904,1.6648527383804321,1.233222311274038,3,lr_ppo_seed56,lr_ppo,LR-PPO,56
77002,soldier_caught,0,1,0,0,125,17,8.5,108,,,1.611557126045227,0,1.0843826293125065,0.5467473864555359,1.1852050889988686,109,lr_ppo_seed56,lr_ppo,LR-PPO,56
77003,soldier_caught,0,1,0,0,96,15,7.5,81,,,0.9934747219085693,0,1.1598490313058947,2.1025521755218506,1.2614861041864145,82,lr_ppo_seed56,lr_ppo,LR-PPO,56
77004,intercepted,1,0,0,0,17,15,7.5,2,17.0,8.5,7.238938331604004,0,0.7806859016418457,0.6984719634056091,0.7884766847054978,3,lr_ppo_seed56,lr_ppo,LR-PPO,56
77005,intercepted,1,0,0,0,174,18,9.0,156,174.0,87.0,4.293499946594238,0,1.1122929404495627,2.5576047897338867,1.2309713231529265,157,lr_ppo_seed56,lr_ppo,LR-PPO,56
77006,intercepted,1,0,0,0,25,23,11.5,2,25.0,12.5,7.493525981903076,0,1.722633163134257,1.313657283782959,1.7475840930858009,3,lr_ppo_seed56,lr_ppo,LR-PPO,56
77007,intercepted,1,0,0,0,19,17,8.5,2,19.0,9.5,5.462982177734375,0,1.0349521537621815,0.48733803629875183,1.105032573826875,3,lr_ppo_seed56,lr_ppo,LR-PPO,56
77008,intercepted,1,0,0,0,13,11,5.5,2,13.0,6.5,6.627939224243164,0,0.9563595453898112,1.2012311220169067,0.9801890554462926,3,lr_ppo_seed56,lr_ppo,LR-PPO,56
77009,soldier_caught,0,1,0,0,113,27,13.5,86,,,0.7776593565940857,0,1.1184814260608849,1.3049061298370361,1.2235061793537776,87,lr_ppo_seed56,lr_ppo,LR-PPO,56
77010,soldier_caught,0,1,0,0,144,18,9.0,126,,,1.3793761730194092,0,1.1736791031801794,1.4542229175567627,1.2576741115766448,127,lr_ppo_seed56,lr_ppo,LR-PPO,56
77011,intercepted,1,0,0,0,221,20,10.0,201,221.0,110.5,2.823821544647217,0,1.084092797434861,1.198544979095459,1.180073894279746,202,lr_ppo_seed56,lr_ppo,LR-PPO,56
77012,intercepted,1,0,0,0,20,18,9.0,2,20.0,10.0,6.457866668701172,0,0.9890944163004557,1.215389609336853,1.0066432533186123,3,lr_ppo_seed56,lr_ppo,LR-PPO,56
77013,soldier_caught,0,1,0,0,117,18,9.0,99,,,0.654941737651825,0,1.0941184103488921,1.557883620262146,1.180230876883314,100,lr_ppo_seed56,lr_ppo,LR-PPO,56
77014,soldier_caught,0,1,0,0,145,14,7.0,131,,,1.2039507627487183,0,1.0725519623268733,1.8117982149124146,1.1618703291127515,132,lr_ppo_seed56,lr_ppo,LR-PPO,56
77015,intercepted,1,0,0,0,14,12,6.0,2,14.0,7.0,5.732154369354248,0,1.183478017648061,0.9429594874382019,1.2079996961064847,3,lr_ppo_seed56,lr_ppo,LR-PPO,56
77016,soldier_caught,0,1,0,0,33,13,6.5,20,,,0.8644039630889893,0,1.2323579646292186,1.90452241897583,1.3773179798699957,21,lr_ppo_seed56,lr_ppo,LR-PPO,56
77017,soldier_caught,0,1,0,0,162,21,10.5,141,,,1.909417748451233,0,1.192434203351887,0.12540753185749054,1.2769424479334908,142,lr_ppo_seed56,lr_ppo,LR-PPO,56
77018,soldier_caught,0,1,0,0,25,19,9.5,6,,,0.328966349363327,0,1.3723975590297155,1.0525976419448853,1.4110337647444693,7,lr_ppo_seed56,lr_ppo,LR-PPO,56
77019,intercepted,1,0,0,0,100,14,7.0,86,100.0,50.0,2.0338470935821533,0,1.1615075825274677,0.26072201132774353,1.2612833214757109,87,lr_ppo_seed56,lr_ppo,LR-PPO,56
77020,intercepted,1,0,0,0,215,16,8.0,199,215.0,107.5,3.195554494857788,0,1.1374497370049357,1.2338238954544067,1.229398996044371,200,lr_ppo_seed56,lr_ppo,LR-PPO,56
77021,soldier_caught,0,1,0,0,76,19,9.5,57,,,0.48285844922065735,0,1.229810367884307,1.656425952911377,1.3323401910727186,58,lr_ppo_seed56,lr_ppo,LR-PPO,56
77022,intercepted,1,0,0,0,91,24,12.0,67,91.0,45.5,6.160135269165039,0,1.103297139353612,0.3079002797603607,1.2398700360376924,68,lr_ppo_seed56,lr_ppo,LR-PPO,56
77023,intercepted,1,0,0,0,107,19,9.5,88,107.0,53.5,4.705093860626221,0,1.072836604680908,0.7872371673583984,1.1859233615066422,89,lr_ppo_seed56,lr_ppo,LR-PPO,56
77024,soldier_caught,0,1,0,0,78,26,13.0,52,,,1.9916255474090576,0,1.1781452137906596,1.6530983448028564,1.274129322614586,53,lr_ppo_seed56,lr_ppo,LR-PPO,56
77025,soldier_caught,0,1,0,0,52,29,14.5,23,,,1.5567827224731445,0,1.3463224843144417,1.2612920999526978,1.4325795567111577,24,lr_ppo_seed56,lr_ppo,LR-PPO,56
77026,intercepted,1,0,0,0,85,15,7.5,70,85.0,42.5,3.5682811737060547,0,1.1632140358568916,0.46700266003608704,1.2745666701674037,71,lr_ppo_seed56,lr_ppo,LR-PPO,56
77027,intercepted,1,0,0,0,135,28,14.0,107,135.0,67.5,3.8117971420288086,0,1.1079981626459845,1.8128273487091064,1.199320258072873,108,lr_ppo_seed56,lr_ppo,LR-PPO,56
77028,soldier_caught,0,1,0,0,60,14,7.0,46,,,1.4882460832595825,0,1.264321984762841,1.2274553775787354,1.312682400194579,47,lr_ppo_seed56,lr_ppo,LR-PPO,56
77029,soldier_caught,0,1,0,0,74,20,10.0,54,,,1.3481310606002808,0,1.1438885883851484,1.7142060995101929,1.2339018463657645,55,lr_ppo_seed56,lr_ppo,LR-PPO,56
77030,soldier_caught,0,1,0,0,48,13,6.5,35,,,0.8583682179450989,0,1.1995090825690164,0.5055704116821289,1.278337380416691,36,lr_ppo_seed56,lr_ppo,LR-PPO,56
77031,intercepted,1,0,0,0,195,16,8.0,179,195.0,97.5,2.3393685817718506,0,1.1300816160109308,0.42067116498947144,1.2279908073964347,180,lr_ppo_seed56,lr_ppo,LR-PPO,56
77032,intercepted,1,0,0,0,21,19,9.5,2,21.0,10.5,4.723641395568848,0,1.1494315663973491,1.5215396881103516,1.2264337592089216,3,lr_ppo_seed56,lr_ppo,LR-PPO,56
77033,intercepted,1,0,0,0,20,18,9.0,2,20.0,10.0,9.40524673461914,0,1.4369584719340007,0.7975900769233704,1.7194309461477055,3,lr_ppo_seed56,lr_ppo,LR-PPO,56
77034,intercepted,1,0,0,0,15,13,6.5,2,15.0,7.5,5.300153732299805,0,1.5204463799794514,1.6286218166351318,1.5526860639222582,3,lr_ppo_seed56,lr_ppo,LR-PPO,56
77035,soldier_caught,0,1,0,0,100,19,9.5,81,,,1.8558173179626465,0,1.1071927222173388,1.262790322303772,1.2192969667182814,82,lr_ppo_seed56,lr_ppo,LR-PPO,56
77036,soldier_caught,0,1,0,0,99,17,8.5,82,,,1.2458949089050293,0,1.1288919402174202,1.2640559673309326,1.2004888907287827,83,lr_ppo_seed56,lr_ppo,LR-PPO,56
77037,intercepted,1,0,0,0,41,18,9.0,23,41.0,20.5,3.632469892501831,0,1.1178616260488827,1.4446661472320557,1.209395366666404,24,lr_ppo_seed56,lr_ppo,LR-PPO,56
77038,intercepted,1,0,0,0,59,16,8.0,43,59.0,29.5,6.266191005706787,0,1.0626028017564253,1.357970118522644,1.1533393241294976,44,lr_ppo_seed56,lr_ppo,LR-PPO,56
77039,soldier_caught,0,1,0,0,26,22,11.0,4,,,1.439884066581726,0,1.4148488759994506,0.8807910680770874,1.4792091031609922,5,lr_ppo_seed56,lr_ppo,LR-PPO,56
77040,soldier_caught,0,1,0,0,182,16,8.0,166,,,1.7442158460617065,0,1.0910175769271966,0.6231507062911987,1.187811550675744,167,lr_ppo_seed56,lr_ppo,LR-PPO,56
77041,soldier_caught,0,1,0,0,43,23,11.5,20,,,1.4146100282669067,0,1.037195786124184,1.838781714439392,1.1550067870932375,21,lr_ppo_seed56,lr_ppo,LR-PPO,56
77042,intercepted,1,0,0,0,14,12,6.0,2,14.0,7.0,5.73052978515625,0,1.2983131408691406,1.9264742136001587,1.3746199430368433,3,lr_ppo_seed56,lr_ppo,LR-PPO,56
77043,soldier_caught,0,1,0,0,53,23,11.5,30,,,1.7568881511688232,0,1.2224834441177306,1.2004005908966064,1.305463768776435,31,lr_ppo_seed56,lr_ppo,LR-PPO,56
77044,soldier_caught,0,1,0,0,275,22,11.0,253,,,1.5686631202697754,0,1.1363011589200478,1.2922444343566895,1.231667427209866,254,lr_ppo_seed56,lr_ppo,LR-PPO,56
77045,intercepted,1,0,0,0,21,19,9.5,2,21.0,10.5,5.380159378051758,0,1.179284503062566,0.47758832573890686,1.2813015227241968,3,lr_ppo_seed56,lr_ppo,LR-PPO,56
77046,intercepted,1,0,0,0,511,20,10.0,491,511.0,255.5,2.6190285682678223,0,1.1710964818977243,0.6258928775787354,1.2745292346446173,492,lr_ppo_seed56,lr_ppo,LR-PPO,56
77047,intercepted,1,0,0,0,177,13,6.5,164,177.0,88.5,2.5188732147216797,0,1.0978046653848705,1.1158171892166138,1.194752577024437,165,lr_ppo_seed56,lr_ppo,LR-PPO,56
77048,soldier_caught,0,1,0,0,63,27,13.5,36,,,1.0218369960784912,0,1.1856837200151908,1.0970789194107056,1.2899207604730938,37,lr_ppo_seed56,lr_ppo,LR-PPO,56
77049,soldier_caught,0,1,0,0,102,21,10.5,81,,,1.678554654121399,0,1.120993133906911,1.4195024967193604,1.217699261204278,82,lr_ppo_seed56,lr_ppo,LR-PPO,56
77050,intercepted,1,0,0,0,15,13,6.5,2,15.0,7.5,7.287997722625732,0,1.1870951056480408,1.4962029457092285,1.2434966494933044,3,lr_ppo_seed56,lr_ppo,LR-PPO,56
77051,soldier_caught,0,1,0,0,80,22,11.0,58,,,1.3158084154129028,0,1.084680661811667,1.916553020477295,1.1610795487277805,59,lr_ppo_seed56,lr_ppo,LR-PPO,56
77052,soldier_caught,0,1,0,0,221,21,10.5,200,,,1.5188891887664795,0,1.139367889965055,1.2018400430679321,1.2454896346892148,201,lr_ppo_seed56,lr_ppo,LR-PPO,56
77053,intercepted,1,0,0,0,18,16,8.0,2,18.0,9.0,7.154760837554932,0,1.4116122722625732,1.251924991607666,1.4253721268936765,3,lr_ppo_seed56,lr_ppo,LR-PPO,56
77054,intercepted,1,0,0,0,78,15,7.5,63,78.0,39.0,3.490926742553711,0,1.096836802083999,2.5406391620635986,1.1961923954294922,64,lr_ppo_seed56,lr_ppo,LR-PPO,56
77055,intercepted,1,0,0,0,132,16,8.0,116,132.0,66.0,4.802502155303955,0,1.1254871184499855,1.084270715713501,1.213738956956746,117,lr_ppo_seed56,lr_ppo,LR-PPO,56
77056,intercepted,1,0,0,0,201,18,9.0,183,201.0,100.5,2.267164945602417,0,1.1353633087938246,1.1111429929733276,1.2228519572394323,184,lr_ppo_seed56,lr_ppo,LR-PPO,56
77057,intercepted,1,0,0,0,58,16,8.0,42,58.0,29.0,2.2364211082458496,0,0.964757848964181,0.5698789358139038,1.0794497070120406,43,lr_ppo_seed56,lr_ppo,LR-PPO,56
77058,intercepted,1,0,0,0,62,15,7.5,47,62.0,31.0,8.210670471191406,0,1.1123435702174902,1.245030164718628,1.1733010589615889,48,lr_ppo_seed56,lr_ppo,LR-PPO,56
77059,soldier_caught,0,1,0,0,39,16,8.0,23,,,1.9952958822250366,0,1.0420708643893402,0.45131802558898926,1.1539941192571754,24,lr_ppo_seed56,lr_ppo,LR-PPO,56
77060,unsafe_intercept,0,0,1,0,70,21,10.5,49,,,2.583157777786255,0,1.0219821947813035,0.77469801902771,1.1175279361323192,50,lr_ppo_seed56,lr_ppo,LR-PPO,56
77061,intercepted,1,0,0,0,13,11,5.5,2,13.0,6.5,4.716264247894287,0,0.97407066822052,1.0080137252807617,0.9877062842828398,3,lr_ppo_seed56,lr_ppo,LR-PPO,56
77062,intercepted,1,0,0,0,177,21,10.5,156,177.0,88.5,2.9111328125,0,1.1405149138277504,1.3491095304489136,1.2444334787841522,157,lr_ppo_seed56,lr_ppo,LR-PPO,56
77063,intercepted,1,0,0,0,160,12,6.0,148,160.0,80.0,2.00730037689209,0,1.0815574921317548,0.5197076797485352,1.172138623437268,149,lr_ppo_seed56,lr_ppo,LR-PPO,56
77064,soldier_caught,0,1,0,0,32,14,7.0,18,,,1.8777188062667847,0,1.3171653512277102,0.4141184389591217,1.4339032111999324,19,lr_ppo_seed56,lr_ppo,LR-PPO,56
77065,soldier_caught,0,1,0,0,41,17,8.5,24,,,0.4901616871356964,0,1.42150736451149,1.2695846557617188,1.5139212398932793,25,lr_ppo_seed56,lr_ppo,LR-PPO,56
77066,intercepted,1,0,0,0,88,15,7.5,73,88.0,44.0,3.2807860374450684,0,1.166983448573061,1.0308406352996826,1.2607601929971497,74,lr_ppo_seed56,lr_ppo,LR-PPO,56
77067,soldier_caught,0,1,0,0,115,21,10.5,94,,,1.7668296098709106,0,1.1846845432331687,1.9054659605026245,1.29961515589375,95,lr_ppo_seed56,lr_ppo,LR-PPO,56
77068,soldier_caught,0,1,0,0,85,14,7.0,71,,,1.5528311729431152,0,1.1269897973785798,0.8819672465324402,1.2150336348426296,72,lr_ppo_seed56,lr_ppo,LR-PPO,56
77069,intercepted,1,0,0,0,107,16,8.0,91,107.0,53.5,2.1633849143981934,0,1.2074210146523041,1.1614142656326294,1.2809134811836658,92,lr_ppo_seed56,lr_ppo,LR-PPO,56
77070,intercepted,1,0,0,0,16,14,7.0,2,16.0,8.0,7.097762584686279,0,1.3957688013712566,1.3461627960205078,1.425389921091749,3,lr_ppo_seed56,lr_ppo,LR-PPO,56
77071,intercepted,1,0,0,0,40,17,8.5,23,40.0,20.0,2.9187984466552734,0,0.9015335018436114,0.5451204776763916,0.986328162166377,24,lr_ppo_seed56,lr_ppo,LR-PPO,56
77072,intercepted,1,0,0,0,24,22,11.0,2,24.0,12.0,7.264041900634766,0,1.1556100249290466,0.7758358120918274,1.2587242011410245,3,lr_ppo_seed56,lr_ppo,LR-PPO,56
77073,soldier_caught,0,1,0,0,49,14,7.0,35,,,1.9384955167770386,0,1.0811648418505986,1.7561465501785278,1.1891722843448462,36,lr_ppo_seed56,lr_ppo,LR-PPO,56
77074,intercepted,1,0,0,0,17,15,7.5,2,17.0,8.5,5.809106349945068,0,1.1342616180578868,0.4961813986301422,1.2331760428876577,3,lr_ppo_seed56,lr_ppo,LR-PPO,56
77075,soldier_caught,0,1,0,0,282,16,8.0,266,,,1.2497233152389526,0,1.1442803791288132,1.2117414474487305,1.235856383667338,267,lr_ppo_seed56,lr_ppo,LR-PPO,56
77076,intercepted,1,0,0,0,102,12,6.0,90,102.0,51.0,5.55690860748291,0,1.1742798802289334,1.2176783084869385,1.285296722463218,91,lr_ppo_seed56,lr_ppo,LR-PPO,56
77077,soldier_caught,0,1,0,0,80,19,9.5,61,,,0.8743385672569275,0,1.1022782602137136,0.9569792747497559,1.2068126769904886,62,lr_ppo_seed56,lr_ppo,LR-PPO,56
77078,intercepted,1,0,0,0,82,18,9.0,64,82.0,41.0,2.2193171977996826,0,1.0895543813705444,0.7833254933357239,1.1851303599656435,65,lr_ppo_seed56,lr_ppo,LR-PPO,56
77079,intercepted,1,0,0,0,26,24,12.0,2,26.0,13.0,6.256164073944092,0,1.3416028022766113,1.005421757698059,1.4437648574712896,3,lr_ppo_seed56,lr_ppo,LR-PPO,56
77080,soldier_caught,0,1,0,0,77,11,5.5,66,,,1.8327311277389526,0,1.2008003556906288,1.9103580713272095,1.2827227679456021,67,lr_ppo_seed56,lr_ppo,LR-PPO,56
77081,intercepted,1,0,0,0,23,21,10.5,2,23.0,11.5,7.559062957763672,0,1.2215011517206829,0.8966397047042847,1.244533683617697,3,lr_ppo_seed56,lr_ppo,LR-PPO,56
77082,soldier_caught,0,1,0,0,58,12,6.0,46,,,0.40034550428390503,0,1.1479429190463208,1.2191340923309326,1.2273121936941853,47,lr_ppo_seed56,lr_ppo,LR-PPO,56
77083,soldier_caught,0,1,0,0,19,15,7.5,4,,,0.8595077991485596,0,1.148804259300232,1.1601487398147583,1.188549734511322,5,lr_ppo_seed56,lr_ppo,LR-PPO,56
77084,intercepted,1,0,0,0,108,17,8.5,91,108.0,54.0,6.050038814544678,0,1.0409892199803954,0.5729486346244812,1.1577203915320944,92,lr_ppo_seed56,lr_ppo,LR-PPO,56
77085,soldier_caught,0,1,0,0,17,12,6.0,5,,,1.3950797319412231,0,1.0435591836770375,1.569218635559082,1.1424117458481442,6,lr_ppo_seed56,lr_ppo,LR-PPO,56
77086,soldier_caught,0,1,0,0,74,13,6.5,61,,,1.8294230699539185,0,1.148817659986596,1.2216728925704956,1.2334452111287337,62,lr_ppo_seed56,lr_ppo,LR-PPO,56
77087,soldier_caught,0,1,0,0,18,13,6.5,5,,,1.7618491649627686,0,1.0950287977854412,1.2359018325805664,1.18095240583726,6,lr_ppo_seed56,lr_ppo,LR-PPO,56
77088,intercepted,1,0,0,0,82,13,6.5,69,82.0,41.0,2.608443021774292,0,1.0615457062210356,0.8157625794410706,1.1594824388520366,70,lr_ppo_seed56,lr_ppo,LR-PPO,56
77089,intercepted,1,0,0,0,22,20,10.0,2,22.0,11.0,7.573325157165527,0,0.9826409022013346,0.6701146960258484,1.091675523342456,3,lr_ppo_seed56,lr_ppo,LR-PPO,56
77090,intercepted,1,0,0,0,100,15,7.5,85,100.0,50.0,3.726646661758423,0,1.0941615605423616,1.4236096143722534,1.1865893164504429,86,lr_ppo_seed56,lr_ppo,LR-PPO,56
77091,intercepted,1,0,0,0,14,12,6.0,2,14.0,7.0,7.182124137878418,0,0.49110523362954456,0.1303902119398117,0.5648125382611883,3,lr_ppo_seed56,lr_ppo,LR-PPO,56
77092,soldier_caught,0,1,0,0,48,11,5.5,37,,,1.6655480861663818,0,1.083685622403496,1.0304131507873535,1.134919500091334,38,lr_ppo_seed56,lr_ppo,LR-PPO,56
77093,intercepted,1,0,0,0,32,30,15.0,2,32.0,16.0,5.000629425048828,0,1.1264892021814983,1.1991369724273682,1.1297368820395937,3,lr_ppo_seed56,lr_ppo,LR-PPO,56
77094,intercepted,1,0,0,0,63,18,9.0,45,63.0,31.5,6.422706127166748,0,1.0694810518104096,1.2283295392990112,1.1584019195723445,46,lr_ppo_seed56,lr_ppo,LR-PPO,56
77095,soldier_caught,0,1,0,0,17,14,7.0,3,,,1.4292914867401123,0,1.2266134321689606,0.9682497978210449,1.3132951026787136,4,lr_ppo_seed56,lr_ppo,LR-PPO,56
77096,intercepted,1,0,0,0,238,18,9.0,220,238.0,119.0,2.0076708793640137,0,1.1456183212644913,1.2264912128448486,1.237845306835622,221,lr_ppo_seed56,lr_ppo,LR-PPO,56
77097,soldier_caught,0,1,0,0,36,16,8.0,20,,,1.3722198009490967,0,1.1716609881037758,1.0594103336334229,1.2667793529439313,21,lr_ppo_seed56,lr_ppo,LR-PPO,56
77098,intercepted,1,0,0,0,65,17,8.5,48,65.0,32.5,5.4959845542907715,0,1.0836754045924362,1.360189437866211,1.176975072458709,49,lr_ppo_seed56,lr_ppo,LR-PPO,56
77099,intercepted,1,0,0,0,49,11,5.5,38,49.0,24.5,7.1776323318481445,0,1.2787989034102514,1.8142414093017578,1.3764090118706274,39,lr_ppo_seed56,lr_ppo,LR-PPO,56
77100,intercepted,1,0,0,0,49,24,12.0,25,49.0,24.5,2.104553699493408,0,1.260236455843999,2.2531373500823975,1.3338886970163353,26,lr_ppo_seed56,lr_ppo,LR-PPO,56
77101,soldier_caught,0,1,0,0,193,19,9.5,174,,,1.3431466817855835,0,1.124494731426239,1.023067831993103,1.2173613242723365,175,lr_ppo_seed56,lr_ppo,LR-PPO,56
77102,soldier_caught,0,1,0,0,140,17,8.5,123,,,1.8452682495117188,0,1.1379619690199052,1.331680417060852,1.2229478405086498,124,lr_ppo_seed56,lr_ppo,LR-PPO,56
77103,intercepted,1,0,0,0,60,14,7.0,46,60.0,30.0,4.810405254364014,0,1.0273119547265641,0.5930151343345642,1.117018776753937,47,lr_ppo_seed56,lr_ppo,LR-PPO,56
77104,intercepted,1,0,0,0,87,18,9.0,69,87.0,43.5,3.527005672454834,0,1.1239044600299426,0.4826545715332031,1.221008387887871,70,lr_ppo_seed56,lr_ppo,LR-PPO,56
77105,intercepted,1,0,0,0,110,20,10.0,90,110.0,55.0,3.726163625717163,0,1.2081949144274324,1.2085270881652832,1.3025650053546554,91,lr_ppo_seed56,lr_ppo,LR-PPO,56
77106,soldier_caught,0,1,0,0,305,22,11.0,283,,,1.9264695644378662,0,1.1375686161115135,1.4389209747314453,1.224789365169619,284,lr_ppo_seed56,lr_ppo,LR-PPO,56
77107,intercepted,1,0,0,0,61,15,7.5,46,61.0,30.5,6.423915863037109,0,1.1923349785043837,0.3175221383571625,1.3176303170146895,47,lr_ppo_seed56,lr_ppo,LR-PPO,56
77108,soldier_caught,0,1,0,0,41,14,7.0,27,,,1.7996429204940796,0,0.9195553390309215,1.679401159286499,1.0532571586673976,28,lr_ppo_seed56,lr_ppo,LR-PPO,56
77109,intercepted,1,0,0,0,15,13,6.5,2,15.0,7.5,7.378217697143555,0,1.3571308453877766,1.6397771835327148,1.3833404900680162,3,lr_ppo_seed56,lr_ppo,LR-PPO,56
77110,intercepted,1,0,0,0,20,18,9.0,2,20.0,10.0,7.414645195007324,0,1.158793528874715,1.0615239143371582,1.193561637976908,3,lr_ppo_seed56,lr_ppo,LR-PPO,56
77111,intercepted,1,0,0,0,195,13,6.5,182,195.0,97.5,2.485360860824585,0,1.2218071411216194,1.0489263534545898,1.311930993654377,183,lr_ppo_seed56,lr_ppo,LR-PPO,56
77112,intercepted,1,0,0,0,63,20,10.0,43,63.0,31.5,2.857802152633667,0,1.174358951097185,1.0339356660842896,1.2833271038170981,44,lr_ppo_seed56,lr_ppo,LR-PPO,56
77113,soldier_caught,0,1,0,0,27,23,11.5,4,,,0.92379230260849,0,0.9593377888202668,1.2484580278396606,1.1591281137557037,5,lr_ppo_seed56,lr_ppo,LR-PPO,56
77114,intercepted,1,0,0,0,16,14,7.0,2,16.0,8.0,4.604745864868164,0,1.1787770092487335,1.682123064994812,1.347143776197175,3,lr_ppo_seed56,lr_ppo,LR-PPO,56
77115,intercepted,1,0,0,0,181,21,10.5,160,181.0,90.5,3.4737956523895264,0,1.1656055622589514,1.63760244846344,1.2409134754952786,161,lr_ppo_seed56,lr_ppo,LR-PPO,56
77116,soldier_caught,0,1,0,0,115,17,8.5,98,,,1.463680624961853,0,1.066069567143315,1.1118754148483276,1.1650127310081115,99,lr_ppo_seed56,lr_ppo,LR-PPO,56
77117,soldier_caught,0,1,0,0,35,14,7.0,21,,,0.9382836222648621,0,1.2931379201737316,1.1367125511169434,1.4244616942321753,22,lr_ppo_seed56,lr_ppo,LR-PPO,56
77118,intercepted,1,0,0,0,18,16,8.0,2,18.0,9.0,4.6661224365234375,0,1.121091643969218,1.5023518800735474,1.1623289197578648,3,lr_ppo_seed56,lr_ppo,LR-PPO,56
77119,intercepted,1,0,0,0,199,13,6.5,186,199.0,99.5,4.03692626953125,0,1.145165027781604,0.7677003145217896,1.2557413129592008,187,lr_ppo_seed56,lr_ppo,LR-PPO,56
77120,soldier_caught,0,1,0,0,62,23,11.5,39,,,1.492712378501892,0,0.985241062939167,0.8574532270431519,1.0834490598518343,40,lr_ppo_seed56,lr_ppo,LR-PPO,56
77121,soldier_caught,0,1,0,0,63,33,16.5,30,,,1.8657504320144653,0,1.154671926171549,0.8778780698776245,1.2879038747114353,31,lr_ppo_seed56,lr_ppo,LR-PPO,56
77122,soldier_caught,0,1,0,0,147,14,7.0,133,,,1.3615859746932983,0,1.1314285773394712,1.551496982574463,1.2340762912498073,134,lr_ppo_seed56,lr_ppo,LR-PPO,56
77123,soldier_caught,0,1,0,0,132,12,6.0,120,,,1.6987807750701904,0,1.1460551847357394,0.42336592078208923,1.2530220447909695,121,lr_ppo_seed56,lr_ppo,LR-PPO,56
77124,intercepted,1,0,0,0,62,16,8.0,46,62.0,31.0,5.25479793548584,0,1.101863200360156,0.7573680877685547,1.1761698438507115,47,lr_ppo_seed56,lr_ppo,LR-PPO,56
77125,intercepted,1,0,0,0,60,10,5.0,50,60.0,30.0,3.376354455947876,0,1.253117764112996,1.3262137174606323,1.3486297273672139,51,lr_ppo_seed56,lr_ppo,LR-PPO,56
77126,intercepted,1,0,0,0,215,17,8.5,198,215.0,107.5,2.246824264526367,0,1.1598345133003278,1.3901252746582031,1.250105632769413,199,lr_ppo_seed56,lr_ppo,LR-PPO,56
77127,soldier_caught,0,1,0,0,173,22,11.0,151,,,1.0059869289398193,0,1.0748581968640025,1.5202101469039917,1.1879078944912826,152,lr_ppo_seed56,lr_ppo,LR-PPO,56
77128,intercepted,1,0,0,0,79,13,6.5,66,79.0,39.5,2.1324868202209473,0,1.2362784080540956,1.1242482662200928,1.3217456786413486,67,lr_ppo_seed56,lr_ppo,LR-PPO,56
77129,intercepted,1,0,0,0,22,20,10.0,2,22.0,11.0,7.301303863525391,0,1.4297017653783162,1.301393985748291,1.43261041675136,3,lr_ppo_seed56,lr_ppo,LR-PPO,56
77130,soldier_caught,0,1,0,0,147,17,8.5,130,,,1.8998433351516724,0,1.176992030430386,1.2301298379898071,1.2596495111806165,131,lr_ppo_seed56,lr_ppo,LR-PPO,56
77131,unsafe_intercept,0,0,1,0,81,18,9.0,63,,,2.797826051712036,0,1.1217231387272477,1.4829829931259155,1.202293846994426,64,lr_ppo_seed56,lr_ppo,LR-PPO,56
77132,intercepted,1,0,0,0,19,17,8.5,2,19.0,9.5,8.205623626708984,0,1.06187242269516,0.7466222643852234,1.1044786606093708,3,lr_ppo_seed56,lr_ppo,LR-PPO,56
77133,intercepted,1,0,0,0,151,19,9.5,132,151.0,75.5,3.4459946155548096,0,1.1652495349036123,1.2099820375442505,1.2611139906513607,133,lr_ppo_seed56,lr_ppo,LR-PPO,56
77134,intercepted,1,0,0,0,145,13,6.5,132,145.0,72.5,4.627346992492676,0,1.1238333983977038,1.6447632312774658,1.2160267295333165,133,lr_ppo_seed56,lr_ppo,LR-PPO,56
77135,intercepted,1,0,0,0,182,17,8.5,165,182.0,91.0,2.990906000137329,0,1.1182200388915569,0.3748922049999237,1.2074668292345119,166,lr_ppo_seed56,lr_ppo,LR-PPO,56
77136,soldier_caught,0,1,0,0,244,16,8.0,228,,,1.7595010995864868,0,1.1616714270094075,1.473146677017212,1.2642964944950557,229,lr_ppo_seed56,lr_ppo,LR-PPO,56
77137,soldier_caught,0,1,0,0,55,13,6.5,42,,,1.5505664348602295,0,1.2142734167187712,1.5591988563537598,1.2984665497746766,43,lr_ppo_seed56,lr_ppo,LR-PPO,56
77138,soldier_caught,0,1,0,0,119,17,8.5,102,,,0.6521909832954407,0,1.1145205044920006,0.48493272066116333,1.1944251842496225,103,lr_ppo_seed56,lr_ppo,LR-PPO,56
77139,intercepted,1,0,0,0,16,14,7.0,2,16.0,8.0,7.271736145019531,0,1.6527385711669922,1.8123314380645752,1.6674413365933252,3,lr_ppo_seed56,lr_ppo,LR-PPO,56
77140,intercepted,1,0,0,0,323,20,10.0,303,323.0,161.5,2.516136884689331,0,1.1578728958327127,1.4887745380401611,1.2467943798389476,304,lr_ppo_seed56,lr_ppo,LR-PPO,56
77141,intercepted,1,0,0,0,64,18,9.0,46,64.0,32.0,6.874019622802734,0,1.037805549007781,0.7413864135742188,1.1210989117780428,47,lr_ppo_seed56,lr_ppo,LR-PPO,56
77142,intercepted,1,0,0,0,20,18,9.0,2,20.0,10.0,6.765539646148682,0,0.8169552783171335,0.5853791832923889,0.986978167982704,3,lr_ppo_seed56,lr_ppo,LR-PPO,56
77143,intercepted,1,0,0,0,20,18,9.0,2,20.0,10.0,6.282982349395752,0,1.374228576819102,0.8815736174583435,1.449740345542553,3,lr_ppo_seed56,lr_ppo,LR-PPO,56
77144,intercepted,1,0,0,0,17,15,7.5,2,17.0,8.5,6.843033313751221,0,0.7894700368245443,1.5756462812423706,0.9730450511007341,3,lr_ppo_seed56,lr_ppo,LR-PPO,56
77145,soldier_caught,0,1,0,0,65,24,12.0,41,,,1.6166890859603882,0,1.1798259594610758,1.1441618204116821,1.2652352975919567,42,lr_ppo_seed56,lr_ppo,LR-PPO,56
77146,intercepted,1,0,0,0,17,15,7.5,2,17.0,8.5,7.3150482177734375,0,1.205742359161377,1.8175444602966309,1.296213553480698,3,lr_ppo_seed56,lr_ppo,LR-PPO,56
77147,intercepted,1,0,0,0,300,21,10.5,279,300.0,150.0,2.5999181270599365,0,1.1732636582638536,1.6681983470916748,1.2762582029467389,280,lr_ppo_seed56,lr_ppo,LR-PPO,56
77148,soldier_caught,0,1,0,0,90,17,8.5,73,,,1.2398027181625366,0,1.099283656759842,1.3097290992736816,1.2049298450349686,74,lr_ppo_seed56,lr_ppo,LR-PPO,56
77149,intercepted,1,0,0,0,20,18,9.0,2,20.0,10.0,6.5760273933410645,0,1.2232844630877178,2.0726113319396973,1.3650238654372835,3,lr_ppo_seed56,lr_ppo,LR-PPO,56
77150,soldier_caught,0,1,0,0,31,13,6.5,18,,,1.582323670387268,0,1.1001939365738316,1.894641399383545,1.173524203574368,19,lr_ppo_seed56,lr_ppo,LR-PPO,56
77151,intercepted,1,0,0,0,16,14,7.0,2,16.0,8.0,6.371073246002197,0,0.9880081613858541,0.8683814406394958,1.031479982101316,3,lr_ppo_seed56,lr_ppo,LR-PPO,56
77152,intercepted,1,0,0,0,23,21,10.5,2,23.0,11.5,7.170493125915527,0,1.0067938963572185,1.5467641353607178,1.0815774154462365,3,lr_ppo_seed56,lr_ppo,LR-PPO,56
77153,intercepted,1,0,0,0,105,17,8.5,88,105.0,52.5,6.041147232055664,0,1.149860666541571,0.8598058223724365,1.2539325227405496,89,lr_ppo_seed56,lr_ppo,LR-PPO,56
77154,intercepted,1,0,0,0,64,22,11.0,42,64.0,32.0,4.800992012023926,0,1.1746525750603787,1.047845721244812,1.2578281732147107,43,lr_ppo_seed56,lr_ppo,LR-PPO,56
77155,intercepted,1,0,0,0,104,17,8.5,87,104.0,52.0,6.016923427581787,0,1.0242213409563357,0.9026224613189697,1.124831817006402,88,lr_ppo_seed56,lr_ppo,LR-PPO,56
77156,soldier_caught,0,1,0,0,84,14,7.0,70,,,1.922351360321045,0,1.1561602992071232,1.3779466152191162,1.2625057016031958,71,lr_ppo_seed56,lr_ppo,LR-PPO,56
77157,intercepted,1,0,0,0,59,15,7.5,44,59.0,29.5,5.739776134490967,0,1.2094621578852336,1.284701943397522,1.2961272912462989,45,lr_ppo_seed56,lr_ppo,LR-PPO,56
77158,intercepted,1,0,0,0,150,12,6.0,138,150.0,75.0,3.1514909267425537,0,1.045566580385613,0.9990811944007874,1.1415848931665122,139,lr_ppo_seed56,lr_ppo,LR-PPO,56
77159,intercepted,1,0,0,0,43,19,9.5,24,43.0,21.5,3.26188325881958,0,1.0422400218248367,0.13979317247867584,1.1497876858024934,25,lr_ppo_seed56,lr_ppo,LR-PPO,56
77160,intercepted,1,0,0,0,70,18,9.0,52,70.0,35.0,3.621973752975464,0,1.1485555166343473,1.1695295572280884,1.241134281711627,53,lr_ppo_seed56,lr_ppo,LR-PPO,56
77161,soldier_caught,0,1,0,0,122,15,7.5,107,,,0.7444111704826355,0,1.2012529141373105,1.6385900974273682,1.292188976714906,108,lr_ppo_seed56,lr_ppo,LR-PPO,56
77162,soldier_caught,0,1,0,0,52,18,9.0,34,,,1.2222647666931152,0,1.2071883137737,1.9759063720703125,1.3057748599231265,35,lr_ppo_seed56,lr_ppo,LR-PPO,56
77163,intercepted,1,0,0,0,108,27,13.5,81,108.0,54.0,4.3864240646362305,0,1.1311391791919383,0.542496383190155,1.24870955644179,82,lr_ppo_seed56,lr_ppo,LR-PPO,56
77164,soldier_caught,0,1,0,0,73,14,7.0,59,,,1.6286009550094604,0,1.1001682115097842,1.5430316925048828,1.1922622395063307,60,lr_ppo_seed56,lr_ppo,LR-PPO,56
77165,intercepted,1,0,0,0,22,20,10.0,2,22.0,11.0,6.588930130004883,0,1.0155224402745564,0.9399240612983704,1.0724106611739943,3,lr_ppo_seed56,lr_ppo,LR-PPO,56
77166,intercepted,1,0,0,0,84,18,9.0,66,84.0,42.0,6.438457012176514,0,1.1661794361338687,1.1736645698547363,1.2790318155454699,67,lr_ppo_seed56,lr_ppo,LR-PPO,56
77167,soldier_caught,0,1,0,0,56,15,7.5,41,,,0.6135925650596619,0,1.2659246857677187,1.4481934309005737,1.3764592827981712,42,lr_ppo_seed56,lr_ppo,LR-PPO,56
77168,intercepted,1,0,0,0,38,14,7.0,24,38.0,19.0,3.748091459274292,0,1.0200241434574127,1.0544487237930298,1.0790290615667761,25,lr_ppo_seed56,lr_ppo,LR-PPO,56
77169,soldier_caught,0,1,0,0,61,15,7.5,46,,,0.7968278527259827,0,1.2385673072743923,0.9731425046920776,1.3479916714761944,47,lr_ppo_seed56,lr_ppo,LR-PPO,56
77170,soldier_caught,0,1,0,0,388,20,10.0,368,,,0.8880518078804016,0,1.1224056286055868,1.5533748865127563,1.2070126303631539,369,lr_ppo_seed56,lr_ppo,LR-PPO,56
77171,soldier_caught,0,1,0,0,54,14,7.0,40,,,0.8697616457939148,0,1.0686301872497652,0.5450469851493835,1.1585636165694908,41,lr_ppo_seed56,lr_ppo,LR-PPO,56
77172,soldier_caught,0,1,0,0,127,19,9.5,108,,,1.2316533327102661,0,1.1242223366958286,1.3151055574417114,1.2306072496954372,109,lr_ppo_seed56,lr_ppo,LR-PPO,56
77173,intercepted,1,0,0,0,21,19,9.5,2,21.0,10.5,7.264259338378906,0,0.7255020141601562,0.8452140092849731,0.7317242481569026,3,lr_ppo_seed56,lr_ppo,LR-PPO,56
77174,intercepted,1,0,0,0,21,19,9.5,2,21.0,10.5,6.228686332702637,0,1.4492788910865784,0.7927318215370178,1.5220099628823514,3,lr_ppo_seed56,lr_ppo,LR-PPO,56
77175,soldier_caught,0,1,0,0,94,16,8.0,78,,,0.46006858348846436,0,1.1312351292824443,0.661359429359436,1.2642678045440316,79,lr_ppo_seed56,lr_ppo,LR-PPO,56
77176,intercepted,1,0,0,0,42,19,9.5,23,42.0,21.0,2.2619595527648926,0,1.149752547343572,0.5126501321792603,1.2732595965157434,24,lr_ppo_seed56,lr_ppo,LR-PPO,56
77177,intercepted,1,0,0,0,81,18,9.0,63,81.0,40.5,2.2965352535247803,0,1.09993876516819,1.2654104232788086,1.193231402209508,64,lr_ppo_seed56,lr_ppo,LR-PPO,56
77178,soldier_caught,0,1,0,0,106,17,8.5,89,,,1.2876787185668945,0,1.2164750105804867,1.5267927646636963,1.3223962811183647,90,lr_ppo_seed56,lr_ppo,LR-PPO,56
77179,intercepted,1,0,0,0,137,18,9.0,119,137.0,68.5,2.9484002590179443,0,1.1921098912755648,1.5154317617416382,1.2779208435507465,120,lr_ppo_seed56,lr_ppo,LR-PPO,56
77180,soldier_caught,0,1,0,0,46,17,8.5,29,,,1.5107097625732422,0,1.0762854675451914,2.250967502593994,1.181381566369266,30,lr_ppo_seed56,lr_ppo,LR-PPO,56
77181,soldier_caught,0,1,0,0,114,22,11.0,92,,,0.8272517919540405,0,1.0937456466177458,0.9045732021331787,1.181602683915375,93,lr_ppo_seed56,lr_ppo,LR-PPO,56
77182,soldier_caught,0,1,0,0,103,19,9.5,84,,,1.0597584247589111,0,1.1719325952670154,1.1484875679016113,1.2470110322940742,85,lr_ppo_seed56,lr_ppo,LR-PPO,56
77183,intercepted,1,0,0,0,60,16,8.0,44,60.0,30.0,4.004293918609619,0,1.181156814760632,0.6398898363113403,1.281462529464969,45,lr_ppo_seed56,lr_ppo,LR-PPO,56
77184,intercepted,1,0,0,0,22,20,10.0,2,22.0,11.0,5.340312480926514,0,0.6616156299908956,0.5869272351264954,0.6674791914616264,3,lr_ppo_seed56,lr_ppo,LR-PPO,56
77185,intercepted,1,0,0,0,23,21,10.5,2,23.0,11.5,4.9117960929870605,0,1.3019057710965474,1.317079782485962,1.3274050785926934,3,lr_ppo_seed56,lr_ppo,LR-PPO,56
77186,soldier_caught,0,1,0,0,199,19,9.5,180,,,1.714668869972229,0,1.1809358420622282,0.9719859957695007,1.2757802701508238,181,lr_ppo_seed56,lr_ppo,LR-PPO,56
77187,intercepted,1,0,0,0,12,10,5.0,2,12.0,6.0,5.422163486480713,0,1.3036511739095051,1.4325658082962036,1.316289447565411,3,lr_ppo_seed56,lr_ppo,LR-PPO,56
77188,soldier_caught,0,1,0,0,64,21,10.5,43,,,1.3714420795440674,0,0.9962840026075189,1.0982050895690918,1.0868282292530953,44,lr_ppo_seed56,lr_ppo,LR-PPO,56
77189,intercepted,1,0,0,0,14,12,6.0,2,14.0,7.0,8.001810073852539,0,1.3446720739205678,1.2083933353424072,1.5462103138063572,3,lr_ppo_seed56,lr_ppo,LR-PPO,56
77190,intercepted,1,0,0,0,98,16,8.0,82,98.0,49.0,5.039345741271973,0,1.185185404068016,1.6634116172790527,1.3079043887121746,83,lr_ppo_seed56,lr_ppo,LR-PPO,56
77191,soldier_caught,0,1,0,0,341,10,5.0,331,,,1.7227665185928345,0,1.127389976193747,1.0792573690414429,1.2216194316991043,332,lr_ppo_seed56,lr_ppo,LR-PPO,56
77192,intercepted,1,0,0,0,34,12,6.0,22,34.0,17.0,4.311675071716309,0,1.1128444865993832,1.1139830350875854,1.1773620525406359,23,lr_ppo_seed56,lr_ppo,LR-PPO,56
77193,intercepted,1,0,0,0,122,13,6.5,109,122.0,61.0,5.468966484069824,0,1.1725269336592068,1.4762309789657593,1.277583886117597,110,lr_ppo_seed56,lr_ppo,LR-PPO,56
77194,intercepted,1,0,0,0,125,24,12.0,101,125.0,62.5,3.6062862873077393,0,1.047975044040119,0.5359514355659485,1.120294879772312,102,lr_ppo_seed56,lr_ppo,LR-PPO,56
77195,soldier_caught,0,1,0,0,121,13,6.5,108,,,0.692611575126648,0,1.0782436773591084,0.5335074663162231,1.1953742295862335,109,lr_ppo_seed56,lr_ppo,LR-PPO,56
77196,soldier_caught,0,1,0,0,72,17,8.5,55,,,1.3824799060821533,0,1.0677943415939808,1.3447027206420898,1.164673430544119,56,lr_ppo_seed56,lr_ppo,LR-PPO,56
77197,intercepted,1,0,0,0,18,16,8.0,2,18.0,9.0,4.48930549621582,0,1.1158183415730794,1.3208296298980713,1.132399899906352,3,lr_ppo_seed56,lr_ppo,LR-PPO,56
77198,soldier_caught,0,1,0,0,18,14,7.0,4,,,1.1532584428787231,0,1.5259140968322753,1.47608482837677,1.5921530194922693,5,lr_ppo_seed56,lr_ppo,LR-PPO,56
77199,intercepted,1,0,0,0,62,17,8.5,45,62.0,31.0,4.461801528930664,0,1.171609882751237,1.3971478939056396,1.256788101001006,46,lr_ppo_seed56,lr_ppo,LR-PPO,56
77200,intercepted,1,0,0,0,90,22,11.0,68,90.0,45.0,5.746463298797607,0,1.147484252202338,1.0983459949493408,1.2317288496810492,69,lr_ppo_seed56,lr_ppo,LR-PPO,56
77201,soldier_caught,0,1,0,0,74,12,6.0,62,,,1.816072940826416,0,1.215320167560426,1.4416358470916748,1.2920502217049368,63,lr_ppo_seed56,lr_ppo,LR-PPO,56
77202,soldier_caught,0,1,0,0,201,16,8.0,185,,,1.7885956764221191,0,1.0954602672367968,1.1967837810516357,1.1862826471315193,186,lr_ppo_seed56,lr_ppo,LR-PPO,56
77203,intercepted,1,0,0,0,68,18,9.0,50,68.0,34.0,2.9906444549560547,0,1.1740405471885906,2.0867326259613037,1.276591124272109,51,lr_ppo_seed56,lr_ppo,LR-PPO,56
77204,intercepted,1,0,0,0,47,21,10.5,26,47.0,23.5,3.173764944076538,0,1.202233561763057,0.5120970606803894,1.2711119379658755,27,lr_ppo_seed56,lr_ppo,LR-PPO,56
77205,intercepted,1,0,0,0,161,16,8.0,145,161.0,80.5,4.946014881134033,0,1.1185939572751522,1.0689760446548462,1.2189097615893454,146,lr_ppo_seed56,lr_ppo,LR-PPO,56
77206,unsafe_intercept,0,0,1,0,103,14,7.0,89,,,3.4241082668304443,0,1.100501506527265,0.8891665935516357,1.191750090167708,90,lr_ppo_seed56,lr_ppo,LR-PPO,56
77207,intercepted,1,0,0,0,56,13,6.5,43,56.0,28.0,2.6810171604156494,0,1.1393793489445339,1.4191325902938843,1.244203243486751,44,lr_ppo_seed56,lr_ppo,LR-PPO,56
77208,soldier_caught,0,1,0,0,31,25,12.5,6,,,1.1653558015823364,0,0.8960838913917542,1.4626497030258179,0.9430746543703041,7,lr_ppo_seed56,lr_ppo,LR-PPO,56
77209,soldier_caught,0,1,0,0,42,24,12.0,18,,,0.45990344882011414,0,1.2831022253161983,1.2864713668823242,1.4304217110705972,19,lr_ppo_seed56,lr_ppo,LR-PPO,56
77210,soldier_caught,0,1,0,0,67,24,12.0,43,,,1.975061058998108,0,1.1453405767679214,0.6602876782417297,1.2114374050132088,44,lr_ppo_seed56,lr_ppo,LR-PPO,56
77211,soldier_caught,0,1,0,0,54,15,7.5,39,,,1.8466373682022095,0,1.1513042367994786,0.8577625155448914,1.2510015163867765,40,lr_ppo_seed56,lr_ppo,LR-PPO,56
77212,intercepted,1,0,0,0,58,16,8.0,42,58.0,29.0,7.490207195281982,0,1.1207896339338879,1.7111964225769043,1.2089693844802385,43,lr_ppo_seed56,lr_ppo,LR-PPO,56
77213,intercepted,1,0,0,0,18,16,8.0,2,18.0,9.0,7.969028472900391,0,1.0110328396161397,0.668856680393219,1.2696694927724617,3,lr_ppo_seed56,lr_ppo,LR-PPO,56
77214,soldier_caught,0,1,0,0,69,17,8.5,52,,,1.0913183689117432,0,1.1187855865595475,1.2579443454742432,1.2006885556645064,53,lr_ppo_seed56,lr_ppo,LR-PPO,56
77215,soldier_caught,0,1,0,0,57,18,9.0,39,,,1.4711629152297974,0,1.1354709722101688,2.304492712020874,1.2211119334147182,40,lr_ppo_seed56,lr_ppo,LR-PPO,56
77216,intercepted,1,0,0,0,105,17,8.5,88,105.0,52.5,2.342134952545166,0,1.078835429937652,0.8640580177307129,1.19704393352765,89,lr_ppo_seed56,lr_ppo,LR-PPO,56
77217,soldier_caught,0,1,0,0,260,15,7.5,245,,,1.371799111366272,0,1.122908345749223,1.6089777946472168,1.218565814186626,246,lr_ppo_seed56,lr_ppo,LR-PPO,56
77218,soldier_caught,0,1,0,0,89,18,9.0,71,,,0.4376871585845947,0,1.1617942400690582,1.0855046510696411,1.2873289054172852,72,lr_ppo_seed56,lr_ppo,LR-PPO,56
77219,intercepted,1,0,0,0,11,9,4.5,2,11.0,5.5,7.053587436676025,0,1.0496583580970764,1.3080793619155884,1.0655109201462853,3,lr_ppo_seed56,lr_ppo,LR-PPO,56
77220,intercepted,1,0,0,0,64,17,8.5,47,64.0,32.0,6.095779895782471,0,1.062139208118121,1.8394466638565063,1.174860880361894,48,lr_ppo_seed56,lr_ppo,LR-PPO,56
77221,intercepted,1,0,0,0,60,17,8.5,43,60.0,30.0,4.3348283767700195,0,1.1395978419618173,1.2466412782669067,1.2000706893495814,44,lr_ppo_seed56,lr_ppo,LR-PPO,56
77222,intercepted,1,0,0,0,18,16,8.0,2,18.0,9.0,5.6342453956604,0,0.7191596627235413,0.810363233089447,0.7569128912119316,3,lr_ppo_seed56,lr_ppo,LR-PPO,56
77223,intercepted,1,0,0,0,35,14,7.0,21,35.0,17.5,2.356001615524292,0,1.1554555716839703,1.0366617441177368,1.2536416304729174,22,lr_ppo_seed56,lr_ppo,LR-PPO,56
77224,soldier_caught,0,1,0,0,106,20,10.0,86,,,1.2282893657684326,0,1.109112999220004,0.7817258834838867,1.2179658942302625,87,lr_ppo_seed56,lr_ppo,LR-PPO,56
77225,soldier_caught,0,1,0,0,85,30,15.0,55,,,1.3226735591888428,0,1.1247543921428067,0.5986895561218262,1.2112879424132261,56,lr_ppo_seed56,lr_ppo,LR-PPO,56
77226,intercepted,1,0,0,0,49,21,10.5,28,49.0,24.5,3.90970778465271,0,1.134372705015643,0.867280125617981,1.225148525834645,29,lr_ppo_seed56,lr_ppo,LR-PPO,56
77227,intercepted,1,0,0,0,92,15,7.5,77,92.0,46.0,3.4492857456207275,0,1.1112803253225791,0.7026388049125671,1.212589809741339,78,lr_ppo_seed56,lr_ppo,LR-PPO,56
77228,intercepted,1,0,0,0,286,22,11.0,264,286.0,143.0,2.151805877685547,0,1.0962402757046357,0.9885823130607605,1.1968915856333946,265,lr_ppo_seed56,lr_ppo,LR-PPO,56
77229,intercepted,1,0,0,0,55,12,6.0,43,55.0,27.5,4.231276512145996,0,1.1476692784238944,0.8714343905448914,1.2574641491234957,44,lr_ppo_seed56,lr_ppo,LR-PPO,56
77230,intercepted,1,0,0,0,289,24,12.0,265,289.0,144.5,2.130704402923584,0,1.1761664420758422,1.7309578657150269,1.2706077089611465,266,lr_ppo_seed56,lr_ppo,LR-PPO,56
77231,intercepted,1,0,0,0,18,16,8.0,2,18.0,9.0,5.0721611976623535,0,1.141641656557719,0.9674808979034424,1.1565764809982895,3,lr_ppo_seed56,lr_ppo,LR-PPO,56
77232,intercepted,1,0,0,0,68,21,10.5,47,68.0,34.0,7.506258487701416,0,1.1566220590223868,0.42475467920303345,1.250178037213327,48,lr_ppo_seed56,lr_ppo,LR-PPO,56
77233,intercepted,1,0,0,0,171,13,6.5,158,171.0,85.5,2.4591901302337646,0,1.092322418899656,1.7280032634735107,1.187201848569813,159,lr_ppo_seed56,lr_ppo,LR-PPO,56
77234,soldier_caught,0,1,0,0,71,18,9.0,53,,,1.795442819595337,0,1.1534827048027958,1.92739999294281,1.2761402575685656,54,lr_ppo_seed56,lr_ppo,LR-PPO,56
77235,intercepted,1,0,0,0,62,15,7.5,47,62.0,31.0,3.4831254482269287,0,1.1044361131886642,1.0948734283447266,1.1777025100045555,48,lr_ppo_seed56,lr_ppo,LR-PPO,56
77236,soldier_caught,0,1,0,0,156,13,6.5,143,,,0.34062883257865906,0,1.0911862689277365,0.47638511657714844,1.1893250580483474,144,lr_ppo_seed56,lr_ppo,LR-PPO,56
77237,soldier_caught,0,1,0,0,65,14,7.0,51,,,1.9157813787460327,0,1.1730809337817705,1.1008625030517578,1.2581092800917233,52,lr_ppo_seed56,lr_ppo,LR-PPO,56
77238,intercepted,1,0,0,0,61,16,8.0,45,61.0,30.5,2.2447898387908936,0,1.020698735895364,0.8865422606468201,1.0946666419493334,46,lr_ppo_seed56,lr_ppo,LR-PPO,56
77239,unsafe_intercept,0,0,1,0,183,16,8.0,167,,,2.642879009246826,0,1.1347658897173547,1.8040367364883423,1.2290826473256402,168,lr_ppo_seed56,lr_ppo,LR-PPO,56
77240,intercepted,1,0,0,0,16,14,7.0,2,16.0,8.0,9.835295677185059,0,1.0064523220062256,0.7348660230636597,1.043792665638585,3,lr_ppo_seed56,lr_ppo,LR-PPO,56
77241,soldier_caught,0,1,0,0,59,14,7.0,45,,,1.5324667692184448,0,1.28482224047184,0.9828208684921265,1.409148088491195,46,lr_ppo_seed56,lr_ppo,LR-PPO,56
77242,intercepted,1,0,0,0,81,13,6.5,68,81.0,40.5,2.0628502368927,0,1.1717355545016304,1.55709707736969,1.2619354266897742,69,lr_ppo_seed56,lr_ppo,LR-PPO,56
77243,intercepted,1,0,0,0,220,12,6.0,208,220.0,110.0,2.0079729557037354,0,1.125334753088974,1.0665380954742432,1.2164290513667158,209,lr_ppo_seed56,lr_ppo,LR-PPO,56
77244,intercepted,1,0,0,0,19,17,8.5,2,19.0,9.5,6.742198944091797,0,1.6063466668128967,0.8396244645118713,1.6956742498424124,3,lr_ppo_seed56,lr_ppo,LR-PPO,56
77245,intercepted,1,0,0,0,59,17,8.5,42,59.0,29.5,6.186095714569092,0,1.2134558385194734,0.7921373844146729,1.3007835841683084,43,lr_ppo_seed56,lr_ppo,LR-PPO,56
77246,intercepted,1,0,0,0,51,13,6.5,38,51.0,25.5,4.283914566040039,0,1.1729219513825881,0.8147185444831848,1.2995488024470772,39,lr_ppo_seed56,lr_ppo,LR-PPO,56
77247,intercepted,1,0,0,0,14,12,6.0,2,14.0,7.0,5.98516845703125,0,0.763506144285202,0.5821642279624939,0.8757124196182018,3,lr_ppo_seed56,lr_ppo,LR-PPO,56
77248,intercepted,1,0,0,0,198,23,11.5,175,198.0,99.0,3.764498710632324,0,1.1088183332573285,0.5128476619720459,1.2018268537874224,176,lr_ppo_seed56,lr_ppo,LR-PPO,56
77249,intercepted,1,0,0,0,111,17,8.5,94,111.0,55.5,2.0576038360595703,0,1.0895958233820764,0.5582070350646973,1.1797088078441966,95,lr_ppo_seed56,lr_ppo,LR-PPO,56
77250,intercepted,1,0,0,0,82,17,8.5,65,82.0,41.0,4.338232040405273,0,1.1854612384781693,1.649125576019287,1.2637469481979589,66,lr_ppo_seed56,lr_ppo,LR-PPO,56
77251,soldier_caught,0,1,0,0,44,20,10.0,24,,,1.2787160873413086,0,1.078190325498581,0.4734193980693817,1.1577902757992318,25,lr_ppo_seed56,lr_ppo,LR-PPO,56
77252,intercepted,1,0,0,0,165,17,8.5,148,165.0,82.5,3.380103349685669,0,1.1647946915070482,1.2229030132293701,1.256905282118143,149,lr_ppo_seed56,lr_ppo,LR-PPO,56
77253,soldier_caught,0,1,0,0,102,12,6.0,90,,,1.3279948234558105,0,1.1997269310139038,1.691361427307129,1.2946777651190853,91,lr_ppo_seed56,lr_ppo,LR-PPO,56
77254,soldier_caught,0,1,0,0,168,21,10.5,147,,,1.0970286130905151,0,1.0930005042134106,1.6042029857635498,1.1811714196737835,148,lr_ppo_seed56,lr_ppo,LR-PPO,56
77255,soldier_caught,0,1,0,0,42,18,9.0,24,,,0.8377913236618042,0,1.1377786314487457,0.592915952205658,1.2318528671892002,25,lr_ppo_seed56,lr_ppo,LR-PPO,56
77256,intercepted,1,0,0,0,190,22,11.0,168,190.0,95.0,4.714629650115967,0,1.139236823958758,0.10308380424976349,1.2340952188069176,169,lr_ppo_seed56,lr_ppo,LR-PPO,56
77257,soldier_caught,0,1,0,0,165,11,5.5,154,,,1.724713921546936,0,1.1668770745877297,0.8289522528648376,1.2595841549408489,155,lr_ppo_seed56,lr_ppo,LR-PPO,56
77258,intercepted,1,0,0,0,59,13,6.5,46,59.0,29.5,3.705221176147461,0,1.0781614266811532,1.1319431066513062,1.1731462280851843,47,lr_ppo_seed56,lr_ppo,LR-PPO,56
77259,soldier_caught,0,1,0,0,46,23,11.5,23,,,1.728642463684082,0,1.1381065969665844,1.8762500286102295,1.262977352144965,24,lr_ppo_seed56,lr_ppo,LR-PPO,56
77260,intercepted,1,0,0,0,130,17,8.5,113,130.0,65.0,5.1146697998046875,0,1.1641981830460983,1.244883418083191,1.264463515543569,114,lr_ppo_seed56,lr_ppo,LR-PPO,56
77261,soldier_caught,0,1,0,0,38,19,9.5,19,,,1.9268913269042969,0,0.9925180390477181,0.6785598397254944,1.0829029399668075,20,lr_ppo_seed56,lr_ppo,LR-PPO,56
77262,soldier_caught,0,1,0,0,40,18,9.0,22,,,1.5002301931381226,0,1.16612281229185,0.8317524790763855,1.228316253912753,23,lr_ppo_seed56,lr_ppo,LR-PPO,56
77263,soldier_caught,0,1,0,0,56,17,8.5,39,,,1.4186620712280273,0,1.1224711406975985,0.48975032567977905,1.1891151664956494,40,lr_ppo_seed56,lr_ppo,LR-PPO,56
77264,intercepted,1,0,0,0,88,15,7.5,73,88.0,44.0,4.833736896514893,0,1.080178537884274,1.3197048902511597,1.1923764010263243,74,lr_ppo_seed56,lr_ppo,LR-PPO,56
77265,soldier_caught,0,1,0,0,49,12,6.0,37,,,0.5642658472061157,0,1.1655448612413908,0.7372323870658875,1.2508258239448018,38,lr_ppo_seed56,lr_ppo,LR-PPO,56
77266,soldier_caught,0,1,0,0,94,21,10.5,73,,,1.8246334791183472,0,1.131276805054497,1.2818795442581177,1.237685687964941,74,lr_ppo_seed56,lr_ppo,LR-PPO,56
77267,soldier_caught,0,1,0,0,55,16,8.0,39,,,1.0823677778244019,0,1.0899304665625096,0.9145694375038147,1.179383886329395,40,lr_ppo_seed56,lr_ppo,LR-PPO,56
77268,intercepted,1,0,0,0,208,18,9.0,190,208.0,104.0,2.42936110496521,0,1.0894066912185458,0.9155346155166626,1.191497620658057,191,lr_ppo_seed56,lr_ppo,LR-PPO,56
77269,intercepted,1,0,0,0,65,23,11.5,42,65.0,32.5,6.939733982086182,0,1.0619425725105196,0.7903900146484375,1.1604563416106843,43,lr_ppo_seed56,lr_ppo,LR-PPO,56
77270,soldier_caught,0,1,0,0,36,13,6.5,23,,,1.935485601425171,0,0.9512177674720684,0.9221171140670776,1.0639139647158207,24,lr_ppo_seed56,lr_ppo,LR-PPO,56
77271,soldier_caught,0,1,0,0,38,20,10.0,18,,,1.750471591949463,0,1.1724376568668766,1.1694612503051758,1.2357493741118022,19,lr_ppo_seed56,lr_ppo,LR-PPO,56
77272,intercepted,1,0,0,0,66,20,10.0,46,66.0,33.0,2.110079288482666,0,1.1616077568936856,1.767014980316162,1.2583277368201338,47,lr_ppo_seed56,lr_ppo,LR-PPO,56
77273,intercepted,1,0,0,0,103,21,10.5,82,103.0,51.5,2.6996686458587646,0,1.17746773039002,1.2889429330825806,1.2767314726604406,83,lr_ppo_seed56,lr_ppo,LR-PPO,56
77274,intercepted,1,0,0,0,60,20,10.0,40,60.0,30.0,4.329176425933838,0,1.0646587672030055,1.1919293403625488,1.1428758130636278,41,lr_ppo_seed56,lr_ppo,LR-PPO,56
77275,intercepted,1,0,0,0,157,18,9.0,139,157.0,78.5,3.750936269760132,0,1.1033113251839366,1.0158253908157349,1.198579876807788,140,lr_ppo_seed56,lr_ppo,LR-PPO,56
77276,intercepted,1,0,0,0,14,12,6.0,2,14.0,7.0,5.447756767272949,0,1.2537124156951904,1.2667568922042847,1.2541606067057316,3,lr_ppo_seed56,lr_ppo,LR-PPO,56
77277,soldier_caught,0,1,0,0,89,25,12.5,64,,,0.6449015736579895,0,1.191155090698829,1.5526100397109985,1.2714448853630025,65,lr_ppo_seed56,lr_ppo,LR-PPO,56
77278,intercepted,1,0,0,0,24,22,11.0,2,24.0,12.0,4.447246551513672,0,1.4851226607958476,0.7314342856407166,1.7524687065019815,3,lr_ppo_seed56,lr_ppo,LR-PPO,56
77279,intercepted,1,0,0,0,194,13,6.5,181,194.0,97.0,2.967827558517456,0,1.157618376498039,1.0198700428009033,1.2523043945540115,182,lr_ppo_seed56,lr_ppo,LR-PPO,56
77280,soldier_caught,0,1,0,0,91,21,10.5,70,,,1.5163514614105225,0,1.1679355397190847,1.4004040956497192,1.247388487834515,71,lr_ppo_seed56,lr_ppo,LR-PPO,56
77281,intercepted,1,0,0,0,92,23,11.5,69,92.0,46.0,4.334939956665039,0,1.102023533838136,0.7551266551017761,1.212401431587735,70,lr_ppo_seed56,lr_ppo,LR-PPO,56
77282,soldier_caught,0,1,0,0,171,12,6.0,159,,,1.5378602743148804,0,1.1348400603048503,0.33848753571510315,1.2232732708022427,160,lr_ppo_seed56,lr_ppo,LR-PPO,56
77283,intercepted,1,0,0,0,25,23,11.5,2,25.0,12.5,3.6170921325683594,0,1.1977494359016418,1.4283841848373413,1.232092398587071,3,lr_ppo_seed56,lr_ppo,LR-PPO,56
77284,intercepted,1,0,0,0,14,12,6.0,2,14.0,7.0,4.5271315574646,0,1.5511741638183594,1.7387949228286743,1.558752698478289,3,lr_ppo_seed56,lr_ppo,LR-PPO,56
77285,soldier_caught,0,1,0,0,83,17,8.5,66,,,0.7148566246032715,0,1.1054283723012726,1.6788543462753296,1.2108144135042427,67,lr_ppo_seed56,lr_ppo,LR-PPO,56
77286,intercepted,1,0,0,0,16,14,7.0,2,16.0,8.0,7.06117057800293,0,0.8122818867365519,0.7310675382614136,0.8171409314326983,3,lr_ppo_seed56,lr_ppo,LR-PPO,56
77287,intercepted,1,0,0,0,18,16,8.0,2,18.0,9.0,6.592225074768066,0,1.2355563640594482,1.0327647924423218,1.2438540089772654,3,lr_ppo_seed56,lr_ppo,LR-PPO,56
77288,intercepted,1,0,0,0,16,14,7.0,2,16.0,8.0,5.512003421783447,0,0.9579623142878214,1.2179149389266968,0.9776145558567771,3,lr_ppo_seed56,lr_ppo,LR-PPO,56
77289,soldier_caught,0,1,0,0,37,15,7.5,22,,,1.0655488967895508,0,1.1204158663749695,1.7795937061309814,1.2005442027323256,23,lr_ppo_seed56,lr_ppo,LR-PPO,56
77290,soldier_caught,0,1,0,0,71,18,9.0,53,,,1.5974301099777222,0,1.2237225307358637,2.362487554550171,1.312060009877234,54,lr_ppo_seed56,lr_ppo,LR-PPO,56
77291,intercepted,1,0,0,0,174,16,8.0,158,174.0,87.0,3.1510541439056396,0,1.1946460138889228,1.6128180027008057,1.3062498353037884,159,lr_ppo_seed56,lr_ppo,LR-PPO,56
77292,intercepted,1,0,0,0,20,18,9.0,2,20.0,10.0,10.006430625915527,0,1.356532136599223,1.6175298690795898,1.3691428339862723,3,lr_ppo_seed56,lr_ppo,LR-PPO,56
77293,soldier_caught,0,1,0,0,56,17,8.5,39,,,1.557934045791626,0,1.0884781017899514,0.7634198665618896,1.1779981014181684,40,lr_ppo_seed56,lr_ppo,LR-PPO,56
77294,intercepted,1,0,0,0,14,12,6.0,2,14.0,7.0,8.470399856567383,0,0.8936397433280945,1.2334403991699219,0.9317047032123492,3,lr_ppo_seed56,lr_ppo,LR-PPO,56
77295,intercepted,1,0,0,0,22,20,10.0,2,22.0,11.0,3.796684741973877,0,0.8568610946337382,0.3851788640022278,1.0344163782526552,3,lr_ppo_seed56,lr_ppo,LR-PPO,56
77296,intercepted,1,0,0,0,14,12,6.0,2,14.0,7.0,4.226402759552002,0,1.3152743975321453,0.48926758766174316,1.4479012526283428,3,lr_ppo_seed56,lr_ppo,LR-PPO,56
77297,soldier_caught,0,1,0,0,68,13,6.5,55,,,1.5448524951934814,0,1.0675926760637335,0.45868366956710815,1.166050286294078,56,lr_ppo_seed56,lr_ppo,LR-PPO,56
77298,intercepted,1,0,0,0,608,14,7.0,594,608.0,304.0,2.048675775527954,0,1.14746811477577,1.4903842210769653,1.2485762311115134,595,lr_ppo_seed56,lr_ppo,LR-PPO,56
77299,intercepted,1,0,0,0,19,17,8.5,2,19.0,9.5,5.176417827606201,0,1.3867276112238567,1.127484917640686,1.4517407833504599,3,lr_ppo_seed56,lr_ppo,LR-PPO,56
77300,intercepted,1,0,0,0,263,19,9.5,244,263.0,131.5,2.0101466178894043,0,1.131631996558637,0.8913550972938538,1.2267232365300904,245,lr_ppo_seed56,lr_ppo,LR-PPO,56
77301,soldier_caught,0,1,0,0,38,18,9.0,20,,,1.854152798652649,0,1.098590884889875,0.45685523748397827,1.1662207802220559,21,lr_ppo_seed56,lr_ppo,LR-PPO,56
77302,intercepted,1,0,0,0,116,19,9.5,97,116.0,58.0,2.1501433849334717,0,1.033889360573827,1.4787622690200806,1.1048520988287958,98,lr_ppo_seed56,lr_ppo,LR-PPO,56
77303,intercepted,1,0,0,0,58,12,6.0,46,58.0,29.0,5.4592108726501465,0,1.094930426237431,1.300040364265442,1.1698587925219985,47,lr_ppo_seed56,lr_ppo,LR-PPO,56
77304,soldier_caught,0,1,0,0,66,26,13.0,40,,,1.9548174142837524,0,1.1121710124539166,1.1985896825790405,1.2170856007020552,41,lr_ppo_seed56,lr_ppo,LR-PPO,56
77305,soldier_caught,0,1,0,0,73,17,8.5,56,,,1.451481580734253,0,1.1649490171357204,1.0170928239822388,1.253144592669093,57,lr_ppo_seed56,lr_ppo,LR-PPO,56
77306,intercepted,1,0,0,0,112,18,9.0,94,112.0,56.0,4.921065807342529,0,1.1210249020865088,1.420851469039917,1.2140603277073665,95,lr_ppo_seed56,lr_ppo,LR-PPO,56
77307,intercepted,1,0,0,0,58,14,7.0,44,58.0,29.0,3.763125419616699,0,1.0176091690858204,1.9189974069595337,1.124797518452166,45,lr_ppo_seed56,lr_ppo,LR-PPO,56
77308,intercepted,1,0,0,0,65,23,11.5,42,65.0,32.5,5.005580902099609,0,1.0232040168241012,1.7720367908477783,1.0993515562112084,43,lr_ppo_seed56,lr_ppo,LR-PPO,56
77309,intercepted,1,0,0,0,37,12,6.0,25,37.0,18.5,5.198817253112793,0,1.0948014179101357,1.7867844104766846,1.2070665018575717,26,lr_ppo_seed56,lr_ppo,LR-PPO,56
77310,soldier_caught,0,1,0,0,41,18,9.0,23,,,1.4042192697525024,0,1.0864535893003147,0.9562982320785522,1.1671268921863944,24,lr_ppo_seed56,lr_ppo,LR-PPO,56
77311,soldier_caught,0,1,0,0,51,17,8.5,34,,,1.939846158027649,0,1.1273079182420458,0.3337700366973877,1.2382638772782282,35,lr_ppo_seed56,lr_ppo,LR-PPO,56
77312,intercepted,1,0,0,0,165,19,9.5,146,165.0,82.5,2.6459147930145264,0,1.1829286569438013,1.290611982345581,1.2606568531009288,147,lr_ppo_seed56,lr_ppo,LR-PPO,56
77313,intercepted,1,0,0,0,145,11,5.5,134,145.0,72.5,2.515644073486328,0,1.1557833743316155,1.026527762413025,1.249347260941181,135,lr_ppo_seed56,lr_ppo,LR-PPO,56
77314,intercepted,1,0,0,0,16,14,7.0,2,16.0,8.0,7.787716388702393,0,1.2394989331563313,1.477317452430725,1.254042219841774,3,lr_ppo_seed56,lr_ppo,LR-PPO,56
77315,soldier_caught,0,1,0,0,44,18,9.0,26,,,0.5820555090904236,0,1.133452284115332,0.9952958822250366,1.2270196206058808,27,lr_ppo_seed56,lr_ppo,LR-PPO,56
77316,intercepted,1,0,0,0,66,17,8.5,49,66.0,33.0,2.5657501220703125,0,1.121649460196495,0.5804003477096558,1.241982118644348,50,lr_ppo_seed56,lr_ppo,LR-PPO,56
77317,intercepted,1,0,0,0,41,16,8.0,25,41.0,20.5,4.139204978942871,0,1.2574117252459893,1.6132718324661255,1.3998111658454298,26,lr_ppo_seed56,lr_ppo,LR-PPO,56
77318,soldier_caught,0,1,0,0,24,19,9.5,5,,,1.1304939985275269,0,1.308770736058553,2.103105306625366,1.5136252052639334,6,lr_ppo_seed56,lr_ppo,LR-PPO,56
77319,intercepted,1,0,0,0,17,15,7.5,2,17.0,8.5,5.900447845458984,0,1.2357683181762695,1.275134801864624,1.243972742448786,3,lr_ppo_seed56,lr_ppo,LR-PPO,56
77320,soldier_caught,0,1,0,0,457,14,7.0,443,,,1.3873425722122192,0,1.118558153375849,1.6532596349716187,1.219221475449697,444,lr_ppo_seed56,lr_ppo,LR-PPO,56
77321,soldier_caught,0,1,0,0,262,16,8.0,246,,,1.8587473630905151,0,1.129548500122329,0.9604489207267761,1.2176718456114335,247,lr_ppo_seed56,lr_ppo,LR-PPO,56
77322,intercepted,1,0,0,0,60,15,7.5,45,60.0,30.0,3.365118980407715,0,1.0828956783465717,0.8806943297386169,1.166686445896476,46,lr_ppo_seed56,lr_ppo,LR-PPO,56
77323,intercepted,1,0,0,0,19,17,8.5,2,19.0,9.5,5.425710678100586,0,1.2149245341618855,1.4825536012649536,1.3356824141066619,3,lr_ppo_seed56,lr_ppo,LR-PPO,56
77324,intercepted,1,0,0,0,16,14,7.0,2,16.0,8.0,7.0004706382751465,0,0.8681866923967997,1.1160025596618652,0.9007107530440268,3,lr_ppo_seed56,lr_ppo,LR-PPO,56
77325,soldier_caught,0,1,0,0,242,22,11.0,220,,,1.972609281539917,0,1.1340156266322503,1.4687905311584473,1.236168271534693,221,lr_ppo_seed56,lr_ppo,LR-PPO,56
77326,intercepted,1,0,0,0,18,16,8.0,2,18.0,9.0,5.722548484802246,0,1.3005627791086833,1.2782602310180664,1.3091624824914023,3,lr_ppo_seed56,lr_ppo,LR-PPO,56
77327,soldier_caught,0,1,0,0,58,21,10.5,37,,,1.9309313297271729,0,1.1560518463191234,0.8276860117912292,1.2313684736112973,38,lr_ppo_seed56,lr_ppo,LR-PPO,56
77328,intercepted,1,0,0,0,69,19,9.5,50,69.0,34.5,4.036038875579834,0,1.0726981382159626,0.9470490217208862,1.1548214022930956,51,lr_ppo_seed56,lr_ppo,LR-PPO,56
77329,soldier_caught,0,1,0,0,90,23,11.5,67,,,1.9122822284698486,0,1.102613673600204,1.5970789194107056,1.1832595007408246,68,lr_ppo_seed56,lr_ppo,LR-PPO,56
77330,intercepted,1,0,0,0,61,16,8.0,45,61.0,30.5,2.6896474361419678,0,1.0681293250426003,0.8281498551368713,1.1564263016360432,46,lr_ppo_seed56,lr_ppo,LR-PPO,56
77331,intercepted,1,0,0,0,19,17,8.5,2,19.0,9.5,4.348706245422363,0,1.1183112859725952,1.210892915725708,1.2315535410471241,3,lr_ppo_seed56,lr_ppo,LR-PPO,56
77332,soldier_caught,0,1,0,0,153,12,6.0,141,,,1.4980944395065308,0,1.1763957549988384,0.6840373277664185,1.2806283010243222,142,lr_ppo_seed56,lr_ppo,LR-PPO,56
77333,intercepted,1,0,0,0,68,17,8.5,51,68.0,34.0,2.1245806217193604,0,1.0953089921520307,0.6402576565742493,1.2121480504055533,52,lr_ppo_seed56,lr_ppo,LR-PPO,56
77334,intercepted,1,0,0,0,20,18,9.0,2,20.0,10.0,7.017155647277832,0,1.459789216518402,2.28584885597229,1.5730340891011594,3,lr_ppo_seed56,lr_ppo,LR-PPO,56
77335,intercepted,1,0,0,0,66,23,11.5,43,66.0,33.0,2.5943729877471924,0,1.1471710371022874,1.3869956731796265,1.2184545394532063,44,lr_ppo_seed56,lr_ppo,LR-PPO,56
77336,intercepted,1,0,0,0,204,13,6.5,191,204.0,102.0,2.7945547103881836,0,1.1036336413429428,1.9171165227890015,1.2118008247974632,192,lr_ppo_seed56,lr_ppo,LR-PPO,56
77337,intercepted,1,0,0,0,121,19,9.5,102,121.0,60.5,5.05081844329834,0,1.07575294266916,0.9646979570388794,1.2070547039161625,103,lr_ppo_seed56,lr_ppo,LR-PPO,56
77338,intercepted,1,0,0,0,14,12,6.0,2,14.0,7.0,8.100973129272461,0,0.7617681125799814,0.3057948052883148,0.8279541248495161,3,lr_ppo_seed56,lr_ppo,LR-PPO,56
77339,soldier_caught,0,1,0,0,56,16,8.0,40,,,0.6958057284355164,0,1.1775146272124313,0.8801129460334778,1.2712233950682084,41,lr_ppo_seed56,lr_ppo,LR-PPO,56
77340,intercepted,1,0,0,0,17,15,7.5,2,17.0,8.5,3.6355347633361816,0,0.6845031082630157,0.3427661955356598,0.7289917448704913,3,lr_ppo_seed56,lr_ppo,LR-PPO,56
77341,intercepted,1,0,0,0,68,18,9.0,50,68.0,34.0,5.762997150421143,0,1.1617324726254332,1.44094979763031,1.2386493170356645,51,lr_ppo_seed56,lr_ppo,LR-PPO,56
77342,intercepted,1,0,0,0,75,25,12.5,50,75.0,37.5,2.889420986175537,0,1.1733528469123093,2.4394943714141846,1.2707103202051537,51,lr_ppo_seed56,lr_ppo,LR-PPO,56
77343,intercepted,1,0,0,0,69,22,11.0,47,69.0,34.5,3.7172296047210693,0,1.138941580740114,0.8123986721038818,1.224865759766992,48,lr_ppo_seed56,lr_ppo,LR-PPO,56
77344,soldier_caught,0,1,0,0,47,16,8.0,31,,,1.397856593132019,0,1.1806713845580816,0.7487025856971741,1.284507878061617,32,lr_ppo_seed56,lr_ppo,LR-PPO,56
77345,intercepted,1,0,0,0,19,17,8.5,2,19.0,9.5,5.126036643981934,0,1.3074663877487183,1.4869738817214966,1.347366620694801,3,lr_ppo_seed56,lr_ppo,LR-PPO,56
77346,soldier_caught,0,1,0,0,74,18,9.0,56,,,0.33261290192604065,0,1.0775441323456012,0.9668132662773132,1.1540270100492591,57,lr_ppo_seed56,lr_ppo,LR-PPO,56
77347,soldier_caught,0,1,0,0,149,16,8.0,133,,,1.3464100360870361,0,1.1146620852288915,1.193414330482483,1.2162558237143704,134,lr_ppo_seed56,lr_ppo,LR-PPO,56
77348,intercepted,1,0,0,0,19,17,8.5,2,19.0,9.5,8.5785551071167,0,1.3390769163767497,1.5002256631851196,1.3444920259682889,3,lr_ppo_seed56,lr_ppo,LR-PPO,56
77349,soldier_caught,0,1,0,0,70,13,6.5,57,,,0.8657110333442688,0,1.1220040023326874,0.9372692704200745,1.1932803853846594,58,lr_ppo_seed56,lr_ppo,LR-PPO,56
77350,soldier_caught,0,1,0,0,107,24,12.0,83,,,1.8955031633377075,0,1.094971508852073,1.5005351305007935,1.1743823245657743,84,lr_ppo_seed56,lr_ppo,LR-PPO,56
77351,intercepted,1,0,0,0,14,12,6.0,2,14.0,7.0,7.144894599914551,0,1.0750818451245625,1.0190664529800415,1.092579313480474,3,lr_ppo_seed56,lr_ppo,LR-PPO,56
77352,soldier_caught,0,1,0,0,155,20,10.0,135,,,1.4480236768722534,0,1.195074874907732,0.8870576024055481,1.287781124495976,136,lr_ppo_seed56,lr_ppo,LR-PPO,56
77353,intercepted,1,0,0,0,140,15,7.5,125,140.0,70.0,3.5426442623138428,0,1.1428346418672137,0.8923861384391785,1.215320058677857,126,lr_ppo_seed56,lr_ppo,LR-PPO,56
77354,intercepted,1,0,0,0,44,18,9.0,26,44.0,22.0,4.241024017333984,0,1.117045174042384,1.1344552040100098,1.2379998942730077,27,lr_ppo_seed56,lr_ppo,LR-PPO,56
77355,intercepted,1,0,0,0,137,24,12.0,113,137.0,68.5,5.0621137619018555,0,1.126509160587662,1.6320078372955322,1.2224172053511122,114,lr_ppo_seed56,lr_ppo,LR-PPO,56
77356,soldier_caught,0,1,0,0,22,16,8.0,6,,,1.7973028421401978,0,1.360723546573094,1.1596523523330688,1.4448425448513598,7,lr_ppo_seed56,lr_ppo,LR-PPO,56
77357,intercepted,1,0,0,0,43,18,9.0,25,43.0,21.5,2.309826374053955,0,1.0755327223585203,0.6088086366653442,1.18853104068659,26,lr_ppo_seed56,lr_ppo,LR-PPO,56
77358,soldier_caught,0,1,0,0,88,20,10.0,68,,,0.8704997301101685,0,1.1975611569224924,0.6812987327575684,1.3356082875997988,69,lr_ppo_seed56,lr_ppo,LR-PPO,56
77359,soldier_caught,0,1,0,0,288,17,8.5,271,,,1.7605358362197876,0,1.1631647820091422,1.372818946838379,1.253597218044881,272,lr_ppo_seed56,lr_ppo,LR-PPO,56
77360,soldier_caught,0,1,0,0,263,20,10.0,243,,,0.9506609439849854,0,1.116396985276312,0.5157203674316406,1.2052378057617845,244,lr_ppo_seed56,lr_ppo,LR-PPO,56
77361,soldier_caught,0,1,0,0,147,12,6.0,135,,,0.3200465142726898,0,1.0814204871216242,0.3812549412250519,1.164691380781284,136,lr_ppo_seed56,lr_ppo,LR-PPO,56
77362,soldier_caught,0,1,0,0,69,12,6.0,57,,,1.4115262031555176,0,1.1124697194017212,0.7605554461479187,1.2114387588503261,58,lr_ppo_seed56,lr_ppo,LR-PPO,56
77363,intercepted,1,0,0,0,101,22,11.0,79,101.0,50.5,2.9475362300872803,0,1.158439403399825,1.4578596353530884,1.2458041502929618,80,lr_ppo_seed56,lr_ppo,LR-PPO,56
77364,unsafe_intercept,0,0,1,0,20,18,9.0,2,,,3.3640544414520264,0,1.0185161630312602,0.7008492350578308,1.063393253273481,3,lr_ppo_seed56,lr_ppo,LR-PPO,56
77365,intercepted,1,0,0,0,64,14,7.0,50,64.0,32.0,4.626723766326904,0,1.0970815209781422,1.1548984050750732,1.1764765150455578,51,lr_ppo_seed56,lr_ppo,LR-PPO,56
77366,soldier_caught,0,1,0,0,69,17,8.5,52,,,0.9936282634735107,0,1.13452304084346,0.5892983675003052,1.2509354640088675,53,lr_ppo_seed56,lr_ppo,LR-PPO,56
77367,soldier_caught,0,1,0,0,34,15,7.5,19,,,1.8518329858779907,0,1.0665088072419167,1.1584630012512207,1.1198763278707045,20,lr_ppo_seed56,lr_ppo,LR-PPO,56
77368,soldier_caught,0,1,0,0,51,18,9.0,33,,,1.710528016090393,0,1.2125822700121824,1.8603953123092651,1.283112289610876,34,lr_ppo_seed56,lr_ppo,LR-PPO,56
77369,intercepted,1,0,0,0,143,14,7.0,129,143.0,71.5,2.001701593399048,0,1.1577517761633946,1.2411706447601318,1.2421406241797852,130,lr_ppo_seed56,lr_ppo,LR-PPO,56
77370,soldier_caught,0,1,0,0,307,16,8.0,291,,,0.9091240167617798,0,1.137810102931849,1.8853373527526855,1.2362390840923052,292,lr_ppo_seed56,lr_ppo,LR-PPO,56
77371,intercepted,1,0,0,0,69,24,12.0,45,69.0,34.5,2.2446227073669434,0,1.0565287820670917,0.8456307649612427,1.1387232316321858,46,lr_ppo_seed56,lr_ppo,LR-PPO,56
77372,intercepted,1,0,0,0,154,15,7.5,139,154.0,77.0,2.4045932292938232,0,1.1385818368622236,0.9217774868011475,1.235098683322081,140,lr_ppo_seed56,lr_ppo,LR-PPO,56
77373,soldier_caught,0,1,0,0,27,23,11.5,4,,,1.7584106922149658,0,0.7177399575710297,0.8754739761352539,0.7645490713325345,5,lr_ppo_seed56,lr_ppo,LR-PPO,56
77374,intercepted,1,0,0,0,58,13,6.5,45,58.0,29.0,5.163534164428711,0,1.0248472509176836,1.0789159536361694,1.109649665870425,46,lr_ppo_seed56,lr_ppo,LR-PPO,56
77375,soldier_caught,0,1,0,0,238,15,7.5,223,,,0.6673415303230286,0,1.0505459603986569,1.3214815855026245,1.1546993920149555,224,lr_ppo_seed56,lr_ppo,LR-PPO,56
77376,intercepted,1,0,0,0,15,13,6.5,2,15.0,7.5,6.634944915771484,0,1.377756377061208,0.9503552913665771,1.5375810221193063,3,lr_ppo_seed56,lr_ppo,LR-PPO,56
77377,intercepted,1,0,0,0,138,19,9.5,119,138.0,69.0,5.714076519012451,0,1.0838857430964708,1.5534816980361938,1.1976852253512094,120,lr_ppo_seed56,lr_ppo,LR-PPO,56
77378,intercepted,1,0,0,0,366,12,6.0,354,366.0,183.0,2.7629618644714355,0,1.1753452694332096,1.2102423906326294,1.2814401717149664,355,lr_ppo_seed56,lr_ppo,LR-PPO,56
77379,intercepted,1,0,0,0,150,15,7.5,135,150.0,75.0,2.8811001777648926,0,1.1281336974352598,0.198697030544281,1.2440223940663735,136,lr_ppo_seed56,lr_ppo,LR-PPO,56
77380,unsafe_intercept,0,0,1,0,20,18,9.0,2,,,2.667593240737915,0,1.0146199663480122,1.372128963470459,1.067284225462983,3,lr_ppo_seed56,lr_ppo,LR-PPO,56
77381,intercepted,1,0,0,0,15,13,6.5,2,15.0,7.5,7.51671028137207,0,1.2182178099950154,1.3461384773254395,1.2445428228450004,3,lr_ppo_seed56,lr_ppo,LR-PPO,56
77382,soldier_caught,0,1,0,0,32,14,7.0,18,,,1.4674155712127686,0,1.1426522249453945,1.5751267671585083,1.253366142975319,19,lr_ppo_seed56,lr_ppo,LR-PPO,56
77383,intercepted,1,0,0,0,139,14,7.0,125,139.0,69.5,3.2891712188720703,0,1.1731778153824428,1.1428033113479614,1.258208815953035,126,lr_ppo_seed56,lr_ppo,LR-PPO,56
77384,intercepted,1,0,0,0,126,13,6.5,113,126.0,63.0,3.1074717044830322,0,1.0417030986986662,1.1681029796600342,1.1271250642346595,114,lr_ppo_seed56,lr_ppo,LR-PPO,56
77385,intercepted,1,0,0,0,179,19,9.5,160,179.0,89.5,2.114495277404785,0,1.1331167893935434,0.4560898542404175,1.2389138439248402,161,lr_ppo_seed56,lr_ppo,LR-PPO,56
77386,soldier_caught,0,1,0,0,32,26,13.0,6,,,1.770308256149292,0,1.0505582179341997,0.89768385887146,1.1458470245897094,7,lr_ppo_seed56,lr_ppo,LR-PPO,56
77387,soldier_caught,0,1,0,0,113,18,9.0,95,,,1.9606019258499146,0,1.19255741002659,2.1183714866638184,1.2666631600768299,96,lr_ppo_seed56,lr_ppo,LR-PPO,56
77388,intercepted,1,0,0,0,13,11,5.5,2,13.0,6.5,5.196102619171143,0,0.9865069588025411,1.4262912273406982,1.0806382591240937,3,lr_ppo_seed56,lr_ppo,LR-PPO,56
77389,intercepted,1,0,0,0,99,17,8.5,82,99.0,49.5,3.218595504760742,0,1.1079127020146473,1.0127160549163818,1.213609613626706,83,lr_ppo_seed56,lr_ppo,LR-PPO,56
77390,soldier_caught,0,1,0,0,20,16,8.0,4,,,1.9238417148590088,0,1.1138518899679184,1.9334867000579834,1.2924127578001907,5,lr_ppo_seed56,lr_ppo,LR-PPO,56
77391,intercepted,1,0,0,0,128,24,12.0,104,128.0,64.0,5.4572882652282715,0,1.1208428249472664,0.9500803351402283,1.2260630938934027,105,lr_ppo_seed56,lr_ppo,LR-PPO,56
77392,soldier_caught,0,1,0,0,52,18,9.0,34,,,1.9562232494354248,0,1.0842515047107424,1.831709623336792,1.171585522069991,35,lr_ppo_seed56,lr_ppo,LR-PPO,56
77393,soldier_caught,0,1,0,0,342,14,7.0,328,,,0.7057873010635376,0,1.1016378325713079,2.557210922241211,1.2006739089410978,329,lr_ppo_seed56,lr_ppo,LR-PPO,56
77394,intercepted,1,0,0,0,17,15,7.5,2,17.0,8.5,7.4304633140563965,0,1.2328542073567708,1.000260829925537,1.248105432740526,3,lr_ppo_seed56,lr_ppo,LR-PPO,56
77395,intercepted,1,0,0,0,164,14,7.0,150,164.0,82.0,2.0810017585754395,0,1.0843804490487308,2.236649751663208,1.182752088830931,151,lr_ppo_seed56,lr_ppo,LR-PPO,56
77396,soldier_caught,0,1,0,0,56,10,5.0,46,,,0.8599973917007446,0,1.083098331347425,0.5781683921813965,1.1784252475372,47,lr_ppo_seed56,lr_ppo,LR-PPO,56
77397,intercepted,1,0,0,0,78,14,7.0,64,78.0,39.0,4.617265701293945,0,1.208364416544254,0.6150500178337097,1.3018609021111918,65,lr_ppo_seed56,lr_ppo,LR-PPO,56
77398,intercepted,1,0,0,0,25,23,11.5,2,25.0,12.5,4.944250106811523,0,1.0241761803627014,2.1752731800079346,1.3112786721161034,3,lr_ppo_seed56,lr_ppo,LR-PPO,56
77399,soldier_caught,0,1,0,0,50,24,12.0,26,,,1.9695587158203125,0,1.1989379856321547,1.136669635772705,1.2815143407755845,27,lr_ppo_seed56,lr_ppo,LR-PPO,56
77400,intercepted,1,0,0,0,70,33,16.5,37,70.0,35.0,6.540846347808838,0,1.037799741092481,1.2300955057144165,1.1024925279267,38,lr_ppo_seed56,lr_ppo,LR-PPO,56
77401,soldier_caught,0,1,0,0,142,14,7.0,128,,,1.7069668769836426,0,1.1323678544325422,0.9313713312149048,1.2264904360948379,129,lr_ppo_seed56,lr_ppo,LR-PPO,56
77402,intercepted,1,0,0,0,22,20,10.0,2,22.0,11.0,4.768190860748291,0,1.6100179354349773,0.4462723731994629,1.8241991664076327,3,lr_ppo_seed56,lr_ppo,LR-PPO,56
77403,unsafe_intercept,0,0,1,0,263,20,10.0,243,,,2.1820836067199707,0,1.1707827075094472,0.7711260914802551,1.2704506211861342,244,lr_ppo_seed56,lr_ppo,LR-PPO,56
77404,intercepted,1,0,0,0,505,24,12.0,481,505.0,252.5,2.158860683441162,0,1.1357102114166213,1.6782863140106201,1.2348112446905946,482,lr_ppo_seed56,lr_ppo,LR-PPO,56
77405,intercepted,1,0,0,0,165,14,7.0,151,165.0,82.5,3.6379504203796387,0,1.1444712735124325,2.076970338821411,1.268692550612555,152,lr_ppo_seed56,lr_ppo,LR-PPO,56
77406,soldier_caught,0,1,0,0,89,14,7.0,75,,,0.9039605855941772,0,1.1245108460517306,1.0769373178482056,1.194140605769941,76,lr_ppo_seed56,lr_ppo,LR-PPO,56
77407,intercepted,1,0,0,0,87,19,9.5,68,87.0,43.5,3.6177282333374023,0,1.1454468056343603,1.3769772052764893,1.2423731205565975,69,lr_ppo_seed56,lr_ppo,LR-PPO,56
77408,intercepted,1,0,0,0,50,18,9.0,32,50.0,25.0,4.332172870635986,0,0.9127070253545587,0.3163420557975769,0.9719549572589954,33,lr_ppo_seed56,lr_ppo,LR-PPO,56
77409,intercepted,1,0,0,0,16,14,7.0,2,16.0,8.0,8.329364776611328,0,1.138701190551122,2.2767491340637207,1.4162296582547256,3,lr_ppo_seed56,lr_ppo,LR-PPO,56
77410,intercepted,1,0,0,0,82,14,7.0,68,82.0,41.0,3.2408814430236816,0,1.1415766801523126,1.9061291217803955,1.2359417283777947,69,lr_ppo_seed56,lr_ppo,LR-PPO,56
77411,soldier_caught,0,1,0,0,26,21,10.5,5,,,1.4624768495559692,0,1.3014739851156871,1.6087695360183716,1.3902391374343002,6,lr_ppo_seed56,lr_ppo,LR-PPO,56
77412,soldier_caught,0,1,0,0,31,12,6.0,19,,,1.3748122453689575,0,1.0120314493775369,1.462665319442749,1.0690660524732303,20,lr_ppo_seed56,lr_ppo,LR-PPO,56
77413,intercepted,1,0,0,0,229,25,12.5,204,229.0,114.5,2.7526021003723145,0,1.173117282259755,0.8166317939758301,1.2585466678550878,205,lr_ppo_seed56,lr_ppo,LR-PPO,56
77414,soldier_caught,0,1,0,0,74,20,10.0,54,,,1.5939995050430298,0,1.1743468322537163,1.0349361896514893,1.2706797716929974,55,lr_ppo_seed56,lr_ppo,LR-PPO,56
77415,intercepted,1,0,0,0,59,13,6.5,46,59.0,29.5,7.172276973724365,0,1.1516942806700443,1.3417309522628784,1.2071979647420052,47,lr_ppo_seed56,lr_ppo,LR-PPO,56
77416,soldier_caught,0,1,0,0,162,16,8.0,146,,,1.7239527702331543,0,1.1525822569723843,1.4402400255203247,1.2474347857294077,147,lr_ppo_seed56,lr_ppo,LR-PPO,56
77417,soldier_caught,0,1,0,0,94,14,7.0,80,,,0.8399513959884644,0,1.1756029125349021,0.6399382948875427,1.2961615211409714,81,lr_ppo_seed56,lr_ppo,LR-PPO,56
77418,intercepted,1,0,0,0,97,15,7.5,82,97.0,48.5,4.2454915046691895,0,1.0991077902446311,1.562314510345459,1.1879244030427736,83,lr_ppo_seed56,lr_ppo,LR-PPO,56
77419,intercepted,1,0,0,0,18,16,8.0,2,18.0,9.0,5.617964744567871,0,0.8228026032447815,0.547162652015686,0.8534223515162958,3,lr_ppo_seed56,lr_ppo,LR-PPO,56
77420,soldier_caught,0,1,0,0,27,23,11.5,4,,,1.9449337720870972,0,1.2391566634178162,1.5928071737289429,1.3661515473972174,5,lr_ppo_seed56,lr_ppo,LR-PPO,56
77421,soldier_caught,0,1,0,0,310,16,8.0,294,,,1.0553388595581055,0,1.1061935986502696,1.1139774322509766,1.1996626065517126,295,lr_ppo_seed56,lr_ppo,LR-PPO,56
77422,intercepted,1,0,0,0,84,20,10.0,64,84.0,42.0,3.5796573162078857,0,1.1540891844492691,0.49767032265663147,1.2768017300874277,65,lr_ppo_seed56,lr_ppo,LR-PPO,56
77423,intercepted,1,0,0,0,14,12,6.0,2,14.0,7.0,6.450430393218994,0,1.2379758755366008,1.5201148986816406,1.2598006329118558,3,lr_ppo_seed56,lr_ppo,LR-PPO,56
77424,soldier_caught,0,1,0,0,22,18,9.0,4,,,1.9806690216064453,0,1.2162659168243408,0.7942430973052979,1.2942141526668436,5,lr_ppo_seed56,lr_ppo,LR-PPO,56
77425,soldier_caught,0,1,0,0,70,13,6.5,57,,,1.9466875791549683,0,1.1339731278090641,0.3840520977973938,1.2396145548970647,58,lr_ppo_seed56,lr_ppo,LR-PPO,56
77426,soldier_caught,0,1,0,0,66,13,6.5,53,,,0.8426481485366821,0,1.206381313778736,1.9537426233291626,1.3105821404145606,54,lr_ppo_seed56,lr_ppo,LR-PPO,56
77427,soldier_caught,0,1,0,0,96,18,9.0,78,,,1.6315888166427612,0,1.0781975309305554,1.7147899866104126,1.1759144338183276,79,lr_ppo_seed56,lr_ppo,LR-PPO,56
77428,soldier_caught,0,1,0,0,49,17,8.5,32,,,1.9190051555633545,0,0.9964792620051991,0.980154812335968,1.0475034902880043,33,lr_ppo_seed56,lr_ppo,LR-PPO,56
77429,intercepted,1,0,0,0,59,15,7.5,44,59.0,29.5,4.8080034255981445,0,1.2159778614838919,0.6737614274024963,1.3215008735989133,45,lr_ppo_seed56,lr_ppo,LR-PPO,56
77430,intercepted,1,0,0,0,308,23,11.5,285,308.0,154.0,2.14481520652771,0,1.1548071420276083,0.36838769912719727,1.2542716105442369,286,lr_ppo_seed56,lr_ppo,LR-PPO,56
77431,intercepted,1,0,0,0,21,19,9.5,2,21.0,10.5,6.575087547302246,0,0.9105403224627177,0.702994704246521,0.9230175587802768,3,lr_ppo_seed56,lr_ppo,LR-PPO,56
77432,intercepted,1,0,0,0,18,16,8.0,2,18.0,9.0,6.982492446899414,0,0.6453880866368612,0.7266091704368591,0.649323378383546,3,lr_ppo_seed56,lr_ppo,LR-PPO,56
77433,intercepted,1,0,0,0,105,14,7.0,91,105.0,52.5,4.091315746307373,0,1.187118819874266,1.1103920936584473,1.2841669510504528,92,lr_ppo_seed56,lr_ppo,LR-PPO,56
77434,soldier_caught,0,1,0,0,22,15,7.5,7,,,1.9368653297424316,0,1.0526830814778805,1.6952017545700073,1.1257808796669313,8,lr_ppo_seed56,lr_ppo,LR-PPO,56
77435,intercepted,1,0,0,0,83,17,8.5,66,83.0,41.5,5.430343151092529,0,1.254780913022027,0.9686523675918579,1.3302269454708002,67,lr_ppo_seed56,lr_ppo,LR-PPO,56
77436,intercepted,1,0,0,0,18,16,8.0,2,18.0,9.0,5.283007621765137,0,0.9682572285334269,0.7022949457168579,1.0107187105163011,3,lr_ppo_seed56,lr_ppo,LR-PPO,56
77437,soldier_caught,0,1,0,0,37,17,8.5,20,,,0.8112329244613647,0,1.0831465494065058,0.8794040083885193,1.1261718384993857,21,lr_ppo_seed56,lr_ppo,LR-PPO,56
77438,soldier_caught,0,1,0,0,19,15,7.5,4,,,1.295850396156311,0,0.899040961265564,1.7066192626953125,0.9892924501506903,5,lr_ppo_seed56,lr_ppo,LR-PPO,56
77439,soldier_caught,0,1,0,0,26,22,11.0,4,,,1.6607874631881714,0,1.5114628076553345,1.8364611864089966,1.5449144918612676,5,lr_ppo_seed56,lr_ppo,LR-PPO,56
77440,intercepted,1,0,0,0,81,12,6.0,69,81.0,40.5,3.1000664234161377,0,1.2681683783020292,1.2918553352355957,1.3478492574578458,70,lr_ppo_seed56,lr_ppo,LR-PPO,56
77441,soldier_caught,0,1,0,0,45,22,11.0,23,,,0.27646419405937195,0,1.017389206836621,1.3358491659164429,1.1005181081461384,24,lr_ppo_seed56,lr_ppo,LR-PPO,56
77442,soldier_caught,0,1,0,0,172,16,8.0,156,,,1.3217536211013794,0,1.1364671660077041,1.1787153482437134,1.2301311937420445,157,lr_ppo_seed56,lr_ppo,LR-PPO,56
77443,soldier_caught,0,1,0,0,41,18,9.0,23,,,1.3040844202041626,0,1.189404632896185,2.1608097553253174,1.2818744810156164,24,lr_ppo_seed56,lr_ppo,LR-PPO,56
77444,soldier_caught,0,1,0,0,214,14,7.0,200,,,1.4995019435882568,0,1.1089143436124076,0.9283819794654846,1.1996755014652176,201,lr_ppo_seed56,lr_ppo,LR-PPO,56
77445,intercepted,1,0,0,0,103,18,9.0,85,103.0,51.5,4.069100856781006,0,1.1759129807699558,1.3699491024017334,1.2547637022503426,86,lr_ppo_seed56,lr_ppo,LR-PPO,56
77446,intercepted,1,0,0,0,266,18,9.0,248,266.0,133.0,2.8038008213043213,0,1.147981188203915,1.6121306419372559,1.2568951842240437,249,lr_ppo_seed56,lr_ppo,LR-PPO,56
77447,intercepted,1,0,0,0,89,21,10.5,68,89.0,44.5,3.5786070823669434,0,1.1317025245963663,1.3410799503326416,1.2274526875365295,69,lr_ppo_seed56,lr_ppo,LR-PPO,56
77448,soldier_caught,0,1,0,0,81,13,6.5,68,,,1.8206154108047485,0,1.1668290701033412,1.1243212223052979,1.2688255192834395,69,lr_ppo_seed56,lr_ppo,LR-PPO,56
77449,intercepted,1,0,0,0,150,14,7.0,136,150.0,75.0,2.7110283374786377,0,1.0900483190143195,0.8450037240982056,1.1746783505593437,137,lr_ppo_seed56,lr_ppo,LR-PPO,56
77450,soldier_caught,0,1,0,0,68,21,10.5,47,,,1.926018238067627,0,1.154289398342371,0.8477744460105896,1.2881018193196092,48,lr_ppo_seed56,lr_ppo,LR-PPO,56
77451,intercepted,1,0,0,0,132,24,12.0,108,132.0,66.0,2.249467611312866,0,1.118072800680038,0.5003775358200073,1.1909669665787876,109,lr_ppo_seed56,lr_ppo,LR-PPO,56
77452,intercepted,1,0,0,0,252,18,9.0,234,252.0,126.0,3.2769718170166016,0,1.1307309018804672,1.6893203258514404,1.2330710665255085,235,lr_ppo_seed56,lr_ppo,LR-PPO,56
77453,soldier_caught,0,1,0,0,440,14,7.0,426,,,1.786412000656128,0,1.124110887320036,1.1996949911117554,1.2228049553371194,427,lr_ppo_seed56,lr_ppo,LR-PPO,56
77454,intercepted,1,0,0,0,60,16,8.0,44,60.0,30.0,4.555791854858398,0,1.1234521216816373,0.8139157295227051,1.222383075475183,45,lr_ppo_seed56,lr_ppo,LR-PPO,56
77455,soldier_caught,0,1,0,0,102,14,7.0,88,,,0.9729380011558533,0,1.1516395524311602,0.6745990514755249,1.255060117536085,89,lr_ppo_seed56,lr_ppo,LR-PPO,56
77456,soldier_caught,0,1,0,0,42,16,8.0,26,,,1.896468162536621,0,1.1225046272631045,1.2553082704544067,1.2343265154062455,27,lr_ppo_seed56,lr_ppo,LR-PPO,56
77457,intercepted,1,0,0,0,98,21,10.5,77,98.0,49.0,4.5346174240112305,0,1.1222386942842069,0.419594407081604,1.2281561132230323,78,lr_ppo_seed56,lr_ppo,LR-PPO,56
77458,intercepted,1,0,0,0,17,15,7.5,2,17.0,8.5,7.6422810554504395,0,0.6288000345230103,0.5158936381340027,0.6347824270449308,3,lr_ppo_seed56,lr_ppo,LR-PPO,56
77459,intercepted,1,0,0,0,18,16,8.0,2,18.0,9.0,8.194684028625488,0,0.8933143218358358,0.6297097206115723,0.9125563067677788,3,lr_ppo_seed56,lr_ppo,LR-PPO,56
77460,intercepted,1,0,0,0,90,17,8.5,73,90.0,45.0,2.268191337585449,0,1.096446059040121,1.2477777004241943,1.1869075413409529,74,lr_ppo_seed56,lr_ppo,LR-PPO,56
77461,intercepted,1,0,0,0,17,15,7.5,2,17.0,8.5,5.944160461425781,0,1.035527527332306,0.8244383335113525,1.121094312925269,3,lr_ppo_seed56,lr_ppo,LR-PPO,56
77462,intercepted,1,0,0,0,59,17,8.5,42,59.0,29.5,4.003622055053711,0,1.2856904039549273,1.4532016515731812,1.3423166848501602,43,lr_ppo_seed56,lr_ppo,LR-PPO,56
77463,soldier_caught,0,1,0,0,194,16,8.0,178,,,0.6262241005897522,0,1.0943313471598333,0.5030261278152466,1.1904970691166958,179,lr_ppo_seed56,lr_ppo,LR-PPO,56
77464,intercepted,1,0,0,0,58,17,8.5,41,58.0,29.0,2.9177727699279785,0,1.28033751533145,1.0999276638031006,1.3696374036965466,42,lr_ppo_seed56,lr_ppo,LR-PPO,56
77465,soldier_caught,0,1,0,0,66,25,12.5,41,,,1.6255930662155151,0,1.0306773774680638,1.5469434261322021,1.1190110692214505,42,lr_ppo_seed56,lr_ppo,LR-PPO,56
77466,intercepted,1,0,0,0,159,19,9.5,140,159.0,79.5,3.02348256111145,0,1.0977003615058907,1.2792136669158936,1.1710096850492167,141,lr_ppo_seed56,lr_ppo,LR-PPO,56
77467,intercepted,1,0,0,0,89,16,8.0,73,89.0,44.5,4.398543357849121,0,1.1564772354589927,0.8461645245552063,1.2543942652869597,74,lr_ppo_seed56,lr_ppo,LR-PPO,56
77468,intercepted,1,0,0,0,148,14,7.0,134,148.0,74.0,4.05440616607666,0,1.171432265860063,0.7245543599128723,1.2718502965432772,135,lr_ppo_seed56,lr_ppo,LR-PPO,56
77469,soldier_caught,0,1,0,0,54,15,7.5,39,,,0.8412341475486755,0,1.1050239268690347,0.12536974251270294,1.2292053133969334,40,lr_ppo_seed56,lr_ppo,LR-PPO,56
77470,intercepted,1,0,0,0,29,27,13.5,2,29.0,14.5,4.226893424987793,0,1.166224181652069,1.1933069229125977,1.1986138269189743,3,lr_ppo_seed56,lr_ppo,LR-PPO,56
77471,intercepted,1,0,0,0,64,20,10.0,44,64.0,32.0,4.228105545043945,0,1.0805960132016077,1.7208423614501953,1.1958652129181575,45,lr_ppo_seed56,lr_ppo,LR-PPO,56
77472,intercepted,1,0,0,0,18,16,8.0,2,18.0,9.0,5.667753219604492,0,1.226087788740794,1.5278007984161377,1.2660043605613998,3,lr_ppo_seed56,lr_ppo,LR-PPO,56
77473,intercepted,1,0,0,0,192,18,9.0,174,192.0,96.0,2.5451507568359375,0,1.1304243229116713,1.3131407499313354,1.2121550548573272,175,lr_ppo_seed56,lr_ppo,LR-PPO,56
77474,soldier_caught,0,1,0,0,118,23,11.5,95,,,1.6060600280761719,0,1.112872629115979,1.0853159427642822,1.206430005854289,96,lr_ppo_seed56,lr_ppo,LR-PPO,56
77475,soldier_caught,0,1,0,0,121,14,7.0,107,,,0.9599114656448364,0,1.1802541315555573,0.40208932757377625,1.2695536479380194,108,lr_ppo_seed56,lr_ppo,LR-PPO,56
77476,intercepted,1,0,0,0,18,16,8.0,2,18.0,9.0,6.494517803192139,0,1.1073684295018513,0.6451961994171143,1.1844115519620253,3,lr_ppo_seed56,lr_ppo,LR-PPO,56
77477,intercepted,1,0,0,0,18,16,8.0,2,18.0,9.0,3.6126034259796143,0,0.6494223574797312,0.4146621525287628,0.693263381530117,3,lr_ppo_seed56,lr_ppo,LR-PPO,56
77478,intercepted,1,0,0,0,58,12,6.0,46,58.0,29.0,6.0309834480285645,0,1.0475367314003883,0.5738839507102966,1.1600506551284755,47,lr_ppo_seed56,lr_ppo,LR-PPO,56
77479,intercepted,1,0,0,0,155,15,7.5,140,155.0,77.5,2.8910622596740723,0,1.108851820970258,1.4250357151031494,1.2078551560807118,141,lr_ppo_seed56,lr_ppo,LR-PPO,56
77480,soldier_caught,0,1,0,0,256,28,14.0,228,,,0.9476335644721985,0,1.1718714340675345,1.1734504699707031,1.2648901238872374,229,lr_ppo_seed56,lr_ppo,LR-PPO,56
77481,intercepted,1,0,0,0,45,19,9.5,26,45.0,22.5,5.984349727630615,0,1.2148650432074513,1.806979775428772,1.3281543549826225,27,lr_ppo_seed56,lr_ppo,LR-PPO,56
77482,intercepted,1,0,0,0,17,15,7.5,2,17.0,8.5,7.312808036804199,0,1.2014867464701335,1.626578450202942,1.2430245160460782,3,lr_ppo_seed56,lr_ppo,LR-PPO,56
77483,intercepted,1,0,0,0,22,20,10.0,2,22.0,11.0,6.457950115203857,0,1.4011756579081218,1.6041933298110962,1.4103340970178684,3,lr_ppo_seed56,lr_ppo,LR-PPO,56
77484,intercepted,1,0,0,0,84,18,9.0,66,84.0,42.0,3.7043211460113525,0,1.0678037785327257,1.5146602392196655,1.156930490245111,67,lr_ppo_seed56,lr_ppo,LR-PPO,56
77485,intercepted,1,0,0,0,68,17,8.5,51,68.0,34.0,3.6504909992218018,0,1.1013859971784628,1.3229002952575684,1.1881180624286396,52,lr_ppo_seed56,lr_ppo,LR-PPO,56
77486,intercepted,1,0,0,0,18,16,8.0,2,18.0,9.0,6.9193949699401855,0,1.1900242765744526,1.0453267097473145,1.4237293123970856,3,lr_ppo_seed56,lr_ppo,LR-PPO,56
77487,intercepted,1,0,0,0,45,20,10.0,25,45.0,22.5,4.1570658683776855,0,0.9848612306209711,1.3732969760894775,1.074820297612057,26,lr_ppo_seed56,lr_ppo,LR-PPO,56
77488,soldier_caught,0,1,0,0,57,11,5.5,46,,,1.5017277002334595,0,1.2501195612105918,0.36079978942871094,1.3592161343232756,47,lr_ppo_seed56,lr_ppo,LR-PPO,56
77489,intercepted,1,0,0,0,97,19,9.5,78,97.0,48.5,2.3027899265289307,0,1.21295664959316,0.8089706301689148,1.314896792995216,79,lr_ppo_seed56,lr_ppo,LR-PPO,56
77490,soldier_caught,0,1,0,0,75,22,11.0,53,,,1.674524188041687,0,1.046326194372442,1.5792990922927856,1.130592192477372,54,lr_ppo_seed56,lr_ppo,LR-PPO,56
77491,intercepted,1,0,0,0,77,12,6.0,65,77.0,38.5,4.690797805786133,0,1.1436947624791751,0.8794547915458679,1.211936904119757,66,lr_ppo_seed56,lr_ppo,LR-PPO,56
77492,intercepted,1,0,0,0,195,18,9.0,177,195.0,97.5,3.3405559062957764,0,1.1615328918933199,0.6837878823280334,1.2620365338565611,178,lr_ppo_seed56,lr_ppo,LR-PPO,56
77493,intercepted,1,0,0,0,324,14,7.0,310,324.0,162.0,2.454502820968628,0,1.0997268319896563,1.0013632774353027,1.1875065619976506,311,lr_ppo_seed56,lr_ppo,LR-PPO,56
77494,soldier_caught,0,1,0,0,102,14,7.0,88,,,1.863269329071045,0,1.176444722695297,1.1193405389785767,1.278991471133308,89,lr_ppo_seed56,lr_ppo,LR-PPO,56
77495,intercepted,1,0,0,0,24,22,11.0,2,24.0,12.0,6.0335612297058105,0,1.4280210336049397,1.5323894023895264,1.4497918729991588,3,lr_ppo_seed56,lr_ppo,LR-PPO,56
77496,soldier_caught,0,1,0,0,41,22,11.0,19,,,1.3791064023971558,0,1.2503458380699157,0.7477558255195618,1.3353249165521581,20,lr_ppo_seed56,lr_ppo,LR-PPO,56
77497,intercepted,1,0,0,0,15,13,6.5,2,15.0,7.5,6.45689058303833,0,1.4176231225331624,1.2120245695114136,1.432839268642981,3,lr_ppo_seed56,lr_ppo,LR-PPO,56
77498,soldier_caught,0,1,0,0,133,30,15.0,103,,,1.5118011236190796,0,1.1133137093140528,0.8981512188911438,1.2101607907238183,104,lr_ppo_seed56,lr_ppo,LR-PPO,56
77499,intercepted,1,0,0,0,114,20,10.0,94,114.0,57.0,2.973487615585327,0,1.1393360586542831,1.3513163328170776,1.2512321765223033,95,lr_ppo_seed56,lr_ppo,LR-PPO,56
77500,intercepted,1,0,0,0,209,18,9.0,191,209.0,104.5,3.4089927673339844,0,1.0972730153395485,0.6735790967941284,1.1756012863328114,192,lr_ppo_seed56,lr_ppo,LR-PPO,56
77501,intercepted,1,0,0,0,21,19,9.5,2,21.0,10.5,6.885283470153809,0,0.8840593695640564,1.3594623804092407,0.9820239695400359,3,lr_ppo_seed56,lr_ppo,LR-PPO,56
77502,soldier_caught,0,1,0,0,33,15,7.5,18,,,1.39518404006958,0,1.277188773217954,1.7012274265289307,1.3541377608268965,19,lr_ppo_seed56,lr_ppo,LR-PPO,56
77503,soldier_caught,0,1,0,0,38,16,8.0,22,,,0.7071785926818848,0,1.2121901227080303,0.8163223266601562,1.3475098776363132,23,lr_ppo_seed56,lr_ppo,LR-PPO,56
77504,soldier_caught,0,1,0,0,140,19,9.5,121,,,1.9484248161315918,0,1.0490849091381322,0.5919639468193054,1.1718190748406028,122,lr_ppo_seed56,lr_ppo,LR-PPO,56
77505,soldier_caught,0,1,0,0,143,15,7.5,128,,,1.996077299118042,0,1.095674991492153,0.8361966013908386,1.2070918922185687,129,lr_ppo_seed56,lr_ppo,LR-PPO,56
77506,intercepted,1,0,0,0,129,14,7.0,115,129.0,64.5,3.2572362422943115,0,1.136038767880407,1.033463716506958,1.22019862336204,116,lr_ppo_seed56,lr_ppo,LR-PPO,56
77507,intercepted,1,0,0,0,60,16,8.0,44,60.0,30.0,3.2632436752319336,0,1.142414152622223,1.2122530937194824,1.2208799683360363,45,lr_ppo_seed56,lr_ppo,LR-PPO,56
77508,intercepted,1,0,0,0,15,13,6.5,2,15.0,7.5,5.860394477844238,0,0.7643366853396097,0.6608941555023193,0.7898093437014185,3,lr_ppo_seed56,lr_ppo,LR-PPO,56
77509,soldier_caught,0,1,0,0,34,13,6.5,21,,,1.6538172960281372,0,1.3152854378250511,1.1873154640197754,1.4262716192615865,22,lr_ppo_seed56,lr_ppo,LR-PPO,56
77510,intercepted,1,0,0,0,64,21,10.5,43,64.0,32.0,3.805394172668457,0,1.0886516323821112,1.2205442190170288,1.1912255625686134,44,lr_ppo_seed56,lr_ppo,LR-PPO,56
77511,intercepted,1,0,0,0,174,19,9.5,155,174.0,87.0,2.5021843910217285,0,1.1816645872134428,2.010187864303589,1.2648676941984485,156,lr_ppo_seed56,lr_ppo,LR-PPO,56
77512,soldier_caught,0,1,0,0,201,14,7.0,187,,,1.3507198095321655,0,1.1348560451668628,0.5656288266181946,1.2479069794815578,188,lr_ppo_seed56,lr_ppo,LR-PPO,56
77513,intercepted,1,0,0,0,121,18,9.0,103,121.0,60.5,3.7239649295806885,0,1.0749564041885047,1.2445182800292969,1.169207750529075,104,lr_ppo_seed56,lr_ppo,LR-PPO,56
77514,soldier_caught,0,1,0,0,63,14,7.0,49,,,1.521905779838562,0,1.1724887084960938,1.9476629495620728,1.2859436105475601,50,lr_ppo_seed56,lr_ppo,LR-PPO,56
77515,soldier_caught,0,1,0,0,41,19,9.5,22,,,1.6616828441619873,0,1.0162337914757107,0.729989230632782,1.0785186042259078,23,lr_ppo_seed56,lr_ppo,LR-PPO,56
77516,intercepted,1,0,0,0,109,21,10.5,88,109.0,54.5,4.85115909576416,0,1.0988180084844654,1.4007878303527832,1.2016599880902306,89,lr_ppo_seed56,lr_ppo,LR-PPO,56
77517,intercepted,1,0,0,0,42,17,8.5,25,42.0,21.0,2.4837393760681152,0,1.2202367186546326,0.6265915632247925,1.2980713069719196,26,lr_ppo_seed56,lr_ppo,LR-PPO,56
77518,intercepted,1,0,0,0,18,16,8.0,2,18.0,9.0,7.765440464019775,0,0.883530338605245,0.9232903122901917,0.8845019312938761,3,lr_ppo_seed56,lr_ppo,LR-PPO,56
77519,soldier_caught,0,1,0,0,91,13,6.5,78,,,1.192954182624817,0,1.1523512798019602,0.47974351048469543,1.2394275537779456,79,lr_ppo_seed56,lr_ppo,LR-PPO,56
77520,soldier_caught,0,1,0,0,43,14,7.0,29,,,0.7097628712654114,0,0.9409950077533722,1.1879643201828003,1.023103960119607,30,lr_ppo_seed56,lr_ppo,LR-PPO,56
77521,intercepted,1,0,0,0,20,18,9.0,2,20.0,10.0,7.903640270233154,0,1.1169176697731018,1.1705656051635742,1.1231477699403412,3,lr_ppo_seed56,lr_ppo,LR-PPO,56
77522,intercepted,1,0,0,0,84,15,7.5,69,84.0,42.0,2.491879940032959,0,1.165392598935536,0.8018539547920227,1.27925687511336,70,lr_ppo_seed56,lr_ppo,LR-PPO,56
77523,soldier_caught,0,1,0,0,174,13,6.5,161,,,1.5482726097106934,0,1.1059719578903398,0.8377586007118225,1.2110806428368337,162,lr_ppo_seed56,lr_ppo,LR-PPO,56
77524,soldier_caught,0,1,0,0,128,18,9.0,110,,,1.3310710191726685,0,1.095724414329271,0.6223854422569275,1.1972833766274367,111,lr_ppo_seed56,lr_ppo,LR-PPO,56
77525,intercepted,1,0,0,0,20,18,9.0,2,20.0,10.0,5.942737579345703,0,0.6661965250968933,1.0277955532073975,0.7137527247916075,3,lr_ppo_seed56,lr_ppo,LR-PPO,56
77526,intercepted,1,0,0,0,35,17,8.5,18,35.0,17.5,6.297018527984619,0,1.0866445710784511,0.965787410736084,1.18264403969293,19,lr_ppo_seed56,lr_ppo,LR-PPO,56
77527,intercepted,1,0,0,0,96,11,5.5,85,96.0,48.0,2.4856419563293457,0,1.0989621981631879,1.695251226425171,1.1858802250000215,86,lr_ppo_seed56,lr_ppo,LR-PPO,56
77528,soldier_caught,0,1,0,0,91,13,6.5,78,,,1.6477375030517578,0,1.212780598881124,1.2882773876190186,1.3172478153955345,79,lr_ppo_seed56,lr_ppo,LR-PPO,56
77529,intercepted,1,0,0,0,42,16,8.0,26,42.0,21.0,4.863941192626953,0,1.1181760121274877,0.9421256184577942,1.2155619774620865,27,lr_ppo_seed56,lr_ppo,LR-PPO,56
77530,intercepted,1,0,0,0,16,14,7.0,2,16.0,8.0,5.498580455780029,0,1.2834698955217998,1.916189193725586,1.3870034744879582,3,lr_ppo_seed56,lr_ppo,LR-PPO,56
77531,soldier_caught,0,1,0,0,108,26,13.0,82,,,0.9392983317375183,0,1.130531003317201,0.4096972346305847,1.220765693124091,83,lr_ppo_seed56,lr_ppo,LR-PPO,56
77532,intercepted,1,0,0,0,17,15,7.5,2,17.0,8.5,8.527557373046875,0,1.382315754890442,1.1607693433761597,1.4080075186192589,3,lr_ppo_seed56,lr_ppo,LR-PPO,56
77533,intercepted,1,0,0,0,97,12,6.0,85,97.0,48.5,5.974424839019775,0,1.2325740626385047,0.941598653793335,1.3176516566682868,86,lr_ppo_seed56,lr_ppo,LR-PPO,56
77534,intercepted,1,0,0,0,55,12,6.0,43,55.0,27.5,2.279979944229126,0,1.0922661769119175,1.1212005615234375,1.179299800618978,44,lr_ppo_seed56,lr_ppo,LR-PPO,56
77535,soldier_caught,0,1,0,0,244,18,9.0,226,,,1.750552773475647,0,1.1611921342852882,1.7102091312408447,1.2739575051510663,227,lr_ppo_seed56,lr_ppo,LR-PPO,56
77536,intercepted,1,0,0,0,60,12,6.0,48,60.0,30.0,5.554535388946533,0,1.039418090362938,1.1034091711044312,1.1498405660134503,49,lr_ppo_seed56,lr_ppo,LR-PPO,56
77537,intercepted,1,0,0,0,80,18,9.0,62,80.0,40.0,4.842348575592041,0,1.1784706962487055,2.1964573860168457,1.2710641719360776,63,lr_ppo_seed56,lr_ppo,LR-PPO,56
77538,soldier_caught,0,1,0,0,159,17,8.5,142,,,1.6918119192123413,0,1.0920030726836278,0.7304517030715942,1.1793850911745,143,lr_ppo_seed56,lr_ppo,LR-PPO,56
77539,soldier_caught,0,1,0,0,77,17,8.5,60,,,1.4897148609161377,0,0.9455412430841414,0.8141130805015564,1.0274605873665936,61,lr_ppo_seed56,lr_ppo,LR-PPO,56
77540,soldier_caught,0,1,0,0,198,18,9.0,180,,,1.0305476188659668,0,1.1217490509564048,0.5952425003051758,1.2024242033496944,181,lr_ppo_seed56,lr_ppo,LR-PPO,56
77541,soldier_caught,0,1,0,0,127,17,8.5,110,,,1.9286413192749023,0,1.1990077145196296,0.8700812458992004,1.3113787506815138,111,lr_ppo_seed56,lr_ppo,LR-PPO,56
77542,intercepted,1,0,0,0,147,15,7.5,132,147.0,73.5,3.1854920387268066,0,1.1426801016008048,0.2848725914955139,1.2371658942631685,133,lr_ppo_seed56,lr_ppo,LR-PPO,56
77543,soldier_caught,0,1,0,0,34,14,7.0,20,,,1.083427906036377,0,1.100498222169422,0.4714523255825043,1.23031844969393,21,lr_ppo_seed56,lr_ppo,LR-PPO,56
77544,intercepted,1,0,0,0,119,28,14.0,91,119.0,59.5,4.2562947273254395,0,1.2105925076681634,1.2469713687896729,1.3195103875825382,92,lr_ppo_seed56,lr_ppo,LR-PPO,56
77545,soldier_caught,0,1,0,0,50,19,9.5,31,,,1.9458320140838623,0,1.01021473063156,1.459529161453247,1.0926273851064106,32,lr_ppo_seed56,lr_ppo,LR-PPO,56
77546,intercepted,1,0,0,0,284,18,9.0,266,284.0,142.0,2.0762155055999756,0,1.1320615865094832,0.35223856568336487,1.2363097358030821,267,lr_ppo_seed56,lr_ppo,LR-PPO,56
77547,intercepted,1,0,0,0,153,14,7.0,139,153.0,76.5,2.306220054626465,0,1.150427350827626,0.9384647607803345,1.2477804380127675,140,lr_ppo_seed56,lr_ppo,LR-PPO,56
77548,soldier_caught,0,1,0,0,142,17,8.5,125,,,1.7490662336349487,0,1.2041647578515704,0.9856582283973694,1.3090904651721809,126,lr_ppo_seed56,lr_ppo,LR-PPO,56
77549,intercepted,1,0,0,0,20,18,9.0,2,20.0,10.0,9.24174976348877,0,1.0730335116386414,0.9845406413078308,1.0912757900133823,3,lr_ppo_seed56,lr_ppo,LR-PPO,56
77550,intercepted,1,0,0,0,147,15,7.5,132,147.0,73.5,3.8762738704681396,0,1.1354520046397258,1.0611228942871094,1.2334322986076414,133,lr_ppo_seed56,lr_ppo,LR-PPO,56
77551,intercepted,1,0,0,0,116,16,8.0,100,116.0,58.0,6.806978225708008,0,1.0987895980919942,0.9172646403312683,1.1817974006066012,101,lr_ppo_seed56,lr_ppo,LR-PPO,56
77552,intercepted,1,0,0,0,95,18,9.0,77,95.0,47.5,4.66757345199585,0,1.1239352489893253,0.9852940440177917,1.213741872318493,78,lr_ppo_seed56,lr_ppo,LR-PPO,56
77553,soldier_caught,0,1,0,0,96,12,6.0,84,,,1.9570648670196533,0,1.0918267081765567,0.38376593589782715,1.1823189436725146,85,lr_ppo_seed56,lr_ppo,LR-PPO,56
77554,intercepted,1,0,0,0,24,22,11.0,2,24.0,12.0,8.690657615661621,0,1.443232576052348,1.093263864517212,1.5084875895377317,3,lr_ppo_seed56,lr_ppo,LR-PPO,56
77555,intercepted,1,0,0,0,67,18,9.0,49,67.0,33.5,4.91533899307251,0,1.1941176736354828,2.0070502758026123,1.2610047127472523,50,lr_ppo_seed56,lr_ppo,LR-PPO,56
77556,soldier_caught,0,1,0,0,481,21,10.5,460,,,1.1320655345916748,0,1.0800768753711676,0.9998216032981873,1.1746322450506275,461,lr_ppo_seed56,lr_ppo,LR-PPO,56
77557,intercepted,1,0,0,0,106,12,6.0,94,106.0,53.0,2.654256820678711,0,1.1923865221048657,1.7593494653701782,1.302837695937451,95,lr_ppo_seed56,lr_ppo,LR-PPO,56
77558,intercepted,1,0,0,0,63,17,8.5,46,63.0,31.5,4.720599174499512,0,1.144716759945484,0.8367341756820679,1.2297463079840265,47,lr_ppo_seed56,lr_ppo,LR-PPO,56
77559,intercepted,1,0,0,0,17,15,7.5,2,17.0,8.5,5.349515438079834,0,1.388899326324463,1.1857457160949707,1.4018990579305561,3,lr_ppo_seed56,lr_ppo,LR-PPO,56
77560,intercepted,1,0,0,0,19,17,8.5,2,19.0,9.5,4.387537002563477,0,1.782719890276591,1.5585110187530518,1.818292242298407,3,lr_ppo_seed56,lr_ppo,LR-PPO,56
77561,intercepted,1,0,0,0,529,22,11.0,507,529.0,264.5,3.591761350631714,0,1.1217331755026354,1.3432666063308716,1.2179712707590724,508,lr_ppo_seed56,lr_ppo,LR-PPO,56
77562,intercepted,1,0,0,0,22,20,10.0,2,22.0,11.0,7.542687892913818,0,1.121086299419403,1.6064149141311646,1.1908596093021027,3,lr_ppo_seed56,lr_ppo,LR-PPO,56
77563,soldier_caught,0,1,0,0,23,19,9.5,4,,,1.47502601146698,0,1.43980929851532,1.4189053773880005,1.5565090828062937,5,lr_ppo_seed56,lr_ppo,LR-PPO,56
77564,intercepted,1,0,0,0,178,23,11.5,155,178.0,89.0,4.746532917022705,0,1.157392000254148,0.8999592065811157,1.2406745213163963,156,lr_ppo_seed56,lr_ppo,LR-PPO,56
77565,soldier_caught,0,1,0,0,119,13,6.5,106,,,1.532202959060669,0,1.2209704319171817,1.5831084251403809,1.3013420235026247,107,lr_ppo_seed56,lr_ppo,LR-PPO,56
77566,intercepted,1,0,0,0,21,19,9.5,2,21.0,10.5,7.531267166137695,0,1.0996432900428772,0.4959946274757385,1.1955813717156107,3,lr_ppo_seed56,lr_ppo,LR-PPO,56
77567,soldier_caught,0,1,0,0,66,18,9.0,48,,,1.531880497932434,0,1.0867469973710118,0.8747245669364929,1.1565121289519134,49,lr_ppo_seed56,lr_ppo,LR-PPO,56
77568,intercepted,1,0,0,0,17,15,7.5,2,17.0,8.5,5.274150848388672,0,0.8068928321202596,0.3007134199142456,0.9464117173242882,3,lr_ppo_seed56,lr_ppo,LR-PPO,56
77569,intercepted,1,0,0,0,16,14,7.0,2,16.0,8.0,5.330794811248779,0,1.5214715003967285,0.9003614187240601,1.5983198705917798,3,lr_ppo_seed56,lr_ppo,LR-PPO,56
77570,soldier_caught,0,1,0,0,54,14,7.0,40,,,1.39468252658844,0,1.0978404196297251,1.0181446075439453,1.191064002496197,41,lr_ppo_seed56,lr_ppo,LR-PPO,56
77571,intercepted,1,0,0,0,65,16,8.0,49,65.0,32.5,2.137566328048706,0,1.048714353442192,0.8665987849235535,1.1469465981619684,50,lr_ppo_seed56,lr_ppo,LR-PPO,56
77572,soldier_caught,0,1,0,0,52,26,13.0,26,,,1.5667105913162231,0,1.0356598695119221,1.3038429021835327,1.1036314849113664,27,lr_ppo_seed56,lr_ppo,LR-PPO,56
77573,intercepted,1,0,0,0,60,16,8.0,44,60.0,30.0,4.46933650970459,0,1.1549008392625384,1.8194217681884766,1.2634509328197294,45,lr_ppo_seed56,lr_ppo,LR-PPO,56
77574,intercepted,1,0,0,0,22,20,10.0,2,22.0,11.0,4.351981163024902,0,1.005041738351186,0.5627456307411194,1.0526323693056265,3,lr_ppo_seed56,lr_ppo,LR-PPO,56
77575,unsafe_intercept,0,0,1,0,90,27,13.5,63,,,2.4779858589172363,0,1.08599734143354,1.0624901056289673,1.1935049692903863,64,lr_ppo_seed56,lr_ppo,LR-PPO,56
77576,intercepted,1,0,0,0,55,13,6.5,42,55.0,27.5,4.408163547515869,0,0.9674367086831913,1.042866826057434,1.0694740779305234,43,lr_ppo_seed56,lr_ppo,LR-PPO,56
77577,intercepted,1,0,0,0,79,16,8.0,63,79.0,39.5,2.4070005416870117,0,1.1777406584005803,0.9945876002311707,1.276867601647664,64,lr_ppo_seed56,lr_ppo,LR-PPO,56
77578,intercepted,1,0,0,0,133,13,6.5,120,133.0,66.5,4.195117950439453,0,1.0977408203704297,1.6526448726654053,1.1866440968451972,121,lr_ppo_seed56,lr_ppo,LR-PPO,56
77579,intercepted,1,0,0,0,23,21,10.5,2,23.0,11.5,6.6612348556518555,0,0.7937431732813517,0.7965950965881348,0.80548111513287,3,lr_ppo_seed56,lr_ppo,LR-PPO,56
77580,intercepted,1,0,0,0,82,12,6.0,70,82.0,41.0,6.344674110412598,0,1.163254954393061,0.5486763119697571,1.2588068912312858,71,lr_ppo_seed56,lr_ppo,LR-PPO,56
77581,intercepted,1,0,0,0,67,14,7.0,53,67.0,33.5,2.3708503246307373,0,1.1347199650826278,0.7516840696334839,1.2234865552918628,54,lr_ppo_seed56,lr_ppo,LR-PPO,56
77582,soldier_caught,0,1,0,0,164,19,9.5,145,,,1.9204528331756592,0,1.0860781790561056,0.8954368829727173,1.1871943825420705,146,lr_ppo_seed56,lr_ppo,LR-PPO,56
77583,intercepted,1,0,0,0,72,24,12.0,48,72.0,36.0,4.662915229797363,0,1.1661066686620518,0.8539996147155762,1.252074857281358,49,lr_ppo_seed56,lr_ppo,LR-PPO,56
77584,intercepted,1,0,0,0,14,12,6.0,2,14.0,7.0,7.42105770111084,0,1.0206927259763081,0.8201902508735657,1.066314155024202,3,lr_ppo_seed56,lr_ppo,LR-PPO,56
77585,soldier_caught,0,1,0,0,58,18,9.0,40,,,1.91618812084198,0,0.9829459710092079,0.9612471461296082,1.0572073203321781,41,lr_ppo_seed56,lr_ppo,LR-PPO,56
77586,intercepted,1,0,0,0,148,15,7.5,133,148.0,74.0,2.177402973175049,0,1.1180917369340784,1.6871517896652222,1.2146967483051283,134,lr_ppo_seed56,lr_ppo,LR-PPO,56
77587,soldier_caught,0,1,0,0,22,18,9.0,4,,,1.7991567850112915,0,0.7755218207836151,0.40522435307502747,0.8863819336151064,5,lr_ppo_seed56,lr_ppo,LR-PPO,56
77588,intercepted,1,0,0,0,167,16,8.0,151,167.0,83.5,4.082859039306641,0,1.1510014614384425,1.0083575248718262,1.2441976427178207,152,lr_ppo_seed56,lr_ppo,LR-PPO,56
77589,intercepted,1,0,0,0,44,20,10.0,24,44.0,22.0,3.762709140777588,0,0.9808749717473983,1.0043885707855225,1.0551924302736533,25,lr_ppo_seed56,lr_ppo,LR-PPO,56
77590,soldier_caught,0,1,0,0,167,17,8.5,150,,,1.3079675436019897,0,1.187802828502971,1.5883857011795044,1.2984567343240077,151,lr_ppo_seed56,lr_ppo,LR-PPO,56
77591,intercepted,1,0,0,0,13,11,5.5,2,13.0,6.5,6.537485599517822,0,1.9596473972002666,0.8207337260246277,2.118901149227107,3,lr_ppo_seed56,lr_ppo,LR-PPO,56
77592,intercepted,1,0,0,0,102,39,19.5,63,102.0,51.0,2.2317471504211426,0,1.2567069742362946,0.7680678963661194,1.3537707930736966,64,lr_ppo_seed56,lr_ppo,LR-PPO,56
77593,intercepted,1,0,0,0,166,18,9.0,148,166.0,83.0,3.587221145629883,0,1.0748169701171402,0.7733435034751892,1.1577518258620627,149,lr_ppo_seed56,lr_ppo,LR-PPO,56
77594,soldier_caught,0,1,0,0,171,13,6.5,158,,,1.7994177341461182,0,1.1819566431098014,0.6433935165405273,1.296538569411619,159,lr_ppo_seed56,lr_ppo,LR-PPO,56
77595,intercepted,1,0,0,0,59,13,6.5,46,59.0,29.5,2.8151745796203613,0,1.2429313913304756,0.6895379424095154,1.3810661024892428,47,lr_ppo_seed56,lr_ppo,LR-PPO,56
77596,soldier_caught,0,1,0,0,174,26,13.0,148,,,1.4808439016342163,0,1.0664336582358251,1.8011870384216309,1.1610792329234993,149,lr_ppo_seed56,lr_ppo,LR-PPO,56
77597,intercepted,1,0,0,0,192,17,8.5,175,192.0,96.0,3.369476556777954,0,1.1306150266688995,0.2519497275352478,1.2167205236818897,176,lr_ppo_seed56,lr_ppo,LR-PPO,56
77598,unsafe_intercept,0,0,1,0,21,19,9.5,2,,,3.219902276992798,0,1.4795149366060893,1.730839490890503,1.6003027511395866,3,lr_ppo_seed56,lr_ppo,LR-PPO,56
77599,intercepted,1,0,0,0,66,16,8.0,50,66.0,33.0,5.299407482147217,0,0.9893386074725319,1.4333367347717285,1.069509492180603,51,lr_ppo_seed56,lr_ppo,LR-PPO,56
77600,intercepted,1,0,0,0,19,17,8.5,2,19.0,9.5,7.060441970825195,0,1.4114834864934285,0.8015439510345459,1.5069803425923887,3,lr_ppo_seed56,lr_ppo,LR-PPO,56
77601,intercepted,1,0,0,0,137,20,10.0,117,137.0,68.5,2.250607490539551,0,1.1116002830913512,0.9874950647354126,1.2121648065784891,118,lr_ppo_seed56,lr_ppo,LR-PPO,56
77602,soldier_caught,0,1,0,0,24,19,9.5,5,,,1.5954744815826416,0,1.4848448832829793,1.9034212827682495,1.579357674630418,6,lr_ppo_seed56,lr_ppo,LR-PPO,56
77603,intercepted,1,0,0,0,16,14,7.0,2,16.0,8.0,3.625098943710327,0,0.87070432305336,0.4171355068683624,0.9352222461567694,3,lr_ppo_seed56,lr_ppo,LR-PPO,56
77604,intercepted,1,0,0,0,23,21,10.5,2,23.0,11.5,6.243368625640869,0,1.0741393466790516,0.47550496459007263,1.16901720233674,3,lr_ppo_seed56,lr_ppo,LR-PPO,56
77605,soldier_caught,0,1,0,0,94,22,11.0,72,,,0.9290879964828491,0,1.1602475647240469,0.7980822920799255,1.2718968272090614,73,lr_ppo_seed56,lr_ppo,LR-PPO,56
77606,intercepted,1,0,0,0,175,19,9.5,156,175.0,87.5,2.64095401763916,0,1.0926103429619674,0.8101218342781067,1.1885140155808382,157,lr_ppo_seed56,lr_ppo,LR-PPO,56
77607,intercepted,1,0,0,0,95,13,6.5,82,95.0,47.5,2.0575263500213623,0,1.0461120072258525,1.6947942972183228,1.165839990490731,83,lr_ppo_seed56,lr_ppo,LR-PPO,56
77608,soldier_caught,0,1,0,0,38,17,8.5,21,,,1.37599515914917,0,1.0616762665185062,2.639756441116333,1.1440812259807351,22,lr_ppo_seed56,lr_ppo,LR-PPO,56
77609,intercepted,1,0,0,0,103,17,8.5,86,103.0,51.5,2.333867311477661,0,1.186482346948536,0.5527466535568237,1.2601294364933684,87,lr_ppo_seed56,lr_ppo,LR-PPO,56
77610,soldier_caught,0,1,0,0,48,16,8.0,32,,,1.6386789083480835,0,1.1366254317037987,1.506945252418518,1.2438778791062064,33,lr_ppo_seed56,lr_ppo,LR-PPO,56
77611,intercepted,1,0,0,0,96,12,6.0,84,96.0,48.0,2.850019931793213,0,1.1311662901850308,0.5477879047393799,1.2247335350261015,85,lr_ppo_seed56,lr_ppo,LR-PPO,56
77612,soldier_caught,0,1,0,0,29,12,6.0,17,,,1.2236628532409668,0,1.291484574476878,1.3521701097488403,1.3489558145918499,18,lr_ppo_seed56,lr_ppo,LR-PPO,56
77613,soldier_caught,0,1,0,0,53,13,6.5,40,,,1.5430858135223389,0,1.2131253568137563,1.4854800701141357,1.310345012349533,41,lr_ppo_seed56,lr_ppo,LR-PPO,56
77614,intercepted,1,0,0,0,47,24,12.0,23,47.0,23.5,2.3920669555664062,0,1.042367186397314,0.8024736046791077,1.1368907508800241,24,lr_ppo_seed56,lr_ppo,LR-PPO,56
77615,soldier_caught,0,1,0,0,149,14,7.0,135,,,1.3576422929763794,0,1.1565630717531723,2.0683600902557373,1.2582540206651969,136,lr_ppo_seed56,lr_ppo,LR-PPO,56
77616,soldier_caught,0,1,0,0,284,19,9.5,265,,,1.447910189628601,0,1.0844702877496417,0.6518810987472534,1.1984528057409345,266,lr_ppo_seed56,lr_ppo,LR-PPO,56
77617,intercepted,1,0,0,0,86,16,8.0,70,86.0,43.0,2.3959200382232666,0,1.1421630191551129,1.9174219369888306,1.211652462564256,71,lr_ppo_seed56,lr_ppo,LR-PPO,56
77618,soldier_caught,0,1,0,0,124,15,7.5,109,,,0.9281635284423828,0,1.1774696938016198,0.9704765677452087,1.2918399617496346,110,lr_ppo_seed56,lr_ppo,LR-PPO,56
77619,soldier_caught,0,1,0,0,27,23,11.5,4,,,1.877614140510559,0,1.3905011057853698,1.295197606086731,1.6046426029353664,5,lr_ppo_seed56,lr_ppo,LR-PPO,56
77620,intercepted,1,0,0,0,142,11,5.5,131,142.0,71.0,3.865596294403076,0,1.1414833612965816,0.6101855039596558,1.2349409786062744,132,lr_ppo_seed56,lr_ppo,LR-PPO,56
77621,intercepted,1,0,0,0,19,17,8.5,2,19.0,9.5,5.342291831970215,0,1.2685537735621135,1.1046723127365112,1.2739103779686476,3,lr_ppo_seed56,lr_ppo,LR-PPO,56
77622,soldier_caught,0,1,0,0,48,14,7.0,34,,,0.9572029709815979,0,1.099137420313699,1.3195286989212036,1.1764925372635655,35,lr_ppo_seed56,lr_ppo,LR-PPO,56
77623,soldier_caught,0,1,0,0,68,11,5.5,57,,,1.438561201095581,0,1.0830222334841202,1.071361780166626,1.1929060385437191,58,lr_ppo_seed56,lr_ppo,LR-PPO,56
77624,soldier_caught,0,1,0,0,35,17,8.5,18,,,0.7077454328536987,0,1.1157577602486861,1.0203334093093872,1.1793350018999134,19,lr_ppo_seed56,lr_ppo,LR-PPO,56
77625,soldier_caught,0,1,0,0,63,17,8.5,46,,,1.4509050846099854,0,1.1292455627563152,1.1835774183273315,1.2140800757724202,47,lr_ppo_seed56,lr_ppo,LR-PPO,56
77626,intercepted,1,0,0,0,89,23,11.5,66,89.0,44.5,5.388450622558594,0,1.19445025965349,1.558779001235962,1.2943349634048271,67,lr_ppo_seed56,lr_ppo,LR-PPO,56
77627,intercepted,1,0,0,0,370,23,11.5,347,370.0,185.0,2.171884775161743,0,1.137801970858341,1.3681671619415283,1.2379322192226216,348,lr_ppo_seed56,lr_ppo,LR-PPO,56
77628,intercepted,1,0,0,0,112,17,8.5,95,112.0,56.0,2.6245994567871094,0,1.1576024836394936,1.309085488319397,1.2633759995464622,96,lr_ppo_seed56,lr_ppo,LR-PPO,56
77629,intercepted,1,0,0,0,28,26,13.0,2,28.0,14.0,6.90805196762085,0,0.9801439046859741,1.1897720098495483,0.9913950856102359,3,lr_ppo_seed56,lr_ppo,LR-PPO,56
77630,soldier_caught,0,1,0,0,23,19,9.5,4,,,0.9081276655197144,0,1.0727393269538879,1.7250441312789917,1.1673357009298924,5,lr_ppo_seed56,lr_ppo,LR-PPO,56
77631,intercepted,1,0,0,0,21,19,9.5,2,21.0,10.5,8.259803771972656,0,1.4339904586474101,1.2621296644210815,1.5074561650160034,3,lr_ppo_seed56,lr_ppo,LR-PPO,56
77632,intercepted,1,0,0,0,106,14,7.0,92,106.0,53.0,5.532616138458252,0,1.0982116310987422,1.1859891414642334,1.1803084931704406,93,lr_ppo_seed56,lr_ppo,LR-PPO,56
77633,intercepted,1,0,0,0,420,17,8.5,403,420.0,210.0,2.0297505855560303,0,1.1317438494303438,0.982064962387085,1.225385883893505,404,lr_ppo_seed56,lr_ppo,LR-PPO,56
77634,intercepted,1,0,0,0,141,11,5.5,130,141.0,70.5,2.8456192016601562,0,1.1615060822654317,1.2728216648101807,1.2589114081696093,131,lr_ppo_seed56,lr_ppo,LR-PPO,56
77635,soldier_caught,0,1,0,0,46,18,9.0,28,,,1.6908773183822632,0,1.101073209581704,1.3552360534667969,1.1804948283858803,29,lr_ppo_seed56,lr_ppo,LR-PPO,56
77636,intercepted,1,0,0,0,43,18,9.0,25,43.0,21.5,4.462292671203613,0,0.9916153659041111,0.5555979013442993,1.0871189580789151,26,lr_ppo_seed56,lr_ppo,LR-PPO,56
77637,soldier_caught,0,1,0,0,132,15,7.5,117,,,1.366747498512268,0,1.1564476756473718,0.6019338965415955,1.2270952564342374,118,lr_ppo_seed56,lr_ppo,LR-PPO,56
77638,soldier_caught,0,1,0,0,62,17,8.5,45,,,1.483445405960083,0,1.1957684693777042,1.7478058338165283,1.2821815360285607,46,lr_ppo_seed56,lr_ppo,LR-PPO,56
77639,intercepted,1,0,0,0,133,18,9.0,115,133.0,66.5,3.490407705307007,0,1.1242550137484897,1.2113664150238037,1.2310267104515762,116,lr_ppo_seed56,lr_ppo,LR-PPO,56
77640,intercepted,1,0,0,0,62,19,9.5,43,62.0,31.0,2.8839731216430664,0,1.1422609656371854,1.5580472946166992,1.260824911994053,44,lr_ppo_seed56,lr_ppo,LR-PPO,56
77641,intercepted,1,0,0,0,133,14,7.0,119,133.0,66.5,3.1378586292266846,0,1.1848225456972916,1.2192902565002441,1.2701274836521357,120,lr_ppo_seed56,lr_ppo,LR-PPO,56
77642,intercepted,1,0,0,0,66,15,7.5,51,66.0,33.0,2.9825549125671387,0,1.0981103055752242,0.5373817682266235,1.1878165311558757,52,lr_ppo_seed56,lr_ppo,LR-PPO,56
77643,soldier_caught,0,1,0,0,368,14,7.0,354,,,1.761162519454956,0,1.113115061882516,2.1956429481506348,1.2096434989938218,355,lr_ppo_seed56,lr_ppo,LR-PPO,56
77644,soldier_caught,0,1,0,0,248,26,13.0,222,,,1.9014866352081299,0,1.1688417353972191,0.265749990940094,1.2643430982378465,223,lr_ppo_seed56,lr_ppo,LR-PPO,56
77645,intercepted,1,0,0,0,123,13,6.5,110,123.0,61.5,5.022205829620361,0,1.132212796458253,0.7011947631835938,1.2276234401655146,111,lr_ppo_seed56,lr_ppo,LR-PPO,56
77646,intercepted,1,0,0,0,167,14,7.0,153,167.0,83.5,4.162335395812988,0,1.1202732293636768,1.3810720443725586,1.2047637691495618,154,lr_ppo_seed56,lr_ppo,LR-PPO,56
77647,intercepted,1,0,0,0,22,20,10.0,2,22.0,11.0,4.62350606918335,0,0.8243158260981241,1.1866240501403809,0.8703868447384044,3,lr_ppo_seed56,lr_ppo,LR-PPO,56
77648,intercepted,1,0,0,0,102,13,6.5,89,102.0,51.0,4.802292823791504,0,1.1666105571720335,1.0215047597885132,1.2546845957511539,90,lr_ppo_seed56,lr_ppo,LR-PPO,56
77649,intercepted,1,0,0,0,41,16,8.0,25,41.0,20.5,4.098796367645264,0,1.127852710393759,0.6175094842910767,1.2051073735682452,26,lr_ppo_seed56,lr_ppo,LR-PPO,56
77650,intercepted,1,0,0,0,68,21,10.5,47,68.0,34.0,4.579710483551025,0,1.0653444721053045,1.7463407516479492,1.1872707550126382,48,lr_ppo_seed56,lr_ppo,LR-PPO,56
77651,intercepted,1,0,0,0,230,17,8.5,213,230.0,115.0,3.7126669883728027,0,1.1671867757060816,1.093166708946228,1.2508567081099324,214,lr_ppo_seed56,lr_ppo,LR-PPO,56
77652,intercepted,1,0,0,0,58,15,7.5,43,58.0,29.0,6.926169395446777,0,1.108317642049356,1.142290472984314,1.188068164152353,44,lr_ppo_seed56,lr_ppo,LR-PPO,56
77653,intercepted,1,0,0,0,94,20,10.0,74,94.0,47.0,2.396216869354248,0,1.1944605656464895,0.8548786044120789,1.2983120752081765,75,lr_ppo_seed56,lr_ppo,LR-PPO,56
77654,intercepted,1,0,0,0,17,15,7.5,2,17.0,8.5,7.3310465812683105,0,1.2570248047510784,0.6113252639770508,1.3463311251745669,3,lr_ppo_seed56,lr_ppo,LR-PPO,56
77655,soldier_caught,0,1,0,0,92,12,6.0,80,,,0.5131431818008423,0,1.1766561920996066,0.587002694606781,1.2732109519664052,81,lr_ppo_seed56,lr_ppo,LR-PPO,56
77656,intercepted,1,0,0,0,129,21,10.5,108,129.0,64.5,3.6078665256500244,0,1.1780329297441956,0.9326943159103394,1.2599403608935207,109,lr_ppo_seed56,lr_ppo,LR-PPO,56
77657,soldier_caught,0,1,0,0,52,13,6.5,39,,,1.1139458417892456,0,1.0296498537063599,1.2459897994995117,1.1065055652049203,40,lr_ppo_seed56,lr_ppo,LR-PPO,56
77658,soldier_caught,0,1,0,0,131,14,7.0,117,,,1.964638113975525,0,1.0905376147415677,1.9368066787719727,1.1808502593900132,118,lr_ppo_seed56,lr_ppo,LR-PPO,56
77659,soldier_caught,0,1,0,0,91,12,6.0,79,,,1.1401276588439941,0,1.1245218627154827,1.4136056900024414,1.2311666828999361,80,lr_ppo_seed56,lr_ppo,LR-PPO,56
77660,intercepted,1,0,0,0,80,13,6.5,67,80.0,40.0,4.0536208152771,0,1.1775555481367252,0.19527043402194977,1.2822392431091867,68,lr_ppo_seed56,lr_ppo,LR-PPO,56
77661,soldier_caught,0,1,0,0,112,18,9.0,94,,,1.1581535339355469,0,1.1297420369559212,0.7247397899627686,1.2461576180079335,95,lr_ppo_seed56,lr_ppo,LR-PPO,56
77662,intercepted,1,0,0,0,88,24,12.0,64,88.0,44.0,3.404752731323242,0,1.0767899345893126,0.8124489188194275,1.1809215979097023,65,lr_ppo_seed56,lr_ppo,LR-PPO,56
77663,intercepted,1,0,0,0,134,17,8.5,117,134.0,67.0,3.7520880699157715,0,1.1587519835112459,0.6481244564056396,1.263052092949492,118,lr_ppo_seed56,lr_ppo,LR-PPO,56
77664,intercepted,1,0,0,0,171,15,7.5,156,171.0,85.5,2.630716562271118,0,1.1377053410763953,0.7496508955955505,1.2201510999334435,157,lr_ppo_seed56,lr_ppo,LR-PPO,56
77665,intercepted,1,0,0,0,66,22,11.0,44,66.0,33.0,5.6607666015625,0,1.0500008510218726,1.0710911750793457,1.1095087991151045,45,lr_ppo_seed56,lr_ppo,LR-PPO,56
77666,intercepted,1,0,0,0,64,21,10.5,43,64.0,32.0,6.332940101623535,0,1.1039674817161127,1.0064698457717896,1.2074262226275505,44,lr_ppo_seed56,lr_ppo,LR-PPO,56
77667,soldier_caught,0,1,0,0,309,19,9.5,290,,,1.549476146697998,0,1.1097091030828732,0.9943113923072815,1.1921294508489277,291,lr_ppo_seed56,lr_ppo,LR-PPO,56
77668,soldier_caught,0,1,0,0,28,22,11.0,6,,,0.9455968141555786,0,1.1040552343641008,1.3566583395004272,1.1626289572999442,7,lr_ppo_seed56,lr_ppo,LR-PPO,56
77669,soldier_caught,0,1,0,0,79,14,7.0,65,,,1.3578228950500488,0,1.0757361180854565,1.92861807346344,1.1683217114731552,66,lr_ppo_seed56,lr_ppo,LR-PPO,56
77670,intercepted,1,0,0,0,190,14,7.0,176,190.0,95.0,2.715172290802002,0,1.0937401791245251,0.38367995619773865,1.1936728678286388,177,lr_ppo_seed56,lr_ppo,LR-PPO,56
77671,soldier_caught,0,1,0,0,96,18,9.0,78,,,0.5968498587608337,0,1.0956975597935388,0.845744788646698,1.1777703298863627,79,lr_ppo_seed56,lr_ppo,LR-PPO,56
77672,soldier_caught,0,1,0,0,97,16,8.0,81,,,1.327987551689148,0,1.090008214297818,0.9523745775222778,1.1688895351328807,82,lr_ppo_seed56,lr_ppo,LR-PPO,56
77673,unsafe_intercept,0,0,1,0,171,13,6.5,158,,,2.736177921295166,0,1.1157257326369017,0.9481828808784485,1.2184270342547452,159,lr_ppo_seed56,lr_ppo,LR-PPO,56
77674,soldier_caught,0,1,0,0,32,12,6.0,20,,,1.050351619720459,0,1.2350606350671678,1.4415926933288574,1.362210221737178,21,lr_ppo_seed56,lr_ppo,LR-PPO,56
77675,soldier_caught,0,1,0,0,140,17,8.5,123,,,1.0897421836853027,0,1.234747497785476,1.784785270690918,1.343851165768129,124,lr_ppo_seed56,lr_ppo,LR-PPO,56
77676,intercepted,1,0,0,0,99,11,5.5,88,99.0,49.5,2.16428279876709,0,1.2587406598450093,1.5538419485092163,1.3671936649038818,89,lr_ppo_seed56,lr_ppo,LR-PPO,56
77677,soldier_caught,0,1,0,0,38,14,7.0,24,,,1.7075482606887817,0,1.1132030522823333,1.2292466163635254,1.208710689506366,25,lr_ppo_seed56,lr_ppo,LR-PPO,56
77678,soldier_caught,0,1,0,0,84,15,7.5,69,,,1.5821831226348877,0,1.1394342124462127,0.6660593748092651,1.2238770191773067,70,lr_ppo_seed56,lr_ppo,LR-PPO,56
77679,soldier_caught,0,1,0,0,102,17,8.5,85,,,1.9158217906951904,0,1.1346596475950508,0.4519895315170288,1.2236066714756941,86,lr_ppo_seed56,lr_ppo,LR-PPO,56
77680,soldier_caught,0,1,0,0,70,13,6.5,57,,,1.7231054306030273,0,1.1598209774699704,1.735550045967102,1.2512462235822415,58,lr_ppo_seed56,lr_ppo,LR-PPO,56
77681,intercepted,1,0,0,0,22,20,10.0,2,22.0,11.0,4.564904689788818,0,1.1357360184192657,1.689694881439209,1.241841522909274,3,lr_ppo_seed56,lr_ppo,LR-PPO,56
77682,unsafe_intercept,0,0,1,0,89,19,9.5,70,,,2.749002695083618,0,1.2773054210652768,2.3789355754852295,1.3835157050803368,71,lr_ppo_seed56,lr_ppo,LR-PPO,56
77683,soldier_caught,0,1,0,0,264,14,7.0,250,,,0.5462543964385986,0,1.1232397533151732,1.0718482732772827,1.2239765908736617,251,lr_ppo_seed56,lr_ppo,LR-PPO,56
77684,intercepted,1,0,0,0,16,14,7.0,2,16.0,8.0,6.575058937072754,0,0.8674769004185995,1.0682131052017212,0.923466735588824,3,lr_ppo_seed56,lr_ppo,LR-PPO,56
77685,soldier_caught,0,1,0,0,73,12,6.0,61,,,1.3983290195465088,0,1.0814709278845018,1.8025484085083008,1.1820086591284744,62,lr_ppo_seed56,lr_ppo,LR-PPO,56
77686,intercepted,1,0,0,0,82,19,9.5,63,82.0,41.0,2.48393177986145,0,1.141206204192713,0.9959302544593811,1.2222365237108863,64,lr_ppo_seed56,lr_ppo,LR-PPO,56
77687,intercepted,1,0,0,0,148,18,9.0,130,148.0,74.0,4.818525314331055,0,1.1674867819511254,2.053619623184204,1.2580719502971043,131,lr_ppo_seed56,lr_ppo,LR-PPO,56
77688,intercepted,1,0,0,0,227,13,6.5,214,227.0,113.5,2.8608455657958984,0,1.1215536121019096,0.5793723464012146,1.2195131922921374,215,lr_ppo_seed56,lr_ppo,LR-PPO,56
77689,intercepted,1,0,0,0,64,17,8.5,47,64.0,32.0,5.213655471801758,0,1.1448575826361775,1.3875559568405151,1.2555150675520224,48,lr_ppo_seed56,lr_ppo,LR-PPO,56
77690,soldier_caught,0,1,0,0,200,14,7.0,186,,,1.9643019437789917,0,1.132756225804594,0.6367009282112122,1.231526761617372,187,lr_ppo_seed56,lr_ppo,LR-PPO,56
77691,soldier_caught,0,1,0,0,37,17,8.5,20,,,1.314012885093689,0,1.0982467092218853,0.8807123303413391,1.1830900214714781,21,lr_ppo_seed56,lr_ppo,LR-PPO,56
77692,intercepted,1,0,0,0,302,16,8.0,286,302.0,151.0,2.2520525455474854,0,1.0887943929392285,1.1802749633789062,1.1841013775119742,287,lr_ppo_seed56,lr_ppo,LR-PPO,56
77693,intercepted,1,0,0,0,46,18,9.0,28,46.0,23.0,3.0875866413116455,0,0.9538002091235128,1.0228044986724854,1.0538726996236987,29,lr_ppo_seed56,lr_ppo,LR-PPO,56
77694,intercepted,1,0,0,0,57,14,7.0,43,57.0,28.5,5.158024311065674,0,1.1825772882862524,0.4162730574607849,1.2559566241351197,44,lr_ppo_seed56,lr_ppo,LR-PPO,56
77695,intercepted,1,0,0,0,64,16,8.0,48,64.0,32.0,2.6990649700164795,0,1.069462537765503,1.8210315704345703,1.2014076728661933,49,lr_ppo_seed56,lr_ppo,LR-PPO,56
77696,intercepted,1,0,0,0,105,14,7.0,91,105.0,52.5,4.11276912689209,0,1.102832846991394,2.029040813446045,1.2070872462784716,92,lr_ppo_seed56,lr_ppo,LR-PPO,56
77697,soldier_caught,0,1,0,0,167,14,7.0,153,,,1.6294305324554443,0,1.048071469192381,0.6700798869132996,1.1368582714849962,154,lr_ppo_seed56,lr_ppo,LR-PPO,56
77698,intercepted,1,0,0,0,14,12,6.0,2,14.0,7.0,7.9049224853515625,0,1.281654377778371,0.7965678572654724,1.35596443851629,3,lr_ppo_seed56,lr_ppo,LR-PPO,56
77699,intercepted,1,0,0,0,70,16,8.0,54,70.0,35.0,4.442023277282715,0,1.1763873972676018,1.5284171104431152,1.277428169259667,55,lr_ppo_seed56,lr_ppo,LR-PPO,56
77700,soldier_caught,0,1,0,0,38,33,16.5,5,,,1.4782615900039673,0,1.1694701810677846,1.696205973625183,1.22821750307409,6,lr_ppo_seed56,lr_ppo,LR-PPO,56
77701,intercepted,1,0,0,0,149,19,9.5,130,149.0,74.5,2.876455783843994,0,1.1642671424241466,0.47190457582473755,1.2593395728963765,131,lr_ppo_seed56,lr_ppo,LR-PPO,56
77702,soldier_caught,0,1,0,0,32,20,10.0,12,,,1.4259999990463257,0,1.0767957109671373,1.892404556274414,1.1589034269479137,13,lr_ppo_seed56,lr_ppo,LR-PPO,56
77703,soldier_caught,0,1,0,0,97,16,8.0,81,,,1.9482554197311401,0,1.0728333870448716,1.1439286470413208,1.1424276364987669,82,lr_ppo_seed56,lr_ppo,LR-PPO,56
77704,intercepted,1,0,0,0,25,23,11.5,2,25.0,12.5,5.996675491333008,0,0.5620523790518442,0.4423869550228119,0.584750127388441,3,lr_ppo_seed56,lr_ppo,LR-PPO,56
77705,intercepted,1,0,0,0,508,17,8.5,491,508.0,254.0,2.005462646484375,0,1.1183192601230572,0.6229811310768127,1.2217338792769723,492,lr_ppo_seed56,lr_ppo,LR-PPO,56
77706,intercepted,1,0,0,0,45,23,11.5,22,45.0,22.5,8.666824340820312,0,1.082049159900002,1.5144790410995483,1.178526784646119,23,lr_ppo_seed56,lr_ppo,LR-PPO,56
77707,soldier_caught,0,1,0,0,59,20,10.0,39,,,1.6832977533340454,0,1.2111459530889988,0.9148259162902832,1.2932983826680955,40,lr_ppo_seed56,lr_ppo,LR-PPO,56
77708,intercepted,1,0,0,0,206,27,13.5,179,206.0,103.0,2.3722620010375977,0,1.1338197664254241,1.3481885194778442,1.2218464766806196,180,lr_ppo_seed56,lr_ppo,LR-PPO,56
77709,intercepted,1,0,0,0,64,13,6.5,51,64.0,32.0,2.0877771377563477,0,1.1672882391856267,0.6782217025756836,1.276453492367626,52,lr_ppo_seed56,lr_ppo,LR-PPO,56
77710,intercepted,1,0,0,0,54,11,5.5,43,54.0,27.0,4.2014689445495605,0,1.138334367085587,1.0504121780395508,1.2857585088201828,44,lr_ppo_seed56,lr_ppo,LR-PPO,56
77711,intercepted,1,0,0,0,41,15,7.5,26,41.0,20.5,7.0564494132995605,0,1.0872898708890986,0.5047212839126587,1.1792577607011892,27,lr_ppo_seed56,lr_ppo,LR-PPO,56
77712,intercepted,1,0,0,0,43,20,10.0,23,43.0,21.5,3.0440478324890137,0,1.129025734340151,0.8138788938522339,1.2083969582633347,24,lr_ppo_seed56,lr_ppo,LR-PPO,56
77713,intercepted,1,0,0,0,124,15,7.5,109,124.0,62.0,4.118483066558838,0,1.1880420111797072,1.0296739339828491,1.2735198641515886,110,lr_ppo_seed56,lr_ppo,LR-PPO,56
77714,soldier_caught,0,1,0,0,107,14,7.0,93,,,1.7881206274032593,0,1.12303622827885,1.1668367385864258,1.2130235548097454,94,lr_ppo_seed56,lr_ppo,LR-PPO,56
77715,soldier_caught,0,1,0,0,24,14,7.0,10,,,1.9127700328826904,0,1.0377405881881714,1.8522005081176758,1.1596454725826133,11,lr_ppo_seed56,lr_ppo,LR-PPO,56
77716,intercepted,1,0,0,0,25,23,11.5,2,25.0,12.5,6.68829345703125,0,1.1716527144114177,1.5367988348007202,1.223015662681178,3,lr_ppo_seed56,lr_ppo,LR-PPO,56
77717,soldier_caught,0,1,0,0,48,21,10.5,27,,,1.2200751304626465,0,1.159091740846634,0.5876500010490417,1.23544433984981,28,lr_ppo_seed56,lr_ppo,LR-PPO,56
77718,intercepted,1,0,0,0,191,28,14.0,163,191.0,95.5,2.7061398029327393,0,1.1021534207663157,0.8188580870628357,1.1885723122189724,164,lr_ppo_seed56,lr_ppo,LR-PPO,56
77719,intercepted,1,0,0,0,19,17,8.5,2,19.0,9.5,5.603617191314697,0,1.6280370752016704,1.737959623336792,1.7191652852197277,3,lr_ppo_seed56,lr_ppo,LR-PPO,56
77720,intercepted,1,0,0,0,82,20,10.0,62,82.0,41.0,4.297433853149414,0,1.062072214862657,1.6591776609420776,1.1253109205250802,63,lr_ppo_seed56,lr_ppo,LR-PPO,56
77721,intercepted,1,0,0,0,94,26,13.0,68,94.0,47.0,2.5943267345428467,0,1.2131573728461196,1.0309430360794067,1.3103468392905844,69,lr_ppo_seed56,lr_ppo,LR-PPO,56
77722,intercepted,1,0,0,0,134,14,7.0,120,134.0,67.0,3.1340980529785156,0,1.1623491751999895,1.2518351078033447,1.2642400459698777,121,lr_ppo_seed56,lr_ppo,LR-PPO,56
77723,intercepted,1,0,0,0,81,17,8.5,64,81.0,40.5,5.822202205657959,0,1.265136638512978,0.283229261636734,1.3672583413133872,65,lr_ppo_seed56,lr_ppo,LR-PPO,56
77724,intercepted,1,0,0,0,146,16,8.0,130,146.0,73.0,3.736542224884033,0,1.169241237617631,1.2027361392974854,1.2531984043439952,131,lr_ppo_seed56,lr_ppo,LR-PPO,56
77725,soldier_caught,0,1,0,0,61,18,9.0,43,,,1.932041049003601,0,1.0632427734407512,0.6449227333068848,1.1491971494731608,44,lr_ppo_seed56,lr_ppo,LR-PPO,56
77726,intercepted,1,0,0,0,118,13,6.5,105,118.0,59.0,3.0134520530700684,0,1.1988424581457984,0.7489632964134216,1.2889087773063732,106,lr_ppo_seed56,lr_ppo,LR-PPO,56
77727,soldier_caught,0,1,0,0,166,21,10.5,145,,,1.750868797302246,0,1.12344123514956,1.640782356262207,1.2048639693200944,146,lr_ppo_seed56,lr_ppo,LR-PPO,56
77728,intercepted,1,0,0,0,42,17,8.5,25,42.0,21.0,2.666369676589966,0,1.0696349292993546,1.5245293378829956,1.1520434733698521,26,lr_ppo_seed56,lr_ppo,LR-PPO,56
77729,intercepted,1,0,0,0,19,17,8.5,2,19.0,9.5,6.507511138916016,0,0.8539104660352071,0.6636298894882202,0.8720242317246636,3,lr_ppo_seed56,lr_ppo,LR-PPO,56
77730,intercepted,1,0,0,0,21,19,9.5,2,21.0,10.5,3.985353946685791,0,1.8719967206319172,2.8297336101531982,2.0078715755931524,3,lr_ppo_seed56,lr_ppo,LR-PPO,56
77731,intercepted,1,0,0,0,67,16,8.0,51,67.0,33.5,3.115980386734009,0,1.1105575521404927,0.9578217267990112,1.2085776968615236,52,lr_ppo_seed56,lr_ppo,LR-PPO,56
77732,intercepted,1,0,0,0,84,15,7.5,69,84.0,42.0,3.005370855331421,0,1.1445530899933407,1.6518385410308838,1.2181294130080604,70,lr_ppo_seed56,lr_ppo,LR-PPO,56
77733,intercepted,1,0,0,0,63,16,8.0,47,63.0,31.5,6.043830871582031,0,1.222471246495843,1.9162334203720093,1.2971558710580358,48,lr_ppo_seed56,lr_ppo,LR-PPO,56
77734,soldier_caught,0,1,0,0,77,18,9.0,59,,,1.0730781555175781,0,1.1851417352755864,0.7473006248474121,1.2810512897442758,60,lr_ppo_seed56,lr_ppo,LR-PPO,56
77735,soldier_caught,0,1,0,0,41,17,8.5,24,,,1.2879198789596558,0,1.2035887324810028,0.602364718914032,1.3193283057428649,25,lr_ppo_seed56,lr_ppo,LR-PPO,56
77736,intercepted,1,0,0,0,41,16,8.0,25,41.0,20.5,2.451927900314331,0,1.1638708607508585,0.9790458679199219,1.2710256904448776,26,lr_ppo_seed56,lr_ppo,LR-PPO,56
77737,soldier_caught,0,1,0,0,60,21,10.5,39,,,1.6162527799606323,0,1.176009587198496,1.2948932647705078,1.2840662089760524,40,lr_ppo_seed56,lr_ppo,LR-PPO,56
77738,intercepted,1,0,0,0,42,17,8.5,25,42.0,21.0,2.699242353439331,0,0.9648070518787091,0.670974612236023,1.0137671227087184,26,lr_ppo_seed56,lr_ppo,LR-PPO,56
77739,soldier_caught,0,1,0,0,15,12,6.0,3,,,1.354185700416565,0,1.0465165823698044,1.9241985082626343,1.19170602117225,4,lr_ppo_seed56,lr_ppo,LR-PPO,56
77740,intercepted,1,0,0,0,15,13,6.5,2,15.0,7.5,6.531652927398682,0,1.1800610621770222,1.0245548486709595,1.1903127991576414,3,lr_ppo_seed56,lr_ppo,LR-PPO,56
77741,intercepted,1,0,0,0,32,30,15.0,2,32.0,16.0,3.7531325817108154,0,1.4102839628855388,1.2730085849761963,1.427994080163398,3,lr_ppo_seed56,lr_ppo,LR-PPO,56
77742,soldier_caught,0,1,0,0,64,21,10.5,43,,,0.2846035659313202,0,1.2321498031643303,1.789003849029541,1.3310083681802531,44,lr_ppo_seed56,lr_ppo,LR-PPO,56
77743,intercepted,1,0,0,0,63,13,6.5,50,63.0,31.5,7.909893035888672,0,1.1927270027352315,0.41686275601387024,1.285475877407376,51,lr_ppo_seed56,lr_ppo,LR-PPO,56
77744,intercepted,1,0,0,0,189,19,9.5,170,189.0,94.5,3.5187036991119385,0,1.1669819361546583,1.0098875761032104,1.2628242446302005,171,lr_ppo_seed56,lr_ppo,LR-PPO,56
77745,soldier_caught,0,1,0,0,114,15,7.5,99,,,1.817866563796997,0,1.1656315490603446,1.070130705833435,1.270480892429197,100,lr_ppo_seed56,lr_ppo,LR-PPO,56
77746,soldier_caught,0,1,0,0,110,23,11.5,87,,,1.6178908348083496,0,1.0989059623838826,1.2114272117614746,1.1997517241614508,88,lr_ppo_seed56,lr_ppo,LR-PPO,56
77747,intercepted,1,0,0,0,14,12,6.0,2,14.0,7.0,6.4084954261779785,0,1.117304841677348,0.699669361114502,1.1647401345707007,3,lr_ppo_seed56,lr_ppo,LR-PPO,56
77748,intercepted,1,0,0,0,94,20,10.0,74,94.0,47.0,2.0786192417144775,0,0.9573378884792327,1.93569815158844,1.055400148194371,75,lr_ppo_seed56,lr_ppo,LR-PPO,56
77749,intercepted,1,0,0,0,118,23,11.5,95,118.0,59.0,2.363346815109253,0,1.1262838064382474,1.4263529777526855,1.229618080712421,96,lr_ppo_seed56,lr_ppo,LR-PPO,56
77750,intercepted,1,0,0,0,21,19,9.5,2,21.0,10.5,5.598237037658691,0,1.781227946281433,1.752156376838684,1.7857105596045775,3,lr_ppo_seed56,lr_ppo,LR-PPO,56
77751,intercepted,1,0,0,0,81,16,8.0,65,81.0,40.5,3.500838279724121,0,1.0758090269836513,1.1456334590911865,1.1824256109817215,66,lr_ppo_seed56,lr_ppo,LR-PPO,56
77752,intercepted,1,0,0,0,69,21,10.5,48,69.0,34.5,4.301012992858887,0,1.105817867785084,1.4758349657058716,1.156962873812201,49,lr_ppo_seed56,lr_ppo,LR-PPO,56
77753,soldier_caught,0,1,0,0,19,16,8.0,3,,,1.955305576324463,0,1.1791777610778809,1.0791577100753784,1.1879156076490127,4,lr_ppo_seed56,lr_ppo,LR-PPO,56
77754,intercepted,1,0,0,0,156,22,11.0,134,156.0,78.0,2.0438802242279053,0,1.131771676297541,0.7217227220535278,1.2367099672661301,135,lr_ppo_seed56,lr_ppo,LR-PPO,56
77755,soldier_caught,0,1,0,0,43,20,10.0,23,,,1.9576579332351685,0,1.4171833569804828,1.184515118598938,1.531984057660176,24,lr_ppo_seed56,lr_ppo,LR-PPO,56
77756,soldier_caught,0,1,0,0,56,20,10.0,36,,,1.261873722076416,0,1.2503091862072815,1.2076020240783691,1.3437694508466849,37,lr_ppo_seed56,lr_ppo,LR-PPO,56
77757,intercepted,1,0,0,0,86,26,13.0,60,86.0,43.0,2.6582510471343994,0,1.1234809736736486,1.7871366739273071,1.2053929158693737,61,lr_ppo_seed56,lr_ppo,LR-PPO,56
77758,soldier_caught,0,1,0,0,108,24,12.0,84,,,0.7461047172546387,0,1.1478267880047068,1.4013909101486206,1.2431167637894995,85,lr_ppo_seed56,lr_ppo,LR-PPO,56
77759,intercepted,1,0,0,0,15,13,6.5,2,15.0,7.5,3.9013547897338867,0,1.1868135531743367,0.6462754011154175,1.2476577663738933,3,lr_ppo_seed56,lr_ppo,LR-PPO,56
77760,soldier_caught,0,1,0,0,38,20,10.0,18,,,0.8088867664337158,0,1.1393659036410482,0.6817523837089539,1.2003489743369178,19,lr_ppo_seed56,lr_ppo,LR-PPO,56
77761,intercepted,1,0,0,0,33,12,6.0,21,33.0,16.5,7.938633918762207,0,1.310965360565619,1.8344662189483643,1.4398295033830302,22,lr_ppo_seed56,lr_ppo,LR-PPO,56
77762,soldier_caught,0,1,0,0,20,16,8.0,4,,,1.7205917835235596,0,1.221914565563202,1.2966651916503906,1.2498761931583846,5,lr_ppo_seed56,lr_ppo,LR-PPO,56
77763,soldier_caught,0,1,0,0,19,15,7.5,4,,,1.8689489364624023,0,1.412217950820923,1.4074602127075195,1.4352878173346795,5,lr_ppo_seed56,lr_ppo,LR-PPO,56
77764,soldier_caught,0,1,0,0,75,16,8.0,59,,,1.6649153232574463,0,1.143401358028253,0.9200729131698608,1.2405240446574206,60,lr_ppo_seed56,lr_ppo,LR-PPO,56
77765,intercepted,1,0,0,0,93,12,6.0,81,93.0,46.5,5.055036544799805,0,1.087982000192491,2.1238505840301514,1.167452348629299,82,lr_ppo_seed56,lr_ppo,LR-PPO,56
77766,intercepted,1,0,0,0,18,16,8.0,2,18.0,9.0,6.712234973907471,0,0.7583197156588236,0.7065842747688293,0.7611782117089156,3,lr_ppo_seed56,lr_ppo,LR-PPO,56
77767,intercepted,1,0,0,0,251,15,7.5,236,251.0,125.5,2.5074644088745117,0,1.1227109141427756,1.1674047708511353,1.2382007751057174,237,lr_ppo_seed56,lr_ppo,LR-PPO,56
77768,unsafe_intercept,0,0,1,0,24,22,11.0,2,,,2.6244654655456543,0,1.1339641014734905,0.9597772359848022,1.142732570448583,3,lr_ppo_seed56,lr_ppo,LR-PPO,56
77769,soldier_caught,0,1,0,0,307,20,10.0,287,,,1.169861078262329,0,1.154239641243799,0.5040505528450012,1.238278916867938,288,lr_ppo_seed56,lr_ppo,LR-PPO,56
77770,intercepted,1,0,0,0,38,14,7.0,24,38.0,19.0,3.506882905960083,0,1.1919345021247865,1.1201872825622559,1.3436307825705742,25,lr_ppo_seed56,lr_ppo,LR-PPO,56
77771,soldier_caught,0,1,0,0,17,12,6.0,5,,,1.9375983476638794,0,0.830812523762385,0.7863656878471375,0.8469721691245178,6,lr_ppo_seed56,lr_ppo,LR-PPO,56
77772,intercepted,1,0,0,0,24,22,11.0,2,24.0,12.0,4.068606376647949,0,0.9715986251831055,0.9949019551277161,0.9853263669132708,3,lr_ppo_seed56,lr_ppo,LR-PPO,56
77773,intercepted,1,0,0,0,69,19,9.5,50,69.0,34.5,4.805021286010742,0,1.0649176660706015,1.378653883934021,1.1758905808943512,51,lr_ppo_seed56,lr_ppo,LR-PPO,56
77774,intercepted,1,0,0,0,83,18,9.0,65,83.0,41.5,3.7581965923309326,0,1.1262910185438213,1.243198275566101,1.2215229573554591,66,lr_ppo_seed56,lr_ppo,LR-PPO,56
77775,intercepted,1,0,0,0,179,11,5.5,168,179.0,89.5,2.177443504333496,0,1.1436289883047872,1.297499656677246,1.2515605925106876,169,lr_ppo_seed56,lr_ppo,LR-PPO,56
77776,soldier_caught,0,1,0,0,107,15,7.5,92,,,1.4739253520965576,0,1.1728128848537323,0.593359649181366,1.2523903930351175,93,lr_ppo_seed56,lr_ppo,LR-PPO,56
77777,soldier_caught,0,1,0,0,28,23,11.5,5,,,1.760441541671753,0,1.1430609822273254,0.6748359799385071,1.2206767208307772,6,lr_ppo_seed56,lr_ppo,LR-PPO,56
77778,soldier_caught,0,1,0,0,86,15,7.5,71,,,1.7046630382537842,0,1.096978333261278,1.4196792840957642,1.1598805079436167,72,lr_ppo_seed56,lr_ppo,LR-PPO,56
77779,soldier_caught,0,1,0,0,41,19,9.5,22,,,1.6590204238891602,0,1.2311494000579999,1.4406993389129639,1.3282144533461695,23,lr_ppo_seed56,lr_ppo,LR-PPO,56
77780,unsafe_intercept,0,0,1,0,63,20,10.0,43,,,2.5711636543273926,0,1.155699150128798,1.0205645561218262,1.2508205916917194,44,lr_ppo_seed56,lr_ppo,LR-PPO,56
77781,intercepted,1,0,0,0,262,24,12.0,238,262.0,131.0,2.5875518321990967,0,1.0996404848836954,0.7559399008750916,1.2031275186444337,239,lr_ppo_seed56,lr_ppo,LR-PPO,56
77782,intercepted,1,0,0,0,367,14,7.0,353,367.0,183.5,2.3716416358947754,0,1.150985005506351,1.5262386798858643,1.2435371933124217,354,lr_ppo_seed56,lr_ppo,LR-PPO,56
77783,intercepted,1,0,0,0,20,18,9.0,2,20.0,10.0,4.190062046051025,0,0.9549999237060547,1.5928093194961548,1.0562660250290845,3,lr_ppo_seed56,lr_ppo,LR-PPO,56
77784,intercepted,1,0,0,0,18,16,8.0,2,18.0,9.0,9.52177619934082,0,1.5608655015627544,0.9591440558433533,1.6515657725316977,3,lr_ppo_seed56,lr_ppo,LR-PPO,56
77785,soldier_caught,0,1,0,0,23,19,9.5,4,,,1.6879302263259888,0,1.2896544992923737,0.7672320008277893,1.449878035972634,5,lr_ppo_seed56,lr_ppo,LR-PPO,56
77786,intercepted,1,0,0,0,23,21,10.5,2,23.0,11.5,6.5235443115234375,0,1.1336673895517986,1.7124481201171875,1.2229061734497024,3,lr_ppo_seed56,lr_ppo,LR-PPO,56
77787,intercepted,1,0,0,0,28,26,13.0,2,28.0,14.0,5.001890182495117,0,0.952784021695455,1.083845853805542,1.0207748007611652,3,lr_ppo_seed56,lr_ppo,LR-PPO,56
77788,intercepted,1,0,0,0,20,18,9.0,2,20.0,10.0,7.090987682342529,0,1.1038502057393391,1.39017653465271,1.1557726178507768,3,lr_ppo_seed56,lr_ppo,LR-PPO,56
77789,intercepted,1,0,0,0,109,12,6.0,97,109.0,54.5,3.411789655685425,0,1.1597230210900307,0.1554190069437027,1.241246528282316,98,lr_ppo_seed56,lr_ppo,LR-PPO,56
77790,intercepted,1,0,0,0,90,19,9.5,71,90.0,45.0,5.449028968811035,0,1.0663603444894154,0.8149182200431824,1.1440300639740075,72,lr_ppo_seed56,lr_ppo,LR-PPO,56
77791,soldier_caught,0,1,0,0,128,21,10.5,107,,,1.6381418704986572,0,1.0213943762635742,0.7711961269378662,1.1246249791469953,108,lr_ppo_seed56,lr_ppo,LR-PPO,56
77792,soldier_caught,0,1,0,0,73,16,8.0,57,,,1.7640392780303955,0,0.9832743336928302,0.7823536992073059,1.0926788112264327,58,lr_ppo_seed56,lr_ppo,LR-PPO,56
77793,intercepted,1,0,0,0,108,13,6.5,95,108.0,54.0,2.335679531097412,0,1.0698320146184415,0.8390507698059082,1.1872554945616132,96,lr_ppo_seed56,lr_ppo,LR-PPO,56
77794,intercepted,1,0,0,0,19,17,8.5,2,19.0,9.5,8.027536392211914,0,1.9479964971542358,3.1276795864105225,2.1337478945303774,3,lr_ppo_seed56,lr_ppo,LR-PPO,56
77795,soldier_caught,0,1,0,0,21,17,8.5,4,,,1.0951942205429077,0,1.2912756323814392,1.0537359714508057,1.3319264490952876,5,lr_ppo_seed56,lr_ppo,LR-PPO,56
77796,soldier_caught,0,1,0,0,61,13,6.5,48,,,1.817766785621643,0,1.1333239139342794,2.2023987770080566,1.2527175424369297,49,lr_ppo_seed56,lr_ppo,LR-PPO,56
77797,intercepted,1,0,0,0,17,15,7.5,2,17.0,8.5,5.833831787109375,0,0.833544502655665,1.7409499883651733,1.0525404465385455,3,lr_ppo_seed56,lr_ppo,LR-PPO,56
77798,intercepted,1,0,0,0,61,17,8.5,44,61.0,30.5,2.208815813064575,0,1.0823038028346168,0.5434083342552185,1.1588076110050072,45,lr_ppo_seed56,lr_ppo,LR-PPO,56
77799,intercepted,1,0,0,0,143,19,9.5,124,143.0,71.5,2.8589046001434326,0,1.1494019988775253,0.8223358392715454,1.2478836339622035,125,lr_ppo_seed56,lr_ppo,LR-PPO,56
77800,soldier_caught,0,1,0,0,66,19,9.5,47,,,1.8293548822402954,0,1.160550036157171,0.594454824924469,1.2538913747568974,48,lr_ppo_seed56,lr_ppo,LR-PPO,56
77801,intercepted,1,0,0,0,64,21,10.5,43,64.0,32.0,5.47955846786499,0,1.0304963815618644,1.683933138847351,1.120826161420486,44,lr_ppo_seed56,lr_ppo,LR-PPO,56
77802,intercepted,1,0,0,0,17,15,7.5,2,17.0,8.5,7.085379123687744,0,1.3713314433892567,1.9967756271362305,1.5189954366933678,3,lr_ppo_seed56,lr_ppo,LR-PPO,56
77803,soldier_caught,0,1,0,0,187,13,6.5,174,,,1.0687063932418823,0,1.1646740154709134,1.1437705755233765,1.2643144573287843,175,lr_ppo_seed56,lr_ppo,LR-PPO,56
77804,intercepted,1,0,0,0,20,18,9.0,2,20.0,10.0,9.228145599365234,0,0.8971271316210429,0.8569488525390625,0.9360251857979645,3,lr_ppo_seed56,lr_ppo,LR-PPO,56
77805,soldier_caught,0,1,0,0,77,18,9.0,59,,,1.6335399150848389,0,1.1454459145665168,0.7280338406562805,1.2274129609032605,60,lr_ppo_seed56,lr_ppo,LR-PPO,56
77806,intercepted,1,0,0,0,159,24,12.0,135,159.0,79.5,3.600206136703491,0,1.119431895587374,0.8026478886604309,1.2434220726366865,136,lr_ppo_seed56,lr_ppo,LR-PPO,56
77807,intercepted,1,0,0,0,14,12,6.0,2,14.0,7.0,3.685598611831665,0,1.2390729188919067,1.9092645645141602,1.3369088617558025,3,lr_ppo_seed56,lr_ppo,LR-PPO,56
77808,intercepted,1,0,0,0,139,11,5.5,128,139.0,69.5,3.1946821212768555,0,1.1468461859364842,2.859833002090454,1.2659919154720014,129,lr_ppo_seed56,lr_ppo,LR-PPO,56
77809,intercepted,1,0,0,0,16,14,7.0,2,16.0,8.0,9.076372146606445,0,0.5894896487394968,0.4503054618835449,0.6705241441409667,3,lr_ppo_seed56,lr_ppo,LR-PPO,56
77810,intercepted,1,0,0,0,132,12,6.0,120,132.0,66.0,2.4298365116119385,0,1.128905955979154,0.8118615746498108,1.2226490813220015,121,lr_ppo_seed56,lr_ppo,LR-PPO,56
77811,intercepted,1,0,0,0,20,18,9.0,2,20.0,10.0,6.996156692504883,0,0.9295740922292074,1.165753722190857,0.9444573983343181,3,lr_ppo_seed56,lr_ppo,LR-PPO,56
77812,intercepted,1,0,0,0,22,20,10.0,2,22.0,11.0,7.78064489364624,0,1.3895353078842163,1.331419587135315,1.4764133457595485,3,lr_ppo_seed56,lr_ppo,LR-PPO,56
77813,intercepted,1,0,0,0,190,18,9.0,172,190.0,95.0,2.751737117767334,0,1.1312569466801736,1.3199187517166138,1.2208369047128655,173,lr_ppo_seed56,lr_ppo,LR-PPO,56
77814,intercepted,1,0,0,0,60,14,7.0,46,60.0,30.0,2.371417999267578,0,1.1781132316335718,1.179724931716919,1.2593630332518573,47,lr_ppo_seed56,lr_ppo,LR-PPO,56
77815,intercepted,1,0,0,0,76,13,6.5,63,76.0,38.0,2.1391894817352295,0,1.0009006748441607,0.23755291104316711,1.102193578202476,64,lr_ppo_seed56,lr_ppo,LR-PPO,56
77816,soldier_caught,0,1,0,0,167,14,7.0,153,,,1.6869597434997559,0,1.1169655935524345,1.7391941547393799,1.2047036260598885,154,lr_ppo_seed56,lr_ppo,LR-PPO,56
77817,intercepted,1,0,0,0,61,12,6.0,49,61.0,30.5,3.2396535873413086,0,1.1205890327692032,1.9289811849594116,1.221213013117814,50,lr_ppo_seed56,lr_ppo,LR-PPO,56
77818,intercepted,1,0,0,0,16,14,7.0,2,16.0,8.0,5.637791633605957,0,0.970458467801412,0.7979920506477356,0.9815552311259507,3,lr_ppo_seed56,lr_ppo,LR-PPO,56
77819,soldier_caught,0,1,0,0,110,19,9.5,91,,,0.8666090965270996,0,1.1814052154836447,0.6389012932777405,1.2791949191599568,92,lr_ppo_seed56,lr_ppo,LR-PPO,56
77820,intercepted,1,0,0,0,15,13,6.5,2,15.0,7.5,5.698099613189697,0,1.6332584619522095,1.6525073051452637,1.6617802916490698,3,lr_ppo_seed56,lr_ppo,LR-PPO,56
77821,intercepted,1,0,0,0,62,20,10.0,42,62.0,31.0,5.940132141113281,0,1.059432286682517,0.7055258750915527,1.1680720754083647,43,lr_ppo_seed56,lr_ppo,LR-PPO,56
77822,intercepted,1,0,0,0,59,12,6.0,47,59.0,29.5,4.763360977172852,0,1.151140955897669,0.8998105525970459,1.230340175635616,48,lr_ppo_seed56,lr_ppo,LR-PPO,56
77823,intercepted,1,0,0,0,15,13,6.5,2,15.0,7.5,4.6304240226745605,0,0.5229377349217733,0.4581732451915741,0.5293819279063334,3,lr_ppo_seed56,lr_ppo,LR-PPO,56
77824,intercepted,1,0,0,0,60,16,8.0,44,60.0,30.0,4.178870677947998,0,1.2070188883278106,1.3833950757980347,1.2776789761644352,45,lr_ppo_seed56,lr_ppo,LR-PPO,56
77825,soldier_caught,0,1,0,0,46,16,8.0,30,,,1.6228443384170532,0,1.1300088340236294,0.35848644375801086,1.2391628649315358,31,lr_ppo_seed56,lr_ppo,LR-PPO,56
77826,soldier_caught,0,1,0,0,118,19,9.5,99,,,0.5292432308197021,0,1.1444682458043098,0.42310571670532227,1.2307014075785156,100,lr_ppo_seed56,lr_ppo,LR-PPO,56
77827,soldier_caught,0,1,0,0,95,14,7.0,81,,,1.4149881601333618,0,1.1208259114405004,1.5742907524108887,1.210735799799052,82,lr_ppo_seed56,lr_ppo,LR-PPO,56
77828,soldier_caught,0,1,0,0,80,14,7.0,66,,,1.3429795503616333,0,1.094086849867408,1.2965800762176514,1.1883068488639632,67,lr_ppo_seed56,lr_ppo,LR-PPO,56
77829,soldier_caught,0,1,0,0,46,21,10.5,25,,,1.5544250011444092,0,1.002072302194742,0.6553804278373718,1.0697857451124981,26,lr_ppo_seed56,lr_ppo,LR-PPO,56
77830,soldier_caught,0,1,0,0,275,20,10.0,255,,,1.4140996932983398,0,1.170298135606572,1.0406602621078491,1.256602326372443,256,lr_ppo_seed56,lr_ppo,LR-PPO,56
77831,soldier_caught,0,1,0,0,116,16,8.0,100,,,1.7833354473114014,0,1.114354067952326,0.7363846898078918,1.1929737049858364,101,lr_ppo_seed56,lr_ppo,LR-PPO,56
77832,intercepted,1,0,0,0,13,11,5.5,2,13.0,6.5,7.617671012878418,0,1.2180326382319133,1.5263310670852661,1.259016627507718,3,lr_ppo_seed56,lr_ppo,LR-PPO,56
77833,soldier_caught,0,1,0,0,117,15,7.5,102,,,1.856931447982788,0,1.126164494787605,1.5554059743881226,1.2279722587823785,103,lr_ppo_seed56,lr_ppo,LR-PPO,56
77834,intercepted,1,0,0,0,88,18,9.0,70,88.0,44.0,3.002953290939331,0,1.233403762461434,1.095199465751648,1.3311583473628519,71,lr_ppo_seed56,lr_ppo,LR-PPO,56
77835,intercepted,1,0,0,0,116,13,6.5,103,116.0,58.0,2.5335845947265625,0,1.016154784995776,1.4581372737884521,1.104358930754501,104,lr_ppo_seed56,lr_ppo,LR-PPO,56
77836,soldier_caught,0,1,0,0,97,12,6.0,85,,,1.9698565006256104,0,1.0699743999298228,1.214772343635559,1.1622343212066422,86,lr_ppo_seed56,lr_ppo,LR-PPO,56
77837,soldier_caught,0,1,0,0,192,16,8.0,176,,,1.048784613609314,0,1.215969354419385,0.9794468283653259,1.3198570169059234,177,lr_ppo_seed56,lr_ppo,LR-PPO,56
77838,intercepted,1,0,0,0,226,14,7.0,212,226.0,113.0,3.5171940326690674,0,1.0778708695805688,0.9892629384994507,1.1880730902944876,213,lr_ppo_seed56,lr_ppo,LR-PPO,56
77839,soldier_caught,0,1,0,0,79,15,7.5,64,,,1.1425554752349854,0,1.1481633949738281,0.39989253878593445,1.2288711832056423,65,lr_ppo_seed56,lr_ppo,LR-PPO,56
77840,soldier_caught,0,1,0,0,59,16,8.0,43,,,1.5558048486709595,0,1.0322485200383447,2.0165414810180664,1.1212026495816079,44,lr_ppo_seed56,lr_ppo,LR-PPO,56
77841,soldier_caught,0,1,0,0,48,20,10.0,28,,,1.1015353202819824,0,1.1997162823019356,1.6439484357833862,1.2659701307756237,29,lr_ppo_seed56,lr_ppo,LR-PPO,56
77842,soldier_caught,0,1,0,0,144,13,6.5,131,,,1.0221186876296997,0,1.047317038205537,0.2696459889411926,1.1310072218845446,132,lr_ppo_seed56,lr_ppo,LR-PPO,56
77843,soldier_caught,0,1,0,0,137,23,11.5,114,,,1.3074036836624146,0,1.2315443637578383,1.811604619026184,1.3377815987861115,115,lr_ppo_seed56,lr_ppo,LR-PPO,56
77844,intercepted,1,0,0,0,161,14,7.0,147,161.0,80.5,4.0661540031433105,0,1.088107243381642,1.8612415790557861,1.197920589507746,148,lr_ppo_seed56,lr_ppo,LR-PPO,56
77845,intercepted,1,0,0,0,155,22,11.0,133,155.0,77.5,3.089123010635376,0,1.1695193792901821,1.1266006231307983,1.2603481051958658,134,lr_ppo_seed56,lr_ppo,LR-PPO,56
77846,soldier_caught,0,1,0,0,35,12,6.0,23,,,1.420090913772583,0,1.1846849098801613,0.757188081741333,1.2302644377806953,24,lr_ppo_seed56,lr_ppo,LR-PPO,56
77847,soldier_caught,0,1,0,0,311,16,8.0,295,,,1.6748592853546143,0,1.117129228480563,1.442753553390503,1.2165446191792526,296,lr_ppo_seed56,lr_ppo,LR-PPO,56
77848,intercepted,1,0,0,0,25,23,11.5,2,25.0,12.5,9.073683738708496,0,0.9878161152203878,1.4622946977615356,1.1232367119216526,3,lr_ppo_seed56,lr_ppo,LR-PPO,56
77849,soldier_caught,0,1,0,0,139,17,8.5,122,,,1.9998246431350708,0,1.1661737268048573,0.8365417122840881,1.275271594857523,123,lr_ppo_seed56,lr_ppo,LR-PPO,56
77850,soldier_caught,0,1,0,0,133,21,10.5,112,,,1.9256776571273804,0,1.0859032109775375,1.193534016609192,1.1744879318129016,113,lr_ppo_seed56,lr_ppo,LR-PPO,56
77851,soldier_caught,0,1,0,0,242,16,8.0,226,,,1.9919353723526,0,1.1049197639137638,1.2299271821975708,1.2068742881177792,227,lr_ppo_seed56,lr_ppo,LR-PPO,56
77852,intercepted,1,0,0,0,85,15,7.5,70,85.0,42.5,5.902261257171631,0,1.1374548616963374,0.5827118754386902,1.2191621418085636,71,lr_ppo_seed56,lr_ppo,LR-PPO,56
77853,intercepted,1,0,0,0,237,18,9.0,219,237.0,118.5,2.2947213649749756,0,1.1305037956346164,1.551668405532837,1.2181615304986382,220,lr_ppo_seed56,lr_ppo,LR-PPO,56
77854,soldier_caught,0,1,0,0,222,16,8.0,206,,,1.6530890464782715,0,1.211706790227245,1.3850822448730469,1.3125388927909631,207,lr_ppo_seed56,lr_ppo,LR-PPO,56
77855,intercepted,1,0,0,0,22,20,10.0,2,22.0,11.0,6.365589141845703,0,1.0013968348503113,0.7890586256980896,1.026905991740964,3,lr_ppo_seed56,lr_ppo,LR-PPO,56
77856,soldier_caught,0,1,0,0,102,12,6.0,90,,,1.7783310413360596,0,1.1762614226439496,1.3353486061096191,1.2603938450417054,91,lr_ppo_seed56,lr_ppo,LR-PPO,56
77857,intercepted,1,0,0,0,136,12,6.0,124,136.0,68.0,3.4294285774230957,0,1.1269556967616081,0.9073167443275452,1.2098152886525064,125,lr_ppo_seed56,lr_ppo,LR-PPO,56
77858,soldier_caught,0,1,0,0,194,15,7.5,179,,,1.3181946277618408,0,1.074104283667273,1.0941658020019531,1.1758654201101046,180,lr_ppo_seed56,lr_ppo,LR-PPO,56
77859,intercepted,1,0,0,0,21,19,9.5,2,21.0,10.5,5.091547012329102,0,1.1017594734827678,2.0699214935302734,1.2979179611803071,3,lr_ppo_seed56,lr_ppo,LR-PPO,56
77860,soldier_caught,0,1,0,0,227,13,6.5,214,,,1.308638572692871,0,1.1204707388614499,0.9527442455291748,1.218294549609946,215,lr_ppo_seed56,lr_ppo,LR-PPO,56
77861,intercepted,1,0,0,0,57,18,9.0,39,57.0,28.5,2.5114212036132812,0,1.146145848184824,1.9173797369003296,1.264087305508003,40,lr_ppo_seed56,lr_ppo,LR-PPO,56
77862,soldier_caught,0,1,0,0,41,22,11.0,19,,,1.9180989265441895,0,0.9863580107688904,1.7306686639785767,1.1195694319477927,20,lr_ppo_seed56,lr_ppo,LR-PPO,56
77863,intercepted,1,0,0,0,21,19,9.5,2,21.0,10.5,5.755868434906006,0,1.1732399861017864,1.3398959636688232,1.192329485883499,3,lr_ppo_seed56,lr_ppo,LR-PPO,56
77864,intercepted,1,0,0,0,97,15,7.5,82,97.0,48.5,3.8526699542999268,0,1.1126108399356704,1.821179986000061,1.230004378954791,83,lr_ppo_seed56,lr_ppo,LR-PPO,56
77865,intercepted,1,0,0,0,93,18,9.0,75,93.0,46.5,3.053341865539551,0,1.1617458907789306,1.3170894384384155,1.2721838926870124,76,lr_ppo_seed56,lr_ppo,LR-PPO,56
77866,intercepted,1,0,0,0,20,18,9.0,2,20.0,10.0,3.8799500465393066,0,0.9346012671788534,0.16212284564971924,1.0889874094198124,3,lr_ppo_seed56,lr_ppo,LR-PPO,56
77867,soldier_caught,0,1,0,0,52,16,8.0,36,,,1.448911428451538,0,1.2262645073839136,0.8531544208526611,1.3232599208830833,37,lr_ppo_seed56,lr_ppo,LR-PPO,56
77868,soldier_caught,0,1,0,0,140,15,7.5,125,,,1.733139991760254,0,1.120037995751888,0.696514904499054,1.211099085188449,126,lr_ppo_seed56,lr_ppo,LR-PPO,56
77869,soldier_caught,0,1,0,0,44,18,9.0,26,,,1.1830898523330688,0,1.220381502751951,1.64373779296875,1.2813608493281405,27,lr_ppo_seed56,lr_ppo,LR-PPO,56
77870,intercepted,1,0,0,0,147,23,11.5,124,147.0,73.5,5.695798873901367,0,1.2026072697639465,2.11613130569458,1.2890845325594067,125,lr_ppo_seed56,lr_ppo,LR-PPO,56
77871,intercepted,1,0,0,0,16,14,7.0,2,16.0,8.0,5.685910701751709,0,0.9689711729685465,1.0881493091583252,0.9893283609360214,3,lr_ppo_seed56,lr_ppo,LR-PPO,56
77872,intercepted,1,0,0,0,78,18,9.0,60,78.0,39.0,5.678724765777588,0,1.0862383910867035,0.41358450055122375,1.1951906362957663,61,lr_ppo_seed56,lr_ppo,LR-PPO,56
77873,soldier_caught,0,1,0,0,119,16,8.0,103,,,1.7296005487442017,0,1.1719982151228647,1.369795560836792,1.2573254327261103,104,lr_ppo_seed56,lr_ppo,LR-PPO,56
77874,soldier_caught,0,1,0,0,216,14,7.0,202,,,0.9289637804031372,0,1.1237562201880469,0.7948403358459473,1.2203161855673776,203,lr_ppo_seed56,lr_ppo,LR-PPO,56
77875,intercepted,1,0,0,0,16,14,7.0,2,16.0,8.0,7.594639301300049,0,1.0305154919624329,0.7553618550300598,1.082839267144178,3,lr_ppo_seed56,lr_ppo,LR-PPO,56
77876,intercepted,1,0,0,0,21,19,9.5,2,21.0,10.5,7.01336145401001,0,0.6017796695232391,0.7684378027915955,0.6664839279102719,3,lr_ppo_seed56,lr_ppo,LR-PPO,56
77877,intercepted,1,0,0,0,30,28,14.0,2,30.0,15.0,4.118687629699707,0,1.4609858989715576,1.4216299057006836,1.4621129652208307,3,lr_ppo_seed56,lr_ppo,LR-PPO,56
77878,intercepted,1,0,0,0,82,23,11.5,59,82.0,41.0,3.9195175170898438,0,1.1742479781309763,1.251369595527649,1.2758063385496294,60,lr_ppo_seed56,lr_ppo,LR-PPO,56
77879,intercepted,1,0,0,0,17,15,7.5,2,17.0,8.5,7.014374732971191,0,1.4809530973434448,1.6869128942489624,1.5260615775501114,3,lr_ppo_seed56,lr_ppo,LR-PPO,56
77880,intercepted,1,0,0,0,16,14,7.0,2,16.0,8.0,6.01715087890625,0,1.4294374982515972,1.0969338417053223,1.5413837491040525,3,lr_ppo_seed56,lr_ppo,LR-PPO,56
77881,soldier_caught,0,1,0,0,128,13,6.5,115,,,1.4786311388015747,0,1.0919012948870659,0.6857776045799255,1.1786888547233454,116,lr_ppo_seed56,lr_ppo,LR-PPO,56
77882,soldier_caught,0,1,0,0,47,12,6.0,35,,,1.6518769264221191,0,1.0413466584351327,1.0143773555755615,1.1551158192578064,36,lr_ppo_seed56,lr_ppo,LR-PPO,56
77883,soldier_caught,0,1,0,0,79,12,6.0,67,,,0.7912107110023499,0,1.0683865915326511,1.6792919635772705,1.1806845501489505,68,lr_ppo_seed56,lr_ppo,LR-PPO,56
77884,intercepted,1,0,0,0,82,21,10.5,61,82.0,41.0,3.7923812866210938,0,1.1872044224892893,0.7315022945404053,1.266426247476279,62,lr_ppo_seed56,lr_ppo,LR-PPO,56
77885,soldier_caught,0,1,0,0,140,23,11.5,117,,,0.6156983971595764,0,1.1404584498476174,1.3295279741287231,1.2317377807932708,118,lr_ppo_seed56,lr_ppo,LR-PPO,56
77886,intercepted,1,0,0,0,160,13,6.5,147,160.0,80.0,5.1935133934021,0,1.1381857299522773,0.7604981660842896,1.2586937387835708,148,lr_ppo_seed56,lr_ppo,LR-PPO,56
77887,intercepted,1,0,0,0,121,14,7.0,107,121.0,60.5,5.385121822357178,0,1.2028231968482335,0.6732642650604248,1.3048767281449425,108,lr_ppo_seed56,lr_ppo,LR-PPO,56
77888,intercepted,1,0,0,0,91,19,9.5,72,91.0,45.5,4.839723587036133,0,1.040192913519193,1.4797229766845703,1.1427867489645327,73,lr_ppo_seed56,lr_ppo,LR-PPO,56
77889,soldier_caught,0,1,0,0,53,13,6.5,40,,,1.2053792476654053,0,1.0958100084851428,1.2410839796066284,1.2016994799585192,41,lr_ppo_seed56,lr_ppo,LR-PPO,56
77890,intercepted,1,0,0,0,15,13,6.5,2,15.0,7.5,7.222745418548584,0,1.2360570629437764,0.8914170861244202,1.342454411267948,3,lr_ppo_seed56,lr_ppo,LR-PPO,56
77891,soldier_caught,0,1,0,0,342,15,7.5,327,,,1.0382577180862427,0,1.1236912311259202,0.7122677564620972,1.2163750409222187,328,lr_ppo_seed56,lr_ppo,LR-PPO,56
77892,soldier_caught,0,1,0,0,129,21,10.5,108,,,0.5937718749046326,0,1.088859283322588,0.7673751711845398,1.1849422892877357,109,lr_ppo_seed56,lr_ppo,LR-PPO,56
77893,soldier_caught,0,1,0,0,61,22,11.0,39,,,1.5002727508544922,0,1.1378302853554487,1.4718607664108276,1.2502033472117657,40,lr_ppo_seed56,lr_ppo,LR-PPO,56
77894,soldier_caught,0,1,0,0,55,18,9.0,37,,,1.9541791677474976,0,1.1626462434467517,0.6754968762397766,1.2644256431531835,38,lr_ppo_seed56,lr_ppo,LR-PPO,56
77895,soldier_caught,0,1,0,0,84,14,7.0,70,,,1.8543307781219482,0,1.1524985638302816,0.8318588733673096,1.2488348456591314,71,lr_ppo_seed56,lr_ppo,LR-PPO,56
77896,intercepted,1,0,0,0,62,15,7.5,47,62.0,31.0,4.239505290985107,0,1.1391804286589224,1.074622631072998,1.2160394240122347,48,lr_ppo_seed56,lr_ppo,LR-PPO,56
77897,intercepted,1,0,0,0,386,17,8.5,369,386.0,193.0,2.669520854949951,0,1.1797703555306873,1.2430579662322998,1.2719879381017025,370,lr_ppo_seed56,lr_ppo,LR-PPO,56
77898,intercepted,1,0,0,0,60,15,7.5,45,60.0,30.0,4.547026634216309,0,1.0882193306056054,0.27559250593185425,1.1933327186714298,46,lr_ppo_seed56,lr_ppo,LR-PPO,56
77899,soldier_caught,0,1,0,0,185,21,10.5,164,,,1.8492804765701294,0,1.1360856101819963,1.0299816131591797,1.2286877033281949,165,lr_ppo_seed56,lr_ppo,LR-PPO,56
77900,intercepted,1,0,0,0,121,18,9.0,103,121.0,60.5,3.422804832458496,0,1.1123136144417982,1.201301097869873,1.2160961054651913,104,lr_ppo_seed56,lr_ppo,LR-PPO,56
77901,soldier_caught,0,1,0,0,150,12,6.0,138,,,1.5907249450683594,0,1.1279732484182865,1.2341676950454712,1.218739848703851,139,lr_ppo_seed56,lr_ppo,LR-PPO,56
77902,intercepted,1,0,0,0,17,15,7.5,2,17.0,8.5,5.845808982849121,0,0.7847856283187866,0.5993877053260803,0.7967965471917022,3,lr_ppo_seed56,lr_ppo,LR-PPO,56
77903,intercepted,1,0,0,0,20,18,9.0,2,20.0,10.0,4.970333576202393,0,1.5880788564682007,1.3722056150436401,1.5979126103441152,3,lr_ppo_seed56,lr_ppo,LR-PPO,56
77904,intercepted,1,0,0,0,60,20,10.0,40,60.0,30.0,7.248988151550293,0,1.0188998667205251,0.9975562691688538,1.086524183289437,41,lr_ppo_seed56,lr_ppo,LR-PPO,56
77905,intercepted,1,0,0,0,18,16,8.0,2,18.0,9.0,4.961318492889404,0,1.0493789116541545,0.3039569854736328,1.1743185102834777,3,lr_ppo_seed56,lr_ppo,LR-PPO,56
77906,soldier_caught,0,1,0,0,49,15,7.5,34,,,1.9500367641448975,0,1.1586851503167834,2.7211732864379883,1.2742307491429619,35,lr_ppo_seed56,lr_ppo,LR-PPO,56
77907,intercepted,1,0,0,0,26,24,12.0,2,26.0,13.0,5.594320774078369,0,1.395119071006775,0.653508186340332,1.5559505491881453,3,lr_ppo_seed56,lr_ppo,LR-PPO,56
77908,intercepted,1,0,0,0,164,18,9.0,146,164.0,82.0,3.4093997478485107,0,1.1454807009015764,1.2654457092285156,1.2337537691509888,147,lr_ppo_seed56,lr_ppo,LR-PPO,56
77909,intercepted,1,0,0,0,21,19,9.5,2,21.0,10.5,5.698083877563477,0,0.5049976805845896,0.28869953751564026,0.5279662577265267,3,lr_ppo_seed56,lr_ppo,LR-PPO,56
77910,unsafe_intercept,0,0,1,0,64,15,7.5,49,,,3.457500696182251,0,1.016394873559475,1.4152295589447021,1.1185836476186106,50,lr_ppo_seed56,lr_ppo,LR-PPO,56
77911,soldier_caught,0,1,0,0,136,21,10.5,115,,,1.8704113960266113,0,1.0983336941692337,0.5038888454437256,1.1959010168031656,116,lr_ppo_seed56,lr_ppo,LR-PPO,56
77912,intercepted,1,0,0,0,160,15,7.5,145,160.0,80.0,2.003575086593628,0,1.2230521990113878,0.6405217051506042,1.3132617924196408,146,lr_ppo_seed56,lr_ppo,LR-PPO,56
77913,intercepted,1,0,0,0,121,26,13.0,95,121.0,60.5,3.851362466812134,0,1.0922994248879452,1.4027224779129028,1.1942294274685208,96,lr_ppo_seed56,lr_ppo,LR-PPO,56
77914,intercepted,1,0,0,0,84,17,8.5,67,84.0,42.0,4.985711097717285,0,1.087038550306769,0.7035444974899292,1.1862297758173181,68,lr_ppo_seed56,lr_ppo,LR-PPO,56
77915,intercepted,1,0,0,0,365,12,6.0,353,365.0,182.5,2.3429629802703857,0,1.1198170258332107,0.7339349389076233,1.2226044536519245,354,lr_ppo_seed56,lr_ppo,LR-PPO,56
77916,intercepted,1,0,0,0,41,14,7.0,27,41.0,20.5,3.6142327785491943,0,1.0762133917638235,1.3222041130065918,1.1845813819601099,28,lr_ppo_seed56,lr_ppo,LR-PPO,56
77917,soldier_caught,0,1,0,0,107,15,7.5,92,,,1.7590397596359253,0,1.1140286025180612,1.2233717441558838,1.1971743101354493,93,lr_ppo_seed56,lr_ppo,LR-PPO,56
77918,intercepted,1,0,0,0,37,13,6.5,24,37.0,18.5,2.071815013885498,0,1.2548246502876281,0.7367410659790039,1.354159445294068,25,lr_ppo_seed56,lr_ppo,LR-PPO,56
77919,soldier_caught,0,1,0,0,29,15,7.5,14,,,0.9441409111022949,0,1.0978130171696345,0.9066638946533203,1.2148818705121764,15,lr_ppo_seed56,lr_ppo,LR-PPO,56
77920,intercepted,1,0,0,0,58,15,7.5,43,58.0,29.0,4.063395023345947,0,1.0873735726556994,1.1044143438339233,1.1873782740639063,44,lr_ppo_seed56,lr_ppo,LR-PPO,56
77921,intercepted,1,0,0,0,20,18,9.0,2,20.0,10.0,6.8784661293029785,0,1.5843889315923054,1.5636420249938965,1.587631034315995,3,lr_ppo_seed56,lr_ppo,LR-PPO,56
77922,soldier_caught,0,1,0,0,81,18,9.0,63,,,1.6296716928482056,0,1.2327047064900398,0.7023097276687622,1.2982940727716634,64,lr_ppo_seed56,lr_ppo,LR-PPO,56
77923,intercepted,1,0,0,0,38,13,6.5,25,38.0,19.0,7.719919681549072,0,1.11413739163142,1.6682795286178589,1.236205410490272,26,lr_ppo_seed56,lr_ppo,LR-PPO,56
77924,soldier_caught,0,1,0,0,94,17,8.5,77,,,1.3040586709976196,0,1.1240359437771332,1.3477740287780762,1.209059824031532,78,lr_ppo_seed56,lr_ppo,LR-PPO,56
77925,soldier_caught,0,1,0,0,26,20,10.0,6,,,0.7184392213821411,0,0.9394805346216474,0.3393207788467407,1.0446062126650646,7,lr_ppo_seed56,lr_ppo,LR-PPO,56
77926,soldier_caught,0,1,0,0,27,22,11.0,5,,,1.5988783836364746,0,0.9580142796039581,0.8257412910461426,1.014986261668717,6,lr_ppo_seed56,lr_ppo,LR-PPO,56
77927,intercepted,1,0,0,0,61,14,7.0,47,61.0,30.5,2.039642810821533,0,1.278791405260563,1.6815145015716553,1.3567258802378452,48,lr_ppo_seed56,lr_ppo,LR-PPO,56
77928,intercepted,1,0,0,0,63,17,8.5,46,63.0,31.5,7.567428112030029,0,1.1325320851929643,1.320628046989441,1.2166566562040138,47,lr_ppo_seed56,lr_ppo,LR-PPO,56
77929,intercepted,1,0,0,0,17,15,7.5,2,17.0,8.5,7.390396595001221,0,1.0903497536977131,0.810326337814331,1.1293847659415175,3,lr_ppo_seed56,lr_ppo,LR-PPO,56
77930,soldier_caught,0,1,0,0,43,20,10.0,23,,,0.7498610615730286,0,1.2847255592544873,0.9307180643081665,1.3539634041724733,24,lr_ppo_seed56,lr_ppo,LR-PPO,56
77931,unsafe_intercept,0,0,1,0,16,14,7.0,2,,,3.4660465717315674,0,1.6146358251571655,1.9666025638580322,1.641820595168137,3,lr_ppo_seed56,lr_ppo,LR-PPO,56
77932,soldier_caught,0,1,0,0,231,16,8.0,215,,,1.6938287019729614,0,1.1850891053952552,0.4923086166381836,1.2706560570258116,216,lr_ppo_seed56,lr_ppo,LR-PPO,56
77933,soldier_caught,0,1,0,0,81,19,9.5,62,,,1.939246654510498,0,1.1418632864952087,0.8871422410011292,1.2378203783329615,63,lr_ppo_seed56,lr_ppo,LR-PPO,56
77934,intercepted,1,0,0,0,93,30,15.0,63,93.0,46.5,2.518439769744873,0,1.0344731693621725,0.8022522330284119,1.110564902947867,64,lr_ppo_seed56,lr_ppo,LR-PPO,56
77935,intercepted,1,0,0,0,40,16,8.0,24,40.0,20.0,5.135860919952393,0,1.081560720205307,0.9835134148597717,1.1969319273011938,25,lr_ppo_seed56,lr_ppo,LR-PPO,56
77936,intercepted,1,0,0,0,68,22,11.0,46,68.0,34.0,5.496423244476318,0,1.1248274537477088,0.6479890942573547,1.1916261422616672,47,lr_ppo_seed56,lr_ppo,LR-PPO,56
77937,soldier_caught,0,1,0,0,76,16,8.0,60,,,1.6568093299865723,0,1.1447778695919475,0.9137024283409119,1.2211437224929467,61,lr_ppo_seed56,lr_ppo,LR-PPO,56
77938,soldier_caught,0,1,0,0,42,20,10.0,22,,,1.9434398412704468,0,1.0902588062960168,1.334864616394043,1.152558626133299,23,lr_ppo_seed56,lr_ppo,LR-PPO,56
77939,intercepted,1,0,0,0,39,13,6.5,26,39.0,19.5,4.991377353668213,0,0.8906195516939517,1.380191683769226,1.0225110258961296,27,lr_ppo_seed56,lr_ppo,LR-PPO,56
77940,intercepted,1,0,0,0,105,16,8.0,89,105.0,52.5,5.616616249084473,0,1.0995866063568327,0.5528504848480225,1.2170823240760982,90,lr_ppo_seed56,lr_ppo,LR-PPO,56
77941,soldier_caught,0,1,0,0,50,19,9.5,31,,,1.8521431684494019,0,1.0076843881979585,2.253915548324585,1.1115880798299456,32,lr_ppo_seed56,lr_ppo,LR-PPO,56
77942,intercepted,1,0,0,0,49,21,10.5,28,49.0,24.5,5.209400177001953,0,1.1589027119093929,0.7493727207183838,1.2602277547559881,29,lr_ppo_seed56,lr_ppo,LR-PPO,56
77943,intercepted,1,0,0,0,161,15,7.5,146,161.0,80.5,4.3062310218811035,0,1.103520090077199,1.3018606901168823,1.1910757348623988,147,lr_ppo_seed56,lr_ppo,LR-PPO,56
77944,soldier_caught,0,1,0,0,126,20,10.0,106,,,1.6521594524383545,0,1.1148038222410968,1.5553867816925049,1.1965230317501345,107,lr_ppo_seed56,lr_ppo,LR-PPO,56
77945,soldier_caught,0,1,0,0,24,19,9.5,5,,,1.8976386785507202,0,1.3784229060014088,0.6579942107200623,1.5877767603750716,6,lr_ppo_seed56,lr_ppo,LR-PPO,56
77946,soldier_caught,0,1,0,0,53,16,8.0,37,,,1.7064684629440308,0,1.2368884290519513,1.0836068391799927,1.3383439995057944,38,lr_ppo_seed56,lr_ppo,LR-PPO,56
77947,soldier_caught,0,1,0,0,366,11,5.5,355,,,1.7776837348937988,0,1.13225594058298,0.5299800634384155,1.2322260087730963,356,lr_ppo_seed56,lr_ppo,LR-PPO,56
77948,soldier_caught,0,1,0,0,110,13,6.5,97,,,1.6141787767410278,0,1.1536611875101013,0.8447298407554626,1.2506156135919784,98,lr_ppo_seed56,lr_ppo,LR-PPO,56
77949,intercepted,1,0,0,0,83,12,6.0,71,83.0,41.5,2.8080577850341797,0,1.2032879367470741,0.6625806093215942,1.2985152843048695,72,lr_ppo_seed56,lr_ppo,LR-PPO,56
77950,intercepted,1,0,0,0,152,12,6.0,140,152.0,76.0,4.221898078918457,0,1.1553503819179873,0.726128101348877,1.2570037934435905,141,lr_ppo_seed56,lr_ppo,LR-PPO,56
77951,intercepted,1,0,0,0,20,18,9.0,2,20.0,10.0,7.55862283706665,0,1.013599654038747,1.0888400077819824,1.0165352786436697,3,lr_ppo_seed56,lr_ppo,LR-PPO,56
77952,intercepted,1,0,0,0,82,20,10.0,62,82.0,41.0,2.1790695190429688,0,1.0030054088149751,2.4142820835113525,1.1067561230407363,63,lr_ppo_seed56,lr_ppo,LR-PPO,56
77953,intercepted,1,0,0,0,20,18,9.0,2,20.0,10.0,6.893855571746826,0,1.5135929981867473,1.642466425895691,1.5174227987836126,3,lr_ppo_seed56,lr_ppo,LR-PPO,56
77954,soldier_caught,0,1,0,0,181,19,9.5,162,,,1.3731619119644165,0,1.0758076215082883,0.991905152797699,1.1818493393032008,163,lr_ppo_seed56,lr_ppo,LR-PPO,56
77955,soldier_caught,0,1,0,0,72,21,10.5,51,,,1.4729756116867065,0,1.1057593730779796,1.691870093345642,1.2172169967972397,52,lr_ppo_seed56,lr_ppo,LR-PPO,56
77956,intercepted,1,0,0,0,301,14,7.0,287,301.0,150.5,2.4842233657836914,0,1.0772315229082272,1.374394416809082,1.1729070268143371,288,lr_ppo_seed56,lr_ppo,LR-PPO,56
77957,soldier_caught,0,1,0,0,52,23,11.5,29,,,1.151771903038025,0,0.9817481408516566,0.7519638538360596,1.0738781591624975,30,lr_ppo_seed56,lr_ppo,LR-PPO,56
77958,intercepted,1,0,0,0,57,15,7.5,42,57.0,28.5,6.483345031738281,0,1.164618698316951,1.429511308670044,1.2533737086257242,43,lr_ppo_seed56,lr_ppo,LR-PPO,56
77959,soldier_caught,0,1,0,0,74,18,9.0,56,,,1.4202659130096436,0,1.126842445971673,0.9157434105873108,1.2022388112545486,57,lr_ppo_seed56,lr_ppo,LR-PPO,56
77960,intercepted,1,0,0,0,65,17,8.5,48,65.0,32.5,4.914957523345947,0,1.1148687248327294,0.8554551005363464,1.181406289872718,49,lr_ppo_seed56,lr_ppo,LR-PPO,56
77961,intercepted,1,0,0,0,19,17,8.5,2,19.0,9.5,8.16059398651123,0,0.976435919602712,1.1410629749298096,0.9837520099031309,3,lr_ppo_seed56,lr_ppo,LR-PPO,56
77962,intercepted,1,0,0,0,13,11,5.5,2,13.0,6.5,5.366234302520752,0,1.2807570695877075,1.7530406713485718,1.3258580854028301,3,lr_ppo_seed56,lr_ppo,LR-PPO,56
77963,intercepted,1,0,0,0,87,20,10.0,67,87.0,43.5,2.2420551776885986,0,1.1881905371213661,0.6132875680923462,1.3254428017360913,68,lr_ppo_seed56,lr_ppo,LR-PPO,56
77964,soldier_caught,0,1,0,0,175,13,6.5,162,,,1.1934362649917603,0,1.1035485307863153,1.1517400741577148,1.1952490441885475,163,lr_ppo_seed56,lr_ppo,LR-PPO,56
77965,intercepted,1,0,0,0,19,17,8.5,2,19.0,9.5,7.505289077758789,0,0.7621173858642578,0.5398721098899841,0.7840006089163716,3,lr_ppo_seed56,lr_ppo,LR-PPO,56
77966,intercepted,1,0,0,0,81,16,8.0,65,81.0,40.5,2.211942672729492,0,1.1132179354176377,1.5272294282913208,1.2724437156959523,66,lr_ppo_seed56,lr_ppo,LR-PPO,56
77967,soldier_caught,0,1,0,0,224,17,8.5,207,,,1.4594191312789917,0,1.1060538802725763,1.1720736026763916,1.2062685881662063,208,lr_ppo_seed56,lr_ppo,LR-PPO,56
77968,intercepted,1,0,0,0,55,13,6.5,42,55.0,27.5,4.261897563934326,0,1.1183663655159086,0.7372563481330872,1.2018119118854567,43,lr_ppo_seed56,lr_ppo,LR-PPO,56
77969,intercepted,1,0,0,0,223,15,7.5,208,223.0,111.5,2.342520236968994,0,1.1275500755347134,1.1837577819824219,1.2190177939863058,209,lr_ppo_seed56,lr_ppo,LR-PPO,56
77970,soldier_caught,0,1,0,0,88,14,7.0,74,,,1.9494343996047974,0,1.1500780538717905,1.069689393043518,1.24812301155367,75,lr_ppo_seed56,lr_ppo,LR-PPO,56
77971,soldier_caught,0,1,0,0,87,17,8.5,70,,,1.3083149194717407,0,1.1209546428331187,1.0460947751998901,1.2159175506926905,71,lr_ppo_seed56,lr_ppo,LR-PPO,56
77972,intercepted,1,0,0,0,83,15,7.5,68,83.0,41.5,3.2019879817962646,0,1.0873877427716185,0.8082149624824524,1.1756194781401317,69,lr_ppo_seed56,lr_ppo,LR-PPO,56
77973,intercepted,1,0,0,0,105,10,5.0,95,105.0,52.5,4.18091344833374,0,1.1339137367904186,1.0339590311050415,1.1979750245697087,96,lr_ppo_seed56,lr_ppo,LR-PPO,56
77974,intercepted,1,0,0,0,117,11,5.5,106,117.0,58.5,2.2136402130126953,0,1.0769665172306178,0.3253311812877655,1.1872060527745771,107,lr_ppo_seed56,lr_ppo,LR-PPO,56
77975,intercepted,1,0,0,0,91,14,7.0,77,91.0,45.5,2.123476982116699,0,1.141051495495515,1.1241869926452637,1.2602811191196948,78,lr_ppo_seed56,lr_ppo,LR-PPO,56
77976,soldier_caught,0,1,0,0,88,17,8.5,71,,,1.5931286811828613,0,1.1081440575006936,0.7149624824523926,1.2062844637541845,72,lr_ppo_seed56,lr_ppo,LR-PPO,56
77977,intercepted,1,0,0,0,19,17,8.5,2,19.0,9.5,5.555556774139404,0,1.0585264364878337,0.9149419069290161,1.0797115715594128,3,lr_ppo_seed56,lr_ppo,LR-PPO,56
77978,soldier_caught,0,1,0,0,49,17,8.5,32,,,0.951400101184845,0,1.1971163514888647,0.8100223541259766,1.3425796928887335,33,lr_ppo_seed56,lr_ppo,LR-PPO,56
77979,intercepted,1,0,0,0,77,18,9.0,59,77.0,38.5,4.721937656402588,0,1.1945033791164557,0.835785448551178,1.2820381274545651,60,lr_ppo_seed56,lr_ppo,LR-PPO,56
77980,intercepted,1,0,0,0,44,16,8.0,28,44.0,22.0,3.771699905395508,0,1.27954205973395,0.9757460951805115,1.3263695902595725,29,lr_ppo_seed56,lr_ppo,LR-PPO,56
77981,intercepted,1,0,0,0,110,22,11.0,88,110.0,55.0,3.3180770874023438,0,1.1186436093255374,0.7105070948600769,1.1998392989773858,89,lr_ppo_seed56,lr_ppo,LR-PPO,56
77982,soldier_caught,0,1,0,0,136,18,9.0,118,,,0.5674980878829956,0,1.068719844607746,0.8430436253547668,1.179791722109998,119,lr_ppo_seed56,lr_ppo,LR-PPO,56
77983,intercepted,1,0,0,0,81,16,8.0,65,81.0,40.5,2.420536756515503,0,1.1030388725074856,1.371839165687561,1.1927907913581313,66,lr_ppo_seed56,lr_ppo,LR-PPO,56
77984,soldier_caught,0,1,0,0,70,17,8.5,53,,,1.2557222843170166,0,1.2216948535707262,1.4361579418182373,1.2975969342616047,54,lr_ppo_seed56,lr_ppo,LR-PPO,56
77985,intercepted,1,0,0,0,14,12,6.0,2,14.0,7.0,7.896772861480713,0,1.0585395495096843,1.57087242603302,1.1793514520277388,3,lr_ppo_seed56,lr_ppo,LR-PPO,56
77986,soldier_caught,0,1,0,0,143,23,11.5,120,,,1.541448712348938,0,1.09550854452878,1.4375697374343872,1.1846352225572903,121,lr_ppo_seed56,lr_ppo,LR-PPO,56
77987,intercepted,1,0,0,0,14,12,6.0,2,14.0,7.0,7.9472150802612305,0,1.4483567674954732,1.886864185333252,1.5797456804913623,3,lr_ppo_seed56,lr_ppo,LR-PPO,56
77988,intercepted,1,0,0,0,62,20,10.0,42,62.0,31.0,6.451161861419678,0,0.9849161904218585,1.29677152633667,1.0870437436249278,43,lr_ppo_seed56,lr_ppo,LR-PPO,56
77989,soldier_caught,0,1,0,0,151,14,7.0,137,,,0.837575376033783,0,1.166587608879891,1.2087950706481934,1.2591073302388378,138,lr_ppo_seed56,lr_ppo,LR-PPO,56
77990,intercepted,1,0,0,0,17,15,7.5,2,17.0,8.5,6.709381580352783,0,1.2458459734916687,1.6767610311508179,1.2944943618281464,3,lr_ppo_seed56,lr_ppo,LR-PPO,56
77991,intercepted,1,0,0,0,22,20,10.0,2,22.0,11.0,5.1591572761535645,0,0.8345459500948588,1.1856616735458374,0.8724758930271971,3,lr_ppo_seed56,lr_ppo,LR-PPO,56
77992,intercepted,1,0,0,0,264,32,16.0,232,264.0,132.0,2.4814071655273438,0,1.1393743285933278,1.0695950984954834,1.224353933401117,233,lr_ppo_seed56,lr_ppo,LR-PPO,56
77993,intercepted,1,0,0,0,62,14,7.0,48,62.0,31.0,2.97216534614563,0,1.111010649374553,0.8623037338256836,1.186796286536701,49,lr_ppo_seed56,lr_ppo,LR-PPO,56
77994,intercepted,1,0,0,0,133,23,11.5,110,133.0,66.5,2.9610471725463867,0,1.0402007991666193,1.0999113321304321,1.1471399398297242,111,lr_ppo_seed56,lr_ppo,LR-PPO,56
77995,intercepted,1,0,0,0,128,13,6.5,115,128.0,64.0,4.641671180725098,0,1.109609078230529,1.4144830703735352,1.2114238253414091,116,lr_ppo_seed56,lr_ppo,LR-PPO,56
77996,intercepted,1,0,0,0,68,28,14.0,40,68.0,34.0,2.9061338901519775,0,1.2128364589156173,0.6395474672317505,1.3036190772852798,41,lr_ppo_seed56,lr_ppo,LR-PPO,56
77997,soldier_caught,0,1,0,0,77,16,8.0,61,,,1.5981203317642212,0,1.1741622777715806,1.1293644905090332,1.2681190476863544,62,lr_ppo_seed56,lr_ppo,LR-PPO,56
77998,intercepted,1,0,0,0,15,13,6.5,2,15.0,7.5,7.288854122161865,0,1.3661100169022877,2.0345559120178223,1.5252074018170172,3,lr_ppo_seed56,lr_ppo,LR-PPO,56
77999,soldier_caught,0,1,0,0,80,14,7.0,66,,,0.8063662052154541,0,1.110411644871555,2.4468953609466553,1.2395855579768043,67,lr_ppo_seed56,lr_ppo,LR-PPO,56
