environment_seed,outcome,success,soldier_caught,unsafe_intercept,timeout,total_steps,detection_step,detection_time_seconds,post_detection_steps,intercept_step,intercept_time_seconds,min_enemy_soldier_dist,physical_limit_violations,mean_tracking_error,final_tracking_error,tracking_rmse,n_tracking_samples,instance_id,instance_name,family,training_seed
77000,soldier_caught,0,1,0,0,379,15,7.5,364,,,1.1161390542984009,0,1.1032740574789375,1.802210807800293,1.1996789501579197,365,lr_ppo_seed57,lr_ppo,LR-PPO,57
77001,intercepted,1,0,0,0,47,23,11.5,24,47.0,23.5,2.98649001121521,0,1.0708448696136474,1.258610486984253,1.148258001563732,25,lr_ppo_seed57,lr_ppo,LR-PPO,57
77002,soldier_caught,0,1,0,0,43,17,8.5,26,,,1.578170657157898,0,1.0275167072260822,1.0496877431869507,1.0899918382638192,27,lr_ppo_seed57,lr_ppo,LR-PPO,57
77003,intercepted,1,0,0,0,18,15,7.5,3,18.0,9.0,12.207104682922363,0,0.7315064147114754,0.9200044274330139,0.7583039625492698,4,lr_ppo_seed57,lr_ppo,LR-PPO,57
77004,intercepted,1,0,0,0,17,15,7.5,2,17.0,8.5,7.235313415527344,0,0.7806859016418457,0.6984719634056091,0.7884766847054978,3,lr_ppo_seed57,lr_ppo,LR-PPO,57
77005,soldier_caught,0,1,0,0,184,18,9.0,166,,,0.9386221170425415,0,1.1241389769993857,0.530153214931488,1.2459597230184012,167,lr_ppo_seed57,lr_ppo,LR-PPO,57
77006,intercepted,1,0,0,0,25,23,11.5,2,25.0,12.5,7.507089614868164,0,1.722633163134257,1.313657283782959,1.7475840930858009,3,lr_ppo_seed57,lr_ppo,LR-PPO,57
77007,soldier_caught,0,1,0,0,88,17,8.5,71,,,1.610671043395996,0,1.1787320588611894,1.4811296463012695,1.281526640089802,72,lr_ppo_seed57,lr_ppo,LR-PPO,57
77008,intercepted,1,0,0,0,13,11,5.5,2,13.0,6.5,6.617441654205322,0,0.9563594659169515,1.2012308835983276,0.9801889580515429,3,lr_ppo_seed57,lr_ppo,LR-PPO,57
77009,intercepted,1,0,0,0,53,27,13.5,26,53.0,26.5,4.667941570281982,0,1.2518209130675704,0.2660512328147888,1.3496452905911343,27,lr_ppo_seed57,lr_ppo,LR-PPO,57
77010,intercepted,1,0,0,0,43,18,9.0,25,43.0,21.5,3.2100422382354736,0,1.2312880502297328,1.806031346321106,1.328191962975976,26,lr_ppo_seed57,lr_ppo,LR-PPO,57
77011,soldier_caught,0,1,0,0,261,20,10.0,241,,,0.7462252974510193,0,1.0870540772279924,2.0529890060424805,1.1842775281406224,242,lr_ppo_seed57,lr_ppo,LR-PPO,57
77012,intercepted,1,0,0,0,41,18,9.0,23,41.0,20.5,2.259752035140991,0,0.9669887144118547,1.4868446588516235,1.0485893689740562,24,lr_ppo_seed57,lr_ppo,LR-PPO,57
77013,intercepted,1,0,0,0,20,18,9.0,2,20.0,10.0,7.12496280670166,0,1.239104986190796,1.0173656940460205,1.2643537851713067,3,lr_ppo_seed57,lr_ppo,LR-PPO,57
77014,intercepted,1,0,0,0,168,14,7.0,154,168.0,84.0,4.327695846557617,0,1.091043471905493,0.9238187074661255,1.1753105567172057,155,lr_ppo_seed57,lr_ppo,LR-PPO,57
77015,soldier_caught,0,1,0,0,15,12,6.0,3,,,1.650931715965271,0,1.0929387658834457,0.8213210105895996,1.1238725461341246,4,lr_ppo_seed57,lr_ppo,LR-PPO,57
77016,soldier_caught,0,1,0,0,33,13,6.5,20,,,0.836538553237915,0,1.232357958952586,1.90452241897583,1.377317975234639,21,lr_ppo_seed57,lr_ppo,LR-PPO,57
77017,intercepted,1,0,0,0,112,21,10.5,91,112.0,56.0,4.144315719604492,0,1.2094037688296775,0.972855269908905,1.2886041833891475,92,lr_ppo_seed57,lr_ppo,LR-PPO,57
77018,soldier_caught,0,1,0,0,25,19,9.5,6,,,0.6238558888435364,0,1.3723975590297155,1.0525976419448853,1.4110337647444693,7,lr_ppo_seed57,lr_ppo,LR-PPO,57
77019,soldier_caught,0,1,0,0,18,14,7.0,4,,,1.8998647928237915,0,1.2687536954879761,2.2408392429351807,1.3681359361956218,5,lr_ppo_seed57,lr_ppo,LR-PPO,57
77020,soldier_caught,0,1,0,0,246,16,8.0,230,,,0.7137119770050049,0,1.134547168397026,1.203885555267334,1.226280925012876,231,lr_ppo_seed57,lr_ppo,LR-PPO,57
77021,soldier_caught,0,1,0,0,76,19,9.5,57,,,0.6175401210784912,0,1.2298103719949722,1.656425952911377,1.3323401986961314,58,lr_ppo_seed57,lr_ppo,LR-PPO,57
77022,intercepted,1,0,0,0,131,24,12.0,107,131.0,65.5,3.1228225231170654,0,1.1324104474926437,1.5158437490463257,1.2454517804581717,108,lr_ppo_seed57,lr_ppo,LR-PPO,57
77023,intercepted,1,0,0,0,246,19,9.5,227,246.0,123.0,2.4696643352508545,0,1.1131764621588223,0.7124752402305603,1.2163671096119866,228,lr_ppo_seed57,lr_ppo,LR-PPO,57
77024,intercepted,1,0,0,0,29,26,13.0,3,29.0,14.5,11.721196174621582,0,1.3231158405542374,1.8711895942687988,1.4027005957320846,4,lr_ppo_seed57,lr_ppo,LR-PPO,57
77025,soldier_caught,0,1,0,0,65,29,14.5,36,,,1.969114899635315,0,1.2968320186073716,1.9027116298675537,1.3969343798820268,37,lr_ppo_seed57,lr_ppo,LR-PPO,57
77026,intercepted,1,0,0,0,17,15,7.5,2,17.0,8.5,8.692461013793945,0,1.4653645356496174,1.1450623273849487,1.4839277845816807,3,lr_ppo_seed57,lr_ppo,LR-PPO,57
77027,intercepted,1,0,0,0,77,28,14.0,49,77.0,38.5,3.6062769889831543,0,1.0653911140561103,1.1598730087280273,1.139071557544994,50,lr_ppo_seed57,lr_ppo,LR-PPO,57
77028,soldier_caught,0,1,0,0,60,14,7.0,46,,,0.9890758991241455,0,1.2643219746173697,1.227455496788025,1.312682391778107,47,lr_ppo_seed57,lr_ppo,LR-PPO,57
77029,intercepted,1,0,0,0,318,20,10.0,298,318.0,159.0,2.13590145111084,0,1.1240604510873455,1.8811640739440918,1.2190624473590146,299,lr_ppo_seed57,lr_ppo,LR-PPO,57
77030,intercepted,1,0,0,0,41,13,6.5,28,41.0,20.5,2.91326904296875,0,1.21563675280275,1.1850160360336304,1.272539235736089,29,lr_ppo_seed57,lr_ppo,LR-PPO,57
77031,soldier_caught,0,1,0,0,354,16,8.0,338,,,1.1753941774368286,0,1.1433819924044397,1.914894461631775,1.2474932115836461,339,lr_ppo_seed57,lr_ppo,LR-PPO,57
77032,intercepted,1,0,0,0,44,19,9.5,25,44.0,22.0,2.944075584411621,0,1.293680340051651,0.8832205533981323,1.4020839424522402,26,lr_ppo_seed57,lr_ppo,LR-PPO,57
77033,intercepted,1,0,0,0,20,18,9.0,2,20.0,10.0,9.407852172851562,0,1.4369584719340007,0.7975900769233704,1.7194309461477055,3,lr_ppo_seed57,lr_ppo,LR-PPO,57
77034,intercepted,1,0,0,0,85,13,6.5,72,85.0,42.5,3.693089008331299,0,1.0687655092102208,1.3654658794403076,1.1709391092908326,73,lr_ppo_seed57,lr_ppo,LR-PPO,57
77035,soldier_caught,0,1,0,0,100,19,9.5,81,,,1.8837295770645142,0,1.1071927062258489,1.262790322303772,1.219296946166308,82,lr_ppo_seed57,lr_ppo,LR-PPO,57
77036,intercepted,1,0,0,0,84,17,8.5,67,84.0,42.0,3.925916910171509,0,1.1658222925137072,0.8330764174461365,1.2300389954265594,68,lr_ppo_seed57,lr_ppo,LR-PPO,57
77037,intercepted,1,0,0,0,41,18,9.0,23,41.0,20.5,3.7150397300720215,0,1.1178616310159366,1.4446661472320557,1.2093953708341312,24,lr_ppo_seed57,lr_ppo,LR-PPO,57
77038,intercepted,1,0,0,0,85,16,8.0,69,85.0,42.5,3.026853322982788,0,1.1001839599439076,0.6012576818466187,1.1945525064514104,70,lr_ppo_seed57,lr_ppo,LR-PPO,57
77039,soldier_caught,0,1,0,0,45,22,11.0,23,,,1.8691736459732056,0,1.0086638815701008,1.1906951665878296,1.0743395361366002,24,lr_ppo_seed57,lr_ppo,LR-PPO,57
77040,soldier_caught,0,1,0,0,182,16,8.0,166,,,1.5704424381256104,0,1.091017603963435,0.6231507062911987,1.1878115658734685,167,lr_ppo_seed57,lr_ppo,LR-PPO,57
77041,intercepted,1,0,0,0,25,23,11.5,2,25.0,12.5,8.159658432006836,0,0.4776318371295929,0.6820629239082336,0.5006581318716243,3,lr_ppo_seed57,lr_ppo,LR-PPO,57
77042,intercepted,1,0,0,0,160,12,6.0,148,160.0,80.0,2.777348041534424,0,1.1293854944457944,0.8142746090888977,1.2249416953029697,149,lr_ppo_seed57,lr_ppo,LR-PPO,57
77043,soldier_caught,0,1,0,0,52,23,11.5,29,,,1.933664321899414,0,1.2232196127374968,1.2895363569259644,1.3088207062060193,30,lr_ppo_seed57,lr_ppo,LR-PPO,57
77044,intercepted,1,0,0,0,131,22,11.0,109,131.0,65.5,4.308224201202393,0,1.1740058917890897,0.6338258981704712,1.2697404578846634,110,lr_ppo_seed57,lr_ppo,LR-PPO,57
77045,intercepted,1,0,0,0,44,19,9.5,25,44.0,22.0,3.608339548110962,0,1.1163238046260981,1.0339401960372925,1.190044554614029,26,lr_ppo_seed57,lr_ppo,LR-PPO,57
77046,soldier_caught,0,1,0,0,76,20,10.0,56,,,1.4212229251861572,0,1.1843837998938143,1.2157726287841797,1.2786882380829794,57,lr_ppo_seed57,lr_ppo,LR-PPO,57
77047,soldier_caught,0,1,0,0,167,13,6.5,154,,,0.5862925052642822,0,1.0997655904100787,1.0701298713684082,1.2000836505716064,155,lr_ppo_seed57,lr_ppo,LR-PPO,57
77048,soldier_caught,0,1,0,0,63,27,13.5,36,,,1.3876138925552368,0,1.1856837377354905,1.0970789194107056,1.2899207881818573,37,lr_ppo_seed57,lr_ppo,LR-PPO,57
77049,soldier_caught,0,1,0,0,87,21,10.5,66,,,0.7564246654510498,0,1.1128571393774516,1.8033967018127441,1.2163853216265008,67,lr_ppo_seed57,lr_ppo,LR-PPO,57
77050,intercepted,1,0,0,0,131,13,6.5,118,131.0,65.5,3.8119022846221924,0,1.1256415547192598,1.4765905141830444,1.2440652609896965,119,lr_ppo_seed57,lr_ppo,LR-PPO,57
77051,soldier_caught,0,1,0,0,80,22,11.0,58,,,1.054778814315796,0,1.0846806446374473,1.916553020477295,1.161079539701735,59,lr_ppo_seed57,lr_ppo,LR-PPO,57
77052,intercepted,1,0,0,0,170,21,10.5,149,170.0,85.0,3.4214508533477783,0,1.1831131243209043,0.8497710824012756,1.2870222853032385,150,lr_ppo_seed57,lr_ppo,LR-PPO,57
77053,intercepted,1,0,0,0,18,16,8.0,2,18.0,9.0,7.142904281616211,0,1.4116122722625732,1.251924991607666,1.4253721268936765,3,lr_ppo_seed57,lr_ppo,LR-PPO,57
77054,intercepted,1,0,0,0,170,15,7.5,155,170.0,85.0,2.230069160461426,0,1.1238658802631574,1.4322820901870728,1.2287737181524534,156,lr_ppo_seed57,lr_ppo,LR-PPO,57
77055,intercepted,1,0,0,0,87,16,8.0,71,87.0,43.5,6.523855686187744,0,1.1370806408425171,0.8037329912185669,1.2272674246731043,72,lr_ppo_seed57,lr_ppo,LR-PPO,57
77056,intercepted,1,0,0,0,299,18,9.0,281,299.0,149.5,2.16695237159729,0,1.1289582558980225,0.8935292959213257,1.2273785187217408,282,lr_ppo_seed57,lr_ppo,LR-PPO,57
77057,intercepted,1,0,0,0,109,16,8.0,93,109.0,54.5,3.872593402862549,0,1.092326804202922,0.574797511100769,1.2149477295204807,94,lr_ppo_seed57,lr_ppo,LR-PPO,57
77058,soldier_caught,0,1,0,0,64,15,7.5,49,,,1.0457162857055664,0,1.1091092658042907,1.4880876541137695,1.17152375478559,50,lr_ppo_seed57,lr_ppo,LR-PPO,57
77059,soldier_caught,0,1,0,0,40,16,8.0,24,,,0.7007820010185242,0,1.0466068863868714,1.1554718017578125,1.1540532603453062,25,lr_ppo_seed57,lr_ppo,LR-PPO,57
77060,intercepted,1,0,0,0,115,21,10.5,94,115.0,57.5,3.22963809967041,0,1.0444344743301994,0.9065003395080566,1.1347659690805756,95,lr_ppo_seed57,lr_ppo,LR-PPO,57
77061,intercepted,1,0,0,0,13,11,5.5,2,13.0,6.5,4.70245885848999,0,0.97407066822052,1.0080137252807617,0.9877062842828398,3,lr_ppo_seed57,lr_ppo,LR-PPO,57
77062,intercepted,1,0,0,0,69,21,10.5,48,69.0,34.5,5.7044243812561035,0,1.2922829991700697,2.0437607765197754,1.3983700886021038,49,lr_ppo_seed57,lr_ppo,LR-PPO,57
77063,intercepted,1,0,0,0,147,12,6.0,135,147.0,73.5,2.377567768096924,0,1.0775876775493516,1.1499704122543335,1.1703813378619454,136,lr_ppo_seed57,lr_ppo,LR-PPO,57
77064,intercepted,1,0,0,0,16,14,7.0,2,16.0,8.0,7.1158881187438965,0,1.5947336753209431,1.0030395984649658,1.6489539192080398,3,lr_ppo_seed57,lr_ppo,LR-PPO,57
77065,soldier_caught,0,1,0,0,41,17,8.5,24,,,1.0612419843673706,0,1.4215073740482331,1.2695846557617188,1.513921254897007,25,lr_ppo_seed57,lr_ppo,LR-PPO,57
77066,soldier_caught,0,1,0,0,198,15,7.5,183,,,1.397810459136963,0,1.0678389802899049,0.8347819447517395,1.1627339827576395,184,lr_ppo_seed57,lr_ppo,LR-PPO,57
77067,soldier_caught,0,1,0,0,115,21,10.5,94,,,0.2750968039035797,0,1.1846845259791927,1.9054659605026245,1.2996151400337057,95,lr_ppo_seed57,lr_ppo,LR-PPO,57
77068,soldier_caught,0,1,0,0,85,14,7.0,71,,,1.1878013610839844,0,1.1269897845470243,0.8819672465324402,1.2150336283498224,72,lr_ppo_seed57,lr_ppo,LR-PPO,57
77069,intercepted,1,0,0,0,123,16,8.0,107,123.0,61.5,2.13447904586792,0,1.1762334722335692,2.1500279903411865,1.2553753301869197,108,lr_ppo_seed57,lr_ppo,LR-PPO,57
77070,intercepted,1,0,0,0,16,14,7.0,2,16.0,8.0,7.093034744262695,0,1.3957688013712566,1.3461627960205078,1.425389921091749,3,lr_ppo_seed57,lr_ppo,LR-PPO,57
77071,intercepted,1,0,0,0,188,17,8.5,171,188.0,94.0,3.1445555686950684,0,1.10380278571054,1.4440042972564697,1.2071769715831386,172,lr_ppo_seed57,lr_ppo,LR-PPO,57
77072,intercepted,1,0,0,0,24,22,11.0,2,24.0,12.0,7.262696743011475,0,1.1556100249290466,0.7758358120918274,1.2587242011410245,3,lr_ppo_seed57,lr_ppo,LR-PPO,57
77073,soldier_caught,0,1,0,0,49,14,7.0,35,,,1.9095672369003296,0,1.081164836883545,1.7561465501785278,1.1891722806632228,36,lr_ppo_seed57,lr_ppo,LR-PPO,57
77074,intercepted,1,0,0,0,17,15,7.5,2,17.0,8.5,5.811635494232178,0,1.1342616180578868,0.4961813986301422,1.2331760428876577,3,lr_ppo_seed57,lr_ppo,LR-PPO,57
77075,intercepted,1,0,0,0,58,16,8.0,42,58.0,29.0,4.910341739654541,0,1.1153001837259116,1.031250238418579,1.2004076068615799,43,lr_ppo_seed57,lr_ppo,LR-PPO,57
77076,intercepted,1,0,0,0,213,12,6.0,201,213.0,106.5,2.910551071166992,0,1.13243452843168,1.0578166246414185,1.23392886962454,202,lr_ppo_seed57,lr_ppo,LR-PPO,57
77077,soldier_caught,0,1,0,0,80,19,9.5,61,,,0.8039246201515198,0,1.1022782563682525,0.9569792747497559,1.2068126882355636,62,lr_ppo_seed57,lr_ppo,LR-PPO,57
77078,soldier_caught,0,1,0,0,157,18,9.0,139,,,1.3858282566070557,0,1.1090332803981644,1.60039222240448,1.23217956497858,140,lr_ppo_seed57,lr_ppo,LR-PPO,57
77079,intercepted,1,0,0,0,73,24,12.0,49,73.0,36.5,2.4102585315704346,0,1.1038288021087646,0.8892317414283752,1.2218315522556153,50,lr_ppo_seed57,lr_ppo,LR-PPO,57
77080,soldier_caught,0,1,0,0,77,11,5.5,66,,,1.7725183963775635,0,1.2008003403446568,1.9103580713272095,1.2827227436416517,67,lr_ppo_seed57,lr_ppo,LR-PPO,57
77081,intercepted,1,0,0,0,23,21,10.5,2,23.0,11.5,7.581801891326904,0,1.2215011517206829,0.8966397047042847,1.244533683617697,3,lr_ppo_seed57,lr_ppo,LR-PPO,57
77082,unsafe_intercept,0,0,1,0,57,12,6.0,45,,,2.7988603115081787,0,1.1463952939147535,0.6001811027526855,1.2274893832388076,46,lr_ppo_seed57,lr_ppo,LR-PPO,57
77083,soldier_caught,0,1,0,0,19,15,7.5,4,,,0.7575554847717285,0,1.148804259300232,1.1601487398147583,1.188549734511322,5,lr_ppo_seed57,lr_ppo,LR-PPO,57
77084,intercepted,1,0,0,0,329,17,8.5,312,329.0,164.5,2.294527530670166,0,1.113722983497781,0.48943614959716797,1.2241496158254173,313,lr_ppo_seed57,lr_ppo,LR-PPO,57
77085,intercepted,1,0,0,0,129,12,6.0,117,129.0,64.5,2.194479465484619,0,1.1157250387941378,0.6384284496307373,1.2139228890978695,118,lr_ppo_seed57,lr_ppo,LR-PPO,57
77086,soldier_caught,0,1,0,0,74,13,6.5,61,,,1.378433108329773,0,1.1488176595059134,1.2216728925704956,1.2334452152401312,62,lr_ppo_seed57,lr_ppo,LR-PPO,57
77087,soldier_caught,0,1,0,0,152,13,6.5,139,,,1.7037577629089355,0,1.116691075691155,1.9456532001495361,1.2106871726826964,140,lr_ppo_seed57,lr_ppo,LR-PPO,57
77088,intercepted,1,0,0,0,77,13,6.5,64,77.0,38.5,2.545909881591797,0,1.0679083929612085,0.9516536593437195,1.1717018255827445,65,lr_ppo_seed57,lr_ppo,LR-PPO,57
77089,soldier_caught,0,1,0,0,24,20,10.0,4,,,0.9755623936653137,0,0.9817330837249756,0.6784876585006714,1.0658132922619137,5,lr_ppo_seed57,lr_ppo,LR-PPO,57
77090,soldier_caught,0,1,0,0,260,15,7.5,245,,,0.8251807689666748,0,1.0778117987016838,1.4347277879714966,1.1842649421640492,246,lr_ppo_seed57,lr_ppo,LR-PPO,57
77091,intercepted,1,0,0,0,14,12,6.0,2,14.0,7.0,7.181709289550781,0,0.49110523362954456,0.1303902119398117,0.5648125382611883,3,lr_ppo_seed57,lr_ppo,LR-PPO,57
77092,soldier_caught,0,1,0,0,48,11,5.5,37,,,1.6975492238998413,0,1.0836856318147559,1.0304131507873535,1.1349195099515872,38,lr_ppo_seed57,lr_ppo,LR-PPO,57
77093,intercepted,1,0,0,0,32,30,15.0,2,32.0,16.0,4.987359046936035,0,1.1264891624450684,1.1991368532180786,1.1297368398621437,3,lr_ppo_seed57,lr_ppo,LR-PPO,57
77094,intercepted,1,0,0,0,84,18,9.0,66,84.0,42.0,6.149478435516357,0,1.0597788604782588,1.2156957387924194,1.1601103692167398,67,lr_ppo_seed57,lr_ppo,LR-PPO,57
77095,soldier_caught,0,1,0,0,17,14,7.0,3,,,1.5963164567947388,0,1.2266134321689606,0.9682497978210449,1.3132951026787136,4,lr_ppo_seed57,lr_ppo,LR-PPO,57
77096,soldier_caught,0,1,0,0,238,18,9.0,220,,,1.7279123067855835,0,1.145618331782958,1.2264912128448486,1.2378453169437766,221,lr_ppo_seed57,lr_ppo,LR-PPO,57
77097,soldier_caught,0,1,0,0,36,16,8.0,20,,,1.433858036994934,0,1.171660990942092,1.0594103336334229,1.2667793544973844,21,lr_ppo_seed57,lr_ppo,LR-PPO,57
77098,intercepted,1,0,0,0,108,17,8.5,91,108.0,54.0,5.379662036895752,0,1.0981502931403078,0.841598391532898,1.2000349309662965,92,lr_ppo_seed57,lr_ppo,LR-PPO,57
77099,intercepted,1,0,0,0,103,11,5.5,92,103.0,51.5,3.7893502712249756,0,1.211550655544445,1.5534965991973877,1.302043214187132,93,lr_ppo_seed57,lr_ppo,LR-PPO,57
77100,soldier_caught,0,1,0,0,43,24,12.0,19,,,1.9179863929748535,0,1.2706762999296188,1.3576257228851318,1.3319683892204623,20,lr_ppo_seed57,lr_ppo,LR-PPO,57
77101,intercepted,1,0,0,0,21,19,9.5,2,21.0,10.5,6.34652042388916,0,0.47506331900755566,0.15615154802799225,0.5607278503670166,3,lr_ppo_seed57,lr_ppo,LR-PPO,57
77102,soldier_caught,0,1,0,0,155,17,8.5,138,,,1.5424391031265259,0,1.1168404969808867,1.23257315158844,1.204915154716488,139,lr_ppo_seed57,lr_ppo,LR-PPO,57
77103,intercepted,1,0,0,0,99,14,7.0,85,99.0,49.5,3.3768155574798584,0,1.0252522356634917,1.2640788555145264,1.1021016004427566,86,lr_ppo_seed57,lr_ppo,LR-PPO,57
77104,intercepted,1,0,0,0,20,18,9.0,2,20.0,10.0,6.4678449630737305,0,1.4858197768529255,1.8942667245864868,1.5922938027503535,3,lr_ppo_seed57,lr_ppo,LR-PPO,57
77105,soldier_caught,0,1,0,0,174,20,10.0,154,,,0.9586603045463562,0,1.1511180995452788,1.0719051361083984,1.251219533785532,155,lr_ppo_seed57,lr_ppo,LR-PPO,57
77106,intercepted,1,0,0,0,49,22,11.0,27,49.0,24.5,4.075161457061768,0,1.1218296800340926,1.30925714969635,1.1919966358743543,28,lr_ppo_seed57,lr_ppo,LR-PPO,57
77107,intercepted,1,0,0,0,61,15,7.5,46,61.0,30.5,6.406283378601074,0,1.1923349670907284,0.3175221383571625,1.3176303005700438,47,lr_ppo_seed57,lr_ppo,LR-PPO,57
77108,soldier_caught,0,1,0,0,41,14,7.0,27,,,1.6695729494094849,0,0.919555343288396,1.679401159286499,1.0532571610475523,28,lr_ppo_seed57,lr_ppo,LR-PPO,57
77109,intercepted,1,0,0,0,15,13,6.5,2,15.0,7.5,7.261135578155518,0,1.3571308453877766,1.6397771835327148,1.3833404900680162,3,lr_ppo_seed57,lr_ppo,LR-PPO,57
77110,intercepted,1,0,0,0,20,18,9.0,2,20.0,10.0,7.4133381843566895,0,1.158793528874715,1.0615239143371582,1.193561637976908,3,lr_ppo_seed57,lr_ppo,LR-PPO,57
77111,intercepted,1,0,0,0,254,13,6.5,241,254.0,127.0,2.4527409076690674,0,1.1881530182667015,0.8835335969924927,1.2772487109920818,242,lr_ppo_seed57,lr_ppo,LR-PPO,57
77112,soldier_caught,0,1,0,0,193,20,10.0,173,,,1.5446701049804688,0,1.0909726471565235,0.4516672194004059,1.1876572064121245,174,lr_ppo_seed57,lr_ppo,LR-PPO,57
77113,intercepted,1,0,0,0,25,23,11.5,2,25.0,12.5,6.84958553314209,0,0.4851384262243907,0.2912995219230652,0.5096944118070545,3,lr_ppo_seed57,lr_ppo,LR-PPO,57
77114,intercepted,1,0,0,0,16,14,7.0,2,16.0,8.0,4.60175895690918,0,1.1787770092487335,1.682123064994812,1.347143776197175,3,lr_ppo_seed57,lr_ppo,LR-PPO,57
77115,intercepted,1,0,0,0,182,21,10.5,161,182.0,91.0,2.129586935043335,0,1.172795076981003,2.330305576324463,1.2505524535307415,162,lr_ppo_seed57,lr_ppo,LR-PPO,57
77116,soldier_caught,0,1,0,0,116,17,8.5,99,,,0.5015310049057007,0,1.0623434653878212,0.6934585571289062,1.1612454440240731,100,lr_ppo_seed57,lr_ppo,LR-PPO,57
77117,intercepted,1,0,0,0,16,14,7.0,2,16.0,8.0,6.364965438842773,0,1.3461094498634338,1.4572125673294067,1.4183443823996538,3,lr_ppo_seed57,lr_ppo,LR-PPO,57
77118,intercepted,1,0,0,0,18,16,8.0,2,18.0,9.0,4.632585525512695,0,1.121091643969218,1.5023518800735474,1.1623289197578648,3,lr_ppo_seed57,lr_ppo,LR-PPO,57
77119,intercepted,1,0,0,0,108,13,6.5,95,108.0,54.0,4.089930057525635,0,1.137534359935671,1.6901742219924927,1.2621691842222906,96,lr_ppo_seed57,lr_ppo,LR-PPO,57
77120,soldier_caught,0,1,0,0,62,23,11.5,39,,,1.575739860534668,0,0.9852410569787026,0.8574532270431519,1.0834490589998738,40,lr_ppo_seed57,lr_ppo,LR-PPO,57
77121,soldier_caught,0,1,0,0,63,33,16.5,30,,,1.9194047451019287,0,1.1546719204033575,0.8778780698776245,1.2879038687152753,31,lr_ppo_seed57,lr_ppo,LR-PPO,57
77122,intercepted,1,0,0,0,82,14,7.0,68,82.0,41.0,3.668159246444702,0,1.2068803604098335,1.5114729404449463,1.3161830929150438,69,lr_ppo_seed57,lr_ppo,LR-PPO,57
77123,intercepted,1,0,0,0,59,12,6.0,47,59.0,29.5,5.1659321784973145,0,1.2722449290255706,0.35637685656547546,1.377790210731861,48,lr_ppo_seed57,lr_ppo,LR-PPO,57
77124,intercepted,1,0,0,0,60,16,8.0,44,60.0,30.0,5.434857368469238,0,1.1217433048619165,1.2075690031051636,1.1938789184869059,45,lr_ppo_seed57,lr_ppo,LR-PPO,57
77125,soldier_caught,0,1,0,0,120,10,5.0,110,,,1.554038166999817,0,1.2097620372031186,1.8480771780014038,1.315599468631708,111,lr_ppo_seed57,lr_ppo,LR-PPO,57
77126,intercepted,1,0,0,0,103,17,8.5,86,103.0,51.5,3.5986361503601074,0,1.1585108870747445,1.251933217048645,1.23693975278513,87,lr_ppo_seed57,lr_ppo,LR-PPO,57
77127,intercepted,1,0,0,0,63,22,11.0,41,63.0,31.5,2.4621527194976807,0,0.954428697625796,0.9179384112358093,1.0647980728745658,42,lr_ppo_seed57,lr_ppo,LR-PPO,57
77128,soldier_caught,0,1,0,0,19,13,6.5,6,,,1.9528335332870483,0,1.2458457521029882,2.1778934001922607,1.3309050120328358,7,lr_ppo_seed57,lr_ppo,LR-PPO,57
77129,intercepted,1,0,0,0,22,20,10.0,2,22.0,11.0,7.277740955352783,0,1.4297017653783162,1.301393985748291,1.43261041675136,3,lr_ppo_seed57,lr_ppo,LR-PPO,57
77130,intercepted,1,0,0,0,61,17,8.5,44,61.0,30.5,3.6205341815948486,0,1.0769987218909793,1.3207591772079468,1.170106058759594,45,lr_ppo_seed57,lr_ppo,LR-PPO,57
77131,intercepted,1,0,0,0,35,18,9.0,17,35.0,17.5,5.921045780181885,0,1.0966258760955598,1.5888211727142334,1.1694747177572347,18,lr_ppo_seed57,lr_ppo,LR-PPO,57
77132,soldier_caught,0,1,0,0,115,17,8.5,98,,,1.2249490022659302,0,1.2038127355503314,1.7093809843063354,1.3062196933791352,99,lr_ppo_seed57,lr_ppo,LR-PPO,57
77133,intercepted,1,0,0,0,69,19,9.5,50,69.0,34.5,3.342594623565674,0,1.195660680824635,0.9821901321411133,1.2934049342952152,51,lr_ppo_seed57,lr_ppo,LR-PPO,57
77134,intercepted,1,0,0,0,206,13,6.5,193,206.0,103.0,2.8082492351531982,0,1.109898865991032,0.6335704922676086,1.2000763224155349,194,lr_ppo_seed57,lr_ppo,LR-PPO,57
77135,intercepted,1,0,0,0,62,17,8.5,45,62.0,31.0,3.7276172637939453,0,1.1446817225736121,1.9762110710144043,1.2656256758909348,46,lr_ppo_seed57,lr_ppo,LR-PPO,57
77136,intercepted,1,0,0,0,127,16,8.0,111,127.0,63.5,4.126659870147705,0,1.1638164932706527,1.0449610948562622,1.261326349735919,112,lr_ppo_seed57,lr_ppo,LR-PPO,57
77137,soldier_caught,0,1,0,0,55,13,6.5,42,,,1.4314489364624023,0,1.214273402857226,1.5591988563537598,1.2984665307746617,43,lr_ppo_seed57,lr_ppo,LR-PPO,57
77138,intercepted,1,0,0,0,66,17,8.5,49,66.0,33.0,6.682409763336182,0,1.1122656518220901,1.5064021348953247,1.1837706581444891,50,lr_ppo_seed57,lr_ppo,LR-PPO,57
77139,intercepted,1,0,0,0,62,14,7.0,48,62.0,31.0,3.0356760025024414,0,1.1612890715501747,1.1222132444381714,1.2446794056100503,49,lr_ppo_seed57,lr_ppo,LR-PPO,57
77140,soldier_caught,0,1,0,0,85,20,10.0,65,,,1.895929217338562,0,1.1188291830546928,1.1335453987121582,1.2032381860505426,66,lr_ppo_seed57,lr_ppo,LR-PPO,57
77141,intercepted,1,0,0,0,154,18,9.0,136,154.0,77.0,2.729722261428833,0,1.0857639008194861,0.16027089953422546,1.1701143335037287,137,lr_ppo_seed57,lr_ppo,LR-PPO,57
77142,intercepted,1,0,0,0,20,18,9.0,2,20.0,10.0,6.7571635246276855,0,0.8169552783171335,0.5853791832923889,0.986978167982704,3,lr_ppo_seed57,lr_ppo,LR-PPO,57
77143,intercepted,1,0,0,0,530,18,9.0,512,530.0,265.0,2.410141944885254,0,1.1132500735465547,1.506066083908081,1.201072564042856,513,lr_ppo_seed57,lr_ppo,LR-PPO,57
77144,intercepted,1,0,0,0,17,15,7.5,2,17.0,8.5,6.828855514526367,0,0.7894700368245443,1.5756462812423706,0.9730450511007341,3,lr_ppo_seed57,lr_ppo,LR-PPO,57
77145,soldier_caught,0,1,0,0,83,24,12.0,59,,,1.7442289590835571,0,1.1720847750703494,0.5703375339508057,1.2595019870854731,60,lr_ppo_seed57,lr_ppo,LR-PPO,57
77146,intercepted,1,0,0,0,17,15,7.5,2,17.0,8.5,7.320427417755127,0,1.205742359161377,1.8175444602966309,1.296213553480698,3,lr_ppo_seed57,lr_ppo,LR-PPO,57
77147,intercepted,1,0,0,0,23,21,10.5,2,23.0,11.5,6.653396129608154,0,1.0664183149735134,1.3820269107818604,1.230794280053363,3,lr_ppo_seed57,lr_ppo,LR-PPO,57
77148,soldier_caught,0,1,0,0,37,17,8.5,20,,,1.8992336988449097,0,1.0070415486892064,0.5863866209983826,1.1256789344082567,21,lr_ppo_seed57,lr_ppo,LR-PPO,57
77149,soldier_caught,0,1,0,0,39,18,9.0,21,,,1.258086085319519,0,1.0310800210996107,0.9826802611351013,1.1220471804262666,22,lr_ppo_seed57,lr_ppo,LR-PPO,57
77150,intercepted,1,0,0,0,15,13,6.5,2,15.0,7.5,7.021872520446777,0,1.148208479086558,1.3296929597854614,1.156501698312197,3,lr_ppo_seed57,lr_ppo,LR-PPO,57
77151,intercepted,1,0,0,0,16,14,7.0,2,16.0,8.0,6.366701602935791,0,0.9880081613858541,0.8683814406394958,1.031479982101316,3,lr_ppo_seed57,lr_ppo,LR-PPO,57
77152,intercepted,1,0,0,0,23,21,10.5,2,23.0,11.5,7.107204914093018,0,1.0067938963572185,1.5467641353607178,1.0815774154462365,3,lr_ppo_seed57,lr_ppo,LR-PPO,57
77153,intercepted,1,0,0,0,128,17,8.5,111,128.0,64.0,5.491801738739014,0,1.1241907843255572,0.5562292337417603,1.2274580489218498,112,lr_ppo_seed57,lr_ppo,LR-PPO,57
77154,soldier_caught,0,1,0,0,77,22,11.0,55,,,1.0574724674224854,0,1.1453743534428733,1.9426095485687256,1.231502059982117,56,lr_ppo_seed57,lr_ppo,LR-PPO,57
77155,soldier_caught,0,1,0,0,141,17,8.5,124,,,1.7915540933609009,0,1.043479938209057,0.8571781516075134,1.1402327446902236,125,lr_ppo_seed57,lr_ppo,LR-PPO,57
77156,soldier_caught,0,1,0,0,19,14,7.0,5,,,1.9429125785827637,0,1.1693212985992432,1.7648135423660278,1.3210442748405609,6,lr_ppo_seed57,lr_ppo,LR-PPO,57
77157,soldier_caught,0,1,0,0,140,15,7.5,125,,,1.3514732122421265,0,1.1679966757221827,0.3131020963191986,1.258254237037466,126,lr_ppo_seed57,lr_ppo,LR-PPO,57
77158,intercepted,1,0,0,0,189,12,6.0,177,189.0,94.5,2.257085084915161,0,1.028330734104253,1.0875108242034912,1.1267066256095963,178,lr_ppo_seed57,lr_ppo,LR-PPO,57
77159,soldier_caught,0,1,0,0,185,19,9.5,166,,,1.4958181381225586,0,1.0888651254291306,1.0621576309204102,1.186413590656114,167,lr_ppo_seed57,lr_ppo,LR-PPO,57
77160,soldier_caught,0,1,0,0,91,18,9.0,73,,,1.730949878692627,0,1.1651523509943806,0.12965832650661469,1.258312497125012,74,lr_ppo_seed57,lr_ppo,LR-PPO,57
77161,intercepted,1,0,0,0,60,15,7.5,45,60.0,30.0,4.067221641540527,0,1.2025846728812093,0.523829996585846,1.3075661087771049,46,lr_ppo_seed57,lr_ppo,LR-PPO,57
77162,soldier_caught,0,1,0,0,52,18,9.0,34,,,1.6776834726333618,0,1.2071883137737,1.9759068489074707,1.3057748691715305,35,lr_ppo_seed57,lr_ppo,LR-PPO,57
77163,intercepted,1,0,0,0,172,27,13.5,145,172.0,86.0,2.7216875553131104,0,1.148905978627401,1.0505752563476562,1.2478392495696655,146,lr_ppo_seed57,lr_ppo,LR-PPO,57
77164,soldier_caught,0,1,0,0,73,14,7.0,59,,,1.5929806232452393,0,1.1001682134966055,1.5430316925048828,1.192262242335821,60,lr_ppo_seed57,lr_ppo,LR-PPO,57
77165,intercepted,1,0,0,0,22,20,10.0,2,22.0,11.0,6.609792709350586,0,1.0155224402745564,0.9399240612983704,1.0724106611739943,3,lr_ppo_seed57,lr_ppo,LR-PPO,57
77166,intercepted,1,0,0,0,154,18,9.0,136,154.0,77.0,2.0639102458953857,0,1.1619584147621245,1.5314092636108398,1.2622536557138349,137,lr_ppo_seed57,lr_ppo,LR-PPO,57
77167,soldier_caught,0,1,0,0,56,15,7.5,41,,,0.5491793751716614,0,1.2659246850581396,1.4481934309005737,1.3764592808640654,42,lr_ppo_seed57,lr_ppo,LR-PPO,57
77168,soldier_caught,0,1,0,0,49,14,7.0,35,,,1.5783681869506836,0,1.0958099654979176,1.6111420392990112,1.1536513332929101,36,lr_ppo_seed57,lr_ppo,LR-PPO,57
77169,soldier_caught,0,1,0,0,61,15,7.5,46,,,0.7027179598808289,0,1.2385673098107601,0.9731425046920776,1.3479916724209406,47,lr_ppo_seed57,lr_ppo,LR-PPO,57
77170,intercepted,1,0,0,0,65,20,10.0,45,65.0,32.5,3.8831787109375,0,1.0595565930656765,0.7351198792457581,1.1748610187220832,46,lr_ppo_seed57,lr_ppo,LR-PPO,57
77171,soldier_caught,0,1,0,0,54,14,7.0,40,,,1.5562512874603271,0,1.0686302163252017,0.5450472235679626,1.1585636150963512,41,lr_ppo_seed57,lr_ppo,LR-PPO,57
77172,soldier_caught,0,1,0,0,127,19,9.5,108,,,1.1062359809875488,0,1.1242223448983026,1.3151055574417114,1.2306072620488941,109,lr_ppo_seed57,lr_ppo,LR-PPO,57
77173,intercepted,1,0,0,0,21,19,9.5,2,21.0,10.5,7.259799957275391,0,0.725502093633016,0.8452142477035522,0.7317243399559373,3,lr_ppo_seed57,lr_ppo,LR-PPO,57
77174,intercepted,1,0,0,0,21,19,9.5,2,21.0,10.5,6.154332637786865,0,1.4492788910865784,0.7927318215370178,1.5220099628823514,3,lr_ppo_seed57,lr_ppo,LR-PPO,57
77175,intercepted,1,0,0,0,85,16,8.0,69,85.0,42.5,4.304816722869873,0,1.1238695449062757,0.4249955415725708,1.2631603606893012,70,lr_ppo_seed57,lr_ppo,LR-PPO,57
77176,soldier_caught,0,1,0,0,91,19,9.5,72,,,1.6708112955093384,0,1.0925872366722316,0.6267605423927307,1.189588074914511,73,lr_ppo_seed57,lr_ppo,LR-PPO,57
77177,soldier_caught,0,1,0,0,125,18,9.0,107,,,1.5737541913986206,0,1.1235666904184554,0.683605968952179,1.223508619326649,108,lr_ppo_seed57,lr_ppo,LR-PPO,57
77178,soldier_caught,0,1,0,0,106,17,8.5,89,,,1.2837016582489014,0,1.2164750158786775,1.5267927646636963,1.322396285833271,90,lr_ppo_seed57,lr_ppo,LR-PPO,57
77179,intercepted,1,0,0,0,162,18,9.0,144,162.0,81.0,2.4868435859680176,0,1.2089627259764177,1.0564312934875488,1.2878745170125065,145,lr_ppo_seed57,lr_ppo,LR-PPO,57
77180,intercepted,1,0,0,0,33,17,8.5,16,33.0,16.5,4.549839973449707,0,1.078622677746941,0.9949584007263184,1.1770858068038776,17,lr_ppo_seed57,lr_ppo,LR-PPO,57
77181,soldier_caught,0,1,0,0,114,22,11.0,92,,,0.9930278062820435,0,1.093745642772285,0.9045732021331787,1.1816026776587845,93,lr_ppo_seed57,lr_ppo,LR-PPO,57
77182,intercepted,1,0,0,0,68,19,9.5,49,68.0,34.0,2.791804075241089,0,1.1886940044164658,0.7807112336158752,1.2729322590220407,50,lr_ppo_seed57,lr_ppo,LR-PPO,57
77183,intercepted,1,0,0,0,404,16,8.0,388,404.0,202.0,2.460230827331543,0,1.1508613520309061,1.6146043539047241,1.2429146894956262,389,lr_ppo_seed57,lr_ppo,LR-PPO,57
77184,intercepted,1,0,0,0,22,20,10.0,2,22.0,11.0,5.33012056350708,0,0.6616156299908956,0.5869272351264954,0.6674791914616264,3,lr_ppo_seed57,lr_ppo,LR-PPO,57
77185,intercepted,1,0,0,0,93,21,10.5,72,93.0,46.5,2.504399061203003,0,1.0997554831308862,0.9041774272918701,1.2139473990413054,73,lr_ppo_seed57,lr_ppo,LR-PPO,57
77186,intercepted,1,0,0,0,88,19,9.5,69,88.0,44.0,3.3565611839294434,0,1.2483827554753848,1.069474220275879,1.3392893217337496,70,lr_ppo_seed57,lr_ppo,LR-PPO,57
77187,intercepted,1,0,0,0,12,10,5.0,2,12.0,6.0,5.426234245300293,0,1.3036511739095051,1.4325658082962036,1.316289447565411,3,lr_ppo_seed57,lr_ppo,LR-PPO,57
77188,soldier_caught,0,1,0,0,64,21,10.5,43,,,1.0306923389434814,0,0.9962840229272842,1.0982052087783813,1.086828256366245,44,lr_ppo_seed57,lr_ppo,LR-PPO,57
77189,intercepted,1,0,0,0,14,12,6.0,2,14.0,7.0,8.001185417175293,0,1.3446720739205678,1.2083933353424072,1.5462103138063572,3,lr_ppo_seed57,lr_ppo,LR-PPO,57
77190,soldier_caught,0,1,0,0,107,16,8.0,91,,,1.9031873941421509,0,1.1934066035825273,1.3001060485839844,1.3156730251691005,92,lr_ppo_seed57,lr_ppo,LR-PPO,57
77191,intercepted,1,0,0,0,203,10,5.0,193,203.0,101.5,2.95133900642395,0,1.120216886906587,0.417796790599823,1.2218037027914916,194,lr_ppo_seed57,lr_ppo,LR-PPO,57
77192,intercepted,1,0,0,0,244,12,6.0,232,244.0,122.0,2.719329833984375,0,1.07267106062225,0.41566577553749084,1.1815308916941458,233,lr_ppo_seed57,lr_ppo,LR-PPO,57
77193,intercepted,1,0,0,0,125,13,6.5,112,125.0,62.5,3.7320802211761475,0,1.1622913142221163,0.7315570712089539,1.2701244510416931,113,lr_ppo_seed57,lr_ppo,LR-PPO,57
77194,soldier_caught,0,1,0,0,161,24,12.0,137,,,1.0313905477523804,0,1.0575844328040662,0.7867461442947388,1.1422801058344674,138,lr_ppo_seed57,lr_ppo,LR-PPO,57
77195,intercepted,1,0,0,0,99,13,6.5,86,99.0,49.5,3.415916919708252,0,1.096876722128912,1.2229970693588257,1.215491549465915,87,lr_ppo_seed57,lr_ppo,LR-PPO,57
77196,intercepted,1,0,0,0,60,17,8.5,43,60.0,30.0,5.108145713806152,0,1.0377801846374164,0.6624436974525452,1.1434451224320203,44,lr_ppo_seed57,lr_ppo,LR-PPO,57
77197,soldier_caught,0,1,0,0,62,16,8.0,46,,,1.956690788269043,0,1.1875722902886412,0.9396271109580994,1.308125912595899,47,lr_ppo_seed57,lr_ppo,LR-PPO,57
77198,soldier_caught,0,1,0,0,18,14,7.0,4,,,0.8994942307472229,0,1.525914192199707,1.4760850667953491,1.5921531021656514,5,lr_ppo_seed57,lr_ppo,LR-PPO,57
77199,soldier_caught,0,1,0,0,129,17,8.5,112,,,1.486211895942688,0,1.1350972134191377,0.9270830750465393,1.2184200865958312,113,lr_ppo_seed57,lr_ppo,LR-PPO,57
77200,intercepted,1,0,0,0,64,22,11.0,42,64.0,32.0,5.5627923011779785,0,1.1555730950000673,0.9410921335220337,1.2336757627354005,43,lr_ppo_seed57,lr_ppo,LR-PPO,57
77201,soldier_caught,0,1,0,0,74,12,6.0,62,,,1.8575044870376587,0,1.215320167560426,1.4416358470916748,1.2920502225652983,63,lr_ppo_seed57,lr_ppo,LR-PPO,57
77202,soldier_caught,0,1,0,0,201,16,8.0,185,,,1.8362566232681274,0,1.0954602629106531,1.1967837810516357,1.1862826396556005,186,lr_ppo_seed57,lr_ppo,LR-PPO,57
77203,soldier_caught,0,1,0,0,178,18,9.0,160,,,1.6112380027770996,0,1.123541349024506,1.2804558277130127,1.2098253276447517,161,lr_ppo_seed57,lr_ppo,LR-PPO,57
77204,intercepted,1,0,0,0,125,21,10.5,104,125.0,62.5,2.3974101543426514,0,1.1322245156481152,1.6678619384765625,1.222653045761305,105,lr_ppo_seed57,lr_ppo,LR-PPO,57
77205,intercepted,1,0,0,0,125,16,8.0,109,125.0,62.5,4.941128253936768,0,1.1260207419368353,1.5782368183135986,1.2285150883461669,110,lr_ppo_seed57,lr_ppo,LR-PPO,57
77206,intercepted,1,0,0,0,61,14,7.0,47,61.0,30.5,3.5204598903656006,0,1.108521996686856,1.0492020845413208,1.2144022425062713,48,lr_ppo_seed57,lr_ppo,LR-PPO,57
77207,soldier_caught,0,1,0,0,107,13,6.5,94,,,1.7289658784866333,0,1.1353927320555637,1.6738284826278687,1.2317641850257548,95,lr_ppo_seed57,lr_ppo,LR-PPO,57
77208,soldier_caught,0,1,0,0,31,25,12.5,6,,,1.294341802597046,0,0.8960838658469064,1.4626497030258179,0.94307463355396,7,lr_ppo_seed57,lr_ppo,LR-PPO,57
77209,soldier_caught,0,1,0,0,42,24,12.0,18,,,0.5779552459716797,0,1.2831022206105684,1.2864713668823242,1.4304216941833152,19,lr_ppo_seed57,lr_ppo,LR-PPO,57
77210,soldier_caught,0,1,0,0,67,24,12.0,43,,,1.9639369249343872,0,1.1453405821865255,0.6602876782417297,1.2114374110714679,44,lr_ppo_seed57,lr_ppo,LR-PPO,57
77211,soldier_caught,0,1,0,0,54,15,7.5,39,,,1.8079211711883545,0,1.1513042628765107,0.8577625155448914,1.251001551089188,40,lr_ppo_seed57,lr_ppo,LR-PPO,57
77212,soldier_caught,0,1,0,0,101,16,8.0,85,,,0.7908307313919067,0,1.0844182055010352,1.360622525215149,1.167029945502966,86,lr_ppo_seed57,lr_ppo,LR-PPO,57
77213,intercepted,1,0,0,0,119,16,8.0,103,119.0,59.5,2.253279447555542,0,1.124804083401194,1.6944304704666138,1.2204307452903134,104,lr_ppo_seed57,lr_ppo,LR-PPO,57
77214,soldier_caught,0,1,0,0,69,17,8.5,52,,,1.0722951889038086,0,1.1187855966810911,1.2579443454742432,1.2006885647941252,53,lr_ppo_seed57,lr_ppo,LR-PPO,57
77215,soldier_caught,0,1,0,0,57,18,9.0,39,,,1.528104543685913,0,1.1354710079729557,2.304492712020874,1.2211119465933042,40,lr_ppo_seed57,lr_ppo,LR-PPO,57
77216,intercepted,1,0,0,0,66,17,8.5,49,66.0,33.0,2.3159260749816895,0,1.0964495331048965,0.9493488669395447,1.2174555573547052,50,lr_ppo_seed57,lr_ppo,LR-PPO,57
77217,intercepted,1,0,0,0,109,15,7.5,94,109.0,54.5,3.907151937484741,0,1.116128712735678,1.4109342098236084,1.2056809831128106,95,lr_ppo_seed57,lr_ppo,LR-PPO,57
77218,soldier_caught,0,1,0,0,89,18,9.0,71,,,1.2474133968353271,0,1.1617942202008433,1.0855046510696411,1.287328886208039,72,lr_ppo_seed57,lr_ppo,LR-PPO,57
77219,intercepted,1,0,0,0,11,9,4.5,2,11.0,5.5,7.047296047210693,0,1.0496583183606465,1.3080792427062988,1.0655108713636763,3,lr_ppo_seed57,lr_ppo,LR-PPO,57
77220,intercepted,1,0,0,0,110,17,8.5,93,110.0,55.0,5.150078773498535,0,1.111485942881158,1.2469428777694702,1.1999050659323949,94,lr_ppo_seed57,lr_ppo,LR-PPO,57
77221,intercepted,1,0,0,0,85,17,8.5,68,85.0,42.5,4.163180351257324,0,1.0846511091011157,1.3498022556304932,1.1551917509933716,69,lr_ppo_seed57,lr_ppo,LR-PPO,57
77222,intercepted,1,0,0,0,18,16,8.0,2,18.0,9.0,5.6140360832214355,0,0.7191596627235413,0.810363233089447,0.7569128912119316,3,lr_ppo_seed57,lr_ppo,LR-PPO,57
77223,intercepted,1,0,0,0,35,14,7.0,21,35.0,17.5,2.1449620723724365,0,1.1554555825211785,1.0366617441177368,1.2536416510727317,22,lr_ppo_seed57,lr_ppo,LR-PPO,57
77224,soldier_caught,0,1,0,0,111,20,10.0,91,,,0.941601574420929,0,1.1247841762783735,0.8905393481254578,1.233709135227403,92,lr_ppo_seed57,lr_ppo,LR-PPO,57
77225,soldier_caught,0,1,0,0,93,30,15.0,63,,,1.448667049407959,0,1.1512179872952402,0.36993148922920227,1.2597092945963657,64,lr_ppo_seed57,lr_ppo,LR-PPO,57
77226,intercepted,1,0,0,0,49,21,10.5,28,49.0,24.5,4.170677661895752,0,1.1343726978219788,0.867280125617981,1.2251485217389568,29,lr_ppo_seed57,lr_ppo,LR-PPO,57
77227,intercepted,1,0,0,0,107,15,7.5,92,107.0,53.5,3.1182658672332764,0,1.0855301370223363,1.4457253217697144,1.1791754344109857,93,lr_ppo_seed57,lr_ppo,LR-PPO,57
77228,soldier_caught,0,1,0,0,30,22,11.0,8,,,1.6215662956237793,0,1.2501000265280406,1.0303044319152832,1.3777971519132834,9,lr_ppo_seed57,lr_ppo,LR-PPO,57
77229,intercepted,1,0,0,0,113,12,6.0,101,113.0,56.5,3.6766629219055176,0,1.1993064813169778,0.39902588725090027,1.3028194278581333,102,lr_ppo_seed57,lr_ppo,LR-PPO,57
77230,soldier_caught,0,1,0,0,55,24,12.0,31,,,1.9743285179138184,0,1.155090173240751,1.1073275804519653,1.2452439870513923,32,lr_ppo_seed57,lr_ppo,LR-PPO,57
77231,soldier_caught,0,1,0,0,35,16,8.0,19,,,1.9963876008987427,0,1.1453383401036263,2.250436782836914,1.2322306664575238,20,lr_ppo_seed57,lr_ppo,LR-PPO,57
77232,soldier_caught,0,1,0,0,227,21,10.5,206,,,1.7458919286727905,0,1.1469482933193589,1.494810700416565,1.2432577426255333,207,lr_ppo_seed57,lr_ppo,LR-PPO,57
77233,intercepted,1,0,0,0,82,13,6.5,69,82.0,41.0,5.837628364562988,0,1.1095047320638385,0.9176765084266663,1.210677118887481,70,lr_ppo_seed57,lr_ppo,LR-PPO,57
77234,soldier_caught,0,1,0,0,121,18,9.0,103,,,1.9829736948013306,0,1.17143335336676,1.3407973051071167,1.2883473622065555,104,lr_ppo_seed57,lr_ppo,LR-PPO,57
77235,intercepted,1,0,0,0,39,15,7.5,24,39.0,19.5,3.3449532985687256,0,1.160203949213028,1.2918896675109863,1.2461035937290341,25,lr_ppo_seed57,lr_ppo,LR-PPO,57
77236,soldier_caught,0,1,0,0,156,13,6.5,143,,,1.5016683340072632,0,1.0911862544922366,0.4763851463794708,1.189325046086123,144,lr_ppo_seed57,lr_ppo,LR-PPO,57
77237,soldier_caught,0,1,0,0,65,14,7.0,51,,,1.930605173110962,0,1.1730809349280138,1.1008625030517578,1.25810928103778,52,lr_ppo_seed57,lr_ppo,LR-PPO,57
77238,soldier_caught,0,1,0,0,114,16,8.0,98,,,1.8804473876953125,0,1.0525666562595752,0.3464985191822052,1.1611664039014657,99,lr_ppo_seed57,lr_ppo,LR-PPO,57
77239,soldier_caught,0,1,0,0,229,16,8.0,213,,,0.6549383401870728,0,1.0983237412836506,1.1763927936553955,1.1957681169304515,214,lr_ppo_seed57,lr_ppo,LR-PPO,57
77240,soldier_caught,0,1,0,0,54,14,7.0,40,,,1.3990929126739502,0,1.1493855009718639,1.4845353364944458,1.2072490458148701,41,lr_ppo_seed57,lr_ppo,LR-PPO,57
77241,soldier_caught,0,1,0,0,59,14,7.0,45,,,1.5132404565811157,0,1.2848222385282102,0.9828208684921265,1.4091480931764626,46,lr_ppo_seed57,lr_ppo,LR-PPO,57
77242,intercepted,1,0,0,0,59,13,6.5,46,59.0,29.5,3.2164382934570312,0,1.1160273082712864,1.1020019054412842,1.1907267657542215,47,lr_ppo_seed57,lr_ppo,LR-PPO,57
77243,intercepted,1,0,0,0,162,12,6.0,150,162.0,81.0,4.092259407043457,0,1.1387971005100288,1.5546512603759766,1.2307959043657195,151,lr_ppo_seed57,lr_ppo,LR-PPO,57
77244,soldier_caught,0,1,0,0,65,17,8.5,48,,,1.0864191055297852,0,1.293081911242738,1.3948100805282593,1.3817903724933176,49,lr_ppo_seed57,lr_ppo,LR-PPO,57
77245,intercepted,1,0,0,0,66,17,8.5,49,66.0,33.0,6.2362236976623535,0,1.160922629237175,0.6898635625839233,1.2489371465753198,50,lr_ppo_seed57,lr_ppo,LR-PPO,57
77246,soldier_caught,0,1,0,0,107,13,6.5,94,,,1.8389229774475098,0,1.240382344942344,0.3590649962425232,1.3543938689774235,95,lr_ppo_seed57,lr_ppo,LR-PPO,57
77247,intercepted,1,0,0,0,14,12,6.0,2,14.0,7.0,5.938968181610107,0,0.763506144285202,0.5821642279624939,0.8757124196182018,3,lr_ppo_seed57,lr_ppo,LR-PPO,57
77248,intercepted,1,0,0,0,280,23,11.5,257,280.0,140.0,3.0361642837524414,0,1.1144691948858343,0.55357426404953,1.2045492633503687,258,lr_ppo_seed57,lr_ppo,LR-PPO,57
77249,soldier_caught,0,1,0,0,271,17,8.5,254,,,1.2215129137039185,0,1.1132476989545075,1.0772799253463745,1.2276855751633187,255,lr_ppo_seed57,lr_ppo,LR-PPO,57
77250,soldier_caught,0,1,0,0,107,17,8.5,90,,,1.4557311534881592,0,1.1999480729247187,1.598470687866211,1.2861536467489343,91,lr_ppo_seed57,lr_ppo,LR-PPO,57
77251,soldier_caught,0,1,0,0,44,20,10.0,24,,,1.318498134613037,0,1.078190348148346,0.4734193682670593,1.1577903045582785,25,lr_ppo_seed57,lr_ppo,LR-PPO,57
77252,intercepted,1,0,0,0,177,17,8.5,160,177.0,88.5,3.430635929107666,0,1.1514249747121557,0.9192793369293213,1.2449048716188842,161,lr_ppo_seed57,lr_ppo,LR-PPO,57
77253,soldier_caught,0,1,0,0,102,12,6.0,90,,,1.1557039022445679,0,1.1997269431313315,1.691361427307129,1.2946777790917858,91,lr_ppo_seed57,lr_ppo,LR-PPO,57
77254,intercepted,1,0,0,0,106,21,10.5,85,106.0,53.0,4.839905261993408,0,1.0821897803350937,0.9597038626670837,1.1687971204605645,86,lr_ppo_seed57,lr_ppo,LR-PPO,57
77255,soldier_caught,0,1,0,0,42,18,9.0,24,,,0.873649537563324,0,1.13777862906456,0.592915952205658,1.2318528652692882,25,lr_ppo_seed57,lr_ppo,LR-PPO,57
77256,soldier_caught,0,1,0,0,229,22,11.0,207,,,0.9094027876853943,0,1.1227797175614307,1.3001019954681396,1.220663991876048,208,lr_ppo_seed57,lr_ppo,LR-PPO,57
77257,intercepted,1,0,0,0,121,11,5.5,110,121.0,60.5,3.4175524711608887,0,1.2044553568771295,1.170432448387146,1.2934906194097748,111,lr_ppo_seed57,lr_ppo,LR-PPO,57
77258,soldier_caught,0,1,0,0,96,13,6.5,83,,,0.6689497232437134,0,1.1184924390344393,2.4530582427978516,1.2105298698273643,84,lr_ppo_seed57,lr_ppo,LR-PPO,57
77259,soldier_caught,0,1,0,0,45,23,11.5,22,,,1.930210828781128,0,1.1060134140045748,0.1804313212633133,1.2293930885939945,23,lr_ppo_seed57,lr_ppo,LR-PPO,57
77260,intercepted,1,0,0,0,203,17,8.5,186,203.0,101.5,3.1647961139678955,0,1.1701426412810616,1.2717396020889282,1.2647954231258753,187,lr_ppo_seed57,lr_ppo,LR-PPO,57
77261,intercepted,1,0,0,0,21,19,9.5,2,21.0,10.5,9.128094673156738,0,1.0250841975212097,1.3940067291259766,1.0672443731191936,3,lr_ppo_seed57,lr_ppo,LR-PPO,57
77262,soldier_caught,0,1,0,0,40,18,9.0,22,,,1.5903822183609009,0,1.166122809700344,0.8317524790763855,1.2283162477759315,23,lr_ppo_seed57,lr_ppo,LR-PPO,57
77263,intercepted,1,0,0,0,19,17,8.5,2,19.0,9.5,5.476960182189941,0,0.9938846230506897,1.1364308595657349,0.9993413070679759,3,lr_ppo_seed57,lr_ppo,LR-PPO,57
77264,soldier_caught,0,1,0,0,112,15,7.5,97,,,0.4488513469696045,0,1.0946851515648317,1.399099588394165,1.21252377926802,98,lr_ppo_seed57,lr_ppo,LR-PPO,57
77265,soldier_caught,0,1,0,0,49,12,6.0,37,,,0.5517122745513916,0,1.1655448612413908,0.7372323274612427,1.2508258392313272,38,lr_ppo_seed57,lr_ppo,LR-PPO,57
77266,intercepted,1,0,0,0,23,21,10.5,2,23.0,11.5,7.388584136962891,0,0.8082575003306071,0.6940163969993591,0.8184480404640027,3,lr_ppo_seed57,lr_ppo,LR-PPO,57
77267,soldier_caught,0,1,0,0,55,16,8.0,39,,,1.312516450881958,0,1.0899304449558258,0.9145693778991699,1.1793838467235251,40,lr_ppo_seed57,lr_ppo,LR-PPO,57
77268,intercepted,1,0,0,0,90,18,9.0,72,90.0,45.0,5.9662957191467285,0,1.205865518483397,1.2124288082122803,1.328615974878115,73,lr_ppo_seed57,lr_ppo,LR-PPO,57
77269,intercepted,1,0,0,0,320,23,11.5,297,320.0,160.0,3.273833751678467,0,1.1149997767186004,0.5647731423377991,1.2004468895920806,298,lr_ppo_seed57,lr_ppo,LR-PPO,57
77270,soldier_caught,0,1,0,0,36,13,6.5,23,,,1.6200028657913208,0,0.951217774922649,0.9221171140670776,1.0639139789588454,24,lr_ppo_seed57,lr_ppo,LR-PPO,57
77271,soldier_caught,0,1,0,0,38,20,10.0,18,,,1.926043152809143,0,1.1724376380443573,1.1694613695144653,1.2357493553599777,19,lr_ppo_seed57,lr_ppo,LR-PPO,57
77272,intercepted,1,0,0,0,362,20,10.0,342,362.0,181.0,2.017897844314575,0,1.153290794429209,0.6334040760993958,1.248565664918069,343,lr_ppo_seed57,lr_ppo,LR-PPO,57
77273,soldier_caught,0,1,0,0,208,21,10.5,187,,,1.951324462890625,0,1.1781407463106703,0.4705702066421509,1.2766550175329332,188,lr_ppo_seed57,lr_ppo,LR-PPO,57
77274,intercepted,1,0,0,0,115,20,10.0,95,115.0,57.5,4.522943019866943,0,1.1409020971817274,1.4193001985549927,1.2261236687082426,96,lr_ppo_seed57,lr_ppo,LR-PPO,57
77275,intercepted,1,0,0,0,230,18,9.0,212,230.0,115.0,3.0603384971618652,0,1.097278377959426,1.1961655616760254,1.1971111349149068,213,lr_ppo_seed57,lr_ppo,LR-PPO,57
77276,intercepted,1,0,0,0,14,12,6.0,2,14.0,7.0,5.448688507080078,0,1.2537124156951904,1.2667568922042847,1.2541606067057316,3,lr_ppo_seed57,lr_ppo,LR-PPO,57
77277,soldier_caught,0,1,0,0,89,25,12.5,64,,,0.7198235988616943,0,1.1911551062877361,1.5526100397109985,1.271444901405409,65,lr_ppo_seed57,lr_ppo,LR-PPO,57
77278,intercepted,1,0,0,0,24,22,11.0,2,24.0,12.0,4.432156562805176,0,1.4851226607958476,0.7314342856407166,1.7524687065019815,3,lr_ppo_seed57,lr_ppo,LR-PPO,57
77279,soldier_caught,0,1,0,0,257,13,6.5,244,,,1.9282954931259155,0,1.1620876832884186,0.802933931350708,1.2555561603105438,245,lr_ppo_seed57,lr_ppo,LR-PPO,57
77280,soldier_caught,0,1,0,0,91,21,10.5,70,,,0.6416817903518677,0,1.1679355439165948,1.4004040956497192,1.2473884914138147,71,lr_ppo_seed57,lr_ppo,LR-PPO,57
77281,soldier_caught,0,1,0,0,334,23,11.5,311,,,1.3792434930801392,0,1.1391838114613142,1.3545786142349243,1.2398693305334318,312,lr_ppo_seed57,lr_ppo,LR-PPO,57
77282,soldier_caught,0,1,0,0,171,12,6.0,159,,,1.4740651845932007,0,1.1348400582559406,0.33848753571510315,1.223273267314813,160,lr_ppo_seed57,lr_ppo,LR-PPO,57
77283,intercepted,1,0,0,0,25,23,11.5,2,25.0,12.5,3.592259407043457,0,1.1977494359016418,1.4283841848373413,1.232092398587071,3,lr_ppo_seed57,lr_ppo,LR-PPO,57
77284,intercepted,1,0,0,0,14,12,6.0,2,14.0,7.0,4.529067039489746,0,1.5511741638183594,1.7387949228286743,1.558752698478289,3,lr_ppo_seed57,lr_ppo,LR-PPO,57
77285,soldier_caught,0,1,0,0,83,17,8.5,66,,,1.6694014072418213,0,1.1054283872024337,1.6788541078567505,1.2108144237986516,67,lr_ppo_seed57,lr_ppo,LR-PPO,57
77286,intercepted,1,0,0,0,16,14,7.0,2,16.0,8.0,7.081446170806885,0,0.812281866868337,0.7310674786567688,0.8171409136572987,3,lr_ppo_seed57,lr_ppo,LR-PPO,57
77287,intercepted,1,0,0,0,18,16,8.0,2,18.0,9.0,6.605696678161621,0,1.2355563640594482,1.0327647924423218,1.2438540089772654,3,lr_ppo_seed57,lr_ppo,LR-PPO,57
77288,soldier_caught,0,1,0,0,113,14,7.0,99,,,1.6660075187683105,0,1.1853541530668736,0.7987769246101379,1.2959203946372684,100,lr_ppo_seed57,lr_ppo,LR-PPO,57
77289,soldier_caught,0,1,0,0,20,15,7.5,5,,,1.5361980199813843,0,1.1090287864208221,0.7877199649810791,1.2069632805817632,6,lr_ppo_seed57,lr_ppo,LR-PPO,57
77290,soldier_caught,0,1,0,0,105,18,9.0,87,,,0.8555237650871277,0,1.2036082378842614,1.5474642515182495,1.279737231111344,88,lr_ppo_seed57,lr_ppo,LR-PPO,57
77291,soldier_caught,0,1,0,0,87,16,8.0,71,,,1.4589375257492065,0,1.1598256540795167,1.1451191902160645,1.2555688243475172,72,lr_ppo_seed57,lr_ppo,LR-PPO,57
77292,intercepted,1,0,0,0,20,18,9.0,2,20.0,10.0,10.033219337463379,0,1.356532136599223,1.6175298690795898,1.3691428339862723,3,lr_ppo_seed57,lr_ppo,LR-PPO,57
77293,soldier_caught,0,1,0,0,56,17,8.5,39,,,1.6550544500350952,0,1.0884780958294868,0.7634198665618896,1.1779980936877021,40,lr_ppo_seed57,lr_ppo,LR-PPO,57
77294,intercepted,1,0,0,0,14,12,6.0,2,14.0,7.0,8.467568397521973,0,0.8936397433280945,1.2334403991699219,0.9317047032123492,3,lr_ppo_seed57,lr_ppo,LR-PPO,57
77295,soldier_caught,0,1,0,0,55,20,10.0,35,,,1.9251669645309448,0,1.2839878234598372,0.620506227016449,1.3830979612073662,36,lr_ppo_seed57,lr_ppo,LR-PPO,57
77296,intercepted,1,0,0,0,14,12,6.0,2,14.0,7.0,4.225568771362305,0,1.3152743975321453,0.48926758766174316,1.4479012526283428,3,lr_ppo_seed57,lr_ppo,LR-PPO,57
77297,soldier_caught,0,1,0,0,68,13,6.5,55,,,1.6058703660964966,0,1.0675926813855767,0.45868366956710815,1.166050287024047,56,lr_ppo_seed57,lr_ppo,LR-PPO,57
77298,intercepted,1,0,0,0,103,14,7.0,89,103.0,51.5,5.047767639160156,0,1.2193394306633207,1.1164510250091553,1.3199482332266523,90,lr_ppo_seed57,lr_ppo,LR-PPO,57
77299,soldier_caught,0,1,0,0,37,17,8.5,20,,,0.9343641400337219,0,1.1672794847261339,0.9555608630180359,1.2429480304556813,21,lr_ppo_seed57,lr_ppo,LR-PPO,57
77300,soldier_caught,0,1,0,0,48,19,9.5,29,,,1.466638445854187,0,1.1722395916779835,0.37629538774490356,1.2790691482846546,30,lr_ppo_seed57,lr_ppo,LR-PPO,57
77301,soldier_caught,0,1,0,0,38,18,9.0,20,,,1.9263300895690918,0,1.0985908621833438,0.45685523748397827,1.1662207492276455,21,lr_ppo_seed57,lr_ppo,LR-PPO,57
77302,soldier_caught,0,1,0,0,59,19,9.5,40,,,1.7890208959579468,0,1.058898808752618,0.634996235370636,1.108102341955336,41,lr_ppo_seed57,lr_ppo,LR-PPO,57
77303,intercepted,1,0,0,0,58,12,6.0,46,58.0,29.0,4.9930338859558105,0,1.0949304129214996,1.3000402450561523,1.1698587773216376,47,lr_ppo_seed57,lr_ppo,LR-PPO,57
77304,soldier_caught,0,1,0,0,122,26,13.0,96,,,1.7769896984100342,0,1.129644737415707,0.6189771890640259,1.2166529032245175,97,lr_ppo_seed57,lr_ppo,LR-PPO,57
77305,intercepted,1,0,0,0,19,17,8.5,2,19.0,9.5,8.127801895141602,0,1.535205642382304,1.752199649810791,1.5747735270652385,3,lr_ppo_seed57,lr_ppo,LR-PPO,57
77306,intercepted,1,0,0,0,170,18,9.0,152,170.0,85.0,3.366849422454834,0,1.1251114802130686,1.2514461278915405,1.2261910144911747,153,lr_ppo_seed57,lr_ppo,LR-PPO,57
77307,intercepted,1,0,0,0,54,14,7.0,40,54.0,27.0,3.8860766887664795,0,1.0208085113909187,0.9097767472267151,1.1216544962954083,41,lr_ppo_seed57,lr_ppo,LR-PPO,57
77308,intercepted,1,0,0,0,237,23,11.5,214,237.0,118.5,2.0390114784240723,0,1.128264850239421,1.257249116897583,1.2218116364218405,215,lr_ppo_seed57,lr_ppo,LR-PPO,57
77309,soldier_caught,0,1,0,0,42,12,6.0,30,,,1.1208857297897339,0,1.0793188877644078,0.5566551089286804,1.1919089212234089,31,lr_ppo_seed57,lr_ppo,LR-PPO,57
77310,soldier_caught,0,1,0,0,41,18,9.0,23,,,1.6724395751953125,0,1.0864536116520565,0.9562982320785522,1.1671269210227573,24,lr_ppo_seed57,lr_ppo,LR-PPO,57
77311,soldier_caught,0,1,0,0,51,17,8.5,34,,,1.9439176321029663,0,1.1273079012121474,0.3337700366973877,1.238263861206988,35,lr_ppo_seed57,lr_ppo,LR-PPO,57
77312,soldier_caught,0,1,0,0,136,19,9.5,117,,,1.7777986526489258,0,1.183317304794061,1.5497868061065674,1.2639512910656983,118,lr_ppo_seed57,lr_ppo,LR-PPO,57
77313,soldier_caught,0,1,0,0,110,11,5.5,99,,,1.9391385316848755,0,1.1475520664453507,1.5162529945373535,1.2486951637651258,100,lr_ppo_seed57,lr_ppo,LR-PPO,57
77314,soldier_caught,0,1,0,0,79,14,7.0,65,,,0.9303165674209595,0,1.093152742042686,0.9107887744903564,1.1766879471382323,66,lr_ppo_seed57,lr_ppo,LR-PPO,57
77315,intercepted,1,0,0,0,40,18,9.0,22,40.0,20.0,4.200592517852783,0,1.2360590113245922,1.5712072849273682,1.3050399412560474,23,lr_ppo_seed57,lr_ppo,LR-PPO,57
77316,soldier_caught,0,1,0,0,173,17,8.5,156,,,0.5011103749275208,0,1.0707552480469844,0.45744720101356506,1.1823869666718334,157,lr_ppo_seed57,lr_ppo,LR-PPO,57
77317,soldier_caught,0,1,0,0,67,16,8.0,51,,,1.0426404476165771,0,1.192765586078167,0.9986385107040405,1.3151735713954609,52,lr_ppo_seed57,lr_ppo,LR-PPO,57
77318,soldier_caught,0,1,0,0,24,19,9.5,5,,,0.7748849987983704,0,1.3087708155314128,2.1031055450439453,1.5136252780834114,6,lr_ppo_seed57,lr_ppo,LR-PPO,57
77319,intercepted,1,0,0,0,17,15,7.5,2,17.0,8.5,5.899627208709717,0,1.2357683181762695,1.275134801864624,1.243972742448786,3,lr_ppo_seed57,lr_ppo,LR-PPO,57
77320,intercepted,1,0,0,0,109,14,7.0,95,109.0,54.5,3.540271043777466,0,1.0598687349508207,0.6299324631690979,1.165657817553455,96,lr_ppo_seed57,lr_ppo,LR-PPO,57
77321,intercepted,1,0,0,0,18,16,8.0,2,18.0,9.0,5.642808437347412,0,0.9998462200164795,0.6328755617141724,1.0394213477434355,3,lr_ppo_seed57,lr_ppo,LR-PPO,57
77322,soldier_caught,0,1,0,0,121,15,7.5,106,,,1.6175874471664429,0,1.1379707320549777,1.2282037734985352,1.213564962813994,107,lr_ppo_seed57,lr_ppo,LR-PPO,57
77323,intercepted,1,0,0,0,89,17,8.5,72,89.0,44.5,3.2190890312194824,0,1.1383258620761845,0.6705824732780457,1.2222131984188158,73,lr_ppo_seed57,lr_ppo,LR-PPO,57
77324,intercepted,1,0,0,0,16,14,7.0,2,16.0,8.0,6.96543550491333,0,0.8681866923967997,1.1160025596618652,0.9007107530440268,3,lr_ppo_seed57,lr_ppo,LR-PPO,57
77325,intercepted,1,0,0,0,72,22,11.0,50,72.0,36.0,2.9049456119537354,0,1.1968646458550996,1.858945369720459,1.261244392150462,51,lr_ppo_seed57,lr_ppo,LR-PPO,57
77326,soldier_caught,0,1,0,0,20,16,8.0,4,,,1.8965387344360352,0,1.156038773059845,0.797649085521698,1.1786614382011162,5,lr_ppo_seed57,lr_ppo,LR-PPO,57
77327,soldier_caught,0,1,0,0,58,21,10.5,37,,,1.7715997695922852,0,1.1560518678865934,0.8276860117912292,1.2313684871125858,38,lr_ppo_seed57,lr_ppo,LR-PPO,57
77328,intercepted,1,0,0,0,21,19,9.5,2,21.0,10.5,5.477506637573242,0,0.9662598172823588,0.6727560758590698,1.0441767676077238,3,lr_ppo_seed57,lr_ppo,LR-PPO,57
77329,soldier_caught,0,1,0,0,89,23,11.5,66,,,1.8115252256393433,0,1.0952335810705798,0.7746298909187317,1.1759806537653952,67,lr_ppo_seed57,lr_ppo,LR-PPO,57
77330,soldier_caught,0,1,0,0,373,16,8.0,357,,,0.5140485763549805,0,1.1120658404500792,1.5145647525787354,1.2103893448191663,358,lr_ppo_seed57,lr_ppo,LR-PPO,57
77331,intercepted,1,0,0,0,19,17,8.5,2,19.0,9.5,4.308324337005615,0,1.1183112859725952,1.210892915725708,1.2315535410471241,3,lr_ppo_seed57,lr_ppo,LR-PPO,57
77332,soldier_caught,0,1,0,0,153,12,6.0,141,,,1.6703293323516846,0,1.176395765912365,0.6840373277664185,1.2806283155527387,142,lr_ppo_seed57,lr_ppo,LR-PPO,57
77333,intercepted,1,0,0,0,147,17,8.5,130,147.0,73.5,2.101017713546753,0,1.0927564535887186,0.9744508266448975,1.1903357458437334,131,lr_ppo_seed57,lr_ppo,LR-PPO,57
77334,intercepted,1,0,0,0,20,18,9.0,2,20.0,10.0,7.012935638427734,0,1.459789216518402,2.28584885597229,1.5730340891011594,3,lr_ppo_seed57,lr_ppo,LR-PPO,57
77335,intercepted,1,0,0,0,162,23,11.5,139,162.0,81.0,2.280395984649658,0,1.125484239416463,1.289322018623352,1.2288942969255114,140,lr_ppo_seed57,lr_ppo,LR-PPO,57
77336,intercepted,1,0,0,0,169,13,6.5,156,169.0,84.5,2.556398630142212,0,1.0980694752400089,1.8861976861953735,1.2078233582482154,157,lr_ppo_seed57,lr_ppo,LR-PPO,57
77337,intercepted,1,0,0,0,191,19,9.5,172,191.0,95.5,4.251648902893066,0,1.0893608662003726,0.7240832448005676,1.2107753526974177,173,lr_ppo_seed57,lr_ppo,LR-PPO,57
77338,intercepted,1,0,0,0,337,12,6.0,325,337.0,168.5,2.2263998985290527,0,1.1149212157159496,0.8245663642883301,1.212303980914046,326,lr_ppo_seed57,lr_ppo,LR-PPO,57
77339,soldier_caught,0,1,0,0,56,16,8.0,40,,,0.8681201338768005,0,1.1775146359350623,0.8801129460334778,1.2712234028070954,41,lr_ppo_seed57,lr_ppo,LR-PPO,57
77340,intercepted,1,0,0,0,17,15,7.5,2,17.0,8.5,3.6210882663726807,0,0.6845031082630157,0.3427661955356598,0.7289917448704913,3,lr_ppo_seed57,lr_ppo,LR-PPO,57
77341,intercepted,1,0,0,0,83,18,9.0,65,83.0,41.5,5.705320358276367,0,1.164855333891782,1.2031668424606323,1.2436921367705405,66,lr_ppo_seed57,lr_ppo,LR-PPO,57
77342,soldier_caught,0,1,0,0,346,25,12.5,321,,,1.4394524097442627,0,1.13073302458347,1.0924094915390015,1.2250212548475856,322,lr_ppo_seed57,lr_ppo,LR-PPO,57
77343,soldier_caught,0,1,0,0,92,22,11.0,70,,,1.5669196844100952,0,1.1833815732052628,1.3767266273498535,1.2818156239674678,71,lr_ppo_seed57,lr_ppo,LR-PPO,57
77344,soldier_caught,0,1,0,0,47,16,8.0,31,,,1.5191186666488647,0,1.1806714180856943,0.7487025856971741,1.2845079091754037,32,lr_ppo_seed57,lr_ppo,LR-PPO,57
77345,soldier_caught,0,1,0,0,36,17,8.5,19,,,1.6540225744247437,0,1.052653643488884,1.056107759475708,1.1073449828083555,20,lr_ppo_seed57,lr_ppo,LR-PPO,57
77346,soldier_caught,0,1,0,0,57,18,9.0,39,,,1.8288211822509766,0,1.1087850466370583,0.5601154565811157,1.1869106853262,40,lr_ppo_seed57,lr_ppo,LR-PPO,57
77347,soldier_caught,0,1,0,0,114,16,8.0,98,,,1.2431625127792358,0,1.1119115202113836,0.9551538825035095,1.2143982999740934,99,lr_ppo_seed57,lr_ppo,LR-PPO,57
77348,intercepted,1,0,0,0,19,17,8.5,2,19.0,9.5,8.57953929901123,0,1.3390769163767497,1.5002256631851196,1.3444920259682889,3,lr_ppo_seed57,lr_ppo,LR-PPO,57
77349,soldier_caught,0,1,0,0,70,13,6.5,57,,,0.9261941909790039,0,1.122003994111357,0.9372692704200745,1.1932803772659026,58,lr_ppo_seed57,lr_ppo,LR-PPO,57
77350,soldier_caught,0,1,0,0,107,24,12.0,83,,,0.5982109308242798,0,1.0949715187861806,1.5005351305007935,1.1743823311532908,84,lr_ppo_seed57,lr_ppo,LR-PPO,57
77351,intercepted,1,0,0,0,14,12,6.0,2,14.0,7.0,7.181835174560547,0,1.0750818451245625,1.0190664529800415,1.092579313480474,3,lr_ppo_seed57,lr_ppo,LR-PPO,57
77352,intercepted,1,0,0,0,69,20,10.0,49,69.0,34.5,2.3941268920898438,0,1.1472689396142959,1.636224389076233,1.2280785933927538,50,lr_ppo_seed57,lr_ppo,LR-PPO,57
77353,intercepted,1,0,0,0,109,15,7.5,94,109.0,54.5,3.4610424041748047,0,1.155782846714321,2.3633785247802734,1.2288230815587031,95,lr_ppo_seed57,lr_ppo,LR-PPO,57
77354,soldier_caught,0,1,0,0,270,18,9.0,252,,,1.7031432390213013,0,1.1008755233683605,1.1169028282165527,1.187778493405412,253,lr_ppo_seed57,lr_ppo,LR-PPO,57
77355,soldier_caught,0,1,0,0,196,24,12.0,172,,,1.0702364444732666,0,1.1529721218037468,1.6586261987686157,1.2495409614501625,173,lr_ppo_seed57,lr_ppo,LR-PPO,57
77356,soldier_caught,0,1,0,0,22,16,8.0,6,,,1.8506444692611694,0,1.360723546573094,1.1596523523330688,1.4448425448513598,7,lr_ppo_seed57,lr_ppo,LR-PPO,57
77357,soldier_caught,0,1,0,0,25,18,9.0,7,,,1.9200462102890015,0,1.0433962419629097,1.5164788961410522,1.176144937931258,8,lr_ppo_seed57,lr_ppo,LR-PPO,57
77358,intercepted,1,0,0,0,83,20,10.0,63,83.0,41.5,2.6243858337402344,0,1.2018040791153908,0.320177286863327,1.3416966197809699,64,lr_ppo_seed57,lr_ppo,LR-PPO,57
77359,soldier_caught,0,1,0,0,287,17,8.5,270,,,1.5289238691329956,0,1.1623911485900738,0.36052238941192627,1.253136275267619,271,lr_ppo_seed57,lr_ppo,LR-PPO,57
77360,intercepted,1,0,0,0,108,20,10.0,88,108.0,54.0,4.23849630355835,0,1.0847073291124922,1.5939489603042603,1.1748601468949893,89,lr_ppo_seed57,lr_ppo,LR-PPO,57
77361,intercepted,1,0,0,0,57,12,6.0,45,57.0,28.5,5.631184101104736,0,0.9562462820954944,1.2251883745193481,1.0233075994874639,46,lr_ppo_seed57,lr_ppo,LR-PPO,57
77362,soldier_caught,0,1,0,0,69,12,6.0,57,,,1.3820815086364746,0,1.1124697173463887,0.7605554461479187,1.2114387534417235,58,lr_ppo_seed57,lr_ppo,LR-PPO,57
77363,intercepted,1,0,0,0,149,22,11.0,127,149.0,74.5,2.7452480792999268,0,1.1484852659050375,1.0134087800979614,1.2406375395131248,128,lr_ppo_seed57,lr_ppo,LR-PPO,57
77364,unsafe_intercept,0,0,1,0,20,18,9.0,2,,,3.4797420501708984,0,1.0185161431630452,0.700849175453186,1.0633932401789625,3,lr_ppo_seed57,lr_ppo,LR-PPO,57
77365,intercepted,1,0,0,0,119,14,7.0,105,119.0,59.5,4.214170455932617,0,1.1069773168496366,1.152680516242981,1.180871430026392,106,lr_ppo_seed57,lr_ppo,LR-PPO,57
77366,intercepted,1,0,0,0,19,17,8.5,2,19.0,9.5,8.18080997467041,0,0.9665060341358185,0.4616614878177643,1.1855241613769965,3,lr_ppo_seed57,lr_ppo,LR-PPO,57
77367,soldier_caught,0,1,0,0,34,15,7.5,19,,,1.771775245666504,0,1.0665088161826133,1.1584630012512207,1.119876339170606,20,lr_ppo_seed57,lr_ppo,LR-PPO,57
77368,intercepted,1,0,0,0,20,18,9.0,2,20.0,10.0,7.071508884429932,0,0.8463327984015147,0.4956659972667694,0.8829327353723183,3,lr_ppo_seed57,lr_ppo,LR-PPO,57
77369,soldier_caught,0,1,0,0,170,14,7.0,156,,,1.0324186086654663,0,1.1544888898445542,0.7594009041786194,1.2331495487894761,157,lr_ppo_seed57,lr_ppo,LR-PPO,57
77370,soldier_caught,0,1,0,0,107,16,8.0,91,,,1.7501256465911865,0,1.099459738025199,0.517591118812561,1.1946591846987102,92,lr_ppo_seed57,lr_ppo,LR-PPO,57
77371,intercepted,1,0,0,0,27,24,12.0,3,27.0,13.5,10.269510269165039,0,1.124143198132515,0.6831343173980713,1.1789837205666636,4,lr_ppo_seed57,lr_ppo,LR-PPO,57
77372,intercepted,1,0,0,0,126,15,7.5,111,126.0,63.0,2.434255838394165,0,1.1237073434250695,1.493640422821045,1.2315865923048166,112,lr_ppo_seed57,lr_ppo,LR-PPO,57
77373,soldier_caught,0,1,0,0,27,23,11.5,4,,,1.6597561836242676,0,0.7177399575710297,0.8754739761352539,0.7645490713325345,5,lr_ppo_seed57,lr_ppo,LR-PPO,57
77374,intercepted,1,0,0,0,147,13,6.5,134,147.0,73.5,3.71968674659729,0,1.1336511967358767,0.8470549583435059,1.2376086836431957,135,lr_ppo_seed57,lr_ppo,LR-PPO,57
77375,intercepted,1,0,0,0,117,15,7.5,102,117.0,58.5,2.3156673908233643,0,1.0673533929783163,0.4504789113998413,1.1549177649891806,103,lr_ppo_seed57,lr_ppo,LR-PPO,57
77376,intercepted,1,0,0,0,15,13,6.5,2,15.0,7.5,6.614161014556885,0,1.377756377061208,0.9503552913665771,1.5375810221193063,3,lr_ppo_seed57,lr_ppo,LR-PPO,57
77377,soldier_caught,0,1,0,0,149,19,9.5,130,,,1.0591247081756592,0,1.0853141607674024,0.823952317237854,1.195072332606511,131,lr_ppo_seed57,lr_ppo,LR-PPO,57
77378,intercepted,1,0,0,0,114,12,6.0,102,114.0,57.0,2.7999441623687744,0,1.1413470078440546,1.8499035835266113,1.230842442788465,103,lr_ppo_seed57,lr_ppo,LR-PPO,57
77379,soldier_caught,0,1,0,0,218,15,7.5,203,,,1.3580530881881714,0,1.1494246836678654,1.348770022392273,1.2562631467549494,204,lr_ppo_seed57,lr_ppo,LR-PPO,57
77380,soldier_caught,0,1,0,0,21,18,9.0,3,,,0.8508272171020508,0,1.0223759561777115,1.0456440448760986,1.0619154857155753,4,lr_ppo_seed57,lr_ppo,LR-PPO,57
77381,intercepted,1,0,0,0,15,13,6.5,2,15.0,7.5,7.559728622436523,0,1.2182178099950154,1.3461384773254395,1.2445428228450004,3,lr_ppo_seed57,lr_ppo,LR-PPO,57
77382,soldier_caught,0,1,0,0,32,14,7.0,18,,,1.3416380882263184,0,1.1426522402386916,1.5751267671585083,1.2533661548279944,19,lr_ppo_seed57,lr_ppo,LR-PPO,57
77383,soldier_caught,0,1,0,0,248,14,7.0,234,,,1.2036926746368408,0,1.1953980560632462,1.3387731313705444,1.282400943108285,235,lr_ppo_seed57,lr_ppo,LR-PPO,57
77384,soldier_caught,0,1,0,0,196,13,6.5,183,,,0.8634183406829834,0,1.0612796723194744,0.5473421812057495,1.14396965730876,184,lr_ppo_seed57,lr_ppo,LR-PPO,57
77385,soldier_caught,0,1,0,0,87,19,9.5,68,,,1.4044179916381836,0,1.055792925150498,1.0434391498565674,1.151345296726608,69,lr_ppo_seed57,lr_ppo,LR-PPO,57
77386,soldier_caught,0,1,0,0,32,26,13.0,6,,,1.696821689605713,0,1.050558226449149,0.89768385887146,1.1458470303639228,7,lr_ppo_seed57,lr_ppo,LR-PPO,57
77387,soldier_caught,0,1,0,0,186,18,9.0,168,,,0.8005905747413635,0,1.1736104828718852,1.860998272895813,1.260110548054514,169,lr_ppo_seed57,lr_ppo,LR-PPO,57
77388,intercepted,1,0,0,0,13,11,5.5,2,13.0,6.5,5.250663757324219,0,0.9865069588025411,1.4262912273406982,1.0806382591240937,3,lr_ppo_seed57,lr_ppo,LR-PPO,57
77389,soldier_caught,0,1,0,0,108,17,8.5,91,,,0.7401849627494812,0,1.0966638135521307,0.38629230856895447,1.2027953210278763,92,lr_ppo_seed57,lr_ppo,LR-PPO,57
77390,soldier_caught,0,1,0,0,20,16,8.0,4,,,1.90389084815979,0,1.1138518899679184,1.9334867000579834,1.2924127578001907,5,lr_ppo_seed57,lr_ppo,LR-PPO,57
77391,soldier_caught,0,1,0,0,169,24,12.0,145,,,1.956396460533142,0,1.113807331005188,1.649888515472412,1.2110759912359041,146,lr_ppo_seed57,lr_ppo,LR-PPO,57
77392,intercepted,1,0,0,0,62,18,9.0,44,62.0,31.0,6.275136947631836,0,1.06041921377182,1.037262201309204,1.1502056554809381,45,lr_ppo_seed57,lr_ppo,LR-PPO,57
77393,intercepted,1,0,0,0,55,14,7.0,41,55.0,27.5,5.427809715270996,0,1.0118774218218667,0.6458359360694885,1.1317948995226597,42,lr_ppo_seed57,lr_ppo,LR-PPO,57
77394,intercepted,1,0,0,0,17,15,7.5,2,17.0,8.5,7.447270393371582,0,1.2328542073567708,1.000260829925537,1.248105432740526,3,lr_ppo_seed57,lr_ppo,LR-PPO,57
77395,soldier_caught,0,1,0,0,119,14,7.0,105,,,1.0520131587982178,0,1.0783696907027713,0.5703088641166687,1.1755489722377714,106,lr_ppo_seed57,lr_ppo,LR-PPO,57
77396,soldier_caught,0,1,0,0,56,10,5.0,46,,,0.9756640195846558,0,1.0830983250065054,0.5781683921813965,1.1784252440792176,47,lr_ppo_seed57,lr_ppo,LR-PPO,57
77397,intercepted,1,0,0,0,104,14,7.0,90,104.0,52.0,3.6318376064300537,0,1.1663099625608424,1.7336875200271606,1.258648203325441,91,lr_ppo_seed57,lr_ppo,LR-PPO,57
77398,intercepted,1,0,0,0,25,23,11.5,2,25.0,12.5,4.952859401702881,0,1.0241761803627014,2.1752731800079346,1.3112786721161034,3,lr_ppo_seed57,lr_ppo,LR-PPO,57
77399,soldier_caught,0,1,0,0,127,24,12.0,103,,,1.1553125381469727,0,1.129725537621058,1.7570146322250366,1.2111421780861038,104,lr_ppo_seed57,lr_ppo,LR-PPO,57
77400,intercepted,1,0,0,0,73,33,16.5,40,73.0,36.5,6.511910915374756,0,1.0834647126314116,2.6110618114471436,1.169241237342543,41,lr_ppo_seed57,lr_ppo,LR-PPO,57
77401,intercepted,1,0,0,0,63,14,7.0,49,63.0,31.5,5.5976433753967285,0,1.1130682444572448,1.138232707977295,1.206080390830169,50,lr_ppo_seed57,lr_ppo,LR-PPO,57
77402,soldier_caught,0,1,0,0,24,20,10.0,4,,,1.3912158012390137,0,1.459789514541626,2.15171480178833,1.7154350398657512,5,lr_ppo_seed57,lr_ppo,LR-PPO,57
77403,intercepted,1,0,0,0,22,20,10.0,2,22.0,11.0,7.181873321533203,0,1.5480666955312092,2.133082151412964,1.6155052550854896,3,lr_ppo_seed57,lr_ppo,LR-PPO,57
77404,intercepted,1,0,0,0,95,24,12.0,71,95.0,47.5,2.0943057537078857,0,1.1350811486028962,0.7009732723236084,1.2298957483589035,72,lr_ppo_seed57,lr_ppo,LR-PPO,57
77405,intercepted,1,0,0,0,81,14,7.0,67,81.0,40.5,3.419221878051758,0,1.0605660306618494,1.4560760259628296,1.1927048513874934,68,lr_ppo_seed57,lr_ppo,LR-PPO,57
77406,intercepted,1,0,0,0,85,14,7.0,71,85.0,42.5,4.589170932769775,0,1.1189035717397928,1.6320160627365112,1.1908222153581554,72,lr_ppo_seed57,lr_ppo,LR-PPO,57
77407,soldier_caught,0,1,0,0,354,19,9.5,335,,,1.298694133758545,0,1.1392155184987045,1.2194533348083496,1.2477560797465608,336,lr_ppo_seed57,lr_ppo,LR-PPO,57
77408,intercepted,1,0,0,0,50,18,9.0,32,50.0,25.0,6.028974533081055,0,0.9127070090987466,0.3163420557975769,0.9719549417664235,33,lr_ppo_seed57,lr_ppo,LR-PPO,57
77409,intercepted,1,0,0,0,16,14,7.0,2,16.0,8.0,8.330058097839355,0,1.138701190551122,2.2767491340637207,1.4162296582547256,3,lr_ppo_seed57,lr_ppo,LR-PPO,57
77410,intercepted,1,0,0,0,61,14,7.0,47,61.0,30.5,3.2455873489379883,0,1.0876785932729642,1.0981553792953491,1.1762456009788613,48,lr_ppo_seed57,lr_ppo,LR-PPO,57
77411,soldier_caught,0,1,0,0,26,21,10.5,5,,,1.5234323740005493,0,1.3014739851156871,1.6087695360183716,1.3902391374343002,6,lr_ppo_seed57,lr_ppo,LR-PPO,57
77412,soldier_caught,0,1,0,0,31,12,6.0,19,,,1.4186457395553589,0,1.0120314687490464,1.462665319442749,1.0690660645137786,20,lr_ppo_seed57,lr_ppo,LR-PPO,57
77413,intercepted,1,0,0,0,254,25,12.5,229,254.0,127.0,2.192927360534668,0,1.1562182116767634,1.0758966207504272,1.2459892287468621,230,lr_ppo_seed57,lr_ppo,LR-PPO,57
77414,soldier_caught,0,1,0,0,74,20,10.0,54,,,1.2366162538528442,0,1.1743468376723203,1.0349361896514893,1.2706797766433653,55,lr_ppo_seed57,lr_ppo,LR-PPO,57
77415,soldier_caught,0,1,0,0,96,13,6.5,83,,,0.40402886271476746,0,1.1733939857000397,1.1758846044540405,1.2492810530052787,84,lr_ppo_seed57,lr_ppo,LR-PPO,57
77416,soldier_caught,0,1,0,0,109,16,8.0,93,,,1.9818059206008911,0,1.1210499722906884,0.23489612340927124,1.2231574920673574,94,lr_ppo_seed57,lr_ppo,LR-PPO,57
77417,intercepted,1,0,0,0,55,14,7.0,41,55.0,27.5,6.205036640167236,0,1.2460827486855643,1.2804315090179443,1.372460917184318,42,lr_ppo_seed57,lr_ppo,LR-PPO,57
77418,intercepted,1,0,0,0,117,15,7.5,102,117.0,58.5,4.15769624710083,0,1.0803568289407248,1.4416855573654175,1.1652926326633082,103,lr_ppo_seed57,lr_ppo,LR-PPO,57
77419,intercepted,1,0,0,0,18,16,8.0,2,18.0,9.0,5.617000102996826,0,0.8228026032447815,0.547162652015686,0.8534223515162958,3,lr_ppo_seed57,lr_ppo,LR-PPO,57
77420,intercepted,1,0,0,0,46,23,11.5,23,46.0,23.0,2.6403422355651855,0,1.0449231987198193,0.9234720468521118,1.1337357243675468,24,lr_ppo_seed57,lr_ppo,LR-PPO,57
77421,intercepted,1,0,0,0,41,16,8.0,25,41.0,20.5,2.101581335067749,0,1.1848395799215024,0.3204590678215027,1.313173166942701,26,lr_ppo_seed57,lr_ppo,LR-PPO,57
77422,intercepted,1,0,0,0,22,20,10.0,2,22.0,11.0,7.811245918273926,0,0.41140564282735187,0.46910274028778076,0.4271557935654432,3,lr_ppo_seed57,lr_ppo,LR-PPO,57
77423,soldier_caught,0,1,0,0,121,12,6.0,109,,,1.1378923654556274,0,1.116595068844882,0.833773672580719,1.2173547134288123,110,lr_ppo_seed57,lr_ppo,LR-PPO,57
77424,soldier_caught,0,1,0,0,22,18,9.0,4,,,1.994538426399231,0,1.2162659287452697,0.7942431569099426,1.2942141599825694,5,lr_ppo_seed57,lr_ppo,LR-PPO,57
77425,soldier_caught,0,1,0,0,70,13,6.5,57,,,1.6093461513519287,0,1.1339731319197293,0.3840520977973938,1.2396145436179558,58,lr_ppo_seed57,lr_ppo,LR-PPO,57
77426,soldier_caught,0,1,0,0,38,13,6.5,25,,,1.4020262956619263,0,1.2504736609183824,1.581722378730774,1.3441269438780572,26,lr_ppo_seed57,lr_ppo,LR-PPO,57
77427,intercepted,1,0,0,0,64,18,9.0,46,64.0,32.0,5.719986438751221,0,1.0619287668390478,1.6877243518829346,1.1555365449275277,47,lr_ppo_seed57,lr_ppo,LR-PPO,57
77428,soldier_caught,0,1,0,0,49,17,8.5,32,,,1.8807313442230225,0,0.9964792601989977,0.980154812335968,1.0475034857704373,33,lr_ppo_seed57,lr_ppo,LR-PPO,57
77429,soldier_caught,0,1,0,0,102,15,7.5,87,,,1.3868759870529175,0,1.1489793996919284,0.8370243906974792,1.2341382916436203,88,lr_ppo_seed57,lr_ppo,LR-PPO,57
77430,intercepted,1,0,0,0,183,23,11.5,160,183.0,91.5,2.345102548599243,0,1.195272663180132,0.8556152582168579,1.2866897998483318,161,lr_ppo_seed57,lr_ppo,LR-PPO,57
77431,intercepted,1,0,0,0,21,19,9.5,2,21.0,10.5,6.572834014892578,0,0.9105403224627177,0.702994704246521,0.9230175587802768,3,lr_ppo_seed57,lr_ppo,LR-PPO,57
77432,intercepted,1,0,0,0,18,16,8.0,2,18.0,9.0,6.974773406982422,0,0.6453880866368612,0.7266091704368591,0.649323378383546,3,lr_ppo_seed57,lr_ppo,LR-PPO,57
77433,intercepted,1,0,0,0,63,14,7.0,49,63.0,31.5,5.4225568771362305,0,1.182714460492134,0.8974463939666748,1.268243033674192,50,lr_ppo_seed57,lr_ppo,LR-PPO,57
77434,soldier_caught,0,1,0,0,620,15,7.5,605,,,0.18397757411003113,0,1.1338738690778958,1.4779317378997803,1.2368456356983724,606,lr_ppo_seed57,lr_ppo,LR-PPO,57
77435,intercepted,1,0,0,0,82,17,8.5,65,82.0,41.0,5.433435440063477,0,1.2591162111723062,0.41041991114616394,1.3349524341903998,66,lr_ppo_seed57,lr_ppo,LR-PPO,57
77436,intercepted,1,0,0,0,18,16,8.0,2,18.0,9.0,5.254790782928467,0,0.9682572285334269,0.7022949457168579,1.0107187105163011,3,lr_ppo_seed57,lr_ppo,LR-PPO,57
77437,soldier_caught,0,1,0,0,37,17,8.5,20,,,1.286177158355713,0,1.0831465749513536,0.8794040083885193,1.1261718706925807,21,lr_ppo_seed57,lr_ppo,LR-PPO,57
77438,intercepted,1,0,0,0,17,15,7.5,2,17.0,8.5,8.702115058898926,0,0.651396910349528,0.633180558681488,0.6544039966622885,3,lr_ppo_seed57,lr_ppo,LR-PPO,57
77439,intercepted,1,0,0,0,24,22,11.0,2,24.0,12.0,8.20656967163086,0,1.6053213278452556,1.6880183219909668,1.6064858524739696,3,lr_ppo_seed57,lr_ppo,LR-PPO,57
77440,soldier_caught,0,1,0,0,205,12,6.0,193,,,1.2314865589141846,0,1.1924331990867545,1.1782630681991577,1.2792916958593035,194,lr_ppo_seed57,lr_ppo,LR-PPO,57
77441,soldier_caught,0,1,0,0,45,22,11.0,23,,,0.4168960750102997,0,1.017389213045438,1.3358491659164429,1.1005181200486447,24,lr_ppo_seed57,lr_ppo,LR-PPO,57
77442,soldier_caught,0,1,0,0,172,16,8.0,156,,,1.2158681154251099,0,1.1364671754988895,1.1787153482437134,1.2301312085162635,157,lr_ppo_seed57,lr_ppo,LR-PPO,57
77443,soldier_caught,0,1,0,0,41,18,9.0,23,,,1.6308672428131104,0,1.1894046639402707,2.1608097553253174,1.281874508959552,24,lr_ppo_seed57,lr_ppo,LR-PPO,57
77444,soldier_caught,0,1,0,0,159,14,7.0,145,,,1.18157160282135,0,1.0941633053940454,0.6601859927177429,1.1866542748806794,146,lr_ppo_seed57,lr_ppo,LR-PPO,57
77445,soldier_caught,0,1,0,0,172,18,9.0,154,,,1.559962272644043,0,1.192605183682134,1.8251019716262817,1.2976644925074339,155,lr_ppo_seed57,lr_ppo,LR-PPO,57
77446,intercepted,1,0,0,0,203,18,9.0,185,203.0,101.5,2.766378879547119,0,1.1686194742559104,0.7973310351371765,1.2708241072405173,186,lr_ppo_seed57,lr_ppo,LR-PPO,57
77447,intercepted,1,0,0,0,70,21,10.5,49,70.0,35.0,4.444875717163086,0,1.170404731631279,0.9580435156822205,1.2803558551639218,50,lr_ppo_seed57,lr_ppo,LR-PPO,57
77448,intercepted,1,0,0,0,251,13,6.5,238,251.0,125.5,2.0173449516296387,0,1.1603416725681417,0.6212071180343628,1.2642305704177317,239,lr_ppo_seed57,lr_ppo,LR-PPO,57
77449,intercepted,1,0,0,0,115,14,7.0,101,115.0,57.5,4.631778717041016,0,1.0860181252161663,0.8598875999450684,1.1770188792116199,102,lr_ppo_seed57,lr_ppo,LR-PPO,57
77450,soldier_caught,0,1,0,0,67,21,10.5,46,,,1.3349783420562744,0,1.1608109854637307,0.4548749327659607,1.2958458964676824,47,lr_ppo_seed57,lr_ppo,LR-PPO,57
77451,intercepted,1,0,0,0,132,24,12.0,108,132.0,66.0,2.311807155609131,0,1.1180727913839008,0.5003772377967834,1.1909669592195684,109,lr_ppo_seed57,lr_ppo,LR-PPO,57
77452,intercepted,1,0,0,0,63,18,9.0,45,63.0,31.5,5.586641311645508,0,1.1436509191989899,1.4606869220733643,1.2342492560834302,46,lr_ppo_seed57,lr_ppo,LR-PPO,57
77453,intercepted,1,0,0,0,177,14,7.0,163,177.0,88.5,2.834724187850952,0,1.1328737000684912,0.7336516976356506,1.2217465448094624,164,lr_ppo_seed57,lr_ppo,LR-PPO,57
77454,soldier_caught,0,1,0,0,143,16,8.0,127,,,1.184964895248413,0,1.183199219754897,1.5258355140686035,1.2769913252994118,128,lr_ppo_seed57,lr_ppo,LR-PPO,57
77455,intercepted,1,0,0,0,59,14,7.0,45,59.0,29.5,2.0752034187316895,0,1.1097081857530966,0.5105621814727783,1.2242892846821627,46,lr_ppo_seed57,lr_ppo,LR-PPO,57
77456,soldier_caught,0,1,0,0,42,16,8.0,26,,,1.4696834087371826,0,1.1225046581692166,1.2553082704544067,1.2343265531003158,27,lr_ppo_seed57,lr_ppo,LR-PPO,57
77457,intercepted,1,0,0,0,101,21,10.5,80,101.0,50.5,4.986475467681885,0,1.1114509446017535,0.8687439560890198,1.2157870429047217,81,lr_ppo_seed57,lr_ppo,LR-PPO,57
77458,intercepted,1,0,0,0,38,15,7.5,23,38.0,19.0,2.1873154640197754,0,1.0984488651156425,1.903578519821167,1.2134012361129751,24,lr_ppo_seed57,lr_ppo,LR-PPO,57
77459,intercepted,1,0,0,0,18,16,8.0,2,18.0,9.0,8.193305969238281,0,0.8933143218358358,0.6297097206115723,0.9125563067677788,3,lr_ppo_seed57,lr_ppo,LR-PPO,57
77460,intercepted,1,0,0,0,104,17,8.5,87,104.0,52.0,2.273556709289551,0,1.1021430304443294,0.18998335301876068,1.1989482557434923,88,lr_ppo_seed57,lr_ppo,LR-PPO,57
77461,intercepted,1,0,0,0,17,15,7.5,2,17.0,8.5,5.930182933807373,0,1.035527527332306,0.8244383335113525,1.121094312925269,3,lr_ppo_seed57,lr_ppo,LR-PPO,57
77462,soldier_caught,0,1,0,0,128,17,8.5,111,,,1.7857484817504883,0,1.1885443524058377,1.8899093866348267,1.2925288567752014,112,lr_ppo_seed57,lr_ppo,LR-PPO,57
77463,intercepted,1,0,0,0,62,16,8.0,46,62.0,31.0,2.1934425830841064,0,1.0690020031117378,0.7741265892982483,1.1815020501219737,47,lr_ppo_seed57,lr_ppo,LR-PPO,57
77464,intercepted,1,0,0,0,86,17,8.5,69,86.0,43.0,2.7635302543640137,0,1.2600692872490202,0.8894566297531128,1.3578061920167548,70,lr_ppo_seed57,lr_ppo,LR-PPO,57
77465,soldier_caught,0,1,0,0,66,25,12.5,41,,,1.536465048789978,0,1.0306773781776428,1.5469434261322021,1.1190110712737866,42,lr_ppo_seed57,lr_ppo,LR-PPO,57
77466,intercepted,1,0,0,0,65,19,9.5,46,65.0,32.5,2.936441421508789,0,1.069353054971137,1.1109707355499268,1.156011013698962,47,lr_ppo_seed57,lr_ppo,LR-PPO,57
77467,soldier_caught,0,1,0,0,96,16,8.0,80,,,1.3658185005187988,0,1.1683032439078813,0.7058271169662476,1.274969782730177,81,lr_ppo_seed57,lr_ppo,LR-PPO,57
77468,soldier_caught,0,1,0,0,155,14,7.0,141,,,1.6692264080047607,0,1.1580396738480514,0.7897784113883972,1.2596042831274203,142,lr_ppo_seed57,lr_ppo,LR-PPO,57
77469,soldier_caught,0,1,0,0,54,15,7.5,39,,,1.0080829858779907,0,1.1050239343196153,0.12536974251270294,1.229205329392069,40,lr_ppo_seed57,lr_ppo,LR-PPO,57
77470,intercepted,1,0,0,0,29,27,13.5,2,29.0,14.5,4.139425754547119,0,1.166224181652069,1.1933069229125977,1.1986138269189743,3,lr_ppo_seed57,lr_ppo,LR-PPO,57
77471,intercepted,1,0,0,0,136,20,10.0,116,136.0,68.0,2.898211717605591,0,1.0679660845770795,1.2229325771331787,1.1631499229585454,117,lr_ppo_seed57,lr_ppo,LR-PPO,57
77472,intercepted,1,0,0,0,18,16,8.0,2,18.0,9.0,5.667817115783691,0,1.226087709267934,1.5278005599975586,1.266004264654389,3,lr_ppo_seed57,lr_ppo,LR-PPO,57
77473,intercepted,1,0,0,0,66,18,9.0,48,66.0,33.0,2.34554386138916,0,1.1328738447354765,1.183382511138916,1.2021479368495471,49,lr_ppo_seed57,lr_ppo,LR-PPO,57
77474,intercepted,1,0,0,0,26,23,11.5,3,26.0,13.0,11.830089569091797,0,0.9648549407720566,1.421071171760559,1.0007847534790921,4,lr_ppo_seed57,lr_ppo,LR-PPO,57
77475,intercepted,1,0,0,0,16,14,7.0,2,16.0,8.0,7.587672233581543,0,1.093360960483551,1.7696468830108643,1.2226607103771896,3,lr_ppo_seed57,lr_ppo,LR-PPO,57
77476,intercepted,1,0,0,0,18,16,8.0,2,18.0,9.0,6.481656074523926,0,1.1073684295018513,0.6451961994171143,1.1844115519620253,3,lr_ppo_seed57,lr_ppo,LR-PPO,57
77477,soldier_caught,0,1,0,0,39,16,8.0,23,,,1.9953700304031372,0,1.0714661690096061,1.3114798069000244,1.1360079958593925,24,lr_ppo_seed57,lr_ppo,LR-PPO,57
77478,intercepted,1,0,0,0,57,12,6.0,45,57.0,28.5,6.064541339874268,0,1.057833525797595,1.338684320449829,1.169535210879174,46,lr_ppo_seed57,lr_ppo,LR-PPO,57
77479,soldier_caught,0,1,0,0,127,15,7.5,112,,,1.1344071626663208,0,1.0954125555215684,1.3660647869110107,1.2039394599033992,113,lr_ppo_seed57,lr_ppo,LR-PPO,57
77480,intercepted,1,0,0,0,162,28,14.0,134,162.0,81.0,2.3733673095703125,0,1.1932215478685166,0.9534673690795898,1.2772109937438354,135,lr_ppo_seed57,lr_ppo,LR-PPO,57
77481,soldier_caught,0,1,0,0,58,19,9.5,39,,,1.3039673566818237,0,1.1739989213645459,1.6319177150726318,1.278981675447608,40,lr_ppo_seed57,lr_ppo,LR-PPO,57
77482,intercepted,1,0,0,0,17,15,7.5,2,17.0,8.5,7.301019668579102,0,1.2014867464701335,1.626578450202942,1.2430245160460782,3,lr_ppo_seed57,lr_ppo,LR-PPO,57
77483,intercepted,1,0,0,0,22,20,10.0,2,22.0,11.0,6.458554267883301,0,1.4011756976445515,1.6041934490203857,1.4103341422163196,3,lr_ppo_seed57,lr_ppo,LR-PPO,57
77484,intercepted,1,0,0,0,143,18,9.0,125,143.0,71.5,3.4918341636657715,0,1.1159329581118764,1.5000191926956177,1.2094501996093192,126,lr_ppo_seed57,lr_ppo,LR-PPO,57
77485,intercepted,1,0,0,0,183,17,8.5,166,183.0,91.5,3.2561278343200684,0,1.117083366224152,0.762596070766449,1.2167909754425934,167,lr_ppo_seed57,lr_ppo,LR-PPO,57
77486,intercepted,1,0,0,0,18,16,8.0,2,18.0,9.0,6.918622016906738,0,1.1900242765744526,1.0453267097473145,1.4237293123970856,3,lr_ppo_seed57,lr_ppo,LR-PPO,57
77487,soldier_caught,0,1,0,0,47,20,10.0,27,,,1.6928596496582031,0,1.0122745292527335,1.238042950630188,1.0989721135454888,28,lr_ppo_seed57,lr_ppo,LR-PPO,57
77488,soldier_caught,0,1,0,0,57,11,5.5,46,,,1.9356666803359985,0,1.2501195681856034,0.36079978942871094,1.3592161470830992,47,lr_ppo_seed57,lr_ppo,LR-PPO,57
77489,intercepted,1,0,0,0,49,19,9.5,30,49.0,24.5,6.871885299682617,0,1.1882007910359291,0.5087692141532898,1.2930393456946394,31,lr_ppo_seed57,lr_ppo,LR-PPO,57
77490,intercepted,1,0,0,0,265,22,11.0,243,265.0,132.5,4.245020389556885,0,1.1120614879077575,0.959632158279419,1.1960758381512173,244,lr_ppo_seed57,lr_ppo,LR-PPO,57
77491,soldier_caught,0,1,0,0,368,12,6.0,356,,,0.7334141731262207,0,1.115184891603741,1.3130788803100586,1.2075439734917406,357,lr_ppo_seed57,lr_ppo,LR-PPO,57
77492,intercepted,1,0,0,0,65,18,9.0,47,65.0,32.5,3.401728630065918,0,1.1259179717550676,1.5943611860275269,1.197604189746398,48,lr_ppo_seed57,lr_ppo,LR-PPO,57
77493,intercepted,1,0,0,0,95,14,7.0,81,95.0,47.5,2.8273603916168213,0,1.0581910199508435,1.2811963558197021,1.137897817530414,82,lr_ppo_seed57,lr_ppo,LR-PPO,57
77494,soldier_caught,0,1,0,0,101,14,7.0,87,,,0.6725426912307739,0,1.1770936748520895,1.1374802589416504,1.2806913703166896,88,lr_ppo_seed57,lr_ppo,LR-PPO,57
77495,soldier_caught,0,1,0,0,74,22,11.0,52,,,1.1872483491897583,0,1.3199589533625908,0.5942571759223938,1.4319319771554633,53,lr_ppo_seed57,lr_ppo,LR-PPO,57
77496,soldier_caught,0,1,0,0,41,22,11.0,19,,,1.2602207660675049,0,1.2503457933664321,0.747755765914917,1.3353248561321072,20,lr_ppo_seed57,lr_ppo,LR-PPO,57
77497,soldier_caught,0,1,0,0,441,13,6.5,428,,,0.743139386177063,0,1.0961073589422208,0.7357151508331299,1.1870928646622936,429,lr_ppo_seed57,lr_ppo,LR-PPO,57
77498,intercepted,1,0,0,0,77,30,15.0,47,77.0,38.5,3.1556413173675537,0,1.0831169898932178,1.8129888772964478,1.1717500949043056,48,lr_ppo_seed57,lr_ppo,LR-PPO,57
77499,intercepted,1,0,0,0,44,20,10.0,24,44.0,22.0,3.0773141384124756,0,1.1786332905292511,1.5167834758758545,1.2803056391593028,25,lr_ppo_seed57,lr_ppo,LR-PPO,57
77500,intercepted,1,0,0,0,95,18,9.0,77,95.0,47.5,3.5167977809906006,0,1.1749553508483446,0.5456202030181885,1.248091430703152,78,lr_ppo_seed57,lr_ppo,LR-PPO,57
77501,soldier_caught,0,1,0,0,39,19,9.5,20,,,0.6906663775444031,0,1.2994287581670851,0.779228925704956,1.382032999203684,21,lr_ppo_seed57,lr_ppo,LR-PPO,57
77502,intercepted,1,0,0,0,17,15,7.5,2,17.0,8.5,6.680757522583008,0,1.1104772885640461,1.172842025756836,1.142624557322571,3,lr_ppo_seed57,lr_ppo,LR-PPO,57
77503,soldier_caught,0,1,0,0,38,16,8.0,22,,,0.7334104776382446,0,1.2121901304825493,0.816322386264801,1.3475098813475401,23,lr_ppo_seed57,lr_ppo,LR-PPO,57
77504,soldier_caught,0,1,0,0,139,19,9.5,120,,,0.8376395106315613,0,1.0528627683308498,0.8849182724952698,1.1754200693029178,121,lr_ppo_seed57,lr_ppo,LR-PPO,57
77505,soldier_caught,0,1,0,0,146,15,7.5,131,,,0.8374641537666321,0,1.1004936882492267,1.988677978515625,1.211738721273421,132,lr_ppo_seed57,lr_ppo,LR-PPO,57
77506,soldier_caught,0,1,0,0,126,14,7.0,112,,,1.7764986753463745,0,1.1319053136141954,1.1083340644836426,1.2178744792075187,113,lr_ppo_seed57,lr_ppo,LR-PPO,57
77507,intercepted,1,0,0,0,87,16,8.0,71,87.0,43.5,3.045464038848877,0,1.1845072967310746,0.960276186466217,1.257856499514235,72,lr_ppo_seed57,lr_ppo,LR-PPO,57
77508,intercepted,1,0,0,0,15,13,6.5,2,15.0,7.5,5.850566864013672,0,0.7643366853396097,0.6608941555023193,0.7898093437014185,3,lr_ppo_seed57,lr_ppo,LR-PPO,57
77509,soldier_caught,0,1,0,0,34,13,6.5,21,,,1.6448009014129639,0,1.3152854351157492,1.1873154640197754,1.426271610214067,22,lr_ppo_seed57,lr_ppo,LR-PPO,57
77510,intercepted,1,0,0,0,142,21,10.5,121,142.0,71.0,2.0458593368530273,0,1.0339476308617435,0.6116666793823242,1.1328036999329927,122,lr_ppo_seed57,lr_ppo,LR-PPO,57
77511,soldier_caught,0,1,0,0,98,19,9.5,79,,,1.9857369661331177,0,1.21279379427433,2.2606489658355713,1.2971985933919092,80,lr_ppo_seed57,lr_ppo,LR-PPO,57
77512,intercepted,1,0,0,0,16,14,7.0,2,16.0,8.0,7.535552501678467,0,0.7682189444700877,0.4631265103816986,0.8366237160172325,3,lr_ppo_seed57,lr_ppo,LR-PPO,57
77513,intercepted,1,0,0,0,251,18,9.0,233,251.0,125.5,3.4950242042541504,0,1.1326921896802054,0.546582043170929,1.2374279694063932,234,lr_ppo_seed57,lr_ppo,LR-PPO,57
77514,soldier_caught,0,1,0,0,97,14,7.0,83,,,1.8191330432891846,0,1.1395039923843884,1.8335124254226685,1.238463121530762,84,lr_ppo_seed57,lr_ppo,LR-PPO,57
77515,soldier_caught,0,1,0,0,297,19,9.5,278,,,1.3765736818313599,0,1.1330144153807753,0.8615954518318176,1.2236096068398026,279,lr_ppo_seed57,lr_ppo,LR-PPO,57
77516,soldier_caught,0,1,0,0,223,21,10.5,202,,,1.729133129119873,0,1.109911136219067,0.7398695349693298,1.2069363571694358,203,lr_ppo_seed57,lr_ppo,LR-PPO,57
77517,intercepted,1,0,0,0,66,17,8.5,49,66.0,33.0,2.954133987426758,0,1.132746737599373,0.7775968909263611,1.2016265138726794,50,lr_ppo_seed57,lr_ppo,LR-PPO,57
77518,intercepted,1,0,0,0,18,16,8.0,2,18.0,9.0,7.783746719360352,0,0.883530338605245,0.9232903122901917,0.8845019312938761,3,lr_ppo_seed57,lr_ppo,LR-PPO,57
77519,soldier_caught,0,1,0,0,90,13,6.5,77,,,1.8409361839294434,0,1.1609744525108583,1.2041187286376953,1.2461639558170912,78,lr_ppo_seed57,lr_ppo,LR-PPO,57
77520,intercepted,1,0,0,0,16,14,7.0,2,16.0,8.0,8.87859058380127,0,1.219403068224589,1.6791900396347046,1.3833593738735304,3,lr_ppo_seed57,lr_ppo,LR-PPO,57
77521,intercepted,1,0,0,0,234,18,9.0,216,234.0,117.0,2.0720736980438232,0,1.1392697053296226,1.1401244401931763,1.2268098248664183,217,lr_ppo_seed57,lr_ppo,LR-PPO,57
77522,intercepted,1,0,0,0,103,15,7.5,88,103.0,51.5,2.690520763397217,0,1.1520835869432835,1.5569621324539185,1.26363690726255,89,lr_ppo_seed57,lr_ppo,LR-PPO,57
77523,intercepted,1,0,0,0,15,13,6.5,2,15.0,7.5,7.166630744934082,0,0.9974818229675293,0.8393927812576294,1.0037898610354439,3,lr_ppo_seed57,lr_ppo,LR-PPO,57
77524,soldier_caught,0,1,0,0,128,18,9.0,110,,,1.5697664022445679,0,1.09572442802223,0.6223854422569275,1.1972833885668732,111,lr_ppo_seed57,lr_ppo,LR-PPO,57
77525,intercepted,1,0,0,0,20,18,9.0,2,20.0,10.0,5.937941551208496,0,0.6661965250968933,1.0277955532073975,0.7137527247916075,3,lr_ppo_seed57,lr_ppo,LR-PPO,57
77526,intercepted,1,0,0,0,194,17,8.5,177,194.0,97.0,2.339387893676758,0,1.0845044515608402,0.5505155324935913,1.1772356402174171,178,lr_ppo_seed57,lr_ppo,LR-PPO,57
77527,intercepted,1,0,0,0,208,11,5.5,197,208.0,104.0,2.331836223602295,0,1.1061502713145632,0.8171519041061401,1.2015494922241585,198,lr_ppo_seed57,lr_ppo,LR-PPO,57
77528,intercepted,1,0,0,0,85,13,6.5,72,85.0,42.5,2.4330804347991943,0,1.2053211201747802,2.722921848297119,1.3136530121779713,73,lr_ppo_seed57,lr_ppo,LR-PPO,57
77529,soldier_caught,0,1,0,0,80,16,8.0,64,,,1.8244541883468628,0,1.1120345537479108,1.10271155834198,1.18712594474226,65,lr_ppo_seed57,lr_ppo,LR-PPO,57
77530,intercepted,1,0,0,0,16,14,7.0,2,16.0,8.0,5.498293399810791,0,1.2834697763125102,1.9161888360977173,1.3870033097965577,3,lr_ppo_seed57,lr_ppo,LR-PPO,57
77531,intercepted,1,0,0,0,70,26,13.0,44,70.0,35.0,5.201618194580078,0,1.1790661692619324,0.42251113057136536,1.2538659976573812,45,lr_ppo_seed57,lr_ppo,LR-PPO,57
77532,intercepted,1,0,0,0,39,15,7.5,24,39.0,19.5,4.037885665893555,0,1.1178544211387633,0.9667866826057434,1.166897014821519,25,lr_ppo_seed57,lr_ppo,LR-PPO,57
77533,intercepted,1,0,0,0,247,12,6.0,235,247.0,123.5,2.9822733402252197,0,1.1543244894404532,0.8403806090354919,1.2499226383295676,236,lr_ppo_seed57,lr_ppo,LR-PPO,57
77534,intercepted,1,0,0,0,55,12,6.0,43,55.0,27.5,2.6113221645355225,0,1.0922661823305218,1.1212005615234375,1.1792998041645428,44,lr_ppo_seed57,lr_ppo,LR-PPO,57
77535,intercepted,1,0,0,0,20,18,9.0,2,20.0,10.0,6.195270538330078,0,0.9044000307718912,1.019116759300232,0.9482750604647963,3,lr_ppo_seed57,lr_ppo,LR-PPO,57
77536,intercepted,1,0,0,0,60,12,6.0,48,60.0,30.0,5.982109546661377,0,1.039418095836834,1.1034091711044312,1.149840568498596,49,lr_ppo_seed57,lr_ppo,LR-PPO,57
77537,intercepted,1,0,0,0,110,18,9.0,92,110.0,55.0,2.3753867149353027,0,1.1938171436389287,1.8751705884933472,1.3060124964737836,93,lr_ppo_seed57,lr_ppo,LR-PPO,57
77538,intercepted,1,0,0,0,90,17,8.5,73,90.0,45.0,4.0448174476623535,0,1.1521334700487755,1.2429214715957642,1.2374811481111878,74,lr_ppo_seed57,lr_ppo,LR-PPO,57
77539,intercepted,1,0,0,0,85,17,8.5,68,85.0,42.5,4.460262298583984,0,0.9672159410041311,0.3951607346534729,1.0547657399015915,69,lr_ppo_seed57,lr_ppo,LR-PPO,57
77540,intercepted,1,0,0,0,67,18,9.0,49,67.0,33.5,3.7478997707366943,0,1.1266541665792464,1.4301049709320068,1.2054223219590612,50,lr_ppo_seed57,lr_ppo,LR-PPO,57
77541,soldier_caught,0,1,0,0,226,17,8.5,209,,,1.3520698547363281,0,1.1675303286739758,0.8555528521537781,1.2760328110959207,210,lr_ppo_seed57,lr_ppo,LR-PPO,57
77542,soldier_caught,0,1,0,0,138,15,7.5,123,,,0.9764884114265442,0,1.1611628676614454,2.024284601211548,1.2536269271709353,124,lr_ppo_seed57,lr_ppo,LR-PPO,57
77543,soldier_caught,0,1,0,0,34,14,7.0,20,,,0.7686057090759277,0,1.1004982335226876,0.4714523255825043,1.2303184704574173,21,lr_ppo_seed57,lr_ppo,LR-PPO,57
77544,intercepted,1,0,0,0,149,28,14.0,121,149.0,74.5,4.253086090087891,0,1.1459606357040952,0.8586093783378601,1.2530221135826534,122,lr_ppo_seed57,lr_ppo,LR-PPO,57
77545,soldier_caught,0,1,0,0,50,19,9.5,31,,,1.9723567962646484,0,1.0102147278375924,1.459529161453247,1.0926273946885203,32,lr_ppo_seed57,lr_ppo,LR-PPO,57
77546,intercepted,1,0,0,0,157,18,9.0,139,157.0,78.5,2.8884871006011963,0,1.1648325048387052,0.3928271234035492,1.2689441804914885,140,lr_ppo_seed57,lr_ppo,LR-PPO,57
77547,intercepted,1,0,0,0,57,14,7.0,43,57.0,28.5,5.074514389038086,0,1.2353995645588094,1.0813372135162354,1.3370887622931622,44,lr_ppo_seed57,lr_ppo,LR-PPO,57
77548,intercepted,1,0,0,0,60,17,8.5,43,60.0,30.0,3.9509332180023193,0,1.1179148090833968,0.9494237899780273,1.244603967357255,44,lr_ppo_seed57,lr_ppo,LR-PPO,57
77549,intercepted,1,0,0,0,20,18,9.0,2,20.0,10.0,9.256946563720703,0,1.0730334719022114,0.9845405220985413,1.0912757541634817,3,lr_ppo_seed57,lr_ppo,LR-PPO,57
77550,intercepted,1,0,0,0,63,15,7.5,48,63.0,31.5,3.884521961212158,0,1.0598865087543214,1.0035603046417236,1.1475252953708812,49,lr_ppo_seed57,lr_ppo,LR-PPO,57
77551,intercepted,1,0,0,0,135,16,8.0,119,135.0,67.5,3.4021778106689453,0,1.1402364710966746,1.9599401950836182,1.2300782528703798,120,lr_ppo_seed57,lr_ppo,LR-PPO,57
77552,soldier_caught,0,1,0,0,107,18,9.0,89,,,1.8783851861953735,0,1.1094876064194574,0.849697470664978,1.1962966525262337,90,lr_ppo_seed57,lr_ppo,LR-PPO,57
77553,soldier_caught,0,1,0,0,110,12,6.0,98,,,1.1611566543579102,0,1.1368273204625254,1.7242977619171143,1.231700078978818,99,lr_ppo_seed57,lr_ppo,LR-PPO,57
77554,soldier_caught,0,1,0,0,58,22,11.0,36,,,1.6123526096343994,0,1.2038914863322232,0.7605745792388916,1.3088785378245371,37,lr_ppo_seed57,lr_ppo,LR-PPO,57
77555,soldier_caught,0,1,0,0,70,18,9.0,52,,,1.8214852809906006,0,1.2024344970595162,1.5185762643814087,1.2669274625041687,53,lr_ppo_seed57,lr_ppo,LR-PPO,57
77556,intercepted,1,0,0,0,327,21,10.5,306,327.0,163.5,3.4816489219665527,0,1.0852804877567757,1.3142735958099365,1.1855497546408942,307,lr_ppo_seed57,lr_ppo,LR-PPO,57
77557,soldier_caught,0,1,0,0,199,12,6.0,187,,,1.9316867589950562,0,1.1486601578269868,1.1962398290634155,1.2511267022667005,188,lr_ppo_seed57,lr_ppo,LR-PPO,57
77558,soldier_caught,0,1,0,0,346,17,8.5,329,,,1.438041090965271,0,1.1456619915637103,0.6374159455299377,1.2419581100852262,330,lr_ppo_seed57,lr_ppo,LR-PPO,57
77559,intercepted,1,0,0,0,17,15,7.5,2,17.0,8.5,5.349540710449219,0,1.388899326324463,1.1857457160949707,1.4018990579305561,3,lr_ppo_seed57,lr_ppo,LR-PPO,57
77560,intercepted,1,0,0,0,19,17,8.5,2,19.0,9.5,4.39210844039917,0,1.782719890276591,1.5585110187530518,1.818292242298407,3,lr_ppo_seed57,lr_ppo,LR-PPO,57
77561,intercepted,1,0,0,0,72,22,11.0,50,72.0,36.0,5.042218208312988,0,1.1054903420747495,0.7269615530967712,1.1854258406707459,51,lr_ppo_seed57,lr_ppo,LR-PPO,57
77562,intercepted,1,0,0,0,22,20,10.0,2,22.0,11.0,7.528249740600586,0,1.121086299419403,1.6064149141311646,1.1908596093021027,3,lr_ppo_seed57,lr_ppo,LR-PPO,57
77563,soldier_caught,0,1,0,0,23,19,9.5,4,,,1.4652984142303467,0,1.43980929851532,1.4189053773880005,1.5565090828062937,5,lr_ppo_seed57,lr_ppo,LR-PPO,57
77564,soldier_caught,0,1,0,0,213,23,11.5,190,,,1.9644938707351685,0,1.1383636600840155,0.8159579038619995,1.2278274089842804,191,lr_ppo_seed57,lr_ppo,LR-PPO,57
77565,intercepted,1,0,0,0,56,13,6.5,43,56.0,28.0,6.230403900146484,0,1.2921808511018753,0.7423684000968933,1.3805252286186858,44,lr_ppo_seed57,lr_ppo,LR-PPO,57
77566,intercepted,1,0,0,0,66,19,9.5,47,66.0,33.0,3.187840461730957,0,1.126349829758207,1.0286200046539307,1.1938507408320114,48,lr_ppo_seed57,lr_ppo,LR-PPO,57
77567,soldier_caught,0,1,0,0,66,18,9.0,48,,,0.9872033596038818,0,1.0867470022366972,0.8747245669364929,1.1565121336374349,49,lr_ppo_seed57,lr_ppo,LR-PPO,57
77568,intercepted,1,0,0,0,17,15,7.5,2,17.0,8.5,5.259004592895508,0,0.8068928321202596,0.3007134199142456,0.9464117173242882,3,lr_ppo_seed57,lr_ppo,LR-PPO,57
77569,intercepted,1,0,0,0,16,14,7.0,2,16.0,8.0,5.324713230133057,0,1.5214715202649434,0.9003614783287048,1.5983198817838917,3,lr_ppo_seed57,lr_ppo,LR-PPO,57
77570,soldier_caught,0,1,0,0,54,14,7.0,40,,,1.4056222438812256,0,1.097840428352356,1.0181446075439453,1.1910640173237015,41,lr_ppo_seed57,lr_ppo,LR-PPO,57
77571,intercepted,1,0,0,0,102,16,8.0,86,102.0,51.0,2.0346555709838867,0,1.0730722943941753,1.220708966255188,1.171580279062385,87,lr_ppo_seed57,lr_ppo,LR-PPO,57
77572,soldier_caught,0,1,0,0,52,26,13.0,26,,,1.622938871383667,0,1.0356598805498194,1.3038429021835327,1.1036314960238338,27,lr_ppo_seed57,lr_ppo,LR-PPO,57
77573,intercepted,1,0,0,0,199,16,8.0,183,199.0,99.5,3.2526793479919434,0,1.145559437856402,1.5592557191848755,1.2441919958056227,184,lr_ppo_seed57,lr_ppo,LR-PPO,57
77574,intercepted,1,0,0,0,22,20,10.0,2,22.0,11.0,4.339338779449463,0,1.005041738351186,0.5627456307411194,1.0526323693056265,3,lr_ppo_seed57,lr_ppo,LR-PPO,57
77575,intercepted,1,0,0,0,257,27,13.5,230,257.0,128.5,2.3287692070007324,0,1.1228855802512272,0.3079109787940979,1.2072197020381012,231,lr_ppo_seed57,lr_ppo,LR-PPO,57
77576,intercepted,1,0,0,0,127,13,6.5,114,127.0,63.5,2.1558008193969727,0,1.1346293037352355,1.285438060760498,1.231462808890901,115,lr_ppo_seed57,lr_ppo,LR-PPO,57
77577,soldier_caught,0,1,0,0,108,16,8.0,92,,,1.939622402191162,0,1.1557585696379344,1.176905632019043,1.2588279816860646,93,lr_ppo_seed57,lr_ppo,LR-PPO,57
77578,intercepted,1,0,0,0,153,13,6.5,140,153.0,76.5,4.1504597663879395,0,1.102792815536472,0.9705463647842407,1.1906312795880643,141,lr_ppo_seed57,lr_ppo,LR-PPO,57
77579,intercepted,1,0,0,0,23,21,10.5,2,23.0,11.5,6.629922389984131,0,0.7937431732813517,0.7965950965881348,0.80548111513287,3,lr_ppo_seed57,lr_ppo,LR-PPO,57
77580,intercepted,1,0,0,0,143,12,6.0,131,143.0,71.5,4.7087082862854,0,1.150672472759404,0.8347952365875244,1.2472819656486869,132,lr_ppo_seed57,lr_ppo,LR-PPO,57
77581,intercepted,1,0,0,0,16,14,7.0,2,16.0,8.0,6.371382713317871,0,0.8745650053024292,0.6452113389968872,0.9153993023057736,3,lr_ppo_seed57,lr_ppo,LR-PPO,57
77582,intercepted,1,0,0,0,192,19,9.5,173,192.0,96.0,2.083177328109741,0,1.121216580485818,0.8461677432060242,1.2227802421724978,174,lr_ppo_seed57,lr_ppo,LR-PPO,57
77583,soldier_caught,0,1,0,0,432,24,12.0,408,,,1.0776447057724,0,1.1269966951209351,1.287391185760498,1.2306914738519503,409,lr_ppo_seed57,lr_ppo,LR-PPO,57
77584,intercepted,1,0,0,0,14,12,6.0,2,14.0,7.0,7.421778678894043,0,1.0206927259763081,0.8201902508735657,1.066314155024202,3,lr_ppo_seed57,lr_ppo,LR-PPO,57
77585,soldier_caught,0,1,0,0,58,18,9.0,40,,,1.8845906257629395,0,0.9829459899082417,0.9612471461296082,1.0572073420455568,41,lr_ppo_seed57,lr_ppo,LR-PPO,57
77586,intercepted,1,0,0,0,17,15,7.5,2,17.0,8.5,5.42674446105957,0,1.1079941391944885,0.7565350532531738,1.3620768532609617,3,lr_ppo_seed57,lr_ppo,LR-PPO,57
77587,soldier_caught,0,1,0,0,22,18,9.0,4,,,1.765392541885376,0,0.7755218207836151,0.40522435307502747,0.8863819336151064,5,lr_ppo_seed57,lr_ppo,LR-PPO,57
77588,intercepted,1,0,0,0,64,16,8.0,48,64.0,32.0,4.0253753662109375,0,1.090648572055661,1.1763466596603394,1.182384032953873,49,lr_ppo_seed57,lr_ppo,LR-PPO,57
77589,soldier_caught,0,1,0,0,91,20,10.0,71,,,0.9264951944351196,0,1.0890460177842114,1.3871638774871826,1.1808282024081975,72,lr_ppo_seed57,lr_ppo,LR-PPO,57
77590,soldier_caught,0,1,0,0,56,17,8.5,39,,,1.5762293338775635,0,1.2813283011317254,0.48157185316085815,1.4094757969070182,40,lr_ppo_seed57,lr_ppo,LR-PPO,57
77591,intercepted,1,0,0,0,13,11,5.5,2,13.0,6.5,6.536554336547852,0,1.9596473972002666,0.8207337260246277,2.118901149227107,3,lr_ppo_seed57,lr_ppo,LR-PPO,57
77592,soldier_caught,0,1,0,0,201,39,19.5,162,,,1.091302514076233,0,1.1850769592940442,1.5518420934677124,1.290901690933439,163,lr_ppo_seed57,lr_ppo,LR-PPO,57
77593,soldier_caught,0,1,0,0,176,18,9.0,158,,,0.9314332604408264,0,1.0805468622993373,0.1543140858411789,1.1674543894621174,159,lr_ppo_seed57,lr_ppo,LR-PPO,57
77594,intercepted,1,0,0,0,81,13,6.5,68,81.0,40.5,5.341429233551025,0,1.2011111359233442,1.4002560377120972,1.3169696716085033,69,lr_ppo_seed57,lr_ppo,LR-PPO,57
77595,intercepted,1,0,0,0,84,13,6.5,71,84.0,42.0,2.8417654037475586,0,1.163032358719243,1.3936352729797363,1.2884178675428863,72,lr_ppo_seed57,lr_ppo,LR-PPO,57
77596,intercepted,1,0,0,0,90,26,13.0,64,90.0,45.0,5.839804172515869,0,1.0820966956707148,0.9944173097610474,1.1769240413329927,65,lr_ppo_seed57,lr_ppo,LR-PPO,57
77597,intercepted,1,0,0,0,66,17,8.5,49,66.0,33.0,6.350299835205078,0,1.0244914438575505,0.7073345184326172,1.1059736450847528,50,lr_ppo_seed57,lr_ppo,LR-PPO,57
77598,unsafe_intercept,0,0,1,0,21,19,9.5,2,,,3.2232470512390137,0,1.4795149366060893,1.730839490890503,1.6003027511395866,3,lr_ppo_seed57,lr_ppo,LR-PPO,57
77599,soldier_caught,0,1,0,0,154,16,8.0,138,,,1.9770243167877197,0,1.0774453999541647,2.1851468086242676,1.1632079679700618,139,lr_ppo_seed57,lr_ppo,LR-PPO,57
77600,intercepted,1,0,0,0,19,17,8.5,2,19.0,9.5,7.059769153594971,0,1.4114834864934285,0.8015439510345459,1.5069803425923887,3,lr_ppo_seed57,lr_ppo,LR-PPO,57
77601,intercepted,1,0,0,0,372,20,10.0,352,372.0,186.0,2.2020351886749268,0,1.1286861232927772,1.025203824043274,1.2328451534408567,353,lr_ppo_seed57,lr_ppo,LR-PPO,57
77602,soldier_caught,0,1,0,0,24,19,9.5,5,,,1.621096134185791,0,1.4848448832829793,1.9034212827682495,1.579357674630418,6,lr_ppo_seed57,lr_ppo,LR-PPO,57
77603,intercepted,1,0,0,0,16,14,7.0,2,16.0,8.0,3.598341464996338,0,0.87070432305336,0.4171355068683624,0.9352222461567694,3,lr_ppo_seed57,lr_ppo,LR-PPO,57
77604,intercepted,1,0,0,0,23,21,10.5,2,23.0,11.5,6.23108434677124,0,1.0741393466790516,0.47550496459007263,1.16901720233674,3,lr_ppo_seed57,lr_ppo,LR-PPO,57
77605,soldier_caught,0,1,0,0,174,22,11.0,152,,,0.5897310376167297,0,1.1232088456551235,1.1999775171279907,1.2347558963189758,153,lr_ppo_seed57,lr_ppo,LR-PPO,57
77606,intercepted,1,0,0,0,90,19,9.5,71,90.0,45.0,2.848104476928711,0,1.0917120397918754,0.5832929611206055,1.2052770831508104,72,lr_ppo_seed57,lr_ppo,LR-PPO,57
77607,intercepted,1,0,0,0,15,13,6.5,2,15.0,7.5,7.571622848510742,0,1.0438742240269978,1.6760022640228271,1.14930864223309,3,lr_ppo_seed57,lr_ppo,LR-PPO,57
77608,soldier_caught,0,1,0,0,38,17,8.5,21,,,1.6609830856323242,0,1.0616762719371102,2.639756441116333,1.1440812292806353,22,lr_ppo_seed57,lr_ppo,LR-PPO,57
77609,soldier_caught,0,1,0,0,91,17,8.5,74,,,1.7736992835998535,0,1.1866866187254588,0.7601023316383362,1.2631313504253683,75,lr_ppo_seed57,lr_ppo,LR-PPO,57
77610,soldier_caught,0,1,0,0,225,16,8.0,209,,,1.6654213666915894,0,1.1148587732797577,1.0782108306884766,1.2233863353439702,210,lr_ppo_seed57,lr_ppo,LR-PPO,57
77611,intercepted,1,0,0,0,60,12,6.0,48,60.0,30.0,2.9357388019561768,0,1.2248384368662932,0.9772119522094727,1.3060219655291887,49,lr_ppo_seed57,lr_ppo,LR-PPO,57
77612,soldier_caught,0,1,0,0,29,12,6.0,17,,,1.1545971632003784,0,1.2914845678541396,1.3521701097488403,1.3489558061751843,18,lr_ppo_seed57,lr_ppo,LR-PPO,57
77613,soldier_caught,0,1,0,0,53,13,6.5,40,,,1.5356837511062622,0,1.2131253480911255,1.4854800701141357,1.31034500708327,41,lr_ppo_seed57,lr_ppo,LR-PPO,57
77614,intercepted,1,0,0,0,26,24,12.0,2,26.0,13.0,5.53523063659668,0,0.7304509381453196,0.32776501774787903,0.8299822165938061,3,lr_ppo_seed57,lr_ppo,LR-PPO,57
77615,intercepted,1,0,0,0,16,14,7.0,2,16.0,8.0,5.327836036682129,0,0.6215622325738271,0.6874361634254456,0.6339134317257823,3,lr_ppo_seed57,lr_ppo,LR-PPO,57
77616,intercepted,1,0,0,0,233,19,9.5,214,233.0,116.5,3.447084903717041,0,1.0809336956850317,1.4016615152359009,1.1992464514504266,215,lr_ppo_seed57,lr_ppo,LR-PPO,57
77617,intercepted,1,0,0,0,133,16,8.0,117,133.0,66.5,3.5505144596099854,0,1.1131566155512453,1.8887580633163452,1.1887054107991044,118,lr_ppo_seed57,lr_ppo,LR-PPO,57
77618,soldier_caught,0,1,0,0,124,15,7.5,109,,,1.2688162326812744,0,1.1774696921760386,0.9704766273498535,1.2918399593591892,110,lr_ppo_seed57,lr_ppo,LR-PPO,57
77619,soldier_caught,0,1,0,0,27,23,11.5,4,,,1.786766529083252,0,1.3905011057853698,1.295197606086731,1.6046426029353664,5,lr_ppo_seed57,lr_ppo,LR-PPO,57
77620,intercepted,1,0,0,0,13,11,5.5,2,13.0,6.5,6.968043327331543,0,0.8745320638020834,1.0392976999282837,0.8840197472196966,3,lr_ppo_seed57,lr_ppo,LR-PPO,57
77621,intercepted,1,0,0,0,19,17,8.5,2,19.0,9.5,5.39011812210083,0,1.2685537735621135,1.1046723127365112,1.2739103779686476,3,lr_ppo_seed57,lr_ppo,LR-PPO,57
77622,soldier_caught,0,1,0,0,48,14,7.0,34,,,1.1092095375061035,0,1.0991373819964272,1.3195286989212036,1.1764925104027137,35,lr_ppo_seed57,lr_ppo,LR-PPO,57
77623,soldier_caught,0,1,0,0,68,11,5.5,57,,,1.6006567478179932,0,1.0830222334841202,1.071361780166626,1.1929060408362702,58,lr_ppo_seed57,lr_ppo,LR-PPO,57
77624,intercepted,1,0,0,0,19,17,8.5,2,19.0,9.5,6.3772735595703125,0,1.1277249058087666,1.0914583206176758,1.1520433133172805,3,lr_ppo_seed57,lr_ppo,LR-PPO,57
77625,soldier_caught,0,1,0,0,63,17,8.5,46,,,1.8653783798217773,0,1.1292455614881312,1.1835774183273315,1.2140800781530061,47,lr_ppo_seed57,lr_ppo,LR-PPO,57
77626,intercepted,1,0,0,0,88,23,11.5,65,88.0,44.0,5.998056888580322,0,1.18893011320721,1.8469183444976807,1.2899113546001095,66,lr_ppo_seed57,lr_ppo,LR-PPO,57
77627,intercepted,1,0,0,0,226,23,11.5,203,226.0,113.0,2.27488112449646,0,1.1457676593141228,0.5932856798171997,1.2551653544356232,204,lr_ppo_seed57,lr_ppo,LR-PPO,57
77628,intercepted,1,0,0,0,63,17,8.5,46,63.0,31.5,4.635231018066406,0,1.141749216362517,0.9594117403030396,1.2429679985950919,47,lr_ppo_seed57,lr_ppo,LR-PPO,57
77629,intercepted,1,0,0,0,28,26,13.0,2,28.0,14.0,6.901556015014648,0,0.9801438649495443,1.1897718906402588,0.9913950379225972,3,lr_ppo_seed57,lr_ppo,LR-PPO,57
77630,soldier_caught,0,1,0,0,23,19,9.5,4,,,0.929322361946106,0,1.072739350795746,1.7250441312789917,1.1673357313871464,5,lr_ppo_seed57,lr_ppo,LR-PPO,57
77631,intercepted,1,0,0,0,21,19,9.5,2,21.0,10.5,8.195810317993164,0,1.4339904586474101,1.2621296644210815,1.5074561650160034,3,lr_ppo_seed57,lr_ppo,LR-PPO,57
77632,intercepted,1,0,0,0,154,14,7.0,140,154.0,77.0,5.559591293334961,0,1.1517677172912772,2.3949291706085205,1.2452726659237328,141,lr_ppo_seed57,lr_ppo,LR-PPO,57
77633,intercepted,1,0,0,0,84,17,8.5,67,84.0,42.0,4.489741325378418,0,1.2474297924953348,1.6195054054260254,1.3627943645133194,68,lr_ppo_seed57,lr_ppo,LR-PPO,57
77634,intercepted,1,0,0,0,53,11,5.5,42,53.0,26.5,2.6351773738861084,0,1.0605735283258348,1.690860390663147,1.1475207060593176,43,lr_ppo_seed57,lr_ppo,LR-PPO,57
77635,soldier_caught,0,1,0,0,46,18,9.0,28,,,1.7391867637634277,0,1.1010732157477017,1.3552360534667969,1.180494833049147,29,lr_ppo_seed57,lr_ppo,LR-PPO,57
77636,intercepted,1,0,0,0,21,18,9.0,3,21.0,10.5,11.48503303527832,0,0.9844432920217514,1.1940687894821167,1.0761349927265271,4,lr_ppo_seed57,lr_ppo,LR-PPO,57
77637,intercepted,1,0,0,0,17,15,7.5,2,17.0,8.5,7.5601677894592285,0,0.9229989051818848,0.9722938537597656,0.9353697704241213,3,lr_ppo_seed57,lr_ppo,LR-PPO,57
77638,soldier_caught,0,1,0,0,62,17,8.5,45,,,1.5210440158843994,0,1.1957684719692105,1.7478058338165283,1.282181540296132,46,lr_ppo_seed57,lr_ppo,LR-PPO,57
77639,intercepted,1,0,0,0,341,18,9.0,323,341.0,170.5,2.94740891456604,0,1.1432272097854703,1.5322730541229248,1.2406117600556006,324,lr_ppo_seed57,lr_ppo,LR-PPO,57
77640,soldier_caught,0,1,0,0,213,19,9.5,194,,,1.8085262775421143,0,1.1384104287777193,0.9516963958740234,1.2213332140646076,195,lr_ppo_seed57,lr_ppo,LR-PPO,57
77641,intercepted,1,0,0,0,152,14,7.0,138,152.0,76.0,3.469348669052124,0,1.1738368903132652,1.1968201398849487,1.2622889199458915,139,lr_ppo_seed57,lr_ppo,LR-PPO,57
77642,intercepted,1,0,0,0,41,15,7.5,26,41.0,20.5,3.540353536605835,0,1.1307360717543848,2.0477817058563232,1.221073934721372,27,lr_ppo_seed57,lr_ppo,LR-PPO,57
77643,soldier_caught,0,1,0,0,77,14,7.0,63,,,1.202549934387207,0,1.1409763768315315,1.3070299625396729,1.2330745233861693,64,lr_ppo_seed57,lr_ppo,LR-PPO,57
77644,soldier_caught,0,1,0,0,248,26,13.0,222,,,0.9973504543304443,0,1.1688417251067311,0.26574966311454773,1.2643430871372776,223,lr_ppo_seed57,lr_ppo,LR-PPO,57
77645,soldier_caught,0,1,0,0,137,13,6.5,124,,,0.7016438245773315,0,1.1535181422233582,1.4830799102783203,1.2468056406853247,125,lr_ppo_seed57,lr_ppo,LR-PPO,57
77646,intercepted,1,0,0,0,107,14,7.0,93,107.0,53.5,6.3578901290893555,0,1.1133068153198729,0.8477808237075806,1.1991195519127889,94,lr_ppo_seed57,lr_ppo,LR-PPO,57
77647,intercepted,1,0,0,0,22,20,10.0,2,22.0,11.0,4.6307830810546875,0,0.8243158260981241,1.1866240501403809,0.8703868447384044,3,lr_ppo_seed57,lr_ppo,LR-PPO,57
77648,intercepted,1,0,0,0,86,13,6.5,73,86.0,43.0,2.994910717010498,0,1.181571723440209,0.5505489110946655,1.2568056800450735,74,lr_ppo_seed57,lr_ppo,LR-PPO,57
77649,intercepted,1,0,0,0,18,16,8.0,2,18.0,9.0,5.587829113006592,0,1.4397008220354717,1.6231565475463867,1.589625390268943,3,lr_ppo_seed57,lr_ppo,LR-PPO,57
77650,intercepted,1,0,0,0,70,21,10.5,49,70.0,35.0,4.46552038192749,0,1.068600813150406,1.9682193994522095,1.1970051707842349,50,lr_ppo_seed57,lr_ppo,LR-PPO,57
77651,intercepted,1,0,0,0,19,17,8.5,2,19.0,9.5,6.924830436706543,0,1.0197177529335022,0.32656484842300415,1.1441957100972393,3,lr_ppo_seed57,lr_ppo,LR-PPO,57
77652,intercepted,1,0,0,0,17,15,7.5,2,17.0,8.5,6.934372425079346,0,1.0267324646313984,0.8837726712226868,1.0651569677768054,3,lr_ppo_seed57,lr_ppo,LR-PPO,57
77653,intercepted,1,0,0,0,23,20,10.0,3,23.0,11.5,6.094825744628906,0,1.387192815542221,1.5714393854141235,1.4101321281872146,4,lr_ppo_seed57,lr_ppo,LR-PPO,57
77654,intercepted,1,0,0,0,43,15,7.5,28,43.0,21.5,2.2939388751983643,0,1.1588096156202514,1.99221932888031,1.2517633128454828,29,lr_ppo_seed57,lr_ppo,LR-PPO,57
77655,soldier_caught,0,1,0,0,101,12,6.0,89,,,1.735160231590271,0,1.2016685886515512,1.591955304145813,1.293274837942452,90,lr_ppo_seed57,lr_ppo,LR-PPO,57
77656,soldier_caught,0,1,0,0,132,21,10.5,111,,,1.9061367511749268,0,1.1897569081879087,1.4079612493515015,1.2711787090587665,112,lr_ppo_seed57,lr_ppo,LR-PPO,57
77657,soldier_caught,0,1,0,0,52,13,6.5,39,,,1.1288655996322632,0,1.029649855196476,1.2459897994995117,1.1065055639912351,40,lr_ppo_seed57,lr_ppo,LR-PPO,57
77658,intercepted,1,0,0,0,56,14,7.0,42,56.0,28.0,3.3157169818878174,0,1.0058763276698977,0.6212457418441772,1.0957881587002314,43,lr_ppo_seed57,lr_ppo,LR-PPO,57
77659,soldier_caught,0,1,0,0,147,12,6.0,135,,,1.4390573501586914,0,1.1384830255718792,2.022813320159912,1.236316674721575,136,lr_ppo_seed57,lr_ppo,LR-PPO,57
77660,soldier_caught,0,1,0,0,175,13,6.5,162,,,1.393425703048706,0,1.1292438794133122,0.7292474508285522,1.231363047767256,163,lr_ppo_seed57,lr_ppo,LR-PPO,57
77661,intercepted,1,0,0,0,20,18,9.0,2,20.0,10.0,6.858546257019043,0,0.8616463343302408,1.5348575115203857,0.993018750866763,3,lr_ppo_seed57,lr_ppo,LR-PPO,57
77662,soldier_caught,0,1,0,0,156,24,12.0,132,,,1.5432401895523071,0,1.1322883801128631,1.224899172782898,1.2230540340763032,133,lr_ppo_seed57,lr_ppo,LR-PPO,57
77663,intercepted,1,0,0,0,84,17,8.5,67,84.0,42.0,3.982574224472046,0,1.199339446337784,1.9071705341339111,1.3115329416357084,68,lr_ppo_seed57,lr_ppo,LR-PPO,57
77664,intercepted,1,0,0,0,84,15,7.5,69,84.0,42.0,6.267087936401367,0,1.1627764752932956,1.1379731893539429,1.250319045504157,70,lr_ppo_seed57,lr_ppo,LR-PPO,57
77665,soldier_caught,0,1,0,0,108,22,11.0,86,,,1.8818905353546143,0,1.1176508716468154,1.3307695388793945,1.1860513310236143,87,lr_ppo_seed57,lr_ppo,LR-PPO,57
77666,intercepted,1,0,0,0,324,21,10.5,303,324.0,162.0,2.003134250640869,0,1.0697616177709086,0.5965613722801208,1.1517597308826393,304,lr_ppo_seed57,lr_ppo,LR-PPO,57
77667,intercepted,1,0,0,0,113,19,9.5,94,113.0,56.5,4.580455780029297,0,1.0782881667739466,0.2761898934841156,1.1497439349916254,95,lr_ppo_seed57,lr_ppo,LR-PPO,57
77668,soldier_caught,0,1,0,0,28,22,11.0,6,,,0.8175557851791382,0,1.1040552428790502,1.3566583395004272,1.1626289638987892,7,lr_ppo_seed57,lr_ppo,LR-PPO,57
77669,intercepted,1,0,0,0,84,14,7.0,70,84.0,42.0,3.0378668308258057,0,1.086220555742022,0.7150076627731323,1.178122326245568,71,lr_ppo_seed57,lr_ppo,LR-PPO,57
77670,intercepted,1,0,0,0,146,14,7.0,132,146.0,73.0,2.008256435394287,0,1.1176194597903948,1.399142861366272,1.206445636269107,133,lr_ppo_seed57,lr_ppo,LR-PPO,57
77671,intercepted,1,0,0,0,65,18,9.0,47,65.0,32.5,3.74576997756958,0,1.0577126969583333,1.0532270669937134,1.1473764648466191,48,lr_ppo_seed57,lr_ppo,LR-PPO,57
77672,intercepted,1,0,0,0,80,16,8.0,64,80.0,40.0,2.3852837085723877,0,1.0973431277733583,0.7993494272232056,1.17935238465956,65,lr_ppo_seed57,lr_ppo,LR-PPO,57
77673,intercepted,1,0,0,0,59,13,6.5,46,59.0,29.5,4.2375807762146,0,1.1249256831534364,0.2852291166782379,1.2162513246912474,47,lr_ppo_seed57,lr_ppo,LR-PPO,57
77674,soldier_caught,0,1,0,0,32,12,6.0,20,,,1.9905543327331543,0,1.235060643582117,1.4415926933288574,1.3622102344085742,21,lr_ppo_seed57,lr_ppo,LR-PPO,57
77675,soldier_caught,0,1,0,0,133,17,8.5,116,,,1.2377737760543823,0,1.2447452272614863,0.6899225115776062,1.3537082018050444,117,lr_ppo_seed57,lr_ppo,LR-PPO,57
77676,soldier_caught,0,1,0,0,130,11,5.5,119,,,1.6935558319091797,0,1.2577681930114826,1.2142741680145264,1.3650593214382578,120,lr_ppo_seed57,lr_ppo,LR-PPO,57
77677,soldier_caught,0,1,0,0,38,14,7.0,24,,,0.8799262642860413,0,1.1132029974460602,1.2292466163635254,1.2087106220463906,25,lr_ppo_seed57,lr_ppo,LR-PPO,57
77678,soldier_caught,0,1,0,0,84,15,7.5,69,,,1.1251895427703857,0,1.1394342022282737,0.6660593748092651,1.2238770095171285,70,lr_ppo_seed57,lr_ppo,LR-PPO,57
77679,soldier_caught,0,1,0,0,102,17,8.5,85,,,1.8251720666885376,0,1.1346596503673598,0.4519895315170288,1.223606676117694,86,lr_ppo_seed57,lr_ppo,LR-PPO,57
77680,soldier_caught,0,1,0,0,111,13,6.5,98,,,1.1816768646240234,0,1.158854990595519,1.5526219606399536,1.259014062418033,99,lr_ppo_seed57,lr_ppo,LR-PPO,57
77681,soldier_caught,0,1,0,0,23,20,10.0,3,,,1.090070366859436,0,1.0276083126664162,0.7032251954078674,1.1314853931360878,4,lr_ppo_seed57,lr_ppo,LR-PPO,57
77682,soldier_caught,0,1,0,0,140,19,9.5,121,,,1.0630195140838623,0,1.1923063046863822,1.499907374382019,1.2957376825916205,122,lr_ppo_seed57,lr_ppo,LR-PPO,57
77683,intercepted,1,0,0,0,17,14,7.0,3,17.0,8.5,10.088149070739746,0,1.555016040802002,2.300344944000244,1.664799186308123,4,lr_ppo_seed57,lr_ppo,LR-PPO,57
77684,soldier_caught,0,1,0,0,37,14,7.0,23,,,1.8880369663238525,0,0.9446410400172075,1.2841836214065552,1.048484885768771,24,lr_ppo_seed57,lr_ppo,LR-PPO,57
77685,soldier_caught,0,1,0,0,73,12,6.0,61,,,1.6089283227920532,0,1.0814709307685975,1.8025484085083008,1.1820086652177182,62,lr_ppo_seed57,lr_ppo,LR-PPO,57
77686,intercepted,1,0,0,0,92,19,9.5,73,92.0,46.0,2.4703924655914307,0,1.1215667203068733,1.0308440923690796,1.2034073952896356,74,lr_ppo_seed57,lr_ppo,LR-PPO,57
77687,soldier_caught,0,1,0,0,140,18,9.0,122,,,1.9305390119552612,0,1.1622855599091304,1.8770946264266968,1.2550845536229602,123,lr_ppo_seed57,lr_ppo,LR-PPO,57
77688,soldier_caught,0,1,0,0,199,13,6.5,186,,,1.9805951118469238,0,1.1390444096875063,0.9821695685386658,1.2432459878234665,187,lr_ppo_seed57,lr_ppo,LR-PPO,57
77689,intercepted,1,0,0,0,248,17,8.5,231,248.0,124.0,3.4986743927001953,0,1.1572335014954722,0.4234699606895447,1.2566243261295014,232,lr_ppo_seed57,lr_ppo,LR-PPO,57
77690,intercepted,1,0,0,0,104,14,7.0,90,104.0,52.0,5.550312519073486,0,1.2149508387505352,1.3709864616394043,1.3257824929984037,91,lr_ppo_seed57,lr_ppo,LR-PPO,57
77691,soldier_caught,0,1,0,0,37,17,8.5,20,,,1.6096490621566772,0,1.0982467148985182,0.8807123303413391,1.1830900311355652,21,lr_ppo_seed57,lr_ppo,LR-PPO,57
77692,intercepted,1,0,0,0,137,16,8.0,121,137.0,68.5,3.656346082687378,0,1.1100790832863479,0.9529696702957153,1.2038658912168512,122,lr_ppo_seed57,lr_ppo,LR-PPO,57
77693,intercepted,1,0,0,0,80,18,9.0,62,80.0,40.0,3.08516263961792,0,0.9957083768787838,1.8295557498931885,1.102230372274601,63,lr_ppo_seed57,lr_ppo,LR-PPO,57
77694,intercepted,1,0,0,0,84,14,7.0,70,84.0,42.0,4.882074356079102,0,1.1733620676776053,0.8749174475669861,1.2556834451878018,71,lr_ppo_seed57,lr_ppo,LR-PPO,57
77695,intercepted,1,0,0,0,63,16,8.0,47,63.0,31.5,3.0427329540252686,0,1.0538048359254997,0.5341618657112122,1.1850587267373494,48,lr_ppo_seed57,lr_ppo,LR-PPO,57
77696,intercepted,1,0,0,0,63,14,7.0,49,63.0,31.5,7.450924873352051,0,1.1028972819447518,1.1938607692718506,1.2089613161142723,50,lr_ppo_seed57,lr_ppo,LR-PPO,57
77697,intercepted,1,0,0,0,82,14,7.0,68,82.0,41.0,5.828003883361816,0,1.0949690942315087,1.1676750183105469,1.1729646677342696,69,lr_ppo_seed57,lr_ppo,LR-PPO,57
77698,intercepted,1,0,0,0,106,12,6.0,94,106.0,53.0,2.5504274368286133,0,1.0772685502704822,1.5277209281921387,1.1646750222625304,95,lr_ppo_seed57,lr_ppo,LR-PPO,57
77699,intercepted,1,0,0,0,92,16,8.0,76,92.0,46.0,4.758155822753906,0,1.1569730730412842,1.21230947971344,1.260873036974162,77,lr_ppo_seed57,lr_ppo,LR-PPO,57
77700,soldier_caught,0,1,0,0,38,33,16.5,5,,,1.0397820472717285,0,1.1694701810677846,1.696205973625183,1.22821750307409,6,lr_ppo_seed57,lr_ppo,LR-PPO,57
77701,soldier_caught,0,1,0,0,259,19,9.5,240,,,1.6266661882400513,0,1.1939985384213974,1.0384467840194702,1.2859249262170698,241,lr_ppo_seed57,lr_ppo,LR-PPO,57
77702,soldier_caught,0,1,0,0,32,20,10.0,12,,,1.3247126340866089,0,1.0767957201370826,1.892404556274414,1.15890343497519,13,lr_ppo_seed57,lr_ppo,LR-PPO,57
77703,intercepted,1,0,0,0,63,16,8.0,47,63.0,31.5,3.320547103881836,0,1.055756184272468,1.213294267654419,1.1230041810885631,48,lr_ppo_seed57,lr_ppo,LR-PPO,57
77704,intercepted,1,0,0,0,25,23,11.5,2,25.0,12.5,5.986384868621826,0,0.5620523790518442,0.4423869550228119,0.584750127388441,3,lr_ppo_seed57,lr_ppo,LR-PPO,57
77705,intercepted,1,0,0,0,87,17,8.5,70,87.0,43.5,2.782351016998291,0,1.0556860162128865,0.9850929379463196,1.180861078402399,71,lr_ppo_seed57,lr_ppo,LR-PPO,57
77706,intercepted,1,0,0,0,45,23,11.5,22,45.0,22.5,8.795321464538574,0,1.0820491754490396,1.5144790410995483,1.1785267831300772,23,lr_ppo_seed57,lr_ppo,LR-PPO,57
77707,soldier_caught,0,1,0,0,59,20,10.0,39,,,1.718273401260376,0,1.211145957559347,0.914825975894928,1.293298390691001,40,lr_ppo_seed57,lr_ppo,LR-PPO,57
77708,intercepted,1,0,0,0,141,27,13.5,114,141.0,70.5,4.134654521942139,0,1.1704756491858026,1.3584434986114502,1.262818151245836,115,lr_ppo_seed57,lr_ppo,LR-PPO,57
77709,soldier_caught,0,1,0,0,60,13,6.5,47,,,1.9339326620101929,0,1.1814179681241512,1.2330514192581177,1.2871594943839102,48,lr_ppo_seed57,lr_ppo,LR-PPO,57
77710,intercepted,1,0,0,0,58,11,5.5,47,58.0,29.0,4.1241536140441895,0,1.1467399926235278,1.915921688079834,1.2882413592248507,48,lr_ppo_seed57,lr_ppo,LR-PPO,57
77711,intercepted,1,0,0,0,79,15,7.5,64,79.0,39.5,3.806105375289917,0,1.0937892602040218,0.7890024781227112,1.1926404813715956,65,lr_ppo_seed57,lr_ppo,LR-PPO,57
77712,intercepted,1,0,0,0,43,20,10.0,23,43.0,21.5,2.938377618789673,0,1.1290257181972265,0.8138788938522339,1.2083969261143004,24,lr_ppo_seed57,lr_ppo,LR-PPO,57
77713,intercepted,1,0,0,0,121,15,7.5,106,121.0,60.5,3.892486810684204,0,1.1881301669038344,1.6106693744659424,1.2712736212527391,107,lr_ppo_seed57,lr_ppo,LR-PPO,57
77714,soldier_caught,0,1,0,0,107,14,7.0,93,,,1.962077021598816,0,1.1230362511061607,1.1668367385864258,1.2130235743177444,94,lr_ppo_seed57,lr_ppo,LR-PPO,57
77715,soldier_caught,0,1,0,0,24,14,7.0,10,,,1.9189008474349976,0,1.0377406152811917,1.8522006273269653,1.159645516835679,11,lr_ppo_seed57,lr_ppo,LR-PPO,57
77716,soldier_caught,0,1,0,0,89,23,11.5,66,,,1.267794132232666,0,1.09979182904336,0.51740962266922,1.2409880950685697,67,lr_ppo_seed57,lr_ppo,LR-PPO,57
77717,soldier_caught,0,1,0,0,48,21,10.5,27,,,0.8523844480514526,0,1.1590917642627443,0.5876500010490417,1.235444376208095,28,lr_ppo_seed57,lr_ppo,LR-PPO,57
77718,intercepted,1,0,0,0,167,28,14.0,139,167.0,83.5,2.6238791942596436,0,1.1283858178449528,1.5413206815719604,1.20894605485184,140,lr_ppo_seed57,lr_ppo,LR-PPO,57
77719,intercepted,1,0,0,0,175,17,8.5,158,175.0,87.5,2.030418634414673,0,1.1969328486132171,0.7598713040351868,1.29802425923698,159,lr_ppo_seed57,lr_ppo,LR-PPO,57
77720,intercepted,1,0,0,0,44,20,10.0,24,44.0,22.0,4.057480335235596,0,0.982750678062439,0.7810861468315125,1.0198841948889648,25,lr_ppo_seed57,lr_ppo,LR-PPO,57
77721,soldier_caught,0,1,0,0,109,26,13.0,83,,,1.2058485746383667,0,1.1625106772851377,1.1557835340499878,1.261423879741039,84,lr_ppo_seed57,lr_ppo,LR-PPO,57
77722,intercepted,1,0,0,0,16,14,7.0,2,16.0,8.0,4.4567413330078125,0,1.047790785630544,1.1767768859863281,1.0635413577663935,3,lr_ppo_seed57,lr_ppo,LR-PPO,57
77723,intercepted,1,0,0,0,64,17,8.5,47,64.0,32.0,5.579148292541504,0,1.2738749186197917,1.4045755863189697,1.3753124506300376,48,lr_ppo_seed57,lr_ppo,LR-PPO,57
77724,soldier_caught,0,1,0,0,240,16,8.0,224,,,1.7255830764770508,0,1.1571021443274285,0.909892737865448,1.2457908027221019,225,lr_ppo_seed57,lr_ppo,LR-PPO,57
77725,soldier_caught,0,1,0,0,61,18,9.0,43,,,1.8278690576553345,0,1.0632427815686574,0.64492267370224,1.1491971561885654,44,lr_ppo_seed57,lr_ppo,LR-PPO,57
77726,soldier_caught,0,1,0,0,110,13,6.5,97,,,1.4322179555892944,0,1.2004754652782363,1.0763038396835327,1.2892582867241906,98,lr_ppo_seed57,lr_ppo,LR-PPO,57
77727,intercepted,1,0,0,0,203,21,10.5,182,203.0,101.5,2.2888107299804688,0,1.1227726936340332,0.512586236000061,1.2044866952970799,183,lr_ppo_seed57,lr_ppo,LR-PPO,57
77728,soldier_caught,0,1,0,0,166,17,8.5,149,,,1.5202131271362305,0,1.0642126794656117,1.4611074924468994,1.1546846268903737,150,lr_ppo_seed57,lr_ppo,LR-PPO,57
77729,intercepted,1,0,0,0,106,17,8.5,89,106.0,53.0,3.2644217014312744,0,1.1192793717814817,0.7391427755355835,1.2274642632769843,90,lr_ppo_seed57,lr_ppo,LR-PPO,57
77730,intercepted,1,0,0,0,21,19,9.5,2,21.0,10.5,4.051100254058838,0,1.8719967206319172,2.8297336101531982,2.0078715755931524,3,lr_ppo_seed57,lr_ppo,LR-PPO,57
77731,soldier_caught,0,1,0,0,98,16,8.0,82,,,1.081356406211853,0,1.1294631307204086,1.0765918493270874,1.2282991254133049,83,lr_ppo_seed57,lr_ppo,LR-PPO,57
77732,soldier_caught,0,1,0,0,142,15,7.5,127,,,1.6916513442993164,0,1.1610784594668075,2.7420883178710938,1.2521945570603732,128,lr_ppo_seed57,lr_ppo,LR-PPO,57
77733,intercepted,1,0,0,0,205,16,8.0,189,205.0,102.5,2.173229455947876,0,1.120425105173337,1.3016561269760132,1.2143303776704284,190,lr_ppo_seed57,lr_ppo,LR-PPO,57
77734,intercepted,1,0,0,0,63,18,9.0,45,63.0,31.5,2.6559765338897705,0,1.129021141840064,1.2365808486938477,1.2153109719771356,46,lr_ppo_seed57,lr_ppo,LR-PPO,57
77735,intercepted,1,0,0,0,19,17,8.5,2,19.0,9.5,7.987623691558838,0,1.2308729887008667,1.4959501028060913,1.2450879177523313,3,lr_ppo_seed57,lr_ppo,LR-PPO,57
77736,intercepted,1,0,0,0,41,16,8.0,25,41.0,20.5,2.4286489486694336,0,1.163870869920804,0.9790458679199219,1.2710256969281004,26,lr_ppo_seed57,lr_ppo,LR-PPO,57
77737,soldier_caught,0,1,0,0,60,21,10.5,39,,,1.4474468231201172,0,1.1760095745325088,1.2948932647705078,1.284066198681721,40,lr_ppo_seed57,lr_ppo,LR-PPO,57
77738,intercepted,1,0,0,0,42,17,8.5,25,42.0,21.0,2.576511859893799,0,0.9648070564636817,0.6709746718406677,1.0137671260950736,26,lr_ppo_seed57,lr_ppo,LR-PPO,57
77739,intercepted,1,0,0,0,14,12,6.0,2,14.0,7.0,5.111976623535156,0,0.7539559404055277,1.1530084609985352,0.8120166386621713,3,lr_ppo_seed57,lr_ppo,LR-PPO,57
77740,soldier_caught,0,1,0,0,17,13,6.5,4,,,1.55488920211792,0,1.1399931192398072,0.8837995529174805,1.1541029052882394,5,lr_ppo_seed57,lr_ppo,LR-PPO,57
77741,intercepted,1,0,0,0,32,30,15.0,2,32.0,16.0,3.74041485786438,0,1.4102839628855388,1.2730085849761963,1.427994080163398,3,lr_ppo_seed57,lr_ppo,LR-PPO,57
77742,soldier_caught,0,1,0,0,64,21,10.5,43,,,0.5719987154006958,0,1.2321498167108407,1.789003849029541,1.331008395415303,44,lr_ppo_seed57,lr_ppo,LR-PPO,57
77743,soldier_caught,0,1,0,0,76,13,6.5,63,,,0.9770115613937378,0,1.1209054633509368,0.4047703146934509,1.2153284865955885,64,lr_ppo_seed57,lr_ppo,LR-PPO,57
77744,intercepted,1,0,0,0,110,19,9.5,91,110.0,55.0,3.5702545642852783,0,1.211338624034239,1.1369248628616333,1.3011041209093472,92,lr_ppo_seed57,lr_ppo,LR-PPO,57
77745,intercepted,1,0,0,0,64,15,7.5,49,64.0,32.0,4.0528106689453125,0,1.2379615503549575,2.0656728744506836,1.33297354698525,50,lr_ppo_seed57,lr_ppo,LR-PPO,57
77746,intercepted,1,0,0,0,95,23,11.5,72,95.0,47.5,3.8581418991088867,0,1.063017629597285,0.5174754858016968,1.160723286834433,73,lr_ppo_seed57,lr_ppo,LR-PPO,57
77747,intercepted,1,0,0,0,14,12,6.0,2,14.0,7.0,6.415190696716309,0,1.117304841677348,0.699669361114502,1.1647401345707007,3,lr_ppo_seed57,lr_ppo,LR-PPO,57
77748,intercepted,1,0,0,0,170,20,10.0,150,170.0,85.0,2.0780084133148193,0,1.0216529187777184,1.01520836353302,1.1294583541531331,151,lr_ppo_seed57,lr_ppo,LR-PPO,57
77749,intercepted,1,0,0,0,196,23,11.5,173,196.0,98.0,2.511993885040283,0,1.1374687918986397,1.2391244173049927,1.2278355238442322,174,lr_ppo_seed57,lr_ppo,LR-PPO,57
77750,intercepted,1,0,0,0,21,19,9.5,2,21.0,10.5,5.594176292419434,0,1.781227946281433,1.752156376838684,1.7857105596045775,3,lr_ppo_seed57,lr_ppo,LR-PPO,57
77751,soldier_caught,0,1,0,0,272,16,8.0,256,,,1.8848851919174194,0,1.0755616024078563,1.1819449663162231,1.167667124103682,257,lr_ppo_seed57,lr_ppo,LR-PPO,57
77752,soldier_caught,0,1,0,0,83,21,10.5,62,,,1.7848316431045532,0,1.0571227858936976,1.4294451475143433,1.1183758136925264,63,lr_ppo_seed57,lr_ppo,LR-PPO,57
77753,soldier_caught,0,1,0,0,77,16,8.0,61,,,1.0117356777191162,0,1.125360054354514,1.1547455787658691,1.2118174191292128,62,lr_ppo_seed57,lr_ppo,LR-PPO,57
77754,intercepted,1,0,0,0,103,22,11.0,81,103.0,51.5,2.0749218463897705,0,1.1671924431149552,2.3540713787078857,1.2819824921925531,82,lr_ppo_seed57,lr_ppo,LR-PPO,57
77755,soldier_caught,0,1,0,0,43,20,10.0,23,,,1.9039679765701294,0,1.4171833445628483,1.184515118598938,1.531984040410259,24,lr_ppo_seed57,lr_ppo,LR-PPO,57
77756,intercepted,1,0,0,0,43,20,10.0,23,43.0,21.5,3.135707139968872,0,1.2467821724712849,1.1863868236541748,1.345953268354098,24,lr_ppo_seed57,lr_ppo,LR-PPO,57
77757,intercepted,1,0,0,0,94,26,13.0,68,94.0,47.0,2.091193199157715,0,1.1308945642001387,1.7515766620635986,1.2174918614117662,69,lr_ppo_seed57,lr_ppo,LR-PPO,57
77758,intercepted,1,0,0,0,164,24,12.0,140,164.0,82.0,3.8628058433532715,0,1.1328950170295458,1.935481309890747,1.2290758312970902,141,lr_ppo_seed57,lr_ppo,LR-PPO,57
77759,soldier_caught,0,1,0,0,16,13,6.5,3,,,1.685692310333252,0,1.2083272337913513,1.272868275642395,1.2540079099746662,4,lr_ppo_seed57,lr_ppo,LR-PPO,57
77760,soldier_caught,0,1,0,0,38,20,10.0,18,,,0.7617630958557129,0,1.139365897366875,0.6817523837089539,1.2003489654637576,19,lr_ppo_seed57,lr_ppo,LR-PPO,57
77761,soldier_caught,0,1,0,0,38,12,6.0,26,,,1.4440507888793945,0,1.2933880477039903,1.4584004878997803,1.4067169295766824,27,lr_ppo_seed57,lr_ppo,LR-PPO,57
77762,soldier_caught,0,1,0,0,20,16,8.0,4,,,1.737969994544983,0,1.221914565563202,1.2966651916503906,1.2498761931583846,5,lr_ppo_seed57,lr_ppo,LR-PPO,57
77763,intercepted,1,0,0,0,17,15,7.5,2,17.0,8.5,6.984951019287109,0,1.519760251045227,1.1774661540985107,1.540747878166403,3,lr_ppo_seed57,lr_ppo,LR-PPO,57
77764,intercepted,1,0,0,0,263,16,8.0,247,263.0,131.5,2.050097942352295,0,1.127291010752801,1.3144378662109375,1.2220934261909038,248,lr_ppo_seed57,lr_ppo,LR-PPO,57
77765,intercepted,1,0,0,0,14,12,6.0,2,14.0,7.0,7.066315650939941,0,1.198094328244527,1.0295618772506714,1.2231914658536651,3,lr_ppo_seed57,lr_ppo,LR-PPO,57
77766,intercepted,1,0,0,0,18,16,8.0,2,18.0,9.0,6.715198516845703,0,0.7583197156588236,0.7065842747688293,0.7611782117089156,3,lr_ppo_seed57,lr_ppo,LR-PPO,57
77767,intercepted,1,0,0,0,489,15,7.5,474,489.0,244.5,2.244802951812744,0,1.1487721821352055,1.0627124309539795,1.252928636508573,475,lr_ppo_seed57,lr_ppo,LR-PPO,57
77768,unsafe_intercept,0,0,1,0,24,22,11.0,2,,,2.6751482486724854,0,1.1339641014734905,0.9597772359848022,1.142732570448583,3,lr_ppo_seed57,lr_ppo,LR-PPO,57
77769,intercepted,1,0,0,0,298,20,10.0,278,298.0,149.0,4.710621356964111,0,1.153457389403415,1.2390460968017578,1.2358436119757348,279,lr_ppo_seed57,lr_ppo,LR-PPO,57
77770,intercepted,1,0,0,0,38,14,7.0,24,38.0,19.0,4.029019355773926,0,1.1919344639778138,1.1201872825622559,1.3436307379830443,25,lr_ppo_seed57,lr_ppo,LR-PPO,57
77771,intercepted,1,0,0,0,44,12,6.0,32,44.0,22.0,2.2405576705932617,0,1.10210750319741,0.9339458346366882,1.1898054682412413,33,lr_ppo_seed57,lr_ppo,LR-PPO,57
77772,intercepted,1,0,0,0,24,22,11.0,2,24.0,12.0,4.072840690612793,0,0.9715986251831055,0.9949019551277161,0.9853263669132708,3,lr_ppo_seed57,lr_ppo,LR-PPO,57
77773,intercepted,1,0,0,0,225,19,9.5,206,225.0,112.5,2.4988632202148438,0,1.1297899111745437,1.2785561084747314,1.219734357672502,207,lr_ppo_seed57,lr_ppo,LR-PPO,57
77774,intercepted,1,0,0,0,189,18,9.0,171,189.0,94.5,2.171076536178589,0,1.1168336119762687,0.7473422884941101,1.21621418186387,172,lr_ppo_seed57,lr_ppo,LR-PPO,57
77775,soldier_caught,0,1,0,0,124,11,5.5,113,,,1.7842038869857788,0,1.1711434898407835,1.9463672637939453,1.2819605333138973,114,lr_ppo_seed57,lr_ppo,LR-PPO,57
77776,soldier_caught,0,1,0,0,96,15,7.5,81,,,1.5701229572296143,0,1.1623593626952753,0.768133282661438,1.237610766578757,82,lr_ppo_seed57,lr_ppo,LR-PPO,57
77777,soldier_caught,0,1,0,0,28,23,11.5,5,,,1.4857277870178223,0,1.143060992161433,0.6748359799385071,1.2206767265331764,6,lr_ppo_seed57,lr_ppo,LR-PPO,57
77778,intercepted,1,0,0,0,56,15,7.5,41,56.0,28.0,3.8967158794403076,0,1.0762985760257358,1.4407576322555542,1.1365814897912532,42,lr_ppo_seed57,lr_ppo,LR-PPO,57
77779,soldier_caught,0,1,0,0,41,19,9.5,22,,,1.6862643957138062,0,1.2311494674371637,1.4406993389129639,1.3282145497254785,23,lr_ppo_seed57,lr_ppo,LR-PPO,57
77780,intercepted,1,0,0,0,22,20,10.0,2,22.0,11.0,6.778806686401367,0,1.0218556920687358,1.1576608419418335,1.0774576267178246,3,lr_ppo_seed57,lr_ppo,LR-PPO,57
77781,intercepted,1,0,0,0,74,24,12.0,50,74.0,37.0,2.75900936126709,0,1.0721143931150436,1.106008529663086,1.172175483503883,51,lr_ppo_seed57,lr_ppo,LR-PPO,57
77782,intercepted,1,0,0,0,206,14,7.0,192,206.0,103.0,2.2236387729644775,0,1.1715333203886458,1.2221752405166626,1.2517172850343596,193,lr_ppo_seed57,lr_ppo,LR-PPO,57
77783,intercepted,1,0,0,0,20,18,9.0,2,20.0,10.0,4.211989879608154,0,0.9549999237060547,1.5928093194961548,1.0562660250290845,3,lr_ppo_seed57,lr_ppo,LR-PPO,57
77784,intercepted,1,0,0,0,77,16,8.0,61,77.0,38.5,2.172898292541504,0,1.158103283855223,1.0032968521118164,1.2510597546241127,62,lr_ppo_seed57,lr_ppo,LR-PPO,57
77785,soldier_caught,0,1,0,0,23,19,9.5,4,,,1.7241464853286743,0,1.2896544992923737,0.7672320008277893,1.449878035972634,5,lr_ppo_seed57,lr_ppo,LR-PPO,57
77786,intercepted,1,0,0,0,23,21,10.5,2,23.0,11.5,6.463970184326172,0,1.1336673895517986,1.7124481201171875,1.2229061734497024,3,lr_ppo_seed57,lr_ppo,LR-PPO,57
77787,intercepted,1,0,0,0,28,26,13.0,2,28.0,14.0,4.995074272155762,0,0.952784021695455,1.083845853805542,1.0207748007611652,3,lr_ppo_seed57,lr_ppo,LR-PPO,57
77788,intercepted,1,0,0,0,20,18,9.0,2,20.0,10.0,7.070277214050293,0,1.1038502057393391,1.39017653465271,1.1557726178507768,3,lr_ppo_seed57,lr_ppo,LR-PPO,57
77789,intercepted,1,0,0,0,39,12,6.0,27,39.0,19.5,3.367739677429199,0,1.1214336124914033,0.5638806223869324,1.173297739481548,28,lr_ppo_seed57,lr_ppo,LR-PPO,57
77790,intercepted,1,0,0,0,88,19,9.5,69,88.0,44.0,5.749024868011475,0,1.077955938237054,1.2466981410980225,1.1545791186833807,70,lr_ppo_seed57,lr_ppo,LR-PPO,57
77791,intercepted,1,0,0,0,92,21,10.5,71,92.0,46.0,4.1077680587768555,0,1.0615354554934635,1.5708848237991333,1.1675590958506947,72,lr_ppo_seed57,lr_ppo,LR-PPO,57
77792,soldier_caught,0,1,0,0,73,16,8.0,57,,,0.997382402420044,0,0.9832743367758291,0.7823536992073059,1.0926788146185225,58,lr_ppo_seed57,lr_ppo,LR-PPO,57
77793,intercepted,1,0,0,0,131,13,6.5,118,131.0,65.5,2.338423252105713,0,1.0894334826524519,0.8507922887802124,1.2008343380103104,119,lr_ppo_seed57,lr_ppo,LR-PPO,57
77794,intercepted,1,0,0,0,19,17,8.5,2,19.0,9.5,8.018601417541504,0,1.9479964971542358,3.1276795864105225,2.1337478945303774,3,lr_ppo_seed57,lr_ppo,LR-PPO,57
77795,soldier_caught,0,1,0,0,21,17,8.5,4,,,0.7300558090209961,0,1.2912756323814392,1.0537359714508057,1.3319264490952876,5,lr_ppo_seed57,lr_ppo,LR-PPO,57
77796,soldier_caught,0,1,0,0,61,13,6.5,48,,,1.892896294593811,0,1.1333239090685943,2.2023987770080566,1.2527175333994527,49,lr_ppo_seed57,lr_ppo,LR-PPO,57
77797,intercepted,1,0,0,0,17,15,7.5,2,17.0,8.5,5.868464469909668,0,0.833544502655665,1.7409499883651733,1.0525404465385455,3,lr_ppo_seed57,lr_ppo,LR-PPO,57
77798,soldier_caught,0,1,0,0,122,17,8.5,105,,,1.5551120042800903,0,1.107103407945273,0.4166865348815918,1.1911746207850105,106,lr_ppo_seed57,lr_ppo,LR-PPO,57
77799,soldier_caught,0,1,0,0,245,19,9.5,226,,,1.984336256980896,0,1.1253514278040058,0.19772027432918549,1.2250540173613829,227,lr_ppo_seed57,lr_ppo,LR-PPO,57
77800,soldier_caught,0,1,0,0,83,19,9.5,64,,,1.0735774040222168,0,1.1984375320948086,2.201688766479492,1.2950557081992564,65,lr_ppo_seed57,lr_ppo,LR-PPO,57
77801,intercepted,1,0,0,0,139,21,10.5,118,139.0,69.5,2.609656810760498,0,1.0800804800095678,0.9050185084342957,1.1805219830312765,119,lr_ppo_seed57,lr_ppo,LR-PPO,57
77802,soldier_caught,0,1,0,0,195,15,7.5,180,,,1.9124999046325684,0,1.0496859837796806,0.11735178530216217,1.1639081723714697,181,lr_ppo_seed57,lr_ppo,LR-PPO,57
77803,intercepted,1,0,0,0,216,13,6.5,203,216.0,108.0,2.0207977294921875,0,1.1592834511881365,3.1353251934051514,1.2601896778937551,204,lr_ppo_seed57,lr_ppo,LR-PPO,57
77804,intercepted,1,0,0,0,20,18,9.0,2,20.0,10.0,9.157154083251953,0,0.8971271316210429,0.8569488525390625,0.9360251857979645,3,lr_ppo_seed57,lr_ppo,LR-PPO,57
77805,intercepted,1,0,0,0,40,18,9.0,22,40.0,20.0,3.410198926925659,0,1.105002655931141,1.3514502048492432,1.217138989700604,23,lr_ppo_seed57,lr_ppo,LR-PPO,57
77806,intercepted,1,0,0,0,26,24,12.0,2,26.0,13.0,8.8073091506958,0,0.9706583420435587,1.1378257274627686,0.9836565319583295,3,lr_ppo_seed57,lr_ppo,LR-PPO,57
77807,intercepted,1,0,0,0,38,12,6.0,26,38.0,19.0,2.84358549118042,0,1.315997200983542,1.3012892007827759,1.3613282691875774,27,lr_ppo_seed57,lr_ppo,LR-PPO,57
77808,intercepted,1,0,0,0,59,11,5.5,48,59.0,29.5,3.5815200805664062,0,1.1613124371791372,0.1335446834564209,1.2792185335866186,49,lr_ppo_seed57,lr_ppo,LR-PPO,57
77809,intercepted,1,0,0,0,16,14,7.0,2,16.0,8.0,9.067550659179688,0,0.5894896487394968,0.4503054618835449,0.6705241441409667,3,lr_ppo_seed57,lr_ppo,LR-PPO,57
77810,intercepted,1,0,0,0,121,12,6.0,109,121.0,60.5,2.4106616973876953,0,1.1441148587925867,1.0985229015350342,1.238403536806751,110,lr_ppo_seed57,lr_ppo,LR-PPO,57
77811,intercepted,1,0,0,0,20,18,9.0,2,20.0,10.0,7.0269951820373535,0,0.9295740922292074,1.165753722190857,0.9444573983343181,3,lr_ppo_seed57,lr_ppo,LR-PPO,57
77812,soldier_caught,0,1,0,0,195,20,10.0,175,,,1.5797805786132812,0,1.1787851622158831,0.7285043001174927,1.2810852855865773,176,lr_ppo_seed57,lr_ppo,LR-PPO,57
77813,intercepted,1,0,0,0,94,18,9.0,76,94.0,47.0,2.7917466163635254,0,1.083531074903228,1.1926552057266235,1.1700078916225471,77,lr_ppo_seed57,lr_ppo,LR-PPO,57
77814,soldier_caught,0,1,0,0,134,14,7.0,120,,,0.46393054723739624,0,1.114768715929394,0.7433387041091919,1.2133583305928528,121,lr_ppo_seed57,lr_ppo,LR-PPO,57
77815,intercepted,1,0,0,0,42,13,6.5,29,42.0,21.0,4.464041233062744,0,1.0005488350987435,2.5110232830047607,1.1114309880079776,30,lr_ppo_seed57,lr_ppo,LR-PPO,57
77816,intercepted,1,0,0,0,228,14,7.0,214,228.0,114.0,2.646759033203125,0,1.0948868304664312,0.7796357274055481,1.1899044761240967,215,lr_ppo_seed57,lr_ppo,LR-PPO,57
77817,intercepted,1,0,0,0,61,12,6.0,49,61.0,30.5,3.65523624420166,0,1.1205890381336212,1.9289811849594116,1.2212130212697019,50,lr_ppo_seed57,lr_ppo,LR-PPO,57
77818,intercepted,1,0,0,0,83,14,7.0,69,83.0,41.5,4.0191826820373535,0,1.057897117308208,1.484758734703064,1.1297354425767525,70,lr_ppo_seed57,lr_ppo,LR-PPO,57
77819,soldier_caught,0,1,0,0,111,19,9.5,92,,,1.140485167503357,0,1.1824804986676862,1.2814078330993652,1.2792187072311594,93,lr_ppo_seed57,lr_ppo,LR-PPO,57
77820,intercepted,1,0,0,0,54,13,6.5,41,54.0,27.0,5.751455307006836,0,1.2742233553103037,1.3075509071350098,1.353406071606557,42,lr_ppo_seed57,lr_ppo,LR-PPO,57
77821,soldier_caught,0,1,0,0,81,20,10.0,61,,,1.0808850526809692,0,1.0721123693210464,0.9990386366844177,1.1714853817565518,62,lr_ppo_seed57,lr_ppo,LR-PPO,57
77822,intercepted,1,0,0,0,195,12,6.0,183,195.0,97.5,2.5711944103240967,0,1.1031466796589287,1.3407429456710815,1.1980495868195171,184,lr_ppo_seed57,lr_ppo,LR-PPO,57
77823,intercepted,1,0,0,0,15,13,6.5,2,15.0,7.5,4.608022689819336,0,0.5229377349217733,0.4581732451915741,0.5293819279063334,3,lr_ppo_seed57,lr_ppo,LR-PPO,57
77824,intercepted,1,0,0,0,200,16,8.0,184,200.0,100.0,2.077922821044922,0,1.1570885370712023,0.8018240332603455,1.2475069636839984,185,lr_ppo_seed57,lr_ppo,LR-PPO,57
77825,soldier_caught,0,1,0,0,46,16,8.0,30,,,1.3473076820373535,0,1.1300088205645162,0.35848644375801086,1.2391628574181743,31,lr_ppo_seed57,lr_ppo,LR-PPO,57
77826,soldier_caught,0,1,0,0,118,19,9.5,99,,,0.7864872217178345,0,1.144468253850937,0.42310571670532227,1.2307014179987552,100,lr_ppo_seed57,lr_ppo,LR-PPO,57
77827,intercepted,1,0,0,0,87,14,7.0,73,87.0,43.5,5.060065746307373,0,1.1201690524011045,1.2630071640014648,1.2131365375847958,74,lr_ppo_seed57,lr_ppo,LR-PPO,57
77828,soldier_caught,0,1,0,0,80,14,7.0,66,,,1.5721007585525513,0,1.0940868463089217,1.2965800762176514,1.1883068500341636,67,lr_ppo_seed57,lr_ppo,LR-PPO,57
77829,soldier_caught,0,1,0,0,46,21,10.5,25,,,1.6614360809326172,0,1.0020723033409853,0.6553804278373718,1.0697857421839434,26,lr_ppo_seed57,lr_ppo,LR-PPO,57
77830,intercepted,1,0,0,0,23,20,10.0,3,23.0,11.5,9.649884223937988,0,1.2968474626541138,1.570277214050293,1.3136080158285293,4,lr_ppo_seed57,lr_ppo,LR-PPO,57
77831,soldier_caught,0,1,0,0,56,16,8.0,40,,,1.7040537595748901,0,1.0682906610209768,1.696138620376587,1.1507272032563511,41,lr_ppo_seed57,lr_ppo,LR-PPO,57
77832,intercepted,1,0,0,0,55,11,5.5,44,55.0,27.5,3.1417734622955322,0,1.1696183171537187,0.7919149398803711,1.248731961006113,45,lr_ppo_seed57,lr_ppo,LR-PPO,57
77833,intercepted,1,0,0,0,61,15,7.5,46,61.0,30.5,3.8230783939361572,0,1.0732057475029153,1.4111158847808838,1.1947026802872682,47,lr_ppo_seed57,lr_ppo,LR-PPO,57
77834,soldier_caught,0,1,0,0,150,18,9.0,132,,,1.7622063159942627,0,1.1454452647078306,0.5355204343795776,1.2379172325356256,133,lr_ppo_seed57,lr_ppo,LR-PPO,57
77835,unsafe_intercept,0,0,1,0,155,13,6.5,142,,,2.385737895965576,0,1.0252135845122639,1.011929988861084,1.1101096563659694,143,lr_ppo_seed57,lr_ppo,LR-PPO,57
77836,intercepted,1,0,0,0,89,12,6.0,77,89.0,44.5,4.44179105758667,0,1.0979477144204652,0.8963462114334106,1.188441690677524,78,lr_ppo_seed57,lr_ppo,LR-PPO,57
77837,soldier_caught,0,1,0,0,192,16,8.0,176,,,1.2096294164657593,0,1.215969366626551,0.9794468283653259,1.3198570302697232,177,lr_ppo_seed57,lr_ppo,LR-PPO,57
77838,intercepted,1,0,0,0,16,14,7.0,2,16.0,8.0,5.075876712799072,0,1.4638958374659221,1.4920202493667603,1.4640309228985282,3,lr_ppo_seed57,lr_ppo,LR-PPO,57
77839,soldier_caught,0,1,0,0,79,15,7.5,64,,,1.115725040435791,0,1.148163389471861,0.39989253878593445,1.2288711747314252,65,lr_ppo_seed57,lr_ppo,LR-PPO,57
77840,soldier_caught,0,1,0,0,59,16,8.0,43,,,1.472023606300354,0,1.0322485241022976,2.0165414810180664,1.1212026583686348,44,lr_ppo_seed57,lr_ppo,LR-PPO,57
77841,soldier_caught,0,1,0,0,48,20,10.0,28,,,1.2569859027862549,0,1.1997162864126008,1.6439484357833862,1.2659701364483205,29,lr_ppo_seed57,lr_ppo,LR-PPO,57
77842,soldier_caught,0,1,0,0,143,13,6.5,130,,,1.8058282136917114,0,1.0532534816337906,1.2532362937927246,1.135071390044646,131,lr_ppo_seed57,lr_ppo,LR-PPO,57
77843,soldier_caught,0,1,0,0,137,23,11.5,114,,,1.066927433013916,0,1.2315443565016206,1.811604619026184,1.337781600564569,115,lr_ppo_seed57,lr_ppo,LR-PPO,57
77844,intercepted,1,0,0,0,16,14,7.0,2,16.0,8.0,7.777753829956055,0,0.8389510015646616,1.3270412683486938,0.9553029804276209,3,lr_ppo_seed57,lr_ppo,LR-PPO,57
77845,intercepted,1,0,0,0,136,22,11.0,114,136.0,68.0,3.577984571456909,0,1.1507129114607106,0.44591715931892395,1.247276960194366,115,lr_ppo_seed57,lr_ppo,LR-PPO,57
77846,soldier_caught,0,1,0,0,35,12,6.0,23,,,1.7179611921310425,0,1.1846849297483761,0.757188081741333,1.2302644551803663,24,lr_ppo_seed57,lr_ppo,LR-PPO,57
77847,soldier_caught,0,1,0,0,311,16,8.0,295,,,1.6653692722320557,0,1.1171292314003851,1.4427531957626343,1.2165446194320102,296,lr_ppo_seed57,lr_ppo,LR-PPO,57
77848,intercepted,1,0,0,0,308,23,11.5,285,308.0,154.0,2.1746115684509277,0,1.1235311346037404,0.9290235638618469,1.2041800289907574,286,lr_ppo_seed57,lr_ppo,LR-PPO,57
77849,intercepted,1,0,0,0,103,17,8.5,86,103.0,51.5,2.2861108779907227,0,1.2038891116778057,1.2945730686187744,1.30660634242462,87,lr_ppo_seed57,lr_ppo,LR-PPO,57
77850,intercepted,1,0,0,0,57,21,10.5,36,57.0,28.5,6.584829330444336,0,1.0769321161347467,1.8369098901748657,1.17842381405405,37,lr_ppo_seed57,lr_ppo,LR-PPO,57
77851,intercepted,1,0,0,0,62,16,8.0,46,62.0,31.0,3.157223701477051,0,1.0066194764160095,0.9349089860916138,1.0973113667491072,47,lr_ppo_seed57,lr_ppo,LR-PPO,57
77852,intercepted,1,0,0,0,148,15,7.5,133,148.0,74.0,2.225998640060425,0,1.1615432606481795,1.4227513074874878,1.252724557153839,134,lr_ppo_seed57,lr_ppo,LR-PPO,57
77853,intercepted,1,0,0,0,66,18,9.0,48,66.0,33.0,5.177639961242676,0,1.1265131812922808,1.9864753484725952,1.2221514366637733,49,lr_ppo_seed57,lr_ppo,LR-PPO,57
77854,soldier_caught,0,1,0,0,57,16,8.0,41,,,1.2119896411895752,0,1.2233685535334407,0.6108383536338806,1.3012987483667733,42,lr_ppo_seed57,lr_ppo,LR-PPO,57
77855,intercepted,1,0,0,0,22,20,10.0,2,22.0,11.0,6.384538173675537,0,1.0013968348503113,0.7890586256980896,1.026905991740964,3,lr_ppo_seed57,lr_ppo,LR-PPO,57
77856,soldier_caught,0,1,0,0,102,12,6.0,90,,,1.8661214113235474,0,1.1762614403288443,1.3353486061096191,1.2603938586945351,91,lr_ppo_seed57,lr_ppo,LR-PPO,57
77857,intercepted,1,0,0,0,35,12,6.0,23,35.0,17.5,3.391180992126465,0,1.1356882055600483,1.722098469734192,1.2021010324825139,24,lr_ppo_seed57,lr_ppo,LR-PPO,57
77858,intercepted,1,0,0,0,215,15,7.5,200,215.0,107.5,2.2078754901885986,0,1.0864624854788851,0.8927285671234131,1.1838407764386811,201,lr_ppo_seed57,lr_ppo,LR-PPO,57
77859,intercepted,1,0,0,0,21,19,9.5,2,21.0,10.5,5.091669082641602,0,1.101759394009908,2.0699212551116943,1.2979178344368734,3,lr_ppo_seed57,lr_ppo,LR-PPO,57
77860,intercepted,1,0,0,0,85,13,6.5,72,85.0,42.5,2.7027273178100586,0,1.125920337765184,1.4054251909255981,1.2326966217466553,73,lr_ppo_seed57,lr_ppo,LR-PPO,57
77861,intercepted,1,0,0,0,92,18,9.0,74,92.0,46.0,2.52799391746521,0,1.0710418544212976,1.114836573600769,1.165056771556005,75,lr_ppo_seed57,lr_ppo,LR-PPO,57
77862,soldier_caught,0,1,0,0,41,22,11.0,19,,,1.9391257762908936,0,0.9863580092787743,1.7306686639785767,1.119569431559611,20,lr_ppo_seed57,lr_ppo,LR-PPO,57
77863,intercepted,1,0,0,0,21,19,9.5,2,21.0,10.5,5.722906589508057,0,1.1732399861017864,1.3398959636688232,1.192329485883499,3,lr_ppo_seed57,lr_ppo,LR-PPO,57
77864,intercepted,1,0,0,0,84,15,7.5,69,84.0,42.0,3.842984676361084,0,1.1193580274071013,1.7440894842147827,1.2384987375394134,70,lr_ppo_seed57,lr_ppo,LR-PPO,57
77865,unsafe_intercept,0,0,1,0,110,18,9.0,92,,,2.7995896339416504,0,1.1776521523152628,0.8730610609054565,1.28484159084063,93,lr_ppo_seed57,lr_ppo,LR-PPO,57
77866,intercepted,1,0,0,0,20,18,9.0,2,20.0,10.0,3.853477954864502,0,0.9346012671788534,0.16212284564971924,1.0889874094198124,3,lr_ppo_seed57,lr_ppo,LR-PPO,57
77867,soldier_caught,0,1,0,0,52,16,8.0,36,,,1.436860203742981,0,1.2262645057729773,0.8531544208526611,1.3232599179728814,37,lr_ppo_seed57,lr_ppo,LR-PPO,57
77868,soldier_caught,0,1,0,0,138,15,7.5,123,,,1.94524347782135,0,1.1239258483532937,1.0146549940109253,1.21549153376938,124,lr_ppo_seed57,lr_ppo,LR-PPO,57
77869,intercepted,1,0,0,0,85,18,9.0,67,85.0,42.5,5.943691253662109,0,1.2157023812041563,0.6515845060348511,1.3074994956585628,68,lr_ppo_seed57,lr_ppo,LR-PPO,57
77870,soldier_caught,0,1,0,0,360,23,11.5,337,,,0.6973647475242615,0,1.125680524216601,2.0345516204833984,1.22207193536291,338,lr_ppo_seed57,lr_ppo,LR-PPO,57
77871,soldier_caught,0,1,0,0,106,14,7.0,92,,,1.3791028261184692,0,1.1197907652265282,0.7164686918258667,1.2140512881462082,93,lr_ppo_seed57,lr_ppo,LR-PPO,57
77872,intercepted,1,0,0,0,43,18,9.0,25,43.0,21.5,5.674715042114258,0,1.056530693402657,1.18803870677948,1.1548163895812529,26,lr_ppo_seed57,lr_ppo,LR-PPO,57
77873,soldier_caught,0,1,0,0,119,16,8.0,103,,,1.6974185705184937,0,1.1719982154094255,1.369795560836792,1.2573254356417376,104,lr_ppo_seed57,lr_ppo,LR-PPO,57
77874,soldier_caught,0,1,0,0,216,14,7.0,202,,,1.2256088256835938,0,1.123756214315668,0.7948403358459473,1.2203161769264206,203,lr_ppo_seed57,lr_ppo,LR-PPO,57
77875,intercepted,1,0,0,0,16,14,7.0,2,16.0,8.0,7.5856475830078125,0,1.0305154919624329,0.7553618550300598,1.082839267144178,3,lr_ppo_seed57,lr_ppo,LR-PPO,57
77876,intercepted,1,0,0,0,47,19,9.5,28,47.0,23.5,5.5274529457092285,0,1.1324631602599704,1.3327183723449707,1.268653643096625,29,lr_ppo_seed57,lr_ppo,LR-PPO,57
77877,intercepted,1,0,0,0,30,28,14.0,2,30.0,15.0,4.118617057800293,0,1.4609858989715576,1.4216299057006836,1.4621129652208307,3,lr_ppo_seed57,lr_ppo,LR-PPO,57
77878,intercepted,1,0,0,0,167,23,11.5,144,167.0,83.5,4.009154796600342,0,1.098763788003346,0.9188061952590942,1.1941973577824312,145,lr_ppo_seed57,lr_ppo,LR-PPO,57
77879,intercepted,1,0,0,0,17,15,7.5,2,17.0,8.5,7.018772125244141,0,1.4809530973434448,1.6869128942489624,1.5260615775501114,3,lr_ppo_seed57,lr_ppo,LR-PPO,57
77880,soldier_caught,0,1,0,0,17,14,7.0,3,,,1.513667345046997,0,1.3677968531847,1.1828749179840088,1.4600329326424344,4,lr_ppo_seed57,lr_ppo,LR-PPO,57
77881,soldier_caught,0,1,0,0,129,13,6.5,116,,,1.1798349618911743,0,1.087821192211575,0.6145313382148743,1.1750151827145474,117,lr_ppo_seed57,lr_ppo,LR-PPO,57
77882,soldier_caught,0,1,0,0,47,12,6.0,35,,,1.678322196006775,0,1.0413466576072905,1.0143773555755615,1.1551158165050444,36,lr_ppo_seed57,lr_ppo,LR-PPO,57
77883,soldier_caught,0,1,0,0,79,12,6.0,67,,,1.260269284248352,0,1.0683865954770762,1.6792919635772705,1.1806845393756757,68,lr_ppo_seed57,lr_ppo,LR-PPO,57
77884,intercepted,1,0,0,0,68,21,10.5,47,68.0,34.0,4.0565338134765625,0,1.1998672178015113,0.6559704542160034,1.273591079099413,48,lr_ppo_seed57,lr_ppo,LR-PPO,57
77885,soldier_caught,0,1,0,0,140,23,11.5,117,,,1.8867363929748535,0,1.140458461718034,1.3295279741287231,1.2317377868371524,118,lr_ppo_seed57,lr_ppo,LR-PPO,57
77886,intercepted,1,0,0,0,35,13,6.5,22,35.0,17.5,7.089400768280029,0,1.0655306655427683,0.7771216034889221,1.1866215402027294,23,lr_ppo_seed57,lr_ppo,LR-PPO,57
77887,soldier_caught,0,1,0,0,63,14,7.0,49,,,0.13165967166423798,0,1.2619322365522385,1.9546144008636475,1.3582835033310263,50,lr_ppo_seed57,lr_ppo,LR-PPO,57
77888,intercepted,1,0,0,0,142,19,9.5,123,142.0,71.0,4.86021614074707,0,1.0602861782235484,2.3652760982513428,1.1701076514033397,124,lr_ppo_seed57,lr_ppo,LR-PPO,57
77889,soldier_caught,0,1,0,0,53,13,6.5,40,,,1.1881529092788696,0,1.0958099946743105,1.2410839796066284,1.201699466851489,41,lr_ppo_seed57,lr_ppo,LR-PPO,57
77890,intercepted,1,0,0,0,99,13,6.5,86,99.0,49.5,3.0924766063690186,0,1.1436862404319061,2.198756456375122,1.237715819325954,87,lr_ppo_seed57,lr_ppo,LR-PPO,57
77891,intercepted,1,0,0,0,64,15,7.5,49,64.0,32.0,7.846285820007324,0,1.1843516075611114,0.5033779144287109,1.30352144848015,50,lr_ppo_seed57,lr_ppo,LR-PPO,57
77892,soldier_caught,0,1,0,0,129,21,10.5,108,,,0.5012804269790649,0,1.0888592759403615,0.7673751711845398,1.184942282810609,109,lr_ppo_seed57,lr_ppo,LR-PPO,57
77893,soldier_caught,0,1,0,0,61,22,11.0,39,,,1.6029762029647827,0,1.1378302726894618,1.4718607664108276,1.2502033331402194,40,lr_ppo_seed57,lr_ppo,LR-PPO,57
77894,soldier_caught,0,1,0,0,55,18,9.0,37,,,1.9876418113708496,0,1.1626462434467517,0.6754968762397766,1.2644256434764607,38,lr_ppo_seed57,lr_ppo,LR-PPO,57
77895,intercepted,1,0,0,0,81,14,7.0,67,81.0,40.5,2.046609401702881,0,1.1634185563992052,0.9548255205154419,1.260496983367653,68,lr_ppo_seed57,lr_ppo,LR-PPO,57
77896,soldier_caught,0,1,0,0,77,15,7.5,62,,,0.7973865866661072,0,1.128241836551636,0.6177195310592651,1.2077079583055887,63,lr_ppo_seed57,lr_ppo,LR-PPO,57
77897,intercepted,1,0,0,0,241,17,8.5,224,241.0,120.5,4.637060642242432,0,1.1946395272678798,1.6812621355056763,1.2868065289052963,225,lr_ppo_seed57,lr_ppo,LR-PPO,57
77898,soldier_caught,0,1,0,0,206,15,7.5,191,,,0.9252672791481018,0,1.1091467842343263,1.3153269290924072,1.2154207831655681,192,lr_ppo_seed57,lr_ppo,LR-PPO,57
77899,intercepted,1,0,0,0,165,21,10.5,144,165.0,82.5,3.5294439792633057,0,1.1534472959308788,0.5950661897659302,1.2471311185563723,145,lr_ppo_seed57,lr_ppo,LR-PPO,57
77900,intercepted,1,0,0,0,128,18,9.0,110,128.0,64.0,3.4159765243530273,0,1.1172455930495047,0.8152028918266296,1.2216454340154794,111,lr_ppo_seed57,lr_ppo,LR-PPO,57
77901,soldier_caught,0,1,0,0,150,12,6.0,138,,,1.563860535621643,0,1.1279732501335282,1.2341676950454712,1.218739844533135,139,lr_ppo_seed57,lr_ppo,LR-PPO,57
77902,intercepted,1,0,0,0,17,15,7.5,2,17.0,8.5,5.880054473876953,0,0.7847856283187866,0.5993877053260803,0.7967965471917022,3,lr_ppo_seed57,lr_ppo,LR-PPO,57
77903,intercepted,1,0,0,0,20,18,9.0,2,20.0,10.0,5.0174736976623535,0,1.5880788564682007,1.3722056150436401,1.5979126103441152,3,lr_ppo_seed57,lr_ppo,LR-PPO,57
77904,soldier_caught,0,1,0,0,135,20,10.0,115,,,0.04677275940775871,0,1.1248006417319691,1.4487345218658447,1.220511749845634,116,lr_ppo_seed57,lr_ppo,LR-PPO,57
77905,intercepted,1,0,0,0,18,16,8.0,2,18.0,9.0,4.946086406707764,0,1.0493789116541545,0.3039569854736328,1.1743185102834777,3,lr_ppo_seed57,lr_ppo,LR-PPO,57
77906,soldier_caught,0,1,0,0,49,15,7.5,34,,,1.9712265729904175,0,1.158685165643692,2.7211732864379883,1.2742307700270137,35,lr_ppo_seed57,lr_ppo,LR-PPO,57
77907,intercepted,1,0,0,0,26,24,12.0,2,26.0,13.0,5.587726593017578,0,1.395119071006775,0.653508186340332,1.5559505491881453,3,lr_ppo_seed57,lr_ppo,LR-PPO,57
77908,soldier_caught,0,1,0,0,135,18,9.0,117,,,1.7548351287841797,0,1.1606132375486826,1.4266308546066284,1.248371488284279,118,lr_ppo_seed57,lr_ppo,LR-PPO,57
77909,intercepted,1,0,0,0,21,19,9.5,2,21.0,10.5,5.633600234985352,0,0.5049976805845896,0.28869953751564026,0.5279662577265267,3,lr_ppo_seed57,lr_ppo,LR-PPO,57
77910,intercepted,1,0,0,0,684,15,7.5,669,684.0,342.0,2.7496883869171143,0,1.1313939904210282,1.2140365839004517,1.2286495775293804,670,lr_ppo_seed57,lr_ppo,LR-PPO,57
77911,soldier_caught,0,1,0,0,96,21,10.5,75,,,1.5659748315811157,0,1.11424940981363,1.5326075553894043,1.2006774097990551,76,lr_ppo_seed57,lr_ppo,LR-PPO,57
77912,soldier_caught,0,1,0,0,138,15,7.5,123,,,1.4236087799072266,0,1.225909977129871,0.5325061678886414,1.314731462006099,124,lr_ppo_seed57,lr_ppo,LR-PPO,57
77913,soldier_caught,0,1,0,0,370,26,13.0,344,,,1.0505039691925049,0,1.176066681224367,1.9620819091796875,1.2720416582753973,345,lr_ppo_seed57,lr_ppo,LR-PPO,57
77914,intercepted,1,0,0,0,55,17,8.5,38,55.0,27.5,3.039696216583252,0,1.0880832366454296,0.6891768574714661,1.173084677067097,39,lr_ppo_seed57,lr_ppo,LR-PPO,57
77915,intercepted,1,0,0,0,302,12,6.0,290,302.0,151.0,2.6505234241485596,0,1.124196653769598,0.5030804872512817,1.2192441115423767,291,lr_ppo_seed57,lr_ppo,LR-PPO,57
77916,intercepted,1,0,0,0,167,14,7.0,153,167.0,83.5,2.4409425258636475,0,1.1430865839704292,0.43929997086524963,1.25307597535046,154,lr_ppo_seed57,lr_ppo,LR-PPO,57
77917,soldier_caught,0,1,0,0,107,15,7.5,92,,,1.747551679611206,0,1.1140285948271393,1.2233717441558838,1.19717430438231,93,lr_ppo_seed57,lr_ppo,LR-PPO,57
77918,soldier_caught,0,1,0,0,71,13,6.5,58,,,1.5114655494689941,0,1.1653026478775477,0.7614503502845764,1.2859736377817717,59,lr_ppo_seed57,lr_ppo,LR-PPO,57
77919,soldier_caught,0,1,0,0,29,15,7.5,14,,,1.1481600999832153,0,1.097813007235527,0.9066638946533203,1.2148818605693794,15,lr_ppo_seed57,lr_ppo,LR-PPO,57
77920,soldier_caught,0,1,0,0,177,15,7.5,162,,,1.9241749048233032,0,1.1054877586708478,1.3716627359390259,1.1989470400692186,163,lr_ppo_seed57,lr_ppo,LR-PPO,57
77921,intercepted,1,0,0,0,20,18,9.0,2,20.0,10.0,6.883667469024658,0,1.5843889315923054,1.5636420249938965,1.587631034315995,3,lr_ppo_seed57,lr_ppo,LR-PPO,57
77922,soldier_caught,0,1,0,0,66,18,9.0,48,,,1.7916669845581055,0,1.2754448360326338,1.2581373453140259,1.3304839110974014,49,lr_ppo_seed57,lr_ppo,LR-PPO,57
77923,intercepted,1,0,0,0,78,13,6.5,65,78.0,39.0,2.3933684825897217,0,1.1487654117923793,0.975593090057373,1.2741912498827197,66,lr_ppo_seed57,lr_ppo,LR-PPO,57
77924,soldier_caught,0,1,0,0,94,17,8.5,77,,,1.0327694416046143,0,1.1240359456875386,1.3477741479873657,1.2090598241009711,78,lr_ppo_seed57,lr_ppo,LR-PPO,57
77925,soldier_caught,0,1,0,0,26,20,10.0,6,,,0.7850348949432373,0,0.9394805005618504,0.3393207788467407,1.044606161531155,7,lr_ppo_seed57,lr_ppo,LR-PPO,57
77926,soldier_caught,0,1,0,0,27,22,11.0,5,,,1.1306332349777222,0,0.9580142796039581,0.8257412910461426,1.014986261668717,6,lr_ppo_seed57,lr_ppo,LR-PPO,57
77927,soldier_caught,0,1,0,0,57,14,7.0,43,,,1.732231616973877,0,1.2582959614016793,1.8006281852722168,1.3393968794335962,44,lr_ppo_seed57,lr_ppo,LR-PPO,57
77928,intercepted,1,0,0,0,63,17,8.5,46,63.0,31.5,7.606470108032227,0,1.1325321042157235,1.32062828540802,1.216656680009191,47,lr_ppo_seed57,lr_ppo,LR-PPO,57
77929,intercepted,1,0,0,0,17,15,7.5,2,17.0,8.5,7.382290363311768,0,1.0903497139612834,0.8103262186050415,1.1293847374308852,3,lr_ppo_seed57,lr_ppo,LR-PPO,57
77930,soldier_caught,0,1,0,0,43,20,10.0,23,,,0.41778451204299927,0,1.284725581606229,0.9307180643081665,1.3539634089313497,24,lr_ppo_seed57,lr_ppo,LR-PPO,57
77931,unsafe_intercept,0,0,1,0,16,14,7.0,2,,,3.464097261428833,0,1.6146358251571655,1.9666025638580322,1.641820595168137,3,lr_ppo_seed57,lr_ppo,LR-PPO,57
77932,intercepted,1,0,0,0,157,16,8.0,141,157.0,78.5,2.645482301712036,0,1.1621706871919228,0.822953999042511,1.2489150903347215,142,lr_ppo_seed57,lr_ppo,LR-PPO,57
77933,soldier_caught,0,1,0,0,80,19,9.5,61,,,1.6381546258926392,0,1.1459716510388158,1.7857199907302856,1.2426657492007303,62,lr_ppo_seed57,lr_ppo,LR-PPO,57
77934,intercepted,1,0,0,0,143,30,15.0,113,143.0,71.5,2.521831750869751,0,1.1335097437626438,1.1899913549423218,1.2166356740175819,114,lr_ppo_seed57,lr_ppo,LR-PPO,57
77935,intercepted,1,0,0,0,112,16,8.0,96,112.0,56.0,2.6988582611083984,0,1.1526051707488973,1.274486780166626,1.2428563001936128,97,lr_ppo_seed57,lr_ppo,LR-PPO,57
77936,intercepted,1,0,0,0,69,22,11.0,47,69.0,34.5,5.474573135375977,0,1.1097369358564417,0.4004822373390198,1.1805640502646417,48,lr_ppo_seed57,lr_ppo,LR-PPO,57
77937,intercepted,1,0,0,0,35,16,8.0,19,35.0,17.5,4.681496620178223,0,1.1551677644252778,0.890811562538147,1.2518070872328153,20,lr_ppo_seed57,lr_ppo,LR-PPO,57
77938,soldier_caught,0,1,0,0,58,20,10.0,38,,,0.9980136156082153,0,1.1080940308479161,0.9417735934257507,1.1641114203601062,39,lr_ppo_seed57,lr_ppo,LR-PPO,57
77939,intercepted,1,0,0,0,78,13,6.5,65,78.0,39.0,5.056024074554443,0,0.9298222223014543,0.892818033695221,1.0299485611780372,66,lr_ppo_seed57,lr_ppo,LR-PPO,57
77940,soldier_caught,0,1,0,0,348,16,8.0,332,,,0.7345739006996155,0,1.1018304502641834,0.9170710444450378,1.2136272060137647,333,lr_ppo_seed57,lr_ppo,LR-PPO,57
77941,soldier_caught,0,1,0,0,50,19,9.5,31,,,1.7806428670883179,0,1.0076844161376357,2.253915548324585,1.1115881085466723,32,lr_ppo_seed57,lr_ppo,LR-PPO,57
77942,intercepted,1,0,0,0,50,21,10.5,29,50.0,25.0,5.185939311981201,0,1.1489096562067667,0.8591091632843018,1.2489344499149304,30,lr_ppo_seed57,lr_ppo,LR-PPO,57
77943,intercepted,1,0,0,0,37,15,7.5,22,37.0,18.5,5.202917575836182,0,0.9339521630950596,0.8717986941337585,0.9956187366811688,23,lr_ppo_seed57,lr_ppo,LR-PPO,57
77944,soldier_caught,0,1,0,0,138,20,10.0,118,,,0.9963898658752441,0,1.117189626733796,1.9428373575210571,1.201396288049549,119,lr_ppo_seed57,lr_ppo,LR-PPO,57
77945,soldier_caught,0,1,0,0,42,19,9.5,23,,,1.0574281215667725,0,1.185839648048083,1.8015304803848267,1.3018129412912738,24,lr_ppo_seed57,lr_ppo,LR-PPO,57
77946,soldier_caught,0,1,0,0,100,16,8.0,84,,,0.7587966322898865,0,1.2253793683122187,1.4889830350875854,1.3212126815283187,85,lr_ppo_seed57,lr_ppo,LR-PPO,57
77947,intercepted,1,0,0,0,149,11,5.5,138,149.0,74.5,4.3570876121521,0,1.117661244899249,0.6654984951019287,1.2267065310696599,139,lr_ppo_seed57,lr_ppo,LR-PPO,57
77948,intercepted,1,0,0,0,61,13,6.5,48,61.0,30.5,6.764081001281738,0,1.163200638123921,1.3171966075897217,1.2373010698979297,49,lr_ppo_seed57,lr_ppo,LR-PPO,57
77949,intercepted,1,0,0,0,51,12,6.0,39,51.0,25.5,5.819528102874756,0,1.333338624984026,0.9153189063072205,1.4301557847741224,40,lr_ppo_seed57,lr_ppo,LR-PPO,57
77950,soldier_caught,0,1,0,0,328,12,6.0,316,,,1.1105345487594604,0,1.1533891091869457,1.91095769405365,1.2529080755120052,317,lr_ppo_seed57,lr_ppo,LR-PPO,57
77951,intercepted,1,0,0,0,20,18,9.0,2,20.0,10.0,7.577095985412598,0,1.013599693775177,1.088840126991272,1.0165353212064976,3,lr_ppo_seed57,lr_ppo,LR-PPO,57
77952,soldier_caught,0,1,0,0,74,20,10.0,54,,,1.456173062324524,0,0.9620235611091961,1.7388432025909424,1.0440955676993442,55,lr_ppo_seed57,lr_ppo,LR-PPO,57
77953,soldier_caught,0,1,0,0,22,18,9.0,4,,,1.3722983598709106,0,1.2205307126045226,0.7983111143112183,1.2749937752438587,5,lr_ppo_seed57,lr_ppo,LR-PPO,57
77954,intercepted,1,0,0,0,151,19,9.5,132,151.0,75.5,3.5633347034454346,0,1.0735206003475906,0.6401335000991821,1.1806039133143487,133,lr_ppo_seed57,lr_ppo,LR-PPO,57
77955,soldier_caught,0,1,0,0,72,21,10.5,51,,,1.4962687492370605,0,1.1057593788091953,1.691870093345642,1.217217013931807,52,lr_ppo_seed57,lr_ppo,LR-PPO,57
77956,intercepted,1,0,0,0,63,14,7.0,49,63.0,31.5,5.364553928375244,0,1.0198395186662674,0.9228784441947937,1.1196241308952748,50,lr_ppo_seed57,lr_ppo,LR-PPO,57
77957,soldier_caught,0,1,0,0,52,23,11.5,29,,,1.0083296298980713,0,0.9817481348911922,0.7519638538360596,1.0738781556845078,30,lr_ppo_seed57,lr_ppo,LR-PPO,57
77958,soldier_caught,0,1,0,0,101,15,7.5,86,,,0.9762200713157654,0,1.1510034136731049,0.8513410091400146,1.2358204477017496,87,lr_ppo_seed57,lr_ppo,LR-PPO,57
77959,soldier_caught,0,1,0,0,74,18,9.0,56,,,1.366654872894287,0,1.126842441788891,0.9157434105873108,1.2022387998704305,57,lr_ppo_seed57,lr_ppo,LR-PPO,57
77960,intercepted,1,0,0,0,19,17,8.5,2,19.0,9.5,6.779201984405518,0,1.217198650042216,1.349359154701233,1.2874911625024992,3,lr_ppo_seed57,lr_ppo,LR-PPO,57
77961,intercepted,1,0,0,0,19,17,8.5,2,19.0,9.5,8.166899681091309,0,0.976435919602712,1.1410629749298096,0.9837520099031309,3,lr_ppo_seed57,lr_ppo,LR-PPO,57
77962,soldier_caught,0,1,0,0,14,11,5.5,3,,,1.7918334007263184,0,1.2367050647735596,1.1045490503311157,1.2741396697842375,4,lr_ppo_seed57,lr_ppo,LR-PPO,57
77963,intercepted,1,0,0,0,128,20,10.0,108,128.0,64.0,2.2627952098846436,0,1.2626826487003115,1.719900131225586,1.3824992738542152,109,lr_ppo_seed57,lr_ppo,LR-PPO,57
77964,intercepted,1,0,0,0,15,13,6.5,2,15.0,7.5,7.188657283782959,0,1.3126327395439148,2.251574754714966,1.4910143603412147,3,lr_ppo_seed57,lr_ppo,LR-PPO,57
77965,soldier_caught,0,1,0,0,52,17,8.5,35,,,1.2427175045013428,0,1.0710543344418209,0.91850745677948,1.201130909245365,36,lr_ppo_seed57,lr_ppo,LR-PPO,57
77966,soldier_caught,0,1,0,0,83,16,8.0,67,,,1.9527487754821777,0,1.1164852176957272,1.5158149003982544,1.2720367446695182,68,lr_ppo_seed57,lr_ppo,LR-PPO,57
77967,intercepted,1,0,0,0,39,17,8.5,22,39.0,19.5,5.515045642852783,0,1.2475180761969609,0.192903533577919,1.3261359383268418,23,lr_ppo_seed57,lr_ppo,LR-PPO,57
77968,soldier_caught,0,1,0,0,103,13,6.5,90,,,1.2351652383804321,0,1.1412713901027218,0.6939272880554199,1.2330426612080232,91,lr_ppo_seed57,lr_ppo,LR-PPO,57
77969,intercepted,1,0,0,0,127,15,7.5,112,127.0,63.5,2.1889665126800537,0,1.2036593537942497,1.1718330383300781,1.2946600061986877,113,lr_ppo_seed57,lr_ppo,LR-PPO,57
77970,soldier_caught,0,1,0,0,105,14,7.0,91,,,0.7439532279968262,0,1.1117330018592917,0.5428497195243835,1.2065673670878867,92,lr_ppo_seed57,lr_ppo,LR-PPO,57
77971,soldier_caught,0,1,0,0,87,17,8.5,70,,,1.4423924684524536,0,1.120954648289882,1.0460947751998901,1.2159175528697026,71,lr_ppo_seed57,lr_ppo,LR-PPO,57
77972,intercepted,1,0,0,0,55,15,7.5,40,55.0,27.5,2.920379161834717,0,1.1147877508547248,0.8262907266616821,1.2061164890149028,41,lr_ppo_seed57,lr_ppo,LR-PPO,57
77973,intercepted,1,0,0,0,12,10,5.0,2,12.0,6.0,6.903686046600342,0,1.2633500496546428,1.902420997619629,1.3444842309527147,3,lr_ppo_seed57,lr_ppo,LR-PPO,57
77974,soldier_caught,0,1,0,0,353,11,5.5,342,,,1.498970866203308,0,1.1090426179566815,0.8420140743255615,1.2039337596987112,343,lr_ppo_seed57,lr_ppo,LR-PPO,57
77975,soldier_caught,0,1,0,0,65,14,7.0,51,,,1.9865776300430298,0,1.1431837391394835,0.9045984148979187,1.2514144693408356,52,lr_ppo_seed57,lr_ppo,LR-PPO,57
77976,soldier_caught,0,1,0,0,88,17,8.5,71,,,1.6709116697311401,0,1.108144075713224,0.7149624824523926,1.206284481328323,72,lr_ppo_seed57,lr_ppo,LR-PPO,57
77977,intercepted,1,0,0,0,19,17,8.5,2,19.0,9.5,5.553981304168701,0,1.0585264364878337,0.9149419069290161,1.0797115715594128,3,lr_ppo_seed57,lr_ppo,LR-PPO,57
77978,soldier_caught,0,1,0,0,49,17,8.5,32,,,0.9079325199127197,0,1.1971163406516567,0.8100223541259766,1.3425796872434148,33,lr_ppo_seed57,lr_ppo,LR-PPO,57
77979,intercepted,1,0,0,0,507,18,9.0,489,507.0,253.5,2.468696117401123,0,1.1347398984340988,0.2639652192592621,1.2275708981846278,490,lr_ppo_seed57,lr_ppo,LR-PPO,57
77980,intercepted,1,0,0,0,18,16,8.0,2,18.0,9.0,7.808991432189941,0,1.199963390827179,0.9342920184135437,1.2177310177675835,3,lr_ppo_seed57,lr_ppo,LR-PPO,57
77981,intercepted,1,0,0,0,117,22,11.0,95,117.0,58.5,3.28232741355896,0,1.1055760451902945,1.3012230396270752,1.187017872272156,96,lr_ppo_seed57,lr_ppo,LR-PPO,57
77982,intercepted,1,0,0,0,60,18,9.0,42,60.0,30.0,5.151821136474609,0,1.0950907499984253,2.0686445236206055,1.2039631060366343,43,lr_ppo_seed57,lr_ppo,LR-PPO,57
77983,intercepted,1,0,0,0,61,16,8.0,45,61.0,30.5,2.103976011276245,0,1.0611639084375424,0.8831116557121277,1.1546603987522388,46,lr_ppo_seed57,lr_ppo,LR-PPO,57
77984,intercepted,1,0,0,0,19,17,8.5,2,19.0,9.5,5.537339210510254,0,1.3733437458674114,1.5756787061691284,1.3812371212527998,3,lr_ppo_seed57,lr_ppo,LR-PPO,57
77985,intercepted,1,0,0,0,14,12,6.0,2,14.0,7.0,7.8337483406066895,0,1.0585395495096843,1.57087242603302,1.1793514520277388,3,lr_ppo_seed57,lr_ppo,LR-PPO,57
77986,soldier_caught,0,1,0,0,117,23,11.5,94,,,1.7047796249389648,0,1.119979672839767,0.6191230416297913,1.214465780172772,95,lr_ppo_seed57,lr_ppo,LR-PPO,57
77987,intercepted,1,0,0,0,14,12,6.0,2,14.0,7.0,7.972065448760986,0,1.4483566880226135,1.8868639469146729,1.5797455855681797,3,lr_ppo_seed57,lr_ppo,LR-PPO,57
77988,soldier_caught,0,1,0,0,68,20,10.0,48,,,1.8412628173828125,0,0.9868041828882937,0.09560969471931458,1.095688698656302,49,lr_ppo_seed57,lr_ppo,LR-PPO,57
77989,soldier_caught,0,1,0,0,151,14,7.0,137,,,0.6322938799858093,0,1.1665875941946886,1.2087950706481934,1.2591073192464803,138,lr_ppo_seed57,lr_ppo,LR-PPO,57
77990,intercepted,1,0,0,0,41,15,7.5,26,41.0,20.5,3.235025405883789,0,1.300623039956446,1.1975153684616089,1.373264607351791,27,lr_ppo_seed57,lr_ppo,LR-PPO,57
77991,intercepted,1,0,0,0,22,20,10.0,2,22.0,11.0,5.160452842712402,0,0.8345459500948588,1.1856616735458374,0.8724758930271971,3,lr_ppo_seed57,lr_ppo,LR-PPO,57
77992,soldier_caught,0,1,0,0,340,32,16.0,308,,,1.5624862909317017,0,1.1391772596485021,0.9890169501304626,1.2280368723244819,309,lr_ppo_seed57,lr_ppo,LR-PPO,57
77993,intercepted,1,0,0,0,311,14,7.0,297,311.0,155.5,2.5075931549072266,0,1.182255772036194,0.909062385559082,1.296580929567142,298,lr_ppo_seed57,lr_ppo,LR-PPO,57
77994,intercepted,1,0,0,0,25,23,11.5,2,25.0,12.5,4.663400173187256,0,1.0348060329755147,0.47514623403549194,1.107898547378898,3,lr_ppo_seed57,lr_ppo,LR-PPO,57
77995,intercepted,1,0,0,0,92,13,6.5,79,92.0,46.0,4.8051886558532715,0,1.0850939754396678,0.4748639464378357,1.1783691306608715,80,lr_ppo_seed57,lr_ppo,LR-PPO,57
77996,intercepted,1,0,0,0,88,28,14.0,60,88.0,44.0,3.026447296142578,0,1.1728197541393217,1.0455483198165894,1.272963404915877,61,lr_ppo_seed57,lr_ppo,LR-PPO,57
77997,intercepted,1,0,0,0,18,16,8.0,2,18.0,9.0,7.027721881866455,0,1.7302052577336628,2.1427900791168213,1.7547725655321924,3,lr_ppo_seed57,lr_ppo,LR-PPO,57
77998,intercepted,1,0,0,0,15,13,6.5,2,15.0,7.5,7.291837215423584,0,1.3661100169022877,2.0345559120178223,1.5252074018170172,3,lr_ppo_seed57,lr_ppo,LR-PPO,57
77999,intercepted,1,0,0,0,61,14,7.0,47,61.0,30.5,5.664303779602051,0,1.0920963001747925,0.7826475501060486,1.2267492577875194,48,lr_ppo_seed57,lr_ppo,LR-PPO,57
