environment_seed,outcome,success,soldier_caught,unsafe_intercept,timeout,total_steps,detection_step,detection_time_seconds,post_detection_steps,intercept_step,intercept_time_seconds,min_enemy_soldier_dist,physical_limit_violations,mean_tracking_error,final_tracking_error,tracking_rmse,n_tracking_samples,instance_id,instance_name,family,training_seed
77000,soldier_caught,0,1,0,0,485,9,4.5,476,,,0.8396517038345337,0,1.1206727871511217,0.45921653509140015,1.2179579448289923,477,greedy,greedy,Greedy,
77001,intercepted,1,0,0,0,275,17,8.5,258,275.0,137.5,5.559764385223389,0,1.1265909734494899,0.6692964434623718,1.2270862719141566,259,greedy,greedy,Greedy,
77002,intercepted,1,0,0,0,362,58,29.0,304,362.0,181.0,2.9618027210235596,0,1.0816318431350052,1.5227936506271362,1.1788309319987371,305,greedy,greedy,Greedy,
77003,intercepted,1,0,0,0,76,30,15.0,46,76.0,38.0,10.934521675109863,0,1.2042301252801368,1.1545538902282715,1.2954699452653682,47,greedy,greedy,Greedy,
77004,intercepted,1,0,0,0,334,72,36.0,262,334.0,167.0,5.363095283508301,0,1.1351649377055948,1.2477548122406006,1.22461565461881,263,greedy,greedy,Greedy,
77005,intercepted,1,0,0,0,55,13,6.5,42,55.0,27.5,6.807077884674072,0,1.1581016674984332,1.3411264419555664,1.3059537341829466,43,greedy,greedy,Greedy,
77006,intercepted,1,0,0,0,88,31,15.5,57,88.0,44.0,7.576457977294922,0,1.009205730824635,0.19468539953231812,1.1228909908261258,58,greedy,greedy,Greedy,
77007,soldier_caught,0,1,0,0,200,16,8.0,184,,,1.1122921705245972,0,1.1786694603997308,0.9660471081733704,1.2811492279464969,185,greedy,greedy,Greedy,
77008,intercepted,1,0,0,0,362,9,4.5,353,362.0,181.0,2.5571651458740234,0,1.1406499244651551,1.016079306602478,1.225038964425245,354,greedy,greedy,Greedy,
77009,intercepted,1,0,0,0,504,136,68.0,368,504.0,252.0,4.743991851806641,0,1.1497413770252773,1.6169909238815308,1.251078175132215,369,greedy,greedy,Greedy,
77010,intercepted,1,0,0,0,483,10,5.0,473,483.0,241.5,2.165808916091919,0,1.1252360535070363,1.4290518760681152,1.2164750221229703,474,greedy,greedy,Greedy,
77011,soldier_caught,0,1,0,0,468,17,8.5,451,,,1.5147390365600586,0,1.0955971943593659,0.5500916838645935,1.1865266153390677,452,greedy,greedy,Greedy,
77012,intercepted,1,0,0,0,57,10,5.0,47,57.0,28.5,4.07587194442749,0,1.0612777847175796,1.0542553663253784,1.1361317084449225,48,greedy,greedy,Greedy,
77013,soldier_caught,0,1,0,0,408,29,14.5,379,,,1.61585533618927,0,1.0918729629269557,1.1039079427719116,1.1877341013431748,380,greedy,greedy,Greedy,
77014,intercepted,1,0,0,0,389,10,5.0,379,389.0,194.5,4.862905502319336,0,1.1063348831706925,1.1887707710266113,1.1948956840672724,380,greedy,greedy,Greedy,
77015,soldier_caught,0,1,0,0,447,9,4.5,438,,,1.8295319080352783,0,1.1191264257208362,0.6255191564559937,1.217467197216922,439,greedy,greedy,Greedy,
77016,intercepted,1,0,0,0,216,8,4.0,208,216.0,108.0,2.9125924110412598,0,1.1562937419665487,1.2539159059524536,1.2487430892533875,209,greedy,greedy,Greedy,
77017,intercepted,1,0,0,0,238,14,7.0,224,238.0,119.0,9.308246612548828,0,1.1713681013716593,0.8307065963745117,1.2526620607457117,225,greedy,greedy,Greedy,
77018,intercepted,1,0,0,0,992,77,38.5,915,992.0,496.0,2.468165397644043,0,1.1393266593036953,0.4347962439060211,1.2405100990384905,916,greedy,greedy,Greedy,
77019,intercepted,1,0,0,0,82,8,4.0,74,82.0,41.0,8.430469512939453,0,1.1745426801840464,1.4238317012786865,1.2662198305910184,75,greedy,greedy,Greedy,
77020,intercepted,1,0,0,0,1280,10,5.0,1270,1280.0,640.0,2.057525873184204,0,1.1227045506414797,1.5347718000411987,1.2226278677755988,1271,greedy,greedy,Greedy,
77021,soldier_caught,0,1,0,0,486,41,20.5,445,,,1.6889467239379883,0,1.1344922594057871,1.692100167274475,1.216329063017625,446,greedy,greedy,Greedy,
77022,unsafe_intercept,0,0,1,0,18,16,8.0,2,,,3.4947891235351562,0,1.5278230508168538,1.2741605043411255,1.5383339735122155,3,greedy,greedy,Greedy,
77023,intercepted,1,0,0,0,381,12,6.0,369,381.0,190.5,2.126570701599121,0,1.115624281723757,1.7797467708587646,1.2149736979607255,370,greedy,greedy,Greedy,
77024,soldier_caught,0,1,0,0,996,18,9.0,978,,,1.0760555267333984,0,1.1072931312199632,0.8741143941879272,1.2093358060437915,979,greedy,greedy,Greedy,
77025,intercepted,1,0,0,0,106,57,28.5,49,106.0,53.0,12.433571815490723,0,1.288809633255005,1.245054006576538,1.3887167987488471,50,greedy,greedy,Greedy,
77026,intercepted,1,0,0,0,32,10,5.0,22,32.0,16.0,8.535157203674316,0,1.1421079917446426,0.674457848072052,1.256359328017499,23,greedy,greedy,Greedy,
77027,intercepted,1,0,0,0,51,21,10.5,30,51.0,25.5,2.6893973350524902,0,1.0592513194968622,0.21919439733028412,1.1301234919797527,31,greedy,greedy,Greedy,
77028,intercepted,1,0,0,0,109,10,5.0,99,109.0,54.5,3.517901659011841,0,1.2073369643092156,1.7544267177581787,1.2758262962437852,100,greedy,greedy,Greedy,
77029,intercepted,1,0,0,0,263,15,7.5,248,263.0,131.5,7.113322734832764,0,1.1275771782101398,1.1596039533615112,1.216190404084167,249,greedy,greedy,Greedy,
77030,intercepted,1,0,0,0,1142,9,4.5,1133,1142.0,571.0,2.7562267780303955,0,1.1334085576958968,1.2134920358657837,1.2303263534804163,1134,greedy,greedy,Greedy,
77031,soldier_caught,0,1,0,0,981,9,4.5,972,,,1.3197269439697266,0,1.13441838613517,0.8687584400177002,1.231935913153553,973,greedy,greedy,Greedy,
77032,intercepted,1,0,0,0,113,31,15.5,82,113.0,56.5,13.209561347961426,0,1.2059940154473465,1.0408599376678467,1.30166978408484,83,greedy,greedy,Greedy,
77033,intercepted,1,0,0,0,138,14,7.0,124,138.0,69.0,2.5384535789489746,0,1.1547932291030885,1.1622134447097778,1.2547087904333185,125,greedy,greedy,Greedy,
77034,soldier_caught,0,1,0,0,601,10,5.0,591,,,1.4423247575759888,0,1.1311848404741771,0.8611501455307007,1.2325049077158252,592,greedy,greedy,Greedy,
77035,intercepted,1,0,0,0,56,13,6.5,43,56.0,28.0,10.923354148864746,0,1.0410970070145347,1.7253600358963013,1.1674889056866198,44,greedy,greedy,Greedy,
77036,soldier_caught,0,1,0,0,398,13,6.5,385,,,0.813973069190979,0,1.1439094125761269,1.6761856079101562,1.2282936259474182,386,greedy,greedy,Greedy,
77037,intercepted,1,0,0,0,232,12,6.0,220,232.0,116.0,4.6215500831604,0,1.1211503795369178,1.3027360439300537,1.224486952496347,221,greedy,greedy,Greedy,
77038,soldier_caught,0,1,0,0,294,11,5.5,283,,,1.612106442451477,0,1.1196596598331356,0.7350379824638367,1.2130427987876353,284,greedy,greedy,Greedy,
77039,intercepted,1,0,0,0,225,13,6.5,212,225.0,112.5,10.738640785217285,0,1.1096080449965078,0.8809232115745544,1.2057401126056686,213,greedy,greedy,Greedy,
77040,soldier_caught,0,1,0,0,309,10,5.0,299,,,1.3777050971984863,0,1.1027734809865555,1.598722219467163,1.1969324748716788,300,greedy,greedy,Greedy,
77041,soldier_caught,0,1,0,0,44,18,9.0,26,,,1.746877908706665,0,1.0570590650593792,1.3071051836013794,1.1680871714120433,27,greedy,greedy,Greedy,
77042,unsafe_intercept,0,0,1,0,10,8,4.0,2,,,2.2113826274871826,0,1.2983132203420003,1.9264744520187378,1.374620054414842,3,greedy,greedy,Greedy,
77043,intercepted,1,0,0,0,28,13,6.5,15,28.0,14.0,5.370709419250488,0,1.211563759483397,1.1032994985580444,1.311829066531313,16,greedy,greedy,Greedy,
77044,intercepted,1,0,0,0,15,13,6.5,2,15.0,7.5,3.7166266441345215,0,1.032090832789739,1.0633116960525513,1.1741006584044913,3,greedy,greedy,Greedy,
77045,soldier_caught,0,1,0,0,734,60,30.0,674,,,1.710431694984436,0,1.1308141129546696,0.6276760101318359,1.2327859386060758,675,greedy,greedy,Greedy,
77046,intercepted,1,0,0,0,218,13,6.5,205,218.0,109.0,6.868005275726318,0,1.1586555239645022,0.9987245202064514,1.2711962496049665,206,greedy,greedy,Greedy,
77047,unsafe_intercept,0,0,1,0,11,9,4.5,2,,,2.48655366897583,0,0.6339781582355499,0.383727103471756,0.680930316224528,3,greedy,greedy,Greedy,
77048,intercepted,1,0,0,0,399,34,17.0,365,399.0,199.5,2.5623769760131836,0,1.1321981037493611,0.544365644454956,1.2209413720255038,366,greedy,greedy,Greedy,
77049,intercepted,1,0,0,0,442,34,17.0,408,442.0,221.0,5.334102630615234,0,1.0908914620835508,0.6805737018585205,1.2024614536636582,409,greedy,greedy,Greedy,
77050,soldier_caught,0,1,0,0,38,10,5.0,28,,,0.6966862678527832,0,1.0351795245861184,0.9680606722831726,1.1248353815409757,29,greedy,greedy,Greedy,
77051,soldier_caught,0,1,0,0,1334,15,7.5,1319,,,1.4863954782485962,0,1.141715948173607,0.9510643482208252,1.2377780566178729,1320,greedy,greedy,Greedy,
77052,soldier_caught,0,1,0,0,831,17,8.5,814,,,1.6754727363586426,0,1.1334661352579578,1.509264349937439,1.2314360791878793,815,greedy,greedy,Greedy,
77053,soldier_caught,0,1,0,0,319,11,5.5,308,,,1.4238898754119873,0,1.1473120199486275,0.828285276889801,1.2361420612359266,309,greedy,greedy,Greedy,
77054,intercepted,1,0,0,0,77,19,9.5,58,77.0,38.5,12.786738395690918,0,1.0952217169737413,1.3929321765899658,1.1841168026258262,59,greedy,greedy,Greedy,
77055,intercepted,1,0,0,0,265,13,6.5,252,265.0,132.5,2.5635135173797607,0,1.1179784922731724,1.2455745935440063,1.2155998703001059,253,greedy,greedy,Greedy,
77056,soldier_caught,0,1,0,0,208,132,66.0,76,,,1.3935860395431519,0,1.1199287803142102,0.9836905002593994,1.1989419284091194,77,greedy,greedy,Greedy,
77057,soldier_caught,0,1,0,0,201,10,5.0,191,,,1.7245755195617676,0,1.1291564678152402,0.9293704032897949,1.2412270654744901,192,greedy,greedy,Greedy,
77058,soldier_caught,0,1,0,0,581,7,3.5,574,,,1.1883602142333984,0,1.101094900680625,1.0099292993545532,1.1870115339079093,575,greedy,greedy,Greedy,
77059,intercepted,1,0,0,0,370,11,5.5,359,370.0,185.0,4.713807106018066,0,1.076973173974289,1.2422924041748047,1.166403550162976,360,greedy,greedy,Greedy,
77060,soldier_caught,0,1,0,0,272,10,5.0,262,,,1.3399293422698975,0,1.0820268444122016,1.3570802211761475,1.1772157045037055,263,greedy,greedy,Greedy,
77061,soldier_caught,0,1,0,0,206,8,4.0,198,,,1.1520044803619385,0,1.1674032170868398,0.6472795009613037,1.2748496688055315,199,greedy,greedy,Greedy,
77062,intercepted,1,0,0,0,143,11,5.5,132,143.0,71.5,3.673008680343628,0,1.163895848886411,0.8001186847686768,1.263221680393257,133,greedy,greedy,Greedy,
77063,intercepted,1,0,0,0,168,8,4.0,160,168.0,84.0,6.620163440704346,0,1.083715022906013,1.2997571229934692,1.1752516023347666,161,greedy,greedy,Greedy,
77064,soldier_caught,0,1,0,0,284,7,3.5,277,,,1.9072492122650146,0,1.1391457346060294,1.7636210918426514,1.2390894904909135,278,greedy,greedy,Greedy,
77065,soldier_caught,0,1,0,0,106,11,5.5,95,,,1.4761899709701538,0,1.1631946437992156,1.8143630027770996,1.2751027649852473,96,greedy,greedy,Greedy,
77066,soldier_caught,0,1,0,0,87,12,6.0,75,,,1.5485820770263672,0,1.1681933904948987,1.011331558227539,1.2599501813426446,76,greedy,greedy,Greedy,
77067,soldier_caught,0,1,0,0,423,82,41.0,341,,,1.733833909034729,0,1.1551509469486119,0.42477932572364807,1.2608141849538146,342,greedy,greedy,Greedy,
77068,intercepted,1,0,0,0,934,10,5.0,924,934.0,467.0,4.021112442016602,0,1.1356634309162965,0.9496920704841614,1.2295051976054008,925,greedy,greedy,Greedy,
77069,intercepted,1,0,0,0,563,9,4.5,554,563.0,281.5,5.291594982147217,0,1.1773431554168194,1.3355849981307983,1.274069727377923,555,greedy,greedy,Greedy,
77070,soldier_caught,0,1,0,0,298,11,5.5,287,,,1.6857409477233887,0,1.0904262999797032,0.39685890078544617,1.1817070244419121,288,greedy,greedy,Greedy,
77071,soldier_caught,0,1,0,0,282,15,7.5,267,,,1.3682591915130615,0,1.086424850650243,1.5003844499588013,1.1853518214132932,268,greedy,greedy,Greedy,
77072,intercepted,1,0,0,0,441,17,8.5,424,441.0,220.5,3.817350149154663,0,1.1207129960901596,0.7028123140335083,1.2226266365019374,425,greedy,greedy,Greedy,
77073,intercepted,1,0,0,0,336,11,5.5,325,336.0,168.0,3.910362720489502,0,1.1161729138047418,1.3016949892044067,1.2185889756164265,326,greedy,greedy,Greedy,
77074,soldier_caught,0,1,0,0,35,10,5.0,25,,,0.9360907077789307,0,1.0523068492229168,0.10927292704582214,1.1770049097468147,26,greedy,greedy,Greedy,
77075,soldier_caught,0,1,0,0,1416,12,6.0,1404,,,1.1128727197647095,0,1.1378387697173606,1.1214576959609985,1.2367383459182888,1405,greedy,greedy,Greedy,
77076,soldier_caught,0,1,0,0,879,8,4.0,871,,,1.4333926439285278,0,1.1266050918002126,1.1385680437088013,1.2261065789540888,872,greedy,greedy,Greedy,
77077,intercepted,1,0,0,0,362,16,8.0,346,362.0,181.0,2.0381736755371094,0,1.0764686089943054,0.6268864870071411,1.1753233402957397,347,greedy,greedy,Greedy,
77078,intercepted,1,0,0,0,201,9,4.5,192,201.0,100.5,10.401899337768555,0,1.1066584343119605,1.5912480354309082,1.2195854704912765,193,greedy,greedy,Greedy,
77079,soldier_caught,0,1,0,0,47,22,11.0,25,,,1.6471519470214844,0,1.069951431109355,0.44406604766845703,1.1577401227863335,26,greedy,greedy,Greedy,
77080,intercepted,1,0,0,0,373,9,4.5,364,373.0,186.5,2.9705216884613037,0,1.1700446296228122,1.5137293338775635,1.2575437403523309,365,greedy,greedy,Greedy,
77081,intercepted,1,0,0,0,1097,30,15.0,1067,1097.0,548.5,2.867946147918701,0,1.1126536828176248,0.8138489127159119,1.2020217491447052,1068,greedy,greedy,Greedy,
77082,soldier_caught,0,1,0,0,1110,8,4.0,1102,,,1.6829479932785034,0,1.1627758243209865,0.8404335975646973,1.2611192273772212,1103,greedy,greedy,Greedy,
77083,intercepted,1,0,0,0,622,8,4.0,614,622.0,311.0,4.912326335906982,0,1.1366354795248528,1.1698267459869385,1.2289227253367898,615,greedy,greedy,Greedy,
77084,intercepted,1,0,0,0,281,10,5.0,271,281.0,140.5,3.212111234664917,0,1.1159773748915862,0.90968918800354,1.225855275383323,272,greedy,greedy,Greedy,
77085,unsafe_intercept,0,0,1,0,10,8,4.0,2,,,2.853425979614258,0,0.9669744173685709,0.6834004521369934,1.0347318137959653,3,greedy,greedy,Greedy,
77086,intercepted,1,0,0,0,883,9,4.5,874,883.0,441.5,4.196225166320801,0,1.1276862938063485,1.0854631662368774,1.2277788077186715,875,greedy,greedy,Greedy,
77087,soldier_caught,0,1,0,0,324,9,4.5,315,,,1.0878795385360718,0,1.1261690604158594,1.01410973072052,1.2189587659009937,316,greedy,greedy,Greedy,
77088,intercepted,1,0,0,0,223,9,4.5,214,223.0,111.5,8.790496826171875,0,1.0738702340181483,1.2571412324905396,1.1596359911348062,215,greedy,greedy,Greedy,
77089,soldier_caught,0,1,0,0,264,49,24.5,215,,,1.9317984580993652,0,1.1071009718709521,1.3634430170059204,1.2042359202588535,216,greedy,greedy,Greedy,
77090,soldier_caught,0,1,0,0,113,10,5.0,103,,,0.8918445110321045,0,1.0977397832589655,0.35271120071411133,1.193594487757241,104,greedy,greedy,Greedy,
77091,intercepted,1,0,0,0,480,8,4.0,472,480.0,240.0,2.221963882446289,0,1.123155780152337,1.6302974224090576,1.2208268048787203,473,greedy,greedy,Greedy,
77092,soldier_caught,0,1,0,0,204,9,4.5,195,,,1.4288936853408813,0,1.139729860561843,1.157591462135315,1.2169344795692336,196,greedy,greedy,Greedy,
77093,intercepted,1,0,0,0,248,40,20.0,208,248.0,124.0,2.70230770111084,0,1.0914947685727663,0.7343047261238098,1.1871083606551105,209,greedy,greedy,Greedy,
77094,intercepted,1,0,0,0,42,15,7.5,27,42.0,21.0,7.01182746887207,0,0.9923291211681706,0.7908176183700562,1.0672407176753258,28,greedy,greedy,Greedy,
77095,intercepted,1,0,0,0,233,10,5.0,223,233.0,116.5,3.953195095062256,0,1.1045604380113738,0.7347380518913269,1.2037435275411368,224,greedy,greedy,Greedy,
77096,intercepted,1,0,0,0,330,12,6.0,318,330.0,165.0,3.8704640865325928,0,1.1294367984170823,0.6040816903114319,1.21957298023231,319,greedy,greedy,Greedy,
77097,intercepted,1,0,0,0,69,11,5.5,58,69.0,34.5,2.6169087886810303,0,1.121082864575467,1.1786699295043945,1.2317372830565079,59,greedy,greedy,Greedy,
77098,intercepted,1,0,0,0,92,11,5.5,81,92.0,46.0,10.644779205322266,0,1.122215847416622,1.0991379022598267,1.2254208546197987,82,greedy,greedy,Greedy,
77099,soldier_caught,0,1,0,0,136,8,4.0,128,,,0.9384178519248962,0,1.2078389733336692,1.673826813697815,1.2899241725808959,129,greedy,greedy,Greedy,
77100,soldier_caught,0,1,0,0,605,20,10.0,585,,,1.6776922941207886,0,1.124019914316236,1.421963095664978,1.2199347545948827,586,greedy,greedy,Greedy,
77101,intercepted,1,0,0,0,131,15,7.5,116,131.0,65.5,2.2560510635375977,0,1.1571070169154396,0.8314101099967957,1.2549230512260685,117,greedy,greedy,Greedy,
77102,intercepted,1,0,0,0,523,10,5.0,513,523.0,261.5,2.653215169906616,0,1.1261416720335122,1.193031907081604,1.217733567661288,514,greedy,greedy,Greedy,
77103,intercepted,1,0,0,0,10,8,4.0,2,10.0,5.0,4.66640043258667,0,1.4711109002431233,1.0810627937316895,1.501777671361416,3,greedy,greedy,Greedy,
77104,soldier_caught,0,1,0,0,250,12,6.0,238,,,0.4170815348625183,0,1.1298125800228518,1.0450774431228638,1.21849732155784,239,greedy,greedy,Greedy,
77105,intercepted,1,0,0,0,342,25,12.5,317,342.0,171.0,7.95307731628418,0,1.1545005362691745,0.39672115445137024,1.2541730155705941,318,greedy,greedy,Greedy,
77106,intercepted,1,0,0,0,528,12,6.0,516,528.0,264.0,2.537019729614258,0,1.1674369358578318,0.5994106531143188,1.2549509172230748,517,greedy,greedy,Greedy,
77107,soldier_caught,0,1,0,0,144,8,4.0,136,,,0.7203710079193115,0,1.1137524913371044,1.4119107723236084,1.233332505857986,137,greedy,greedy,Greedy,
77108,intercepted,1,0,0,0,267,11,5.5,256,267.0,133.5,6.188370227813721,0,1.1044792397099943,1.0864125490188599,1.2087818805025607,257,greedy,greedy,Greedy,
77109,soldier_caught,0,1,0,0,279,9,4.5,270,,,1.5087815523147583,0,1.1007618327037434,1.0795447826385498,1.1927196692829403,271,greedy,greedy,Greedy,
77110,soldier_caught,0,1,0,0,675,15,7.5,660,,,1.8193566799163818,0,1.1447043409077915,2.0622546672821045,1.246567494779209,661,greedy,greedy,Greedy,
77111,intercepted,1,0,0,0,169,9,4.5,160,169.0,84.5,2.453911066055298,0,1.20541834201872,1.0156071186065674,1.3004674116608426,161,greedy,greedy,Greedy,
77112,intercepted,1,0,0,0,73,32,16.0,41,73.0,36.5,11.557783126831055,0,1.181970470008396,2.134476900100708,1.2947293502601565,42,greedy,greedy,Greedy,
77113,intercepted,1,0,0,0,357,12,6.0,345,357.0,178.5,8.270735740661621,0,1.1312612354583134,0.7847272157669067,1.2279856739560664,346,greedy,greedy,Greedy,
77114,intercepted,1,0,0,0,510,12,6.0,498,510.0,255.0,2.5204286575317383,0,1.1534364768163952,0.7169380784034729,1.2500056429328483,499,greedy,greedy,Greedy,
77115,intercepted,1,0,0,0,480,14,7.0,466,480.0,240.0,2.07292103767395,0,1.119426264178319,0.5300626158714294,1.2149506862656312,467,greedy,greedy,Greedy,
77116,intercepted,1,0,0,0,421,23,11.5,398,421.0,210.5,3.910403251647949,0,1.1274566488681281,1.8367539644241333,1.2245133037014,399,greedy,greedy,Greedy,
77117,intercepted,1,0,0,0,122,11,5.5,111,122.0,61.0,8.990201950073242,0,1.2097011180594563,0.6199261546134949,1.3227255073121085,112,greedy,greedy,Greedy,
77118,intercepted,1,0,0,0,349,10,5.0,339,349.0,174.5,2.017470598220825,0,1.1552990910761496,0.7411225438117981,1.2554030758997485,340,greedy,greedy,Greedy,
77119,intercepted,1,0,0,0,10,8,4.0,2,10.0,5.0,4.522286415100098,0,0.8473244110743204,0.6261408925056458,0.8641954746774547,3,greedy,greedy,Greedy,
77120,intercepted,1,0,0,0,360,19,9.5,341,360.0,180.0,2.560622215270996,0,1.1188994050461647,0.9955403804779053,1.2218468408981396,342,greedy,greedy,Greedy,
77121,intercepted,1,0,0,0,16,14,7.0,2,16.0,8.0,3.6444356441497803,0,0.6882709662119547,0.7602989077568054,0.7156147703764574,3,greedy,greedy,Greedy,
77122,intercepted,1,0,0,0,613,10,5.0,603,613.0,306.5,4.778083801269531,0,1.133605383805289,1.7368993759155273,1.2323357362605047,604,greedy,greedy,Greedy,
77123,soldier_caught,0,1,0,0,257,8,4.0,249,,,1.8954209089279175,0,1.1363402783870697,0.42102953791618347,1.231734699577634,250,greedy,greedy,Greedy,
77124,soldier_caught,0,1,0,0,244,13,6.5,231,,,0.8514007329940796,0,1.1098209149364768,0.5664035081863403,1.198349189426943,232,greedy,greedy,Greedy,
77125,intercepted,1,0,0,0,346,7,3.5,339,346.0,173.0,2.497748613357544,0,1.1784265879760771,0.8477343916893005,1.2858796523661757,340,greedy,greedy,Greedy,
77126,intercepted,1,0,0,0,523,12,6.0,511,523.0,261.5,2.7478833198547363,0,1.1614551214734092,1.1630034446716309,1.2573697709202707,512,greedy,greedy,Greedy,
77127,intercepted,1,0,0,0,43,12,6.0,31,43.0,21.5,11.977699279785156,0,0.9911691504530609,2.1057095527648926,1.1196971011890942,32,greedy,greedy,Greedy,
77128,intercepted,1,0,0,0,11,9,4.5,2,11.0,5.5,4.200748920440674,0,1.1308887203534443,1.0573227405548096,1.1923175533311616,3,greedy,greedy,Greedy,
77129,intercepted,1,0,0,0,130,18,9.0,112,130.0,65.0,13.81059455871582,0,1.1896460409713003,0.5849447846412659,1.2715375932734538,113,greedy,greedy,Greedy,
77130,soldier_caught,0,1,0,0,732,10,5.0,722,,,1.5311758518218994,0,1.1387897101675326,2.1670143604278564,1.235015411536113,723,greedy,greedy,Greedy,
77131,intercepted,1,0,0,0,181,11,5.5,170,181.0,90.5,4.882441997528076,0,1.1291765680438595,1.3379439115524292,1.2195058836745971,171,greedy,greedy,Greedy,
77132,soldier_caught,0,1,0,0,450,10,5.0,440,,,0.5884966850280762,0,1.1744047735148275,2.0686683654785156,1.270974141637061,441,greedy,greedy,Greedy,
77133,intercepted,1,0,0,0,287,11,5.5,276,287.0,143.5,4.306457996368408,0,1.1386052701043954,0.3180764615535736,1.2403401823532518,277,greedy,greedy,Greedy,
77134,intercepted,1,0,0,0,319,9,4.5,310,319.0,159.5,5.0203680992126465,0,1.1044870941776939,1.403616189956665,1.1926115490935716,311,greedy,greedy,Greedy,
77135,intercepted,1,0,0,0,53,9,4.5,44,53.0,26.5,11.6143798828125,0,1.1262033310201434,1.2736552953720093,1.24523786060431,45,greedy,greedy,Greedy,
77136,soldier_caught,0,1,0,0,447,166,83.0,281,,,0.9914194345474243,0,1.1440452725117933,0.692230224609375,1.2440519506018686,282,greedy,greedy,Greedy,
77137,soldier_caught,0,1,0,0,55,7,3.5,48,,,1.5552560091018677,0,1.1948824974955345,1.0895113945007324,1.2814783362339675,49,greedy,greedy,Greedy,
77138,intercepted,1,0,0,0,513,15,7.5,498,513.0,256.5,2.5819084644317627,0,1.12488340150438,2.608428716659546,1.2170583498966816,499,greedy,greedy,Greedy,
77139,soldier_caught,0,1,0,0,118,14,7.0,104,,,1.4347127676010132,0,1.0727608936173576,1.4794321060180664,1.1654209990784683,105,greedy,greedy,Greedy,
77140,intercepted,1,0,0,0,115,15,7.5,100,115.0,57.5,2.4288017749786377,0,1.1486388582109224,1.4743397235870361,1.2268606365542574,101,greedy,greedy,Greedy,
77141,intercepted,1,0,0,0,546,16,8.0,530,546.0,273.0,7.051180362701416,0,1.1175668165929573,1.302117943763733,1.2018678737070398,531,greedy,greedy,Greedy,
77142,intercepted,1,0,0,0,1345,14,7.0,1331,1345.0,672.5,3.1770565509796143,0,1.1164189880327866,0.8017916679382324,1.213994229899097,1332,greedy,greedy,Greedy,
77143,soldier_caught,0,1,0,0,845,13,6.5,832,,,1.853157639503479,0,1.1159555028860166,1.4307730197906494,1.2078073610986204,833,greedy,greedy,Greedy,
77144,intercepted,1,0,0,0,211,8,4.0,203,211.0,105.5,11.51707935333252,0,1.141752533906815,1.589200735092163,1.2406886931846253,204,greedy,greedy,Greedy,
77145,soldier_caught,0,1,0,0,704,21,10.5,683,,,1.1182293891906738,0,1.1226389075776464,0.4413676857948303,1.2234484275290198,684,greedy,greedy,Greedy,
77146,soldier_caught,0,1,0,0,186,11,5.5,175,,,1.8729639053344727,0,1.1599645435132764,1.6272709369659424,1.242086861420781,176,greedy,greedy,Greedy,
77147,intercepted,1,0,0,0,357,14,7.0,343,357.0,178.5,3.136167526245117,0,1.1810603154779866,0.6352652311325073,1.2833464565474457,344,greedy,greedy,Greedy,
77148,intercepted,1,0,0,0,158,16,8.0,142,158.0,79.0,7.42963981628418,0,1.0724622956314287,1.320859670639038,1.174912154048941,143,greedy,greedy,Greedy,
77149,unsafe_intercept,0,0,1,0,15,13,6.5,2,,,2.5927841663360596,0,1.2232844432195027,2.0726113319396973,1.3650238552153893,3,greedy,greedy,Greedy,
77150,intercepted,1,0,0,0,270,10,5.0,260,270.0,135.0,6.432290554046631,0,1.1370998417737384,1.6615362167358398,1.2286814516373068,261,greedy,greedy,Greedy,
77151,intercepted,1,0,0,0,1038,12,6.0,1026,1038.0,519.0,6.67469596862793,0,1.1057813915749604,0.7381947636604309,1.1991327760018389,1027,greedy,greedy,Greedy,
77152,intercepted,1,0,0,0,761,27,13.5,734,761.0,380.5,2.9712700843811035,0,1.1020899492461664,0.9070606827735901,1.197526525974901,735,greedy,greedy,Greedy,
77153,soldier_caught,0,1,0,0,35,11,5.5,24,,,1.4467132091522217,0,1.2610667181015014,0.5485871434211731,1.3735050334373098,25,greedy,greedy,Greedy,
77154,intercepted,1,0,0,0,340,15,7.5,325,340.0,170.0,8.173036575317383,0,1.1353399671294206,1.0396724939346313,1.2304576247795396,326,greedy,greedy,Greedy,
77155,soldier_caught,0,1,0,0,919,12,6.0,907,,,1.5624396800994873,0,1.1274618019025757,1.296565294265747,1.221669899727122,908,greedy,greedy,Greedy,
77156,intercepted,1,0,0,0,278,10,5.0,268,278.0,139.0,6.604928016662598,0,1.1109263365153486,1.3005632162094116,1.1986323776642658,269,greedy,greedy,Greedy,
77157,intercepted,1,0,0,0,15,13,6.5,2,15.0,7.5,4.234968662261963,0,1.004277100165685,0.29392561316490173,1.1411512971215596,3,greedy,greedy,Greedy,
77158,intercepted,1,0,0,0,1186,8,4.0,1178,1186.0,593.0,2.5491349697113037,0,1.1039045139755406,0.23800615966320038,1.2007519603382801,1179,greedy,greedy,Greedy,
77159,intercepted,1,0,0,0,90,16,8.0,74,90.0,45.0,7.374704360961914,0,1.0810674407084784,0.5528092980384827,1.1577730567029543,75,greedy,greedy,Greedy,
77160,soldier_caught,0,1,0,0,360,17,8.5,343,,,1.5465959310531616,0,1.1337451465904367,1.70858895778656,1.2255615801564814,344,greedy,greedy,Greedy,
77161,soldier_caught,0,1,0,0,174,10,5.0,164,,,1.4453308582305908,0,1.1741772009567781,1.1811864376068115,1.2717047498541836,165,greedy,greedy,Greedy,
77162,soldier_caught,0,1,0,0,188,15,7.5,173,,,1.9785650968551636,0,1.1193377169213077,1.4584988355636597,1.222500209300283,174,greedy,greedy,Greedy,
77163,intercepted,1,0,0,0,120,19,9.5,101,120.0,60.0,7.498929977416992,0,1.1223083126778697,1.3496497869491577,1.227781916962858,102,greedy,greedy,Greedy,
77164,intercepted,1,0,0,0,122,12,6.0,110,122.0,61.0,4.57981014251709,0,1.0923651378970962,1.3312678337097168,1.1770322498608758,111,greedy,greedy,Greedy,
77165,soldier_caught,0,1,0,0,168,14,7.0,154,,,1.1280711889266968,0,1.1181325864407323,1.137423038482666,1.2167515518562881,155,greedy,greedy,Greedy,
77166,soldier_caught,0,1,0,0,84,16,8.0,68,,,1.1090365648269653,0,1.152954830855563,0.35758456587791443,1.267561228534264,69,greedy,greedy,Greedy,
77167,unsafe_intercept,0,0,1,0,13,11,5.5,2,,,2.666950225830078,0,1.0209753513336182,1.2127153873443604,1.0329903444068844,3,greedy,greedy,Greedy,
77168,intercepted,1,0,0,0,1706,12,6.0,1694,1706.0,853.0,2.14974308013916,0,1.126572502655002,0.6321862936019897,1.2201140743215595,1695,greedy,greedy,Greedy,
77169,soldier_caught,0,1,0,0,58,10,5.0,48,,,1.6258891820907593,0,1.2226800882086462,0.9402468204498291,1.3314262426460608,49,greedy,greedy,Greedy,
77170,intercepted,1,0,0,0,306,30,15.0,276,306.0,153.0,10.787463188171387,0,1.1140113271208016,0.8011248111724854,1.1982798983390952,277,greedy,greedy,Greedy,
77171,soldier_caught,0,1,0,0,194,9,4.5,185,,,1.2685182094573975,0,1.0836974563457633,0.8111408948898315,1.1713216643805715,186,greedy,greedy,Greedy,
77172,intercepted,1,0,0,0,271,12,6.0,259,271.0,135.5,7.571972370147705,0,1.1497527346874659,0.7399318814277649,1.2585720558807927,260,greedy,greedy,Greedy,
77173,soldier_caught,0,1,0,0,245,60,30.0,185,,,0.8503310084342957,0,1.104589433198975,1.6869378089904785,1.1971358631063678,186,greedy,greedy,Greedy,
77174,soldier_caught,0,1,0,0,214,15,7.5,199,,,0.18377937376499176,0,1.1575063165277242,0.7271763682365417,1.2426356574026787,200,greedy,greedy,Greedy,
77175,soldier_caught,0,1,0,0,151,7,3.5,144,,,1.4394279718399048,0,1.0901925950214781,1.2731155157089233,1.209305664076795,145,greedy,greedy,Greedy,
77176,intercepted,1,0,0,0,239,13,6.5,226,239.0,119.5,3.724233388900757,0,1.0821415062517847,1.0539236068725586,1.1807542322893687,227,greedy,greedy,Greedy,
77177,soldier_caught,0,1,0,0,390,14,7.0,376,,,1.4250043630599976,0,1.1106463820927972,0.7695978879928589,1.2069507983473413,377,greedy,greedy,Greedy,
77178,intercepted,1,0,0,0,226,10,5.0,216,226.0,113.0,3.3346962928771973,0,1.1525208558629734,1.9903388023376465,1.2533430306151847,217,greedy,greedy,Greedy,
77179,soldier_caught,0,1,0,0,61,10,5.0,51,,,1.4104324579238892,0,1.1799077970477252,1.0600645542144775,1.2555154711381216,52,greedy,greedy,Greedy,
77180,intercepted,1,0,0,0,15,13,6.5,2,15.0,7.5,6.025385856628418,0,1.2488489151000977,0.822807788848877,1.3825366912757413,3,greedy,greedy,Greedy,
77181,intercepted,1,0,0,0,283,19,9.5,264,283.0,141.5,8.99965763092041,0,1.0849519289889427,0.3673352599143982,1.1762402183423681,265,greedy,greedy,Greedy,
77182,soldier_caught,0,1,0,0,1152,13,6.5,1139,,,0.5990488529205322,0,1.1337508221598047,1.5962806940078735,1.2243311972067683,1140,greedy,greedy,Greedy,
77183,intercepted,1,0,0,0,358,8,4.0,350,358.0,179.0,3.678192377090454,0,1.1409958360711394,1.059503436088562,1.2344298223085326,351,greedy,greedy,Greedy,
77184,intercepted,1,0,0,0,39,15,7.5,24,39.0,19.5,7.4602580070495605,0,1.1304932165145873,0.8037434220314026,1.2141170236889278,25,greedy,greedy,Greedy,
77185,soldier_caught,0,1,0,0,657,32,16.0,625,,,1.8476227521896362,0,1.0739750107422994,1.1511844396591187,1.1730298120955613,626,greedy,greedy,Greedy,
77186,soldier_caught,0,1,0,0,192,11,5.5,181,,,1.4067137241363525,0,1.1786217845075733,0.7597788572311401,1.2735164718476844,182,greedy,greedy,Greedy,
77187,intercepted,1,0,0,0,532,7,3.5,525,532.0,266.0,2.625965118408203,0,1.1332998940359957,1.3427305221557617,1.2257525607741726,526,greedy,greedy,Greedy,
77188,intercepted,1,0,0,0,14,12,6.0,2,14.0,7.0,5.390051364898682,0,0.8857102195421854,1.1247957944869995,0.9134890092606579,3,greedy,greedy,Greedy,
77189,intercepted,1,0,0,0,33,8,4.0,25,33.0,16.5,8.988933563232422,0,1.2131924881384923,1.402565836906433,1.3354139446906144,26,greedy,greedy,Greedy,
77190,intercepted,1,0,0,0,13,12,6.0,1,13.0,6.5,3.7210752964019775,0,1.3023312389850616,1.979715347290039,1.4679631760437641,2,greedy,greedy,Greedy,
77191,timeout,0,0,0,1,2000,7,3.5,1993,,,2.0170695781707764,0,1.1086614246525939,0.6211525201797485,1.2034507463586688,1994,greedy,greedy,Greedy,
77192,soldier_caught,0,1,0,0,63,7,3.5,56,,,1.7149896621704102,0,1.1383327941099803,0.8735644817352295,1.217939261347139,57,greedy,greedy,Greedy,
77193,intercepted,1,0,0,0,495,9,4.5,486,495.0,247.5,4.541097640991211,0,1.112278714347669,0.5487301349639893,1.2134314920359868,487,greedy,greedy,Greedy,
77194,soldier_caught,0,1,0,0,164,20,10.0,144,,,0.8495836853981018,0,1.059710954489379,1.6973052024841309,1.1434180515161576,145,greedy,greedy,Greedy,
77195,soldier_caught,0,1,0,0,57,7,3.5,50,,,1.861304521560669,0,1.0821038849797904,0.9718389511108398,1.2134264231605074,51,greedy,greedy,Greedy,
77196,soldier_caught,0,1,0,0,499,9,4.5,490,,,1.7201255559921265,0,1.11415637279965,1.107401728630066,1.2157590156114693,491,greedy,greedy,Greedy,
77197,soldier_caught,0,1,0,0,381,27,13.5,354,,,0.5255361199378967,0,1.1102763446284012,1.4922094345092773,1.2053096438020738,355,greedy,greedy,Greedy,
77198,soldier_caught,0,1,0,0,243,8,4.0,235,,,1.5877703428268433,0,1.1192736912329317,0.8897374868392944,1.2135699493992558,236,greedy,greedy,Greedy,
77199,intercepted,1,0,0,0,526,17,8.5,509,526.0,263.0,5.535104274749756,0,1.111730863475332,0.688377857208252,1.207557341019234,510,greedy,greedy,Greedy,
77200,intercepted,1,0,0,0,501,21,10.5,480,501.0,250.5,2.56823992729187,0,1.103007622946077,1.3105785846710205,1.1880967828535733,481,greedy,greedy,Greedy,
77201,intercepted,1,0,0,0,37,9,4.5,28,37.0,18.5,7.2641143798828125,0,1.14749695925877,1.5601646900177002,1.212638386093911,29,greedy,greedy,Greedy,
77202,intercepted,1,0,0,0,384,11,5.5,373,384.0,192.0,6.020378589630127,0,1.0762333817142535,1.1390178203582764,1.1733312853106617,374,greedy,greedy,Greedy,
77203,intercepted,1,0,0,0,79,14,7.0,65,79.0,39.5,7.513324737548828,0,1.1306972882964395,0.5148963928222656,1.2267137210216492,66,greedy,greedy,Greedy,
77204,soldier_caught,0,1,0,0,507,35,17.5,472,,,1.631136417388916,0,1.1534677042643566,0.7706402540206909,1.2452321925466128,473,greedy,greedy,Greedy,
77205,soldier_caught,0,1,0,0,39,11,5.5,28,,,1.5810365676879883,0,0.9645656871384588,0.8060088157653809,1.0583356430063324,29,greedy,greedy,Greedy,
77206,soldier_caught,0,1,0,0,567,11,5.5,556,,,1.639159917831421,0,1.1198710224706565,0.6567497253417969,1.213399465358368,557,greedy,greedy,Greedy,
77207,intercepted,1,0,0,0,1039,9,4.5,1030,1039.0,519.5,2.8985402584075928,0,1.1332903236157967,1.143236756324768,1.2290627467532376,1031,greedy,greedy,Greedy,
77208,soldier_caught,0,1,0,0,46,44,22.0,2,,,1.0939351320266724,0,0.8091656963030497,0.7685060501098633,0.8243337352189869,3,greedy,greedy,Greedy,
77209,soldier_caught,0,1,0,0,299,20,10.0,279,,,1.065433144569397,0,1.1097792870232037,0.9536657333374023,1.2145955865356997,280,greedy,greedy,Greedy,
77210,soldier_caught,0,1,0,0,154,19,9.5,135,,,1.17659592628479,0,1.0912623689783847,2.0263614654541016,1.1692651649648842,136,greedy,greedy,Greedy,
77211,soldier_caught,0,1,0,0,449,13,6.5,436,,,0.8748598098754883,0,1.1665490622924177,1.7829798460006714,1.2588420375845775,437,greedy,greedy,Greedy,
77212,intercepted,1,0,0,0,892,11,5.5,881,892.0,446.0,2.323737621307373,0,1.1290345287748746,1.5814127922058105,1.2263938263259326,882,greedy,greedy,Greedy,
77213,soldier_caught,0,1,0,0,346,9,4.5,337,,,1.9326008558273315,0,1.1442374926964207,0.4187893271446228,1.238931563391145,338,greedy,greedy,Greedy,
77214,intercepted,1,0,0,0,904,13,6.5,891,904.0,452.0,3.177263021469116,0,1.1125900166384843,1.1610931158065796,1.2049215170080392,892,greedy,greedy,Greedy,
77215,soldier_caught,0,1,0,0,12,10,5.0,2,,,1.3841181993484497,0,0.6353898247083029,1.2865180969238281,0.793771250670186,3,greedy,greedy,Greedy,
77216,soldier_caught,0,1,0,0,748,42,21.0,706,,,1.5819215774536133,0,1.1639670515709584,0.873592734336853,1.263280256303979,707,greedy,greedy,Greedy,
77217,intercepted,1,0,0,0,129,11,5.5,118,129.0,64.5,7.288125038146973,0,1.133192320456024,1.8103196620941162,1.222619696161035,119,greedy,greedy,Greedy,
77218,intercepted,1,0,0,0,403,16,8.0,387,403.0,201.5,2.8934166431427,0,1.1332371058134534,0.8928698301315308,1.2294120853989825,388,greedy,greedy,Greedy,
77219,soldier_caught,0,1,0,0,450,7,3.5,443,,,1.557208776473999,0,1.1177146198848884,1.2707704305648804,1.225356558100441,444,greedy,greedy,Greedy,
77220,intercepted,1,0,0,0,478,11,5.5,467,478.0,239.0,2.11124324798584,0,1.1630633363388798,0.5324775576591492,1.2547555695217,468,greedy,greedy,Greedy,
77221,intercepted,1,0,0,0,319,9,4.5,310,319.0,159.5,4.729408264160156,0,1.0736783037614976,1.0095417499542236,1.1620613042284107,311,greedy,greedy,Greedy,
77222,soldier_caught,0,1,0,0,559,9,4.5,550,,,1.0233268737792969,0,1.1009668013902412,1.8638622760772705,1.1909129497398006,551,greedy,greedy,Greedy,
77223,intercepted,1,0,0,0,661,8,4.0,653,661.0,330.5,3.424973487854004,0,1.1477120411425648,0.6805925965309143,1.2533198070952711,654,greedy,greedy,Greedy,
77224,intercepted,1,0,0,0,120,12,6.0,108,120.0,60.0,5.435314655303955,0,1.1252221616856548,1.3933521509170532,1.2254072859275793,109,greedy,greedy,Greedy,
77225,soldier_caught,0,1,0,0,123,80,40.0,43,,,1.72769296169281,0,1.1369622884826227,1.0144872665405273,1.224772948807343,44,greedy,greedy,Greedy,
77226,intercepted,1,0,0,0,123,16,8.0,107,123.0,61.5,2.7779860496520996,0,1.1266183886263106,1.2519029378890991,1.2198336873406985,108,greedy,greedy,Greedy,
77227,intercepted,1,0,0,0,421,10,5.0,411,421.0,210.5,2.449558734893799,0,1.0921509094283128,1.4164574146270752,1.1868811615109647,412,greedy,greedy,Greedy,
77228,intercepted,1,0,0,0,40,15,7.5,25,40.0,20.0,10.846148490905762,0,1.1232150323115861,1.4765058755874634,1.2363802818064995,26,greedy,greedy,Greedy,
77229,intercepted,1,0,0,0,675,8,4.0,667,675.0,337.5,3.8863091468811035,0,1.1073209637341028,1.441219449043274,1.2059647783328973,668,greedy,greedy,Greedy,
77230,soldier_caught,0,1,0,0,1288,17,8.5,1271,,,1.712062120437622,0,1.1262475500914193,0.4603727459907532,1.2268928736164137,1272,greedy,greedy,Greedy,
77231,intercepted,1,0,0,0,1455,14,7.0,1441,1455.0,727.5,2.4879133701324463,0,1.1296567626597152,1.1554474830627441,1.224520328492766,1442,greedy,greedy,Greedy,
77232,intercepted,1,0,0,0,390,11,5.5,379,390.0,195.0,2.2650012969970703,0,1.1233751750894283,1.1563736200332642,1.208351245472232,380,greedy,greedy,Greedy,
77233,soldier_caught,0,1,0,0,76,8,4.0,68,,,1.3360658884048462,0,1.1122848179893217,0.4632260203361511,1.214403895037691,69,greedy,greedy,Greedy,
77234,intercepted,1,0,0,0,462,11,5.5,451,462.0,231.0,2.5684492588043213,0,1.148842702232367,1.0084322690963745,1.2425112201865154,452,greedy,greedy,Greedy,
77235,intercepted,1,0,0,0,37,11,5.5,26,37.0,18.5,5.359890460968018,0,1.1457746503529724,0.7937867641448975,1.2284029081239058,27,greedy,greedy,Greedy,
77236,intercepted,1,0,0,0,1534,11,5.5,1523,1534.0,767.0,6.502917766571045,0,1.1146738432064223,0.8461313843727112,1.2000961757914002,1524,greedy,greedy,Greedy,
77237,intercepted,1,0,0,0,54,9,4.5,45,54.0,27.0,6.975767135620117,0,1.18734433663928,1.5103248357772827,1.275160085063058,46,greedy,greedy,Greedy,
77238,intercepted,1,0,0,0,233,12,6.0,221,233.0,116.5,6.4034528732299805,0,1.0655949092260353,1.4102978706359863,1.170733708421513,222,greedy,greedy,Greedy,
77239,intercepted,1,0,0,0,668,16,8.0,652,668.0,334.0,2.746729612350464,0,1.1264241176099725,0.8599122762680054,1.2233304424856892,653,greedy,greedy,Greedy,
77240,intercepted,1,0,0,0,173,10,5.0,163,173.0,86.5,2.769010066986084,0,1.1259427022461483,0.6902778744697571,1.2129727726820092,164,greedy,greedy,Greedy,
77241,intercepted,1,0,0,0,73,7,3.5,66,73.0,36.5,6.530923366546631,0,1.2452653063766992,1.2146886587142944,1.3552806047063648,67,greedy,greedy,Greedy,
77242,intercepted,1,0,0,0,10,8,4.0,2,10.0,5.0,3.9587385654449463,0,0.8257293899854025,0.7410792708396912,0.8526932890446742,3,greedy,greedy,Greedy,
77243,intercepted,1,0,0,0,54,8,4.0,46,54.0,27.0,3.7312567234039307,0,1.2131584045734811,0.9531379342079163,1.2961120667757264,47,greedy,greedy,Greedy,
77244,intercepted,1,0,0,0,77,11,5.5,66,77.0,38.5,7.638583183288574,0,1.1838950883986346,0.24936209619045258,1.290000888230382,67,greedy,greedy,Greedy,
77245,soldier_caught,0,1,0,0,305,14,7.0,291,,,1.4518420696258545,0,1.1415717700776988,0.668102502822876,1.2312789462533884,292,greedy,greedy,Greedy,
77246,intercepted,1,0,0,0,189,12,6.0,177,189.0,94.5,2.215916633605957,0,1.169053190126178,1.4126447439193726,1.2707604203850915,178,greedy,greedy,Greedy,
77247,soldier_caught,0,1,0,0,416,9,4.5,407,,,0.7771477699279785,0,1.1206209505816884,0.9438121914863586,1.225387576146711,408,greedy,greedy,Greedy,
77248,intercepted,1,0,0,0,39,14,7.0,25,39.0,19.5,14.531271934509277,0,1.1685335315190828,0.9877752661705017,1.2100547520920863,26,greedy,greedy,Greedy,
77249,intercepted,1,0,0,0,162,10,5.0,152,162.0,81.0,5.499979496002197,0,1.0955417272117403,2.2759644985198975,1.1946475337434614,153,greedy,greedy,Greedy,
77250,intercepted,1,0,0,0,882,9,4.5,873,882.0,441.0,2.491182565689087,0,1.1168199800108336,0.547257125377655,1.209718937575083,874,greedy,greedy,Greedy,
77251,intercepted,1,0,0,0,744,13,6.5,731,744.0,372.0,2.0502490997314453,0,1.1156758265009994,0.6647811532020569,1.2079075046318999,732,greedy,greedy,Greedy,
77252,intercepted,1,0,0,0,1193,13,6.5,1180,1193.0,596.5,2.2412257194519043,0,1.1341834602771828,0.8435930609703064,1.2297087556682589,1181,greedy,greedy,Greedy,
77253,soldier_caught,0,1,0,0,169,8,4.0,161,,,0.9636042714118958,0,1.1344705447554588,0.8314146399497986,1.2268065247543256,162,greedy,greedy,Greedy,
77254,intercepted,1,0,0,0,488,20,10.0,468,488.0,244.0,2.210986852645874,0,1.1205408757747108,0.7314903736114502,1.21984170063647,469,greedy,greedy,Greedy,
77255,intercepted,1,0,0,0,642,7,3.5,635,642.0,321.0,2.414161205291748,0,1.1619373739187449,1.9674874544143677,1.258602201565796,636,greedy,greedy,Greedy,
77256,soldier_caught,0,1,0,0,63,35,17.5,28,,,1.6225767135620117,0,1.086709034853968,1.5501779317855835,1.1612653665658934,29,greedy,greedy,Greedy,
77257,soldier_caught,0,1,0,0,306,9,4.5,297,,,1.900146722793579,0,1.1710190021701707,1.1432932615280151,1.2745066549911497,298,greedy,greedy,Greedy,
77258,intercepted,1,0,0,0,615,9,4.5,606,615.0,307.5,2.1105258464813232,0,1.101189364453615,1.8712130784988403,1.2026296660885487,607,greedy,greedy,Greedy,
77259,intercepted,1,0,0,0,91,26,13.0,65,91.0,45.5,6.4307332038879395,0,1.095071868237221,1.0590914487838745,1.1897451075034104,66,greedy,greedy,Greedy,
77260,intercepted,1,0,0,0,94,48,24.0,46,94.0,47.0,13.940400123596191,0,1.16601111533794,1.042726993560791,1.2566130425061517,47,greedy,greedy,Greedy,
77261,intercepted,1,0,0,0,1102,57,28.5,1045,1102.0,551.0,2.1274149417877197,0,1.1423083125091875,0.35792386531829834,1.2394877117675756,1046,greedy,greedy,Greedy,
77262,soldier_caught,0,1,0,0,236,13,6.5,223,,,1.6254922151565552,0,1.105137015393536,1.4493069648742676,1.2071663602375735,224,greedy,greedy,Greedy,
77263,intercepted,1,0,0,0,335,40,20.0,295,335.0,167.5,6.968082904815674,0,1.180049200768809,1.4580836296081543,1.2798616961942861,296,greedy,greedy,Greedy,
77264,soldier_caught,0,1,0,0,505,14,7.0,491,,,0.6102650165557861,0,1.1407377567838848,1.4999490976333618,1.2444678871333166,492,greedy,greedy,Greedy,
77265,intercepted,1,0,0,0,187,7,3.5,180,187.0,93.5,3.918215274810791,0,1.159642741001772,0.707608163356781,1.2634818273349049,181,greedy,greedy,Greedy,
77266,intercepted,1,0,0,0,54,31,15.5,23,54.0,27.0,10.73054027557373,0,1.0267987661063671,0.3404008746147156,1.136162917763052,24,greedy,greedy,Greedy,
77267,soldier_caught,0,1,0,0,35,11,5.5,24,,,0.9174744486808777,0,1.0933574211597443,1.7843787670135498,1.1793312934664797,25,greedy,greedy,Greedy,
77268,soldier_caught,0,1,0,0,779,30,15.0,749,,,1.5907477140426636,0,1.1217485666473705,0.945592999458313,1.2266688353962212,750,greedy,greedy,Greedy,
77269,soldier_caught,0,1,0,0,175,12,6.0,163,,,1.4939204454421997,0,1.120485361392905,1.508110761642456,1.2109563428563115,164,greedy,greedy,Greedy,
77270,intercepted,1,0,0,0,123,9,4.5,114,123.0,61.5,3.0932867527008057,0,1.0264238264249719,0.5944044589996338,1.1678163063748535,115,greedy,greedy,Greedy,
77271,soldier_caught,0,1,0,0,579,10,5.0,569,,,1.7477043867111206,0,1.145719270774147,0.8189231157302856,1.2372854597257505,570,greedy,greedy,Greedy,
77272,soldier_caught,0,1,0,0,104,10,5.0,94,,,0.9653775691986084,0,1.1019313278951144,1.9319438934326172,1.2001327990888175,95,greedy,greedy,Greedy,
77273,intercepted,1,0,0,0,137,11,5.5,126,137.0,68.5,10.309199333190918,0,1.168493910333303,2.3369557857513428,1.269641830272012,127,greedy,greedy,Greedy,
77274,intercepted,1,0,0,0,14,12,6.0,2,14.0,7.0,5.096257209777832,0,1.530912200609843,1.1413220167160034,1.5689985304028158,3,greedy,greedy,Greedy,
77275,soldier_caught,0,1,0,0,253,11,5.5,242,,,0.4732931852340698,0,1.1020605796526488,0.947287917137146,1.1984491233901589,243,greedy,greedy,Greedy,
77276,intercepted,1,0,0,0,332,10,5.0,322,332.0,166.0,5.433420658111572,0,1.1382086634543658,0.7360491752624512,1.2403669223035678,323,greedy,greedy,Greedy,
77277,soldier_caught,0,1,0,0,193,17,8.5,176,,,1.813140630722046,0,1.1137917156273363,0.4840080142021179,1.199702582652096,177,greedy,greedy,Greedy,
77278,soldier_caught,0,1,0,0,638,14,7.0,624,,,1.7805721759796143,0,1.1374950629591942,0.604734480381012,1.240852542154964,625,greedy,greedy,Greedy,
77279,soldier_caught,0,1,0,0,256,9,4.5,247,,,1.9017409086227417,0,1.1662608035389455,1.217245101928711,1.2591611724201703,248,greedy,greedy,Greedy,
77280,soldier_caught,0,1,0,0,46,15,7.5,31,,,1.5001214742660522,0,1.0618712278082967,1.2380605936050415,1.1412406533669024,32,greedy,greedy,Greedy,
77281,intercepted,1,0,0,0,88,42,21.0,46,88.0,44.0,13.290863037109375,0,1.0675139008684362,1.2925156354904175,1.14992918460525,47,greedy,greedy,Greedy,
77282,soldier_caught,0,1,0,0,1874,7,3.5,1867,,,0.6966644525527954,0,1.141194656389572,0.6615808010101318,1.2360557526530476,1868,greedy,greedy,Greedy,
77283,intercepted,1,0,0,0,1566,23,11.5,1543,1566.0,783.0,2.0998942852020264,0,1.1342724308014456,0.3709062337875366,1.228691771740465,1544,greedy,greedy,Greedy,
77284,intercepted,1,0,0,0,662,9,4.5,653,662.0,331.0,3.6978485584259033,0,1.14403960142934,2.0114047527313232,1.241171886068218,654,greedy,greedy,Greedy,
77285,soldier_caught,0,1,0,0,1558,38,19.0,1520,,,1.7982133626937866,0,1.1319257420274005,1.126678466796875,1.2293697531065357,1521,greedy,greedy,Greedy,
77286,intercepted,1,0,0,0,62,9,4.5,53,62.0,31.0,10.622716903686523,0,1.1297910312811534,1.5418239831924438,1.19473390619774,54,greedy,greedy,Greedy,
77287,soldier_caught,0,1,0,0,94,47,23.5,47,,,1.189745545387268,0,1.1354568097740412,0.372536301612854,1.221085575463595,48,greedy,greedy,Greedy,
77288,soldier_caught,0,1,0,0,260,9,4.5,251,,,1.5275938510894775,0,1.1542380579880305,0.325175940990448,1.2590872490905554,252,greedy,greedy,Greedy,
77289,intercepted,1,0,0,0,37,10,5.0,27,37.0,18.5,2.6669745445251465,0,1.0984117963484354,0.9038217067718506,1.1739320449536843,28,greedy,greedy,Greedy,
77290,soldier_caught,0,1,0,0,240,13,6.5,227,,,1.4373466968536377,0,1.152812416550883,1.4993209838867188,1.2448168944707179,228,greedy,greedy,Greedy,
77291,intercepted,1,0,0,0,284,14,7.0,270,284.0,142.0,5.821857452392578,0,1.1834338626298517,0.7592927813529968,1.291615962611406,271,greedy,greedy,Greedy,
77292,intercepted,1,0,0,0,331,44,22.0,287,331.0,165.5,5.311666965484619,0,1.105278433766216,0.17769542336463928,1.2123587583370092,288,greedy,greedy,Greedy,
77293,soldier_caught,0,1,0,0,176,12,6.0,164,,,1.5539891719818115,0,1.1310554646181337,2.113649368286133,1.22926151134481,165,greedy,greedy,Greedy,
77294,intercepted,1,0,0,0,208,9,4.5,199,208.0,104.0,4.1804046630859375,0,1.1388217395544051,0.38453546166419983,1.2323575037225192,200,greedy,greedy,Greedy,
77295,intercepted,1,0,0,0,372,34,17.0,338,372.0,186.0,2.5801358222961426,0,1.1211630946854927,1.8862324953079224,1.2190003946133223,339,greedy,greedy,Greedy,
77296,soldier_caught,0,1,0,0,232,8,4.0,224,,,1.9065635204315186,0,1.1666717570026715,1.124112606048584,1.2562970593768445,225,greedy,greedy,Greedy,
77297,intercepted,1,0,0,0,596,8,4.0,588,596.0,298.0,3.341174602508545,0,1.0978268565695435,1.3467588424682617,1.1936852710293837,589,greedy,greedy,Greedy,
77298,soldier_caught,0,1,0,0,416,9,4.5,407,,,0.9946450591087341,0,1.164055795865316,1.2505013942718506,1.2611985133819053,408,greedy,greedy,Greedy,
77299,soldier_caught,0,1,0,0,798,14,7.0,784,,,1.5353225469589233,0,1.1531969110487372,1.446071982383728,1.23878792725723,785,greedy,greedy,Greedy,
77300,soldier_caught,0,1,0,0,188,10,5.0,178,,,1.588582158088684,0,1.1292878141283322,1.29141104221344,1.219117725427898,179,greedy,greedy,Greedy,
77301,intercepted,1,0,0,0,577,11,5.5,566,577.0,288.5,2.6057376861572266,0,1.1533758246867114,1.5482968091964722,1.2495256197374884,567,greedy,greedy,Greedy,
77302,soldier_caught,0,1,0,0,322,17,8.5,305,,,1.3001490831375122,0,1.0786578300244667,1.3059173822402954,1.1770111726133394,306,greedy,greedy,Greedy,
77303,intercepted,1,0,0,0,250,9,4.5,241,250.0,125.0,2.438884973526001,0,1.0636494809315225,1.4640371799468994,1.1475038101341892,242,greedy,greedy,Greedy,
77304,soldier_caught,0,1,0,0,203,11,5.5,192,,,1.1762813329696655,0,1.1151511076972893,1.3971927165985107,1.2063163713116005,193,greedy,greedy,Greedy,
77305,soldier_caught,0,1,0,0,431,16,8.0,415,,,0.7329115271568298,0,1.1570463898018575,2.59879469871521,1.2524169195902326,416,greedy,greedy,Greedy,
77306,intercepted,1,0,0,0,600,37,18.5,563,600.0,300.0,2.5264892578125,0,1.0986905307343877,0.7850538492202759,1.1955104388493158,564,greedy,greedy,Greedy,
77307,intercepted,1,0,0,0,312,11,5.5,301,312.0,156.0,3.9541218280792236,0,1.103699616101009,0.8588354587554932,1.2001731509804034,302,greedy,greedy,Greedy,
77308,intercepted,1,0,0,0,92,27,13.5,65,92.0,46.0,12.508749008178711,0,1.0709072843645557,0.5610876083374023,1.1450983077415184,66,greedy,greedy,Greedy,
77309,intercepted,1,0,0,0,1389,8,4.0,1381,1389.0,694.5,2.4667460918426514,0,1.1379665423470364,1.0467908382415771,1.227992048951882,1382,greedy,greedy,Greedy,
77310,intercepted,1,0,0,0,94,12,6.0,82,94.0,47.0,9.161726951599121,0,1.1104891440236424,1.7917892932891846,1.18812338132092,83,greedy,greedy,Greedy,
77311,intercepted,1,0,0,0,90,47,23.5,43,90.0,45.0,13.69589614868164,0,1.144362529570406,1.126840591430664,1.2400489592104555,44,greedy,greedy,Greedy,
77312,intercepted,1,0,0,0,520,40,20.0,480,520.0,260.0,3.2804691791534424,0,1.179556894915763,0.6898050308227539,1.2775560246524844,481,greedy,greedy,Greedy,
77313,intercepted,1,0,0,0,45,8,4.0,37,45.0,22.5,2.878448486328125,0,1.0862725188857631,1.2495619058609009,1.1865289096767422,38,greedy,greedy,Greedy,
77314,intercepted,1,0,0,0,1263,12,6.0,1251,1263.0,631.5,2.236933708190918,0,1.1168806996113194,1.262085199356079,1.2123362789638719,1252,greedy,greedy,Greedy,
77315,intercepted,1,0,0,0,490,16,8.0,474,490.0,245.0,2.9920220375061035,0,1.1273471489705538,0.6026282906532288,1.2197251289655069,475,greedy,greedy,Greedy,
77316,soldier_caught,0,1,0,0,36,13,6.5,23,,,1.9754351377487183,0,1.1428692638874054,0.9733790755271912,1.2581577894807179,24,greedy,greedy,Greedy,
77317,intercepted,1,0,0,0,175,10,5.0,165,175.0,87.5,6.212880611419678,0,1.1449356316532715,1.2743278741836548,1.2563389699385723,166,greedy,greedy,Greedy,
77318,intercepted,1,0,0,0,527,11,5.5,516,527.0,263.5,2.527176856994629,0,1.1519038236809884,1.2313257455825806,1.243011811911864,517,greedy,greedy,Greedy,
77319,intercepted,1,0,0,0,606,57,28.5,549,606.0,303.0,5.0009379386901855,0,1.1442095533555203,1.6758828163146973,1.2374539189283558,550,greedy,greedy,Greedy,
77320,intercepted,1,0,0,0,1048,10,5.0,1038,1048.0,524.0,2.3134405612945557,0,1.1161773165937108,0.7536930441856384,1.2166767146069466,1039,greedy,greedy,Greedy,
77321,intercepted,1,0,0,0,517,52,26.0,465,517.0,258.5,2.8492610454559326,0,1.1039766204171682,1.9620823860168457,1.1942580539258356,466,greedy,greedy,Greedy,
77322,soldier_caught,0,1,0,0,183,14,7.0,169,,,1.9677143096923828,0,1.1543465528418035,1.1138627529144287,1.2342835207733143,170,greedy,greedy,Greedy,
77323,intercepted,1,0,0,0,465,13,6.5,452,465.0,232.5,2.188284397125244,0,1.178680712221474,0.7867530584335327,1.2680619628647531,453,greedy,greedy,Greedy,
77324,soldier_caught,0,1,0,0,239,8,4.0,231,,,0.39027246832847595,0,1.1415086516725093,1.982418179512024,1.2277168080726086,232,greedy,greedy,Greedy,
77325,intercepted,1,0,0,0,720,12,6.0,708,720.0,360.0,3.073138475418091,0,1.1344584113115652,0.7957277297973633,1.2294691090595362,709,greedy,greedy,Greedy,
77326,unsafe_intercept,0,0,1,0,13,11,5.5,2,,,2.204557418823242,0,1.3005627791086833,1.2782602310180664,1.3091624824914023,3,greedy,greedy,Greedy,
77327,intercepted,1,0,0,0,65,10,5.0,55,65.0,32.5,5.570294380187988,0,1.0981988667377405,0.9340605735778809,1.172020775500839,56,greedy,greedy,Greedy,
77328,intercepted,1,0,0,0,38,14,7.0,24,38.0,19.0,14.545419692993164,0,1.2263257253170012,0.5425477623939514,1.3096908948105122,25,greedy,greedy,Greedy,
77329,soldier_caught,0,1,0,0,749,21,10.5,728,,,1.8261340856552124,0,1.1432239440447345,1.1095408201217651,1.230217440287291,729,greedy,greedy,Greedy,
77330,intercepted,1,0,0,0,61,13,6.5,48,61.0,30.5,2.152893543243408,0,1.0661900736847703,1.0181970596313477,1.1499088555549895,49,greedy,greedy,Greedy,
77331,intercepted,1,0,0,0,275,14,7.0,261,275.0,137.5,6.533679485321045,0,1.0954284106615846,0.7962981462478638,1.1896946454206436,262,greedy,greedy,Greedy,
77332,intercepted,1,0,0,0,106,9,4.5,97,106.0,53.0,10.463335990905762,0,1.1698190363086,0.6732060313224792,1.2814239989031266,98,greedy,greedy,Greedy,
77333,soldier_caught,0,1,0,0,1196,10,5.0,1186,,,1.9781421422958374,0,1.120101139162806,0.9096266627311707,1.2159750561694265,1187,greedy,greedy,Greedy,
77334,intercepted,1,0,0,0,70,14,7.0,56,70.0,35.0,2.4134583473205566,0,1.1564762262921584,0.5958762764930725,1.2667920599440432,57,greedy,greedy,Greedy,
77335,intercepted,1,0,0,0,50,48,24.0,2,50.0,25.0,5.362793445587158,0,1.2482285499572754,1.388016939163208,1.2585635347771007,3,greedy,greedy,Greedy,
77336,intercepted,1,0,0,0,111,8,4.0,103,111.0,55.5,6.610610485076904,0,1.0894715678519928,1.3428404331207275,1.184433497277993,104,greedy,greedy,Greedy,
77337,intercepted,1,0,0,0,1191,15,7.5,1176,1191.0,595.5,3.7875568866729736,0,1.1242647700094022,2.0715487003326416,1.2228275874177141,1177,greedy,greedy,Greedy,
77338,soldier_caught,0,1,0,0,1066,8,4.0,1058,,,1.4484540224075317,0,1.13083298279217,2.370435953140259,1.2256591390128213,1059,greedy,greedy,Greedy,
77339,intercepted,1,0,0,0,198,14,7.0,184,198.0,99.0,5.8047966957092285,0,1.177780750836875,1.0283563137054443,1.281645052636771,185,greedy,greedy,Greedy,
77340,intercepted,1,0,0,0,152,10,5.0,142,152.0,76.0,8.704354286193848,0,1.0743264742977137,2.316734552383423,1.1857712623404713,143,greedy,greedy,Greedy,
77341,intercepted,1,0,0,0,470,12,6.0,458,470.0,235.0,4.194060325622559,0,1.1061458319815156,0.7815647721290588,1.199077465189757,459,greedy,greedy,Greedy,
77342,intercepted,1,0,0,0,263,31,15.5,232,263.0,131.5,9.534079551696777,0,1.149896374715756,1.5008816719055176,1.2415098244596237,233,greedy,greedy,Greedy,
77343,intercepted,1,0,0,0,123,11,5.5,112,123.0,61.5,6.8391804695129395,0,1.173403973073031,0.49557751417160034,1.271143098492397,113,greedy,greedy,Greedy,
77344,intercepted,1,0,0,0,1529,101,50.5,1428,1529.0,764.5,2.3255958557128906,0,1.107799559878544,0.9387410879135132,1.2095993398816138,1429,greedy,greedy,Greedy,
77345,intercepted,1,0,0,0,406,13,6.5,393,406.0,203.0,10.627447128295898,0,1.1295119163953713,1.2194372415542603,1.2219397435980246,394,greedy,greedy,Greedy,
77346,intercepted,1,0,0,0,577,15,7.5,562,577.0,288.5,3.7905704975128174,0,1.1185874198273908,1.8202637434005737,1.2247009934865989,563,greedy,greedy,Greedy,
77347,intercepted,1,0,0,0,1404,11,5.5,1393,1404.0,702.0,2.6973679065704346,0,1.1403933923258587,0.6130048036575317,1.2363175005249154,1394,greedy,greedy,Greedy,
77348,soldier_caught,0,1,0,0,94,13,6.5,81,,,1.8191252946853638,0,1.2107359199989132,1.05517578125,1.294153941601928,82,greedy,greedy,Greedy,
77349,intercepted,1,0,0,0,448,8,4.0,440,448.0,224.0,2.915992021560669,0,1.1135445078349167,0.6618559956550598,1.200843486133594,441,greedy,greedy,Greedy,
77350,intercepted,1,0,0,0,881,34,17.0,847,881.0,440.5,2.557121515274048,0,1.1338481280056514,0.9411870837211609,1.2237607222159868,848,greedy,greedy,Greedy,
77351,soldier_caught,0,1,0,0,907,8,4.0,899,,,0.5405944585800171,0,1.130092886744274,0.8867262601852417,1.2254607870020662,900,greedy,greedy,Greedy,
77352,intercepted,1,0,0,0,15,13,6.5,2,15.0,7.5,5.25195837020874,0,1.0853196183840434,0.8531148433685303,1.1673765086904588,3,greedy,greedy,Greedy,
77353,intercepted,1,0,0,0,90,9,4.5,81,90.0,45.0,7.878014087677002,0,1.13900360864837,1.0852508544921875,1.2099747639122056,82,greedy,greedy,Greedy,
77354,soldier_caught,0,1,0,0,14,12,6.0,2,,,1.6731290817260742,0,1.1677953998247783,1.4408451318740845,1.1866629935633701,3,greedy,greedy,Greedy,
77355,intercepted,1,0,0,0,458,18,9.0,440,458.0,229.0,5.203441619873047,0,1.125416656267616,1.0960630178451538,1.2151423890811637,441,greedy,greedy,Greedy,
77356,intercepted,1,0,0,0,468,9,4.5,459,468.0,234.0,2.2159619331359863,0,1.1504227496035722,0.8996076583862305,1.252843623269419,460,greedy,greedy,Greedy,
77357,intercepted,1,0,0,0,553,11,5.5,542,553.0,276.5,7.198770046234131,0,1.09328812078108,0.4428335726261139,1.1923303979240765,543,greedy,greedy,Greedy,
77358,intercepted,1,0,0,0,508,10,5.0,498,508.0,254.0,2.062729597091675,0,1.115022819115965,0.28312015533447266,1.2174006226592888,499,greedy,greedy,Greedy,
77359,soldier_caught,0,1,0,0,98,50,25.0,48,,,1.5918935537338257,0,1.2500125224492988,1.3409342765808105,1.3415161846405097,49,greedy,greedy,Greedy,
77360,soldier_caught,0,1,0,0,107,13,6.5,94,,,1.8589242696762085,0,1.1069843129107826,1.5040611028671265,1.1960110929424133,95,greedy,greedy,Greedy,
77361,soldier_caught,0,1,0,0,851,7,3.5,844,,,0.5339897871017456,0,1.1459373618988595,0.6148145198822021,1.2367573505984855,845,greedy,greedy,Greedy,
77362,unsafe_intercept,0,0,1,0,10,8,4.0,2,,,2.777946710586548,0,0.8073263367017111,1.055583119392395,0.8299244348735938,3,greedy,greedy,Greedy,
77363,intercepted,1,0,0,0,388,13,6.5,375,388.0,194.0,7.863453388214111,0,1.1276550753081733,1.3678110837936401,1.2146614484034952,376,greedy,greedy,Greedy,
77364,intercepted,1,0,0,0,562,17,8.5,545,562.0,281.0,2.506584405899048,0,1.1297236334928227,0.5392997860908508,1.2300532851807977,546,greedy,greedy,Greedy,
77365,intercepted,1,0,0,0,223,45,22.5,178,223.0,111.5,8.529414176940918,0,1.1003941802422428,1.2177455425262451,1.1839430929409671,179,greedy,greedy,Greedy,
77366,intercepted,1,0,0,0,298,9,4.5,289,298.0,149.0,3.651838541030884,0,1.1493030865130753,0.8824095726013184,1.236916322834357,290,greedy,greedy,Greedy,
77367,intercepted,1,0,0,0,156,9,4.5,147,156.0,78.0,3.4254472255706787,0,1.1495128394280736,1.7877426147460938,1.2608442593331037,148,greedy,greedy,Greedy,
77368,intercepted,1,0,0,0,125,14,7.0,111,125.0,62.5,5.905877113342285,0,1.1726029360932964,1.2168920040130615,1.2741823066958902,112,greedy,greedy,Greedy,
77369,intercepted,1,0,0,0,31,8,4.0,23,31.0,15.5,3.8664426803588867,0,1.1247519900401433,1.8082106113433838,1.1849533978191762,24,greedy,greedy,Greedy,
77370,intercepted,1,0,0,0,694,38,19.0,656,694.0,347.0,3.8857083320617676,0,1.120136801703426,0.7023850083351135,1.2178573135552537,657,greedy,greedy,Greedy,
77371,intercepted,1,0,0,0,1015,72,36.0,943,1015.0,507.5,2.215975284576416,0,1.1037304370774557,1.0423074960708618,1.1965358001878974,944,greedy,greedy,Greedy,
77372,soldier_caught,0,1,0,0,84,15,7.5,69,,,1.559177041053772,0,1.1383275447147234,1.2278714179992676,1.2547194065002396,70,greedy,greedy,Greedy,
77373,intercepted,1,0,0,0,318,19,9.5,299,318.0,159.0,10.755744934082031,0,1.0940616075197855,1.1062281131744385,1.1936396057819485,300,greedy,greedy,Greedy,
77374,soldier_caught,0,1,0,0,85,11,5.5,74,,,1.6563091278076172,0,1.095306799809138,1.6143361330032349,1.1927592141281758,75,greedy,greedy,Greedy,
77375,soldier_caught,0,1,0,0,241,13,6.5,228,,,1.4996196031570435,0,1.056463722643894,1.4710073471069336,1.1593898585389533,229,greedy,greedy,Greedy,
77376,unsafe_intercept,0,0,1,0,11,9,4.5,2,,,3.2288975715637207,0,1.3777562975883484,0.9503554105758667,1.537580981410815,3,greedy,greedy,Greedy,
77377,intercepted,1,0,0,0,534,12,6.0,522,534.0,267.0,4.440832614898682,0,1.0837067942318452,2.0489389896392822,1.1773955243007967,523,greedy,greedy,Greedy,
77378,soldier_caught,0,1,0,0,104,8,4.0,96,,,1.4913772344589233,0,1.130610775394538,0.6707068681716919,1.2177355146781101,97,greedy,greedy,Greedy,
77379,intercepted,1,0,0,0,385,10,5.0,375,385.0,192.5,3.459350824356079,0,1.120809795969027,1.0246751308441162,1.216026556293671,376,greedy,greedy,Greedy,
77380,intercepted,1,0,0,0,1533,10,5.0,1523,1533.0,766.5,3.7365682125091553,0,1.1247568440494027,0.3881029784679413,1.2274835404725253,1524,greedy,greedy,Greedy,
77381,intercepted,1,0,0,0,10,8,4.0,2,10.0,5.0,4.576085567474365,0,1.2182176113128662,1.3461384773254395,1.2445426664983124,3,greedy,greedy,Greedy,
77382,intercepted,1,0,0,0,28,10,5.0,18,28.0,14.0,8.491188049316406,0,1.1426521202451305,1.5751268863677979,1.2533660673872211,19,greedy,greedy,Greedy,
77383,intercepted,1,0,0,0,73,11,5.5,62,73.0,36.5,2.986253023147583,0,1.2277089972344657,0.9999330043792725,1.3164982518627641,63,greedy,greedy,Greedy,
77384,intercepted,1,0,0,0,658,8,4.0,650,658.0,329.0,2.4109609127044678,0,1.1112462702549182,0.8746839165687561,1.2107667818290433,651,greedy,greedy,Greedy,
77385,intercepted,1,0,0,0,16,14,7.0,2,16.0,8.0,5.0698347091674805,0,1.034876435995102,0.7174081206321716,1.2143035271428444,3,greedy,greedy,Greedy,
77386,intercepted,1,0,0,0,1323,46,23.0,1277,1323.0,661.5,2.5170719623565674,0,1.1147450271509995,1.5750268697738647,1.2141992280451719,1278,greedy,greedy,Greedy,
77387,soldier_caught,0,1,0,0,116,12,6.0,104,,,0.8882933855056763,0,1.1882011558328356,1.3095024824142456,1.2632815655778045,105,greedy,greedy,Greedy,
77388,intercepted,1,0,0,0,301,7,3.5,294,301.0,150.5,5.79429292678833,0,1.1447808380349207,2.170372247695923,1.2343250149046023,295,greedy,greedy,Greedy,
77389,soldier_caught,0,1,0,0,731,14,7.0,717,,,0.0949154868721962,0,1.1155549946103587,1.5543787479400635,1.2117643636186217,718,greedy,greedy,Greedy,
77390,soldier_caught,0,1,0,0,517,13,6.5,504,,,1.8533645868301392,0,1.1242717508927431,1.3680020570755005,1.2161918557513323,505,greedy,greedy,Greedy,
77391,soldier_caught,0,1,0,0,203,35,17.5,168,,,0.6570132374763489,0,1.0948264181790268,0.580558180809021,1.1850211776794655,169,greedy,greedy,Greedy,
77392,soldier_caught,0,1,0,0,1504,38,19.0,1466,,,0.9182847738265991,0,1.1418154271143022,1.4086060523986816,1.239690096552847,1467,greedy,greedy,Greedy,
77393,soldier_caught,0,1,0,0,210,7,3.5,203,,,1.5377674102783203,0,1.0814799514471316,1.1174150705337524,1.176743694897777,204,greedy,greedy,Greedy,
77394,soldier_caught,0,1,0,0,139,17,8.5,122,,,1.3160945177078247,0,1.0718098118053219,1.1960245370864868,1.1500200941049228,123,greedy,greedy,Greedy,
77395,intercepted,1,0,0,0,672,10,5.0,662,672.0,336.0,2.5593159198760986,0,1.1160927879853035,1.1821843385696411,1.214670148636181,663,greedy,greedy,Greedy,
77396,intercepted,1,0,0,0,313,8,4.0,305,313.0,156.5,4.283412456512451,0,1.1484055234837571,0.8209211230278015,1.2464526523329351,306,greedy,greedy,Greedy,
77397,unsafe_intercept,0,0,1,0,11,9,4.5,2,,,2.303029775619507,0,0.9092279672622681,0.6221166849136353,0.9717664786136473,3,greedy,greedy,Greedy,
77398,soldier_caught,0,1,0,0,261,88,44.0,173,,,1.7725098133087158,0,1.1438173637993034,0.9364785552024841,1.255840225765447,174,greedy,greedy,Greedy,
77399,soldier_caught,0,1,0,0,395,11,5.5,384,,,1.8293707370758057,0,1.1180167916726755,1.767541527748108,1.2034299980264207,385,greedy,greedy,Greedy,
77400,intercepted,1,0,0,0,232,114,57.0,118,232.0,116.0,8.202544212341309,0,1.0510272824463724,1.2316739559173584,1.145936559893845,119,greedy,greedy,Greedy,
77401,intercepted,1,0,0,0,27,12,6.0,15,27.0,13.5,11.691858291625977,0,1.127844400703907,1.1929185390472412,1.1835996709010816,16,greedy,greedy,Greedy,
77402,soldier_caught,0,1,0,0,618,61,30.5,557,,,0.55296391248703,0,1.1527499083202586,1.8438353538513184,1.2519057534491673,558,greedy,greedy,Greedy,
77403,intercepted,1,0,0,0,225,72,36.0,153,225.0,112.5,9.958847045898438,0,1.160274451816237,0.8190644979476929,1.2535405372474757,154,greedy,greedy,Greedy,
77404,intercepted,1,0,0,0,63,16,8.0,47,63.0,31.5,13.918981552124023,0,1.170723831281066,1.700942873954773,1.271293060301422,48,greedy,greedy,Greedy,
77405,soldier_caught,0,1,0,0,41,13,6.5,28,,,1.4014887809753418,0,1.088444155351869,0.8481505513191223,1.2222285623727958,29,greedy,greedy,Greedy,
77406,soldier_caught,0,1,0,0,1296,8,4.0,1288,,,0.4105779826641083,0,1.1382138689443804,1.6438933610916138,1.2375065101595086,1289,greedy,greedy,Greedy,
77407,intercepted,1,0,0,0,1455,12,6.0,1443,1455.0,727.5,2.119729518890381,0,1.1581326126123563,1.5393929481506348,1.262197443940365,1444,greedy,greedy,Greedy,
77408,intercepted,1,0,0,0,76,32,16.0,44,76.0,38.0,10.297590255737305,0,0.962574904329247,0.06299491971731186,1.0295777176404406,45,greedy,greedy,Greedy,
77409,intercepted,1,0,0,0,75,10,5.0,65,75.0,37.5,4.162397861480713,0,1.1146705791805729,1.8373790979385376,1.2300882393445212,66,greedy,greedy,Greedy,
77410,intercepted,1,0,0,0,996,7,3.5,989,996.0,498.0,3.351785182952881,0,1.0942042482998033,0.8509000539779663,1.1918149411250032,990,greedy,greedy,Greedy,
77411,intercepted,1,0,0,0,373,16,8.0,357,373.0,186.5,2.5794641971588135,0,1.1723446441013055,0.5412407517433167,1.2787465265924187,358,greedy,greedy,Greedy,
77412,soldier_caught,0,1,0,0,56,9,4.5,47,,,1.613828182220459,0,1.1207177775601547,1.0825474262237549,1.1980539616156671,48,greedy,greedy,Greedy,
77413,intercepted,1,0,0,0,299,36,18.0,263,299.0,149.5,3.6276323795318604,0,1.1628694424236363,1.5769597291946411,1.2568677537025321,264,greedy,greedy,Greedy,
77414,intercepted,1,0,0,0,481,16,8.0,465,481.0,240.5,2.97335147857666,0,1.1640648104794036,1.047106385231018,1.2633780144102076,466,greedy,greedy,Greedy,
77415,intercepted,1,0,0,0,672,9,4.5,663,672.0,336.0,2.8593380451202393,0,1.1539670532030692,0.777128279209137,1.2471028969133784,664,greedy,greedy,Greedy,
77416,intercepted,1,0,0,0,1027,11,5.5,1016,1027.0,513.5,2.7262401580810547,0,1.1184347975511935,0.7585858106613159,1.2101171812576919,1017,greedy,greedy,Greedy,
77417,soldier_caught,0,1,0,0,564,11,5.5,553,,,0.6859655976295471,0,1.1437449171762604,0.820137619972229,1.2399769318018363,554,greedy,greedy,Greedy,
77418,soldier_caught,0,1,0,0,407,9,4.5,398,,,0.5185912251472473,0,1.0996748300497992,0.4939747452735901,1.2049613105101238,399,greedy,greedy,Greedy,
77419,soldier_caught,0,1,0,0,13,10,5.0,3,,,0.908042848110199,0,0.9740778803825378,1.4279043674468994,1.0276063166917553,4,greedy,greedy,Greedy,
77420,soldier_caught,0,1,0,0,164,48,24.0,116,,,1.8955596685409546,0,1.1166325226808205,1.0735727548599243,1.2122652217680192,117,greedy,greedy,Greedy,
77421,intercepted,1,0,0,0,1742,10,5.0,1732,1742.0,871.0,2.4708945751190186,0,1.1152227036977391,1.0788774490356445,1.2101417439587663,1733,greedy,greedy,Greedy,
77422,intercepted,1,0,0,0,627,18,9.0,609,627.0,313.5,10.956703186035156,0,1.1569618858763429,1.2019364833831787,1.2621660396582304,610,greedy,greedy,Greedy,
77423,soldier_caught,0,1,0,0,34,8,4.0,26,,,1.3960459232330322,0,1.1965482455712777,2.191166639328003,1.3019189275213539,27,greedy,greedy,Greedy,
77424,soldier_caught,0,1,0,0,457,19,9.5,438,,,0.5176576375961304,0,1.144517336575344,0.7281519174575806,1.2430334383804775,439,greedy,greedy,Greedy,
77425,intercepted,1,0,0,0,995,8,4.0,987,995.0,497.5,3.6343421936035156,0,1.162697556756648,1.3881776332855225,1.2660449960309907,988,greedy,greedy,Greedy,
77426,intercepted,1,0,0,0,11,9,4.5,2,11.0,5.5,4.392210483551025,0,1.5936377048492432,2.179008960723877,1.648108202316592,3,greedy,greedy,Greedy,
77427,intercepted,1,0,0,0,179,11,5.5,168,179.0,89.5,7.758324146270752,0,1.117987749668268,1.464874505996704,1.2077460989437014,169,greedy,greedy,Greedy,
77428,intercepted,1,0,0,0,135,10,5.0,125,135.0,67.5,3.646059513092041,0,1.0036962008665478,1.098893165588379,1.075055104187003,126,greedy,greedy,Greedy,
77429,intercepted,1,0,0,0,169,11,5.5,158,169.0,84.5,3.0519165992736816,0,1.121174047952928,0.6141984462738037,1.1991510257965818,159,greedy,greedy,Greedy,
77430,soldier_caught,0,1,0,0,59,17,8.5,42,,,1.387405514717102,0,1.2271918557411017,1.2432912588119507,1.326446107395831,43,greedy,greedy,Greedy,
77431,soldier_caught,0,1,0,0,656,57,28.5,599,,,1.3804521560668945,0,1.1084733772650361,1.7896158695220947,1.199573539250458,600,greedy,greedy,Greedy,
77432,soldier_caught,0,1,0,0,740,10,5.0,730,,,1.0703827142715454,0,1.15436769297242,0.34511345624923706,1.2502377703474414,731,greedy,greedy,Greedy,
77433,soldier_caught,0,1,0,0,1428,9,4.5,1419,,,0.5454127788543701,0,1.145893743587002,1.1955811977386475,1.2396382268944588,1420,greedy,greedy,Greedy,
77434,unsafe_intercept,0,0,1,0,13,11,5.5,2,,,3.3648853302001953,0,0.8382463653882345,0.9501240253448486,0.8427179927681449,3,greedy,greedy,Greedy,
77435,soldier_caught,0,1,0,0,890,9,4.5,881,,,1.8900821208953857,0,1.1294772956528767,0.5580100417137146,1.2236739257894342,882,greedy,greedy,Greedy,
77436,intercepted,1,0,0,0,292,13,6.5,279,292.0,146.0,3.1702611446380615,0,1.1742423109710216,1.5917085409164429,1.2733836709701543,280,greedy,greedy,Greedy,
77437,soldier_caught,0,1,0,0,647,12,6.0,635,,,0.8421729803085327,0,1.1239041468632296,0.8460026383399963,1.2165552215533977,636,greedy,greedy,Greedy,
77438,intercepted,1,0,0,0,318,10,5.0,308,318.0,159.0,6.486659049987793,0,1.1194028969142815,0.8518068790435791,1.2089287226659977,309,greedy,greedy,Greedy,
77439,soldier_caught,0,1,0,0,106,10,5.0,96,,,1.403904914855957,0,1.2217027357558614,0.8016969561576843,1.3039087557046567,97,greedy,greedy,Greedy,
77440,intercepted,1,0,0,0,278,9,4.5,269,278.0,139.0,3.437957286834717,0,1.1885914377592228,0.7657164335250854,1.2770328281494596,270,greedy,greedy,Greedy,
77441,intercepted,1,0,0,0,319,78,39.0,241,319.0,159.5,8.084836959838867,0,1.1298259494225842,0.9095606803894043,1.2216852908989215,242,greedy,greedy,Greedy,
77442,soldier_caught,0,1,0,0,181,14,7.0,167,,,1.6339330673217773,0,1.11859762961311,0.6843178272247314,1.2134593444575985,168,greedy,greedy,Greedy,
77443,intercepted,1,0,0,0,166,29,14.5,137,166.0,83.0,4.261083602905273,0,1.1058977738670681,1.0787895917892456,1.2000236242046474,138,greedy,greedy,Greedy,
77444,soldier_caught,0,1,0,0,712,8,4.0,704,,,1.3102641105651855,0,1.132770537579736,1.897076964378357,1.2239055837835955,705,greedy,greedy,Greedy,
77445,intercepted,1,0,0,0,915,25,12.5,890,915.0,457.5,2.680868148803711,0,1.1568961560090651,0.7162781953811646,1.2556578008565824,891,greedy,greedy,Greedy,
77446,intercepted,1,0,0,0,993,13,6.5,980,993.0,496.5,2.804173707962036,0,1.1489568676772954,1.3741313219070435,1.2479703643807252,981,greedy,greedy,Greedy,
77447,soldier_caught,0,1,0,0,529,18,9.0,511,,,0.7796924710273743,0,1.1100157031905837,1.0722739696502686,1.2062906542451135,512,greedy,greedy,Greedy,
77448,intercepted,1,0,0,0,789,9,4.5,780,789.0,394.5,7.74303674697876,0,1.124493293311547,1.7361602783203125,1.216316919554945,781,greedy,greedy,Greedy,
77449,intercepted,1,0,0,0,494,10,5.0,484,494.0,247.0,4.914538860321045,0,1.1207931067218486,1.1528533697128296,1.2082795530482597,485,greedy,greedy,Greedy,
77450,intercepted,1,0,0,0,422,13,6.5,409,422.0,211.0,5.99450159072876,0,1.1564482236053886,0.35416457056999207,1.2540512127081698,410,greedy,greedy,Greedy,
77451,intercepted,1,0,0,0,398,70,35.0,328,398.0,199.0,3.4754908084869385,0,1.1248371477909727,1.2810181379318237,1.2180131053655852,329,greedy,greedy,Greedy,
77452,soldier_caught,0,1,0,0,61,11,5.5,50,,,0.980287492275238,0,1.140516056733973,2.127897262573242,1.2371074004775822,51,greedy,greedy,Greedy,
77453,soldier_caught,0,1,0,0,363,12,6.0,351,,,1.1153712272644043,0,1.1343358542600817,2.0375030040740967,1.229822081303636,352,greedy,greedy,Greedy,
77454,intercepted,1,0,0,0,198,12,6.0,186,198.0,99.0,9.080788612365723,0,1.1848226262127015,1.0414823293685913,1.279671565237281,187,greedy,greedy,Greedy,
77455,intercepted,1,0,0,0,114,8,4.0,106,114.0,57.0,11.819083213806152,0,1.151466894094075,1.1560152769088745,1.2495834317551135,107,greedy,greedy,Greedy,
77456,intercepted,1,0,0,0,519,13,6.5,506,519.0,259.5,6.215739727020264,0,1.1231050422117554,1.0284239053726196,1.2243629439958803,507,greedy,greedy,Greedy,
77457,intercepted,1,0,0,0,148,19,9.5,129,148.0,74.0,2.8706037998199463,0,1.0853926424796765,1.9579516649246216,1.1843594646371594,130,greedy,greedy,Greedy,
77458,intercepted,1,0,0,0,328,10,5.0,318,328.0,164.0,6.784293174743652,0,1.0806780367342281,1.4568018913269043,1.1686587918559512,319,greedy,greedy,Greedy,
77459,intercepted,1,0,0,0,75,11,5.5,64,75.0,37.5,6.199136734008789,0,1.1118111312389374,0.7344453930854797,1.199242979650066,65,greedy,greedy,Greedy,
77460,intercepted,1,0,0,0,94,14,7.0,80,94.0,47.0,9.184257507324219,0,1.1052932032832392,1.8360346555709839,1.1972347385375788,81,greedy,greedy,Greedy,
77461,soldier_caught,0,1,0,0,44,12,6.0,32,,,0.31259608268737793,0,1.193964553601814,0.5602622628211975,1.2752050313071772,33,greedy,greedy,Greedy,
77462,intercepted,1,0,0,0,366,33,16.5,333,366.0,183.0,4.132180690765381,0,1.149687431975753,1.6266818046569824,1.2446204699457744,334,greedy,greedy,Greedy,
77463,intercepted,1,0,0,0,272,13,6.5,259,272.0,136.0,3.2776973247528076,0,1.1330613299917716,2.6292247772216797,1.2341921720164781,260,greedy,greedy,Greedy,
77464,intercepted,1,0,0,0,571,13,6.5,558,571.0,285.5,2.9578487873077393,0,1.1479299604519535,0.5196123719215393,1.2427300307039877,559,greedy,greedy,Greedy,
77465,intercepted,1,0,0,0,452,26,13.0,426,452.0,226.0,2.1020095348358154,0,1.124074801453662,2.0703272819519043,1.2212016577230416,427,greedy,greedy,Greedy,
77466,soldier_caught,0,1,0,0,372,47,23.5,325,,,1.9563214778900146,0,1.0824503944558235,1.2580572366714478,1.1677559787704392,326,greedy,greedy,Greedy,
77467,soldier_caught,0,1,0,0,271,12,6.0,259,,,0.35031014680862427,0,1.1801439618261962,1.7541085481643677,1.2795127637081862,260,greedy,greedy,Greedy,
77468,intercepted,1,0,0,0,1168,11,5.5,1157,1168.0,584.0,7.272665977478027,0,1.140530573374661,1.1565985679626465,1.2381147509233281,1158,greedy,greedy,Greedy,
77469,intercepted,1,0,0,0,143,12,6.0,131,143.0,71.5,6.388408184051514,0,1.1033250985272003,0.6456577777862549,1.206838532032478,132,greedy,greedy,Greedy,
77470,intercepted,1,0,0,0,894,21,10.5,873,894.0,447.0,2.997659683227539,0,1.1456945745926563,0.9636279344558716,1.2343632925990602,874,greedy,greedy,Greedy,
77471,intercepted,1,0,0,0,828,15,7.5,813,828.0,414.0,2.881756067276001,0,1.1449645535805302,1.5509825944900513,1.2418681042717825,814,greedy,greedy,Greedy,
77472,intercepted,1,0,0,0,897,14,7.0,883,897.0,448.5,2.5370166301727295,0,1.129617283862438,1.1549453735351562,1.219275562478462,884,greedy,greedy,Greedy,
77473,intercepted,1,0,0,0,844,12,6.0,832,844.0,422.0,2.306483507156372,0,1.1288813941296982,1.3479924201965332,1.2279552340118856,833,greedy,greedy,Greedy,
77474,soldier_caught,0,1,0,0,307,19,9.5,288,,,1.099436640739441,0,1.057133696380371,0.7491133809089661,1.1510490523600554,289,greedy,greedy,Greedy,
77475,soldier_caught,0,1,0,0,358,9,4.5,349,,,1.601323127746582,0,1.1496264091985566,1.300644874572754,1.2380502030755236,350,greedy,greedy,Greedy,
77476,soldier_caught,0,1,0,0,49,14,7.0,35,,,1.8053922653198242,0,1.1248438499040074,1.3598781824111938,1.2157111634751532,36,greedy,greedy,Greedy,
77477,soldier_caught,0,1,0,0,432,13,6.5,419,,,0.8899942636489868,0,1.1531552279634134,1.2477238178253174,1.2382426431791473,420,greedy,greedy,Greedy,
77478,intercepted,1,0,0,0,571,8,4.0,563,571.0,285.5,4.380178451538086,0,1.1015648292047335,1.022990107536316,1.2069382804352524,564,greedy,greedy,Greedy,
77479,soldier_caught,0,1,0,0,159,9,4.5,150,,,1.977071762084961,0,1.1177433044310436,1.2520086765289307,1.2146600604896745,151,greedy,greedy,Greedy,
77480,intercepted,1,0,0,0,154,98,49.0,56,154.0,77.0,12.66319751739502,0,1.1932010190528737,0.8567385673522949,1.2945273489642455,57,greedy,greedy,Greedy,
77481,soldier_caught,0,1,0,0,672,83,41.5,589,,,1.9770621061325073,0,1.1411674595990424,1.0222135782241821,1.243827521587858,590,greedy,greedy,Greedy,
77482,unsafe_intercept,0,0,1,0,13,12,6.0,1,,,2.874213457107544,0,0.9889409840106964,1.118486762046814,0.9973897826141129,2,greedy,greedy,Greedy,
77483,intercepted,1,0,0,0,386,31,15.5,355,386.0,193.0,3.917213201522827,0,1.160274426505137,0.362113356590271,1.2581121772432968,356,greedy,greedy,Greedy,
77484,intercepted,1,0,0,0,299,13,6.5,286,299.0,149.5,2.6719555854797363,0,1.1193404363319017,1.8929150104522705,1.213870442193471,287,greedy,greedy,Greedy,
77485,intercepted,1,0,0,0,427,71,35.5,356,427.0,213.5,2.9459896087646484,0,1.108495210315667,1.314058780670166,1.2085677251090523,357,greedy,greedy,Greedy,
77486,intercepted,1,0,0,0,243,14,7.0,229,243.0,121.5,6.463345527648926,0,1.1640122024261432,1.1168506145477295,1.2539847182383532,230,greedy,greedy,Greedy,
77487,unsafe_intercept,0,0,1,0,50,48,24.0,2,,,2.452512264251709,0,0.8373532096544901,0.7635534405708313,0.8460494032774211,3,greedy,greedy,Greedy,
77488,unsafe_intercept,0,0,1,0,9,7,3.5,2,,,2.5341765880584717,0,1.235382040341695,1.6479625701904297,1.321164024495714,3,greedy,greedy,Greedy,
77489,soldier_caught,0,1,0,0,293,12,6.0,281,,,0.8300573825836182,0,1.1591615525226222,2.8641669750213623,1.2687813549439944,282,greedy,greedy,Greedy,
77490,soldier_caught,0,1,0,0,145,59,29.5,86,,,1.694836139678955,0,1.0920916975572192,2.330763101577759,1.1794217398120357,87,greedy,greedy,Greedy,
77491,intercepted,1,0,0,0,651,10,5.0,641,651.0,325.5,3.106977701187134,0,1.1204970015265117,1.1022706031799316,1.2138854970316544,642,greedy,greedy,Greedy,
77492,soldier_caught,0,1,0,0,110,12,6.0,98,,,1.4787771701812744,0,1.2327983170898273,1.704804539680481,1.3225967698139671,99,greedy,greedy,Greedy,
77493,soldier_caught,0,1,0,0,80,10,5.0,70,,,1.9914381504058838,0,1.0595680128940395,0.34800535440444946,1.1452595514400055,71,greedy,greedy,Greedy,
77494,soldier_caught,0,1,0,0,347,10,5.0,337,,,1.6546717882156372,0,1.1975672897061653,2.0086216926574707,1.2964012569602974,338,greedy,greedy,Greedy,
77495,soldier_caught,0,1,0,0,326,20,10.0,306,,,1.379142165184021,0,1.193911934665826,0.552034854888916,1.298231873864378,307,greedy,greedy,Greedy,
77496,soldier_caught,0,1,0,0,168,62,31.0,106,,,1.2224602699279785,0,1.1454629577765956,0.3977009952068329,1.2382581892344393,107,greedy,greedy,Greedy,
77497,intercepted,1,0,0,0,211,9,4.5,202,211.0,105.5,11.429060935974121,0,1.106032407269102,0.5885343551635742,1.199468860120483,203,greedy,greedy,Greedy,
77498,intercepted,1,0,0,0,555,52,26.0,503,555.0,277.5,4.182583808898926,0,1.1570911986073331,1.383397102355957,1.2485812085074393,504,greedy,greedy,Greedy,
77499,intercepted,1,0,0,0,178,10,5.0,168,178.0,89.0,2.1331980228424072,0,1.1723170784583106,1.6007037162780762,1.282865228596261,169,greedy,greedy,Greedy,
77500,intercepted,1,0,0,0,72,13,6.5,59,72.0,36.0,8.885053634643555,0,1.1481538141767185,0.8591886758804321,1.2125934505768277,60,greedy,greedy,Greedy,
77501,soldier_caught,0,1,0,0,641,14,7.0,627,,,1.9409931898117065,0,1.138575082134669,0.42128777503967285,1.231786798119414,628,greedy,greedy,Greedy,
77502,intercepted,1,0,0,0,157,9,4.5,148,157.0,78.5,7.0927605628967285,0,1.1330470504776744,0.8578292727470398,1.2209162158701747,149,greedy,greedy,Greedy,
77503,intercepted,1,0,0,0,450,10,5.0,440,450.0,225.0,3.7849574089050293,0,1.1187057397465587,1.3102930784225464,1.2148045855293559,441,greedy,greedy,Greedy,
77504,soldier_caught,0,1,0,0,347,38,19.0,309,,,0.4390018880367279,0,1.1207950806665805,0.5551864504814148,1.2210125261508722,310,greedy,greedy,Greedy,
77505,intercepted,1,0,0,0,649,12,6.0,637,649.0,324.5,2.041001081466675,0,1.1202477784039084,0.8965656757354736,1.2222162302093955,638,greedy,greedy,Greedy,
77506,intercepted,1,0,0,0,11,9,4.5,2,11.0,5.5,3.6967766284942627,0,1.1583810647328694,1.4291527271270752,1.1741428291166418,3,greedy,greedy,Greedy,
77507,soldier_caught,0,1,0,0,337,9,4.5,328,,,1.9437731504440308,0,1.171312871131491,2.356710910797119,1.2699487812796375,329,greedy,greedy,Greedy,
77508,intercepted,1,0,0,0,434,9,4.5,425,434.0,217.0,3.181915521621704,0,1.0933133964667299,1.1786365509033203,1.1858653795380674,426,greedy,greedy,Greedy,
77509,soldier_caught,0,1,0,0,34,8,4.0,26,,,0.9284732937812805,0,1.3196698766615655,1.663298487663269,1.4240702349989347,27,greedy,greedy,Greedy,
77510,soldier_caught,0,1,0,0,1701,18,9.0,1683,,,0.6473826766014099,0,1.1356868204127581,1.5358097553253174,1.2301084564332418,1684,greedy,greedy,Greedy,
77511,intercepted,1,0,0,0,445,12,6.0,433,445.0,222.5,6.278420925140381,0,1.1547691438192595,0.8591398596763611,1.2403723895208052,434,greedy,greedy,Greedy,
77512,intercepted,1,0,0,0,679,11,5.5,668,679.0,339.5,2.0117135047912598,0,1.126374912057044,1.940908670425415,1.2276874550926158,669,greedy,greedy,Greedy,
77513,intercepted,1,0,0,0,133,17,8.5,116,133.0,66.5,10.097814559936523,0,1.0847633247956252,1.3911378383636475,1.1756097592898758,117,greedy,greedy,Greedy,
77514,soldier_caught,0,1,0,0,367,9,4.5,358,,,1.869577407836914,0,1.119720325870102,0.9885188937187195,1.2120880692840894,359,greedy,greedy,Greedy,
77515,intercepted,1,0,0,0,184,13,6.5,171,184.0,92.0,3.194521427154541,0,1.137301041116548,1.4634392261505127,1.2242929551067672,172,greedy,greedy,Greedy,
77516,intercepted,1,0,0,0,706,12,6.0,694,706.0,353.0,2.268641948699951,0,1.158237379607108,0.7798590064048767,1.2585656298555914,695,greedy,greedy,Greedy,
77517,intercepted,1,0,0,0,89,9,4.5,80,89.0,44.5,4.5387349128723145,0,1.1188300535266782,0.6699669361114502,1.2055245688307183,81,greedy,greedy,Greedy,
77518,intercepted,1,0,0,0,155,12,6.0,143,155.0,77.5,7.555281639099121,0,1.088967332823409,0.7566809058189392,1.1660732993992782,144,greedy,greedy,Greedy,
77519,soldier_caught,0,1,0,0,262,8,4.0,254,,,1.601284146308899,0,1.1304331726303287,1.628209114074707,1.2169616039804276,255,greedy,greedy,Greedy,
77520,soldier_caught,0,1,0,0,12,10,5.0,2,,,1.5828371047973633,0,1.2194030582904816,1.6791900396347046,1.3833593318846047,3,greedy,greedy,Greedy,
77521,intercepted,1,0,0,0,986,11,5.5,975,986.0,493.0,2.1853396892547607,0,1.1265375437825673,0.5149434208869934,1.2203250592253734,976,greedy,greedy,Greedy,
77522,soldier_caught,0,1,0,0,519,9,4.5,510,,,0.7378799915313721,0,1.124154390260548,1.9243301153182983,1.2210381031920416,511,greedy,greedy,Greedy,
77523,intercepted,1,0,0,0,105,7,3.5,98,105.0,52.5,4.024176120758057,0,1.045514768422252,1.1373651027679443,1.1376668088996083,99,greedy,greedy,Greedy,
77524,intercepted,1,0,0,0,1296,15,7.5,1281,1296.0,648.0,3.8060288429260254,0,1.1332258734846263,0.7397252917289734,1.2328763723890894,1282,greedy,greedy,Greedy,
77525,intercepted,1,0,0,0,705,12,6.0,693,705.0,352.5,5.904849052429199,0,1.1438883229961312,0.699464738368988,1.242954382347834,694,greedy,greedy,Greedy,
77526,soldier_caught,0,1,0,0,105,12,6.0,93,,,0.7387843132019043,0,1.042779806287999,0.5934869647026062,1.1379108992771505,94,greedy,greedy,Greedy,
77527,intercepted,1,0,0,0,571,9,4.5,562,571.0,285.5,2.570791721343994,0,1.1258497729923966,1.373917579650879,1.2210091105242036,563,greedy,greedy,Greedy,
77528,unsafe_intercept,0,0,1,0,11,9,4.5,2,,,2.10197377204895,0,1.3913512627283733,1.2971476316452026,1.3930499807106451,3,greedy,greedy,Greedy,
77529,soldier_caught,0,1,0,0,445,14,7.0,431,,,1.3572782278060913,0,1.1533903565809682,1.3131036758422852,1.2506021027068634,432,greedy,greedy,Greedy,
77530,intercepted,1,0,0,0,252,13,6.5,239,252.0,126.0,4.898200035095215,0,1.1527385532855987,1.4746267795562744,1.261171004808391,240,greedy,greedy,Greedy,
77531,intercepted,1,0,0,0,722,13,6.5,709,722.0,361.0,2.2968997955322266,0,1.1338486889928159,0.9594570398330688,1.220800980875957,710,greedy,greedy,Greedy,
77532,intercepted,1,0,0,0,396,14,7.0,382,396.0,198.0,3.83917236328125,0,1.1141867084773962,1.0326225757598877,1.2100073039424333,383,greedy,greedy,Greedy,
77533,soldier_caught,0,1,0,0,296,8,4.0,288,,,0.9290410280227661,0,1.161790648829772,0.8716471195220947,1.2611625656747638,289,greedy,greedy,Greedy,
77534,intercepted,1,0,0,0,484,8,4.0,476,484.0,242.0,3.0182464122772217,0,1.0722576500750314,1.7886511087417603,1.163869768027495,477,greedy,greedy,Greedy,
77535,intercepted,1,0,0,0,705,25,12.5,680,705.0,352.5,6.467191696166992,0,1.1126765606052376,1.4850727319717407,1.2131059805427926,681,greedy,greedy,Greedy,
77536,intercepted,1,0,0,0,391,9,4.5,382,391.0,195.5,2.7144923210144043,0,1.1189253832901738,0.8665439486503601,1.2157889102574375,383,greedy,greedy,Greedy,
77537,soldier_caught,0,1,0,0,42,15,7.5,27,,,1.8845559358596802,0,1.1157247126102448,1.0652190446853638,1.1740465987522153,28,greedy,greedy,Greedy,
77538,intercepted,1,0,0,0,142,9,4.5,133,142.0,71.0,7.471933841705322,0,1.1045988179854493,0.5320490598678589,1.1925483100626157,134,greedy,greedy,Greedy,
77539,intercepted,1,0,0,0,754,12,6.0,742,754.0,377.0,2.36637282371521,0,1.114346762404628,1.4556043148040771,1.2045122836313102,743,greedy,greedy,Greedy,
77540,intercepted,1,0,0,0,530,11,5.5,519,530.0,265.0,2.9046642780303955,0,1.1230744837425075,1.2917429208755493,1.202109959043667,520,greedy,greedy,Greedy,
77541,intercepted,1,0,0,0,460,15,7.5,445,460.0,230.0,2.12495756149292,0,1.145467286303038,0.5745638608932495,1.2473336178140342,446,greedy,greedy,Greedy,
77542,soldier_caught,0,1,0,0,588,11,5.5,577,,,1.0448004007339478,0,1.1648959864743027,1.993238091468811,1.2658025749784487,578,greedy,greedy,Greedy,
77543,intercepted,1,0,0,0,492,12,6.0,480,492.0,246.0,3.006532669067383,0,1.1638614375167478,1.079498052597046,1.263838993894065,481,greedy,greedy,Greedy,
77544,soldier_caught,0,1,0,0,190,67,33.5,123,,,1.6951454877853394,0,1.1413919569984559,0.4538763463497162,1.2487756847559153,124,greedy,greedy,Greedy,
77545,intercepted,1,0,0,0,565,31,15.5,534,565.0,282.5,2.285112142562866,0,1.172082872716623,1.5025733709335327,1.2712352729857228,535,greedy,greedy,Greedy,
77546,intercepted,1,0,0,0,170,10,5.0,160,170.0,85.0,5.265122413635254,0,1.1677958936609836,1.2393426895141602,1.2718763421635437,161,greedy,greedy,Greedy,
77547,intercepted,1,0,0,0,564,9,4.5,555,564.0,282.0,2.572460651397705,0,1.1401754836116333,1.977410912513733,1.2458344893488658,556,greedy,greedy,Greedy,
77548,soldier_caught,0,1,0,0,1003,28,14.0,975,,,1.4998703002929688,0,1.119962881387929,2.157543182373047,1.2167090087333936,976,greedy,greedy,Greedy,
77549,intercepted,1,0,0,0,1138,20,10.0,1118,1138.0,569.0,6.329226970672607,0,1.1354811478396203,0.19099335372447968,1.2299481394898495,1119,greedy,greedy,Greedy,
77550,unsafe_intercept,0,0,1,0,11,9,4.5,2,,,3.2184858322143555,0,0.715472936630249,0.866344690322876,0.7384686108625547,3,greedy,greedy,Greedy,
77551,intercepted,1,0,0,0,190,10,5.0,180,190.0,95.0,3.4097864627838135,0,1.1197858477494993,0.5504307746887207,1.2125315875472653,181,greedy,greedy,Greedy,
77552,intercepted,1,0,0,0,170,9,4.5,161,170.0,85.0,2.940624713897705,0,1.1183724003257576,1.2803419828414917,1.203731727172256,162,greedy,greedy,Greedy,
77553,intercepted,1,0,0,0,74,7,3.5,67,74.0,37.0,3.645338773727417,0,1.1060824398608768,1.2897238731384277,1.2068815228206469,68,greedy,greedy,Greedy,
77554,intercepted,1,0,0,0,452,14,7.0,438,452.0,226.0,2.0430872440338135,0,1.152359154966399,0.44060638546943665,1.248274703555204,439,greedy,greedy,Greedy,
77555,intercepted,1,0,0,0,556,11,5.5,545,556.0,278.0,2.8968968391418457,0,1.1751846956027734,1.2643709182739258,1.2713885892760453,546,greedy,greedy,Greedy,
77556,soldier_caught,0,1,0,0,108,19,9.5,89,,,1.380744457244873,0,1.0891103368666437,0.9801182746887207,1.1965952969092544,90,greedy,greedy,Greedy,
77557,soldier_caught,0,1,0,0,560,8,4.0,552,,,1.9504207372665405,0,1.1111194118857384,1.0608264207839966,1.2048349551939779,553,greedy,greedy,Greedy,
77558,soldier_caught,0,1,0,0,502,13,6.5,489,,,1.2805063724517822,0,1.130199988551286,1.7523784637451172,1.225629620623278,490,greedy,greedy,Greedy,
77559,soldier_caught,0,1,0,0,447,10,5.0,437,,,0.753013014793396,0,1.1658213278066079,0.4851425886154175,1.267661399401184,438,greedy,greedy,Greedy,
77560,intercepted,1,0,0,0,95,34,17.0,61,95.0,47.5,12.73482608795166,0,1.105586739076722,0.6018155217170715,1.2208877247944163,62,greedy,greedy,Greedy,
77561,intercepted,1,0,0,0,710,9,4.5,701,710.0,355.0,6.591334819793701,0,1.1167892555247174,0.5877285003662109,1.2120544961252706,702,greedy,greedy,Greedy,
77562,intercepted,1,0,0,0,421,20,10.0,401,421.0,210.5,2.392993450164795,0,1.1472714807541662,2.782066822052002,1.2450727335778202,402,greedy,greedy,Greedy,
77563,soldier_caught,0,1,0,0,635,12,6.0,623,,,0.5519229769706726,0,1.1442933729969156,0.8718481063842773,1.24302321203417,624,greedy,greedy,Greedy,
77564,intercepted,1,0,0,0,405,32,16.0,373,405.0,202.5,4.521744251251221,0,1.1377345013985023,1.8709691762924194,1.2334781165716706,374,greedy,greedy,Greedy,
77565,soldier_caught,0,1,0,0,585,10,5.0,575,,,1.4738104343414307,0,1.1352880912212033,0.7561930418014526,1.2222373598163614,576,greedy,greedy,Greedy,
77566,soldier_caught,0,1,0,0,17,15,7.5,2,,,1.3594356775283813,0,1.0996433595816295,0.4959947168827057,1.1955814544647223,3,greedy,greedy,Greedy,
77567,intercepted,1,0,0,0,51,13,6.5,38,51.0,25.5,5.741209983825684,0,1.1080178320407867,1.8124263286590576,1.1657887828764422,39,greedy,greedy,Greedy,
77568,intercepted,1,0,0,0,237,11,5.5,226,237.0,118.5,8.13818645477295,0,1.1477232264264565,1.000807285308838,1.2427711128034344,227,greedy,greedy,Greedy,
77569,soldier_caught,0,1,0,0,1329,10,5.0,1319,,,1.2849785089492798,0,1.1349972956870316,0.4745490849018097,1.2355633130306565,1320,greedy,greedy,Greedy,
77570,intercepted,1,0,0,0,637,11,5.5,626,637.0,318.5,3.6591603755950928,0,1.0863788050660297,1.5265531539916992,1.1810992263466262,627,greedy,greedy,Greedy,
77571,soldier_caught,0,1,0,0,334,13,6.5,321,,,0.7973002195358276,0,1.117793580528742,1.3967797756195068,1.2057987473482277,322,greedy,greedy,Greedy,
77572,soldier_caught,0,1,0,0,832,58,29.0,774,,,1.5041258335113525,0,1.1165985160585372,1.177152395248413,1.2055429315075996,775,greedy,greedy,Greedy,
77573,soldier_caught,0,1,0,0,711,10,5.0,701,,,1.4511220455169678,0,1.1267472093664852,0.5964176654815674,1.225783113316042,702,greedy,greedy,Greedy,
77574,intercepted,1,0,0,0,554,12,6.0,542,554.0,277.0,4.0881853103637695,0,1.1327650967923646,1.4448164701461792,1.2260781088007875,543,greedy,greedy,Greedy,
77575,intercepted,1,0,0,0,326,40,20.0,286,326.0,163.0,2.3915657997131348,0,1.1012230700576346,1.2793372869491577,1.1829640131221941,287,greedy,greedy,Greedy,
77576,intercepted,1,0,0,0,151,8,4.0,143,151.0,75.5,3.2471487522125244,0,1.1615344119361706,1.0129632949829102,1.261641285569943,144,greedy,greedy,Greedy,
77577,soldier_caught,0,1,0,0,339,9,4.5,330,,,1.3236092329025269,0,1.1694163146606025,0.7137888073921204,1.269037576384277,331,greedy,greedy,Greedy,
77578,soldier_caught,0,1,0,0,714,9,4.5,705,,,1.9405919313430786,0,1.1113805190024226,0.7645894885063171,1.2116250746126058,706,greedy,greedy,Greedy,
77579,soldier_caught,0,1,0,0,165,16,8.0,149,,,1.3319156169891357,0,1.1642959641416868,0.8207671046257019,1.259953860843912,150,greedy,greedy,Greedy,
77580,intercepted,1,0,0,0,10,8,4.0,2,10.0,5.0,4.1943206787109375,0,1.6125587026278179,1.8225672245025635,1.7042696024078607,3,greedy,greedy,Greedy,
77581,intercepted,1,0,0,0,34,9,4.5,25,34.0,17.0,5.678679466247559,0,1.1900050387932704,1.587799072265625,1.2476982777487589,26,greedy,greedy,Greedy,
77582,intercepted,1,0,0,0,283,30,15.0,253,283.0,141.5,2.2470808029174805,0,1.1281760093264692,1.6083425283432007,1.236139939744602,254,greedy,greedy,Greedy,
77583,soldier_caught,0,1,0,0,103,22,11.0,81,,,1.3625661134719849,0,1.1849295496940613,1.087193489074707,1.2761891261280636,82,greedy,greedy,Greedy,
77584,intercepted,1,0,0,0,894,10,5.0,884,894.0,447.0,2.7241666316986084,0,1.1315636694683866,1.117008924484253,1.2239871749515374,885,greedy,greedy,Greedy,
77585,intercepted,1,0,0,0,16,14,7.0,2,16.0,8.0,4.425551414489746,0,0.8107632398605347,0.6258440613746643,0.8235198707889819,3,greedy,greedy,Greedy,
77586,intercepted,1,0,0,0,302,9,4.5,293,302.0,151.0,2.16644549369812,0,1.1705785360263319,1.4536325931549072,1.2823763641580939,294,greedy,greedy,Greedy,
77587,intercepted,1,0,0,0,822,9,4.5,813,822.0,411.0,3.662869930267334,0,1.1402108682369865,1.58511221408844,1.2399281862319074,814,greedy,greedy,Greedy,
77588,intercepted,1,0,0,0,267,11,5.5,256,267.0,133.5,3.7942721843719482,0,1.1379584454956686,1.0283434391021729,1.233986237739073,257,greedy,greedy,Greedy,
77589,soldier_caught,0,1,0,0,611,18,9.0,593,,,1.0679056644439697,0,1.114965476572313,1.6023452281951904,1.2090934726878844,594,greedy,greedy,Greedy,
77590,intercepted,1,0,0,0,716,11,5.5,705,716.0,358.0,2.4011168479919434,0,1.155631264687513,0.4574868083000183,1.2512403381632748,706,greedy,greedy,Greedy,
77591,soldier_caught,0,1,0,0,265,8,4.0,257,,,1.9244145154953003,0,1.152258582081097,0.8749181628227234,1.2476984097806743,258,greedy,greedy,Greedy,
77592,soldier_caught,0,1,0,0,1328,51,25.5,1277,,,1.7854729890823364,0,1.11618891010332,2.051159143447876,1.214485740023573,1278,greedy,greedy,Greedy,
77593,intercepted,1,0,0,0,49,11,5.5,38,49.0,24.5,2.017115592956543,0,1.012115941597865,0.5415529012680054,1.0830343276858831,39,greedy,greedy,Greedy,
77594,intercepted,1,0,0,0,11,9,4.5,2,11.0,5.5,4.514651775360107,0,1.5245852867762248,2.1609833240509033,1.6387938482128417,3,greedy,greedy,Greedy,
77595,soldier_caught,0,1,0,0,441,10,5.0,431,,,1.6789358854293823,0,1.1388693062105664,0.793243408203125,1.2488492293447808,432,greedy,greedy,Greedy,
77596,intercepted,1,0,0,0,369,38,19.0,331,369.0,184.5,2.02660870552063,0,1.0993679606591362,1.1381641626358032,1.1956640379299754,332,greedy,greedy,Greedy,
77597,soldier_caught,0,1,0,0,988,10,5.0,978,,,1.4652377367019653,0,1.1451064038211223,1.6183035373687744,1.2399106152720354,979,greedy,greedy,Greedy,
77598,intercepted,1,0,0,0,1474,72,36.0,1402,1474.0,737.0,2.2282848358154297,0,1.1322910615687105,1.8766586780548096,1.228018592808246,1403,greedy,greedy,Greedy,
77599,soldier_caught,0,1,0,0,500,14,7.0,486,,,1.2907918691635132,0,1.1252853456479202,1.6797302961349487,1.2214202682027577,487,greedy,greedy,Greedy,
77600,intercepted,1,0,0,0,385,40,20.0,345,385.0,192.5,3.510106086730957,0,1.1417204249068835,0.28206002712249756,1.241131124043509,346,greedy,greedy,Greedy,
77601,soldier_caught,0,1,0,0,503,16,8.0,487,,,1.177509069442749,0,1.1324552332402253,0.5090622901916504,1.2371865471572299,488,greedy,greedy,Greedy,
77602,intercepted,1,0,0,0,530,27,13.5,503,530.0,265.0,4.603818893432617,0,1.1474297348823812,0.9057957530021667,1.248713580541209,504,greedy,greedy,Greedy,
77603,intercepted,1,0,0,0,742,9,4.5,733,742.0,371.0,2.730818271636963,0,1.131851459130117,0.6547573208808899,1.2215248965348184,734,greedy,greedy,Greedy,
77604,intercepted,1,0,0,0,646,31,15.5,615,646.0,323.0,4.2243146896362305,0,1.1418257383024926,0.4723864793777466,1.2487572420159319,616,greedy,greedy,Greedy,
77605,intercepted,1,0,0,0,97,45,22.5,52,97.0,48.5,11.119057655334473,0,1.186562199075267,1.2956287860870361,1.298346739935953,53,greedy,greedy,Greedy,
77606,soldier_caught,0,1,0,0,66,11,5.5,55,,,1.4397019147872925,0,1.107209584276591,2.013244390487671,1.214825353705316,56,greedy,greedy,Greedy,
77607,intercepted,1,0,0,0,11,9,4.5,2,11.0,5.5,3.6943366527557373,0,1.0438742240269978,1.6760023832321167,1.149308667507341,3,greedy,greedy,Greedy,
77608,intercepted,1,0,0,0,580,10,5.0,570,580.0,290.0,4.099385738372803,0,1.1487851295417955,1.3245271444320679,1.2432255129333298,571,greedy,greedy,Greedy,
77609,intercepted,1,0,0,0,92,10,5.0,82,92.0,46.0,4.544988632202148,0,1.1833943189626717,1.1410576105117798,1.2551480037223806,83,greedy,greedy,Greedy,
77610,intercepted,1,0,0,0,91,9,4.5,82,91.0,45.5,8.839184761047363,0,1.1640187972281353,0.9267338514328003,1.2566653234572582,83,greedy,greedy,Greedy,
77611,intercepted,1,0,0,0,138,8,4.0,130,138.0,69.0,10.03490924835205,0,1.09109402937061,1.106804370880127,1.1847843411115464,131,greedy,greedy,Greedy,
77612,intercepted,1,0,0,0,354,8,4.0,346,354.0,177.0,2.7089784145355225,0,1.1508316456498604,1.9113000631332397,1.251048379688619,347,greedy,greedy,Greedy,
77613,soldier_caught,0,1,0,0,276,8,4.0,268,,,1.853257656097412,0,1.1973442079630927,0.9990684390068054,1.2876678210221817,269,greedy,greedy,Greedy,
77614,intercepted,1,0,0,0,226,21,10.5,205,226.0,113.0,4.139920234680176,0,1.078334111901163,1.428802251815796,1.1813740485746556,206,greedy,greedy,Greedy,
77615,intercepted,1,0,0,0,417,64,32.0,353,417.0,208.5,3.9968442916870117,0,1.1318720231032642,0.9566735625267029,1.230942646135776,354,greedy,greedy,Greedy,
77616,intercepted,1,0,0,0,877,16,8.0,861,877.0,438.5,2.9739394187927246,0,1.0970048219129753,0.9058516025543213,1.193262534441709,862,greedy,greedy,Greedy,
77617,intercepted,1,0,0,0,520,101,50.5,419,520.0,260.0,5.329864501953125,0,1.110226914570445,1.3794623613357544,1.202659282837323,420,greedy,greedy,Greedy,
77618,intercepted,1,0,0,0,1343,35,17.5,1308,1343.0,671.5,3.2984611988067627,0,1.1299691521103734,0.6209604740142822,1.2319023598036205,1309,greedy,greedy,Greedy,
77619,soldier_caught,0,1,0,0,82,12,6.0,70,,,1.615612506866455,0,1.2059747900446536,1.3349418640136719,1.3573819586965707,71,greedy,greedy,Greedy,
77620,intercepted,1,0,0,0,834,8,4.0,826,834.0,417.0,2.044809103012085,0,1.1155621215989397,1.855242133140564,1.2073014861733748,827,greedy,greedy,Greedy,
77621,soldier_caught,0,1,0,0,12,10,5.0,2,,,1.825639247894287,0,1.2685536940892537,1.1046723127365112,1.2739102937180904,3,greedy,greedy,Greedy,
77622,soldier_caught,0,1,0,0,563,9,4.5,554,,,1.0899361371994019,0,1.1136896952315494,1.3277124166488647,1.2075740160858646,555,greedy,greedy,Greedy,
77623,soldier_caught,0,1,0,0,32,7,3.5,25,,,1.4933686256408691,0,1.0404510085399334,1.148349642753601,1.1510058178633216,26,greedy,greedy,Greedy,
77624,intercepted,1,0,0,0,641,15,7.5,626,641.0,320.5,7.70452356338501,0,1.1322238062890142,1.5534287691116333,1.2384678643153937,627,greedy,greedy,Greedy,
77625,soldier_caught,0,1,0,0,654,14,7.0,640,,,1.4219876527786255,0,1.1063401621305813,1.3612651824951172,1.2057126795211577,641,greedy,greedy,Greedy,
77626,intercepted,1,0,0,0,1543,19,9.5,1524,1543.0,771.5,2.0646445751190186,0,1.1481376728562058,1.2669124603271484,1.2482628542427008,1525,greedy,greedy,Greedy,
77627,soldier_caught,0,1,0,0,527,11,5.5,516,,,1.8212529420852661,0,1.1362727082386699,1.9815951585769653,1.2446380926087321,517,greedy,greedy,Greedy,
77628,soldier_caught,0,1,0,0,1166,11,5.5,1155,,,1.6500357389450073,0,1.1216799791412473,1.7111084461212158,1.2179660256541036,1156,greedy,greedy,Greedy,
77629,intercepted,1,0,0,0,114,24,12.0,90,114.0,57.0,9.639342308044434,0,1.1506857986633594,1.1275628805160522,1.2469656022281623,91,greedy,greedy,Greedy,
77630,intercepted,1,0,0,0,306,49,24.5,257,306.0,153.0,10.016876220703125,0,1.101281393406003,0.9440429210662842,1.2090778755910114,258,greedy,greedy,Greedy,
77631,soldier_caught,0,1,0,0,410,12,6.0,398,,,1.8987616300582886,0,1.1172783182826556,0.8744688630104065,1.2223397612317517,399,greedy,greedy,Greedy,
77632,intercepted,1,0,0,0,425,59,29.5,366,425.0,212.5,2.9627525806427,0,1.1356202415736234,0.7855542898178101,1.2355075972304754,367,greedy,greedy,Greedy,
77633,intercepted,1,0,0,0,47,9,4.5,38,47.0,23.5,4.157407760620117,0,1.2843108941347172,1.2220375537872314,1.409763376810272,39,greedy,greedy,Greedy,
77634,intercepted,1,0,0,0,590,7,3.5,583,590.0,295.0,3.802051067352295,0,1.1422064534503302,0.9268837571144104,1.2383927935778003,584,greedy,greedy,Greedy,
77635,intercepted,1,0,0,0,209,9,4.5,200,209.0,104.5,3.171051263809204,0,1.1019139292080011,0.503443717956543,1.2079119227319504,201,greedy,greedy,Greedy,
77636,intercepted,1,0,0,0,633,14,7.0,619,633.0,316.5,3.003732204437256,0,1.1268608216737066,1.0734277963638306,1.2258103903953783,620,greedy,greedy,Greedy,
77637,intercepted,1,0,0,0,48,11,5.5,37,48.0,24.0,5.546042442321777,0,1.1197684093525535,1.3763054609298706,1.180650622892266,38,greedy,greedy,Greedy,
77638,soldier_caught,0,1,0,0,64,11,5.5,53,,,1.8898650407791138,0,1.1795572900661715,1.1817901134490967,1.2584298037922281,54,greedy,greedy,Greedy,
77639,soldier_caught,0,1,0,0,698,11,5.5,687,,,1.4148701429367065,0,1.135336068783735,0.9030250906944275,1.2336900265876127,688,greedy,greedy,Greedy,
77640,intercepted,1,0,0,0,522,14,7.0,508,522.0,261.0,3.746324300765991,0,1.1512967506771237,0.35181641578674316,1.2452808572118923,509,greedy,greedy,Greedy,
77641,intercepted,1,0,0,0,326,10,5.0,316,326.0,163.0,6.598719596862793,0,1.1465065102283887,1.2900508642196655,1.2345843331573665,317,greedy,greedy,Greedy,
77642,intercepted,1,0,0,0,399,11,5.5,388,399.0,199.5,4.677087306976318,0,1.125702767951323,0.7682870626449585,1.214149931082501,389,greedy,greedy,Greedy,
77643,intercepted,1,0,0,0,69,9,4.5,60,69.0,34.5,6.079046249389648,0,1.1323950405492158,0.6493636965751648,1.2282202415270986,61,greedy,greedy,Greedy,
77644,intercepted,1,0,0,0,439,26,13.0,413,439.0,219.5,2.9977002143859863,0,1.1502735921618155,2.0245864391326904,1.2480549370140064,414,greedy,greedy,Greedy,
77645,intercepted,1,0,0,0,132,9,4.5,123,132.0,66.0,3.76921010017395,0,1.1508603007082017,1.6356021165847778,1.244717818203194,124,greedy,greedy,Greedy,
77646,timeout,0,0,0,1,2000,10,5.0,1990,,,2.017254590988159,0,1.1427094955642818,0.9969537258148193,1.2382344262088647,1991,greedy,greedy,Greedy,
77647,intercepted,1,0,0,0,468,13,6.5,455,468.0,234.0,4.633828639984131,0,1.153076149964411,1.2701750993728638,1.241612754445112,456,greedy,greedy,Greedy,
77648,unsafe_intercept,0,0,1,0,11,9,4.5,2,,,3.0765573978424072,0,1.0462012887001038,1.358761191368103,1.0698774315413757,3,greedy,greedy,Greedy,
77649,unsafe_intercept,0,0,1,0,14,12,6.0,2,,,3.1852807998657227,0,1.4397008220354717,1.6231567859649658,1.589625363533629,3,greedy,greedy,Greedy,
77650,intercepted,1,0,0,0,67,11,5.5,56,67.0,33.5,12.607783317565918,0,1.0686132829440267,1.7765696048736572,1.1908795776239416,57,greedy,greedy,Greedy,
77651,intercepted,1,0,0,0,293,15,7.5,278,293.0,146.5,9.722356796264648,0,1.1453832246389868,0.8317566514015198,1.2338124088773863,279,greedy,greedy,Greedy,
77652,soldier_caught,0,1,0,0,12,10,5.0,2,,,1.853027582168579,0,1.0267323851585388,0.8837725520133972,1.0651569059397907,3,greedy,greedy,Greedy,
77653,soldier_caught,0,1,0,0,864,16,8.0,848,,,1.5378090143203735,0,1.117007967984157,0.9198775291442871,1.2174930847503609,849,greedy,greedy,Greedy,
77654,intercepted,1,0,0,0,861,13,6.5,848,861.0,430.5,3.437807321548462,0,1.1683499794453382,0.7916574478149414,1.2642280713700353,849,greedy,greedy,Greedy,
77655,soldier_caught,0,1,0,0,295,8,4.0,287,,,0.8198142051696777,0,1.1427128969484732,1.5742324590682983,1.2291939910545888,288,greedy,greedy,Greedy,
77656,intercepted,1,0,0,0,288,12,6.0,276,288.0,144.0,4.528995513916016,0,1.1462329578205996,1.9521520137786865,1.2333566667043394,277,greedy,greedy,Greedy,
77657,intercepted,1,0,0,0,90,12,6.0,78,90.0,45.0,2.4871985912323,0,1.0890300009824052,0.3180684745311737,1.1664712600176035,79,greedy,greedy,Greedy,
77658,intercepted,1,0,0,0,339,8,4.0,331,339.0,169.5,4.662886619567871,0,1.1126039819455291,1.6025739908218384,1.2094264853106957,332,greedy,greedy,Greedy,
77659,intercepted,1,0,0,0,173,7,3.5,166,173.0,86.5,6.171639442443848,0,1.1113413223427926,1.5186518430709839,1.2082577365903604,167,greedy,greedy,Greedy,
77660,intercepted,1,0,0,0,893,11,5.5,882,893.0,446.5,2.1443710327148438,0,1.1403078280667756,1.1934945583343506,1.2392903778255981,883,greedy,greedy,Greedy,
77661,intercepted,1,0,0,0,413,11,5.5,402,413.0,206.5,2.7474889755249023,0,1.1502616894396747,1.2366540431976318,1.249491753680595,403,greedy,greedy,Greedy,
77662,soldier_caught,0,1,0,0,719,10,5.0,709,,,0.8756865859031677,0,1.1295825191576716,1.2305375337600708,1.2242360443377829,710,greedy,greedy,Greedy,
77663,intercepted,1,0,0,0,741,8,4.0,733,741.0,370.5,2.569204807281494,0,1.1217255324774933,1.4027304649353027,1.2197177686671976,734,greedy,greedy,Greedy,
77664,intercepted,1,0,0,0,169,9,4.5,160,169.0,84.5,5.993014812469482,0,1.1378087071898562,0.723158061504364,1.2196283254407103,161,greedy,greedy,Greedy,
77665,intercepted,1,0,0,0,131,20,10.0,111,131.0,65.5,13.987789154052734,0,1.085946691355535,1.0008763074874878,1.168027062335354,112,greedy,greedy,Greedy,
77666,intercepted,1,0,0,0,737,16,8.0,721,737.0,368.5,6.326979160308838,0,1.1062615147464163,1.190550446510315,1.1982922899409902,722,greedy,greedy,Greedy,
77667,soldier_caught,0,1,0,0,366,12,6.0,354,,,1.6651873588562012,0,1.110259603824414,1.8107143640518188,1.1890694139896947,355,greedy,greedy,Greedy,
77668,soldier_caught,0,1,0,0,466,13,6.5,453,,,0.7722733616828918,0,1.1149767682875305,1.1926944255828857,1.2055898798042952,454,greedy,greedy,Greedy,
77669,intercepted,1,0,0,0,1489,10,5.0,1479,1489.0,744.5,2.211397409439087,0,1.1250538350158445,1.055233359336853,1.22046571960689,1480,greedy,greedy,Greedy,
77670,soldier_caught,0,1,0,0,545,9,4.5,536,,,1.5617115497589111,0,1.1168175764534505,0.5969316959381104,1.2168042657492621,537,greedy,greedy,Greedy,
77671,intercepted,1,0,0,0,533,12,6.0,521,533.0,266.5,3.2975964546203613,0,1.1289685157723581,1.8506828546524048,1.220335147401488,522,greedy,greedy,Greedy,
77672,intercepted,1,0,0,0,1336,12,6.0,1324,1336.0,668.0,2.169832944869995,0,1.1161749500598548,1.1476376056671143,1.2078114693603013,1325,greedy,greedy,Greedy,
77673,intercepted,1,0,0,0,753,11,5.5,742,753.0,376.5,2.608161449432373,0,1.1527080587130216,0.6334599852561951,1.2462640057237044,743,greedy,greedy,Greedy,
77674,intercepted,1,0,0,0,376,8,4.0,368,376.0,188.0,6.05836820602417,0,1.1228521207604951,1.3086037635803223,1.2056814064379586,369,greedy,greedy,Greedy,
77675,intercepted,1,0,0,0,277,13,6.5,264,277.0,138.5,8.245497703552246,0,1.211198051077015,0.49058184027671814,1.325541623997881,265,greedy,greedy,Greedy,
77676,soldier_caught,0,1,0,0,10,8,4.0,2,,,1.95808744430542,0,1.2782411575317383,1.6496278047561646,1.3218373717790333,3,greedy,greedy,Greedy,
77677,soldier_caught,0,1,0,0,236,11,5.5,225,,,1.2997074127197266,0,1.0816993226124123,1.1708621978759766,1.170611604105405,226,greedy,greedy,Greedy,
77678,intercepted,1,0,0,0,199,11,5.5,188,199.0,99.5,8.432074546813965,0,1.1474021931804677,1.3342822790145874,1.2549586891873803,189,greedy,greedy,Greedy,
77679,soldier_caught,0,1,0,0,376,11,5.5,365,,,1.6933131217956543,0,1.1195121328320985,1.5732392072677612,1.220539901418155,366,greedy,greedy,Greedy,
77680,intercepted,1,0,0,0,283,9,4.5,274,283.0,141.5,3.2507705688476562,0,1.1344769845767455,1.2578821182250977,1.2297257677898437,275,greedy,greedy,Greedy,
77681,soldier_caught,0,1,0,0,118,33,16.5,85,,,1.5763227939605713,0,1.1761016693226127,0.874369204044342,1.2704307818015153,86,greedy,greedy,Greedy,
77682,intercepted,1,0,0,0,122,11,5.5,111,122.0,61.0,11.83564567565918,0,1.208259831448751,1.6151494979858398,1.3145033045353125,112,greedy,greedy,Greedy,
77683,intercepted,1,0,0,0,657,9,4.5,648,657.0,328.5,3.2444043159484863,0,1.1030971661829985,1.5039236545562744,1.2044523472404998,649,greedy,greedy,Greedy,
77684,intercepted,1,0,0,0,101,9,4.5,92,101.0,50.5,2.7587692737579346,0,1.1279604758626671,1.548328161239624,1.2291769466843634,93,greedy,greedy,Greedy,
77685,soldier_caught,0,1,0,0,1630,11,5.5,1619,,,1.3816977739334106,0,1.12503010660042,1.2636585235595703,1.2239385732830899,1620,greedy,greedy,Greedy,
77686,intercepted,1,0,0,0,875,11,5.5,864,875.0,437.5,3.183262348175049,0,1.1329815255338056,1.032124400138855,1.225591418578672,865,greedy,greedy,Greedy,
77687,intercepted,1,0,0,0,217,12,6.0,205,217.0,108.5,4.322342395782471,0,1.1454235650237323,0.9826698899269104,1.2403958352645332,206,greedy,greedy,Greedy,
77688,unsafe_intercept,0,0,1,0,10,8,4.0,2,,,3.407675266265869,0,0.959773600101471,1.865297555923462,1.1546772267261571,3,greedy,greedy,Greedy,
77689,intercepted,1,0,0,0,38,13,6.5,25,38.0,19.0,10.17526626586914,0,1.0747258038474963,0.26615068316459656,1.17664671731664,26,greedy,greedy,Greedy,
77690,intercepted,1,0,0,0,29,12,6.0,17,29.0,14.5,14.653106689453125,0,1.1201161212391324,1.4418946504592896,1.221405609433586,18,greedy,greedy,Greedy,
77691,intercepted,1,0,0,0,461,11,5.5,450,461.0,230.5,4.5698418617248535,0,1.140689853223623,1.2612518072128296,1.231243223606553,451,greedy,greedy,Greedy,
77692,intercepted,1,0,0,0,559,12,6.0,547,559.0,279.5,6.667087554931641,0,1.0910902432893423,0.61939537525177,1.1863059012803434,548,greedy,greedy,Greedy,
77693,soldier_caught,0,1,0,0,58,11,5.5,47,,,1.6095744371414185,0,0.9998813777541121,1.7263915538787842,1.111142045347124,48,greedy,greedy,Greedy,
77694,intercepted,1,0,0,0,257,10,5.0,247,257.0,128.5,4.751476764678955,0,1.1160550410408647,1.2050007581710815,1.2164133752193442,248,greedy,greedy,Greedy,
77695,intercepted,1,0,0,0,116,9,4.5,107,116.0,58.0,9.474095344543457,0,1.1271349682852074,1.6798863410949707,1.24301322006373,108,greedy,greedy,Greedy,
77696,intercepted,1,0,0,0,159,7,3.5,152,159.0,79.5,9.174036026000977,0,1.0926272360717548,1.3697783946990967,1.1996108725880978,153,greedy,greedy,Greedy,
77697,intercepted,1,0,0,0,1461,9,4.5,1452,1461.0,730.5,2.286895990371704,0,1.1248642158042703,0.7540243864059448,1.225442554876057,1453,greedy,greedy,Greedy,
77698,intercepted,1,0,0,0,188,8,4.0,180,188.0,94.0,2.5749263763427734,0,1.1042309413298717,0.6532169580459595,1.210245425977626,181,greedy,greedy,Greedy,
77699,intercepted,1,0,0,0,256,39,19.5,217,256.0,128.0,3.3734703063964844,0,1.1146841257673885,1.7346882820129395,1.2159151340076664,218,greedy,greedy,Greedy,
77700,soldier_caught,0,1,0,0,295,65,32.5,230,,,1.2352644205093384,0,1.1418731359047292,0.8237159252166748,1.2335063140604519,231,greedy,greedy,Greedy,
77701,soldier_caught,0,1,0,0,142,16,8.0,126,,,1.8066211938858032,0,1.1666623224892954,1.1305809020996094,1.2623080515097642,127,greedy,greedy,Greedy,
77702,soldier_caught,0,1,0,0,241,12,6.0,229,,,1.8317787647247314,0,1.1699290391543637,0.942674994468689,1.264702239209622,230,greedy,greedy,Greedy,
77703,intercepted,1,0,0,0,509,14,7.0,495,509.0,254.5,4.795274257659912,0,1.1095700447387513,1.6394429206848145,1.2030259152391738,496,greedy,greedy,Greedy,
77704,intercepted,1,0,0,0,595,21,10.5,574,595.0,297.5,5.387322425842285,0,1.1053332491542982,2.076042890548706,1.2136339732933348,575,greedy,greedy,Greedy,
77705,intercepted,1,0,0,0,1602,11,5.5,1591,1602.0,801.0,2.1383395195007324,0,1.1177703125739293,0.6311594247817993,1.2202202179876194,1592,greedy,greedy,Greedy,
77706,intercepted,1,0,0,0,51,36,18.0,15,51.0,25.5,9.404622077941895,0,1.1535484492778778,1.260363221168518,1.2503039789771864,16,greedy,greedy,Greedy,
77707,intercepted,1,0,0,0,227,41,20.5,186,227.0,113.5,5.027560234069824,0,1.1832111458727383,0.790869414806366,1.2682173388350773,187,greedy,greedy,Greedy,
77708,intercepted,1,0,0,0,719,22,11.0,697,719.0,359.5,2.7028212547302246,0,1.1379679797115845,1.730600357055664,1.2339271194770114,698,greedy,greedy,Greedy,
77709,soldier_caught,0,1,0,0,148,8,4.0,140,,,1.4389625787734985,0,1.1718099315961201,1.3172475099563599,1.2569501479844984,141,greedy,greedy,Greedy,
77710,intercepted,1,0,0,0,330,8,4.0,322,330.0,165.0,6.030790328979492,0,1.1124479663630389,0.7950489521026611,1.2175421138503244,323,greedy,greedy,Greedy,
77711,soldier_caught,0,1,0,0,198,14,7.0,184,,,1.3530912399291992,0,1.113270468486322,0.9352567791938782,1.2123345852924792,185,greedy,greedy,Greedy,
77712,intercepted,1,0,0,0,553,52,26.0,501,553.0,276.5,4.127893447875977,0,1.1208885372486486,1.2756751775741577,1.2218551647508884,502,greedy,greedy,Greedy,
77713,intercepted,1,0,0,0,119,9,4.5,110,119.0,59.5,5.105265140533447,0,1.196176295344894,2.0909512042999268,1.2832106392181117,111,greedy,greedy,Greedy,
77714,intercepted,1,0,0,0,242,9,4.5,233,242.0,121.0,2.3198118209838867,0,1.102517124488313,1.199521780014038,1.1901086524349245,234,greedy,greedy,Greedy,
77715,intercepted,1,0,0,0,815,9,4.5,806,815.0,407.5,2.5136780738830566,0,1.128662488422134,0.8070642352104187,1.2262120572170965,807,greedy,greedy,Greedy,
77716,soldier_caught,0,1,0,0,428,18,9.0,410,,,0.42946603894233704,0,1.0941952959681949,1.474395513534546,1.2053489191649025,411,greedy,greedy,Greedy,
77717,intercepted,1,0,0,0,37,12,6.0,25,37.0,18.5,3.5183122158050537,0,1.1883467481686518,0.5635280013084412,1.2626436025841397,26,greedy,greedy,Greedy,
77718,intercepted,1,0,0,0,310,24,12.0,286,310.0,155.0,3.054965019226074,0,1.1190223187623538,1.4295258522033691,1.207403109963009,287,greedy,greedy,Greedy,
77719,soldier_caught,0,1,0,0,915,13,6.5,902,,,1.318725824356079,0,1.150885991314849,0.566166877746582,1.2455491384872297,903,greedy,greedy,Greedy,
77720,intercepted,1,0,0,0,1152,16,8.0,1136,1152.0,576.0,4.571794033050537,0,1.1190072022502948,0.4334857165813446,1.2151583610665342,1137,greedy,greedy,Greedy,
77721,intercepted,1,0,0,0,818,87,43.5,731,818.0,409.0,2.4035353660583496,0,1.131851565459224,1.9159327745437622,1.228285105391894,732,greedy,greedy,Greedy,
77722,soldier_caught,0,1,0,0,58,11,5.5,47,,,1.9589591026306152,0,1.0914532678822677,1.7914667129516602,1.180537318184855,48,greedy,greedy,Greedy,
77723,soldier_caught,0,1,0,0,163,11,5.5,152,,,1.1840485334396362,0,1.199322160162957,0.8161962628364563,1.2912380708185203,153,greedy,greedy,Greedy,
77724,soldier_caught,0,1,0,0,14,12,6.0,2,,,1.7604094743728638,0,0.8705174922943115,1.4306069612503052,0.9567197791895055,3,greedy,greedy,Greedy,
77725,soldier_caught,0,1,0,0,45,15,7.5,30,,,0.6835561990737915,0,1.0717171666122252,0.9712786674499512,1.1419131945836247,31,greedy,greedy,Greedy,
77726,soldier_caught,0,1,0,0,291,10,5.0,281,,,1.2342168092727661,0,1.1473620967767764,1.1765698194503784,1.244229197778261,282,greedy,greedy,Greedy,
77727,soldier_caught,0,1,0,0,271,9,4.5,262,,,0.8692681789398193,0,1.1417447701379826,1.8918774127960205,1.2268236415077622,263,greedy,greedy,Greedy,
77728,intercepted,1,0,0,0,135,11,5.5,124,135.0,67.5,5.950860500335693,0,1.076064204096794,0.9678394198417664,1.16591145122285,125,greedy,greedy,Greedy,
77729,soldier_caught,0,1,0,0,304,83,41.5,221,,,1.3490058183670044,0,1.1539385475990203,1.444758653640747,1.2706321311690476,222,greedy,greedy,Greedy,
77730,intercepted,1,0,0,0,425,10,5.0,415,425.0,212.5,4.654157638549805,0,1.101864926928941,3.0657055377960205,1.1931105646475249,416,greedy,greedy,Greedy,
77731,soldier_caught,0,1,0,0,180,12,6.0,168,,,0.7149913907051086,0,1.1844023910059025,0.29353195428848267,1.2823809892288325,169,greedy,greedy,Greedy,
77732,soldier_caught,0,1,0,0,142,35,17.5,107,,,1.097220778465271,0,1.163800919221507,0.7427853345870972,1.2405467117493778,108,greedy,greedy,Greedy,
77733,intercepted,1,0,0,0,117,10,5.0,107,117.0,58.5,7.651700973510742,0,1.133953370153904,0.7555389404296875,1.2244857085195269,108,greedy,greedy,Greedy,
77734,intercepted,1,0,0,0,113,13,6.5,100,113.0,56.5,10.7547025680542,0,1.1600617651302036,1.0300397872924805,1.2517660381764182,101,greedy,greedy,Greedy,
77735,soldier_caught,0,1,0,0,66,46,23.0,20,,,0.9665539860725403,0,1.1589316399324507,0.3304261267185211,1.2704626556958385,21,greedy,greedy,Greedy,
77736,soldier_caught,0,1,0,0,298,30,15.0,268,,,1.4297560453414917,0,1.157734027471684,0.9244416952133179,1.2583912312098493,269,greedy,greedy,Greedy,
77737,intercepted,1,0,0,0,1292,94,47.0,1198,1292.0,646.0,2.742539167404175,0,1.1289485085124866,0.5491275191307068,1.2249883387694394,1199,greedy,greedy,Greedy,
77738,intercepted,1,0,0,0,579,14,7.0,565,579.0,289.5,2.7637221813201904,0,1.136874524001098,1.9477204084396362,1.2338004940936087,566,greedy,greedy,Greedy,
77739,soldier_caught,0,1,0,0,1399,8,4.0,1391,,,0.9530238509178162,0,1.112532373110967,1.8507190942764282,1.2069936662068166,1392,greedy,greedy,Greedy,
77740,intercepted,1,0,0,0,504,8,4.0,496,504.0,252.0,3.186743974685669,0,1.1250014553817225,1.5769047737121582,1.2284167860234054,497,greedy,greedy,Greedy,
77741,intercepted,1,0,0,0,1299,39,19.5,1260,1299.0,649.5,3.083719253540039,0,1.1325160950883149,0.6152767539024353,1.2302180629909991,1261,greedy,greedy,Greedy,
77742,intercepted,1,0,0,0,72,9,4.5,63,72.0,36.0,6.961925983428955,0,1.2359052246902138,1.3114526271820068,1.3399393032841131,64,greedy,greedy,Greedy,
77743,soldier_caught,0,1,0,0,37,9,4.5,28,,,1.879352331161499,0,1.1862558989689267,0.941256582736969,1.27262576231645,29,greedy,greedy,Greedy,
77744,intercepted,1,0,0,0,432,14,7.0,418,432.0,216.0,7.199095726013184,0,1.125839943052903,1.5541225671768188,1.2189952362472998,419,greedy,greedy,Greedy,
77745,intercepted,1,0,0,0,940,8,4.0,932,940.0,470.0,3.742526054382324,0,1.1512455695088142,1.5165892839431763,1.2421193112374183,933,greedy,greedy,Greedy,
77746,intercepted,1,0,0,0,322,31,15.5,291,322.0,161.0,9.458402633666992,0,1.1350183821959448,1.223294734954834,1.2274013147998102,292,greedy,greedy,Greedy,
77747,soldier_caught,0,1,0,0,1837,9,4.5,1828,,,1.4788916110992432,0,1.126105097231968,0.6178234815597534,1.2224234110221135,1829,greedy,greedy,Greedy,
77748,soldier_caught,0,1,0,0,42,14,7.0,28,,,1.6226940155029297,0,0.9795844924860987,1.0873823165893555,1.0470066343961564,29,greedy,greedy,Greedy,
77749,intercepted,1,0,0,0,188,13,6.5,175,188.0,94.0,4.749711990356445,0,1.1360652923414654,1.367725133895874,1.2261948395765816,176,greedy,greedy,Greedy,
77750,intercepted,1,0,0,0,16,14,7.0,2,16.0,8.0,3.57420015335083,0,1.7812278668085735,1.752156138420105,1.7857104816250466,3,greedy,greedy,Greedy,
77751,soldier_caught,0,1,0,0,350,31,15.5,319,,,1.789247989654541,0,1.071736394194886,1.103309988975525,1.162663473284147,320,greedy,greedy,Greedy,
77752,intercepted,1,0,0,0,186,16,8.0,170,186.0,93.0,4.305583477020264,0,1.1173942432417507,1.4271578788757324,1.1923955674582785,171,greedy,greedy,Greedy,
77753,intercepted,1,0,0,0,245,40,20.0,205,245.0,122.5,2.5224742889404297,0,1.0906086833152957,0.7154104709625244,1.1814902912355312,206,greedy,greedy,Greedy,
77754,soldier_caught,0,1,0,0,15,13,6.5,2,,,1.3104164600372314,0,1.2216454148292542,1.4621433019638062,1.3145821264068787,3,greedy,greedy,Greedy,
77755,soldier_caught,0,1,0,0,176,15,7.5,161,,,1.7590508460998535,0,1.156711236378293,0.7587158679962158,1.2530908857896867,162,greedy,greedy,Greedy,
77756,soldier_caught,0,1,0,0,75,18,9.0,57,,,1.5554256439208984,0,1.2722654913006157,1.2195544242858887,1.3539146547687768,58,greedy,greedy,Greedy,
77757,soldier_caught,0,1,0,0,127,76,38.0,51,,,1.542038917541504,0,1.0892283635643811,1.121103048324585,1.1682284500129245,52,greedy,greedy,Greedy,
77758,soldier_caught,0,1,0,0,203,23,11.5,180,,,1.8214521408081055,0,1.122307020573985,1.075181245803833,1.2113448752977278,181,greedy,greedy,Greedy,
77759,soldier_caught,0,1,0,0,332,10,5.0,322,,,0.42182621359825134,0,1.133165954828447,1.9195942878723145,1.2308997495937364,323,greedy,greedy,Greedy,
77760,intercepted,1,0,0,0,988,13,6.5,975,988.0,494.0,2.3180348873138428,0,1.1137328253692536,0.8070811033248901,1.20741596479469,976,greedy,greedy,Greedy,
77761,intercepted,1,0,0,0,633,7,3.5,626,633.0,316.5,3.7263638973236084,0,1.1236768970934399,0.8525065779685974,1.2074581890331169,627,greedy,greedy,Greedy,
77762,intercepted,1,0,0,0,70,10,5.0,60,70.0,35.0,5.1238274574279785,0,1.0883939644840896,0.8334400057792664,1.1778563437048264,61,greedy,greedy,Greedy,
77763,soldier_caught,0,1,0,0,1241,10,5.0,1231,,,1.568665862083435,0,1.1372577400882606,1.084977388381958,1.232541558991366,1232,greedy,greedy,Greedy,
77764,soldier_caught,0,1,0,0,60,14,7.0,46,,,1.9496469497680664,0,1.135174423931761,1.4009608030319214,1.240406136787236,47,greedy,greedy,Greedy,
77765,intercepted,1,0,0,0,532,8,4.0,524,532.0,266.0,4.643488883972168,0,1.0961936761509805,0.9510555863380432,1.1818364674656123,525,greedy,greedy,Greedy,
77766,intercepted,1,0,0,0,419,16,8.0,403,419.0,209.5,7.578866481781006,0,1.1135448412508657,1.7173645496368408,1.2165650391964205,404,greedy,greedy,Greedy,
77767,intercepted,1,0,0,0,187,11,5.5,176,187.0,93.5,7.8806047439575195,0,1.147798319236707,1.0110825300216675,1.2653152954075342,177,greedy,greedy,Greedy,
77768,intercepted,1,0,0,0,289,36,18.0,253,289.0,144.5,8.477091789245605,0,1.1001909606628062,0.32505983114242554,1.1949055163481663,254,greedy,greedy,Greedy,
77769,intercepted,1,0,0,0,1394,16,8.0,1378,1394.0,697.0,2.432572364807129,0,1.1409313818946363,0.3729082942008972,1.2399717326297213,1379,greedy,greedy,Greedy,
77770,soldier_caught,0,1,0,0,12,10,5.0,2,,,1.5303561687469482,0,1.167538046836853,1.5434738397598267,1.2158428790179017,3,greedy,greedy,Greedy,
77771,soldier_caught,0,1,0,0,895,9,4.5,886,,,0.5071646571159363,0,1.131674541007169,0.8723381757736206,1.2306705146863304,887,greedy,greedy,Greedy,
77772,intercepted,1,0,0,0,299,33,16.5,266,299.0,149.5,9.26110553741455,0,1.0905359534176995,1.8159252405166626,1.1878732081673855,267,greedy,greedy,Greedy,
77773,intercepted,1,0,0,0,132,53,26.5,79,132.0,66.0,2.0205109119415283,0,1.1416335005313158,0.7496892213821411,1.2476462330261167,80,greedy,greedy,Greedy,
77774,unsafe_intercept,0,0,1,0,11,9,4.5,2,,,2.7526261806488037,0,1.5507570902506511,0.42786121368408203,1.8048587334844557,3,greedy,greedy,Greedy,
77775,intercepted,1,0,0,0,348,7,3.5,341,348.0,174.0,6.738709449768066,0,1.136718169638985,1.0156477689743042,1.2334428295139226,342,greedy,greedy,Greedy,
77776,intercepted,1,0,0,0,582,10,5.0,572,582.0,291.0,2.2198739051818848,0,1.1499261578080127,1.2226977348327637,1.2466119793065242,573,greedy,greedy,Greedy,
77777,intercepted,1,0,0,0,311,41,20.5,270,311.0,155.5,4.7610554695129395,0,1.058194161038777,1.0019701719284058,1.1546638015766646,271,greedy,greedy,Greedy,
77778,intercepted,1,0,0,0,285,11,5.5,274,285.0,142.5,3.899446487426758,0,1.098099133751609,0.5923975110054016,1.193261382085772,275,greedy,greedy,Greedy,
77779,soldier_caught,0,1,0,0,361,14,7.0,347,,,1.42210054397583,0,1.0831496788873927,1.4477242231369019,1.1800514245090907,348,greedy,greedy,Greedy,
77780,soldier_caught,0,1,0,0,508,46,23.0,462,,,1.3038243055343628,0,1.1254845222953072,0.7030144333839417,1.219644106988026,463,greedy,greedy,Greedy,
77781,intercepted,1,0,0,0,300,21,10.5,279,300.0,150.0,4.952160358428955,0,1.1023620286690337,0.6556000113487244,1.2072775826084188,280,greedy,greedy,Greedy,
77782,soldier_caught,0,1,0,0,519,9,4.5,510,,,1.9451936483383179,0,1.1469127126110976,1.2479125261306763,1.2401907692550571,511,greedy,greedy,Greedy,
77783,intercepted,1,0,0,0,543,15,7.5,528,543.0,271.5,2.7056000232696533,0,1.1713218001088934,1.7711151838302612,1.2738614760762343,529,greedy,greedy,Greedy,
77784,soldier_caught,0,1,0,0,13,11,5.5,2,,,0.7828803658485413,0,1.560865581035614,0.9591440558433533,1.6515658816933916,3,greedy,greedy,Greedy,
77785,intercepted,1,0,0,0,281,14,7.0,267,281.0,140.5,4.547088146209717,0,1.124895130631639,0.535078227519989,1.233326729213736,268,greedy,greedy,Greedy,
77786,intercepted,1,0,0,0,241,89,44.5,152,241.0,120.5,8.382994651794434,0,1.0904897089098013,0.6698075532913208,1.1713365558147482,153,greedy,greedy,Greedy,
77787,intercepted,1,0,0,0,137,22,11.0,115,137.0,68.5,10.8609619140625,0,1.1218469001609703,1.2247505187988281,1.2376936146113775,116,greedy,greedy,Greedy,
77788,soldier_caught,0,1,0,0,1173,13,6.5,1160,,,1.4892855882644653,0,1.1313572009378832,1.3881480693817139,1.2299831801969239,1161,greedy,greedy,Greedy,
77789,unsafe_intercept,0,0,1,0,10,8,4.0,2,,,2.5333261489868164,0,1.1587840517361958,1.0559715032577515,1.243981978563328,3,greedy,greedy,Greedy,
77790,intercepted,1,0,0,0,369,13,6.5,356,369.0,184.5,2.889098644256592,0,1.1692773248551607,1.2400492429733276,1.2656112252231262,357,greedy,greedy,Greedy,
77791,intercepted,1,0,0,0,175,32,16.0,143,175.0,87.5,8.627278327941895,0,1.048705728414158,0.7103753089904785,1.14717241667893,144,greedy,greedy,Greedy,
77792,intercepted,1,0,0,0,614,22,11.0,592,614.0,307.0,3.889486312866211,0,1.1292048626992393,1.0435205698013306,1.2332205289106333,593,greedy,greedy,Greedy,
77793,intercepted,1,0,0,0,391,9,4.5,382,391.0,195.5,2.339116096496582,0,1.1013391329359759,1.7891961336135864,1.2008583774913308,383,greedy,greedy,Greedy,
77794,intercepted,1,0,0,0,118,13,6.5,105,118.0,59.0,7.440666675567627,0,1.1390014486914535,1.4916017055511475,1.2481026548336236,106,greedy,greedy,Greedy,
77795,intercepted,1,0,0,0,957,13,6.5,944,957.0,478.5,5.713550567626953,0,1.13719014320424,1.5486549139022827,1.2271699887419518,945,greedy,greedy,Greedy,
77796,intercepted,1,0,0,0,53,7,3.5,46,53.0,26.5,5.408193588256836,0,1.086234155487507,0.43083053827285767,1.1926935645488475,47,greedy,greedy,Greedy,
77797,intercepted,1,0,0,0,1594,9,4.5,1585,1594.0,797.0,2.641603469848633,0,1.142298500421181,1.2409473657608032,1.2404444957161727,1586,greedy,greedy,Greedy,
77798,intercepted,1,0,0,0,476,10,5.0,466,476.0,238.0,3.546541213989258,0,1.1219552978713712,0.9317979216575623,1.2156224777115368,467,greedy,greedy,Greedy,
77799,intercepted,1,0,0,0,304,21,10.5,283,304.0,152.0,4.934936046600342,0,1.121494022053732,1.3007677793502808,1.2178178729304694,284,greedy,greedy,Greedy,
77800,soldier_caught,0,1,0,0,600,57,28.5,543,,,1.8463419675827026,0,1.135394923388958,1.0335477590560913,1.2325731384442975,544,greedy,greedy,Greedy,
77801,intercepted,1,0,0,0,1071,17,8.5,1054,1071.0,535.5,2.995323896408081,0,1.129123667320369,1.695617914199829,1.2260830077462308,1055,greedy,greedy,Greedy,
77802,soldier_caught,0,1,0,0,599,11,5.5,588,,,1.1877473592758179,0,1.1181985230291032,1.7980457544326782,1.2238271977970112,589,greedy,greedy,Greedy,
77803,soldier_caught,0,1,0,0,32,8,4.0,24,,,1.0945379734039307,0,1.0963268280029297,1.0455193519592285,1.201848634140309,25,greedy,greedy,Greedy,
77804,intercepted,1,0,0,0,880,31,15.5,849,880.0,440.0,2.8727052211761475,0,1.1290039720430094,1.3394503593444824,1.2274577342435062,850,greedy,greedy,Greedy,
77805,soldier_caught,0,1,0,0,288,14,7.0,274,,,0.45032110810279846,0,1.133287915153937,1.2628686428070068,1.2358991733637972,275,greedy,greedy,Greedy,
77806,intercepted,1,0,0,0,222,16,8.0,206,222.0,111.0,2.563616991043091,0,1.1545630441483667,1.0857038497924805,1.261896790713043,207,greedy,greedy,Greedy,
77807,soldier_caught,0,1,0,0,196,7,3.5,189,,,1.9787359237670898,0,1.2161771981339706,1.9637503623962402,1.331131334913187,190,greedy,greedy,Greedy,
77808,intercepted,1,0,0,0,388,7,3.5,381,388.0,194.0,6.237725257873535,0,1.1086013231680032,1.0284805297851562,1.2071155525160213,382,greedy,greedy,Greedy,
77809,soldier_caught,0,1,0,0,59,10,5.0,49,,,0.330128937959671,0,1.0663668900728225,2.038648843765259,1.1583532091683408,50,greedy,greedy,Greedy,
77810,intercepted,1,0,0,0,998,8,4.0,990,998.0,499.0,2.1431422233581543,0,1.1441886093689262,1.3527448177337646,1.237983559220704,991,greedy,greedy,Greedy,
77811,timeout,0,0,0,1,2000,40,20.0,1960,,,2.0411698818206787,0,1.116714954357224,1.571990728378296,1.216181118081656,1961,greedy,greedy,Greedy,
77812,soldier_caught,0,1,0,0,1722,16,8.0,1706,,,1.2020055055618286,0,1.1258918517839336,0.5655719041824341,1.2235946334975991,1707,greedy,greedy,Greedy,
77813,intercepted,1,0,0,0,88,41,20.5,47,88.0,44.0,14.682543754577637,0,1.0340006096909444,1.673767328262329,1.1274093591807857,48,greedy,greedy,Greedy,
77814,soldier_caught,0,1,0,0,320,9,4.5,311,,,1.6306527853012085,0,1.1634483708498569,1.2903774976730347,1.2603787730390568,312,greedy,greedy,Greedy,
77815,soldier_caught,0,1,0,0,681,11,5.5,670,,,1.2670373916625977,0,1.0893213415154757,0.9456040263175964,1.1822369172398235,671,greedy,greedy,Greedy,
77816,intercepted,1,0,0,0,203,9,4.5,194,203.0,101.5,5.638265609741211,0,1.0864335902417317,1.4880084991455078,1.1809213343114555,195,greedy,greedy,Greedy,
77817,soldier_caught,0,1,0,0,545,8,4.0,537,,,1.2341563701629639,0,1.1027296733069598,1.0649662017822266,1.202890190951925,538,greedy,greedy,Greedy,
77818,intercepted,1,0,0,0,742,9,4.5,733,742.0,371.0,2.0830564498901367,0,1.1432471483925546,0.8655616641044617,1.2394954243856582,734,greedy,greedy,Greedy,
77819,soldier_caught,0,1,0,0,266,14,7.0,252,,,1.9816467761993408,0,1.14876505243684,1.0175467729568481,1.242542910109944,253,greedy,greedy,Greedy,
77820,intercepted,1,0,0,0,241,11,5.5,230,241.0,120.5,9.412872314453125,0,1.1439786474039029,1.720855951309204,1.2417336039765845,231,greedy,greedy,Greedy,
77821,soldier_caught,0,1,0,0,156,17,8.5,139,,,0.49229761958122253,0,1.1224158799541848,1.408530831336975,1.2163586092799532,140,greedy,greedy,Greedy,
77822,intercepted,1,0,0,0,519,8,4.0,511,519.0,259.5,2.658167600631714,0,1.0933734549034853,2.006777286529541,1.186536748307411,512,greedy,greedy,Greedy,
77823,intercepted,1,0,0,0,10,8,4.0,2,10.0,5.0,5.043747901916504,0,0.5229377647240957,0.4581731855869293,0.5293819738256728,3,greedy,greedy,Greedy,
77824,intercepted,1,0,0,0,244,11,5.5,233,244.0,122.0,3.4838318824768066,0,1.1595459038503149,0.31324106454849243,1.2616458254802443,234,greedy,greedy,Greedy,
77825,intercepted,1,0,0,0,97,13,6.5,84,97.0,48.5,3.162170648574829,0,1.1619735668687259,1.2507432699203491,1.2445589757092128,85,greedy,greedy,Greedy,
77826,soldier_caught,0,1,0,0,17,15,7.5,2,,,1.6244242191314697,0,1.1914690136909485,1.4819326400756836,1.2332820813552976,3,greedy,greedy,Greedy,
77827,intercepted,1,0,0,0,1511,9,4.5,1502,1511.0,755.5,3.3290109634399414,0,1.129809779529562,1.4105799198150635,1.221469903325461,1503,greedy,greedy,Greedy,
77828,soldier_caught,0,1,0,0,509,9,4.5,500,,,1.3585971593856812,0,1.1200406490685697,2.6977076530456543,1.2223971836991026,501,greedy,greedy,Greedy,
77829,soldier_caught,0,1,0,0,16,14,7.0,2,,,1.3100981712341309,0,0.9781937599182129,0.6180407404899597,1.061576197902629,3,greedy,greedy,Greedy,
77830,soldier_caught,0,1,0,0,690,65,32.5,625,,,1.4629327058792114,0,1.1240615429350744,1.7805556058883667,1.2163671693275933,626,greedy,greedy,Greedy,
77831,intercepted,1,0,0,0,77,10,5.0,67,77.0,38.5,12.594864845275879,0,1.08761217532789,0.9663012027740479,1.1625180671593451,68,greedy,greedy,Greedy,
77832,unsafe_intercept,0,0,1,0,10,8,4.0,2,,,3.021677255630493,0,1.2180325190226238,1.5263310670852661,1.2590164998280005,3,greedy,greedy,Greedy,
77833,soldier_caught,0,1,0,0,163,10,5.0,153,,,1.5968936681747437,0,1.0970993852847581,1.1576067209243774,1.1994981382101553,154,greedy,greedy,Greedy,
77834,soldier_caught,0,1,0,0,380,10,5.0,370,,,1.7760881185531616,0,1.1013047043685964,0.7463167905807495,1.1991821378888086,371,greedy,greedy,Greedy,
77835,soldier_caught,0,1,0,0,36,9,4.5,27,,,0.6899539828300476,0,1.0901609009930067,0.3608204126358032,1.1979952183622729,28,greedy,greedy,Greedy,
77836,intercepted,1,0,0,0,10,8,4.0,2,10.0,5.0,5.705976963043213,0,1.2010519901911418,0.9546383619308472,1.2211117467313197,3,greedy,greedy,Greedy,
77837,intercepted,1,0,0,0,910,12,6.0,898,910.0,455.0,2.4768283367156982,0,1.1362466306422523,1.13853120803833,1.2433722032867962,899,greedy,greedy,Greedy,
77838,soldier_caught,0,1,0,0,33,9,4.5,24,,,0.9301976561546326,0,1.1491799116134644,0.45167338848114014,1.2348735912943511,25,greedy,greedy,Greedy,
77839,intercepted,1,0,0,0,98,9,4.5,89,98.0,49.0,8.630672454833984,0,1.1267274821798006,0.5837239623069763,1.2115676392605745,90,greedy,greedy,Greedy,
77840,intercepted,1,0,0,0,283,17,8.5,266,283.0,141.5,8.089542388916016,0,1.1173802759316978,1.0796641111373901,1.2093079958493778,267,greedy,greedy,Greedy,
77841,intercepted,1,0,0,0,415,16,8.0,399,415.0,207.5,3.724853992462158,0,1.1176484411209822,0.9083621501922607,1.207979563299103,400,greedy,greedy,Greedy,
77842,intercepted,1,0,0,0,277,9,4.5,268,277.0,138.5,3.832911491394043,0,1.0804742209087075,1.2313034534454346,1.1832210296330559,269,greedy,greedy,Greedy,
77843,soldier_caught,0,1,0,0,665,99,49.5,566,,,0.6807271838188171,0,1.1354773517770322,0.9729319214820862,1.2389226710683483,567,greedy,greedy,Greedy,
77844,soldier_caught,0,1,0,0,185,9,4.5,176,,,1.792407751083374,0,1.1229554043482926,0.5281060338020325,1.2374923279846817,177,greedy,greedy,Greedy,
77845,soldier_caught,0,1,0,0,464,14,7.0,450,,,1.748900294303894,0,1.124240753176868,1.4491277933120728,1.22286645096427,451,greedy,greedy,Greedy,
77846,intercepted,1,0,0,0,620,9,4.5,611,620.0,310.0,2.829336404800415,0,1.1321401337490362,1.3099323511123657,1.2257157972892532,612,greedy,greedy,Greedy,
77847,soldier_caught,0,1,0,0,777,59,29.5,718,,,1.9535020589828491,0,1.1347237075672527,0.7878120541572571,1.2320051802049998,719,greedy,greedy,Greedy,
77848,soldier_caught,0,1,0,0,81,28,14.0,53,,,1.6323614120483398,0,1.1483100373987798,0.7984511256217957,1.220193983380805,54,greedy,greedy,Greedy,
77849,intercepted,1,0,0,0,246,11,5.5,235,246.0,123.0,2.648843765258789,0,1.1427908585233204,0.9978979229927063,1.2480285476745523,236,greedy,greedy,Greedy,
77850,intercepted,1,0,0,0,808,13,6.5,795,808.0,404.0,6.9954094886779785,0,1.1342903221465985,1.190259575843811,1.2267090106137086,796,greedy,greedy,Greedy,
77851,intercepted,1,0,0,0,1267,8,4.0,1259,1267.0,633.5,2.142529010772705,0,1.1198247073779977,1.2669788599014282,1.2173903242260191,1260,greedy,greedy,Greedy,
77852,soldier_caught,0,1,0,0,883,13,6.5,870,,,1.6046086549758911,0,1.1223418618307528,0.7713387608528137,1.215122598231389,871,greedy,greedy,Greedy,
77853,intercepted,1,0,0,0,340,10,5.0,330,340.0,170.0,2.261380910873413,0,1.1122855896586017,0.9433826208114624,1.198680364638322,331,greedy,greedy,Greedy,
77854,intercepted,1,0,0,0,169,11,5.5,158,169.0,84.5,6.047097682952881,0,1.2342938300011292,1.4145275354385376,1.3306916504063435,159,greedy,greedy,Greedy,
77855,intercepted,1,0,0,0,40,17,8.5,23,40.0,20.0,3.3781039714813232,0,1.197901406014959,1.2495368719100952,1.2850153841723935,24,greedy,greedy,Greedy,
77856,intercepted,1,0,0,0,156,8,4.0,148,156.0,78.0,3.6170425415039062,0,1.1499076115605016,1.2883095741271973,1.2438981440343153,149,greedy,greedy,Greedy,
77857,intercepted,1,0,0,0,34,9,4.5,25,34.0,17.0,4.446868896484375,0,1.1578593781361213,1.5344074964523315,1.2209801208787785,26,greedy,greedy,Greedy,
77858,intercepted,1,0,0,0,324,10,5.0,314,324.0,162.0,4.362027645111084,0,1.1183470141793055,1.1467325687408447,1.2140284717323218,315,greedy,greedy,Greedy,
77859,intercepted,1,0,0,0,265,11,5.5,254,265.0,132.5,4.802001953125,0,1.1441397198275023,0.4462735950946808,1.232218265020506,255,greedy,greedy,Greedy,
77860,intercepted,1,0,0,0,38,9,4.5,29,38.0,19.0,2.0887677669525146,0,1.2829011514782906,1.8923419713974,1.3975765237791256,30,greedy,greedy,Greedy,
77861,intercepted,1,0,0,0,189,14,7.0,175,189.0,94.5,12.454423904418945,0,1.0878359467129817,1.27340829372406,1.1883258498310985,176,greedy,greedy,Greedy,
77862,intercepted,1,0,0,0,291,16,8.0,275,291.0,145.5,5.860991477966309,0,1.1004245384339837,1.8033924102783203,1.1873654267526648,276,greedy,greedy,Greedy,
77863,intercepted,1,0,0,0,663,15,7.5,648,663.0,331.5,5.005799770355225,0,1.1015337821561126,1.1286678314208984,1.1930326607801423,649,greedy,greedy,Greedy,
77864,soldier_caught,0,1,0,0,11,9,4.5,2,,,1.9984018802642822,0,0.7688916921615601,0.9717588424682617,0.7844238558720417,3,greedy,greedy,Greedy,
77865,intercepted,1,0,0,0,852,27,13.5,825,852.0,426.0,2.0459582805633545,0,1.1276306247938488,0.84209805727005,1.2210737538121499,826,greedy,greedy,Greedy,
77866,intercepted,1,0,0,0,169,30,15.0,139,169.0,84.5,8.344770431518555,0,1.139419708933149,1.2362650632858276,1.251095181309581,140,greedy,greedy,Greedy,
77867,intercepted,1,0,0,0,39,14,7.0,25,39.0,19.5,11.478007316589355,0,1.2418421632968462,1.7349066734313965,1.339772576660658,26,greedy,greedy,Greedy,
77868,intercepted,1,0,0,0,616,10,5.0,606,616.0,308.0,3.3773176670074463,0,1.1354079395164376,1.092844009399414,1.2344687400030825,607,greedy,greedy,Greedy,
77869,intercepted,1,0,0,0,149,103,51.5,46,149.0,74.5,11.715787887573242,0,1.182295875980499,1.4727333784103394,1.2536279182896082,47,greedy,greedy,Greedy,
77870,intercepted,1,0,0,0,31,14,7.0,17,31.0,15.5,6.0130205154418945,0,1.143575722972552,1.553107738494873,1.2743602977103288,18,greedy,greedy,Greedy,
77871,intercepted,1,0,0,0,177,9,4.5,168,177.0,88.5,13.17933464050293,0,1.1101648369308055,1.498313307762146,1.2152570996196215,169,greedy,greedy,Greedy,
77872,intercepted,1,0,0,0,876,10,5.0,866,876.0,438.0,6.203763008117676,0,1.1142992053219605,0.7620575428009033,1.211786694940679,867,greedy,greedy,Greedy,
77873,intercepted,1,0,0,0,544,9,4.5,535,544.0,272.0,4.971784591674805,0,1.1588160774406435,0.5592933893203735,1.253913970614194,536,greedy,greedy,Greedy,
77874,intercepted,1,0,0,0,448,9,4.5,439,448.0,224.0,6.029476165771484,0,1.1197492660107937,0.7476252913475037,1.2153571637365872,440,greedy,greedy,Greedy,
77875,soldier_caught,0,1,0,0,1256,11,5.5,1245,,,1.9447113275527954,0,1.1117491961709474,0.5943342447280884,1.199230416565408,1246,greedy,greedy,Greedy,
77876,intercepted,1,0,0,0,345,14,7.0,331,345.0,172.5,2.186868906021118,0,1.1333452670060726,1.5549291372299194,1.2327873321515463,332,greedy,greedy,Greedy,
77877,intercepted,1,0,0,0,175,20,10.0,155,175.0,87.5,3.1754062175750732,0,1.141502125427509,1.209803581237793,1.2414655257146057,156,greedy,greedy,Greedy,
77878,soldier_caught,0,1,0,0,1242,17,8.5,1225,,,1.2372583150863647,0,1.1456381302588234,0.8796730041503906,1.2402153179535613,1226,greedy,greedy,Greedy,
77879,soldier_caught,0,1,0,0,658,9,4.5,649,,,1.4958361387252808,0,1.1481640223127145,1.1681253910064697,1.2421847824836716,650,greedy,greedy,Greedy,
77880,intercepted,1,0,0,0,1248,9,4.5,1239,1248.0,624.0,2.092320203781128,0,1.1241367735569516,1.268738865852356,1.2173561322166457,1240,greedy,greedy,Greedy,
77881,unsafe_intercept,0,0,1,0,10,8,4.0,2,,,2.0583994388580322,0,0.9643287062644958,0.8703758716583252,0.9669348792206414,3,greedy,greedy,Greedy,
77882,soldier_caught,0,1,0,0,763,11,5.5,752,,,1.7449661493301392,0,1.1165876980836331,1.8563169240951538,1.2139335677067498,753,greedy,greedy,Greedy,
77883,soldier_caught,0,1,0,0,343,10,5.0,333,,,1.7843350172042847,0,1.0882979697453048,0.8393787145614624,1.185249597136555,334,greedy,greedy,Greedy,
77884,intercepted,1,0,0,0,601,19,9.5,582,601.0,300.5,2.7340898513793945,0,1.1443806890251298,1.1522915363311768,1.2382969082162663,583,greedy,greedy,Greedy,
77885,soldier_caught,0,1,0,0,296,74,37.0,222,,,0.7102612257003784,0,1.1227571656885702,1.0015207529067993,1.2097522608262268,223,greedy,greedy,Greedy,
77886,soldier_caught,0,1,0,0,37,10,5.0,27,,,1.9838013648986816,0,1.0935250680361475,0.6940351724624634,1.2248728801418909,28,greedy,greedy,Greedy,
77887,intercepted,1,0,0,0,802,10,5.0,792,802.0,401.0,2.2480878829956055,0,1.144646739833818,1.173631191253662,1.2435056238378153,793,greedy,greedy,Greedy,
77888,intercepted,1,0,0,0,197,12,6.0,185,197.0,98.5,9.080216407775879,0,1.038835060932944,0.8680183291435242,1.1400644069848151,186,greedy,greedy,Greedy,
77889,soldier_caught,0,1,0,0,57,9,4.5,48,,,1.9424855709075928,0,1.0625830522301245,1.3802034854888916,1.1727471040475308,49,greedy,greedy,Greedy,
77890,soldier_caught,0,1,0,0,86,10,5.0,76,,,1.4260287284851074,0,1.1234624916082854,1.2850444316864014,1.2211979671170323,77,greedy,greedy,Greedy,
77891,intercepted,1,0,0,0,39,11,5.5,28,39.0,19.5,3.675882577896118,0,1.1961709723390381,1.2498738765716553,1.3185627482473425,29,greedy,greedy,Greedy,
77892,soldier_caught,0,1,0,0,46,12,6.0,34,,,1.7214215993881226,0,0.9697980489049639,0.8454093337059021,1.0569834452818088,35,greedy,greedy,Greedy,
77893,intercepted,1,0,0,0,838,66,33.0,772,838.0,419.0,8.76229476928711,0,1.1366374443777938,1.1604290008544922,1.2336122538272434,773,greedy,greedy,Greedy,
77894,intercepted,1,0,0,0,127,83,41.5,44,127.0,63.5,8.89657974243164,0,1.1418830778863696,0.7504626512527466,1.2371318149540933,45,greedy,greedy,Greedy,
77895,soldier_caught,0,1,0,0,699,9,4.5,690,,,1.9896855354309082,0,1.1378677225147418,1.3614051342010498,1.231934594221081,691,greedy,greedy,Greedy,
77896,intercepted,1,0,0,0,501,9,4.5,492,501.0,250.5,3.1599931716918945,0,1.125572649508896,1.3353590965270996,1.2208223616676472,493,greedy,greedy,Greedy,
77897,intercepted,1,0,0,0,399,9,4.5,390,399.0,199.5,5.920361042022705,0,1.1827420003121467,1.8224327564239502,1.273667007918913,391,greedy,greedy,Greedy,
77898,soldier_caught,0,1,0,0,13,10,5.0,3,,,1.638251543045044,0,0.9598641553893685,0.5278228521347046,1.1954729364710792,4,greedy,greedy,Greedy,
77899,intercepted,1,0,0,0,320,12,6.0,308,320.0,160.0,4.297068119049072,0,1.1584627336572288,1.6758410930633545,1.2512248090705715,309,greedy,greedy,Greedy,
77900,intercepted,1,0,0,0,76,15,7.5,61,76.0,38.0,6.914443016052246,0,1.1109487842167578,1.2087395191192627,1.234231323362446,62,greedy,greedy,Greedy,
77901,intercepted,1,0,0,0,433,8,4.0,425,433.0,216.5,3.560542583465576,0,1.0971698273725352,0.8020644783973694,1.1893468099412687,426,greedy,greedy,Greedy,
77902,intercepted,1,0,0,0,604,13,6.5,591,604.0,302.0,6.250723838806152,0,1.1118422393007457,1.6389223337173462,1.2095376834079807,592,greedy,greedy,Greedy,
77903,soldier_caught,0,1,0,0,285,10,5.0,275,,,1.0452359914779663,0,1.1708705344277879,1.8123537302017212,1.2559342093315253,276,greedy,greedy,Greedy,
77904,soldier_caught,0,1,0,0,278,10,5.0,268,,,1.7694464921951294,0,1.1533683307441194,0.7327519655227661,1.2499552739914364,269,greedy,greedy,Greedy,
77905,soldier_caught,0,1,0,0,329,11,5.5,318,,,0.8794103264808655,0,1.1196380801335397,1.1956881284713745,1.2047291605266606,319,greedy,greedy,Greedy,
77906,intercepted,1,0,0,0,283,9,4.5,274,283.0,141.5,2.182443857192993,0,1.113469262123108,1.2276619672775269,1.219864273896141,275,greedy,greedy,Greedy,
77907,intercepted,1,0,0,0,353,59,29.5,294,353.0,176.5,2.69480037689209,0,1.101610577005451,0.8781933188438416,1.1969527676815575,295,greedy,greedy,Greedy,
77908,intercepted,1,0,0,0,14,12,6.0,2,14.0,7.0,3.885211229324341,0,1.2267979383468628,0.8666448593139648,1.2619827402580208,3,greedy,greedy,Greedy,
77909,soldier_caught,0,1,0,0,574,9,4.5,565,,,1.7273821830749512,0,1.1422985846657214,1.3476992845535278,1.241020963795792,566,greedy,greedy,Greedy,
77910,intercepted,1,0,0,0,55,13,6.5,42,55.0,27.5,4.0553202629089355,0,1.0082872600056405,1.2325317859649658,1.1158578289805898,43,greedy,greedy,Greedy,
77911,soldier_caught,0,1,0,0,36,11,5.5,25,,,1.851721167564392,0,1.2570871023031382,1.2571274042129517,1.317382463197361,26,greedy,greedy,Greedy,
77912,intercepted,1,0,0,0,182,12,6.0,170,182.0,91.0,4.578921318054199,0,1.205360016671189,1.1747627258300781,1.3003455328971594,171,greedy,greedy,Greedy,
77913,intercepted,1,0,0,0,294,108,54.0,186,294.0,147.0,7.65573787689209,0,1.098514247864963,0.803851842880249,1.1869867999142452,187,greedy,greedy,Greedy,
77914,intercepted,1,0,0,0,228,10,5.0,218,228.0,114.0,7.803918361663818,0,1.099632093827474,0.9935011267662048,1.1969470702792429,219,greedy,greedy,Greedy,
77915,intercepted,1,0,0,0,904,9,4.5,895,904.0,452.0,2.6236746311187744,0,1.115370291443209,1.3625106811523438,1.2182073257487958,896,greedy,greedy,Greedy,
77916,intercepted,1,0,0,0,491,9,4.5,482,491.0,245.5,8.900152206420898,0,1.098791719161699,1.472887396812439,1.1991564147028178,483,greedy,greedy,Greedy,
77917,intercepted,1,0,0,0,56,9,4.5,47,56.0,28.0,12.255875587463379,0,1.0502971587702632,1.0097005367279053,1.1356333964715761,48,greedy,greedy,Greedy,
77918,intercepted,1,0,0,0,646,9,4.5,637,646.0,323.0,4.918508529663086,0,1.1262407011372917,0.933786928653717,1.2292002972259715,638,greedy,greedy,Greedy,
77919,intercepted,1,0,0,0,218,11,5.5,207,218.0,109.0,4.251124382019043,0,1.1507392570806236,0.8019421696662903,1.2419984657720904,208,greedy,greedy,Greedy,
77920,soldier_caught,0,1,0,0,1392,10,5.0,1382,,,1.9136693477630615,0,1.1237426652631635,0.6484172940254211,1.2207207390280344,1383,greedy,greedy,Greedy,
77921,soldier_caught,0,1,0,0,217,10,5.0,207,,,1.0556610822677612,0,1.1315856240689754,2.3965067863464355,1.2248613249253337,208,greedy,greedy,Greedy,
77922,soldier_caught,0,1,0,0,105,13,6.5,92,,,1.5827655792236328,0,1.170204064858857,0.9202103614807129,1.2451450712496068,93,greedy,greedy,Greedy,
77923,intercepted,1,0,0,0,686,8,4.0,678,686.0,343.0,2.4315707683563232,0,1.1283202406584076,1.1925873756408691,1.2293622687745898,679,greedy,greedy,Greedy,
77924,soldier_caught,0,1,0,0,350,8,4.0,342,,,1.8307864665985107,0,1.0947444136349522,0.7352333068847656,1.1911854387876772,343,greedy,greedy,Greedy,
77925,intercepted,1,0,0,0,42,29,14.5,13,42.0,21.0,10.987388610839844,0,1.2140950688294,1.60431969165802,1.301378970053709,14,greedy,greedy,Greedy,
77926,soldier_caught,0,1,0,0,597,17,8.5,580,,,1.060297966003418,0,1.1400914508176136,0.31120574474334717,1.240959682614486,581,greedy,greedy,Greedy,
77927,intercepted,1,0,0,0,11,9,4.5,2,11.0,5.5,3.534836530685425,0,1.4809383153915405,1.1915152072906494,1.6033769522596768,3,greedy,greedy,Greedy,
77928,intercepted,1,0,0,0,947,10,5.0,937,947.0,473.5,3.1400318145751953,0,1.1513908186526314,1.228636384010315,1.2481337510055315,938,greedy,greedy,Greedy,
77929,intercepted,1,0,0,0,566,9,4.5,557,566.0,283.0,2.3452532291412354,0,1.1147851711372747,1.2308765649795532,1.209253200332962,558,greedy,greedy,Greedy,
77930,intercepted,1,0,0,0,58,17,8.5,41,58.0,29.0,11.367732048034668,0,1.1357336991599627,0.7173839807510376,1.2276623242173117,42,greedy,greedy,Greedy,
77931,soldier_caught,0,1,0,0,488,10,5.0,478,,,1.4289326667785645,0,1.166151675245956,0.7744244337081909,1.2621124420830376,479,greedy,greedy,Greedy,
77932,intercepted,1,0,0,0,514,12,6.0,502,514.0,257.0,4.189594745635986,0,1.175869088953224,1.2595610618591309,1.2665928341450416,503,greedy,greedy,Greedy,
77933,intercepted,1,0,0,0,362,14,7.0,348,362.0,181.0,2.9870152473449707,0,1.13814732581804,1.3190313577651978,1.2286422081245798,349,greedy,greedy,Greedy,
77934,intercepted,1,0,0,0,265,15,7.5,250,265.0,132.5,2.0643374919891357,0,1.121248460445271,1.0510730743408203,1.2055364271601314,251,greedy,greedy,Greedy,
77935,intercepted,1,0,0,0,186,15,7.5,171,186.0,93.0,9.6089448928833,0,1.089542559586292,1.0138232707977295,1.1827833085782804,172,greedy,greedy,Greedy,
77936,intercepted,1,0,0,0,875,16,8.0,859,875.0,437.5,6.064536094665527,0,1.1323900460503822,0.6494657397270203,1.223478592301286,860,greedy,greedy,Greedy,
77937,intercepted,1,0,0,0,329,11,5.5,318,329.0,164.5,2.2291269302368164,0,1.134290796415559,0.8226674795150757,1.2296398263280792,319,greedy,greedy,Greedy,
77938,soldier_caught,0,1,0,0,324,11,5.5,313,,,1.9718624353408813,0,1.1280973836494859,0.9548361301422119,1.2259600035690559,314,greedy,greedy,Greedy,
77939,intercepted,1,0,0,0,551,10,5.0,541,551.0,275.5,2.9891326427459717,0,1.1494192842847746,0.6728218793869019,1.2568815176362627,542,greedy,greedy,Greedy,
77940,intercepted,1,0,0,0,84,9,4.5,75,84.0,42.0,3.370030641555786,0,1.0811125114560127,2.248471736907959,1.1887535434725425,76,greedy,greedy,Greedy,
77941,intercepted,1,0,0,0,460,17,8.5,443,460.0,230.0,4.103899955749512,0,1.122007782864678,1.697111964225769,1.2166801473205793,444,greedy,greedy,Greedy,
77942,soldier_caught,0,1,0,0,780,17,8.5,763,,,1.2704349756240845,0,1.1511973658410823,0.9460279941558838,1.2456730759982886,764,greedy,greedy,Greedy,
77943,intercepted,1,0,0,0,285,9,4.5,276,285.0,142.5,2.7222301959991455,0,1.095054196092949,1.0993962287902832,1.1906957143573005,277,greedy,greedy,Greedy,
77944,soldier_caught,0,1,0,0,340,133,66.5,207,,,1.746592402458191,0,1.1360039568434541,1.8672561645507812,1.2261359163327403,208,greedy,greedy,Greedy,
77945,soldier_caught,0,1,0,0,67,15,7.5,52,,,1.0995644330978394,0,1.168390987616665,1.6072723865509033,1.2733674937729076,53,greedy,greedy,Greedy,
77946,intercepted,1,0,0,0,450,12,6.0,438,450.0,225.0,4.742271900177002,0,1.132763771980933,0.9087749123573303,1.2207813020383909,439,greedy,greedy,Greedy,
77947,intercepted,1,0,0,0,1213,8,4.0,1205,1213.0,606.5,4.167900085449219,0,1.128887148626507,1.3846327066421509,1.2296817192633775,1206,greedy,greedy,Greedy,
77948,intercepted,1,0,0,0,27,8,4.0,19,27.0,13.5,3.950892448425293,0,1.1924608483910561,0.5491188168525696,1.2709454869721148,20,greedy,greedy,Greedy,
77949,intercepted,1,0,0,0,639,9,4.5,630,639.0,319.5,3.497844696044922,0,1.1460033930991607,0.6819919943809509,1.2361671414724904,631,greedy,greedy,Greedy,
77950,intercepted,1,0,0,0,31,8,4.0,23,31.0,15.5,5.631963729858398,0,1.3183744959533215,1.84030282497406,1.450166073403575,24,greedy,greedy,Greedy,
77951,intercepted,1,0,0,0,655,12,6.0,643,655.0,327.5,3.8448517322540283,0,1.126538625646452,1.1754584312438965,1.229775999033052,644,greedy,greedy,Greedy,
77952,soldier_caught,0,1,0,0,60,13,6.5,47,,,1.947088360786438,0,0.9530283982555071,1.2045150995254517,1.0377795976725466,48,greedy,greedy,Greedy,
77953,intercepted,1,0,0,0,467,91,45.5,376,467.0,233.5,4.597148418426514,0,1.1477828545975115,0.43587398529052734,1.2458070958753311,377,greedy,greedy,Greedy,
77954,intercepted,1,0,0,0,37,17,8.5,20,37.0,18.5,9.229462623596191,0,1.1470353340818769,1.7373557090759277,1.27047506768182,21,greedy,greedy,Greedy,
77955,soldier_caught,0,1,0,0,61,10,5.0,51,,,0.854051947593689,0,1.105759277366675,1.691870093345642,1.2172168756555666,52,greedy,greedy,Greedy,
77956,intercepted,1,0,0,0,99,10,5.0,89,99.0,49.5,4.740306854248047,0,1.0397674268318546,1.7290173768997192,1.1379466189013054,90,greedy,greedy,Greedy,
77957,soldier_caught,0,1,0,0,280,55,27.5,225,,,1.63153076171875,0,1.1720717380532122,1.2422734498977661,1.2647961662770677,226,greedy,greedy,Greedy,
77958,soldier_caught,0,1,0,0,153,9,4.5,144,,,1.9458317756652832,0,1.1477461583655455,0.30044612288475037,1.237673544259188,145,greedy,greedy,Greedy,
77959,soldier_caught,0,1,0,0,696,13,6.5,683,,,1.7391706705093384,0,1.1349547862113394,1.785465955734253,1.2353967083511879,684,greedy,greedy,Greedy,
77960,soldier_caught,0,1,0,0,15,13,6.5,2,,,1.8057576417922974,0,1.2171987692515056,1.349359154701233,1.287491315471901,3,greedy,greedy,Greedy,
77961,soldier_caught,0,1,0,0,201,19,9.5,182,,,1.1457409858703613,0,1.1777138539839311,1.455735683441162,1.279982700475938,183,greedy,greedy,Greedy,
77962,intercepted,1,0,0,0,311,8,4.0,303,311.0,155.5,6.580358028411865,0,1.1398512433086962,1.1645876169204712,1.2405236805187558,304,greedy,greedy,Greedy,
77963,soldier_caught,0,1,0,0,1446,16,8.0,1430,,,1.936584711074829,0,1.1365896469173442,0.880614697933197,1.2414744395187651,1431,greedy,greedy,Greedy,
77964,soldier_caught,0,1,0,0,549,11,5.5,538,,,0.6765407919883728,0,1.1183721635193462,1.3639973402023315,1.2125768854227,539,greedy,greedy,Greedy,
77965,intercepted,1,0,0,0,125,13,6.5,112,125.0,62.5,2.738969326019287,0,1.1204234171757657,1.1963489055633545,1.2132057753777166,113,greedy,greedy,Greedy,
77966,intercepted,1,0,0,0,312,16,8.0,296,312.0,156.0,2.8754429817199707,0,1.1170103656322465,2.241227626800537,1.226948865564889,297,greedy,greedy,Greedy,
77967,intercepted,1,0,0,0,149,14,7.0,135,149.0,74.5,7.540480136871338,0,1.0736374868189587,1.1870708465576172,1.169650052160659,136,greedy,greedy,Greedy,
77968,soldier_caught,0,1,0,0,189,12,6.0,177,,,1.724875807762146,0,1.1358183332708445,1.1792229413986206,1.2246431761882974,178,greedy,greedy,Greedy,
77969,intercepted,1,0,0,0,113,11,5.5,102,113.0,56.5,7.010026454925537,0,1.2054003265876214,0.8863308429718018,1.3008249407504142,103,greedy,greedy,Greedy,
77970,intercepted,1,0,0,0,285,13,6.5,272,285.0,142.5,2.9841372966766357,0,1.0979218518450147,1.0238964557647705,1.2024133084652504,273,greedy,greedy,Greedy,
77971,intercepted,1,0,0,0,386,11,5.5,375,386.0,193.0,2.213402032852173,0,1.1382227444506072,0.22555921971797943,1.2294092336942022,376,greedy,greedy,Greedy,
77972,intercepted,1,0,0,0,97,10,5.0,87,97.0,48.5,2.9841480255126953,0,1.0767599657516589,0.7659397721290588,1.1655648481140448,88,greedy,greedy,Greedy,
77973,intercepted,1,0,0,0,172,7,3.5,165,172.0,86.0,7.750904083251953,0,1.1627156626747315,1.6558338403701782,1.2339715516771388,166,greedy,greedy,Greedy,
77974,soldier_caught,0,1,0,0,227,7,3.5,220,,,1.7431433200836182,0,1.1159899995674913,2.2956159114837646,1.2203454227652222,221,greedy,greedy,Greedy,
77975,intercepted,1,0,0,0,309,8,4.0,301,309.0,154.5,3.6071715354919434,0,1.1536180697233471,1.2478477954864502,1.2580292923395382,302,greedy,greedy,Greedy,
77976,intercepted,1,0,0,0,122,12,6.0,110,122.0,61.0,5.460806369781494,0,1.1319404177300565,2.030860424041748,1.232252882000068,111,greedy,greedy,Greedy,
77977,intercepted,1,0,0,0,62,11,5.5,51,62.0,31.0,6.788984775543213,0,1.0893099055840418,1.2274094820022583,1.1889108229150052,52,greedy,greedy,Greedy,
77978,soldier_caught,0,1,0,0,117,11,5.5,106,,,1.8494890928268433,0,1.174214445959742,1.5416932106018066,1.2940979884721309,107,greedy,greedy,Greedy,
77979,soldier_caught,0,1,0,0,129,16,8.0,113,,,0.6607454419136047,0,1.1692324987890428,1.4017726182937622,1.2541060598322642,114,greedy,greedy,Greedy,
77980,intercepted,1,0,0,0,731,14,7.0,717,731.0,365.5,2.628157377243042,0,1.1282934031571186,0.8956872224807739,1.2179416876744589,718,greedy,greedy,Greedy,
77981,intercepted,1,0,0,0,798,10,5.0,788,798.0,399.0,2.1029434204101562,0,1.119425687792561,1.1354577541351318,1.2168528583297666,789,greedy,greedy,Greedy,
77982,soldier_caught,0,1,0,0,173,13,6.5,160,,,1.7418009042739868,0,1.1372027689625759,0.9769880771636963,1.250785006415531,161,greedy,greedy,Greedy,
77983,intercepted,1,0,0,0,65,9,4.5,56,65.0,32.5,2.8830697536468506,0,1.0885592850676753,0.8261804580688477,1.1857162813505113,57,greedy,greedy,Greedy,
77984,soldier_caught,0,1,0,0,288,16,8.0,272,,,1.1488834619522095,0,1.1946821209493574,0.7515044808387756,1.2912754421958668,273,greedy,greedy,Greedy,
77985,soldier_caught,0,1,0,0,438,8,4.0,430,,,1.7380770444869995,0,1.1445560374982189,1.6654928922653198,1.2486920737352856,431,greedy,greedy,Greedy,
77986,soldier_caught,0,1,0,0,148,47,23.5,101,,,1.4109480381011963,0,1.117273972899306,1.2194749116897583,1.2083037496854212,102,greedy,greedy,Greedy,
77987,intercepted,1,0,0,0,331,8,4.0,323,331.0,165.5,3.5273656845092773,0,1.1176134674223486,1.0753653049468994,1.2139151976003335,324,greedy,greedy,Greedy,
77988,soldier_caught,0,1,0,0,397,11,5.5,386,,,1.1543278694152832,0,1.1335194590056281,0.8845264911651611,1.227925675905649,387,greedy,greedy,Greedy,
77989,intercepted,1,0,0,0,12,10,5.0,2,12.0,6.0,4.347079277038574,0,1.2921922902266185,0.2928641736507416,1.4805849556795525,3,greedy,greedy,Greedy,
77990,soldier_caught,0,1,0,0,979,9,4.5,970,,,1.4944709539413452,0,1.1505507713550152,0.13692741096019745,1.2441656875563103,971,greedy,greedy,Greedy,
77991,intercepted,1,0,0,0,305,29,14.5,276,305.0,152.5,5.886845111846924,0,1.1893807750208714,1.0327411890029907,1.2831956331499328,277,greedy,greedy,Greedy,
77992,intercepted,1,0,0,0,775,51,25.5,724,775.0,387.5,6.808135509490967,0,1.1326202440878441,1.3322172164916992,1.222994400358022,725,greedy,greedy,Greedy,
77993,soldier_caught,0,1,0,0,136,12,6.0,124,,,1.5565673112869263,0,1.1560173032283783,0.1708541214466095,1.2466665658792573,125,greedy,greedy,Greedy,
77994,intercepted,1,0,0,0,101,18,9.0,83,101.0,50.5,13.210312843322754,0,1.0813516208103724,0.47017189860343933,1.1895975045985627,84,greedy,greedy,Greedy,
77995,intercepted,1,0,0,0,215,10,5.0,205,215.0,107.5,2.956697463989258,0,1.1286055411673286,1.2551982402801514,1.2276700593825278,206,greedy,greedy,Greedy,
77996,soldier_caught,0,1,0,0,483,47,23.5,436,,,0.6155445575714111,0,1.1499838004873328,1.5612839460372925,1.2577533720969485,437,greedy,greedy,Greedy,
77997,intercepted,1,0,0,0,94,16,8.0,78,94.0,47.0,13.000565528869629,0,1.164482113681262,1.0573185682296753,1.2520151626755447,79,greedy,greedy,Greedy,
77998,soldier_caught,0,1,0,0,57,9,4.5,48,,,1.3674466609954834,0,1.1642232859621242,1.0359030961990356,1.2687835035472035,49,greedy,greedy,Greedy,
77999,intercepted,1,0,0,0,461,13,6.5,448,461.0,230.5,9.22226333618164,0,1.121499766253416,1.1060293912887573,1.2239530858705028,449,greedy,greedy,Greedy,
