environment_seed,outcome,success,soldier_caught,unsafe_intercept,timeout,total_steps,detection_step,detection_time_seconds,post_detection_steps,intercept_step,intercept_time_seconds,min_enemy_soldier_dist,physical_limit_violations,mean_tracking_error,final_tracking_error,tracking_rmse,n_tracking_samples,instance_id,instance_name,family,training_seed
77000,soldier_caught,0,1,0,0,606,9,4.5,597,,,0.39200037717819214,0,1.120472215041269,1.1220427751541138,1.2213703698894502,598,lead,lead,Lead,
77001,soldier_caught,0,1,0,0,309,17,8.5,292,,,0.21048589050769806,0,1.1284986307698306,0.8513783812522888,1.2255617520543913,293,lead,lead,Lead,
77002,intercepted,1,0,0,0,245,58,29.0,187,245.0,122.5,10.148700714111328,0,1.0661099023641425,2.04876971244812,1.1637187440925836,188,lead,lead,Lead,
77003,soldier_caught,0,1,0,0,168,30,15.0,138,,,0.7296567559242249,0,1.1341407548823803,0.7926522493362427,1.2311892903690191,139,lead,lead,Lead,
77004,intercepted,1,0,0,0,210,72,36.0,138,210.0,105.0,10.459773063659668,0,1.1423538786044223,1.3560117483139038,1.2268062114917253,139,lead,lead,Lead,
77005,intercepted,1,0,0,0,1211,13,6.5,1198,1211.0,605.5,3.2733800411224365,0,1.1143324819826106,1.045627236366272,1.214639636679382,1199,lead,lead,Lead,
77006,intercepted,1,0,0,0,319,31,15.5,288,319.0,159.5,4.802282810211182,0,1.1338340361638053,1.73292076587677,1.2299542102636873,289,lead,lead,Lead,
77007,soldier_caught,0,1,0,0,200,16,8.0,184,,,1.1866432428359985,0,1.1786694510563,0.9660471081733704,1.2811492149668116,185,lead,lead,Lead,
77008,intercepted,1,0,0,0,455,9,4.5,446,455.0,227.5,2.5605251789093018,0,1.129837508502956,1.2375645637512207,1.2225904055946095,447,lead,lead,Lead,
77009,intercepted,1,0,0,0,235,136,68.0,99,235.0,117.5,11.086567878723145,0,1.1167067481577397,1.1266342401504517,1.222674557847934,100,lead,lead,Lead,
77010,intercepted,1,0,0,0,874,10,5.0,864,874.0,437.0,2.1692044734954834,0,1.1330042805285812,1.6833305358886719,1.2245237565363016,865,lead,lead,Lead,
77011,intercepted,1,0,0,0,295,17,8.5,278,295.0,147.5,4.273690700531006,0,1.0845257318628732,1.1376292705535889,1.180536401815103,279,lead,lead,Lead,
77012,intercepted,1,0,0,0,132,10,5.0,122,132.0,66.0,4.112267971038818,0,1.1396578156608876,2.21476411819458,1.2415113314202035,123,lead,lead,Lead,
77013,intercepted,1,0,0,0,374,29,14.5,345,374.0,187.0,3.385685682296753,0,1.0957832132396155,0.348614901304245,1.193747152730517,346,lead,lead,Lead,
77014,intercepted,1,0,0,0,140,10,5.0,130,140.0,70.0,4.854448318481445,0,1.0669088725370306,1.0517797470092773,1.1555039847397763,131,lead,lead,Lead,
77015,intercepted,1,0,0,0,584,9,4.5,575,584.0,292.0,2.3004701137542725,0,1.1373855735744454,1.0817675590515137,1.2338311799665849,576,lead,lead,Lead,
77016,intercepted,1,0,0,0,164,8,4.0,156,164.0,82.0,2.9329187870025635,0,1.141583839419541,0.5501837134361267,1.2360486855735255,157,lead,lead,Lead,
77017,intercepted,1,0,0,0,297,14,7.0,283,297.0,148.5,9.31545639038086,0,1.1664452979367383,0.9619455337524414,1.2436424468700367,284,lead,lead,Lead,
77018,intercepted,1,0,0,0,335,77,38.5,258,335.0,167.5,3.9822452068328857,0,1.1784862019840814,2.168983221054077,1.2822508845424514,259,lead,lead,Lead,
77019,soldier_caught,0,1,0,0,303,8,4.0,295,,,1.2852227687835693,0,1.1281495248345104,1.0349012613296509,1.2220288924377418,296,lead,lead,Lead,
77020,soldier_caught,0,1,0,0,567,10,5.0,557,,,1.6975380182266235,0,1.1535873352065948,0.825426459312439,1.2488549880999995,558,lead,lead,Lead,
77021,soldier_caught,0,1,0,0,137,41,20.5,96,,,1.0669234991073608,0,1.1903097153324442,1.0982712507247925,1.2807359356126462,97,lead,lead,Lead,
77022,unsafe_intercept,0,0,1,0,18,16,8.0,2,,,3.4947891235351562,0,1.5278230508168538,1.2741605043411255,1.5383339735122155,3,lead,lead,Lead,
77023,soldier_caught,0,1,0,0,58,12,6.0,46,,,1.857547640800476,0,1.0590107425096187,1.2052292823791504,1.1446988177336181,47,lead,lead,Lead,
77024,soldier_caught,0,1,0,0,483,18,9.0,465,,,1.77976393699646,0,1.0936546008474326,1.2476917505264282,1.197361882810071,466,lead,lead,Lead,
77025,intercepted,1,0,0,0,125,57,28.5,68,125.0,62.5,12.440014839172363,0,1.2376266493313555,1.540372610092163,1.3399208308444834,69,lead,lead,Lead,
77026,soldier_caught,0,1,0,0,667,10,5.0,657,,,1.8114330768585205,0,1.1588851013829462,0.8568477630615234,1.2523723224787577,658,lead,lead,Lead,
77027,intercepted,1,0,0,0,337,21,10.5,316,337.0,168.5,2.6876816749572754,0,1.1226728332437552,1.7194653749465942,1.2185585726415258,317,lead,lead,Lead,
77028,intercepted,1,0,0,0,779,10,5.0,769,779.0,389.5,2.123433828353882,0,1.1386411715782696,0.9783306121826172,1.2297974756294834,770,lead,lead,Lead,
77029,intercepted,1,0,0,0,175,15,7.5,160,175.0,87.5,7.11616325378418,0,1.1224078299095912,0.8903177976608276,1.2178423373918783,161,lead,lead,Lead,
77030,intercepted,1,0,0,0,879,9,4.5,870,879.0,439.5,3.2695276737213135,0,1.1203360890993157,0.7837765216827393,1.2155428443872065,871,lead,lead,Lead,
77031,intercepted,1,0,0,0,434,9,4.5,425,434.0,217.0,3.020477056503296,0,1.1404395174112678,0.3828445374965668,1.2417655698290275,426,lead,lead,Lead,
77032,intercepted,1,0,0,0,1223,31,15.5,1192,1223.0,611.5,2.696470022201538,0,1.1349290888772128,0.7181305885314941,1.2285908524192608,1193,lead,lead,Lead,
77033,intercepted,1,0,0,0,270,14,7.0,256,270.0,135.0,2.5384535789489746,0,1.129459308192192,0.8958314061164856,1.234126739871216,257,lead,lead,Lead,
77034,intercepted,1,0,0,0,438,10,5.0,428,438.0,219.0,2.207371711730957,0,1.1299444416359865,0.18553221225738525,1.2313509198960133,429,lead,lead,Lead,
77035,soldier_caught,0,1,0,0,1258,13,6.5,1245,,,1.0169874429702759,0,1.1310026193572804,1.7017345428466797,1.2323462501484517,1246,lead,lead,Lead,
77036,intercepted,1,0,0,0,932,13,6.5,919,932.0,466.0,2.961641788482666,0,1.144341677022369,0.6816810965538025,1.2328226115093945,920,lead,lead,Lead,
77037,intercepted,1,0,0,0,549,12,6.0,537,549.0,274.5,2.751272201538086,0,1.156808236537702,2.140944480895996,1.266295917008072,538,lead,lead,Lead,
77038,intercepted,1,0,0,0,99,11,5.5,88,99.0,49.5,9.191452980041504,0,1.1157288993342538,0.5904439091682434,1.2025619905908753,89,lead,lead,Lead,
77039,intercepted,1,0,0,0,434,13,6.5,421,434.0,217.0,2.246689796447754,0,1.1092179524601917,1.0299474000930786,1.2029963146704215,422,lead,lead,Lead,
77040,intercepted,1,0,0,0,527,10,5.0,517,527.0,263.5,3.2895634174346924,0,1.126673970659152,1.0958211421966553,1.2198065349513108,518,lead,lead,Lead,
77041,intercepted,1,0,0,0,1156,18,9.0,1138,1156.0,578.0,2.057603359222412,0,1.093925649184109,1.1452468633651733,1.1876674720379308,1139,lead,lead,Lead,
77042,unsafe_intercept,0,0,1,0,10,8,4.0,2,,,2.2113826274871826,0,1.2983132203420003,1.9264744520187378,1.374620054414842,3,lead,lead,Lead,
77043,intercepted,1,0,0,0,301,13,6.5,288,301.0,150.5,4.075796127319336,0,1.1330522035335586,1.3179926872253418,1.218492012545563,289,lead,lead,Lead,
77044,intercepted,1,0,0,0,15,13,6.5,2,15.0,7.5,3.7166266441345215,0,1.032090832789739,1.0633116960525513,1.1741006584044913,3,lead,lead,Lead,
77045,intercepted,1,0,0,0,540,60,30.0,480,540.0,270.0,8.122381210327148,0,1.101029695908146,0.8024247288703918,1.2004089605639885,481,lead,lead,Lead,
77046,intercepted,1,0,0,0,165,13,6.5,152,165.0,82.5,6.867868900299072,0,1.1922369283788345,1.1997963190078735,1.3010179726854818,153,lead,lead,Lead,
77047,unsafe_intercept,0,0,1,0,11,9,4.5,2,,,2.48655366897583,0,0.6339781582355499,0.383727103471756,0.680930316224528,3,lead,lead,Lead,
77048,intercepted,1,0,0,0,66,34,17.0,32,66.0,33.0,10.955452919006348,0,1.1916752024130388,0.8515892028808594,1.2971276794033149,33,lead,lead,Lead,
77049,intercepted,1,0,0,0,211,34,17.0,177,211.0,105.5,3.122225046157837,0,1.0799951665522007,1.024850845336914,1.1898541713462378,178,lead,lead,Lead,
77050,soldier_caught,0,1,0,0,38,10,5.0,28,,,0.9334697127342224,0,1.0351795245861184,0.9680607318878174,1.1248353800014899,29,lead,lead,Lead,
77051,soldier_caught,0,1,0,0,552,15,7.5,537,,,0.7071147561073303,0,1.136400305302502,0.9236378073692322,1.2300130239770766,538,lead,lead,Lead,
77052,intercepted,1,0,0,0,501,17,8.5,484,501.0,250.5,2.9978885650634766,0,1.122894419268849,0.8760672211647034,1.2219250917592561,485,lead,lead,Lead,
77053,intercepted,1,0,0,0,319,11,5.5,308,319.0,159.5,2.0471861362457275,0,1.147312025253248,0.8282861113548279,1.2361420763384292,309,lead,lead,Lead,
77054,intercepted,1,0,0,0,205,19,9.5,186,205.0,102.5,8.660548210144043,0,1.1206798105635107,0.38100937008857727,1.2261064291541945,187,lead,lead,Lead,
77055,soldier_caught,0,1,0,0,1175,13,6.5,1162,,,1.854433298110962,0,1.135923977021964,1.197785496711731,1.2329190894932829,1163,lead,lead,Lead,
77056,soldier_caught,0,1,0,0,208,132,66.0,76,,,1.200705647468567,0,1.119928777217865,0.9836905002593994,1.1989419230922638,77,lead,lead,Lead,
77057,intercepted,1,0,0,0,183,10,5.0,173,183.0,91.5,2.3533072471618652,0,1.1317163044693825,0.8573465347290039,1.243407105243417,174,lead,lead,Lead,
77058,soldier_caught,0,1,0,0,274,7,3.5,267,,,1.1114846467971802,0,1.125206385252636,0.6850727200508118,1.2123247552827552,268,lead,lead,Lead,
77059,intercepted,1,0,0,0,342,11,5.5,331,342.0,171.0,4.724384784698486,0,1.0752299638487488,1.446434497833252,1.1635462481151826,332,lead,lead,Lead,
77060,intercepted,1,0,0,0,379,10,5.0,369,379.0,189.5,3.2589714527130127,0,1.0949945060787973,1.2833632230758667,1.1935250056362579,370,lead,lead,Lead,
77061,soldier_caught,0,1,0,0,206,8,4.0,198,,,1.3133348226547241,0,1.1674032187342045,0.647280216217041,1.2748496671038683,199,lead,lead,Lead,
77062,intercepted,1,0,0,0,83,11,5.5,72,83.0,41.5,3.7979142665863037,0,1.2331102392444873,1.3910609483718872,1.3373608933020111,73,lead,lead,Lead,
77063,intercepted,1,0,0,0,234,8,4.0,226,234.0,117.0,6.620163440704346,0,1.1116644134868083,1.5463757514953613,1.2084804798921147,227,lead,lead,Lead,
77064,intercepted,1,0,0,0,267,7,3.5,260,267.0,133.5,3.037832021713257,0,1.1378523056534515,1.2719831466674805,1.2409268156908084,261,lead,lead,Lead,
77065,soldier_caught,0,1,0,0,106,11,5.5,95,,,1.6300709247589111,0,1.1631946731358767,1.8143630027770996,1.2751027779015724,96,lead,lead,Lead,
77066,intercepted,1,0,0,0,156,12,6.0,144,156.0,78.0,2.953868865966797,0,1.1149234858052484,0.6638206243515015,1.2024837863744475,145,lead,lead,Lead,
77067,intercepted,1,0,0,0,109,82,41.0,27,109.0,54.5,4.582088470458984,0,1.187444647508008,2.6691231727600098,1.3332131892462498,28,lead,lead,Lead,
77068,intercepted,1,0,0,0,374,10,5.0,364,374.0,187.0,2.9871222972869873,0,1.161406830034844,1.0260212421417236,1.251508278263871,365,lead,lead,Lead,
77069,intercepted,1,0,0,0,376,9,4.5,367,376.0,188.0,5.182067394256592,0,1.155632078161706,1.0551303625106812,1.2525691290585554,368,lead,lead,Lead,
77070,intercepted,1,0,0,0,284,11,5.5,273,284.0,142.0,2.0204179286956787,0,1.081917020417478,1.9028609991073608,1.1703650522044728,274,lead,lead,Lead,
77071,intercepted,1,0,0,0,242,15,7.5,227,242.0,121.0,8.85899829864502,0,1.0911770298292762,1.7278194427490234,1.1875849591028305,228,lead,lead,Lead,
77072,intercepted,1,0,0,0,224,17,8.5,207,224.0,112.0,2.4427435398101807,0,1.1058542849496007,1.2674366235733032,1.2139841975608427,208,lead,lead,Lead,
77073,intercepted,1,0,0,0,1025,11,5.5,1014,1025.0,512.5,3.206789970397949,0,1.0983805070076083,1.5981464385986328,1.1959184307297046,1015,lead,lead,Lead,
77074,soldier_caught,0,1,0,0,35,10,5.0,25,,,0.9445130228996277,0,1.0523068262980535,0.10927292704582214,1.1770048807764892,26,lead,lead,Lead,
77075,intercepted,1,0,0,0,237,12,6.0,225,237.0,118.5,4.899362564086914,0,1.1567794157076725,1.447938323020935,1.2508023818608032,226,lead,lead,Lead,
77076,intercepted,1,0,0,0,57,8,4.0,49,57.0,28.5,6.483496189117432,0,1.2103121130168437,2.0823004245758057,1.3295624721339392,50,lead,lead,Lead,
77077,intercepted,1,0,0,0,272,16,8.0,256,272.0,136.0,3.765934467315674,0,1.0478009380951,1.8414262533187866,1.1523794015543836,257,lead,lead,Lead,
77078,intercepted,1,0,0,0,564,9,4.5,555,564.0,282.0,4.451242446899414,0,1.0872437378539026,0.5459483861923218,1.186911534604139,556,lead,lead,Lead,
77079,soldier_caught,0,1,0,0,47,22,11.0,25,,,1.6186000108718872,0,1.069951444864273,0.44406604766845703,1.1577401388149005,26,lead,lead,Lead,
77080,intercepted,1,0,0,0,259,9,4.5,250,259.0,129.5,2.8881049156188965,0,1.1646459274201755,1.3679206371307373,1.2515633347423751,251,lead,lead,Lead,
77081,intercepted,1,0,0,0,126,30,15.0,96,126.0,63.0,9.88176441192627,0,1.1298627887190003,1.1875030994415283,1.2233101049385182,97,lead,lead,Lead,
77082,intercepted,1,0,0,0,239,8,4.0,231,239.0,119.5,5.437901496887207,0,1.1243381358940026,0.7088965773582458,1.229240378648844,232,lead,lead,Lead,
77083,intercepted,1,0,0,0,383,8,4.0,375,383.0,191.5,4.9402079582214355,0,1.1426104071569887,0.9192956686019897,1.2365013546070922,376,lead,lead,Lead,
77084,intercepted,1,0,0,0,1023,10,5.0,1013,1023.0,511.5,2.3116586208343506,0,1.1122641394418138,2.0480434894561768,1.2109124784799492,1014,lead,lead,Lead,
77085,unsafe_intercept,0,0,1,0,10,8,4.0,2,,,2.853425979614258,0,0.9669744173685709,0.6834004521369934,1.0347318137959653,3,lead,lead,Lead,
77086,intercepted,1,0,0,0,878,9,4.5,869,878.0,439.0,3.173424482345581,0,1.1265733424959512,0.6535289287567139,1.2269660576973085,870,lead,lead,Lead,
77087,soldier_caught,0,1,0,0,1547,9,4.5,1538,,,1.8197603225708008,0,1.1108784349592884,0.6297798156738281,1.2084337630680009,1539,lead,lead,Lead,
77088,soldier_caught,0,1,0,0,349,9,4.5,340,,,1.578364372253418,0,1.1158714066546334,0.4775511920452118,1.2116001067042468,341,lead,lead,Lead,
77089,soldier_caught,0,1,0,0,289,49,24.5,240,,,1.2452208995819092,0,1.0981913511931154,0.65369713306427,1.2008889175216937,241,lead,lead,Lead,
77090,soldier_caught,0,1,0,0,208,10,5.0,198,,,1.460345983505249,0,1.0710066565541765,1.7113069295883179,1.1733102744171153,199,lead,lead,Lead,
77091,intercepted,1,0,0,0,394,8,4.0,386,394.0,197.0,3.7695953845977783,0,1.1205204030263023,1.4361413717269897,1.2228556255423009,387,lead,lead,Lead,
77092,intercepted,1,0,0,0,235,9,4.5,226,235.0,117.5,4.613405704498291,0,1.1193867132133324,1.506539225578308,1.1985066242421982,227,lead,lead,Lead,
77093,intercepted,1,0,0,0,470,40,20.0,430,470.0,235.0,2.5712833404541016,0,1.1232002979088271,1.1556698083877563,1.217818895626439,431,lead,lead,Lead,
77094,intercepted,1,0,0,0,42,15,7.5,27,42.0,21.0,7.013154029846191,0,0.9923291254256453,0.7908176183700562,1.0672407218761841,28,lead,lead,Lead,
77095,intercepted,1,0,0,0,36,10,5.0,26,36.0,18.0,5.935250759124756,0,1.1709603038099077,1.2442128658294678,1.2640177949560634,27,lead,lead,Lead,
77096,intercepted,1,0,0,0,228,12,6.0,216,228.0,114.0,7.104798793792725,0,1.1490690916913995,0.7137663960456848,1.2419831689004899,217,lead,lead,Lead,
77097,soldier_caught,0,1,0,0,1033,11,5.5,1022,,,0.8826121687889099,0,1.1035750192259588,0.678568959236145,1.2103843054331775,1023,lead,lead,Lead,
77098,intercepted,1,0,0,0,137,11,5.5,126,137.0,68.5,10.510777473449707,0,1.0744102816647432,1.2078107595443726,1.172661764908988,127,lead,lead,Lead,
77099,intercepted,1,0,0,0,657,8,4.0,649,657.0,328.5,4.345655918121338,0,1.1549571091509783,0.6090236902236938,1.2526929575986114,650,lead,lead,Lead,
77100,intercepted,1,0,0,0,70,20,10.0,50,70.0,35.0,5.598636150360107,0,1.1370557108346153,1.321204423904419,1.2187204887001948,51,lead,lead,Lead,
77101,intercepted,1,0,0,0,689,15,7.5,674,689.0,344.5,2.221390724182129,0,1.1217667309663915,0.9489942789077759,1.2151699153410611,675,lead,lead,Lead,
77102,intercepted,1,0,0,0,476,10,5.0,466,476.0,238.0,3.3532145023345947,0,1.135631506301351,1.2589665651321411,1.2287225083033446,467,lead,lead,Lead,
77103,intercepted,1,0,0,0,10,8,4.0,2,10.0,5.0,4.66640043258667,0,1.4711109002431233,1.0810627937316895,1.501777671361416,3,lead,lead,Lead,
77104,intercepted,1,0,0,0,40,12,6.0,28,40.0,20.0,2.683626890182495,0,1.0703629948969544,0.7974998950958252,1.1841419439165692,29,lead,lead,Lead,
77105,intercepted,1,0,0,0,242,25,12.5,217,242.0,121.0,6.034151554107666,0,1.1394112273162111,1.3321332931518555,1.236822068808919,218,lead,lead,Lead,
77106,intercepted,1,0,0,0,137,12,6.0,125,137.0,68.5,2.6035332679748535,0,1.1094801172850624,0.4249320924282074,1.1826234062885324,126,lead,lead,Lead,
77107,intercepted,1,0,0,0,124,8,4.0,116,124.0,62.0,6.267820835113525,0,1.107488287628716,1.129557728767395,1.215807422161299,117,lead,lead,Lead,
77108,intercepted,1,0,0,0,463,11,5.5,452,463.0,231.5,2.6837158203125,0,1.1238251216216197,0.40193018317222595,1.2245319906812462,453,lead,lead,Lead,
77109,soldier_caught,0,1,0,0,196,9,4.5,187,,,1.884564757347107,0,1.1152074167386015,1.200730800628662,1.2052747036003184,188,lead,lead,Lead,
77110,intercepted,1,0,0,0,601,15,7.5,586,601.0,300.5,2.9119815826416016,0,1.1520475864638868,1.4895514249801636,1.2534308134507337,587,lead,lead,Lead,
77111,intercepted,1,0,0,0,797,9,4.5,788,797.0,398.5,2.0585360527038574,0,1.1455879042772588,1.5268617868423462,1.2385125893960873,789,lead,lead,Lead,
77112,intercepted,1,0,0,0,1312,32,16.0,1280,1312.0,656.0,2.588740348815918,0,1.1495118437801648,1.2767548561096191,1.2486716025320608,1281,lead,lead,Lead,
77113,intercepted,1,0,0,0,706,12,6.0,694,706.0,353.0,3.8318512439727783,0,1.120634385664686,1.1825881004333496,1.2165080769064138,695,lead,lead,Lead,
77114,intercepted,1,0,0,0,248,12,6.0,236,248.0,124.0,8.789700508117676,0,1.1774605922558137,0.7409435510635376,1.2760391612152302,237,lead,lead,Lead,
77115,soldier_caught,0,1,0,0,296,14,7.0,282,,,1.888834834098816,0,1.1463476402599484,0.5775954723358154,1.237010676201674,283,lead,lead,Lead,
77116,intercepted,1,0,0,0,295,23,11.5,272,295.0,147.5,10.576266288757324,0,1.1136023920206797,2.339754581451416,1.2127950283391962,273,lead,lead,Lead,
77117,soldier_caught,0,1,0,0,435,11,5.5,424,,,1.5482971668243408,0,1.1561964867921437,0.7487825751304626,1.2644948417216015,425,lead,lead,Lead,
77118,intercepted,1,0,0,0,44,10,5.0,34,44.0,22.0,2.5742855072021484,0,1.1355931141546793,0.9575127959251404,1.2288958957502079,35,lead,lead,Lead,
77119,intercepted,1,0,0,0,10,8,4.0,2,10.0,5.0,4.522286415100098,0,0.8473244110743204,0.6261408925056458,0.8641954746774547,3,lead,lead,Lead,
77120,soldier_caught,0,1,0,0,586,19,9.5,567,,,1.0957696437835693,0,1.1096173382534738,2.004261016845703,1.2066540072084486,568,lead,lead,Lead,
77121,intercepted,1,0,0,0,16,14,7.0,2,16.0,8.0,3.6444356441497803,0,0.6882709662119547,0.7602989077568054,0.7156147703764574,3,lead,lead,Lead,
77122,intercepted,1,0,0,0,84,10,5.0,74,84.0,42.0,5.789498329162598,0,1.2030902032057444,1.5206414461135864,1.3080551429606533,75,lead,lead,Lead,
77123,intercepted,1,0,0,0,189,8,4.0,181,189.0,94.5,2.7927937507629395,0,1.1378026871563314,1.0727810859680176,1.241346668655808,182,lead,lead,Lead,
77124,intercepted,1,0,0,0,202,13,6.5,189,202.0,101.0,8.219902038574219,0,1.14940659513599,0.8354489207267761,1.2286032986315731,190,lead,lead,Lead,
77125,unsafe_intercept,0,0,1,0,9,7,3.5,2,,,2.991304397583008,0,1.6174050569534302,1.287428855895996,1.6346064717673445,3,lead,lead,Lead,
77126,intercepted,1,0,0,0,95,12,6.0,83,95.0,47.5,2.908864736557007,0,1.1659724354034378,1.1092714071273804,1.2449702348367406,84,lead,lead,Lead,
77127,intercepted,1,0,0,0,163,12,6.0,151,163.0,81.5,6.987382411956787,0,1.0748581887271844,1.5202100276947021,1.1879078759980388,152,lead,lead,Lead,
77128,intercepted,1,0,0,0,11,9,4.5,2,11.0,5.5,4.200748920440674,0,1.1308887203534443,1.0573227405548096,1.1923175533311616,3,lead,lead,Lead,
77129,soldier_caught,0,1,0,0,606,18,9.0,588,,,0.9841604828834534,0,1.1505570659360174,0.8706896901130676,1.2418256641373897,589,lead,lead,Lead,
77130,intercepted,1,0,0,0,265,10,5.0,255,265.0,132.5,9.180883407592773,0,1.1588290597428568,0.9070765972137451,1.2489201717522551,256,lead,lead,Lead,
77131,intercepted,1,0,0,0,887,11,5.5,876,887.0,443.5,3.148005485534668,0,1.1155808254133404,1.5449885129928589,1.2119569759982938,877,lead,lead,Lead,
77132,intercepted,1,0,0,0,351,10,5.0,341,351.0,175.5,3.0772876739501953,0,1.1579369074332784,0.3601996898651123,1.2550283475563229,342,lead,lead,Lead,
77133,intercepted,1,0,0,0,417,11,5.5,406,417.0,208.5,3.2354745864868164,0,1.142111035745765,1.5151195526123047,1.240081620878928,407,lead,lead,Lead,
77134,intercepted,1,0,0,0,1148,9,4.5,1139,1148.0,574.0,2.710167407989502,0,1.1026236025453138,0.8773182034492493,1.1967678648643867,1140,lead,lead,Lead,
77135,soldier_caught,0,1,0,0,1002,9,4.5,993,,,1.768871784210205,0,1.1469005639524288,0.7458956241607666,1.2389472238762413,994,lead,lead,Lead,
77136,intercepted,1,0,0,0,335,166,83.0,169,335.0,167.5,2.123720645904541,0,1.1814999301643934,1.1671141386032104,1.2836140305100756,170,lead,lead,Lead,
77137,soldier_caught,0,1,0,0,55,7,3.5,48,,,1.218367338180542,0,1.1948824962791131,1.0895113945007324,1.281478335184885,49,lead,lead,Lead,
77138,intercepted,1,0,0,0,198,15,7.5,183,198.0,99.0,2.241672992706299,0,1.0993939555533554,0.9992534518241882,1.1900694655032416,184,lead,lead,Lead,
77139,intercepted,1,0,0,0,100,14,7.0,86,100.0,50.0,2.92915415763855,0,1.1089196520290157,0.48530304431915283,1.197003394507554,87,lead,lead,Lead,
77140,soldier_caught,0,1,0,0,498,15,7.5,483,,,1.7342417240142822,0,1.1306616780001761,1.5664185285568237,1.2296827411680575,484,lead,lead,Lead,
77141,intercepted,1,0,0,0,677,16,8.0,661,677.0,338.5,6.184978008270264,0,1.119534511456767,0.6149343848228455,1.2049245397143415,662,lead,lead,Lead,
77142,intercepted,1,0,0,0,814,14,7.0,800,814.0,407.0,2.925201892852783,0,1.1095440150442046,1.1850001811981201,1.2088127772086914,801,lead,lead,Lead,
77143,intercepted,1,0,0,0,706,13,6.5,693,706.0,353.0,4.898881435394287,0,1.1176630838395711,0.9527977705001831,1.206994736732413,694,lead,lead,Lead,
77144,intercepted,1,0,0,0,310,8,4.0,302,310.0,155.0,2.33115553855896,0,1.1365996872631237,0.7588085532188416,1.2359729527065806,303,lead,lead,Lead,
77145,soldier_caught,0,1,0,0,239,21,10.5,218,,,1.472643256187439,0,1.125707030568493,1.2690926790237427,1.235267775190268,219,lead,lead,Lead,
77146,soldier_caught,0,1,0,0,237,11,5.5,226,,,0.32249146699905396,0,1.1425146698163995,0.30881211161613464,1.2339769960612559,227,lead,lead,Lead,
77147,soldier_caught,0,1,0,0,401,14,7.0,387,,,1.925730586051941,0,1.1570791154331768,1.1757211685180664,1.257519880834921,388,lead,lead,Lead,
77148,intercepted,1,0,0,0,1375,16,8.0,1359,1375.0,687.5,2.459470272064209,0,1.1184956305331606,1.3386077880859375,1.2124371947842227,1360,lead,lead,Lead,
77149,unsafe_intercept,0,0,1,0,15,13,6.5,2,,,2.5927841663360596,0,1.2232844432195027,2.0726113319396973,1.3650238552153893,3,lead,lead,Lead,
77150,soldier_caught,0,1,0,0,812,10,5.0,802,,,1.6389868259429932,0,1.1232400389381245,0.597797155380249,1.2204560215436904,803,lead,lead,Lead,
77151,intercepted,1,0,0,0,1193,12,6.0,1181,1193.0,596.5,5.672974109649658,0,1.1105153426061527,0.7318806052207947,1.2020662340137618,1182,lead,lead,Lead,
77152,intercepted,1,0,0,0,831,27,13.5,804,831.0,415.5,3.6627676486968994,0,1.1121558949258756,1.0482642650604248,1.2083685268105426,805,lead,lead,Lead,
77153,soldier_caught,0,1,0,0,35,11,5.5,24,,,1.4343470335006714,0,1.261066722869873,0.5485871434211731,1.3735050409745857,25,lead,lead,Lead,
77154,soldier_caught,0,1,0,0,502,15,7.5,487,,,1.8744620084762573,0,1.1739280478815075,0.9465457201004028,1.2673248311592424,488,lead,lead,Lead,
77155,intercepted,1,0,0,0,96,12,6.0,84,96.0,48.0,11.024518013000488,0,1.0252071151838582,0.3996412754058838,1.1287371916583984,85,lead,lead,Lead,
77156,intercepted,1,0,0,0,507,10,5.0,497,507.0,253.5,3.3719279766082764,0,1.1061467662693028,0.6098243594169617,1.1983876723860731,498,lead,lead,Lead,
77157,intercepted,1,0,0,0,15,13,6.5,2,15.0,7.5,4.234968662261963,0,1.004277100165685,0.29392561316490173,1.1411512971215596,3,lead,lead,Lead,
77158,intercepted,1,0,0,0,830,8,4.0,822,830.0,415.0,2.5491349697113037,0,1.1133218080728775,0.7755873799324036,1.2103984539814634,823,lead,lead,Lead,
77159,intercepted,1,0,0,0,369,16,8.0,353,369.0,184.5,4.046589374542236,0,1.1106154541090383,1.3617773056030273,1.2067864195620588,354,lead,lead,Lead,
77160,soldier_caught,0,1,0,0,360,17,8.5,343,,,1.733742594718933,0,1.1337451445112048,1.70858895778656,1.2255615790371808,344,lead,lead,Lead,
77161,soldier_caught,0,1,0,0,712,10,5.0,702,,,0.7633243799209595,0,1.121486448387418,0.5155659914016724,1.218130452918882,703,lead,lead,Lead,
77162,intercepted,1,0,0,0,201,15,7.5,186,201.0,100.5,9.44088077545166,0,1.1053861158894982,0.776023805141449,1.2094126885382332,187,lead,lead,Lead,
77163,intercepted,1,0,0,0,699,19,9.5,680,699.0,349.5,5.638455867767334,0,1.139455185336076,1.766666293144226,1.2323673086523694,681,lead,lead,Lead,
77164,intercepted,1,0,0,0,328,12,6.0,316,328.0,164.0,4.378047943115234,0,1.1388595529629228,1.5834003686904907,1.2374265726535736,317,lead,lead,Lead,
77165,intercepted,1,0,0,0,216,14,7.0,202,216.0,108.0,2.185959815979004,0,1.116352728288162,1.0540715456008911,1.2058264394314804,203,lead,lead,Lead,
77166,soldier_caught,0,1,0,0,84,16,8.0,68,,,1.1074291467666626,0,1.1529548317193985,0.35758456587791443,1.2675612318286535,69,lead,lead,Lead,
77167,unsafe_intercept,0,0,1,0,13,11,5.5,2,,,2.666950225830078,0,1.0209753513336182,1.2127153873443604,1.0329903444068844,3,lead,lead,Lead,
77168,intercepted,1,0,0,0,1595,12,6.0,1583,1595.0,797.5,2.1613049507141113,0,1.1233387213256774,1.7149566411972046,1.2159883218174379,1584,lead,lead,Lead,
77169,soldier_caught,0,1,0,0,58,10,5.0,48,,,1.6276510953903198,0,1.2226800845593822,0.9402467608451843,1.3314262395920946,49,lead,lead,Lead,
77170,intercepted,1,0,0,0,1083,30,15.0,1053,1083.0,541.5,6.6136603355407715,0,1.131311154767051,2.119626998901367,1.2249438296389938,1054,lead,lead,Lead,
77171,intercepted,1,0,0,0,411,9,4.5,402,411.0,205.5,2.1920270919799805,0,1.147119247994707,1.8963674306869507,1.2396477078411314,403,lead,lead,Lead,
77172,soldier_caught,0,1,0,0,338,12,6.0,326,,,1.851294755935669,0,1.16716326652408,0.9606659412384033,1.2736737256334654,327,lead,lead,Lead,
77173,intercepted,1,0,0,0,112,60,30.0,52,112.0,56.0,11.162921905517578,0,1.06211478670813,1.0679465532302856,1.18141877426873,53,lead,lead,Lead,
77174,soldier_caught,0,1,0,0,1488,15,7.5,1473,,,1.70247220993042,0,1.147206135973678,0.65475994348526,1.2393423191737143,1474,lead,lead,Lead,
77175,intercepted,1,0,0,0,43,7,3.5,36,43.0,21.5,9.8035306930542,0,1.1050031877852775,0.3297690749168396,1.2459132267117727,37,lead,lead,Lead,
77176,intercepted,1,0,0,0,611,13,6.5,598,611.0,305.5,4.662021636962891,0,1.109239042713268,0.9381965398788452,1.2145698924152066,599,lead,lead,Lead,
77177,intercepted,1,0,0,0,947,14,7.0,933,947.0,473.5,2.547128438949585,0,1.1022484743971641,1.088439702987671,1.1955570769474078,934,lead,lead,Lead,
77178,intercepted,1,0,0,0,53,10,5.0,43,53.0,26.5,3.1639397144317627,0,1.2524280290712009,1.8206682205200195,1.3576456743747234,44,lead,lead,Lead,
77179,soldier_caught,0,1,0,0,61,10,5.0,51,,,1.4102624654769897,0,1.1799077953283603,1.0600645542144775,1.2555154669971669,52,lead,lead,Lead,
77180,intercepted,1,0,0,0,15,13,6.5,2,15.0,7.5,6.025385856628418,0,1.2488489151000977,0.822807788848877,1.3825366912757413,3,lead,lead,Lead,
77181,soldier_caught,0,1,0,0,1479,19,9.5,1460,,,1.8763607740402222,0,1.1146615793001644,1.2495189905166626,1.2127792502202155,1461,lead,lead,Lead,
77182,intercepted,1,0,0,0,68,13,6.5,55,68.0,34.0,9.457976341247559,0,1.16439092744674,1.3243141174316406,1.2471765206569778,56,lead,lead,Lead,
77183,soldier_caught,0,1,0,0,471,8,4.0,463,,,1.1152297258377075,0,1.1380226631359807,0.44220805168151855,1.2284578602113898,464,lead,lead,Lead,
77184,intercepted,1,0,0,0,288,15,7.5,273,288.0,144.0,3.9597179889678955,0,1.0919188036155092,0.7092583775520325,1.1895241899283084,274,lead,lead,Lead,
77185,intercepted,1,0,0,0,1162,32,16.0,1130,1162.0,581.0,2.0585827827453613,0,1.0981893351681986,1.3126264810562134,1.1978244428074027,1131,lead,lead,Lead,
77186,soldier_caught,0,1,0,0,192,11,5.5,181,,,1.5912338495254517,0,1.178621775337628,0.7597788572311401,1.273516458517048,182,lead,lead,Lead,
77187,intercepted,1,0,0,0,144,7,3.5,137,144.0,72.0,4.531012535095215,0,1.1011920589143815,1.3987301588058472,1.1835413735153102,138,lead,lead,Lead,
77188,intercepted,1,0,0,0,14,12,6.0,2,14.0,7.0,5.390051364898682,0,0.8857102195421854,1.1247957944869995,0.9134890092606579,3,lead,lead,Lead,
77189,intercepted,1,0,0,0,33,8,4.0,25,33.0,16.5,8.986821174621582,0,1.213192451458711,1.402565836906433,1.3354138979094234,26,lead,lead,Lead,
77190,intercepted,1,0,0,0,13,12,6.0,1,13.0,6.5,3.7210752964019775,0,1.3023312389850616,1.979715347290039,1.4679631760437641,2,lead,lead,Lead,
77191,intercepted,1,0,0,0,38,7,3.5,31,38.0,19.0,5.064533233642578,0,1.0867991028353572,1.080396294593811,1.1617741861876485,32,lead,lead,Lead,
77192,soldier_caught,0,1,0,0,63,7,3.5,56,,,1.7195218801498413,0,1.1383327930642848,0.8735644817352295,1.2179392573175902,57,lead,lead,Lead,
77193,intercepted,1,0,0,0,497,9,4.5,488,497.0,248.5,4.541097640991211,0,1.1132028371644167,1.2672991752624512,1.213976502184777,489,lead,lead,Lead,
77194,soldier_caught,0,1,0,0,847,20,10.0,827,,,0.8688445687294006,0,1.1107157278931947,1.5350440740585327,1.203153717648539,828,lead,lead,Lead,
77195,soldier_caught,0,1,0,0,57,7,3.5,50,,,1.8564790487289429,0,1.0821039025105683,0.9718389511108398,1.2134264567588817,51,lead,lead,Lead,
77196,intercepted,1,0,0,0,848,9,4.5,839,848.0,424.0,2.200702667236328,0,1.1236560589944322,0.4056832790374756,1.2212887920943438,840,lead,lead,Lead,
77197,intercepted,1,0,0,0,41,27,13.5,14,41.0,20.5,12.234657287597656,0,1.1607011795043944,2.3288979530334473,1.2903540377032368,15,lead,lead,Lead,
77198,soldier_caught,0,1,0,0,763,8,4.0,755,,,0.35730573534965515,0,1.1146097150310952,0.9912953972816467,1.2109326027329215,756,lead,lead,Lead,
77199,intercepted,1,0,0,0,673,17,8.5,656,673.0,336.5,5.306256294250488,0,1.11672653189805,1.15206778049469,1.2127146652017007,657,lead,lead,Lead,
77200,intercepted,1,0,0,0,318,21,10.5,297,318.0,159.0,7.563007354736328,0,1.1275926419852564,0.805530309677124,1.2079438324303835,298,lead,lead,Lead,
77201,intercepted,1,0,0,0,37,9,4.5,28,37.0,18.5,7.2641143798828125,0,1.1474970044760868,1.5601646900177002,1.212638428435955,29,lead,lead,Lead,
77202,soldier_caught,0,1,0,0,409,11,5.5,398,,,0.4597966969013214,0,1.0775156070975433,1.7855788469314575,1.174575751709088,399,lead,lead,Lead,
77203,soldier_caught,0,1,0,0,262,14,7.0,248,,,1.9249024391174316,0,1.1399989986874492,0.4396819770336151,1.230532800995815,249,lead,lead,Lead,
77204,intercepted,1,0,0,0,108,35,17.5,73,108.0,54.0,13.163259506225586,0,1.150720074974202,1.2646433115005493,1.2336111864662005,74,lead,lead,Lead,
77205,intercepted,1,0,0,0,225,11,5.5,214,225.0,112.5,2.04382586479187,0,1.1415947304215541,1.2335880994796753,1.2328263939600428,215,lead,lead,Lead,
77206,intercepted,1,0,0,0,78,11,5.5,67,78.0,39.0,4.548954963684082,0,1.1310333083657658,1.3801195621490479,1.2249308822090434,68,lead,lead,Lead,
77207,intercepted,1,0,0,0,237,9,4.5,228,237.0,118.5,5.788767337799072,0,1.1586561474997925,1.3808025121688843,1.2606157061154437,229,lead,lead,Lead,
77208,soldier_caught,0,1,0,0,46,44,22.0,2,,,1.0939351320266724,0,0.8091656963030497,0.7685060501098633,0.8243337352189869,3,lead,lead,Lead,
77209,intercepted,1,0,0,0,1172,20,10.0,1152,1172.0,586.0,2.6262872219085693,0,1.1171712655402843,0.9517597556114197,1.2167756033508526,1153,lead,lead,Lead,
77210,intercepted,1,0,0,0,145,19,9.5,126,145.0,72.5,7.009273529052734,0,1.089299064862916,0.7759718894958496,1.168893208722887,127,lead,lead,Lead,
77211,intercepted,1,0,0,0,669,13,6.5,656,669.0,334.5,4.88892936706543,0,1.1426833932439668,1.0708719491958618,1.236694111780105,657,lead,lead,Lead,
77212,intercepted,1,0,0,0,1030,11,5.5,1019,1030.0,515.0,2.5839426517486572,0,1.1278201730666206,1.3626302480697632,1.2256702932684556,1020,lead,lead,Lead,
77213,intercepted,1,0,0,0,507,9,4.5,498,507.0,253.5,5.653045177459717,0,1.1188216438453518,0.6218604445457458,1.2127004726303794,499,lead,lead,Lead,
77214,soldier_caught,0,1,0,0,554,13,6.5,541,,,1.9696893692016602,0,1.0966087828263145,0.8519693613052368,1.188252946853515,542,lead,lead,Lead,
77215,soldier_caught,0,1,0,0,12,10,5.0,2,,,1.3841181993484497,0,0.6353898247083029,1.2865180969238281,0.793771250670186,3,lead,lead,Lead,
77216,intercepted,1,0,0,0,1160,42,21.0,1118,1160.0,580.0,2.9488229751586914,0,1.1488276022861748,1.6379258632659912,1.2452056569608554,1119,lead,lead,Lead,
77217,intercepted,1,0,0,0,201,11,5.5,190,201.0,100.5,7.280608654022217,0,1.1071416302657253,0.9103758931159973,1.2038393979005255,191,lead,lead,Lead,
77218,intercepted,1,0,0,0,251,16,8.0,235,251.0,125.5,2.2980244159698486,0,1.1381133010263664,0.7657508850097656,1.237578036451212,236,lead,lead,Lead,
77219,intercepted,1,0,0,0,100,7,3.5,93,100.0,50.0,5.624791145324707,0,1.103916731286556,0.8312494158744812,1.2022777488699588,94,lead,lead,Lead,
77220,soldier_caught,0,1,0,0,761,11,5.5,750,,,0.621610164642334,0,1.1474154965924757,0.8841243982315063,1.2450474037926134,751,lead,lead,Lead,
77221,soldier_caught,0,1,0,0,520,9,4.5,511,,,1.3884168863296509,0,1.102409973187605,1.0639559030532837,1.1895464063548313,512,lead,lead,Lead,
77222,soldier_caught,0,1,0,0,596,9,4.5,587,,,1.757655382156372,0,1.1065970920279724,0.6734611392021179,1.197978460127355,588,lead,lead,Lead,
77223,intercepted,1,0,0,0,154,8,4.0,146,154.0,77.0,3.253816843032837,0,1.093101527820639,0.783689022064209,1.2146099739884797,147,lead,lead,Lead,
77224,intercepted,1,0,0,0,270,12,6.0,258,270.0,135.0,5.412563323974609,0,1.0787250468629668,0.5419670939445496,1.1835936679022239,259,lead,lead,Lead,
77225,soldier_caught,0,1,0,0,123,80,40.0,43,,,1.7060941457748413,0,1.1369622722268105,1.0144872665405273,1.2247729411577655,44,lead,lead,Lead,
77226,soldier_caught,0,1,0,0,250,16,8.0,234,,,1.6939185857772827,0,1.152778197349386,1.1718655824661255,1.244948884221264,235,lead,lead,Lead,
77227,intercepted,1,0,0,0,590,10,5.0,580,590.0,295.0,2.783339738845825,0,1.1164556325905397,1.7462983131408691,1.210386877674536,581,lead,lead,Lead,
77228,intercepted,1,0,0,0,40,15,7.5,25,40.0,20.0,10.846148490905762,0,1.123215057528936,1.4765063524246216,1.2363803121076213,26,lead,lead,Lead,
77229,intercepted,1,0,0,0,333,8,4.0,325,333.0,166.5,3.88938045501709,0,1.1317660988885567,1.8409454822540283,1.2386919295587517,326,lead,lead,Lead,
77230,intercepted,1,0,0,0,298,17,8.5,281,298.0,149.0,5.83539342880249,0,1.1688342468007236,1.3327736854553223,1.2648759698637677,282,lead,lead,Lead,
77231,intercepted,1,0,0,0,522,14,7.0,508,522.0,261.0,4.872854709625244,0,1.1195557774840497,1.1815645694732666,1.2115803527700462,509,lead,lead,Lead,
77232,intercepted,1,0,0,0,442,11,5.5,431,442.0,221.0,2.344003200531006,0,1.1243004708171442,0.9791209101676941,1.2083115519628969,432,lead,lead,Lead,
77233,soldier_caught,0,1,0,0,76,8,4.0,68,,,1.7521544694900513,0,1.1122848283553468,0.4632260203361511,1.2144039007816376,69,lead,lead,Lead,
77234,intercepted,1,0,0,0,100,11,5.5,89,100.0,50.0,5.365750312805176,0,1.1545799389481544,1.5286865234375,1.2662047331545614,90,lead,lead,Lead,
77235,intercepted,1,0,0,0,737,11,5.5,726,737.0,368.5,2.916555643081665,0,1.0887498805988605,0.3024601340293884,1.1814413066092238,727,lead,lead,Lead,
77236,soldier_caught,0,1,0,0,1002,11,5.5,991,,,1.7221176624298096,0,1.1209455756019922,1.2774457931518555,1.2068476568614237,992,lead,lead,Lead,
77237,intercepted,1,0,0,0,173,9,4.5,164,173.0,86.5,6.042373180389404,0,1.11722044728019,1.2864134311676025,1.2015577888468174,165,lead,lead,Lead,
77238,soldier_caught,0,1,0,0,545,12,6.0,533,,,1.3919881582260132,0,1.0930657046480794,1.91537606716156,1.19089740876858,534,lead,lead,Lead,
77239,intercepted,1,0,0,0,298,16,8.0,282,298.0,149.0,12.283243179321289,0,1.1047195582897418,1.0018157958984375,1.2005646270745336,283,lead,lead,Lead,
77240,soldier_caught,0,1,0,0,187,10,5.0,177,,,1.345449447631836,0,1.114461894534277,1.4548386335372925,1.1999689928783788,178,lead,lead,Lead,
77241,intercepted,1,0,0,0,101,7,3.5,94,101.0,50.5,6.530923366546631,0,1.2042461617996818,1.6496856212615967,1.311885758306225,95,lead,lead,Lead,
77242,intercepted,1,0,0,0,10,8,4.0,2,10.0,5.0,3.9587385654449463,0,0.8257293899854025,0.7410792708396912,0.8526932890446742,3,lead,lead,Lead,
77243,intercepted,1,0,0,0,743,8,4.0,735,743.0,371.5,2.790893793106079,0,1.1359564131935653,1.091230869293213,1.2253264321322894,736,lead,lead,Lead,
77244,intercepted,1,0,0,0,306,11,5.5,295,306.0,153.0,3.786639451980591,0,1.1168463705862697,0.9525743722915649,1.2112764954629593,296,lead,lead,Lead,
77245,soldier_caught,0,1,0,0,588,14,7.0,574,,,1.610787272453308,0,1.122365369822668,0.5744885802268982,1.2146002484756013,575,lead,lead,Lead,
77246,intercepted,1,0,0,0,363,12,6.0,351,363.0,181.5,7.341982841491699,0,1.1672769841653379,0.7909639477729797,1.2652628993499573,352,lead,lead,Lead,
77247,intercepted,1,0,0,0,414,9,4.5,405,414.0,207.0,2.9230165481567383,0,1.121482603141827,1.2778189182281494,1.226607486214889,406,lead,lead,Lead,
77248,intercepted,1,0,0,0,998,14,7.0,984,998.0,499.0,2.0471689701080322,0,1.1496534647675336,1.2065763473510742,1.248386317142032,985,lead,lead,Lead,
77249,soldier_caught,0,1,0,0,302,10,5.0,292,,,1.777348279953003,0,1.1164111148680436,0.8617655634880066,1.2265944348775186,293,lead,lead,Lead,
77250,intercepted,1,0,0,0,849,9,4.5,840,849.0,424.5,2.2790157794952393,0,1.1157069693316177,0.5213051438331604,1.2091827617886206,841,lead,lead,Lead,
77251,intercepted,1,0,0,0,329,13,6.5,316,329.0,164.5,3.154888391494751,0,1.1181309352443798,1.3967596292495728,1.2103481989001332,317,lead,lead,Lead,
77252,intercepted,1,0,0,0,661,13,6.5,648,661.0,330.5,2.6996192932128906,0,1.1455013984455533,1.966156244277954,1.236626432599552,649,lead,lead,Lead,
77253,soldier_caught,0,1,0,0,443,8,4.0,435,,,0.8057096004486084,0,1.1650223740880643,1.2170716524124146,1.2567128608653544,436,lead,lead,Lead,
77254,soldier_caught,0,1,0,0,302,20,10.0,282,,,1.8478081226348877,0,1.0885632460930321,0.9213047027587891,1.1786017311712804,283,lead,lead,Lead,
77255,intercepted,1,0,0,0,61,7,3.5,54,61.0,30.5,10.407219886779785,0,1.2572262577035211,0.6572940349578857,1.3535986621249378,55,lead,lead,Lead,
77256,soldier_caught,0,1,0,0,63,35,17.5,28,,,1.6201977729797363,0,1.0867090327986355,1.5501779317855835,1.1612653594531905,29,lead,lead,Lead,
77257,intercepted,1,0,0,0,879,9,4.5,870,879.0,439.5,2.4050989151000977,0,1.1569365955778022,1.9406516551971436,1.2576585352356133,871,lead,lead,Lead,
77258,intercepted,1,0,0,0,62,9,4.5,53,62.0,31.0,2.187288761138916,0,1.0895403082723971,1.384994387626648,1.1821608797130123,54,lead,lead,Lead,
77259,intercepted,1,0,0,0,180,26,13.0,154,180.0,90.0,5.397583484649658,0,1.1387579267063448,1.7818965911865234,1.233336151178418,155,lead,lead,Lead,
77260,intercepted,1,0,0,0,589,48,24.0,541,589.0,294.5,2.122634172439575,0,1.1159322620867802,0.9936749339103699,1.2047963438671023,542,lead,lead,Lead,
77261,intercepted,1,0,0,0,1090,57,28.5,1033,1090.0,545.0,2.308602809906006,0,1.1427961396381288,1.4419217109680176,1.2396655710773663,1034,lead,lead,Lead,
77262,soldier_caught,0,1,0,0,236,13,6.5,223,,,1.6012502908706665,0,1.1051370193849184,1.4493069648742676,1.2071663642218602,224,lead,lead,Lead,
77263,intercepted,1,0,0,0,349,40,20.0,309,349.0,174.5,6.232799053192139,0,1.183657111515922,1.0826760530471802,1.283247166668368,310,lead,lead,Lead,
77264,soldier_caught,0,1,0,0,505,14,7.0,491,,,1.433825135231018,0,1.1407377586010996,1.4999490976333618,1.2444678849444022,492,lead,lead,Lead,
77265,intercepted,1,0,0,0,108,7,3.5,101,108.0,54.0,2.626072406768799,0,1.174728409040208,2.561812162399292,1.2833218872428498,102,lead,lead,Lead,
77266,intercepted,1,0,0,0,54,31,15.5,23,54.0,27.0,10.73054027557373,0,1.026798751205206,0.3404008746147156,1.1361628980941079,24,lead,lead,Lead,
77267,soldier_caught,0,1,0,0,35,11,5.5,24,,,0.9203412532806396,0,1.0933574104309083,1.7843787670135498,1.1793312820081898,25,lead,lead,Lead,
77268,intercepted,1,0,0,0,355,30,15.0,325,355.0,177.5,3.739955186843872,0,1.104808000287761,1.2929152250289917,1.209400632616127,326,lead,lead,Lead,
77269,intercepted,1,0,0,0,162,12,6.0,150,162.0,81.0,11.33970832824707,0,1.1336561190766214,1.4225460290908813,1.2247242704994632,151,lead,lead,Lead,
77270,intercepted,1,0,0,0,924,9,4.5,915,924.0,462.0,2.7900469303131104,0,1.1186397835677369,0.7467730045318604,1.2120558741457435,916,lead,lead,Lead,
77271,intercepted,1,0,0,0,545,10,5.0,535,545.0,272.5,7.014995098114014,0,1.1513691337695762,1.4315481185913086,1.2435592727214566,536,lead,lead,Lead,
77272,soldier_caught,0,1,0,0,104,10,5.0,94,,,0.9638576507568359,0,1.1019313228757759,1.9319438934326172,1.2001328039832617,95,lead,lead,Lead,
77273,intercepted,1,0,0,0,195,11,5.5,184,195.0,97.5,10.064212799072266,0,1.1759038846235017,0.7458527088165283,1.2737274456572505,185,lead,lead,Lead,
77274,intercepted,1,0,0,0,14,12,6.0,2,14.0,7.0,5.096257209777832,0,1.530912200609843,1.1413220167160034,1.5689985304028158,3,lead,lead,Lead,
77275,intercepted,1,0,0,0,266,11,5.5,255,266.0,133.0,5.381457805633545,0,1.1073204336571507,1.3448383808135986,1.2011237334047784,256,lead,lead,Lead,
77276,intercepted,1,0,0,0,849,10,5.0,839,849.0,424.5,3.002307891845703,0,1.149905191326425,0.7443411350250244,1.247110714587018,840,lead,lead,Lead,
77277,intercepted,1,0,0,0,461,17,8.5,444,461.0,230.5,3.482898235321045,0,1.1394063711836098,0.7304551005363464,1.232590774172464,445,lead,lead,Lead,
77278,intercepted,1,0,0,0,215,14,7.0,201,215.0,107.5,4.4982805252075195,0,1.1483639594499429,0.6051302552223206,1.2590415837975286,202,lead,lead,Lead,
77279,intercepted,1,0,0,0,955,9,4.5,946,955.0,477.5,4.0571208000183105,0,1.1201772200535696,1.5464147329330444,1.210737655588177,947,lead,lead,Lead,
77280,soldier_caught,0,1,0,0,46,15,7.5,31,,,1.7951219081878662,0,1.0618712259456515,1.2380605936050415,1.14124065272028,32,lead,lead,Lead,
77281,intercepted,1,0,0,0,203,42,21.0,161,203.0,101.5,12.586676597595215,0,1.158799062172572,1.0799726247787476,1.2701307851793753,162,lead,lead,Lead,
77282,soldier_caught,0,1,0,0,452,7,3.5,445,,,1.9269918203353882,0,1.1259189762275315,0.8872114419937134,1.2143154322568572,446,lead,lead,Lead,
77283,soldier_caught,0,1,0,0,703,23,11.5,680,,,1.886992335319519,0,1.1575057142237735,1.5595625638961792,1.2510153140860012,681,lead,lead,Lead,
77284,intercepted,1,0,0,0,591,9,4.5,582,591.0,295.5,3.6973183155059814,0,1.1435559174464456,0.7038323879241943,1.2407728948459869,583,lead,lead,Lead,
77285,soldier_caught,0,1,0,0,641,38,19.0,603,,,1.7686246633529663,0,1.1348658801235307,1.642159104347229,1.2291285578027489,604,lead,lead,Lead,
77286,intercepted,1,0,0,0,1237,9,4.5,1228,1237.0,618.5,2.0154998302459717,0,1.1251471546714242,1.3423868417739868,1.2160857298543808,1229,lead,lead,Lead,
77287,intercepted,1,0,0,0,314,47,23.5,267,314.0,157.0,2.602733850479126,0,1.1357762578374415,0.2394322007894516,1.216314933705501,268,lead,lead,Lead,
77288,soldier_caught,0,1,0,0,260,9,4.5,251,,,1.41411554813385,0,1.1542380609446101,0.325175940990448,1.259087255438515,252,lead,lead,Lead,
77289,intercepted,1,0,0,0,361,10,5.0,351,361.0,180.5,2.6669745445251465,0,1.1190820642408321,0.14658330380916595,1.2165688699286437,352,lead,lead,Lead,
77290,intercepted,1,0,0,0,887,13,6.5,874,887.0,443.5,2.5325865745544434,0,1.133282459616661,0.6934202313423157,1.228713116299552,875,lead,lead,Lead,
77291,soldier_caught,0,1,0,0,397,14,7.0,383,,,1.574328064918518,0,1.1505816359616194,1.4454911947250366,1.2568153470852876,384,lead,lead,Lead,
77292,soldier_caught,0,1,0,0,251,44,22.0,207,,,0.8746896982192993,0,1.1115209824907093,1.609379768371582,1.2227242172203314,208,lead,lead,Lead,
77293,intercepted,1,0,0,0,156,12,6.0,144,156.0,78.0,2.103968620300293,0,1.1213316869119119,1.9281829595565796,1.2200263206712536,145,lead,lead,Lead,
77294,intercepted,1,0,0,0,387,9,4.5,378,387.0,193.5,4.1804046630859375,0,1.1307351077294916,0.35487520694732666,1.2288180155043744,379,lead,lead,Lead,
77295,soldier_caught,0,1,0,0,346,34,17.0,312,,,1.967580795288086,0,1.1280461216030029,0.5421780943870544,1.2276516016100083,313,lead,lead,Lead,
77296,intercepted,1,0,0,0,166,8,4.0,158,166.0,83.0,2.8882322311401367,0,1.2040516958577827,1.8257970809936523,1.2926573272020736,159,lead,lead,Lead,
77297,intercepted,1,0,0,0,267,8,4.0,259,267.0,133.5,4.218100070953369,0,1.0788051273673773,1.5102696418762207,1.1752402111067182,260,lead,lead,Lead,
77298,intercepted,1,0,0,0,189,9,4.5,180,189.0,94.5,3.645198106765747,0,1.1951871195715436,0.7371315360069275,1.2948117336046823,181,lead,lead,Lead,
77299,intercepted,1,0,0,0,174,14,7.0,160,174.0,87.0,10.174628257751465,0,1.190286213937013,0.656096875667572,1.2833353865067012,161,lead,lead,Lead,
77300,intercepted,1,0,0,0,52,10,5.0,42,52.0,26.0,6.154942512512207,0,1.1161741302456967,1.0168614387512207,1.2207001572799983,43,lead,lead,Lead,
77301,intercepted,1,0,0,0,266,11,5.5,255,266.0,133.0,10.94302749633789,0,1.171943788358476,1.545913577079773,1.2759369603187236,256,lead,lead,Lead,
77302,intercepted,1,0,0,0,1080,17,8.5,1063,1080.0,540.0,3.1175167560577393,0,1.1079858374480802,0.6334353089332581,1.2057484857576246,1064,lead,lead,Lead,
77303,intercepted,1,0,0,0,35,9,4.5,26,35.0,17.5,4.777890682220459,0,1.0842452711529202,1.3669607639312744,1.1669158124914076,27,lead,lead,Lead,
77304,intercepted,1,0,0,0,185,11,5.5,174,185.0,92.5,5.2440409660339355,0,1.1281053765330995,1.5704096555709839,1.2190279518872118,175,lead,lead,Lead,
77305,intercepted,1,0,0,0,126,16,8.0,110,126.0,63.0,10.628318786621094,0,1.151252829545253,0.479775607585907,1.2362692398106943,111,lead,lead,Lead,
77306,soldier_caught,0,1,0,0,837,37,18.5,800,,,1.770366907119751,0,1.116281491717075,1.302985668182373,1.212882162678049,801,lead,lead,Lead,
77307,intercepted,1,0,0,0,192,11,5.5,181,192.0,96.0,4.8988118171691895,0,1.0906927987605661,1.6064321994781494,1.1934213812349073,182,lead,lead,Lead,
77308,intercepted,1,0,0,0,648,27,13.5,621,648.0,324.0,2.0461676120758057,0,1.15949590705407,1.5861599445343018,1.261912986044561,622,lead,lead,Lead,
77309,intercepted,1,0,0,0,427,8,4.0,419,427.0,213.5,2.4091129302978516,0,1.113898931727523,1.3781986236572266,1.2042714902452456,420,lead,lead,Lead,
77310,intercepted,1,0,0,0,225,12,6.0,213,225.0,112.5,2.2639029026031494,0,1.1304317794252778,0.9966369867324829,1.2344438473781698,214,lead,lead,Lead,
77311,intercepted,1,0,0,0,70,47,23.5,23,70.0,35.0,13.69589614868164,0,1.0376445800065994,0.8552789092063904,1.1281464891493729,24,lead,lead,Lead,
77312,soldier_caught,0,1,0,0,173,40,20.0,133,,,1.3800326585769653,0,1.1815787687230466,1.4577171802520752,1.2603202629081751,134,lead,lead,Lead,
77313,soldier_caught,0,1,0,0,37,8,4.0,29,,,1.9679466485977173,0,1.0075852672259014,0.6464026570320129,1.1026325468206188,30,lead,lead,Lead,
77314,intercepted,1,0,0,0,99,12,6.0,87,99.0,49.5,4.070898056030273,0,1.118433436548168,1.8714877367019653,1.1997705763954722,88,lead,lead,Lead,
77315,soldier_caught,0,1,0,0,195,16,8.0,179,,,0.9570890665054321,0,1.1121893820663293,1.0812300443649292,1.2157004717451905,180,lead,lead,Lead,
77316,soldier_caught,0,1,0,0,36,13,6.5,23,,,1.96806800365448,0,1.142869271337986,0.9733790755271912,1.258157796793281,24,lead,lead,Lead,
77317,soldier_caught,0,1,0,0,441,10,5.0,431,,,1.8554459810256958,0,1.1063684365470652,1.4800218343734741,1.2064533125323842,432,lead,lead,Lead,
77318,intercepted,1,0,0,0,128,11,5.5,117,128.0,64.0,6.789332389831543,0,1.1507671119297964,1.3233051300048828,1.2464047070081472,118,lead,lead,Lead,
77319,intercepted,1,0,0,0,160,57,28.5,103,160.0,80.0,5.001086711883545,0,1.139338370699149,1.8884817361831665,1.2405656618201208,104,lead,lead,Lead,
77320,soldier_caught,0,1,0,0,474,10,5.0,464,,,1.8391400575637817,0,1.1228764948024546,0.8298125863075256,1.2227543082077734,465,lead,lead,Lead,
77321,intercepted,1,0,0,0,413,52,26.0,361,413.0,206.5,2.898576259613037,0,1.109502666871686,0.5655268430709839,1.1992694652192375,362,lead,lead,Lead,
77322,intercepted,1,0,0,0,86,14,7.0,72,86.0,43.0,10.975787162780762,0,1.0852521980462009,0.35110002756118774,1.165321122038612,73,lead,lead,Lead,
77323,intercepted,1,0,0,0,642,13,6.5,629,642.0,321.0,2.699467658996582,0,1.1679115653984131,0.9617262482643127,1.2582483923821839,630,lead,lead,Lead,
77324,soldier_caught,0,1,0,0,698,8,4.0,690,,,1.3859134912490845,0,1.1547227691745792,1.2445847988128662,1.2520509821995585,691,lead,lead,Lead,
77325,intercepted,1,0,0,0,678,12,6.0,666,678.0,339.0,4.00601863861084,0,1.1347616092375907,1.677999496459961,1.2281505414824636,667,lead,lead,Lead,
77326,unsafe_intercept,0,0,1,0,13,11,5.5,2,,,2.204557418823242,0,1.3005627791086833,1.2782602310180664,1.3091624824914023,3,lead,lead,Lead,
77327,soldier_caught,0,1,0,0,211,10,5.0,201,,,1.56305992603302,0,1.0983683533302628,0.7059793472290039,1.1857863352849558,202,lead,lead,Lead,
77328,intercepted,1,0,0,0,510,14,7.0,496,510.0,255.0,4.839508056640625,0,1.1253513743280166,1.107508659362793,1.2152173137661724,497,lead,lead,Lead,
77329,intercepted,1,0,0,0,65,21,10.5,44,65.0,32.5,11.5972261428833,0,1.0745773434638977,0.9180216193199158,1.1511658216305614,45,lead,lead,Lead,
77330,soldier_caught,0,1,0,0,35,13,6.5,22,,,1.8600331544876099,0,1.1043962155995162,1.3322019577026367,1.2001611635213834,23,lead,lead,Lead,
77331,intercepted,1,0,0,0,318,14,7.0,304,318.0,159.0,6.670063018798828,0,1.0952420058309056,1.2957768440246582,1.1885508745632474,305,lead,lead,Lead,
77332,intercepted,1,0,0,0,583,9,4.5,574,583.0,291.5,2.4728660583496094,0,1.128290576338768,1.4595402479171753,1.236368696696142,575,lead,lead,Lead,
77333,soldier_caught,0,1,0,0,525,10,5.0,515,,,1.0764148235321045,0,1.1303358158573162,0.983741283416748,1.219386361373776,516,lead,lead,Lead,
77334,intercepted,1,0,0,0,681,14,7.0,667,681.0,340.5,2.6956279277801514,0,1.15731870598288,1.491565227508545,1.2562723019928677,668,lead,lead,Lead,
77335,intercepted,1,0,0,0,50,48,24.0,2,50.0,25.0,5.362793445587158,0,1.2482285499572754,1.388016939163208,1.2585635347771007,3,lead,lead,Lead,
77336,intercepted,1,0,0,0,231,8,4.0,223,231.0,115.5,6.369579792022705,0,1.086480850287314,0.19641195237636566,1.1902059177458555,224,lead,lead,Lead,
77337,intercepted,1,0,0,0,1256,15,7.5,1241,1256.0,628.0,3.666795492172241,0,1.1235306414021193,0.8106340169906616,1.2217561529347294,1242,lead,lead,Lead,
77338,intercepted,1,0,0,0,796,8,4.0,788,796.0,398.0,2.1698575019836426,0,1.129187436167656,0.6196584701538086,1.2245829281515586,789,lead,lead,Lead,
77339,intercepted,1,0,0,0,694,14,7.0,680,694.0,347.0,3.3991734981536865,0,1.1280555267669206,0.9391223192214966,1.2254333168163067,681,lead,lead,Lead,
77340,soldier_caught,0,1,0,0,157,10,5.0,147,,,1.7009660005569458,0,1.0737605747338888,1.3183518648147583,1.1830451471417884,148,lead,lead,Lead,
77341,soldier_caught,0,1,0,0,683,12,6.0,671,,,1.286094069480896,0,1.112485476902553,0.597209632396698,1.205843991749543,672,lead,lead,Lead,
77342,intercepted,1,0,0,0,840,31,15.5,809,840.0,420.0,2.776020050048828,0,1.1174158500024567,0.5270653367042542,1.2045888263607185,810,lead,lead,Lead,
77343,intercepted,1,0,0,0,538,11,5.5,527,538.0,269.0,4.859176158905029,0,1.1160185848165192,0.29659944772720337,1.209865139704288,528,lead,lead,Lead,
77344,intercepted,1,0,0,0,467,101,50.5,366,467.0,233.5,2.353863477706909,0,1.091007909105649,0.7650480270385742,1.2023509166293382,367,lead,lead,Lead,
77345,intercepted,1,0,0,0,181,13,6.5,168,181.0,90.5,10.627447128295898,0,1.1248580521556752,0.754947304725647,1.2188886866739814,169,lead,lead,Lead,
77346,intercepted,1,0,0,0,278,15,7.5,263,278.0,139.0,5.0178751945495605,0,1.1208756665388744,0.18654155731201172,1.2246420408136434,264,lead,lead,Lead,
77347,intercepted,1,0,0,0,391,11,5.5,380,391.0,195.5,2.2561585903167725,0,1.1217839613830636,0.8580051064491272,1.2229579495141765,381,lead,lead,Lead,
77348,soldier_caught,0,1,0,0,94,13,6.5,81,,,1.848541021347046,0,1.2107359076418527,1.05517578125,1.2941539302899878,82,lead,lead,Lead,
77349,intercepted,1,0,0,0,150,8,4.0,142,150.0,75.0,4.263817310333252,0,1.1163122582060474,1.5712746381759644,1.2085329030660756,143,lead,lead,Lead,
77350,intercepted,1,0,0,0,285,34,17.0,251,285.0,142.5,2.634047031402588,0,1.1486683741566681,1.6822668313980103,1.2353771299814893,252,lead,lead,Lead,
77351,intercepted,1,0,0,0,106,8,4.0,98,106.0,53.0,7.066143035888672,0,1.157137325616798,1.633571743965149,1.2408892551160167,99,lead,lead,Lead,
77352,intercepted,1,0,0,0,15,13,6.5,2,15.0,7.5,5.25195837020874,0,1.0853196183840434,0.8531148433685303,1.1673765086904588,3,lead,lead,Lead,
77353,intercepted,1,0,0,0,66,9,4.5,57,66.0,33.0,7.867327690124512,0,1.1146662240398342,1.3319724798202515,1.1885366055438005,58,lead,lead,Lead,
77354,soldier_caught,0,1,0,0,14,12,6.0,2,,,1.6731290817260742,0,1.1677953998247783,1.4408451318740845,1.1866629935633701,3,lead,lead,Lead,
77355,intercepted,1,0,0,0,250,18,9.0,232,250.0,125.0,5.551196575164795,0,1.139049125203759,1.2746554613113403,1.2344424708335882,233,lead,lead,Lead,
77356,intercepted,1,0,0,0,706,9,4.5,697,706.0,353.0,5.586372375488281,0,1.130293276192978,1.0396157503128052,1.2293335192538282,698,lead,lead,Lead,
77357,soldier_caught,0,1,0,0,132,11,5.5,121,,,1.109920859336853,0,1.0894747339799755,1.67412531375885,1.1832503288029281,122,lead,lead,Lead,
77358,intercepted,1,0,0,0,223,10,5.0,213,223.0,111.5,2.064183235168457,0,1.0893497955854807,0.7330090403556824,1.1973984117380312,214,lead,lead,Lead,
77359,soldier_caught,0,1,0,0,95,50,25.0,45,,,1.458237648010254,0,1.2542900799409202,1.0769259929656982,1.350015649871264,46,lead,lead,Lead,
77360,intercepted,1,0,0,0,157,13,6.5,144,157.0,78.5,2.4517412185668945,0,1.086564408499619,0.5410627126693726,1.1781103132358512,145,lead,lead,Lead,
77361,intercepted,1,0,0,0,502,7,3.5,495,502.0,251.0,2.3078255653381348,0,1.142418081316376,0.5255272388458252,1.2413942184073947,496,lead,lead,Lead,
77362,unsafe_intercept,0,0,1,0,10,8,4.0,2,,,2.777946710586548,0,0.8073263367017111,1.055583119392395,0.8299244348735938,3,lead,lead,Lead,
77363,intercepted,1,0,0,0,335,13,6.5,322,335.0,167.5,7.949258327484131,0,1.1064755918440805,1.4641375541687012,1.1944585237071708,323,lead,lead,Lead,
77364,intercepted,1,0,0,0,289,17,8.5,272,289.0,144.5,2.5125796794891357,0,1.145470258899224,1.552114725112915,1.2426652728839551,273,lead,lead,Lead,
77365,intercepted,1,0,0,0,482,45,22.5,437,482.0,241.0,3.231863260269165,0,1.1069062661260503,0.8810054063796997,1.1996931638612207,438,lead,lead,Lead,
77366,intercepted,1,0,0,0,86,9,4.5,77,86.0,43.0,4.796759605407715,0,1.1420144549547098,0.4333254098892212,1.244030902454618,78,lead,lead,Lead,
77367,intercepted,1,0,0,0,512,9,4.5,503,512.0,256.0,2.006138324737549,0,1.1289295057603528,0.4996328055858612,1.2296168232417848,504,lead,lead,Lead,
77368,soldier_caught,0,1,0,0,224,14,7.0,210,,,1.5020110607147217,0,1.1428338545617334,1.0856506824493408,1.247223321775806,211,lead,lead,Lead,
77369,soldier_caught,0,1,0,0,345,8,4.0,337,,,1.6988446712493896,0,1.1104366797402765,1.3006771802902222,1.204526413627471,338,lead,lead,Lead,
77370,intercepted,1,0,0,0,515,38,19.0,477,515.0,257.5,6.740877628326416,0,1.1272316984520547,0.6525439620018005,1.2235758637789247,478,lead,lead,Lead,
77371,intercepted,1,0,0,0,631,72,36.0,559,631.0,315.5,3.252415180206299,0,1.0993677548531975,1.2464723587036133,1.1898738577341899,560,lead,lead,Lead,
77372,soldier_caught,0,1,0,0,84,15,7.5,69,,,1.8866931200027466,0,1.1383275787745204,1.2278714179992676,1.2547194606409127,70,lead,lead,Lead,
77373,soldier_caught,0,1,0,0,1528,19,9.5,1509,,,0.504697859287262,0,1.1167994077385262,1.0090227127075195,1.217659261637014,1510,lead,lead,Lead,
77374,soldier_caught,0,1,0,0,85,11,5.5,74,,,0.7920433878898621,0,1.0953067735830944,1.6143361330032349,1.1927591900146286,75,lead,lead,Lead,
77375,soldier_caught,0,1,0,0,349,13,6.5,336,,,1.294075846672058,0,1.0615912411881483,0.6027869582176208,1.1606163486367904,337,lead,lead,Lead,
77376,unsafe_intercept,0,0,1,0,11,9,4.5,2,,,3.2288975715637207,0,1.3777562975883484,0.9503554105758667,1.537580981410815,3,lead,lead,Lead,
77377,intercepted,1,0,0,0,400,12,6.0,388,400.0,200.0,9.623159408569336,0,1.0840322711627097,2.0742461681365967,1.1810298579979428,389,lead,lead,Lead,
77378,intercepted,1,0,0,0,387,8,4.0,379,387.0,193.5,4.700502872467041,0,1.1679325662161175,1.5180214643478394,1.272382878716542,380,lead,lead,Lead,
77379,intercepted,1,0,0,0,434,10,5.0,424,434.0,217.0,3.4319398403167725,0,1.1252881187901778,1.7855887413024902,1.224792580189605,425,lead,lead,Lead,
77380,soldier_caught,0,1,0,0,827,10,5.0,817,,,1.3202440738677979,0,1.1159453800171248,1.0334351062774658,1.2176171924214894,818,lead,lead,Lead,
77381,intercepted,1,0,0,0,10,8,4.0,2,10.0,5.0,4.576085567474365,0,1.2182176113128662,1.3461384773254395,1.2445426664983124,3,lead,lead,Lead,
77382,soldier_caught,0,1,0,0,220,10,5.0,210,,,1.7628310918807983,0,1.1686242625682275,2.31020188331604,1.2715681136468728,211,lead,lead,Lead,
77383,soldier_caught,0,1,0,0,723,11,5.5,712,,,1.8887691497802734,0,1.1299096231164638,1.2725443840026855,1.2271065393813458,713,lead,lead,Lead,
77384,soldier_caught,0,1,0,0,103,8,4.0,95,,,1.7688747644424438,0,1.035885764285922,1.0232752561569214,1.1133001414893866,96,lead,lead,Lead,
77385,intercepted,1,0,0,0,16,14,7.0,2,16.0,8.0,5.0698347091674805,0,1.034876435995102,0.7174081206321716,1.2143035271428444,3,lead,lead,Lead,
77386,intercepted,1,0,0,0,633,46,23.0,587,633.0,316.5,2.388437271118164,0,1.166715123620974,0.7009553909301758,1.2637118005231858,588,lead,lead,Lead,
77387,soldier_caught,0,1,0,0,116,12,6.0,104,,,1.389272928237915,0,1.1882011842159999,1.3095024824142456,1.2632815902841121,105,lead,lead,Lead,
77388,soldier_caught,0,1,0,0,690,7,3.5,683,,,1.0535659790039062,0,1.1221070899818724,0.8738462924957275,1.2070455710055688,684,lead,lead,Lead,
77389,intercepted,1,0,0,0,153,14,7.0,139,153.0,76.5,10.931021690368652,0,1.1223382951957839,1.1242492198944092,1.2235465943102979,140,lead,lead,Lead,
77390,intercepted,1,0,0,0,671,13,6.5,658,671.0,335.5,2.2891719341278076,0,1.121056464762174,0.37385839223861694,1.2174507896176712,659,lead,lead,Lead,
77391,intercepted,1,0,0,0,255,35,17.5,220,255.0,127.5,7.7913007736206055,0,1.0776037694507055,1.1293840408325195,1.1645135099521977,221,lead,lead,Lead,
77392,intercepted,1,0,0,0,489,38,19.0,451,489.0,244.5,5.199374675750732,0,1.1340976015260789,0.9103811383247375,1.2263200759811035,452,lead,lead,Lead,
77393,intercepted,1,0,0,0,412,7,3.5,405,412.0,206.0,3.1122970581054688,0,1.113319080836814,0.6516615152359009,1.2121714858980421,406,lead,lead,Lead,
77394,soldier_caught,0,1,0,0,139,17,8.5,122,,,1.374953031539917,0,1.0718098001751473,1.1960245370864868,1.1500200788236976,123,lead,lead,Lead,
77395,intercepted,1,0,0,0,825,10,5.0,815,825.0,412.5,2.3184592723846436,0,1.1175886762337577,0.3690669536590576,1.2169045484931493,816,lead,lead,Lead,
77396,intercepted,1,0,0,0,646,8,4.0,638,646.0,323.0,3.8822181224823,0,1.1392263917774195,0.9837154746055603,1.2377658547660395,639,lead,lead,Lead,
77397,unsafe_intercept,0,0,1,0,11,9,4.5,2,,,2.303029775619507,0,0.9092279672622681,0.6221166849136353,0.9717664786136473,3,lead,lead,Lead,
77398,soldier_caught,0,1,0,0,591,88,44.0,503,,,1.4942286014556885,0,1.152541847485635,1.6684322357177734,1.2526361243427273,504,lead,lead,Lead,
77399,soldier_caught,0,1,0,0,831,11,5.5,820,,,1.2229576110839844,0,1.0980295932122328,1.1757981777191162,1.190629910012081,821,lead,lead,Lead,
77400,intercepted,1,0,0,0,249,114,57.0,135,249.0,124.5,3.023700475692749,0,1.066964183221845,1.002144694328308,1.1562667258145143,136,lead,lead,Lead,
77401,soldier_caught,0,1,0,0,504,12,6.0,492,,,1.3797837495803833,0,1.1059945970169187,1.5578399896621704,1.1938537082656542,493,lead,lead,Lead,
77402,soldier_caught,0,1,0,0,457,61,30.5,396,,,1.7533345222473145,0,1.1457062143109908,1.6284915208816528,1.2411298285160544,397,lead,lead,Lead,
77403,soldier_caught,0,1,0,0,264,72,36.0,192,,,1.5375323295593262,0,1.1433465127963476,0.7096232771873474,1.237491997991727,193,lead,lead,Lead,
77404,soldier_caught,0,1,0,0,1731,16,8.0,1715,,,0.5865996479988098,0,1.1451529920457195,0.7996805310249329,1.2481555300120664,1716,lead,lead,Lead,
77405,soldier_caught,0,1,0,0,41,13,6.5,28,,,1.4254872798919678,0,1.088444118612799,0.8481505513191223,1.222228523690939,29,lead,lead,Lead,
77406,intercepted,1,0,0,0,787,8,4.0,779,787.0,393.5,9.391865730285645,0,1.1415890804850137,0.868034303188324,1.2389649133771024,780,lead,lead,Lead,
77407,intercepted,1,0,0,0,388,12,6.0,376,388.0,194.0,3.467851161956787,0,1.142070330027244,0.34449365735054016,1.2516223944082476,377,lead,lead,Lead,
77408,soldier_caught,0,1,0,0,688,32,16.0,656,,,1.8436250686645508,0,1.112419071523657,1.0995652675628662,1.2097427780902443,657,lead,lead,Lead,
77409,intercepted,1,0,0,0,62,10,5.0,52,62.0,31.0,4.178239345550537,0,1.108035905743545,2.436737298965454,1.2369977506849634,53,lead,lead,Lead,
77410,intercepted,1,0,0,0,1115,7,3.5,1108,1115.0,557.5,3.1980478763580322,0,1.0971545423704347,1.407181978225708,1.1945049978915552,1109,lead,lead,Lead,
77411,soldier_caught,0,1,0,0,69,16,8.0,53,,,0.9616268277168274,0,1.146730527833656,1.282015323638916,1.2552766417228667,54,lead,lead,Lead,
77412,soldier_caught,0,1,0,0,56,9,4.5,47,,,1.9487638473510742,0,1.1207177539666493,1.0825474262237549,1.1980539329940558,48,lead,lead,Lead,
77413,intercepted,1,0,0,0,228,36,18.0,192,228.0,114.0,6.143257141113281,0,1.1779808751814107,1.3190139532089233,1.263863189214932,193,lead,lead,Lead,
77414,intercepted,1,0,0,0,409,16,8.0,393,409.0,204.5,4.726814270019531,0,1.1478462458451084,2.679793119430542,1.2453149445133782,394,lead,lead,Lead,
77415,soldier_caught,0,1,0,0,291,9,4.5,282,,,1.7964847087860107,0,1.1387929340607286,0.9230814576148987,1.2294412131132022,283,lead,lead,Lead,
77416,intercepted,1,0,0,0,203,11,5.5,192,203.0,101.5,8.441080093383789,0,1.159916664575048,0.41007664799690247,1.2595737341163034,193,lead,lead,Lead,
77417,soldier_caught,0,1,0,0,416,11,5.5,405,,,1.4783705472946167,0,1.1422137188647181,1.4868934154510498,1.2321824809133244,406,lead,lead,Lead,
77418,intercepted,1,0,0,0,976,9,4.5,967,976.0,488.0,2.2687196731567383,0,1.1377623474286978,1.5073751211166382,1.238667874742531,968,lead,lead,Lead,
77419,soldier_caught,0,1,0,0,13,10,5.0,3,,,0.8531383872032166,0,0.9740778803825378,1.4279043674468994,1.0276063166917553,4,lead,lead,Lead,
77420,intercepted,1,0,0,0,251,48,24.0,203,251.0,125.5,6.29168701171875,0,1.114326315621535,1.635303258895874,1.2015066061011697,204,lead,lead,Lead,
77421,intercepted,1,0,0,0,375,10,5.0,365,375.0,187.5,3.6756374835968018,0,1.1304854576379224,0.48367565870285034,1.2287848219599815,366,lead,lead,Lead,
77422,intercepted,1,0,0,0,512,18,9.0,494,512.0,256.0,10.954139709472656,0,1.1652289179238406,1.9220588207244873,1.2689617690937134,495,lead,lead,Lead,
77423,soldier_caught,0,1,0,0,34,8,4.0,26,,,1.4119724035263062,0,1.1965482422599085,2.191166639328003,1.3019189245735896,27,lead,lead,Lead,
77424,intercepted,1,0,0,0,29,19,9.5,10,29.0,14.5,12.895284652709961,0,1.182809677991,1.6462900638580322,1.2680360031314482,11,lead,lead,Lead,
77425,intercepted,1,0,0,0,226,8,4.0,218,226.0,113.0,9.384297370910645,0,1.1722775724244445,1.5031272172927856,1.2801170608459396,219,lead,lead,Lead,
77426,intercepted,1,0,0,0,11,9,4.5,2,11.0,5.5,4.392210483551025,0,1.5936377048492432,2.179008960723877,1.648108202316592,3,lead,lead,Lead,
77427,intercepted,1,0,0,0,636,11,5.5,625,636.0,318.0,3.1140058040618896,0,1.1253048110479555,1.5265028476715088,1.2226875336295475,626,lead,lead,Lead,
77428,intercepted,1,0,0,0,698,10,5.0,688,698.0,349.0,3.6424612998962402,0,1.1068293814518975,1.2053236961364746,1.2004087210356715,689,lead,lead,Lead,
77429,intercepted,1,0,0,0,352,11,5.5,341,352.0,176.0,2.6467087268829346,0,1.147363194291703,0.8459255695343018,1.2420722566213578,342,lead,lead,Lead,
77430,soldier_caught,0,1,0,0,229,17,8.5,212,,,0.9640728831291199,0,1.186561316846402,1.5807439088821411,1.282254026969117,213,lead,lead,Lead,
77431,soldier_caught,0,1,0,0,736,57,28.5,679,,,1.8276708126068115,0,1.1154656978543191,0.6788319945335388,1.209037598476489,680,lead,lead,Lead,
77432,soldier_caught,0,1,0,0,373,10,5.0,363,,,1.4122763872146606,0,1.147869598611698,0.6350045800209045,1.245300108395713,364,lead,lead,Lead,
77433,intercepted,1,0,0,0,368,9,4.5,359,368.0,184.0,2.655277967453003,0,1.1725523453412785,1.2556202411651611,1.2551423835945257,360,lead,lead,Lead,
77434,unsafe_intercept,0,0,1,0,13,11,5.5,2,,,3.3648853302001953,0,0.8382463653882345,0.9501240253448486,0.8427179927681449,3,lead,lead,Lead,
77435,intercepted,1,0,0,0,181,9,4.5,172,181.0,90.5,8.458772659301758,0,1.2147254823260225,1.434929370880127,1.307998907577281,173,lead,lead,Lead,
77436,soldier_caught,0,1,0,0,1045,13,6.5,1032,,,1.653896689414978,0,1.1257007458001116,0.9027141332626343,1.2215719217760406,1033,lead,lead,Lead,
77437,soldier_caught,0,1,0,0,247,12,6.0,235,,,1.8948975801467896,0,1.1066494684476973,1.6416748762130737,1.1889541489245787,236,lead,lead,Lead,
77438,intercepted,1,0,0,0,1039,10,5.0,1029,1039.0,519.5,3.9497690200805664,0,1.1220906064131306,0.1201539859175682,1.2170926901883299,1030,lead,lead,Lead,
77439,soldier_caught,0,1,0,0,106,10,5.0,96,,,1.9667097330093384,0,1.2217027520396047,0.8016969561576843,1.3039087830584761,97,lead,lead,Lead,
77440,intercepted,1,0,0,0,1019,9,4.5,1010,1019.0,509.5,2.0427629947662354,0,1.145227179727144,1.0047353506088257,1.2344414532891417,1011,lead,lead,Lead,
77441,intercepted,1,0,0,0,527,78,39.0,449,527.0,263.5,2.3033559322357178,0,1.1270504326290554,1.7117681503295898,1.220572622653082,450,lead,lead,Lead,
77442,intercepted,1,0,0,0,396,14,7.0,382,396.0,198.0,2.4327902793884277,0,1.13785616746148,1.3825374841690063,1.228508627250223,383,lead,lead,Lead,
77443,intercepted,1,0,0,0,149,29,14.5,120,149.0,74.5,7.138864040374756,0,1.1149520056306823,1.370212197303772,1.2106871268523338,121,lead,lead,Lead,
77444,soldier_caught,0,1,0,0,712,8,4.0,704,,,1.8732231855392456,0,1.1327705334370017,1.897076964378357,1.223905579349566,705,lead,lead,Lead,
77445,intercepted,1,0,0,0,1505,25,12.5,1480,1505.0,752.5,2.177100419998169,0,1.1468024149959672,1.8269633054733276,1.2444145979597552,1481,lead,lead,Lead,
77446,soldier_caught,0,1,0,0,323,13,6.5,310,,,0.8559531569480896,0,1.1436000663272055,1.5661998987197876,1.2483799369973354,311,lead,lead,Lead,
77447,intercepted,1,0,0,0,81,18,9.0,63,81.0,40.5,11.005805015563965,0,1.1450285143218935,1.5648809671401978,1.2390585638644254,64,lead,lead,Lead,
77448,intercepted,1,0,0,0,1199,9,4.5,1190,1199.0,599.5,4.240088939666748,0,1.1151055660721236,1.3489651679992676,1.21001368155969,1191,lead,lead,Lead,
77449,soldier_caught,0,1,0,0,154,10,5.0,144,,,0.9161385297775269,0,1.0930149149278114,1.026935338973999,1.179918120830533,145,lead,lead,Lead,
77450,soldier_caught,0,1,0,0,407,13,6.5,394,,,1.729435920715332,0,1.1585736463341532,0.8614176511764526,1.256404127293961,395,lead,lead,Lead,
77451,soldier_caught,0,1,0,0,539,70,35.0,469,,,1.2323026657104492,0,1.1410033393413463,0.4698074460029602,1.2370189030515504,470,lead,lead,Lead,
77452,soldier_caught,0,1,0,0,61,11,5.5,50,,,0.7395526766777039,0,1.1405160491373025,2.127897262573242,1.2371073858001862,51,lead,lead,Lead,
77453,intercepted,1,0,0,0,802,12,6.0,790,802.0,401.0,3.90804123878479,0,1.1343382986735755,1.4301193952560425,1.2332121463544095,791,lead,lead,Lead,
77454,intercepted,1,0,0,0,37,12,6.0,25,37.0,18.5,9.081544876098633,0,1.1110920011997223,0.8821171522140503,1.2148921132099417,26,lead,lead,Lead,
77455,soldier_caught,0,1,0,0,337,8,4.0,329,,,0.8808139562606812,0,1.129812047878901,0.4715464413166046,1.230897426886803,330,lead,lead,Lead,
77456,intercepted,1,0,0,0,1026,13,6.5,1013,1026.0,513.0,6.220130920410156,0,1.1151106647441726,0.5045464634895325,1.2182629251458026,1014,lead,lead,Lead,
77457,soldier_caught,0,1,0,0,182,19,9.5,163,,,1.6492514610290527,0,1.0978832766413689,0.9620088934898376,1.1913538035401712,164,lead,lead,Lead,
77458,soldier_caught,0,1,0,0,325,10,5.0,315,,,1.7219198942184448,0,1.0810164120755619,1.7741836309432983,1.1694064243383997,316,lead,lead,Lead,
77459,soldier_caught,0,1,0,0,994,11,5.5,983,,,1.7231945991516113,0,1.127902720774698,1.1375384330749512,1.2165725352786865,984,lead,lead,Lead,
77460,intercepted,1,0,0,0,230,14,7.0,216,230.0,115.0,9.177315711975098,0,1.125038964442119,1.2027918100357056,1.2205846968936562,217,lead,lead,Lead,
77461,soldier_caught,0,1,0,0,44,12,6.0,32,,,0.3479260504245758,0,1.1939645554080154,0.5602622032165527,1.2752050348222916,33,lead,lead,Lead,
77462,intercepted,1,0,0,0,1010,33,16.5,977,1010.0,505.0,4.7805280685424805,0,1.1360051658819668,1.1613775491714478,1.2320557896287112,978,lead,lead,Lead,
77463,intercepted,1,0,0,0,620,13,6.5,607,620.0,310.0,3.2202394008636475,0,1.132035986667401,1.153195858001709,1.2246491794063803,608,lead,lead,Lead,
77464,intercepted,1,0,0,0,28,13,6.5,15,28.0,14.0,6.87623929977417,0,1.3807203248143196,1.9861658811569214,1.4797460940619414,16,lead,lead,Lead,
77465,soldier_caught,0,1,0,0,288,26,13.0,262,,,1.834324836730957,0,1.122707285695203,0.8645660877227783,1.2340570951573864,263,lead,lead,Lead,
77466,intercepted,1,0,0,0,538,47,23.5,491,538.0,269.0,2.7464723587036133,0,1.121859458782445,0.613866925239563,1.208927339806172,492,lead,lead,Lead,
77467,soldier_caught,0,1,0,0,196,12,6.0,184,,,1.8587809801101685,0,1.1643291461306648,0.824130654335022,1.2716581222895686,185,lead,lead,Lead,
77468,intercepted,1,0,0,0,1272,11,5.5,1261,1272.0,636.0,2.8045783042907715,0,1.146135157797775,0.9457560181617737,1.2444432952986422,1262,lead,lead,Lead,
77469,intercepted,1,0,0,0,151,12,6.0,139,151.0,75.5,5.559762001037598,0,1.0985758985791887,1.895365595817566,1.2021422152713612,140,lead,lead,Lead,
77470,intercepted,1,0,0,0,182,21,10.5,161,182.0,91.0,8.902962684631348,0,1.1767606720512296,0.7580834031105042,1.2781267700751704,162,lead,lead,Lead,
77471,intercepted,1,0,0,0,17,15,7.5,2,17.0,8.5,4.5553765296936035,0,1.2829880118370056,1.1980794668197632,1.3562650804862848,3,lead,lead,Lead,
77472,intercepted,1,0,0,0,535,14,7.0,521,535.0,267.5,3.367539167404175,0,1.1255884340097164,0.4902576208114624,1.219430842889442,522,lead,lead,Lead,
77473,intercepted,1,0,0,0,791,12,6.0,779,791.0,395.5,3.8976638317108154,0,1.1335334181594543,0.8978015184402466,1.232537996052888,780,lead,lead,Lead,
77474,intercepted,1,0,0,0,410,19,9.5,391,410.0,205.0,5.093850612640381,0,1.079376700201205,0.8815320730209351,1.1679517741424525,392,lead,lead,Lead,
77475,intercepted,1,0,0,0,36,9,4.5,27,36.0,18.0,8.733242988586426,0,1.169629825545209,1.7497146129608154,1.2591657593327195,28,lead,lead,Lead,
77476,intercepted,1,0,0,0,246,14,7.0,232,246.0,123.0,3.0022614002227783,0,1.1195371252656494,1.866801142692566,1.2194500573225266,233,lead,lead,Lead,
77477,intercepted,1,0,0,0,231,13,6.5,218,231.0,115.5,6.443779468536377,0,1.1096367354262364,0.4893445670604706,1.201647479467378,219,lead,lead,Lead,
77478,intercepted,1,0,0,0,55,8,4.0,47,55.0,27.5,12.08546257019043,0,1.050265923763315,1.178541898727417,1.1604388225455573,48,lead,lead,Lead,
77479,intercepted,1,0,0,0,401,9,4.5,392,401.0,200.5,2.372692108154297,0,1.1698782016302793,0.7595686316490173,1.2671700226164042,393,lead,lead,Lead,
77480,intercepted,1,0,0,0,148,98,49.0,50,148.0,74.0,12.669694900512695,0,1.1766504166173,0.7948209047317505,1.2796155091254258,51,lead,lead,Lead,
77481,intercepted,1,0,0,0,255,83,41.5,172,255.0,127.5,8.318424224853516,0,1.1570138882178103,1.3863643407821655,1.255055685729422,173,lead,lead,Lead,
77482,unsafe_intercept,0,0,1,0,13,12,6.0,1,,,2.874213457107544,0,0.9889409840106964,1.118486762046814,0.9973897826141129,2,lead,lead,Lead,
77483,soldier_caught,0,1,0,0,508,31,15.5,477,,,0.9008097052574158,0,1.1441199176605776,1.7078499794006348,1.2420820028856536,478,lead,lead,Lead,
77484,soldier_caught,0,1,0,0,462,13,6.5,449,,,1.7047172784805298,0,1.1013498522010114,1.102792501449585,1.1914011764626997,450,lead,lead,Lead,
77485,soldier_caught,0,1,0,0,768,71,35.5,697,,,1.8099132776260376,0,1.128577521065501,1.0602238178253174,1.2287776789133629,698,lead,lead,Lead,
77486,intercepted,1,0,0,0,234,14,7.0,220,234.0,117.0,2.874666213989258,0,1.1608143073603578,0.6489801406860352,1.2508437550199438,221,lead,lead,Lead,
77487,unsafe_intercept,0,0,1,0,50,48,24.0,2,,,2.452512264251709,0,0.8373532096544901,0.7635534405708313,0.8460494032774211,3,lead,lead,Lead,
77488,unsafe_intercept,0,0,1,0,9,7,3.5,2,,,2.5341765880584717,0,1.235382040341695,1.6479625701904297,1.321164024495714,3,lead,lead,Lead,
77489,soldier_caught,0,1,0,0,168,12,6.0,156,,,1.8093754053115845,0,1.1874744098657255,1.9707180261611938,1.2897573771586253,157,lead,lead,Lead,
77490,intercepted,1,0,0,0,153,59,29.5,94,153.0,76.5,6.183562755584717,0,1.086817834094951,0.8804858922958374,1.1700436362031803,95,lead,lead,Lead,
77491,intercepted,1,0,0,0,77,10,5.0,67,77.0,38.5,6.1510138511657715,0,1.1534693582969553,1.3702130317687988,1.2206551893719537,68,lead,lead,Lead,
77492,soldier_caught,0,1,0,0,61,12,6.0,49,,,0.7680438756942749,0,1.1377751588821412,1.7929939031600952,1.20967087444258,50,lead,lead,Lead,
77493,soldier_caught,0,1,0,0,80,10,5.0,70,,,1.9619115591049194,0,1.059568007017525,0.34800535440444946,1.1452595456319508,71,lead,lead,Lead,
77494,intercepted,1,0,0,0,631,10,5.0,621,631.0,315.5,2.654038190841675,0,1.149436675419378,0.4014122486114502,1.244150227980839,622,lead,lead,Lead,
77495,soldier_caught,0,1,0,0,326,20,10.0,306,,,0.7988440990447998,0,1.1939119399079283,0.552034854888916,1.2982318794429946,307,lead,lead,Lead,
77496,soldier_caught,0,1,0,0,168,62,31.0,106,,,1.1582088470458984,0,1.145462954434279,0.3977009952068329,1.2382581811434297,107,lead,lead,Lead,
77497,intercepted,1,0,0,0,444,9,4.5,435,444.0,222.0,8.421748161315918,0,1.0955393069654429,1.003330945968628,1.1856291770924858,436,lead,lead,Lead,
77498,intercepted,1,0,0,0,496,52,26.0,444,496.0,248.0,7.498751640319824,0,1.154875554763869,1.0454477071762085,1.24689307917523,445,lead,lead,Lead,
77499,soldier_caught,0,1,0,0,170,10,5.0,160,,,1.4872125387191772,0,1.164318207975315,1.4324610233306885,1.2791270650478361,161,lead,lead,Lead,
77500,soldier_caught,0,1,0,0,81,13,6.5,68,,,1.9264384508132935,0,1.1531793514023656,1.0455069541931152,1.225377773283689,69,lead,lead,Lead,
77501,soldier_caught,0,1,0,0,262,14,7.0,248,,,1.4102892875671387,0,1.1707521057332375,0.88612300157547,1.2670291348196994,249,lead,lead,Lead,
77502,intercepted,1,0,0,0,573,9,4.5,564,573.0,286.5,3.6817626953125,0,1.130792740541222,0.9208173155784607,1.2287821437291322,565,lead,lead,Lead,
77503,intercepted,1,0,0,0,584,10,5.0,574,584.0,292.0,3.2590525150299072,0,1.1304781410486802,1.7103005647659302,1.2221368180754555,575,lead,lead,Lead,
77504,intercepted,1,0,0,0,164,38,19.0,126,164.0,82.0,10.727008819580078,0,1.0589489801896839,1.6165882349014282,1.1786553156123978,127,lead,lead,Lead,
77505,intercepted,1,0,0,0,381,12,6.0,369,381.0,190.5,2.079556941986084,0,1.1356610005369057,0.8637949824333191,1.2349777680943252,370,lead,lead,Lead,
77506,intercepted,1,0,0,0,11,9,4.5,2,11.0,5.5,3.6967766284942627,0,1.1583810647328694,1.4291527271270752,1.1741428291166418,3,lead,lead,Lead,
77507,intercepted,1,0,0,0,123,9,4.5,114,123.0,61.5,9.424029350280762,0,1.211700071718382,2.9349374771118164,1.301931389244392,115,lead,lead,Lead,
77508,intercepted,1,0,0,0,59,9,4.5,50,59.0,29.5,3.1244051456451416,0,1.1359248593741773,1.816927194595337,1.2554184402930992,51,lead,lead,Lead,
77509,soldier_caught,0,1,0,0,34,8,4.0,26,,,0.9346005320549011,0,1.3196699163979955,1.663298487663269,1.4240702662003888,27,lead,lead,Lead,
77510,soldier_caught,0,1,0,0,317,18,9.0,299,,,1.110987663269043,0,1.0801293687025706,1.2877357006072998,1.1867257713639263,300,lead,lead,Lead,
77511,intercepted,1,0,0,0,625,12,6.0,613,625.0,312.5,5.640635013580322,0,1.144046078457312,1.3687105178833008,1.2337629812596391,614,lead,lead,Lead,
77512,soldier_caught,0,1,0,0,110,11,5.5,99,,,1.8483110666275024,0,1.1442547443509101,0.513655960559845,1.2529865638154225,100,lead,lead,Lead,
77513,intercepted,1,0,0,0,424,17,8.5,407,424.0,212.0,7.350470542907715,0,1.1235046570791918,1.5867199897766113,1.2327012521062206,408,lead,lead,Lead,
77514,intercepted,1,0,0,0,184,9,4.5,175,184.0,92.0,4.151402473449707,0,1.091023405844515,0.44950011372566223,1.1875961838742461,176,lead,lead,Lead,
77515,intercepted,1,0,0,0,74,13,6.5,61,74.0,37.0,3.1968727111816406,0,1.0947136302148142,0.7589986324310303,1.1966600674003134,62,lead,lead,Lead,
77516,soldier_caught,0,1,0,0,482,12,6.0,470,,,1.0292036533355713,0,1.1383519921681178,0.6509497165679932,1.2416156191441103,471,lead,lead,Lead,
77517,soldier_caught,0,1,0,0,273,9,4.5,264,,,0.6103228330612183,0,1.1310020909837957,0.86482173204422,1.222133737337334,265,lead,lead,Lead,
77518,intercepted,1,0,0,0,433,12,6.0,421,433.0,216.5,4.922012805938721,0,1.0996033359513182,1.0226757526397705,1.1870718970581706,422,lead,lead,Lead,
77519,intercepted,1,0,0,0,149,8,4.0,141,149.0,74.5,4.673738956451416,0,1.1594121157073638,0.5342546701431274,1.2377140660313257,142,lead,lead,Lead,
77520,soldier_caught,0,1,0,0,12,10,5.0,2,,,1.5828371047973633,0,1.2194030582904816,1.6791900396347046,1.3833593318846047,3,lead,lead,Lead,
77521,intercepted,1,0,0,0,41,11,5.5,30,41.0,20.5,4.747443675994873,0,1.1795316453902953,0.979827880859375,1.2476300630878832,31,lead,lead,Lead,
77522,intercepted,1,0,0,0,264,9,4.5,255,264.0,132.0,11.105155944824219,0,1.142758562520612,0.7129168510437012,1.2453388519197277,256,lead,lead,Lead,
77523,soldier_caught,0,1,0,0,567,7,3.5,560,,,1.965173363685608,0,1.1145977883096685,1.2899444103240967,1.2098077362108293,561,lead,lead,Lead,
77524,intercepted,1,0,0,0,325,15,7.5,310,325.0,162.5,8.022887229919434,0,1.1646330507526061,0.5667647123336792,1.2611840985727183,311,lead,lead,Lead,
77525,intercepted,1,0,0,0,67,12,6.0,55,67.0,33.5,5.904849052429199,0,1.1062450180096286,2.141014814376831,1.197468096602024,56,lead,lead,Lead,
77526,soldier_caught,0,1,0,0,105,12,6.0,93,,,0.7031786441802979,0,1.0427798157993784,0.5934869647026062,1.137910893168025,94,lead,lead,Lead,
77527,intercepted,1,0,0,0,319,9,4.5,310,319.0,159.5,2.595484972000122,0,1.1394374666681626,1.238860011100769,1.24164772120889,311,lead,lead,Lead,
77528,unsafe_intercept,0,0,1,0,11,9,4.5,2,,,2.10197377204895,0,1.3913512627283733,1.2971476316452026,1.3930499807106451,3,lead,lead,Lead,
77529,intercepted,1,0,0,0,518,14,7.0,504,518.0,259.0,2.835439920425415,0,1.1358145993092272,0.7260439991950989,1.2339850581548584,505,lead,lead,Lead,
77530,intercepted,1,0,0,0,115,13,6.5,102,115.0,57.5,5.904033184051514,0,1.1698887083426261,1.2868900299072266,1.2963716673600876,103,lead,lead,Lead,
77531,soldier_caught,0,1,0,0,1152,13,6.5,1139,,,1.6420832872390747,0,1.145773994517431,0.7438311576843262,1.2382761272320724,1140,lead,lead,Lead,
77532,intercepted,1,0,0,0,362,14,7.0,348,362.0,181.0,9.673430442810059,0,1.1118304158606298,1.2006932497024536,1.2102864204057542,349,lead,lead,Lead,
77533,soldier_caught,0,1,0,0,296,8,4.0,288,,,0.8193620443344116,0,1.161790642848683,0.8716471195220947,1.261162559154617,289,lead,lead,Lead,
77534,soldier_caught,0,1,0,0,181,8,4.0,173,,,1.7550172805786133,0,1.0664358552031477,0.9754058122634888,1.134252046725852,174,lead,lead,Lead,
77535,intercepted,1,0,0,0,156,25,12.5,131,156.0,78.0,9.827052116394043,0,1.1637729606167837,0.9632547497749329,1.2840863359716654,132,lead,lead,Lead,
77536,intercepted,1,0,0,0,363,9,4.5,354,363.0,181.5,2.522005796432495,0,1.1186079565488116,1.9944002628326416,1.2156902355564692,355,lead,lead,Lead,
77537,soldier_caught,0,1,0,0,42,15,7.5,27,,,1.888551115989685,0,1.1157247147389822,1.0652190446853638,1.1740466000287753,28,lead,lead,Lead,
77538,intercepted,1,0,0,0,546,9,4.5,537,546.0,273.0,2.356940746307373,0,1.1244418032218089,1.907644271850586,1.2175261028041104,538,lead,lead,Lead,
77539,intercepted,1,0,0,0,128,12,6.0,116,128.0,64.0,2.796621084213257,0,1.0158576965332031,0.9049336910247803,1.1025341559548798,117,lead,lead,Lead,
77540,intercepted,1,0,0,0,347,11,5.5,336,347.0,173.5,2.819955348968506,0,1.119624909908906,1.428168535232544,1.2033372324684757,337,lead,lead,Lead,
77541,intercepted,1,0,0,0,843,15,7.5,828,843.0,421.5,2.3621981143951416,0,1.1483177980419306,0.4912136495113373,1.2509033951908068,829,lead,lead,Lead,
77542,intercepted,1,0,0,0,48,11,5.5,37,48.0,24.0,10.127676963806152,0,1.0695278205369647,0.5770875811576843,1.1616551999719913,38,lead,lead,Lead,
77543,soldier_caught,0,1,0,0,965,12,6.0,953,,,1.4966598749160767,0,1.1299162453169342,1.1913789510726929,1.22219043020722,954,lead,lead,Lead,
77544,soldier_caught,0,1,0,0,1105,67,33.5,1038,,,1.6652464866638184,0,1.146903936562054,0.9113321900367737,1.2444981141043083,1039,lead,lead,Lead,
77545,intercepted,1,0,0,0,301,31,15.5,270,301.0,150.5,4.524840354919434,0,1.159557591202734,2.2205276489257812,1.2661997733410255,271,lead,lead,Lead,
77546,intercepted,1,0,0,0,519,10,5.0,509,519.0,259.5,5.292883396148682,0,1.1109485503651348,0.743575394153595,1.2117335041480657,510,lead,lead,Lead,
77547,intercepted,1,0,0,0,180,9,4.5,171,180.0,90.0,6.478701114654541,0,1.1792691498994827,0.3190324008464813,1.287529579300889,172,lead,lead,Lead,
77548,intercepted,1,0,0,0,177,28,14.0,149,177.0,88.5,6.963254451751709,0,1.1994284242391586,1.318605661392212,1.297699178778629,150,lead,lead,Lead,
77549,intercepted,1,0,0,0,317,20,10.0,297,317.0,158.5,10.440520286560059,0,1.1059765119055573,1.61359703540802,1.2052443962179393,298,lead,lead,Lead,
77550,unsafe_intercept,0,0,1,0,11,9,4.5,2,,,3.2184858322143555,0,0.715472936630249,0.866344690322876,0.7384686108625547,3,lead,lead,Lead,
77551,intercepted,1,0,0,0,1050,10,5.0,1040,1050.0,525.0,2.4916250705718994,0,1.1215987674369479,0.8579224348068237,1.2186766991795208,1041,lead,lead,Lead,
77552,intercepted,1,0,0,0,451,9,4.5,442,451.0,225.5,2.875696897506714,0,1.1026902310129751,0.8107520341873169,1.1880360970599315,443,lead,lead,Lead,
77553,intercepted,1,0,0,0,253,7,3.5,246,253.0,126.5,3.645904302597046,0,1.1295006767458278,1.0611499547958374,1.223474294553779,247,lead,lead,Lead,
77554,intercepted,1,0,0,0,410,14,7.0,396,410.0,205.0,2.313689708709717,0,1.164215187694624,1.3263251781463623,1.2610176415898193,397,lead,lead,Lead,
77555,intercepted,1,0,0,0,460,11,5.5,449,460.0,230.0,2.906404733657837,0,1.1678745318949222,0.49687984585762024,1.2661825915670437,450,lead,lead,Lead,
77556,soldier_caught,0,1,0,0,108,19,9.5,89,,,1.1328608989715576,0,1.0891103408402867,0.9801182746887207,1.1965953001273073,90,lead,lead,Lead,
77557,intercepted,1,0,0,0,812,8,4.0,804,812.0,406.0,2.4751927852630615,0,1.1083920201529627,0.34558185935020447,1.203956235175056,805,lead,lead,Lead,
77558,intercepted,1,0,0,0,24,13,6.5,11,24.0,12.0,13.870905876159668,0,1.1890288988749187,1.3947639465332031,1.2715987545796839,12,lead,lead,Lead,
77559,soldier_caught,0,1,0,0,189,10,5.0,179,,,1.205673336982727,0,1.1736414011981753,1.1542932987213135,1.2851268339445392,180,lead,lead,Lead,
77560,soldier_caught,0,1,0,0,112,34,17.0,78,,,1.636294960975647,0,1.1391222571270376,1.027829885482788,1.258414334964981,79,lead,lead,Lead,
77561,intercepted,1,0,0,0,165,9,4.5,156,165.0,82.5,6.841990947723389,0,1.1231862288561596,0.45198971033096313,1.2218979818371192,157,lead,lead,Lead,
77562,intercepted,1,0,0,0,312,20,10.0,292,312.0,156.0,3.8116002082824707,0,1.1465809093375052,0.9797424077987671,1.2544485088029844,293,lead,lead,Lead,
77563,intercepted,1,0,0,0,118,12,6.0,106,118.0,59.0,7.3246049880981445,0,1.154375067241838,1.4355782270431519,1.2552146873101033,107,lead,lead,Lead,
77564,soldier_caught,0,1,0,0,386,32,16.0,354,,,1.7753632068634033,0,1.1381892568628553,0.721432626247406,1.2337492197108246,355,lead,lead,Lead,
77565,unsafe_intercept,0,0,1,0,604,10,5.0,594,,,2.2644758224487305,0,1.142228950397307,1.7550232410430908,1.2281316717199744,595,lead,lead,Lead,
77566,soldier_caught,0,1,0,0,17,15,7.5,2,,,1.3594356775283813,0,1.0996433595816295,0.4959947168827057,1.1955814544647223,3,lead,lead,Lead,
77567,intercepted,1,0,0,0,185,13,6.5,172,185.0,92.5,5.741181373596191,0,1.0758149601476041,0.6049150824546814,1.161630242262305,173,lead,lead,Lead,
77568,intercepted,1,0,0,0,72,11,5.5,61,72.0,36.0,13.951273918151855,0,1.060847550029716,0.9244011044502258,1.1556074963786487,62,lead,lead,Lead,
77569,soldier_caught,0,1,0,0,202,10,5.0,192,,,1.8805720806121826,0,1.1310273691471378,0.9520090818405151,1.229033669578354,193,lead,lead,Lead,
77570,soldier_caught,0,1,0,0,200,11,5.5,189,,,1.2674771547317505,0,1.054647156753038,0.9863751530647278,1.1489573297216586,190,lead,lead,Lead,
77571,intercepted,1,0,0,0,245,13,6.5,232,245.0,122.5,7.334750652313232,0,1.095496589405854,1.3103083372116089,1.1862430331362814,233,lead,lead,Lead,
77572,intercepted,1,0,0,0,184,58,29.0,126,184.0,92.0,10.338126182556152,0,1.0938512093908206,1.1853196620941162,1.1680899549799741,127,lead,lead,Lead,
77573,soldier_caught,0,1,0,0,322,10,5.0,312,,,1.4734793901443481,0,1.121197807784088,1.5296729803085327,1.2169276672338907,313,lead,lead,Lead,
77574,intercepted,1,0,0,0,337,12,6.0,325,337.0,168.5,4.244096279144287,0,1.1447165323181387,0.4728935956954956,1.2350694316467279,326,lead,lead,Lead,
77575,intercepted,1,0,0,0,891,40,20.0,851,891.0,445.5,2.3514177799224854,0,1.1284012895322322,1.4352831840515137,1.2201623950736296,852,lead,lead,Lead,
77576,intercepted,1,0,0,0,224,8,4.0,216,224.0,112.0,3.1995086669921875,0,1.1514989785197693,1.5394322872161865,1.2486264341598796,217,lead,lead,Lead,
77577,soldier_caught,0,1,0,0,317,9,4.5,308,,,1.5405840873718262,0,1.1660516028168904,1.275133728981018,1.2636079434500047,309,lead,lead,Lead,
77578,intercepted,1,0,0,0,32,9,4.5,23,32.0,16.0,12.819711685180664,0,1.0738937246302764,0.7033783793449402,1.1593883609069346,24,lead,lead,Lead,
77579,soldier_caught,0,1,0,0,165,16,8.0,149,,,1.3319175243377686,0,1.1642959699034692,0.8207671046257019,1.2599538656415306,150,lead,lead,Lead,
77580,intercepted,1,0,0,0,10,8,4.0,2,10.0,5.0,4.1943206787109375,0,1.6125587026278179,1.8225672245025635,1.7042696024078607,3,lead,lead,Lead,
77581,soldier_caught,0,1,0,0,615,9,4.5,606,,,0.7080405354499817,0,1.1419423760161957,1.250257134437561,1.2427500765101807,607,lead,lead,Lead,
77582,soldier_caught,0,1,0,0,128,30,15.0,98,,,1.981309175491333,0,1.1055985577780791,1.0279262065887451,1.2068462377451012,99,lead,lead,Lead,
77583,intercepted,1,0,0,0,631,22,11.0,609,631.0,315.5,3.2074620723724365,0,1.1196529724070283,1.215994954109192,1.2215726534614526,610,lead,lead,Lead,
77584,intercepted,1,0,0,0,521,10,5.0,511,521.0,260.5,3.0296666622161865,0,1.122991334865219,1.7611664533615112,1.2079647966526599,512,lead,lead,Lead,
77585,intercepted,1,0,0,0,16,14,7.0,2,16.0,8.0,4.425551414489746,0,0.8107632398605347,0.6258440613746643,0.8235198707889819,3,lead,lead,Lead,
77586,intercepted,1,0,0,0,845,9,4.5,836,845.0,422.5,2.1411283016204834,0,1.1534162593233257,1.1377804279327393,1.2480537032622545,837,lead,lead,Lead,
77587,intercepted,1,0,0,0,176,9,4.5,167,176.0,88.0,3.554335594177246,0,1.1776422434264706,0.919922947883606,1.2878325479367012,168,lead,lead,Lead,
77588,intercepted,1,0,0,0,131,11,5.5,120,131.0,65.5,3.7942721843719482,0,1.1344375997042853,0.9941110014915466,1.2307623728692272,121,lead,lead,Lead,
77589,intercepted,1,0,0,0,205,18,9.0,187,205.0,102.5,5.947268962860107,0,1.1388276487271836,1.4960439205169678,1.2221664268755328,188,lead,lead,Lead,
77590,soldier_caught,0,1,0,0,163,11,5.5,152,,,1.7318557500839233,0,1.1937196889733956,1.000208854675293,1.3055597137272417,153,lead,lead,Lead,
77591,soldier_caught,0,1,0,0,265,8,4.0,257,,,1.6975268125534058,0,1.1522585897338251,0.8749181628227234,1.2476984226913581,258,lead,lead,Lead,
77592,soldier_caught,0,1,0,0,341,51,25.5,290,,,1.0504543781280518,0,1.1403959809300006,0.4376697242259979,1.2436280911437239,291,lead,lead,Lead,
77593,intercepted,1,0,0,0,388,11,5.5,377,388.0,194.0,2.0133841037750244,0,1.1018943419019696,1.409249186515808,1.1998069150996447,378,lead,lead,Lead,
77594,intercepted,1,0,0,0,11,9,4.5,2,11.0,5.5,4.514651775360107,0,1.5245852867762248,2.1609833240509033,1.6387938482128417,3,lead,lead,Lead,
77595,intercepted,1,0,0,0,37,10,5.0,27,37.0,18.5,4.098659992218018,0,1.1881018664155687,1.5289461612701416,1.3054207953606225,28,lead,lead,Lead,
77596,soldier_caught,0,1,0,0,127,38,19.0,89,,,1.6627262830734253,0,1.1143851285179456,0.6334810853004456,1.214333389216957,90,lead,lead,Lead,
77597,soldier_caught,0,1,0,0,34,10,5.0,24,,,1.340717077255249,0,0.975308723449707,0.874392032623291,1.0335321666396522,25,lead,lead,Lead,
77598,intercepted,1,0,0,0,404,72,36.0,332,404.0,202.0,8.684804916381836,0,1.1524976700007379,0.7213292121887207,1.248420721299417,333,lead,lead,Lead,
77599,intercepted,1,0,0,0,492,14,7.0,478,492.0,246.0,2.29601788520813,0,1.121562388447543,1.2533601522445679,1.217697496523693,479,lead,lead,Lead,
77600,intercepted,1,0,0,0,971,40,20.0,931,971.0,485.5,2.145779609680176,0,1.161462194202348,0.993448793888092,1.2574471776074032,932,lead,lead,Lead,
77601,intercepted,1,0,0,0,556,16,8.0,540,556.0,278.0,2.649958610534668,0,1.145534989683994,0.7798833250999451,1.2569182329832524,541,lead,lead,Lead,
77602,intercepted,1,0,0,0,331,27,13.5,304,331.0,165.5,4.89566707611084,0,1.154550085839678,1.6845825910568237,1.2503461556036426,305,lead,lead,Lead,
77603,intercepted,1,0,0,0,431,9,4.5,422,431.0,215.5,4.387084007263184,0,1.1180550085455532,1.1842694282531738,1.202647255091705,423,lead,lead,Lead,
77604,intercepted,1,0,0,0,745,31,15.5,714,745.0,372.5,3.1815121173858643,0,1.1291202107092717,1.2156190872192383,1.2342107348551556,715,lead,lead,Lead,
77605,intercepted,1,0,0,0,253,45,22.5,208,253.0,126.5,2.872375726699829,0,1.0978708174525265,0.8775057792663574,1.2047014128439981,209,lead,lead,Lead,
77606,soldier_caught,0,1,0,0,66,11,5.5,55,,,1.162772536277771,0,1.1072095933237247,2.013244390487671,1.2148253620691816,56,lead,lead,Lead,
77607,intercepted,1,0,0,0,11,9,4.5,2,11.0,5.5,3.6943366527557373,0,1.0438742240269978,1.6760023832321167,1.149308667507341,3,lead,lead,Lead,
77608,soldier_caught,0,1,0,0,320,10,5.0,310,,,0.6510322690010071,0,1.1606512853570305,1.8912101984024048,1.2560114507282432,311,lead,lead,Lead,
77609,intercepted,1,0,0,0,53,10,5.0,43,53.0,26.5,7.7261176109313965,0,1.1674229143695398,1.6869258880615234,1.2560291517482784,44,lead,lead,Lead,
77610,intercepted,1,0,0,0,367,9,4.5,358,367.0,183.5,8.822778701782227,0,1.0946339084494412,1.2953332662582397,1.198689012718509,359,lead,lead,Lead,
77611,intercepted,1,0,0,0,81,8,4.0,73,81.0,40.5,10.03490924835205,0,1.1508037072379846,0.6167712211608887,1.2400738399280224,74,lead,lead,Lead,
77612,intercepted,1,0,0,0,671,8,4.0,663,671.0,335.5,2.3404533863067627,0,1.148018722052136,1.5932033061981201,1.242438170441321,664,lead,lead,Lead,
77613,soldier_caught,0,1,0,0,200,8,4.0,192,,,0.1860838085412979,0,1.2010181695994935,1.5631598234176636,1.2903266933017066,193,lead,lead,Lead,
77614,intercepted,1,0,0,0,159,21,10.5,138,159.0,79.5,4.134102821350098,0,1.085819398649305,1.0331114530563354,1.1839412362512005,139,lead,lead,Lead,
77615,intercepted,1,0,0,0,1017,64,32.0,953,1017.0,508.5,2.094872236251831,0,1.117332959590593,0.7216355204582214,1.2153208986910193,954,lead,lead,Lead,
77616,intercepted,1,0,0,0,408,16,8.0,392,408.0,204.0,3.621046543121338,0,1.108716272064141,0.9846535325050354,1.213326547238658,393,lead,lead,Lead,
77617,intercepted,1,0,0,0,752,101,50.5,651,752.0,376.0,10.007996559143066,0,1.1272976907095844,0.7062121033668518,1.220488439225787,652,lead,lead,Lead,
77618,intercepted,1,0,0,0,347,35,17.5,312,347.0,173.5,3.26300048828125,0,1.165590942239228,1.1066277027130127,1.27855901207725,313,lead,lead,Lead,
77619,intercepted,1,0,0,0,418,12,6.0,406,418.0,209.0,2.2695248126983643,0,1.1453990734454602,0.8525680899620056,1.2486220444787084,407,lead,lead,Lead,
77620,intercepted,1,0,0,0,37,8,4.0,29,37.0,18.5,4.489773750305176,0,1.2224781970183054,0.7913317084312439,1.2969305687083243,30,lead,lead,Lead,
77621,soldier_caught,0,1,0,0,12,10,5.0,2,,,1.825639247894287,0,1.2685536940892537,1.1046723127365112,1.2739102937180904,3,lead,lead,Lead,
77622,soldier_caught,0,1,0,0,563,9,4.5,554,,,1.8114908933639526,0,1.1136896892979338,1.3277124166488647,1.2075740164847342,555,lead,lead,Lead,
77623,soldier_caught,0,1,0,0,32,7,3.5,25,,,1.5951056480407715,0,1.0404510154173925,1.1483497619628906,1.15100582762183,26,lead,lead,Lead,
77624,intercepted,1,0,0,0,239,15,7.5,224,239.0,119.5,8.299894332885742,0,1.086922582752175,1.2019838094711304,1.190680343897634,225,lead,lead,Lead,
77625,intercepted,1,0,0,0,237,14,7.0,223,237.0,118.5,3.698808193206787,0,1.0813252095997865,1.4522627592086792,1.1765008027154007,224,lead,lead,Lead,
77626,intercepted,1,0,0,0,196,19,9.5,177,196.0,98.0,9.114849090576172,0,1.1045689906799392,0.4844774305820465,1.2025019452192898,178,lead,lead,Lead,
77627,intercepted,1,0,0,0,651,11,5.5,640,651.0,325.5,3.2091524600982666,0,1.1321495640180226,0.7164166569709778,1.2347954763376428,641,lead,lead,Lead,
77628,soldier_caught,0,1,0,0,799,11,5.5,788,,,1.3885313272476196,0,1.1129261251014901,0.9532067179679871,1.207561666722825,789,lead,lead,Lead,
77629,intercepted,1,0,0,0,194,24,12.0,170,194.0,97.0,9.651284217834473,0,1.1190043834217809,0.16693124175071716,1.215947580165396,171,lead,lead,Lead,
77630,intercepted,1,0,0,0,354,49,24.5,305,354.0,177.0,5.043707847595215,0,1.1047265314880539,0.8288459777832031,1.2097744674796613,306,lead,lead,Lead,
77631,soldier_caught,0,1,0,0,410,12,6.0,398,,,1.9689031839370728,0,1.1172783132782556,0.8744688630104065,1.2223397552243824,399,lead,lead,Lead,
77632,intercepted,1,0,0,0,86,59,29.5,27,86.0,43.0,11.173347473144531,0,1.0219591643129076,0.9582971334457397,1.1099932085855837,28,lead,lead,Lead,
77633,soldier_caught,0,1,0,0,466,9,4.5,457,,,1.9674803018569946,0,1.1409927967073616,1.6831737756729126,1.2344772806682633,458,lead,lead,Lead,
77634,intercepted,1,0,0,0,270,7,3.5,263,270.0,135.0,9.141400337219238,0,1.1388397932504162,0.5606306791305542,1.2336102174283297,264,lead,lead,Lead,
77635,intercepted,1,0,0,0,11,9,4.5,2,11.0,5.5,4.15786075592041,0,0.957194189230601,1.4639288187026978,1.0226415120210774,3,lead,lead,Lead,
77636,intercepted,1,0,0,0,255,14,7.0,241,255.0,127.5,4.315223693847656,0,1.0646654002460814,0.7446199655532837,1.162559073604451,242,lead,lead,Lead,
77637,intercepted,1,0,0,0,47,11,5.5,36,47.0,23.5,5.533742427825928,0,1.1128349739152033,0.5917000770568848,1.1749105441020056,37,lead,lead,Lead,
77638,intercepted,1,0,0,0,485,11,5.5,474,485.0,242.5,2.0035085678100586,0,1.138116346942751,1.8279205560684204,1.2368327880402707,475,lead,lead,Lead,
77639,intercepted,1,0,0,0,179,11,5.5,168,179.0,89.5,7.700724124908447,0,1.1540208301071584,0.699398398399353,1.2576513149605857,169,lead,lead,Lead,
77640,soldier_caught,0,1,0,0,742,14,7.0,728,,,1.721273422241211,0,1.1490374708698938,0.682938814163208,1.2400244607401707,729,lead,lead,Lead,
77641,intercepted,1,0,0,0,299,10,5.0,289,299.0,149.5,3.8517229557037354,0,1.1380349363746314,0.9467665553092957,1.2281096617268703,290,lead,lead,Lead,
77642,intercepted,1,0,0,0,144,11,5.5,133,144.0,72.0,7.212142467498779,0,1.0872982128787396,0.7693700194358826,1.1703371179932636,134,lead,lead,Lead,
77643,intercepted,1,0,0,0,716,9,4.5,707,716.0,358.0,2.5559892654418945,0,1.1280718490081487,0.4215318262577057,1.2252536009895092,708,lead,lead,Lead,
77644,intercepted,1,0,0,0,150,26,13.0,124,150.0,75.0,7.711619853973389,0,1.2001107807159423,1.044506311416626,1.2868481607962128,125,lead,lead,Lead,
77645,intercepted,1,0,0,0,46,9,4.5,37,46.0,23.0,11.336788177490234,0,1.208623291630494,1.6101223230361938,1.2947513425747343,38,lead,lead,Lead,
77646,unsafe_intercept,0,0,1,0,455,10,5.0,445,,,2.265151023864746,0,1.1239159738335909,1.7175694704055786,1.217404361769374,446,lead,lead,Lead,
77647,intercepted,1,0,0,0,584,13,6.5,571,584.0,292.0,3.3453726768493652,0,1.1360315196606872,0.7111931443214417,1.2282127153682991,572,lead,lead,Lead,
77648,unsafe_intercept,0,0,1,0,11,9,4.5,2,,,3.0765573978424072,0,1.0462012887001038,1.358761191368103,1.0698774315413757,3,lead,lead,Lead,
77649,unsafe_intercept,0,0,1,0,14,12,6.0,2,,,3.1852807998657227,0,1.4397008220354717,1.6231567859649658,1.589625363533629,3,lead,lead,Lead,
77650,soldier_caught,0,1,0,0,390,11,5.5,379,,,1.9117960929870605,0,1.125764904857466,1.1011418104171753,1.2333099750595806,380,lead,lead,Lead,
77651,intercepted,1,0,0,0,373,15,7.5,358,373.0,186.5,10.019887924194336,0,1.1693484444057045,1.1121101379394531,1.2644303897747473,359,lead,lead,Lead,
77652,soldier_caught,0,1,0,0,12,10,5.0,2,,,1.853027582168579,0,1.0267323851585388,0.8837725520133972,1.0651569059397907,3,lead,lead,Lead,
77653,soldier_caught,0,1,0,0,480,16,8.0,464,,,1.9437899589538574,0,1.14300144414107,1.6401197910308838,1.2376807496096036,465,lead,lead,Lead,
77654,intercepted,1,0,0,0,356,13,6.5,343,356.0,178.0,6.914369106292725,0,1.184477914455022,1.251175880432129,1.28287495089732,344,lead,lead,Lead,
77655,intercepted,1,0,0,0,35,8,4.0,27,35.0,17.5,4.883401393890381,0,1.183446742594242,0.5508097410202026,1.2584107647659433,28,lead,lead,Lead,
77656,intercepted,1,0,0,0,295,12,6.0,283,295.0,147.5,4.256479263305664,0,1.1421975881700785,0.8598049879074097,1.229075635299684,284,lead,lead,Lead,
77657,soldier_caught,0,1,0,0,158,12,6.0,146,,,1.7982902526855469,0,1.062689445659417,1.0664738416671753,1.150961488663025,147,lead,lead,Lead,
77658,intercepted,1,0,0,0,335,8,4.0,327,335.0,167.5,4.662886619567871,0,1.1071377930390398,0.9956455230712891,1.2031342798765992,328,lead,lead,Lead,
77659,soldier_caught,0,1,0,0,175,7,3.5,168,,,1.9704662561416626,0,1.109029248180474,1.3341394662857056,1.206071495489689,169,lead,lead,Lead,
77660,soldier_caught,0,1,0,0,621,11,5.5,610,,,0.9921474456787109,0,1.145408393159728,1.4308276176452637,1.2527903275714272,611,lead,lead,Lead,
77661,intercepted,1,0,0,0,490,11,5.5,479,490.0,245.0,3.3075568675994873,0,1.156418882139648,0.6647571325302124,1.2533822521082556,480,lead,lead,Lead,
77662,intercepted,1,0,0,0,578,10,5.0,568,578.0,289.0,2.7639331817626953,0,1.129806951002622,1.256723403930664,1.23082661195383,569,lead,lead,Lead,
77663,intercepted,1,0,0,0,465,8,4.0,457,465.0,232.5,2.418511390686035,0,1.1429294783085193,1.4430636167526245,1.2413890419725273,458,lead,lead,Lead,
77664,intercepted,1,0,0,0,489,9,4.5,480,489.0,244.5,3.6664721965789795,0,1.1305149351236974,0.5966805815696716,1.219014199487585,481,lead,lead,Lead,
77665,soldier_caught,0,1,0,0,169,20,10.0,149,,,1.19321870803833,0,1.100435397227605,0.6922990679740906,1.184317370000769,150,lead,lead,Lead,
77666,intercepted,1,0,0,0,766,16,8.0,750,766.0,383.0,5.2382283210754395,0,1.1114944179112045,2.043602228164673,1.2027464757436155,751,lead,lead,Lead,
77667,intercepted,1,0,0,0,113,12,6.0,101,113.0,56.5,7.382184982299805,0,1.0779948190731161,0.5645266175270081,1.1487181274175138,102,lead,lead,Lead,
77668,intercepted,1,0,0,0,60,13,6.5,47,60.0,30.0,2.668524980545044,0,1.039538639287154,0.7878788113594055,1.1173961313572285,48,lead,lead,Lead,
77669,intercepted,1,0,0,0,339,10,5.0,329,339.0,169.5,4.719298839569092,0,1.1426174853335727,0.4619442820549011,1.2272943623728716,330,lead,lead,Lead,
77670,intercepted,1,0,0,0,103,9,4.5,94,103.0,51.5,11.341219902038574,0,1.1204018006199286,1.6948108673095703,1.2101160356142133,95,lead,lead,Lead,
77671,intercepted,1,0,0,0,1153,12,6.0,1141,1153.0,576.5,2.7202227115631104,0,1.1265549561018597,0.19162572920322418,1.2219806972710783,1142,lead,lead,Lead,
77672,soldier_caught,0,1,0,0,1059,12,6.0,1047,,,1.9406507015228271,0,1.1136359038073143,0.4516184329986572,1.2022223043924205,1048,lead,lead,Lead,
77673,intercepted,1,0,0,0,591,11,5.5,580,591.0,295.5,2.9435300827026367,0,1.1496570441814176,1.3382714986801147,1.2437921852387774,581,lead,lead,Lead,
77674,soldier_caught,0,1,0,0,375,8,4.0,367,,,1.893188238143921,0,1.1223473335697276,1.5486857891082764,1.205389737901123,368,lead,lead,Lead,
77675,intercepted,1,0,0,0,62,13,6.5,49,62.0,31.0,8.24862289428711,0,1.2193136233091355,1.3097054958343506,1.3103235028560156,50,lead,lead,Lead,
77676,soldier_caught,0,1,0,0,10,8,4.0,2,,,1.95808744430542,0,1.2782411575317383,1.6496278047561646,1.3218373717790333,3,lead,lead,Lead,
77677,intercepted,1,0,0,0,174,11,5.5,163,174.0,87.0,7.91032600402832,0,1.0970327365325718,0.8385868072509766,1.1912890100925353,164,lead,lead,Lead,
77678,intercepted,1,0,0,0,457,11,5.5,446,457.0,228.5,7.299938678741455,0,1.1171953593791197,1.0016369819641113,1.2164873964792133,447,lead,lead,Lead,
77679,intercepted,1,0,0,0,126,11,5.5,115,126.0,63.0,5.463097095489502,0,1.0930866764794136,1.8672300577163696,1.1841574354274185,116,lead,lead,Lead,
77680,intercepted,1,0,0,0,456,9,4.5,447,456.0,228.0,3.695591688156128,0,1.1189181526091747,1.1265385150909424,1.2170946109645047,448,lead,lead,Lead,
77681,soldier_caught,0,1,0,0,118,33,16.5,85,,,1.1669554710388184,0,1.1761016734810763,0.874369204044342,1.2704307806728818,86,lead,lead,Lead,
77682,intercepted,1,0,0,0,38,11,5.5,27,38.0,19.0,11.83564567565918,0,1.1367883437446185,0.5057289004325867,1.2382691839970006,28,lead,lead,Lead,
77683,intercepted,1,0,0,0,1031,9,4.5,1022,1031.0,515.5,3.242215156555176,0,1.1090178786251668,0.7100332379341125,1.2053788065425226,1023,lead,lead,Lead,
77684,intercepted,1,0,0,0,1044,9,4.5,1035,1044.0,522.0,2.699270248413086,0,1.121510675335195,1.2302980422973633,1.2170135169264125,1036,lead,lead,Lead,
77685,intercepted,1,0,0,0,522,11,5.5,511,522.0,261.0,3.468251943588257,0,1.1182477204420138,0.8536492586135864,1.2090603032539595,512,lead,lead,Lead,
77686,soldier_caught,0,1,0,0,209,11,5.5,198,,,0.7697442173957825,0,1.0869990462933354,1.1411479711532593,1.169504985012711,199,lead,lead,Lead,
77687,intercepted,1,0,0,0,171,12,6.0,159,171.0,85.5,3.240699291229248,0,1.1460214130580426,1.2672823667526245,1.2383174957309278,160,lead,lead,Lead,
77688,unsafe_intercept,0,0,1,0,10,8,4.0,2,,,3.407675266265869,0,0.959773600101471,1.865297555923462,1.1546772267261571,3,lead,lead,Lead,
77689,intercepted,1,0,0,0,709,13,6.5,696,709.0,354.5,6.164821147918701,0,1.1479767175067959,2.174426555633545,1.2404546941894896,697,lead,lead,Lead,
77690,soldier_caught,0,1,0,0,236,12,6.0,224,,,1.6962971687316895,0,1.1231725828184023,0.5516359806060791,1.21667775596924,225,lead,lead,Lead,
77691,intercepted,1,0,0,0,1148,11,5.5,1137,1148.0,574.0,2.221822738647461,0,1.1280273195153172,1.3032586574554443,1.2220784715938429,1138,lead,lead,Lead,
77692,intercepted,1,0,0,0,314,12,6.0,302,314.0,157.0,6.599279403686523,0,1.0920600568746577,1.0430874824523926,1.1873182168496037,303,lead,lead,Lead,
77693,soldier_caught,0,1,0,0,58,11,5.5,47,,,1.4833720922470093,0,0.9998813982432088,1.7263915538787842,1.1111420855802403,48,lead,lead,Lead,
77694,soldier_caught,0,1,0,0,474,10,5.0,464,,,1.768505573272705,0,1.1386146406172424,1.3069831132888794,1.228489842471118,465,lead,lead,Lead,
77695,soldier_caught,0,1,0,0,1168,9,4.5,1159,,,0.8519524931907654,0,1.1305457301373625,1.0424671173095703,1.2285847104929561,1160,lead,lead,Lead,
77696,intercepted,1,0,0,0,52,7,3.5,45,52.0,26.0,9.582671165466309,0,1.107542222932629,1.4495271444320679,1.2160297550174495,46,lead,lead,Lead,
77697,intercepted,1,0,0,0,551,9,4.5,542,551.0,275.5,2.6900434494018555,0,1.1231702331103672,1.210529088973999,1.229482094113208,543,lead,lead,Lead,
77698,intercepted,1,0,0,0,255,8,4.0,247,255.0,127.5,2.5732333660125732,0,1.0905754123964617,1.3636136054992676,1.1921670042428274,248,lead,lead,Lead,
77699,soldier_caught,0,1,0,0,294,39,19.5,255,,,1.9849776029586792,0,1.1055841493071057,0.9466652274131775,1.2062682076935558,256,lead,lead,Lead,
77700,intercepted,1,0,0,0,119,65,32.5,54,119.0,59.5,5.2561354637146,0,1.0917421167547052,0.4385759234428406,1.1619797476572993,55,lead,lead,Lead,
77701,intercepted,1,0,0,0,68,16,8.0,52,68.0,34.0,13.028596878051758,0,1.227918970135023,1.1561918258666992,1.331378103807782,53,lead,lead,Lead,
77702,intercepted,1,0,0,0,321,12,6.0,309,321.0,160.5,2.952051877975464,0,1.1632766543376831,1.8853933811187744,1.2568729612062512,310,lead,lead,Lead,
77703,soldier_caught,0,1,0,0,515,14,7.0,501,,,0.7860217094421387,0,1.1144808011938376,1.676023244857788,1.2085386648899517,502,lead,lead,Lead,
77704,intercepted,1,0,0,0,1229,21,10.5,1208,1229.0,614.5,4.830030918121338,0,1.1219803658710767,0.9946383833885193,1.218857588672312,1209,lead,lead,Lead,
77705,soldier_caught,0,1,0,0,92,11,5.5,81,,,1.9058172702789307,0,1.061792128787535,0.5266690254211426,1.183623377093722,82,lead,lead,Lead,
77706,intercepted,1,0,0,0,51,36,18.0,15,51.0,25.5,9.404622077941895,0,1.1535484492778778,1.260363221168518,1.2503039789771864,16,lead,lead,Lead,
77707,intercepted,1,0,0,0,156,41,20.5,115,156.0,78.0,5.020419597625732,0,1.170492301598705,1.2637975215911865,1.2501832793691343,116,lead,lead,Lead,
77708,intercepted,1,0,0,0,367,22,11.0,345,367.0,183.5,6.266071319580078,0,1.148590577647865,0.7313782572746277,1.2425402823645506,346,lead,lead,Lead,
77709,soldier_caught,0,1,0,0,875,8,4.0,867,,,0.5023502111434937,0,1.127497843719916,0.8105636835098267,1.2246951235562549,868,lead,lead,Lead,
77710,soldier_caught,0,1,0,0,498,8,4.0,490,,,1.2857234477996826,0,1.131149780331464,1.1999508142471313,1.2394082731563163,491,lead,lead,Lead,
77711,intercepted,1,0,0,0,371,14,7.0,357,371.0,185.5,3.8928494453430176,0,1.1195812429296237,0.627693235874176,1.219883539621168,358,lead,lead,Lead,
77712,soldier_caught,0,1,0,0,648,52,26.0,596,,,1.8859002590179443,0,1.1290744130610422,1.3730056285858154,1.2286982554269579,597,lead,lead,Lead,
77713,intercepted,1,0,0,0,1120,9,4.5,1111,1120.0,560.0,2.8862016201019287,0,1.1174658074901311,1.633981466293335,1.2183475581335632,1112,lead,lead,Lead,
77714,intercepted,1,0,0,0,754,9,4.5,745,754.0,377.0,2.028851270675659,0,1.1449310152763976,1.8915355205535889,1.2412939804161591,746,lead,lead,Lead,
77715,intercepted,1,0,0,0,576,9,4.5,567,576.0,288.0,2.6962573528289795,0,1.1124115825407732,1.1994373798370361,1.2103169334755004,568,lead,lead,Lead,
77716,intercepted,1,0,0,0,505,18,9.0,487,505.0,252.5,3.721402883529663,0,1.1029830730413315,2.280682325363159,1.21298394254726,488,lead,lead,Lead,
77717,soldier_caught,0,1,0,0,65,12,6.0,53,,,1.5499945878982544,0,0.9789169022330532,1.2186492681503296,1.078521099667384,54,lead,lead,Lead,
77718,intercepted,1,0,0,0,324,24,12.0,300,324.0,162.0,2.6230640411376953,0,1.1023377953375693,0.4070369601249695,1.1951773473560796,301,lead,lead,Lead,
77719,soldier_caught,0,1,0,0,468,13,6.5,455,,,1.9156614542007446,0,1.1788342930049749,1.4203993082046509,1.2736679415018664,456,lead,lead,Lead,
77720,intercepted,1,0,0,0,126,16,8.0,110,126.0,63.0,4.955018520355225,0,1.046863981732377,0.9220460057258606,1.106487149666013,111,lead,lead,Lead,
77721,intercepted,1,0,0,0,361,87,43.5,274,361.0,180.5,11.270864486694336,0,1.1249433675137432,0.4157995283603668,1.225097859461001,275,lead,lead,Lead,
77722,soldier_caught,0,1,0,0,58,11,5.5,47,,,1.4597373008728027,0,1.091453280299902,1.7914667129516602,1.180537335509752,48,lead,lead,Lead,
77723,intercepted,1,0,0,0,710,11,5.5,699,710.0,355.0,5.139249324798584,0,1.1510431166844708,1.5002508163452148,1.2496130049566871,700,lead,lead,Lead,
77724,soldier_caught,0,1,0,0,14,12,6.0,2,,,1.7604094743728638,0,0.8705174922943115,1.4306069612503052,0.9567197791895055,3,lead,lead,Lead,
77725,soldier_caught,0,1,0,0,45,15,7.5,30,,,1.0340752601623535,0,1.0717171762258775,0.9712786674499512,1.1419132034372923,31,lead,lead,Lead,
77726,intercepted,1,0,0,0,383,10,5.0,373,383.0,191.5,2.607015609741211,0,1.142971066748076,0.7807040810585022,1.2367357601229667,374,lead,lead,Lead,
77727,intercepted,1,0,0,0,145,9,4.5,136,145.0,72.5,3.885762929916382,0,1.1002539096087436,1.2424360513687134,1.180759264131946,137,lead,lead,Lead,
77728,intercepted,1,0,0,0,437,11,5.5,426,437.0,218.5,5.1902031898498535,0,1.1294921587899642,1.6107150316238403,1.228072487962994,427,lead,lead,Lead,
77729,intercepted,1,0,0,0,175,83,41.5,92,175.0,87.5,9.00697135925293,0,1.1349713966170305,2.0521750450134277,1.244155130852565,93,lead,lead,Lead,
77730,soldier_caught,0,1,0,0,1461,10,5.0,1451,,,1.9679630994796753,0,1.1062768886466163,1.003001093864441,1.2029923564714173,1452,lead,lead,Lead,
77731,intercepted,1,0,0,0,86,12,6.0,74,86.0,43.0,6.146050453186035,0,1.1078771891196568,0.11992768943309784,1.206299516882159,75,lead,lead,Lead,
77732,soldier_caught,0,1,0,0,527,35,17.5,492,,,1.8731907606124878,0,1.1350388873602748,0.5307726860046387,1.2387223242155214,493,lead,lead,Lead,
77733,intercepted,1,0,0,0,170,10,5.0,160,170.0,85.0,4.605984210968018,0,1.1220905936282615,1.5691255331039429,1.210743149985726,161,lead,lead,Lead,
77734,intercepted,1,0,0,0,894,13,6.5,881,894.0,447.0,2.466615915298462,0,1.1146269734366006,1.7439736127853394,1.2107796329080716,882,lead,lead,Lead,
77735,soldier_caught,0,1,0,0,66,46,23.0,20,,,0.9696342349052429,0,1.1589316406420298,0.3304261267185211,1.2704626558334264,21,lead,lead,Lead,
77736,intercepted,1,0,0,0,385,30,15.0,355,385.0,192.5,2.0033411979675293,0,1.1511797600247886,0.9535954594612122,1.2463055096480073,356,lead,lead,Lead,
77737,intercepted,1,0,0,0,133,94,47.0,39,133.0,66.5,13.324422836303711,0,1.1760096881538629,1.294893741607666,1.2840662758855397,40,lead,lead,Lead,
77738,intercepted,1,0,0,0,387,14,7.0,373,387.0,193.5,2.8878135681152344,0,1.150425100310601,1.6004937887191772,1.2462644424421274,374,lead,lead,Lead,
77739,intercepted,1,0,0,0,291,8,4.0,283,291.0,145.5,5.83458137512207,0,1.132851922727177,1.1550965309143066,1.2305451813068549,284,lead,lead,Lead,
77740,intercepted,1,0,0,0,1588,8,4.0,1580,1588.0,794.0,3.6310622692108154,0,1.130269188330209,1.0269349813461304,1.2245568378169878,1581,lead,lead,Lead,
77741,intercepted,1,0,0,0,279,39,19.5,240,279.0,139.5,2.7903048992156982,0,1.1153422090769802,0.8145391941070557,1.209246096778831,241,lead,lead,Lead,
77742,soldier_caught,0,1,0,0,101,9,4.5,92,,,1.3309149742126465,0,1.1459042112673483,1.4387544393539429,1.2531001611449342,93,lead,lead,Lead,
77743,soldier_caught,0,1,0,0,36,9,4.5,27,,,1.4158668518066406,0,1.1950059128659112,1.296115756034851,1.2828783616932555,28,lead,lead,Lead,
77744,intercepted,1,0,0,0,778,14,7.0,764,778.0,389.0,3.59684419631958,0,1.1422865987700574,0.9013062119483948,1.239820778955892,765,lead,lead,Lead,
77745,soldier_caught,0,1,0,0,1109,8,4.0,1101,,,1.6218595504760742,0,1.1584130174289382,1.856006383895874,1.2511857785543108,1102,lead,lead,Lead,
77746,intercepted,1,0,0,0,331,31,15.5,300,331.0,165.5,8.424455642700195,0,1.134448301183227,1.036479115486145,1.225701979479536,301,lead,lead,Lead,
77747,intercepted,1,0,0,0,53,9,4.5,44,53.0,26.5,10.6967191696167,0,1.0106162730190489,1.80790376663208,1.1491785260411753,45,lead,lead,Lead,
77748,intercepted,1,0,0,0,31,14,7.0,17,31.0,15.5,5.807399272918701,0,0.8961953123410543,0.8556991219520569,0.9742054728414756,18,lead,lead,Lead,
77749,soldier_caught,0,1,0,0,237,13,6.5,224,,,1.769759178161621,0,1.1537359005212784,1.9459251165390015,1.2445486760667541,225,lead,lead,Lead,
77750,intercepted,1,0,0,0,16,14,7.0,2,16.0,8.0,3.57420015335083,0,1.7812278668085735,1.752156138420105,1.7857104816250466,3,lead,lead,Lead,
77751,soldier_caught,0,1,0,0,350,31,15.5,319,,,1.6888580322265625,0,1.0717363991308957,1.103309988975525,1.1626634757485084,320,lead,lead,Lead,
77752,intercepted,1,0,0,0,430,16,8.0,414,430.0,215.0,5.331476211547852,0,1.1297853125685668,1.891237497329712,1.218907762053915,415,lead,lead,Lead,
77753,intercepted,1,0,0,0,308,40,20.0,268,308.0,154.0,2.178105115890503,0,1.0860455460486358,1.6345016956329346,1.1749686306169778,269,lead,lead,Lead,
77754,soldier_caught,0,1,0,0,15,13,6.5,2,,,1.3104164600372314,0,1.2216454148292542,1.4621433019638062,1.3145821264068787,3,lead,lead,Lead,
77755,soldier_caught,0,1,0,0,425,15,7.5,410,,,1.7302602529525757,0,1.1317954145353786,0.7585498094558716,1.2327786371772653,411,lead,lead,Lead,
77756,intercepted,1,0,0,0,69,18,9.0,51,69.0,34.5,12.299283981323242,0,1.2598089650273323,1.5021038055419922,1.344103542688346,52,lead,lead,Lead,
77757,soldier_caught,0,1,0,0,127,76,38.0,51,,,1.5421388149261475,0,1.0892283738805697,1.121103048324585,1.1682284605294513,52,lead,lead,Lead,
77758,soldier_caught,0,1,0,0,460,23,11.5,437,,,1.1990394592285156,0,1.1380709080391278,1.2084872722625732,1.2301794068645604,438,lead,lead,Lead,
77759,intercepted,1,0,0,0,291,10,5.0,281,291.0,145.5,8.210413932800293,0,1.1141078983374098,0.9303872585296631,1.2076882401773819,282,lead,lead,Lead,
77760,soldier_caught,0,1,0,0,390,13,6.5,377,,,1.6299245357513428,0,1.1019223315059823,1.3354547023773193,1.1934754304788824,378,lead,lead,Lead,
77761,intercepted,1,0,0,0,937,7,3.5,930,937.0,468.5,2.152954339981079,0,1.1325977258664324,1.7192466259002686,1.221504617544694,931,lead,lead,Lead,
77762,soldier_caught,0,1,0,0,916,10,5.0,906,,,0.7964053750038147,0,1.1202827376100957,0.8611479997634888,1.211805821168106,907,lead,lead,Lead,
77763,intercepted,1,0,0,0,41,10,5.0,31,41.0,20.5,5.446507453918457,0,1.1452872585505247,1.1387858390808105,1.2138770498510725,32,lead,lead,Lead,
77764,soldier_caught,0,1,0,0,60,14,7.0,46,,,1.9451402425765991,0,1.1351744188590254,1.4009608030319214,1.2404061344628123,47,lead,lead,Lead,
77765,intercepted,1,0,0,0,162,8,4.0,154,162.0,81.0,6.036618232727051,0,1.044454879433878,0.602174699306488,1.121800430617546,155,lead,lead,Lead,
77766,intercepted,1,0,0,0,62,16,8.0,46,62.0,31.0,14.33110523223877,0,1.1058498998271657,0.6783320307731628,1.1820346498963685,47,lead,lead,Lead,
77767,soldier_caught,0,1,0,0,622,11,5.5,611,,,1.4572027921676636,0,1.1326744133983953,1.2129228115081787,1.2318967198467652,612,lead,lead,Lead,
77768,intercepted,1,0,0,0,91,36,18.0,55,91.0,45.5,12.2006196975708,0,1.12994513128485,0.7921654582023621,1.2178721627152267,56,lead,lead,Lead,
77769,soldier_caught,0,1,0,0,949,16,8.0,933,,,1.9244778156280518,0,1.13901852577829,1.7440978288650513,1.2351211320664879,934,lead,lead,Lead,
77770,soldier_caught,0,1,0,0,12,10,5.0,2,,,1.5303561687469482,0,1.167538046836853,1.5434738397598267,1.2158428790179017,3,lead,lead,Lead,
77771,intercepted,1,0,0,0,220,9,4.5,211,220.0,110.0,8.32866382598877,0,1.086051302065827,1.5207810401916504,1.1877965773263042,212,lead,lead,Lead,
77772,intercepted,1,0,0,0,1294,33,16.5,1261,1294.0,647.0,2.050351858139038,0,1.1232812583222158,1.2711899280548096,1.2184610270064737,1262,lead,lead,Lead,
77773,intercepted,1,0,0,0,131,53,26.5,78,131.0,65.5,2.0154309272766113,0,1.1465948310833942,1.3780680894851685,1.2526814707262077,79,lead,lead,Lead,
77774,unsafe_intercept,0,0,1,0,11,9,4.5,2,,,2.7526261806488037,0,1.5507570902506511,0.42786121368408203,1.8048587334844557,3,lead,lead,Lead,
77775,soldier_caught,0,1,0,0,137,7,3.5,130,,,1.3713349103927612,0,1.1801782496102893,1.4430515766143799,1.2941081523637716,131,lead,lead,Lead,
77776,intercepted,1,0,0,0,34,10,5.0,24,34.0,17.0,12.150778770446777,0,1.1586776065826416,1.0361299514770508,1.2174330841990935,25,lead,lead,Lead,
77777,intercepted,1,0,0,0,264,41,20.5,223,264.0,132.0,4.693054676055908,0,1.0465801596708064,0.45172128081321716,1.1451102946942717,224,lead,lead,Lead,
77778,soldier_caught,0,1,0,0,743,11,5.5,732,,,0.6001089215278625,0,1.1165463728233054,0.7540405988693237,1.2205332678601537,733,lead,lead,Lead,
77779,intercepted,1,0,0,0,146,14,7.0,132,146.0,73.0,3.9940237998962402,0,1.1283218373257415,1.1211670637130737,1.2271974544490134,133,lead,lead,Lead,
77780,soldier_caught,0,1,0,0,282,46,23.0,236,,,1.9854995012283325,0,1.1303716686078769,1.433915376663208,1.2252685886459451,237,lead,lead,Lead,
77781,intercepted,1,0,0,0,631,21,10.5,610,631.0,315.5,2.186969518661499,0,1.1030722277302984,1.511989712715149,1.2059762724524263,611,lead,lead,Lead,
77782,intercepted,1,0,0,0,574,9,4.5,565,574.0,287.0,2.12017822265625,0,1.1448394942094076,0.562406063079834,1.2385286178385748,566,lead,lead,Lead,
77783,intercepted,1,0,0,0,187,15,7.5,172,187.0,93.5,12.811261177062988,0,1.185149886532326,0.48900285363197327,1.2829925560055024,173,lead,lead,Lead,
77784,soldier_caught,0,1,0,0,13,11,5.5,2,,,0.7828803658485413,0,1.560865581035614,0.9591440558433533,1.6515658816933916,3,lead,lead,Lead,
77785,soldier_caught,0,1,0,0,267,14,7.0,253,,,1.2785742282867432,0,1.1294079843585885,0.57762211561203,1.2372096509161683,254,lead,lead,Lead,
77786,intercepted,1,0,0,0,402,89,44.5,313,402.0,201.0,9.93878173828125,0,1.1280780731682565,0.38245677947998047,1.218571026431594,314,lead,lead,Lead,
77787,intercepted,1,0,0,0,123,22,11.0,101,123.0,61.5,10.863302230834961,0,1.1119108734761967,1.9752655029296875,1.2326067686058861,102,lead,lead,Lead,
77788,soldier_caught,0,1,0,0,594,13,6.5,581,,,0.886175274848938,0,1.1133632156613869,1.2186518907546997,1.2084865681520496,582,lead,lead,Lead,
77789,unsafe_intercept,0,0,1,0,10,8,4.0,2,,,2.5333261489868164,0,1.1587840517361958,1.0559715032577515,1.243981978563328,3,lead,lead,Lead,
77790,soldier_caught,0,1,0,0,785,13,6.5,772,,,1.8736530542373657,0,1.1438142948748995,1.9378242492675781,1.240112283375013,773,lead,lead,Lead,
77791,soldier_caught,0,1,0,0,257,32,16.0,225,,,1.2645671367645264,0,1.0699606781775972,1.458943247795105,1.16033524830208,226,lead,lead,Lead,
77792,intercepted,1,0,0,0,641,22,11.0,619,641.0,320.5,2.1846821308135986,0,1.1262848266790952,1.442922830581665,1.229400882226118,620,lead,lead,Lead,
77793,intercepted,1,0,0,0,783,9,4.5,774,783.0,391.5,4.161826133728027,0,1.1337681113039293,2.1159167289733887,1.2319389094724467,775,lead,lead,Lead,
77794,intercepted,1,0,0,0,105,13,6.5,92,105.0,52.5,7.455297470092773,0,1.1242103402813275,1.0223065614700317,1.2392332757634712,93,lead,lead,Lead,
77795,intercepted,1,0,0,0,1119,13,6.5,1106,1119.0,559.5,7.080367088317871,0,1.1286973159056908,1.156806230545044,1.2201223435390516,1107,lead,lead,Lead,
77796,soldier_caught,0,1,0,0,885,7,3.5,878,,,1.8777447938919067,0,1.1424953105082827,1.419503092765808,1.2400370856309644,879,lead,lead,Lead,
77797,intercepted,1,0,0,0,435,9,4.5,426,435.0,217.5,2.5081682205200195,0,1.119198618295321,0.32248401641845703,1.2094802720619084,427,lead,lead,Lead,
77798,intercepted,1,0,0,0,235,10,5.0,225,235.0,117.5,6.467382431030273,0,1.121588566859739,0.9831162691116333,1.2122032671545147,226,lead,lead,Lead,
77799,intercepted,1,0,0,0,705,21,10.5,684,705.0,352.5,3.1958048343658447,0,1.1210043832333418,0.4476138949394226,1.2191166932064845,685,lead,lead,Lead,
77800,soldier_caught,0,1,0,0,515,57,28.5,458,,,1.2638096809387207,0,1.1323114599797202,0.9520624279975891,1.227155593144956,459,lead,lead,Lead,
77801,soldier_caught,0,1,0,0,83,17,8.5,66,,,1.5738461017608643,0,1.0951015415476328,0.4037143290042877,1.1891188219144084,67,lead,lead,Lead,
77802,intercepted,1,0,0,0,628,11,5.5,617,628.0,314.0,2.0544540882110596,0,1.1151184565041057,0.942868709564209,1.22127419714136,618,lead,lead,Lead,
77803,soldier_caught,0,1,0,0,32,8,4.0,24,,,1.1105881929397583,0,1.096326825618744,1.0455193519592285,1.2018486324627258,25,lead,lead,Lead,
77804,intercepted,1,0,0,0,322,31,15.5,291,322.0,161.0,2.1799538135528564,0,1.1060706080537137,1.1379197835922241,1.2074692155788216,292,lead,lead,Lead,
77805,soldier_caught,0,1,0,0,288,14,7.0,274,,,0.6138684749603271,0,1.1332879217646339,1.2628686428070068,1.2358991772851198,275,lead,lead,Lead,
77806,intercepted,1,0,0,0,218,16,8.0,202,218.0,109.0,6.4376139640808105,0,1.1614919908234638,0.7345234155654907,1.2687487562024076,203,lead,lead,Lead,
77807,intercepted,1,0,0,0,436,7,3.5,429,436.0,218.0,2.8710379600524902,0,1.1639176969264828,0.7198973894119263,1.2662159049069628,430,lead,lead,Lead,
77808,intercepted,1,0,0,0,229,7,3.5,222,229.0,114.5,6.237725257873535,0,1.1145950994817666,0.8286361694335938,1.2233870228039874,223,lead,lead,Lead,
77809,soldier_caught,0,1,0,0,59,10,5.0,49,,,0.41600245237350464,0,1.0663668805360793,2.038648843765259,1.1583532015423479,50,lead,lead,Lead,
77810,intercepted,1,0,0,0,284,8,4.0,276,284.0,142.0,3.938626766204834,0,1.1253192929100473,1.328378677368164,1.2215178158266824,277,lead,lead,Lead,
77811,intercepted,1,0,0,0,288,40,20.0,248,288.0,144.0,2.560154676437378,0,1.106476182858628,1.2867251634597778,1.2111806245429733,249,lead,lead,Lead,
77812,intercepted,1,0,0,0,109,16,8.0,93,109.0,54.5,2.642998456954956,0,1.1495230154312672,1.3003517389297485,1.2547485189873382,94,lead,lead,Lead,
77813,intercepted,1,0,0,0,129,41,20.5,88,129.0,64.5,12.892562866210938,0,1.0755541133746673,1.2574652433395386,1.1669979877246561,89,lead,lead,Lead,
77814,intercepted,1,0,0,0,628,9,4.5,619,628.0,314.0,4.627372741699219,0,1.1268090764841725,0.6734883189201355,1.2255612223446992,620,lead,lead,Lead,
77815,intercepted,1,0,0,0,652,11,5.5,641,652.0,326.0,2.5247836112976074,0,1.085336755926364,2.185215711593628,1.1784799188517574,642,lead,lead,Lead,
77816,soldier_caught,0,1,0,0,870,9,4.5,861,,,1.1902104616165161,0,1.1057469377384939,1.5717302560806274,1.2012093284942382,862,lead,lead,Lead,
77817,soldier_caught,0,1,0,0,749,8,4.0,741,,,1.2558448314666748,0,1.0937282636841994,0.6156633496284485,1.1950705157188688,742,lead,lead,Lead,
77818,soldier_caught,0,1,0,0,811,9,4.5,802,,,1.1675233840942383,0,1.1369825985148123,0.9675894379615784,1.2339912550432695,803,lead,lead,Lead,
77819,intercepted,1,0,0,0,988,14,7.0,974,988.0,494.0,4.689372539520264,0,1.138807499536719,1.2571512460708618,1.2302660242370334,975,lead,lead,Lead,
77820,intercepted,1,0,0,0,228,11,5.5,217,228.0,114.0,8.426310539245605,0,1.137460803766863,1.078755259513855,1.237555962514282,218,lead,lead,Lead,
77821,soldier_caught,0,1,0,0,156,17,8.5,139,,,1.418419599533081,0,1.1224159130028315,1.408530831336975,1.2163586377871478,140,lead,lead,Lead,
77822,intercepted,1,0,0,0,422,8,4.0,414,422.0,211.0,3.270051956176758,0,1.0970811639385052,1.5382341146469116,1.1895326399384902,415,lead,lead,Lead,
77823,intercepted,1,0,0,0,10,8,4.0,2,10.0,5.0,5.043747901916504,0,0.5229377647240957,0.4581731855869293,0.5293819738256728,3,lead,lead,Lead,
77824,intercepted,1,0,0,0,347,11,5.5,336,347.0,173.5,3.4887378215789795,0,1.1574349678853852,0.7622565627098083,1.2574241883891595,337,lead,lead,Lead,
77825,soldier_caught,0,1,0,0,558,13,6.5,545,,,1.3237203359603882,0,1.1432980802797137,0.6825701594352722,1.2311110748669227,546,lead,lead,Lead,
77826,soldier_caught,0,1,0,0,17,15,7.5,2,,,1.6244242191314697,0,1.1914690136909485,1.4819326400756836,1.2332820813552976,3,lead,lead,Lead,
77827,intercepted,1,0,0,0,929,9,4.5,920,929.0,464.5,2.2676355838775635,0,1.1418154323301668,1.951367735862732,1.2321548282520125,921,lead,lead,Lead,
77828,intercepted,1,0,0,0,180,9,4.5,171,180.0,90.0,7.098299503326416,0,1.1221830696733885,0.8472654223442078,1.2207615156615397,172,lead,lead,Lead,
77829,soldier_caught,0,1,0,0,16,14,7.0,2,,,1.3100981712341309,0,0.9781937599182129,0.6180407404899597,1.061576197902629,3,lead,lead,Lead,
77830,intercepted,1,0,0,0,350,65,32.5,285,350.0,175.0,3.4940290451049805,0,1.1753365612113393,0.6265614628791809,1.2642047671375343,286,lead,lead,Lead,
77831,soldier_caught,0,1,0,0,271,10,5.0,261,,,1.1906859874725342,0,1.133415985767168,0.922467827796936,1.220956812709836,262,lead,lead,Lead,
77832,unsafe_intercept,0,0,1,0,10,8,4.0,2,,,3.021677255630493,0,1.2180325190226238,1.5263310670852661,1.2590164998280005,3,lead,lead,Lead,
77833,soldier_caught,0,1,0,0,186,10,5.0,176,,,1.1000964641571045,0,1.0857728236475908,0.5606140494346619,1.1927695200473245,177,lead,lead,Lead,
77834,intercepted,1,0,0,0,1256,10,5.0,1246,1256.0,628.0,2.7278664112091064,0,1.1386545681706073,0.7366882562637329,1.2352428837492626,1247,lead,lead,Lead,
77835,soldier_caught,0,1,0,0,36,9,4.5,27,,,0.7717111110687256,0,1.0901609467608588,0.3608204126358032,1.1979952446126445,28,lead,lead,Lead,
77836,intercepted,1,0,0,0,10,8,4.0,2,10.0,5.0,5.705976963043213,0,1.2010519901911418,0.9546383619308472,1.2211117467313197,3,lead,lead,Lead,
77837,intercepted,1,0,0,0,473,12,6.0,461,473.0,236.5,2.0255634784698486,0,1.145159543866848,1.1955572366714478,1.2475210808287698,462,lead,lead,Lead,
77838,soldier_caught,0,1,0,0,33,9,4.5,24,,,0.8844702243804932,0,1.1491799116134644,0.45167338848114014,1.2348735912943511,25,lead,lead,Lead,
77839,intercepted,1,0,0,0,158,9,4.5,149,158.0,79.0,9.456390380859375,0,1.13102168182532,1.0160553455352783,1.2240422458628142,150,lead,lead,Lead,
77840,intercepted,1,0,0,0,350,17,8.5,333,350.0,175.0,5.6639933586120605,0,1.1223142930936671,1.6332982778549194,1.215283895000465,334,lead,lead,Lead,
77841,intercepted,1,0,0,0,896,16,8.0,880,896.0,448.0,3.7568953037261963,0,1.1095042804067914,1.1657317876815796,1.200375398359108,881,lead,lead,Lead,
77842,soldier_caught,0,1,0,0,551,9,4.5,542,,,1.0640184879302979,0,1.095156394782207,0.4281640946865082,1.1918671321446463,543,lead,lead,Lead,
77843,soldier_caught,0,1,0,0,678,99,49.5,579,,,1.8384712934494019,0,1.1369329471398018,1.7151049375534058,1.2400688479841686,580,lead,lead,Lead,
77844,soldier_caught,0,1,0,0,185,9,4.5,176,,,1.9543957710266113,0,1.1229553991286767,0.5281060338020325,1.237492326608959,177,lead,lead,Lead,
77845,intercepted,1,0,0,0,1309,14,7.0,1295,1309.0,654.5,2.0093109607696533,0,1.113654633115885,1.394436001777649,1.2071191240564871,1296,lead,lead,Lead,
77846,intercepted,1,0,0,0,795,9,4.5,786,795.0,397.5,4.266939163208008,0,1.1350602794064653,0.18111249804496765,1.2272996115881085,787,lead,lead,Lead,
77847,soldier_caught,0,1,0,0,671,59,29.5,612,,,1.929653525352478,0,1.1284789153622374,2.2472805976867676,1.2251590448257088,613,lead,lead,Lead,
77848,intercepted,1,0,0,0,78,28,14.0,50,78.0,39.0,7.454046249389648,0,1.125032671234187,1.0886579751968384,1.1914583881026444,51,lead,lead,Lead,
77849,soldier_caught,0,1,0,0,1678,11,5.5,1667,,,0.8918554782867432,0,1.157006955538079,1.3692591190338135,1.25333151919162,1668,lead,lead,Lead,
77850,intercepted,1,0,0,0,206,13,6.5,193,206.0,103.0,7.9482316970825195,0,1.1125014210791933,0.8539347648620605,1.2006151280967863,194,lead,lead,Lead,
77851,soldier_caught,0,1,0,0,668,8,4.0,660,,,1.6012271642684937,0,1.1175165165007204,0.9544021487236023,1.2183841948103598,661,lead,lead,Lead,
77852,intercepted,1,0,0,0,310,13,6.5,297,310.0,155.0,2.396481513977051,0,1.1356539101208616,1.217994213104248,1.2270106782745702,298,lead,lead,Lead,
77853,soldier_caught,0,1,0,0,1205,10,5.0,1195,,,1.2602882385253906,0,1.13522649323412,1.3453073501586914,1.2251611915459644,1196,lead,lead,Lead,
77854,intercepted,1,0,0,0,111,11,5.5,100,111.0,55.5,6.386223793029785,0,1.2846062205510564,1.4722986221313477,1.3983141921570188,101,lead,lead,Lead,
77855,intercepted,1,0,0,0,739,17,8.5,722,739.0,369.5,2.5842392444610596,0,1.1478059160552743,1.6408090591430664,1.247472225554045,723,lead,lead,Lead,
77856,intercepted,1,0,0,0,190,8,4.0,182,190.0,95.0,3.6532464027404785,0,1.1484232181734075,1.4923393726348877,1.243181409546076,183,lead,lead,Lead,
77857,intercepted,1,0,0,0,342,9,4.5,333,342.0,171.0,3.061994791030884,0,1.1832818953978443,1.9481849670410156,1.2715545076342698,334,lead,lead,Lead,
77858,intercepted,1,0,0,0,397,10,5.0,387,397.0,198.5,4.37721586227417,0,1.118852187639352,1.9686697721481323,1.212267441008467,388,lead,lead,Lead,
77859,intercepted,1,0,0,0,143,11,5.5,132,143.0,71.5,9.306418418884277,0,1.1674600192030569,1.5248398780822754,1.2611330441126796,133,lead,lead,Lead,
77860,intercepted,1,0,0,0,240,9,4.5,231,240.0,120.0,2.1311566829681396,0,1.10721354777443,0.6670463681221008,1.205995953728509,232,lead,lead,Lead,
77861,intercepted,1,0,0,0,724,14,7.0,710,724.0,362.0,2.637392997741699,0,1.120139466203047,1.3551675081253052,1.2123444767081923,711,lead,lead,Lead,
77862,intercepted,1,0,0,0,145,16,8.0,129,145.0,72.5,5.859081268310547,0,1.0788380495630778,0.8933519124984741,1.1598438980006458,130,lead,lead,Lead,
77863,intercepted,1,0,0,0,646,15,7.5,631,646.0,323.0,5.028303146362305,0,1.0991483584187831,1.176038146018982,1.1902551369843326,632,lead,lead,Lead,
77864,soldier_caught,0,1,0,0,11,9,4.5,2,,,1.9984018802642822,0,0.7688916921615601,0.9717588424682617,0.7844238558720417,3,lead,lead,Lead,
77865,intercepted,1,0,0,0,1036,27,13.5,1009,1036.0,518.0,2.5869569778442383,0,1.120543891375903,1.1996326446533203,1.214027795579791,1010,lead,lead,Lead,
77866,intercepted,1,0,0,0,170,30,15.0,140,170.0,85.0,8.493087768554688,0,1.1334504354084638,0.2977524995803833,1.246902935325404,141,lead,lead,Lead,
77867,intercepted,1,0,0,0,311,14,7.0,297,311.0,155.5,2.1840980052948,0,1.172452554306728,1.5800681114196777,1.2780767172817826,298,lead,lead,Lead,
77868,intercepted,1,0,0,0,488,10,5.0,478,488.0,244.0,4.735819339752197,0,1.148835534677065,1.6321563720703125,1.2424678115307093,479,lead,lead,Lead,
77869,intercepted,1,0,0,0,637,103,51.5,534,637.0,318.5,7.19815731048584,0,1.1615295671135466,1.8084152936935425,1.25009656102436,535,lead,lead,Lead,
77870,soldier_caught,0,1,0,0,561,14,7.0,547,,,1.5301302671432495,0,1.1262503257361207,1.701770305633545,1.2266385056960192,548,lead,lead,Lead,
77871,intercepted,1,0,0,0,120,9,4.5,111,120.0,60.0,13.17933464050293,0,1.1342673656929816,1.7093853950500488,1.2340947118631425,112,lead,lead,Lead,
77872,intercepted,1,0,0,0,955,10,5.0,945,955.0,477.5,2.607032060623169,0,1.1161095809750652,0.8315815329551697,1.2135211031913766,946,lead,lead,Lead,
77873,intercepted,1,0,0,0,242,9,4.5,233,242.0,121.0,6.21931266784668,0,1.1594157326552603,1.5916743278503418,1.248033558887791,234,lead,lead,Lead,
77874,intercepted,1,0,0,0,223,9,4.5,214,223.0,111.5,6.030339241027832,0,1.1164838264847912,0.5491790771484375,1.2144027490007299,215,lead,lead,Lead,
77875,intercepted,1,0,0,0,251,11,5.5,240,251.0,125.5,3.144386053085327,0,1.1006014628405394,0.5671807527542114,1.18351789366648,241,lead,lead,Lead,
77876,intercepted,1,0,0,0,499,14,7.0,485,499.0,249.5,2.741179943084717,0,1.1095882025949748,0.4953329265117645,1.209899225351182,486,lead,lead,Lead,
77877,intercepted,1,0,0,0,124,20,10.0,104,124.0,62.0,7.967708110809326,0,1.2030755379370281,1.2698278427124023,1.311432621276217,105,lead,lead,Lead,
77878,intercepted,1,0,0,0,677,17,8.5,660,677.0,338.5,2.3763530254364014,0,1.1415136689221579,0.7678699493408203,1.2396931051913973,661,lead,lead,Lead,
77879,intercepted,1,0,0,0,1463,9,4.5,1454,1463.0,731.5,2.4375975131988525,0,1.1560272516151473,1.3795191049575806,1.2497932319735117,1455,lead,lead,Lead,
77880,intercepted,1,0,0,0,207,9,4.5,198,207.0,103.5,4.4264984130859375,0,1.0788978866147036,0.4266067445278168,1.1832984572960585,199,lead,lead,Lead,
77881,unsafe_intercept,0,0,1,0,10,8,4.0,2,,,2.0583994388580322,0,0.9643287062644958,0.8703758716583252,0.9669348792206414,3,lead,lead,Lead,
77882,intercepted,1,0,0,0,817,11,5.5,806,817.0,408.5,2.5694637298583984,0,1.1116035336067684,0.6826357245445251,1.2108506632867115,807,lead,lead,Lead,
77883,intercepted,1,0,0,0,186,10,5.0,176,186.0,93.0,6.235418319702148,0,1.1015629249777497,1.6658145189285278,1.1939611346991685,177,lead,lead,Lead,
77884,soldier_caught,0,1,0,0,452,19,9.5,433,,,1.4003127813339233,0,1.1397555255189469,0.5254650115966797,1.2345341721522358,434,lead,lead,Lead,
77885,intercepted,1,0,0,0,352,74,37.0,278,352.0,176.0,2.5230019092559814,0,1.130968909590475,0.7192813158035278,1.2198083590253392,279,lead,lead,Lead,
77886,soldier_caught,0,1,0,0,37,10,5.0,27,,,1.84892737865448,0,1.0935250499418803,0.6940352916717529,1.2248728644027382,28,lead,lead,Lead,
77887,intercepted,1,0,0,0,254,10,5.0,244,254.0,127.0,2.466952085494995,0,1.183649354321616,0.9032265543937683,1.2746874615182875,245,lead,lead,Lead,
77888,intercepted,1,0,0,0,115,12,6.0,103,115.0,57.5,9.080216407775879,0,1.0260617824701161,0.7213109731674194,1.120832136139853,104,lead,lead,Lead,
77889,soldier_caught,0,1,0,0,463,9,4.5,454,,,1.8192436695098877,0,1.148319268144749,0.3322838544845581,1.2497778000441802,455,lead,lead,Lead,
77890,soldier_caught,0,1,0,0,86,10,5.0,76,,,1.6115769147872925,0,1.1234624950916736,1.2850444316864014,1.2211979673305176,77,lead,lead,Lead,
77891,soldier_caught,0,1,0,0,706,11,5.5,695,,,1.8536323308944702,0,1.139613357222714,0.6575871706008911,1.2362343472824924,696,lead,lead,Lead,
77892,intercepted,1,0,0,0,30,12,6.0,18,30.0,15.0,8.905313491821289,0,0.9973836996053395,1.961032509803772,1.1038544269481103,19,lead,lead,Lead,
77893,intercepted,1,0,0,0,383,66,33.0,317,383.0,191.5,8.76200008392334,0,1.1158155278777175,0.9125081300735474,1.214664717048866,318,lead,lead,Lead,
77894,intercepted,1,0,0,0,801,83,41.5,718,801.0,400.5,2.6349897384643555,0,1.1371352516518847,2.1264102458953857,1.2257133928241617,719,lead,lead,Lead,
77895,intercepted,1,0,0,0,58,9,4.5,49,58.0,29.0,3.5309250354766846,0,1.1413674944639205,0.3829386532306671,1.2479256254664213,50,lead,lead,Lead,
77896,intercepted,1,0,0,0,141,9,4.5,132,141.0,70.5,6.806080341339111,0,1.1694210418184896,1.0286294221878052,1.2499157915266375,133,lead,lead,Lead,
77897,intercepted,1,0,0,0,510,9,4.5,501,510.0,255.0,4.879696846008301,0,1.1784841595180482,1.7309391498565674,1.2669592558074918,502,lead,lead,Lead,
77898,soldier_caught,0,1,0,0,13,10,5.0,3,,,1.6442817449569702,0,0.9598641553893685,0.5278228521347046,1.1954729364710792,4,lead,lead,Lead,
77899,soldier_caught,0,1,0,0,572,12,6.0,560,,,1.1563050746917725,0,1.1695093426209295,1.4258373975753784,1.2659322804027457,561,lead,lead,Lead,
77900,soldier_caught,0,1,0,0,394,15,7.5,379,,,1.1404345035552979,0,1.1172420538961887,0.26722535490989685,1.2198564829219,380,lead,lead,Lead,
77901,soldier_caught,0,1,0,0,949,8,4.0,941,,,1.4067436456680298,0,1.1264524926567914,0.602114200592041,1.2181571501216997,942,lead,lead,Lead,
77902,soldier_caught,0,1,0,0,248,13,6.5,235,,,1.8196035623550415,0,1.1061291568360085,1.2485320568084717,1.2037561780303612,236,lead,lead,Lead,
77903,soldier_caught,0,1,0,0,354,10,5.0,344,,,1.7116594314575195,0,1.1650459940882696,0.4387332499027252,1.2497418275982792,345,lead,lead,Lead,
77904,intercepted,1,0,0,0,490,10,5.0,480,490.0,245.0,4.6512627601623535,0,1.1378716993108857,1.0923848152160645,1.2365029509598422,481,lead,lead,Lead,
77905,intercepted,1,0,0,0,200,11,5.5,189,200.0,100.0,2.7107081413269043,0,1.090043551906159,1.4144614934921265,1.1636914905606823,190,lead,lead,Lead,
77906,intercepted,1,0,0,0,44,9,4.5,35,44.0,22.0,3.1652157306671143,0,1.1741282575660281,1.714635968208313,1.288498488955975,36,lead,lead,Lead,
77907,intercepted,1,0,0,0,238,59,29.5,179,238.0,119.0,4.891604423522949,0,1.1048595961597232,1.0473101139068604,1.1976754098086422,180,lead,lead,Lead,
77908,intercepted,1,0,0,0,14,12,6.0,2,14.0,7.0,3.885211229324341,0,1.2267979383468628,0.8666448593139648,1.2619827402580208,3,lead,lead,Lead,
77909,soldier_caught,0,1,0,0,927,9,4.5,918,,,1.4499061107635498,0,1.1419054235902264,0.9459276795387268,1.23933331263487,919,lead,lead,Lead,
77910,intercepted,1,0,0,0,41,13,6.5,28,41.0,20.5,4.789038181304932,0,1.0379797127740136,1.3853623867034912,1.1192031731272165,29,lead,lead,Lead,
77911,soldier_caught,0,1,0,0,36,11,5.5,25,,,1.8533753156661987,0,1.2570871023031382,1.2571274042129517,1.3173824637387543,26,lead,lead,Lead,
77912,soldier_caught,0,1,0,0,660,12,6.0,648,,,1.7437794208526611,0,1.168188943907917,0.8620451092720032,1.2653067254082637,649,lead,lead,Lead,
77913,soldier_caught,0,1,0,0,394,108,54.0,286,,,1.6979691982269287,0,1.1461404899479204,2.6017067432403564,1.2382048624598436,287,lead,lead,Lead,
77914,intercepted,1,0,0,0,81,10,5.0,71,81.0,40.5,8.152913093566895,0,1.0782312759094768,0.3960520327091217,1.1802532690478604,72,lead,lead,Lead,
77915,intercepted,1,0,0,0,237,9,4.5,228,237.0,118.5,2.6236746311187744,0,1.1431269974948017,1.1987106800079346,1.2392914043323189,229,lead,lead,Lead,
77916,intercepted,1,0,0,0,116,9,4.5,107,116.0,58.0,8.919612884521484,0,1.1530366183982954,0.6773204207420349,1.2727383233207032,108,lead,lead,Lead,
77917,soldier_caught,0,1,0,0,87,9,4.5,78,,,1.9868950843811035,0,1.0931496516435961,0.8981934189796448,1.167844159139518,79,lead,lead,Lead,
77918,intercepted,1,0,0,0,833,9,4.5,824,833.0,416.5,2.3986990451812744,0,1.1137369459686857,1.0483590364456177,1.216312783905164,825,lead,lead,Lead,
77919,intercepted,1,0,0,0,364,11,5.5,353,364.0,182.0,4.251124382019043,0,1.137568075483465,0.7817084193229675,1.2293876928245038,354,lead,lead,Lead,
77920,intercepted,1,0,0,0,249,10,5.0,239,249.0,124.5,5.870067596435547,0,1.1074870630477867,1.2203147411346436,1.2054961668034894,240,lead,lead,Lead,
77921,soldier_caught,0,1,0,0,217,10,5.0,207,,,0.9328287839889526,0,1.1315856136811466,2.3965067863464355,1.2248613132199029,208,lead,lead,Lead,
77922,soldier_caught,0,1,0,0,105,13,6.5,92,,,1.570698618888855,0,1.1702040738315993,0.9202103614807129,1.2451450772677917,93,lead,lead,Lead,
77923,soldier_caught,0,1,0,0,694,8,4.0,686,,,0.49255380034446716,0,1.1286084410752097,0.543828010559082,1.2305843755367447,687,lead,lead,Lead,
77924,intercepted,1,0,0,0,127,8,4.0,119,127.0,63.5,6.224300861358643,0,1.1200116989513238,0.38513967394828796,1.2114844532206432,120,lead,lead,Lead,
77925,intercepted,1,0,0,0,42,29,14.5,13,42.0,21.0,10.987388610839844,0,1.2140950773443495,1.60431969165802,1.301378978838232,14,lead,lead,Lead,
77926,soldier_caught,0,1,0,0,601,17,8.5,584,,,1.8608702421188354,0,1.1388776472491078,0.5818327069282532,1.2394030990241656,585,lead,lead,Lead,
77927,intercepted,1,0,0,0,11,9,4.5,2,11.0,5.5,3.534836530685425,0,1.4809383153915405,1.1915152072906494,1.6033769522596768,3,lead,lead,Lead,
77928,intercepted,1,0,0,0,627,10,5.0,617,627.0,313.5,3.227458953857422,0,1.1433510268318037,0.7312602996826172,1.2393226024959028,618,lead,lead,Lead,
77929,intercepted,1,0,0,0,107,9,4.5,98,107.0,53.5,9.080458641052246,0,1.1542795663229142,1.3864555358886719,1.249614292358848,99,lead,lead,Lead,
77930,intercepted,1,0,0,0,214,17,8.5,197,214.0,107.0,8.93773365020752,0,1.2068019600378141,1.4339600801467896,1.2995368323669698,198,lead,lead,Lead,
77931,intercepted,1,0,0,0,789,10,5.0,779,789.0,394.5,3.4085516929626465,0,1.1505715972146926,1.2170933485031128,1.2437178952806192,780,lead,lead,Lead,
77932,intercepted,1,0,0,0,179,12,6.0,167,179.0,89.5,4.244011402130127,0,1.1847762634002028,2.1067967414855957,1.2775227045942499,168,lead,lead,Lead,
77933,intercepted,1,0,0,0,1957,14,7.0,1943,1957.0,978.5,3.0052976608276367,0,1.1522618622026586,0.5077576637268066,1.2494362466025803,1944,lead,lead,Lead,
77934,intercepted,1,0,0,0,390,15,7.5,375,390.0,195.0,4.160191059112549,0,1.1040622521033312,1.2488499879837036,1.189434760918497,376,lead,lead,Lead,
77935,soldier_caught,0,1,0,0,272,15,7.5,257,,,0.72818523645401,0,1.1272668781899666,1.446359395980835,1.2213635719743274,258,lead,lead,Lead,
77936,intercepted,1,0,0,0,431,16,8.0,415,431.0,215.5,2.995096206665039,0,1.113724222406745,1.3788189888000488,1.2023648666962559,416,lead,lead,Lead,
77937,intercepted,1,0,0,0,550,11,5.5,539,550.0,275.0,2.2721095085144043,0,1.1397192768476627,0.9451344013214111,1.2393758107803057,540,lead,lead,Lead,
77938,soldier_caught,0,1,0,0,497,11,5.5,486,,,1.823145866394043,0,1.119840996068361,1.196890115737915,1.2165165354537242,487,lead,lead,Lead,
77939,intercepted,1,0,0,0,206,10,5.0,196,206.0,103.0,8.47981071472168,0,1.1082205746682163,1.250669002532959,1.218392474752311,197,lead,lead,Lead,
77940,soldier_caught,0,1,0,0,267,9,4.5,258,,,1.0609824657440186,0,1.1017744626030037,1.388646125793457,1.2158416059981332,259,lead,lead,Lead,
77941,intercepted,1,0,0,0,663,17,8.5,646,663.0,331.5,4.100717067718506,0,1.1181238936102003,1.3508203029632568,1.2134443788538933,647,lead,lead,Lead,
77942,intercepted,1,0,0,0,215,17,8.5,198,215.0,107.5,8.442229270935059,0,1.123001182348884,0.8734005093574524,1.2018445766450505,199,lead,lead,Lead,
77943,soldier_caught,0,1,0,0,421,9,4.5,412,,,1.7897382974624634,0,1.1051468227248071,1.360996127128601,1.2013977188275966,413,lead,lead,Lead,
77944,intercepted,1,0,0,0,575,133,66.5,442,575.0,287.5,2.1562485694885254,0,1.1350588139239068,1.6096702814102173,1.2226053193938484,443,lead,lead,Lead,
77945,soldier_caught,0,1,0,0,67,15,7.5,52,,,1.571507453918457,0,1.1683909909905128,1.6072723865509033,1.2733675021259363,53,lead,lead,Lead,
77946,intercepted,1,0,0,0,771,12,6.0,759,771.0,385.5,3.32820463180542,0,1.1235285607019538,0.4168239235877991,1.2201181761311464,760,lead,lead,Lead,
77947,intercepted,1,0,0,0,693,8,4.0,685,693.0,346.5,4.167900085449219,0,1.117021994735861,1.3882185220718384,1.22164315026185,686,lead,lead,Lead,
77948,soldier_caught,0,1,0,0,516,8,4.0,508,,,1.4265164136886597,0,1.0982316815841409,0.8304588794708252,1.1972734809355532,509,lead,lead,Lead,
77949,intercepted,1,0,0,0,339,9,4.5,330,339.0,169.5,7.5799055099487305,0,1.1434176617338578,0.8945308923721313,1.2326106185388217,331,lead,lead,Lead,
77950,soldier_caught,0,1,0,0,353,8,4.0,345,,,0.9847014546394348,0,1.1310705060645334,1.023668885231018,1.2323986739130668,346,lead,lead,Lead,
77951,soldier_caught,0,1,0,0,637,12,6.0,625,,,1.484865427017212,0,1.1235410019088858,0.7035577297210693,1.2269117974173602,626,lead,lead,Lead,
77952,soldier_caught,0,1,0,0,60,13,6.5,47,,,1.9250998497009277,0,0.9530283759037653,1.204514980316162,1.0377795699601922,48,lead,lead,Lead,
77953,intercepted,1,0,0,0,1413,91,45.5,1322,1413.0,706.5,2.1431987285614014,0,1.1321439156343966,1.5032392740249634,1.2275786072456811,1323,lead,lead,Lead,
77954,intercepted,1,0,0,0,114,17,8.5,97,114.0,57.0,3.705634355545044,0,1.1047466953798217,0.719910204410553,1.2082128013366769,98,lead,lead,Lead,
77955,soldier_caught,0,1,0,0,61,10,5.0,51,,,0.8338714838027954,0,1.1057592836710124,1.691870093345642,1.217216876764565,52,lead,lead,Lead,
77956,intercepted,1,0,0,0,212,10,5.0,202,212.0,106.0,4.760445594787598,0,1.0602063017305483,2.3602612018585205,1.159556867683394,203,lead,lead,Lead,
77957,soldier_caught,0,1,0,0,280,55,27.5,225,,,0.7519860863685608,0,1.172071740558717,1.2422734498977661,1.2647961610214908,226,lead,lead,Lead,
77958,intercepted,1,0,0,0,202,9,4.5,193,202.0,101.0,2.0771682262420654,0,1.1629062917890007,0.3640739917755127,1.2565272615277285,194,lead,lead,Lead,
77959,intercepted,1,0,0,0,487,13,6.5,474,487.0,243.5,7.320179462432861,0,1.1201358841438043,0.40200281143188477,1.21874795416599,475,lead,lead,Lead,
77960,soldier_caught,0,1,0,0,15,13,6.5,2,,,1.8057576417922974,0,1.2171987692515056,1.349359154701233,1.287491315471901,3,lead,lead,Lead,
77961,intercepted,1,0,0,0,184,19,9.5,165,184.0,92.0,3.655979871749878,0,1.1797740304146904,1.9166158437728882,1.2862701414425557,166,lead,lead,Lead,
77962,intercepted,1,0,0,0,443,8,4.0,435,443.0,221.5,3.2033307552337646,0,1.1206052397471775,1.0270018577575684,1.2188948125873678,436,lead,lead,Lead,
77963,soldier_caught,0,1,0,0,179,16,8.0,163,,,1.4730247259140015,0,1.248637722759712,0.9831229448318481,1.3612132566928627,164,lead,lead,Lead,
77964,intercepted,1,0,0,0,40,11,5.5,29,40.0,20.0,3.1735997200012207,0,1.1009991616010666,1.170937418937683,1.2027793315264823,30,lead,lead,Lead,
77965,intercepted,1,0,0,0,52,13,6.5,39,52.0,26.0,3.244382619857788,0,1.0564909406006335,1.252434492111206,1.1845864247081748,40,lead,lead,Lead,
77966,intercepted,1,0,0,0,169,16,8.0,153,169.0,84.5,4.135708332061768,0,1.1037648545650693,1.2392281293869019,1.2239728762261932,154,lead,lead,Lead,
77967,intercepted,1,0,0,0,312,14,7.0,298,312.0,156.0,7.540480136871338,0,1.1071401350075585,0.2742600739002228,1.2035865993844004,299,lead,lead,Lead,
77968,soldier_caught,0,1,0,0,165,12,6.0,153,,,1.5337700843811035,0,1.1517907063682358,1.0446951389312744,1.2361021916890909,154,lead,lead,Lead,
77969,intercepted,1,0,0,0,143,11,5.5,132,143.0,71.5,7.010026454925537,0,1.1746925421451266,0.5864224433898926,1.2654158783514122,133,lead,lead,Lead,
77970,intercepted,1,0,0,0,426,13,6.5,413,426.0,213.0,4.205598831176758,0,1.1079526677871672,1.2835379838943481,1.2024982743368877,414,lead,lead,Lead,
77971,intercepted,1,0,0,0,460,11,5.5,449,460.0,230.0,2.653989315032959,0,1.1454459047648642,1.2797369956970215,1.2351742602601448,450,lead,lead,Lead,
77972,intercepted,1,0,0,0,303,10,5.0,293,303.0,151.5,2.9430713653564453,0,1.120858861526259,1.585330605506897,1.2125256006923892,294,lead,lead,Lead,
77973,intercepted,1,0,0,0,879,7,3.5,872,879.0,439.5,2.182670831680298,0,1.1331282832061302,0.6107901334762573,1.2313203971599778,873,lead,lead,Lead,
77974,soldier_caught,0,1,0,0,277,7,3.5,270,,,1.6571123600006104,0,1.1115668802298744,1.8733879327774048,1.210575093841309,271,lead,lead,Lead,
77975,intercepted,1,0,0,0,74,8,4.0,66,74.0,37.0,10.971477508544922,0,1.1549151815585237,0.7038947939872742,1.2747395824447896,67,lead,lead,Lead,
77976,intercepted,1,0,0,0,1679,12,6.0,1667,1679.0,839.5,2.0303356647491455,0,1.1239926929025055,0.59825599193573,1.2242354029081413,1668,lead,lead,Lead,
77977,intercepted,1,0,0,0,158,11,5.5,147,158.0,79.0,6.788984775543213,0,1.0585049375186901,0.10653940588235855,1.1620400091102203,148,lead,lead,Lead,
77978,soldier_caught,0,1,0,0,117,11,5.5,106,,,0.8405214548110962,0,1.1742144465167945,1.5416932106018066,1.2940979841870284,107,lead,lead,Lead,
77979,intercepted,1,0,0,0,35,16,8.0,19,35.0,17.5,12.114789962768555,0,1.1598677814006806,1.0261812210083008,1.2399278718857352,20,lead,lead,Lead,
77980,intercepted,1,0,0,0,135,14,7.0,121,135.0,67.5,7.875814914703369,0,1.1571415075268903,0.3295457363128662,1.2505869746056808,122,lead,lead,Lead,
77981,soldier_caught,0,1,0,0,126,10,5.0,116,,,1.5493512153625488,0,1.0850064455826058,0.17864631116390228,1.1728589702605592,117,lead,lead,Lead,
77982,intercepted,1,0,0,0,650,13,6.5,637,650.0,325.0,2.753323793411255,0,1.1434383303230646,0.8860976099967957,1.2411940365777456,638,lead,lead,Lead,
77983,intercepted,1,0,0,0,256,9,4.5,247,256.0,128.0,2.8830697536468506,0,1.1222857848530816,1.8065098524093628,1.2169862932126616,248,lead,lead,Lead,
77984,intercepted,1,0,0,0,222,16,8.0,206,222.0,111.0,11.953681945800781,0,1.191678610112932,0.7196508049964905,1.2832670857950264,207,lead,lead,Lead,
77985,soldier_caught,0,1,0,0,356,8,4.0,348,,,1.5907071828842163,0,1.13517770161025,1.0503880977630615,1.2380593391458528,349,lead,lead,Lead,
77986,soldier_caught,0,1,0,0,148,47,23.5,101,,,1.316697597503662,0,1.1172739875082875,1.2194749116897583,1.2083037722910743,102,lead,lead,Lead,
77987,intercepted,1,0,0,0,273,8,4.0,265,273.0,136.5,3.4393131732940674,0,1.1068471124801869,2.0965917110443115,1.2021898133365898,266,lead,lead,Lead,
77988,intercepted,1,0,0,0,173,11,5.5,162,173.0,86.5,7.098657131195068,0,1.1229712942535162,1.287553071975708,1.2261867514395908,163,lead,lead,Lead,
77989,intercepted,1,0,0,0,12,10,5.0,2,12.0,6.0,4.347079277038574,0,1.2921922902266185,0.2928641736507416,1.4805849556795525,3,lead,lead,Lead,
77990,soldier_caught,0,1,0,0,349,9,4.5,340,,,0.5635244250297546,0,1.1592387977845509,1.5941948890686035,1.2548319583911023,341,lead,lead,Lead,
77991,intercepted,1,0,0,0,459,29,14.5,430,459.0,229.5,4.129990100860596,0,1.1584887635265315,0.7941136956214905,1.2551773091503866,431,lead,lead,Lead,
77992,intercepted,1,0,0,0,808,51,25.5,757,808.0,404.0,2.868919610977173,0,1.1307872611645973,0.9113228917121887,1.2208125672837815,758,lead,lead,Lead,
77993,intercepted,1,0,0,0,563,12,6.0,551,563.0,281.5,2.5673434734344482,0,1.17214137242864,0.8874461054801941,1.2803470950071123,552,lead,lead,Lead,
77994,intercepted,1,0,0,0,374,18,9.0,356,374.0,187.0,2.520902156829834,0,1.0801058006720716,1.2116756439208984,1.1732356216860356,357,lead,lead,Lead,
77995,intercepted,1,0,0,0,147,10,5.0,137,147.0,73.5,4.023458480834961,0,1.1119728799963342,1.6311657428741455,1.2170209912204448,138,lead,lead,Lead,
77996,intercepted,1,0,0,0,90,47,23.5,43,90.0,45.0,12.557147026062012,0,1.1949001726779072,0.922524631023407,1.2867009863307004,44,lead,lead,Lead,
77997,intercepted,1,0,0,0,165,16,8.0,149,165.0,82.5,6.124549388885498,0,1.1473205935955049,0.8204896450042725,1.2466550829914154,150,lead,lead,Lead,
77998,intercepted,1,0,0,0,45,9,4.5,36,45.0,22.5,2.433328866958618,0,1.1803046803216677,0.823712944984436,1.280050919644111,37,lead,lead,Lead,
77999,intercepted,1,0,0,0,433,13,6.5,420,433.0,216.5,9.445738792419434,0,1.1208353423095372,1.4321836233139038,1.2238242003153934,421,lead,lead,Lead,
