environment_seed,outcome,success,soldier_caught,unsafe_intercept,timeout,total_steps,detection_step,detection_time_seconds,post_detection_steps,intercept_step,intercept_time_seconds,min_enemy_soldier_dist,physical_limit_violations,mean_tracking_error,final_tracking_error,tracking_rmse,n_tracking_samples,instance_id,instance_name,family,training_seed
77000,intercepted,1,0,0,0,1271,9,4.5,1262,1271.0,635.5,2.1937787532806396,0,1.1241305231729481,0.465101420879364,1.219379074400262,1263,ppo_seed47,ppo,PPO,47
77001,intercepted,1,0,0,0,21,17,8.5,4,21.0,10.5,7.140880107879639,0,1.4279797315597533,1.3435909748077393,1.52153729878132,5,ppo_seed47,ppo,PPO,47
77002,intercepted,1,0,0,0,810,58,29.0,752,810.0,405.0,2.2901408672332764,0,1.108322125546644,1.7892978191375732,1.2148727317106935,753,ppo_seed47,ppo,PPO,47
77003,intercepted,1,0,0,0,60,30,15.0,30,60.0,30.0,10.934426307678223,0,1.1960967509977278,1.224504828453064,1.2917138302912903,31,ppo_seed47,ppo,PPO,47
77004,intercepted,1,0,0,0,1523,72,36.0,1451,1523.0,761.5,3.4101932048797607,0,1.1142165049264008,1.0476630926132202,1.2093787297328438,1452,ppo_seed47,ppo,PPO,47
77005,soldier_caught,0,1,0,0,1196,13,6.5,1183,,,1.6823408603668213,0,1.1163075038080883,0.7349097728729248,1.216754317620318,1184,ppo_seed47,ppo,PPO,47
77006,intercepted,1,0,0,0,475,31,15.5,444,475.0,237.5,2.698734998703003,0,1.1098604828454135,1.5796488523483276,1.2056875279989925,445,ppo_seed47,ppo,PPO,47
77007,soldier_caught,0,1,0,0,200,16,8.0,184,,,1.2078101634979248,0,1.1786694574194985,0.9660471081733704,1.2811492194278282,185,ppo_seed47,ppo,PPO,47
77008,intercepted,1,0,0,0,577,9,4.5,568,577.0,288.5,2.5447394847869873,0,1.1518306254764432,0.9453413486480713,1.2449591416144987,569,ppo_seed47,ppo,PPO,47
77009,intercepted,1,0,0,0,612,136,68.0,476,612.0,306.0,4.222020149230957,0,1.1676252675974894,1.509263277053833,1.2686105265083836,477,ppo_seed47,ppo,PPO,47
77010,intercepted,1,0,0,0,176,10,5.0,166,176.0,88.0,3.044121265411377,0,1.1561750441254257,0.7464361786842346,1.2432034642634229,167,ppo_seed47,ppo,PPO,47
77011,soldier_caught,0,1,0,0,1437,17,8.5,1420,,,0.7699206471443176,0,1.1027690040204545,0.5849272012710571,1.1970992107028662,1421,ppo_seed47,ppo,PPO,47
77012,intercepted,1,0,0,0,146,10,5.0,136,146.0,73.0,3.6535558700561523,0,1.1330586657689437,0.8003390431404114,1.2301913856533768,137,ppo_seed47,ppo,PPO,47
77013,intercepted,1,0,0,0,37,29,14.5,8,37.0,18.5,14.421826362609863,0,1.192882365650601,0.7760933041572571,1.2425096743379382,9,ppo_seed47,ppo,PPO,47
77014,intercepted,1,0,0,0,17,10,5.0,7,17.0,8.5,4.777706146240234,0,1.021893322467804,0.7929245829582214,1.099490404792337,8,ppo_seed47,ppo,PPO,47
77015,intercepted,1,0,0,0,224,9,4.5,215,224.0,112.0,8.895340919494629,0,1.1829446231325467,1.3224856853485107,1.279122964199559,216,ppo_seed47,ppo,PPO,47
77016,intercepted,1,0,0,0,150,8,4.0,142,150.0,75.0,2.7199580669403076,0,1.1409637923840876,1.1023073196411133,1.2346418037287437,143,ppo_seed47,ppo,PPO,47
77017,intercepted,1,0,0,0,548,14,7.0,534,548.0,274.0,5.271742343902588,0,1.1611588513461228,1.029292345046997,1.2444685513801141,535,ppo_seed47,ppo,PPO,47
77018,timeout,0,0,0,1,2000,77,38.5,1923,,,2.13400936126709,0,1.1339699261843106,0.9490413665771484,1.2303188801780531,1924,ppo_seed47,ppo,PPO,47
77019,soldier_caught,0,1,0,0,307,8,4.0,299,,,1.5049587488174438,0,1.1278612623612085,1.4213076829910278,1.2213111129794187,300,ppo_seed47,ppo,PPO,47
77020,intercepted,1,0,0,0,764,10,5.0,754,764.0,382.0,6.217679023742676,0,1.140355814914435,1.0336278676986694,1.2359534874314146,755,ppo_seed47,ppo,PPO,47
77021,intercepted,1,0,0,0,84,41,20.5,43,84.0,42.0,13.596282958984375,0,1.2727559181776913,0.7329970002174377,1.374717407397511,44,ppo_seed47,ppo,PPO,47
77022,intercepted,1,0,0,0,19,16,8.0,3,19.0,9.5,3.470407485961914,0,1.5829712450504303,1.7484158277511597,1.593453180118294,4,ppo_seed47,ppo,PPO,47
77023,intercepted,1,0,0,0,492,12,6.0,480,492.0,246.0,3.0688974857330322,0,1.1188135356826248,0.3955034613609314,1.216309414950008,481,ppo_seed47,ppo,PPO,47
77024,intercepted,1,0,0,0,26,18,9.0,8,26.0,13.0,13.296239852905273,0,0.984521672129631,0.9098583459854126,1.1203773312638394,9,ppo_seed47,ppo,PPO,47
77025,intercepted,1,0,0,0,509,57,28.5,452,509.0,254.5,3.633509874343872,0,1.1367805063987673,0.863414466381073,1.229559019943517,453,ppo_seed47,ppo,PPO,47
77026,intercepted,1,0,0,0,567,10,5.0,557,567.0,283.5,2.8845269680023193,0,1.1574525513742986,1.0551923513412476,1.2540430217763308,558,ppo_seed47,ppo,PPO,47
77027,intercepted,1,0,0,0,516,21,10.5,495,516.0,258.0,2.685260534286499,0,1.1131222795454725,1.924172282218933,1.205149207879281,496,ppo_seed47,ppo,PPO,47
77028,intercepted,1,0,0,0,19,10,5.0,9,19.0,9.5,10.966418266296387,0,1.068641322851181,1.386831521987915,1.1248552597748145,10,ppo_seed47,ppo,PPO,47
77029,soldier_caught,0,1,0,0,208,15,7.5,193,,,1.0949478149414062,0,1.129830267165125,2.0043182373046875,1.2202471382652935,194,ppo_seed47,ppo,PPO,47
77030,intercepted,1,0,0,0,1059,9,4.5,1050,1059.0,529.5,3.324094772338867,0,1.132296402563831,0.24213099479675293,1.2292821770290274,1051,ppo_seed47,ppo,PPO,47
77031,intercepted,1,0,0,0,20,9,4.5,11,20.0,10.0,5.422009468078613,0,1.157312457760175,1.1489109992980957,1.2734866063946546,12,ppo_seed47,ppo,PPO,47
77032,intercepted,1,0,0,0,509,31,15.5,478,509.0,254.5,2.959061861038208,0,1.1339058906057682,1.8597362041473389,1.2330041068610524,479,ppo_seed47,ppo,PPO,47
77033,unsafe_intercept,0,0,1,0,16,14,7.0,2,,,2.476475954055786,0,1.4369585712750752,0.7975903749465942,1.7194309922289217,3,ppo_seed47,ppo,PPO,47
77034,intercepted,1,0,0,0,591,10,5.0,581,591.0,295.5,4.41409158706665,0,1.1335475318825121,1.752812385559082,1.2348099448434007,582,ppo_seed47,ppo,PPO,47
77035,soldier_caught,0,1,0,0,35,13,6.5,22,,,1.5179063081741333,0,1.0523476639519567,0.3326571583747864,1.2091734624966504,23,ppo_seed47,ppo,PPO,47
77036,unsafe_intercept,0,0,1,0,15,13,6.5,2,,,2.9699110984802246,0,0.9757542610168457,1.0746915340423584,0.9839927543473664,3,ppo_seed47,ppo,PPO,47
77037,intercepted,1,0,0,0,366,12,6.0,354,366.0,183.0,5.17209005355835,0,1.1681037681203492,0.2464134246110916,1.2748230759882193,355,ppo_seed47,ppo,PPO,47
77038,intercepted,1,0,0,0,392,11,5.5,381,392.0,196.0,3.006434440612793,0,1.1294848177757564,1.9409745931625366,1.2223266252582436,382,ppo_seed47,ppo,PPO,47
77039,intercepted,1,0,0,0,158,13,6.5,145,158.0,79.0,9.847461700439453,0,1.115341525575886,2.0073325634002686,1.2126802057011683,146,ppo_seed47,ppo,PPO,47
77040,soldier_caught,0,1,0,0,309,10,5.0,299,,,1.5702266693115234,0,1.1027734650174776,1.598722219467163,1.1969324788367424,300,ppo_seed47,ppo,PPO,47
77041,intercepted,1,0,0,0,684,18,9.0,666,684.0,342.0,2.2212164402008057,0,1.1041573761128771,1.0287264585494995,1.200680466088489,667,ppo_seed47,ppo,PPO,47
77042,intercepted,1,0,0,0,11,8,4.0,3,11.0,5.5,2.289231538772583,0,1.1387224942445755,0.659950315952301,1.2353415824706067,4,ppo_seed47,ppo,PPO,47
77043,intercepted,1,0,0,0,1145,13,6.5,1132,1145.0,572.5,2.42403244972229,0,1.1311839569724984,1.3175816535949707,1.2244560241820936,1133,ppo_seed47,ppo,PPO,47
77044,intercepted,1,0,0,0,222,13,6.5,209,222.0,111.0,3.70607328414917,0,1.1546827913749786,1.2014522552490234,1.2521996928531416,210,ppo_seed47,ppo,PPO,47
77045,intercepted,1,0,0,0,118,60,30.0,58,118.0,59.0,13.89292049407959,0,1.133821959717799,0.5744234919548035,1.2149644183867885,59,ppo_seed47,ppo,PPO,47
77046,intercepted,1,0,0,0,208,13,6.5,195,208.0,104.0,6.940791606903076,0,1.1688160715358598,0.48334020376205444,1.2781440179313521,196,ppo_seed47,ppo,PPO,47
77047,soldier_caught,0,1,0,0,59,9,4.5,50,,,1.8524277210235596,0,1.0473855815681756,1.4564436674118042,1.168467791742871,51,ppo_seed47,ppo,PPO,47
77048,soldier_caught,0,1,0,0,279,34,17.0,245,,,1.9759260416030884,0,1.1451279103029064,0.9141217470169067,1.2381198251492713,246,ppo_seed47,ppo,PPO,47
77049,intercepted,1,0,0,0,159,34,17.0,125,159.0,79.5,10.116524696350098,0,1.0869026149785708,0.8998482823371887,1.20400884981136,126,ppo_seed47,ppo,PPO,47
77050,soldier_caught,0,1,0,0,37,10,5.0,27,,,1.6397205591201782,0,1.0375766019736017,0.98762446641922,1.1300322604658013,28,ppo_seed47,ppo,PPO,47
77051,intercepted,1,0,0,0,237,15,7.5,222,237.0,118.5,2.2854855060577393,0,1.1148369296917466,0.9644601941108704,1.2019033795124177,223,ppo_seed47,ppo,PPO,47
77052,soldier_caught,0,1,0,0,960,17,8.5,943,,,1.8120465278625488,0,1.1287577915226377,2.215053081512451,1.2239279119297557,944,ppo_seed47,ppo,PPO,47
77053,intercepted,1,0,0,0,182,11,5.5,171,182.0,91.0,6.178915977478027,0,1.1368188294473776,1.2831902503967285,1.2248194701968589,172,ppo_seed47,ppo,PPO,47
77054,intercepted,1,0,0,0,320,19,9.5,301,320.0,160.0,8.362578392028809,0,1.1509191142703523,0.9960813522338867,1.252888493550447,302,ppo_seed47,ppo,PPO,47
77055,intercepted,1,0,0,0,648,13,6.5,635,648.0,324.0,3.7198290824890137,0,1.1315368142611575,0.500887930393219,1.2299400465757797,636,ppo_seed47,ppo,PPO,47
77056,soldier_caught,0,1,0,0,388,132,66.0,256,,,1.917696237564087,0,1.127112656367892,0.35258588194847107,1.2210953862560836,257,ppo_seed47,ppo,PPO,47
77057,soldier_caught,0,1,0,0,978,10,5.0,968,,,0.9092649221420288,0,1.1224842812593014,1.699536681175232,1.2259875198422572,969,ppo_seed47,ppo,PPO,47
77058,intercepted,1,0,0,0,655,7,3.5,648,655.0,327.5,3.6137125492095947,0,1.1060916178031768,1.0970814228057861,1.196764880483943,649,ppo_seed47,ppo,PPO,47
77059,intercepted,1,0,0,0,580,11,5.5,569,580.0,290.0,4.710777759552002,0,1.0863112018558017,1.0395963191986084,1.1788597177791067,570,ppo_seed47,ppo,PPO,47
77060,intercepted,1,0,0,0,38,10,5.0,28,38.0,19.0,6.4959516525268555,0,1.1166853997214088,1.0214030742645264,1.2123659124212762,29,ppo_seed47,ppo,PPO,47
77061,soldier_caught,0,1,0,0,814,8,4.0,806,,,1.916995644569397,0,1.124344832101165,0.7310894727706909,1.2326845006548544,807,ppo_seed47,ppo,PPO,47
77062,intercepted,1,0,0,0,14,11,5.5,3,14.0,7.0,3.78871488571167,0,1.2838571667671204,1.4896495342254639,1.3400993281849276,4,ppo_seed47,ppo,PPO,47
77063,intercepted,1,0,0,0,510,8,4.0,502,510.0,255.0,2.818040609359741,0,1.1502763404405378,1.5016354322433472,1.248299464640678,503,ppo_seed47,ppo,PPO,47
77064,intercepted,1,0,0,0,129,7,3.5,122,129.0,64.5,3.1965670585632324,0,1.1843667808102398,0.48410946130752563,1.2888014667239907,123,ppo_seed47,ppo,PPO,47
77065,soldier_caught,0,1,0,0,106,11,5.5,95,,,1.3302456140518188,0,1.1631946774820487,1.8143630027770996,1.2751027853629198,96,ppo_seed47,ppo,PPO,47
77066,intercepted,1,0,0,0,14,12,6.0,2,14.0,7.0,3.561958074569702,0,0.44861050446828205,0.3628551959991455,0.482346474250559,3,ppo_seed47,ppo,PPO,47
77067,soldier_caught,0,1,0,0,108,82,41.0,26,,,1.602236270904541,0,1.1325676606761084,1.3304836750030518,1.2567534396319093,27,ppo_seed47,ppo,PPO,47
77068,intercepted,1,0,0,0,237,10,5.0,227,237.0,118.5,5.063704967498779,0,1.2013785019516945,1.3179888725280762,1.2918328745462504,228,ppo_seed47,ppo,PPO,47
77069,intercepted,1,0,0,0,122,9,4.5,113,122.0,61.0,7.7553181648254395,0,1.1793663188030845,0.7589111924171448,1.2572783695730176,114,ppo_seed47,ppo,PPO,47
77070,intercepted,1,0,0,0,261,11,5.5,250,261.0,130.5,4.383848667144775,0,1.0633074906598998,1.1859757900238037,1.1507741502714295,251,ppo_seed47,ppo,PPO,47
77071,soldier_caught,0,1,0,0,282,15,7.5,267,,,1.504855990409851,0,1.0864248670526404,1.5003844499588013,1.1853518387418613,268,ppo_seed47,ppo,PPO,47
77072,soldier_caught,0,1,0,0,105,17,8.5,88,,,1.7069154977798462,0,1.121351931871993,1.0044631958007812,1.2151717909424822,89,ppo_seed47,ppo,PPO,47
77073,intercepted,1,0,0,0,120,11,5.5,109,120.0,60.0,9.177000999450684,0,1.0951638621362774,1.7657034397125244,1.191084942689974,110,ppo_seed47,ppo,PPO,47
77074,soldier_caught,0,1,0,0,379,10,5.0,369,,,1.2177454233169556,0,1.1455261667837968,0.9868513345718384,1.2450995241942855,370,ppo_seed47,ppo,PPO,47
77075,intercepted,1,0,0,0,96,12,6.0,84,96.0,48.0,5.81410551071167,0,1.1322518653729383,0.973463237285614,1.2306539776456733,85,ppo_seed47,ppo,PPO,47
77076,intercepted,1,0,0,0,278,8,4.0,270,278.0,139.0,3.74519419670105,0,1.1263878393602107,0.44084277749061584,1.2312741777862322,271,ppo_seed47,ppo,PPO,47
77077,intercepted,1,0,0,0,1164,16,8.0,1148,1164.0,582.0,2.330047130584717,0,1.099314844334665,1.0303685665130615,1.1933890324487273,1149,ppo_seed47,ppo,PPO,47
77078,intercepted,1,0,0,0,285,9,4.5,276,285.0,142.5,10.870908737182617,0,1.1208157700214145,1.9548993110656738,1.225079237547544,277,ppo_seed47,ppo,PPO,47
77079,soldier_caught,0,1,0,0,548,22,11.0,526,,,0.8016104102134705,0,1.117774435561115,1.1813373565673828,1.2056130879538307,527,ppo_seed47,ppo,PPO,47
77080,soldier_caught,0,1,0,0,250,9,4.5,241,,,0.861890435218811,0,1.1611503046775653,0.5385571718215942,1.248424587475211,242,ppo_seed47,ppo,PPO,47
77081,soldier_caught,0,1,0,0,484,30,15.0,454,,,1.9243916273117065,0,1.1080097498147041,1.385846495628357,1.198626890588486,455,ppo_seed47,ppo,PPO,47
77082,intercepted,1,0,0,0,210,8,4.0,202,210.0,105.0,4.3440327644348145,0,1.1085600541730232,2.127916097640991,1.2062471246147992,203,ppo_seed47,ppo,PPO,47
77083,intercepted,1,0,0,0,278,8,4.0,270,278.0,139.0,4.943687915802002,0,1.1310252684453757,2.4092257022857666,1.2297551372748916,271,ppo_seed47,ppo,PPO,47
77084,intercepted,1,0,0,0,391,10,5.0,381,391.0,195.5,4.119645595550537,0,1.108815978997977,0.8875641226768494,1.2165689421024664,382,ppo_seed47,ppo,PPO,47
77085,unsafe_intercept,0,0,1,0,10,8,4.0,2,,,2.843043804168701,0,0.9669744173685709,0.6834004521369934,1.0347318137959653,3,ppo_seed47,ppo,PPO,47
77086,intercepted,1,0,0,0,869,9,4.5,860,869.0,434.5,3.1345622539520264,0,1.1298569413669988,0.7400317788124084,1.2300483811870297,861,ppo_seed47,ppo,PPO,47
77087,intercepted,1,0,0,0,12,9,4.5,3,12.0,6.0,3.7866694927215576,0,1.2535499334335327,1.7490719556808472,1.2978821678232153,4,ppo_seed47,ppo,PPO,47
77088,soldier_caught,0,1,0,0,450,9,4.5,441,,,0.5489476323127747,0,1.1381332055239926,1.0810132026672363,1.2330102165171635,442,ppo_seed47,ppo,PPO,47
77089,soldier_caught,0,1,0,0,264,49,24.5,215,,,0.985846221446991,0,1.1071009696633727,1.3634430170059204,1.204235920303376,216,ppo_seed47,ppo,PPO,47
77090,intercepted,1,0,0,0,416,10,5.0,406,416.0,208.0,3.5429675579071045,0,1.1056866109993593,0.9963340163230896,1.20892840051631,407,ppo_seed47,ppo,PPO,47
77091,intercepted,1,0,0,0,11,8,4.0,3,11.0,5.5,6.56002950668335,0,0.6823573671281338,1.2561137676239014,0.7960624044862078,4,ppo_seed47,ppo,PPO,47
77092,intercepted,1,0,0,0,100,9,4.5,91,100.0,50.0,4.711466312408447,0,1.1045130462102268,0.8951786756515503,1.1795167421905273,92,ppo_seed47,ppo,PPO,47
77093,intercepted,1,0,0,0,963,40,20.0,923,963.0,481.5,2.5346591472625732,0,1.1318174961841467,0.9765090942382812,1.2318187026040617,924,ppo_seed47,ppo,PPO,47
77094,intercepted,1,0,0,0,499,15,7.5,484,499.0,249.5,2.0013232231140137,0,1.1219946036940998,0.6050122380256653,1.2222577875565988,485,ppo_seed47,ppo,PPO,47
77095,intercepted,1,0,0,0,710,10,5.0,700,710.0,355.0,2.6402530670166016,0,1.1272994449917497,1.3427914381027222,1.2209259726804806,701,ppo_seed47,ppo,PPO,47
77096,intercepted,1,0,0,0,145,12,6.0,133,145.0,72.5,7.252764701843262,0,1.1525209904161853,0.9654722809791565,1.2504575369867517,134,ppo_seed47,ppo,PPO,47
77097,intercepted,1,0,0,0,934,11,5.5,923,934.0,467.0,2.5174171924591064,0,1.0992037930376666,2.1283891201019287,1.2033354159517615,924,ppo_seed47,ppo,PPO,47
77098,soldier_caught,0,1,0,0,1001,11,5.5,990,,,1.7864534854888916,0,1.142250274594659,0.9091381430625916,1.239327014274706,991,ppo_seed47,ppo,PPO,47
77099,soldier_caught,0,1,0,0,135,8,4.0,127,,,1.3357772827148438,0,1.204198451479897,1.2893649339675903,1.2864740218118675,128,ppo_seed47,ppo,PPO,47
77100,soldier_caught,0,1,0,0,46,20,10.0,26,,,1.616208553314209,0,1.2530745389284912,1.0668623447418213,1.3249589226869631,27,ppo_seed47,ppo,PPO,47
77101,intercepted,1,0,0,0,212,15,7.5,197,212.0,106.0,2.5810701847076416,0,1.1246563525061415,0.6964340209960938,1.218996683623764,198,ppo_seed47,ppo,PPO,47
77102,intercepted,1,0,0,0,397,10,5.0,387,397.0,198.5,6.263917922973633,0,1.140328954482816,1.3188766241073608,1.2346274592067747,388,ppo_seed47,ppo,PPO,47
77103,intercepted,1,0,0,0,1457,8,4.0,1449,1457.0,728.5,2.2604682445526123,0,1.1264345605465873,1.8956331014633179,1.2258133187142863,1450,ppo_seed47,ppo,PPO,47
77104,soldier_caught,0,1,0,0,250,12,6.0,238,,,0.45680055022239685,0,1.1298125898738287,1.0450774431228638,1.218497321375421,239,ppo_seed47,ppo,PPO,47
77105,soldier_caught,0,1,0,0,638,25,12.5,613,,,1.8348699808120728,0,1.1194007788399531,1.3070896863937378,1.22292852934559,614,ppo_seed47,ppo,PPO,47
77106,soldier_caught,0,1,0,0,702,12,6.0,690,,,0.6275659799575806,0,1.1328349230344665,0.7167631387710571,1.224022499743533,691,ppo_seed47,ppo,PPO,47
77107,soldier_caught,0,1,0,0,144,8,4.0,136,,,1.091465950012207,0,1.1137524721940069,1.4119107723236084,1.2333324732920417,137,ppo_seed47,ppo,PPO,47
77108,soldier_caught,0,1,0,0,61,11,5.5,50,,,1.747024416923523,0,0.9687450495274628,0.7864115238189697,1.0826052413751464,51,ppo_seed47,ppo,PPO,47
77109,intercepted,1,0,0,0,154,9,4.5,145,154.0,77.0,6.375892639160156,0,1.115397626814777,1.2702137231826782,1.208746654131784,146,ppo_seed47,ppo,PPO,47
77110,soldier_caught,0,1,0,0,177,15,7.5,162,,,1.39719557762146,0,1.0649845233084234,1.3360968828201294,1.1642457293864446,163,ppo_seed47,ppo,PPO,47
77111,soldier_caught,0,1,0,0,568,9,4.5,559,,,1.2548823356628418,0,1.1457159734464117,1.0143262147903442,1.2340427549497093,560,ppo_seed47,ppo,PPO,47
77112,intercepted,1,0,0,0,137,32,16.0,105,137.0,68.5,11.252241134643555,0,1.0813020539452445,0.6529452800750732,1.1862885482738814,106,ppo_seed47,ppo,PPO,47
77113,intercepted,1,0,0,0,182,12,6.0,170,182.0,91.0,12.510326385498047,0,1.1135045192395037,1.2758694887161255,1.2172293275543464,171,ppo_seed47,ppo,PPO,47
77114,soldier_caught,0,1,0,0,1669,12,6.0,1657,,,1.793365716934204,0,1.148597229447382,0.720083475112915,1.247396641900216,1658,ppo_seed47,ppo,PPO,47
77115,intercepted,1,0,0,0,52,14,7.0,38,52.0,26.0,7.6116132736206055,0,1.071927696848527,0.9236602783203125,1.144936383048389,39,ppo_seed47,ppo,PPO,47
77116,intercepted,1,0,0,0,750,23,11.5,727,750.0,375.0,4.016777038574219,0,1.1127896797485077,1.0860512256622314,1.2089961777631422,728,ppo_seed47,ppo,PPO,47
77117,intercepted,1,0,0,0,429,11,5.5,418,429.0,214.5,2.7318105697631836,0,1.159203312401982,1.4384278059005737,1.2680603141215934,419,ppo_seed47,ppo,PPO,47
77118,intercepted,1,0,0,0,730,10,5.0,720,730.0,365.0,2.5802435874938965,0,1.1422568308744947,0.48450008034706116,1.2412162588022149,721,ppo_seed47,ppo,PPO,47
77119,unsafe_intercept,0,0,1,0,11,8,4.0,3,,,2.7515408992767334,0,0.9927799999713898,1.4291467666625977,1.0347659078290523,4,ppo_seed47,ppo,PPO,47
77120,intercepted,1,0,0,0,27,19,9.5,8,27.0,13.5,14.993447303771973,0,0.7854839000436995,0.507606029510498,0.8979580899178745,9,ppo_seed47,ppo,PPO,47
77121,soldier_caught,0,1,0,0,17,14,7.0,3,,,1.3355978727340698,0,1.1371697038412094,2.483865976333618,1.3879754677673448,4,ppo_seed47,ppo,PPO,47
77122,soldier_caught,0,1,0,0,977,10,5.0,967,,,1.0193129777908325,0,1.1145752002446612,1.9629192352294922,1.2064510038169851,968,ppo_seed47,ppo,PPO,47
77123,intercepted,1,0,0,0,123,8,4.0,115,123.0,61.5,2.6924290657043457,0,1.1411246156384205,1.3769793510437012,1.2448464280583975,116,ppo_seed47,ppo,PPO,47
77124,intercepted,1,0,0,0,20,13,6.5,7,20.0,10.0,8.770543098449707,0,1.1743156015872955,1.3278685808181763,1.1938025859305244,8,ppo_seed47,ppo,PPO,47
77125,soldier_caught,0,1,0,0,59,7,3.5,52,,,1.3145123720169067,0,1.2909147463879496,1.9494130611419678,1.3948221499568392,53,ppo_seed47,ppo,PPO,47
77126,unsafe_intercept,0,0,1,0,14,12,6.0,2,,,2.9009063243865967,0,1.3230219682057698,0.5666495561599731,1.5474170774204845,3,ppo_seed47,ppo,PPO,47
77127,intercepted,1,0,0,0,652,12,6.0,640,652.0,326.0,7.386749267578125,0,1.1242233812111588,0.8439871668815613,1.2234007603836687,641,ppo_seed47,ppo,PPO,47
77128,intercepted,1,0,0,0,11,9,4.5,2,11.0,5.5,4.198896884918213,0,1.1308887203534443,1.0573227405548096,1.1923175533311616,3,ppo_seed47,ppo,PPO,47
77129,intercepted,1,0,0,0,380,18,9.0,362,380.0,190.0,10.303791046142578,0,1.1533284824823873,1.4715133905410767,1.2442575276014483,363,ppo_seed47,ppo,PPO,47
77130,intercepted,1,0,0,0,366,10,5.0,356,366.0,183.0,10.046605110168457,0,1.1590482660618817,0.4416448175907135,1.2529527359643555,357,ppo_seed47,ppo,PPO,47
77131,intercepted,1,0,0,0,110,11,5.5,99,110.0,55.0,4.897367477416992,0,1.1301990647614002,0.9203444719314575,1.2207258353494272,100,ppo_seed47,ppo,PPO,47
77132,intercepted,1,0,0,0,868,10,5.0,858,868.0,434.0,3.042862892150879,0,1.1623367422777504,1.5857795476913452,1.256976714215692,859,ppo_seed47,ppo,PPO,47
77133,soldier_caught,0,1,0,0,518,11,5.5,507,,,1.8007948398590088,0,1.1452809667112085,0.9853809475898743,1.2415527521533012,508,ppo_seed47,ppo,PPO,47
77134,intercepted,1,0,0,0,128,9,4.5,119,128.0,64.0,4.809276580810547,0,1.1001413447161517,0.7573762536048889,1.1911631496945079,120,ppo_seed47,ppo,PPO,47
77135,soldier_caught,0,1,0,0,89,9,4.5,80,,,1.753966212272644,0,1.1126978621806627,1.2352110147476196,1.2152875488699784,81,ppo_seed47,ppo,PPO,47
77136,intercepted,1,0,0,0,1014,166,83.0,848,1014.0,507.0,2.1787259578704834,0,1.1458922948060806,1.1944586038589478,1.2466896431261545,849,ppo_seed47,ppo,PPO,47
77137,soldier_caught,0,1,0,0,55,7,3.5,48,,,1.2322155237197876,0,1.1948825035776411,1.0895112752914429,1.2814783413951027,49,ppo_seed47,ppo,PPO,47
77138,soldier_caught,0,1,0,0,742,15,7.5,727,,,0.8910788297653198,0,1.133472934314101,0.6381905674934387,1.2260102810175284,728,ppo_seed47,ppo,PPO,47
77139,unsafe_intercept,0,0,1,0,44,14,7.0,30,,,2.312605142593384,0,1.0769827961921692,0.8130627274513245,1.150852676312538,31,ppo_seed47,ppo,PPO,47
77140,intercepted,1,0,0,0,24,15,7.5,9,24.0,12.0,13.967337608337402,0,0.9734976768493653,0.6055389046669006,1.0684693778837515,10,ppo_seed47,ppo,PPO,47
77141,intercepted,1,0,0,0,1525,16,8.0,1509,1525.0,762.5,3.224635124206543,0,1.1148773328555341,0.7922766208648682,1.2045393531398179,1510,ppo_seed47,ppo,PPO,47
77142,intercepted,1,0,0,0,251,14,7.0,237,251.0,125.5,2.6208112239837646,0,1.0756514373571933,1.015131950378418,1.1630888185453778,238,ppo_seed47,ppo,PPO,47
77143,intercepted,1,0,0,0,727,13,6.5,714,727.0,363.5,3.8376340866088867,0,1.117732668725344,0.4284551739692688,1.2085647687759156,715,ppo_seed47,ppo,PPO,47
77144,soldier_caught,0,1,0,0,630,8,4.0,622,,,1.0602904558181763,0,1.1352464881745044,1.2600213289260864,1.2332840693879505,623,ppo_seed47,ppo,PPO,47
77145,soldier_caught,0,1,0,0,726,21,10.5,705,,,1.4545753002166748,0,1.1237042395044488,1.1928467750549316,1.2236147482142736,706,ppo_seed47,ppo,PPO,47
77146,intercepted,1,0,0,0,642,11,5.5,631,642.0,321.0,2.9933207035064697,0,1.126715492292107,0.9202598333358765,1.2141190548024297,632,ppo_seed47,ppo,PPO,47
77147,intercepted,1,0,0,0,479,14,7.0,465,479.0,239.5,2.5514447689056396,0,1.146623920825162,0.7465497255325317,1.2451212581747888,466,ppo_seed47,ppo,PPO,47
77148,soldier_caught,0,1,0,0,408,16,8.0,392,,,1.096389651298523,0,1.1359835127534454,1.0895452499389648,1.2375698611504948,393,ppo_seed47,ppo,PPO,47
77149,intercepted,1,0,0,0,42,13,6.5,29,42.0,21.0,2.5883474349975586,0,1.0224637538194656,0.9492673277854919,1.1232899858463974,30,ppo_seed47,ppo,PPO,47
77150,soldier_caught,0,1,0,0,228,10,5.0,218,,,0.680753231048584,0,1.1422097082823923,1.726555585861206,1.2288855960879685,219,ppo_seed47,ppo,PPO,47
77151,intercepted,1,0,0,0,43,12,6.0,31,43.0,21.5,10.819525718688965,0,1.1539529021829367,1.50640070438385,1.2022147212050671,32,ppo_seed47,ppo,PPO,47
77152,intercepted,1,0,0,0,128,27,13.5,101,128.0,64.0,10.37391471862793,0,1.0802662654542456,1.1746078729629517,1.1766538869784071,102,ppo_seed47,ppo,PPO,47
77153,soldier_caught,0,1,0,0,35,11,5.5,24,,,0.8582662343978882,0,1.261066722869873,0.5485871434211731,1.3735050359428822,25,ppo_seed47,ppo,PPO,47
77154,intercepted,1,0,0,0,349,15,7.5,334,349.0,174.5,7.292533874511719,0,1.1440395424837497,1.6118710041046143,1.2392434145908753,335,ppo_seed47,ppo,PPO,47
77155,intercepted,1,0,0,0,44,12,6.0,32,44.0,22.0,11.027787208557129,0,1.1997399664286412,1.495405912399292,1.2733181918528806,33,ppo_seed47,ppo,PPO,47
77156,soldier_caught,0,1,0,0,1251,10,5.0,1241,,,1.0897101163864136,0,1.1228535090019738,0.5042513608932495,1.2167313943289255,1242,ppo_seed47,ppo,PPO,47
77157,intercepted,1,0,0,0,236,13,6.5,223,236.0,118.0,2.240813970565796,0,1.1607506015071911,0.528679370880127,1.254043318929762,224,ppo_seed47,ppo,PPO,47
77158,intercepted,1,0,0,0,22,8,4.0,14,22.0,11.0,2.5307836532592773,0,1.0292421539624532,0.7824517488479614,1.087589027458431,15,ppo_seed47,ppo,PPO,47
77159,soldier_caught,0,1,0,0,215,16,8.0,199,,,1.2401962280273438,0,1.1110666485130787,1.1141411066055298,1.2051679384793477,200,ppo_seed47,ppo,PPO,47
77160,intercepted,1,0,0,0,332,17,8.5,315,332.0,166.0,2.5332837104797363,0,1.121103152467669,1.2965941429138184,1.214098288047102,316,ppo_seed47,ppo,PPO,47
77161,intercepted,1,0,0,0,352,10,5.0,342,352.0,176.0,2.0036940574645996,0,1.128513389443517,1.7604905366897583,1.2195674025060204,343,ppo_seed47,ppo,PPO,47
77162,intercepted,1,0,0,0,25,15,7.5,10,25.0,12.5,10.42788314819336,0,1.0836642492901196,1.3397071361541748,1.1417531818976525,11,ppo_seed47,ppo,PPO,47
77163,intercepted,1,0,0,0,27,19,9.5,8,27.0,13.5,13.612693786621094,0,1.4861518906222448,1.3542715311050415,1.6406290632402962,9,ppo_seed47,ppo,PPO,47
77164,soldier_caught,0,1,0,0,384,12,6.0,372,,,0.7526912689208984,0,1.134873367546391,0.6660014390945435,1.240558345344026,373,ppo_seed47,ppo,PPO,47
77165,soldier_caught,0,1,0,0,168,14,7.0,154,,,1.2696247100830078,0,1.1181325987462074,1.137423038482666,1.2167515658926569,155,ppo_seed47,ppo,PPO,47
77166,intercepted,1,0,0,0,100,16,8.0,84,100.0,50.0,4.57170295715332,0,1.1630331153378768,1.3920756578445435,1.2633538183423239,85,ppo_seed47,ppo,PPO,47
77167,soldier_caught,0,1,0,0,36,11,5.5,25,,,0.7478298544883728,0,1.2259288074878545,0.933749258518219,1.3126022013662753,26,ppo_seed47,ppo,PPO,47
77168,intercepted,1,0,0,0,169,12,6.0,157,169.0,84.5,11.813178062438965,0,1.0913754545057877,0.7657661437988281,1.1653762800385286,158,ppo_seed47,ppo,PPO,47
77169,soldier_caught,0,1,0,0,58,10,5.0,48,,,1.2561992406845093,0,1.222680108279598,0.9402469992637634,1.331426264561231,49,ppo_seed47,ppo,PPO,47
77170,soldier_caught,0,1,0,0,952,30,15.0,922,,,1.7647643089294434,0,1.1333473363683386,1.137642741203308,1.2248211762528811,923,ppo_seed47,ppo,PPO,47
77171,soldier_caught,0,1,0,0,110,9,4.5,101,,,1.5695154666900635,0,1.0889871070782344,0.9080915451049805,1.1837703564626787,102,ppo_seed47,ppo,PPO,47
77172,intercepted,1,0,0,0,135,12,6.0,123,135.0,67.5,5.087313175201416,0,1.128544328614108,1.3214285373687744,1.2368782411189094,124,ppo_seed47,ppo,PPO,47
77173,intercepted,1,0,0,0,135,60,30.0,75,135.0,67.5,7.261044025421143,0,1.0790316131162017,1.4479013681411743,1.1852005038323365,76,ppo_seed47,ppo,PPO,47
77174,intercepted,1,0,0,0,79,15,7.5,64,79.0,39.5,2.1338884830474854,0,1.169259784771846,1.2839235067367554,1.2391395504410632,65,ppo_seed47,ppo,PPO,47
77175,soldier_caught,0,1,0,0,128,7,3.5,121,,,1.206016182899475,0,1.0988039191140504,0.18212923407554626,1.2194154566156332,122,ppo_seed47,ppo,PPO,47
77176,intercepted,1,0,0,0,137,13,6.5,124,137.0,68.5,2.3522377014160156,0,1.0772993868589402,1.0739781856536865,1.166472040417603,125,ppo_seed47,ppo,PPO,47
77177,intercepted,1,0,0,0,351,14,7.0,337,351.0,175.5,3.4274699687957764,0,1.1172944985374191,1.390523076057434,1.2137449274777616,338,ppo_seed47,ppo,PPO,47
77178,intercepted,1,0,0,0,365,10,5.0,355,365.0,182.5,4.266918659210205,0,1.1622755532519202,0.6722188591957092,1.259853987590979,356,ppo_seed47,ppo,PPO,47
77179,intercepted,1,0,0,0,49,10,5.0,39,49.0,24.5,7.368686676025391,0,1.1811257563531399,1.2625532150268555,1.2435710027905056,40,ppo_seed47,ppo,PPO,47
77180,soldier_caught,0,1,0,0,16,13,6.5,3,,,1.61042320728302,0,1.1855579316616058,0.9956849813461304,1.2966892158733783,4,ppo_seed47,ppo,PPO,47
77181,intercepted,1,0,0,0,1358,19,9.5,1339,1358.0,679.0,2.7888455390930176,0,1.1105744469299246,0.6708589196205139,1.2079706592235464,1340,ppo_seed47,ppo,PPO,47
77182,intercepted,1,0,0,0,720,13,6.5,707,720.0,360.0,2.439967155456543,0,1.1538128001499648,0.9809717535972595,1.244258651369474,708,ppo_seed47,ppo,PPO,47
77183,intercepted,1,0,0,0,507,8,4.0,499,507.0,253.5,2.241020441055298,0,1.1288640622198582,0.6055635213851929,1.2196007597307472,500,ppo_seed47,ppo,PPO,47
77184,intercepted,1,0,0,0,139,15,7.5,124,139.0,69.5,7.418152809143066,0,1.066552313029766,1.1940995454788208,1.1618803088839382,125,ppo_seed47,ppo,PPO,47
77185,soldier_caught,0,1,0,0,448,32,16.0,416,,,1.6004738807678223,0,1.0648026392042493,0.5702674984931946,1.1567126793941502,417,ppo_seed47,ppo,PPO,47
77186,soldier_caught,0,1,0,0,729,11,5.5,718,,,1.371878743171692,0,1.1496576010579858,0.820351243019104,1.2430383784878498,719,ppo_seed47,ppo,PPO,47
77187,intercepted,1,0,0,0,644,7,3.5,637,644.0,322.0,2.190657377243042,0,1.1325984431027805,0.9962345957756042,1.2246133133824935,638,ppo_seed47,ppo,PPO,47
77188,soldier_caught,0,1,0,0,111,12,6.0,99,,,1.8938660621643066,0,1.0607831305265427,1.4277596473693848,1.1600015988770886,100,ppo_seed47,ppo,PPO,47
77189,intercepted,1,0,0,0,262,8,4.0,254,262.0,131.0,3.904702663421631,0,1.1382571189719088,0.7218852639198303,1.2319839201921945,255,ppo_seed47,ppo,PPO,47
77190,soldier_caught,0,1,0,0,888,12,6.0,876,,,1.8604179620742798,0,1.156785616963388,0.7235985994338989,1.2591400938340138,877,ppo_seed47,ppo,PPO,47
77191,soldier_caught,0,1,0,0,312,7,3.5,305,,,1.5037078857421875,0,1.1169572163348884,0.6379311680793762,1.211413388383146,306,ppo_seed47,ppo,PPO,47
77192,intercepted,1,0,0,0,33,7,3.5,26,33.0,16.5,9.09088134765625,0,1.0918377273612552,0.9092159271240234,1.1504562054046243,27,ppo_seed47,ppo,PPO,47
77193,soldier_caught,0,1,0,0,594,9,4.5,585,,,1.4640345573425293,0,1.107616438317421,0.5976815819740295,1.2051391626869394,586,ppo_seed47,ppo,PPO,47
77194,soldier_caught,0,1,0,0,156,20,10.0,136,,,1.5086621046066284,0,1.0595613579897984,0.6231541037559509,1.14446928069072,137,ppo_seed47,ppo,PPO,47
77195,intercepted,1,0,0,0,215,7,3.5,208,215.0,107.5,4.25283670425415,0,1.1301578128594532,0.6254409551620483,1.2324355580777209,209,ppo_seed47,ppo,PPO,47
77196,intercepted,1,0,0,0,68,9,4.5,59,68.0,34.0,6.514693737030029,0,1.0744296456376712,0.41479846835136414,1.1828964415425867,60,ppo_seed47,ppo,PPO,47
77197,intercepted,1,0,0,0,125,27,13.5,98,125.0,62.5,5.3751935958862305,0,1.126242415772544,0.996350884437561,1.2302086798291951,99,ppo_seed47,ppo,PPO,47
77198,intercepted,1,0,0,0,193,8,4.0,185,193.0,96.5,5.054408073425293,0,1.1250883715768014,0.954616129398346,1.2187299401356337,186,ppo_seed47,ppo,PPO,47
77199,intercepted,1,0,0,0,104,17,8.5,87,104.0,52.0,10.74833869934082,0,1.152897503904321,0.5801538825035095,1.234191563107133,88,ppo_seed47,ppo,PPO,47
77200,intercepted,1,0,0,0,821,21,10.5,800,821.0,410.5,3.1148064136505127,0,1.0951006890422248,0.9228139519691467,1.1881400363406533,801,ppo_seed47,ppo,PPO,47
77201,soldier_caught,0,1,0,0,671,9,4.5,662,,,1.4205130338668823,0,1.0933871207306467,1.1814812421798706,1.1913980722243274,663,ppo_seed47,ppo,PPO,47
77202,intercepted,1,0,0,0,339,11,5.5,328,339.0,169.5,5.8250885009765625,0,1.0854293262659598,1.6724426746368408,1.185015893248931,329,ppo_seed47,ppo,PPO,47
77203,intercepted,1,0,0,0,1298,14,7.0,1284,1298.0,649.0,2.347771644592285,0,1.1309800847611076,1.0916043519973755,1.2275650763592596,1285,ppo_seed47,ppo,PPO,47
77204,intercepted,1,0,0,0,749,35,17.5,714,749.0,374.5,5.257330417633057,0,1.1568055414444918,1.8653123378753662,1.2551293315160372,715,ppo_seed47,ppo,PPO,47
77205,intercepted,1,0,0,0,464,11,5.5,453,464.0,232.0,3.7659976482391357,0,1.141208904101985,1.611647129058838,1.2355166400749489,454,ppo_seed47,ppo,PPO,47
77206,soldier_caught,0,1,0,0,548,11,5.5,537,,,1.1163954734802246,0,1.1187340015455471,0.9362292885780334,1.2128222898879017,538,ppo_seed47,ppo,PPO,47
77207,intercepted,1,0,0,0,187,9,4.5,178,187.0,93.5,5.78241491317749,0,1.1660443997249923,0.9462112784385681,1.2704986311036055,179,ppo_seed47,ppo,PPO,47
77208,soldier_caught,0,1,0,0,46,44,22.0,2,,,1.0757659673690796,0,0.8091656963030497,0.7685060501098633,0.8243337352189869,3,ppo_seed47,ppo,PPO,47
77209,intercepted,1,0,0,0,709,20,10.0,689,709.0,354.5,4.255643844604492,0,1.118020850074464,0.40074825286865234,1.2193433257453001,690,ppo_seed47,ppo,PPO,47
77210,intercepted,1,0,0,0,934,19,9.5,915,934.0,467.0,2.3666093349456787,0,1.0863058280411246,0.892588198184967,1.184697770589404,916,ppo_seed47,ppo,PPO,47
77211,intercepted,1,0,0,0,172,13,6.5,159,172.0,86.0,4.907678604125977,0,1.128231608029455,0.8001912832260132,1.2208493547560242,160,ppo_seed47,ppo,PPO,47
77212,soldier_caught,0,1,0,0,1136,11,5.5,1125,,,1.861266851425171,0,1.1255261239531198,0.7645940184593201,1.2212487288104217,1126,ppo_seed47,ppo,PPO,47
77213,intercepted,1,0,0,0,1144,9,4.5,1135,1144.0,572.0,4.449746131896973,0,1.1383092885764814,1.4450831413269043,1.234489935281825,1136,ppo_seed47,ppo,PPO,47
77214,intercepted,1,0,0,0,571,13,6.5,558,571.0,285.5,2.134592056274414,0,1.0957048267712532,1.8803967237472534,1.1883903512951912,559,ppo_seed47,ppo,PPO,47
77215,soldier_caught,0,1,0,0,12,10,5.0,2,,,1.379771113395691,0,0.6353898644447327,1.2865182161331177,0.7937713150736729,3,ppo_seed47,ppo,PPO,47
77216,intercepted,1,0,0,0,388,42,21.0,346,388.0,194.0,12.403036117553711,0,1.1523173547400865,0.4493710696697235,1.2509988102558538,347,ppo_seed47,ppo,PPO,47
77217,intercepted,1,0,0,0,635,11,5.5,624,635.0,317.5,3.621171236038208,0,1.0943495594263077,0.4977317452430725,1.1903909635626364,625,ppo_seed47,ppo,PPO,47
77218,intercepted,1,0,0,0,22,16,8.0,6,22.0,11.0,11.718903541564941,0,1.9676585367747716,1.9031051397323608,1.9926610900900257,7,ppo_seed47,ppo,PPO,47
77219,intercepted,1,0,0,0,10,7,3.5,3,10.0,5.0,5.6260480880737305,0,1.03634212911129,0.9963926076889038,1.0486587028222716,4,ppo_seed47,ppo,PPO,47
77220,intercepted,1,0,0,0,72,11,5.5,61,72.0,36.0,12.732333183288574,0,1.1112574531186012,0.8392893075942993,1.2187402827762004,62,ppo_seed47,ppo,PPO,47
77221,intercepted,1,0,0,0,561,9,4.5,552,561.0,280.5,2.016960382461548,0,1.1043103699442707,0.9571054577827454,1.1931140796165547,553,ppo_seed47,ppo,PPO,47
77222,soldier_caught,0,1,0,0,449,9,4.5,440,,,1.791274905204773,0,1.1015449642053807,0.8220289349555969,1.1940426215095732,441,ppo_seed47,ppo,PPO,47
77223,intercepted,1,0,0,0,11,8,4.0,3,11.0,5.5,5.012762546539307,0,0.8687058538198471,1.0280091762542725,0.9410638658586424,4,ppo_seed47,ppo,PPO,47
77224,intercepted,1,0,0,0,972,12,6.0,960,972.0,486.0,2.559168577194214,0,1.0988876626252135,0.6371502876281738,1.1964283832411666,961,ppo_seed47,ppo,PPO,47
77225,intercepted,1,0,0,0,359,80,40.0,279,359.0,179.5,2.1994712352752686,0,1.1418734515618,1.0155152082443237,1.2412066526930965,280,ppo_seed47,ppo,PPO,47
77226,intercepted,1,0,0,0,152,16,8.0,136,152.0,76.0,2.755434989929199,0,1.143936275348176,2.0257484912872314,1.234159191315448,137,ppo_seed47,ppo,PPO,47
77227,intercepted,1,0,0,0,20,10,5.0,10,20.0,10.0,9.787344932556152,0,0.9493078169497576,1.4204816818237305,1.0382344824224006,11,ppo_seed47,ppo,PPO,47
77228,intercepted,1,0,0,0,714,15,7.5,699,714.0,357.0,3.300783634185791,0,1.1447398437772478,1.3202506303787231,1.2549837350202626,700,ppo_seed47,ppo,PPO,47
77229,intercepted,1,0,0,0,797,8,4.0,789,797.0,398.5,3.758615493774414,0,1.116856224919799,1.4732061624526978,1.2147181279233417,790,ppo_seed47,ppo,PPO,47
77230,intercepted,1,0,0,0,27,17,8.5,10,27.0,13.5,10.012415885925293,0,1.1911522637714038,1.5245031118392944,1.2880395964469595,11,ppo_seed47,ppo,PPO,47
77231,soldier_caught,0,1,0,0,900,14,7.0,886,,,1.8085310459136963,0,1.118535657174961,0.781043291091919,1.209281874572786,887,ppo_seed47,ppo,PPO,47
77232,intercepted,1,0,0,0,621,11,5.5,610,621.0,310.5,2.352856159210205,0,1.1330611401415887,1.0811474323272705,1.2213737188918268,611,ppo_seed47,ppo,PPO,47
77233,soldier_caught,0,1,0,0,76,8,4.0,68,,,1.2729651927947998,0,1.1122848106467205,0.4632260203361511,1.214403886802944,69,ppo_seed47,ppo,PPO,47
77234,intercepted,1,0,0,0,1075,11,5.5,1064,1075.0,537.5,2.4248769283294678,0,1.1354332974958867,1.3252952098846436,1.232335161364988,1065,ppo_seed47,ppo,PPO,47
77235,soldier_caught,0,1,0,0,195,11,5.5,184,,,1.58865225315094,0,1.0888612822100923,1.1093957424163818,1.1697691653239732,185,ppo_seed47,ppo,PPO,47
77236,soldier_caught,0,1,0,0,270,11,5.5,259,,,0.5238132476806641,0,1.102572021060265,0.6625908613204956,1.18993086710504,260,ppo_seed47,ppo,PPO,47
77237,intercepted,1,0,0,0,667,9,4.5,658,667.0,333.5,2.695199966430664,0,1.1248090957292838,0.850590169429779,1.2235571012620006,659,ppo_seed47,ppo,PPO,47
77238,intercepted,1,0,0,0,1239,12,6.0,1227,1239.0,619.5,2.579376697540283,0,1.0993226395088707,0.43931707739830017,1.200419881543917,1228,ppo_seed47,ppo,PPO,47
77239,soldier_caught,0,1,0,0,311,16,8.0,295,,,1.3325614929199219,0,1.1129512031990532,0.8834367990493774,1.2087040491491006,296,ppo_seed47,ppo,PPO,47
77240,soldier_caught,0,1,0,0,187,10,5.0,177,,,0.7385308146476746,0,1.1144619146257304,1.4548386335372925,1.199969015458085,178,ppo_seed47,ppo,PPO,47
77241,intercepted,1,0,0,0,401,7,3.5,394,401.0,200.5,4.503660202026367,0,1.188832186671752,1.83311927318573,1.2852290963531317,395,ppo_seed47,ppo,PPO,47
77242,soldier_caught,0,1,0,0,11,8,4.0,3,,,1.6476380825042725,0,0.7342924326658249,0.4599815607070923,0.7734404585577364,4,ppo_seed47,ppo,PPO,47
77243,intercepted,1,0,0,0,761,8,4.0,753,761.0,380.5,2.9246037006378174,0,1.1374320407603085,1.530215859413147,1.2266401438734396,754,ppo_seed47,ppo,PPO,47
77244,soldier_caught,0,1,0,0,133,11,5.5,122,,,1.0681852102279663,0,1.1890348135455837,0.8562721014022827,1.2837223177520922,123,ppo_seed47,ppo,PPO,47
77245,soldier_caught,0,1,0,0,1657,14,7.0,1643,,,1.7985278367996216,0,1.127091007583623,1.6275783777236938,1.2230375101307775,1644,ppo_seed47,ppo,PPO,47
77246,intercepted,1,0,0,0,965,12,6.0,953,965.0,482.5,3.1774637699127197,0,1.1241925994024087,0.7434202432632446,1.216022243731571,954,ppo_seed47,ppo,PPO,47
77247,intercepted,1,0,0,0,318,9,4.5,309,318.0,159.0,5.406996250152588,0,1.1090170966040704,0.6210420727729797,1.2197658580076065,310,ppo_seed47,ppo,PPO,47
77248,intercepted,1,0,0,0,758,14,7.0,744,758.0,379.0,2.1488912105560303,0,1.152920143596278,0.6703529953956604,1.2515109709669874,745,ppo_seed47,ppo,PPO,47
77249,soldier_caught,0,1,0,0,442,10,5.0,432,,,1.3887344598770142,0,1.1223889204563775,1.6584817171096802,1.2256542008775673,433,ppo_seed47,ppo,PPO,47
77250,intercepted,1,0,0,0,62,9,4.5,53,62.0,31.0,9.298200607299805,0,1.1871423851008769,0.90461266040802,1.2668125260924723,54,ppo_seed47,ppo,PPO,47
77251,intercepted,1,0,0,0,44,13,6.5,31,44.0,22.0,5.283935546875,0,1.1149636460468173,2.0715320110321045,1.1979249192963772,32,ppo_seed47,ppo,PPO,47
77252,intercepted,1,0,0,0,316,13,6.5,303,316.0,158.0,5.256504058837891,0,1.1340929309739487,0.69437175989151,1.2261013879514726,304,ppo_seed47,ppo,PPO,47
77253,soldier_caught,0,1,0,0,58,8,4.0,50,,,1.4360809326171875,0,1.155897906597923,0.4688354730606079,1.2479416334159654,51,ppo_seed47,ppo,PPO,47
77254,soldier_caught,0,1,0,0,305,20,10.0,285,,,1.6065706014633179,0,1.0868090900195229,0.9751706719398499,1.1765276211017202,286,ppo_seed47,ppo,PPO,47
77255,intercepted,1,0,0,0,113,7,3.5,106,113.0,56.5,2.935756206512451,0,1.2294845696643135,1.7245495319366455,1.3172418392638574,107,ppo_seed47,ppo,PPO,47
77256,intercepted,1,0,0,0,741,35,17.5,706,741.0,370.5,2.5489437580108643,0,1.1341636983264116,0.655303955078125,1.2253922540340059,707,ppo_seed47,ppo,PPO,47
77257,intercepted,1,0,0,0,412,9,4.5,403,412.0,206.0,3.0058212280273438,0,1.1660941617176084,2.4272172451019287,1.2682888671209898,404,ppo_seed47,ppo,PPO,47
77258,intercepted,1,0,0,0,113,9,4.5,104,113.0,56.5,2.2599775791168213,0,1.1026630069528307,0.5458933115005493,1.186820284643862,105,ppo_seed47,ppo,PPO,47
77259,intercepted,1,0,0,0,336,26,13.0,310,336.0,168.0,2.1736056804656982,0,1.1058631632297369,1.4894437789916992,1.2014744896478966,311,ppo_seed47,ppo,PPO,47
77260,intercepted,1,0,0,0,868,48,24.0,820,868.0,434.0,3.0340352058410645,0,1.1163232771545903,1.0223634243011475,1.2088062672533293,821,ppo_seed47,ppo,PPO,47
77261,intercepted,1,0,0,0,397,57,28.5,340,397.0,198.5,2.699506998062134,0,1.1291290941563519,0.45876801013946533,1.2279987176866722,341,ppo_seed47,ppo,PPO,47
77262,intercepted,1,0,0,0,112,13,6.5,99,112.0,56.0,5.616501331329346,0,1.079086308851838,0.9943898916244507,1.1809169105563335,100,ppo_seed47,ppo,PPO,47
77263,intercepted,1,0,0,0,200,40,20.0,160,200.0,100.0,8.631181716918945,0,1.1618938034180528,2.287268877029419,1.2642667305711595,161,ppo_seed47,ppo,PPO,47
77264,intercepted,1,0,0,0,260,14,7.0,246,260.0,130.0,11.358919143676758,0,1.1401962413478959,1.0271039009094238,1.245719587852,247,ppo_seed47,ppo,PPO,47
77265,intercepted,1,0,0,0,108,7,3.5,101,108.0,54.0,4.569366931915283,0,1.1747283929703283,2.561811923980713,1.2833218412581258,102,ppo_seed47,ppo,PPO,47
77266,intercepted,1,0,0,0,192,31,15.5,161,192.0,96.0,10.73054027557373,0,1.1014700119878038,1.3877525329589844,1.2001188906098894,162,ppo_seed47,ppo,PPO,47
77267,soldier_caught,0,1,0,0,35,11,5.5,24,,,0.5838990211486816,0,1.0933574104309083,1.7843787670135498,1.1793312831636964,25,ppo_seed47,ppo,PPO,47
77268,intercepted,1,0,0,0,587,30,15.0,557,587.0,293.5,2.155505418777466,0,1.127913904192734,1.2228432893753052,1.2277141199576633,558,ppo_seed47,ppo,PPO,47
77269,intercepted,1,0,0,0,463,12,6.0,451,463.0,231.5,2.4280858039855957,0,1.1190887613106617,0.6222931742668152,1.2093483844026336,452,ppo_seed47,ppo,PPO,47
77270,intercepted,1,0,0,0,18,9,4.5,9,18.0,9.0,7.575016021728516,0,1.0133677572011948,1.7012882232666016,1.1372677192171157,10,ppo_seed47,ppo,PPO,47
77271,intercepted,1,0,0,0,242,10,5.0,232,242.0,121.0,7.63422155380249,0,1.1449912271018703,1.1159173250198364,1.2321597452917585,233,ppo_seed47,ppo,PPO,47
77272,soldier_caught,0,1,0,0,104,10,5.0,94,,,0.7617880702018738,0,1.101931322562067,1.9319438934326172,1.200132793085391,95,ppo_seed47,ppo,PPO,47
77273,intercepted,1,0,0,0,207,11,5.5,196,207.0,103.5,7.277552127838135,0,1.1929299639263733,1.0857897996902466,1.2897188403888973,197,ppo_seed47,ppo,PPO,47
77274,intercepted,1,0,0,0,120,12,6.0,108,120.0,60.0,5.087620735168457,0,1.1103141685144617,1.0280689001083374,1.1965549872212424,109,ppo_seed47,ppo,PPO,47
77275,soldier_caught,0,1,0,0,253,11,5.5,242,,,0.2822961211204529,0,1.1020605760959932,0.9472879767417908,1.1984491167441016,243,ppo_seed47,ppo,PPO,47
77276,intercepted,1,0,0,0,66,10,5.0,56,66.0,33.0,12.987449645996094,0,1.1200015529205924,0.2160109579563141,1.1913073756774435,57,ppo_seed47,ppo,PPO,47
77277,intercepted,1,0,0,0,44,17,8.5,27,44.0,22.0,4.3628973960876465,0,1.1107145143406731,0.6742412447929382,1.199482474509236,28,ppo_seed47,ppo,PPO,47
77278,intercepted,1,0,0,0,639,14,7.0,625,639.0,319.5,3.0857884883880615,0,1.138417619021651,1.7150299549102783,1.2417543952058032,626,ppo_seed47,ppo,PPO,47
77279,intercepted,1,0,0,0,721,9,4.5,712,721.0,360.5,4.071503162384033,0,1.1227241297256394,1.586177110671997,1.2135897096232175,713,ppo_seed47,ppo,PPO,47
77280,soldier_caught,0,1,0,0,46,15,7.5,31,,,0.7886183857917786,0,1.061871231533587,1.238060712814331,1.141240658512062,32,ppo_seed47,ppo,PPO,47
77281,soldier_caught,0,1,0,0,287,42,21.0,245,,,0.33695465326309204,0,1.1582780599109526,0.9723696708679199,1.2607264876108792,246,ppo_seed47,ppo,PPO,47
77282,soldier_caught,0,1,0,0,65,7,3.5,58,,,1.9125010967254639,0,1.1033507398629592,0.35210803151130676,1.195583377352362,59,ppo_seed47,ppo,PPO,47
77283,soldier_caught,0,1,0,0,564,23,11.5,541,,,0.6784844994544983,0,1.1562068592688255,1.347584843635559,1.2489084954171523,542,ppo_seed47,ppo,PPO,47
77284,intercepted,1,0,0,0,185,9,4.5,176,185.0,92.5,2.74233341217041,0,1.1818066294920646,1.9820423126220703,1.2584402163591037,177,ppo_seed47,ppo,PPO,47
77285,intercepted,1,0,0,0,46,38,19.0,8,46.0,23.0,12.136895179748535,0,1.1408997906578913,1.1445213556289673,1.1784971058532587,9,ppo_seed47,ppo,PPO,47
77286,intercepted,1,0,0,0,1316,9,4.5,1307,1316.0,658.0,2.089138984680176,0,1.1290286691454936,1.0445610284805298,1.2206439529500628,1308,ppo_seed47,ppo,PPO,47
77287,intercepted,1,0,0,0,1061,47,23.5,1014,1061.0,530.5,2.251255989074707,0,1.1391053818790196,2.6602485179901123,1.2328556426203316,1015,ppo_seed47,ppo,PPO,47
77288,intercepted,1,0,0,0,93,9,4.5,84,93.0,46.5,8.140421867370605,0,1.162839259820826,1.7068060636520386,1.2777379811796572,85,ppo_seed47,ppo,PPO,47
77289,intercepted,1,0,0,0,52,10,5.0,42,52.0,26.0,2.6744511127471924,0,1.1133059977098954,1.9700655937194824,1.1839459334864926,43,ppo_seed47,ppo,PPO,47
77290,soldier_caught,0,1,0,0,240,13,6.5,227,,,1.5829887390136719,0,1.1528124092310144,1.4993208646774292,1.2448168905834354,228,ppo_seed47,ppo,PPO,47
77291,soldier_caught,0,1,0,0,1315,14,7.0,1301,,,1.3267555236816406,0,1.1339979829944773,0.40047094225883484,1.2332312676405062,1302,ppo_seed47,ppo,PPO,47
77292,intercepted,1,0,0,0,133,44,22.0,89,133.0,66.5,12.689390182495117,0,1.1268973875376913,0.7994625568389893,1.2291931407157954,90,ppo_seed47,ppo,PPO,47
77293,intercepted,1,0,0,0,339,12,6.0,327,339.0,169.5,2.4018216133117676,0,1.139242122086083,1.5732619762420654,1.246224588335508,328,ppo_seed47,ppo,PPO,47
77294,intercepted,1,0,0,0,12,9,4.5,3,12.0,6.0,3.994934320449829,0,0.8800918608903885,0.8394485116004944,0.9095183017964321,4,ppo_seed47,ppo,PPO,47
77295,intercepted,1,0,0,0,321,34,17.0,287,321.0,160.5,3.2654566764831543,0,1.1336524228358433,1.68619704246521,1.2343026255142937,288,ppo_seed47,ppo,PPO,47
77296,intercepted,1,0,0,0,24,8,4.0,16,24.0,12.0,3.1116416454315186,0,1.1629013156189638,1.1197205781936646,1.2763074992848524,17,ppo_seed47,ppo,PPO,47
77297,intercepted,1,0,0,0,87,8,4.0,79,87.0,43.5,3.85366153717041,0,1.0704044501297176,1.2800511121749878,1.1559154396944742,80,ppo_seed47,ppo,PPO,47
77298,intercepted,1,0,0,0,431,9,4.5,422,431.0,215.5,3.4644975662231445,0,1.1681445890214144,1.8578839302062988,1.2648267753659654,423,ppo_seed47,ppo,PPO,47
77299,intercepted,1,0,0,0,357,14,7.0,343,357.0,178.5,2.892061471939087,0,1.1606887951926437,0.6378389596939087,1.247222554482461,344,ppo_seed47,ppo,PPO,47
77300,soldier_caught,0,1,0,0,135,10,5.0,125,,,1.5645421743392944,0,1.104514405840919,1.5078964233398438,1.1894537751953616,126,ppo_seed47,ppo,PPO,47
77301,intercepted,1,0,0,0,112,11,5.5,101,112.0,56.0,12.976506233215332,0,1.1342304571002138,1.764278531074524,1.2419967690488067,102,ppo_seed47,ppo,PPO,47
77302,soldier_caught,0,1,0,0,461,17,8.5,444,,,1.2595933675765991,0,1.0926849913228764,1.2989451885223389,1.1909106417095616,445,ppo_seed47,ppo,PPO,47
77303,intercepted,1,0,0,0,398,9,4.5,389,398.0,199.0,2.795973777770996,0,1.1030965499388865,1.5351425409317017,1.1918861946274408,390,ppo_seed47,ppo,PPO,47
77304,soldier_caught,0,1,0,0,615,11,5.5,604,,,1.17964768409729,0,1.1146893255474153,1.679774284362793,1.2098900122752172,605,ppo_seed47,ppo,PPO,47
77305,soldier_caught,0,1,0,0,431,16,8.0,415,,,0.4945524334907532,0,1.1570463991150832,2.59879469871521,1.2524169284797981,416,ppo_seed47,ppo,PPO,47
77306,soldier_caught,0,1,0,0,431,37,18.5,394,,,0.6503286361694336,0,1.110556149237518,1.4760370254516602,1.2124587823569875,395,ppo_seed47,ppo,PPO,47
77307,soldier_caught,0,1,0,0,376,11,5.5,365,,,0.9105381369590759,0,1.1144663887760027,1.0771540403366089,1.2133019871506676,366,ppo_seed47,ppo,PPO,47
77308,intercepted,1,0,0,0,115,27,13.5,88,115.0,57.5,2.2306156158447266,0,1.0733910269951552,0.9709740877151489,1.1552936096533097,89,ppo_seed47,ppo,PPO,47
77309,soldier_caught,0,1,0,0,461,8,4.0,453,,,0.8920234441757202,0,1.1136842272880318,0.8723915219306946,1.2040926223504949,454,ppo_seed47,ppo,PPO,47
77310,intercepted,1,0,0,0,623,12,6.0,611,623.0,311.5,4.1180548667907715,0,1.1468749523552415,1.6484123468399048,1.2518410249439744,612,ppo_seed47,ppo,PPO,47
77311,intercepted,1,0,0,0,496,47,23.5,449,496.0,248.0,2.7908225059509277,0,1.1311380585365824,1.2589454650878906,1.234522400533972,450,ppo_seed47,ppo,PPO,47
77312,intercepted,1,0,0,0,224,40,20.0,184,224.0,112.0,2.8460347652435303,0,1.2122187965625042,0.7438396215438843,1.2941083485436757,185,ppo_seed47,ppo,PPO,47
77313,intercepted,1,0,0,0,476,8,4.0,468,476.0,238.0,2.397120714187622,0,1.1647906984919425,1.2561582326889038,1.2636376621780485,469,ppo_seed47,ppo,PPO,47
77314,soldier_caught,0,1,0,0,574,12,6.0,562,,,1.8424272537231445,0,1.1416525967008901,1.462989330291748,1.2384410473655807,563,ppo_seed47,ppo,PPO,47
77315,intercepted,1,0,0,0,352,16,8.0,336,352.0,176.0,4.072449684143066,0,1.139729891182407,0.7465912699699402,1.232232276777029,337,ppo_seed47,ppo,PPO,47
77316,soldier_caught,0,1,0,0,36,13,6.5,23,,,1.9903550148010254,0,1.142869308590889,0.9733790755271912,1.2581578669292244,24,ppo_seed47,ppo,PPO,47
77317,intercepted,1,0,0,0,14,10,5.0,4,14.0,7.0,6.145696640014648,0,1.0506224751472473,1.0648142099380493,1.138788402310717,5,ppo_seed47,ppo,PPO,47
77318,intercepted,1,0,0,0,216,11,5.5,205,216.0,108.0,2.5151188373565674,0,1.1792822101162475,1.0415446758270264,1.2683460495996537,206,ppo_seed47,ppo,PPO,47
77319,soldier_caught,0,1,0,0,279,57,28.5,222,,,0.9431307911872864,0,1.1455555869592144,0.9849405884742737,1.2410498548578215,223,ppo_seed47,ppo,PPO,47
77320,soldier_caught,0,1,0,0,108,10,5.0,98,,,1.2356343269348145,0,1.0588237197712214,1.5345325469970703,1.1647141556863232,99,ppo_seed47,ppo,PPO,47
77321,intercepted,1,0,0,0,292,52,26.0,240,292.0,146.0,2.2165920734405518,0,1.1286034386496822,0.7125216722488403,1.216064556463963,241,ppo_seed47,ppo,PPO,47
77322,soldier_caught,0,1,0,0,948,14,7.0,934,,,1.511825680732727,0,1.1184956645423716,1.239741325378418,1.2134100972179371,935,ppo_seed47,ppo,PPO,47
77323,intercepted,1,0,0,0,19,13,6.5,6,19.0,9.5,10.261713981628418,0,1.0982839167118073,1.129559874534607,1.168566173361654,7,ppo_seed47,ppo,PPO,47
77324,soldier_caught,0,1,0,0,239,8,4.0,231,,,0.7435708045959473,0,1.1415086597653812,1.982418179512024,1.2277168178870967,232,ppo_seed47,ppo,PPO,47
77325,intercepted,1,0,0,0,123,12,6.0,111,123.0,61.5,3.7037277221679688,0,1.1295119144820742,1.5966103076934814,1.2139008524389088,112,ppo_seed47,ppo,PPO,47
77326,unsafe_intercept,0,0,1,0,13,11,5.5,2,,,2.2071738243103027,0,1.3005627791086833,1.2782602310180664,1.3091624824914023,3,ppo_seed47,ppo,PPO,47
77327,intercepted,1,0,0,0,631,10,5.0,621,631.0,315.5,4.100168704986572,0,1.1191471002492874,1.3314493894577026,1.2205182180982013,622,ppo_seed47,ppo,PPO,47
77328,soldier_caught,0,1,0,0,381,14,7.0,367,,,1.0388164520263672,0,1.1287713495042662,1.4596012830734253,1.2250878161072085,368,ppo_seed47,ppo,PPO,47
77329,intercepted,1,0,0,0,29,21,10.5,8,29.0,14.5,11.5972261428833,0,1.0288922753598955,1.0458976030349731,1.0630320143492797,9,ppo_seed47,ppo,PPO,47
77330,intercepted,1,0,0,0,983,13,6.5,970,983.0,491.5,2.2742316722869873,0,1.1259218142986542,0.5364400744438171,1.221574649130367,971,ppo_seed47,ppo,PPO,47
77331,intercepted,1,0,0,0,167,14,7.0,153,167.0,83.5,4.116123676300049,0,1.0864844336718709,1.1473268270492554,1.16845874043061,154,ppo_seed47,ppo,PPO,47
77332,intercepted,1,0,0,0,792,9,4.5,783,792.0,396.0,2.14072847366333,0,1.137452537735582,0.5172182321548462,1.2449705195854632,784,ppo_seed47,ppo,PPO,47
77333,intercepted,1,0,0,0,528,10,5.0,518,528.0,264.0,2.775301694869995,0,1.1343019196695445,2.583094835281372,1.2243738835475126,519,ppo_seed47,ppo,PPO,47
77334,intercepted,1,0,0,0,22,14,7.0,8,22.0,11.0,11.823197364807129,0,1.2757774392763774,1.1675301790237427,1.3846090067091021,9,ppo_seed47,ppo,PPO,47
77335,soldier_caught,0,1,0,0,51,48,24.0,3,,,1.9437216520309448,0,1.2598456740379333,1.2946970462799072,1.2676934719065378,4,ppo_seed47,ppo,PPO,47
77336,intercepted,1,0,0,0,429,8,4.0,421,429.0,214.5,5.965888977050781,0,1.0998844786489745,1.030694842338562,1.2031040374532638,422,ppo_seed47,ppo,PPO,47
77337,intercepted,1,0,0,0,1175,15,7.5,1160,1175.0,587.5,2.049100160598755,0,1.1249389289449145,1.2180362939834595,1.2229922039184724,1161,ppo_seed47,ppo,PPO,47
77338,unsafe_intercept,0,0,1,0,10,8,4.0,2,,,2.172612428665161,0,0.7617682218551636,0.30579471588134766,0.827954272791605,3,ppo_seed47,ppo,PPO,47
77339,intercepted,1,0,0,0,79,14,7.0,65,79.0,39.5,5.380743503570557,0,1.1946222533782322,0.8634005784988403,1.2920550381583304,66,ppo_seed47,ppo,PPO,47
77340,intercepted,1,0,0,0,106,10,5.0,96,106.0,53.0,8.70053482055664,0,1.0785335372250104,1.4193456172943115,1.1930243465139543,97,ppo_seed47,ppo,PPO,47
77341,soldier_caught,0,1,0,0,475,12,6.0,463,,,1.3159537315368652,0,1.110756385364923,1.7073224782943726,1.203681349725599,464,ppo_seed47,ppo,PPO,47
77342,intercepted,1,0,0,0,39,31,15.5,8,39.0,19.5,13.547224998474121,0,0.9715738925668929,0.829624354839325,1.0497798675643562,9,ppo_seed47,ppo,PPO,47
77343,intercepted,1,0,0,0,38,11,5.5,27,38.0,19.0,6.8391804695129395,0,1.012618953096015,0.8202115893363953,1.107062581579691,28,ppo_seed47,ppo,PPO,47
77344,intercepted,1,0,0,0,109,101,50.5,8,109.0,54.5,12.935686111450195,0,0.9540415091647042,1.152479648590088,1.0783012174583078,9,ppo_seed47,ppo,PPO,47
77345,intercepted,1,0,0,0,147,13,6.5,134,147.0,73.5,10.627447128295898,0,1.1236406839556163,0.9637259244918823,1.2133410447997341,135,ppo_seed47,ppo,PPO,47
77346,intercepted,1,0,0,0,42,15,7.5,27,42.0,21.0,9.99740219116211,0,1.169885971716472,1.4190760850906372,1.2587221716030645,28,ppo_seed47,ppo,PPO,47
77347,soldier_caught,0,1,0,0,1893,11,5.5,1882,,,1.8890173435211182,0,1.135647134555665,0.9764997363090515,1.2308105037069268,1883,ppo_seed47,ppo,PPO,47
77348,soldier_caught,0,1,0,0,94,13,6.5,81,,,1.931867003440857,0,1.2107359010998795,1.05517578125,1.2941539210982456,82,ppo_seed47,ppo,PPO,47
77349,soldier_caught,0,1,0,0,159,8,4.0,151,,,1.2608429193496704,0,1.1205966951031434,1.1542447805404663,1.2085408875866144,152,ppo_seed47,ppo,PPO,47
77350,intercepted,1,0,0,0,197,34,17.0,163,197.0,98.5,2.641676425933838,0,1.1071071513905757,1.2814972400665283,1.1835889160652189,164,ppo_seed47,ppo,PPO,47
77351,intercepted,1,0,0,0,588,8,4.0,580,588.0,294.0,3.120234489440918,0,1.1418074526649333,0.354228675365448,1.2312606366633752,581,ppo_seed47,ppo,PPO,47
77352,soldier_caught,0,1,0,0,16,13,6.5,3,,,1.9325772523880005,0,1.1780761033296585,1.456345558166504,1.2459179471295732,4,ppo_seed47,ppo,PPO,47
77353,soldier_caught,0,1,0,0,853,9,4.5,844,,,1.6938446760177612,0,1.114656495950984,0.9169278144836426,1.2116587885581178,845,ppo_seed47,ppo,PPO,47
77354,soldier_caught,0,1,0,0,14,12,6.0,2,,,1.5836907625198364,0,1.1677953998247783,1.4408451318740845,1.1866629935633701,3,ppo_seed47,ppo,PPO,47
77355,intercepted,1,0,0,0,797,18,9.0,779,797.0,398.5,3.191758394241333,0,1.1050161249362505,1.4313195943832397,1.1996924316278164,780,ppo_seed47,ppo,PPO,47
77356,intercepted,1,0,0,0,292,9,4.5,283,292.0,146.0,6.431842803955078,0,1.1665885129445035,1.0276691913604736,1.2727585219617756,284,ppo_seed47,ppo,PPO,47
77357,soldier_caught,0,1,0,0,154,11,5.5,143,,,1.394043207168579,0,1.0947536623312368,1.333167552947998,1.1948150161242619,144,ppo_seed47,ppo,PPO,47
77358,soldier_caught,0,1,0,0,1246,10,5.0,1236,,,0.9371207356452942,0,1.1076661257122973,0.9296737313270569,1.201445123273563,1237,ppo_seed47,ppo,PPO,47
77359,intercepted,1,0,0,0,574,50,25.0,524,574.0,287.0,2.029057502746582,0,1.1356559592485427,1.166969656944275,1.2340443638299095,525,ppo_seed47,ppo,PPO,47
77360,intercepted,1,0,0,0,505,13,6.5,492,505.0,252.5,2.378528594970703,0,1.0958810955830085,0.6897672414779663,1.1853079461283778,493,ppo_seed47,ppo,PPO,47
77361,intercepted,1,0,0,0,522,7,3.5,515,522.0,261.0,3.73600172996521,0,1.1436474798752587,1.366346836090088,1.2418884258137388,516,ppo_seed47,ppo,PPO,47
77362,intercepted,1,0,0,0,395,8,4.0,387,395.0,197.5,2.134997606277466,0,1.141218102661912,0.1915237307548523,1.2368872889007094,388,ppo_seed47,ppo,PPO,47
77363,intercepted,1,0,0,0,22,13,6.5,9,22.0,11.0,9.551566123962402,0,1.0893177807331085,1.2966269254684448,1.1545740401622364,10,ppo_seed47,ppo,PPO,47
77364,soldier_caught,0,1,0,0,313,17,8.5,296,,,0.7599308490753174,0,1.1378103113836713,1.3273385763168335,1.2335224221534078,297,ppo_seed47,ppo,PPO,47
77365,intercepted,1,0,0,0,312,45,22.5,267,312.0,156.0,2.3029720783233643,0,1.1233869809935342,0.40432795882225037,1.2123895461661156,268,ppo_seed47,ppo,PPO,47
77366,soldier_caught,0,1,0,0,1873,9,4.5,1864,,,1.536315679550171,0,1.109766864093475,0.33963698148727417,1.203254135679004,1865,ppo_seed47,ppo,PPO,47
77367,soldier_caught,0,1,0,0,1237,9,4.5,1228,,,0.622796356678009,0,1.150391220215911,1.6424185037612915,1.2452326458347105,1229,ppo_seed47,ppo,PPO,47
77368,soldier_caught,0,1,0,0,131,14,7.0,117,,,1.390273094177246,0,1.163579411930957,0.9352645874023438,1.2633630209605293,118,ppo_seed47,ppo,PPO,47
77369,intercepted,1,0,0,0,10,8,4.0,2,10.0,5.0,3.8629493713378906,0,1.0270941853523254,0.8634436726570129,1.0340948306968962,3,ppo_seed47,ppo,PPO,47
77370,intercepted,1,0,0,0,574,38,19.0,536,574.0,287.0,2.278637647628784,0,1.123381369648366,1.0490264892578125,1.2194912650330407,537,ppo_seed47,ppo,PPO,47
77371,intercepted,1,0,0,0,1086,72,36.0,1014,1086.0,543.0,4.7585673332214355,0,1.1061417873343224,2.256709575653076,1.2005410964797825,1015,ppo_seed47,ppo,PPO,47
77372,intercepted,1,0,0,0,150,15,7.5,135,150.0,75.0,3.528120517730713,0,1.1372489050468977,1.1815539598464966,1.2360481820659164,136,ppo_seed47,ppo,PPO,47
77373,intercepted,1,0,0,0,46,19,9.5,27,46.0,23.0,11.553656578063965,0,1.1467112473079137,1.8197729587554932,1.269004191966635,28,ppo_seed47,ppo,PPO,47
77374,soldier_caught,0,1,0,0,85,11,5.5,74,,,0.7726747989654541,0,1.0953067767620086,1.6143361330032349,1.1927591923634406,75,ppo_seed47,ppo,PPO,47
77375,intercepted,1,0,0,0,332,13,6.5,319,332.0,166.0,4.491090297698975,0,1.0635670182760806,1.4557561874389648,1.1627386897213101,320,ppo_seed47,ppo,PPO,47
77376,intercepted,1,0,0,0,12,9,4.5,3,12.0,6.0,3.212254524230957,0,1.4719487875699997,1.7545262575149536,1.5945867969083845,4,ppo_seed47,ppo,PPO,47
77377,soldier_caught,0,1,0,0,1146,12,6.0,1134,,,1.733115315437317,0,1.1000010727556004,0.832583487033844,1.1961436920698512,1135,ppo_seed47,ppo,PPO,47
77378,intercepted,1,0,0,0,11,8,4.0,3,11.0,5.5,4.690682888031006,0,1.0489788800477982,0.5226390957832336,1.1551232325773093,4,ppo_seed47,ppo,PPO,47
77379,soldier_caught,0,1,0,0,488,10,5.0,478,,,1.2429211139678955,0,1.1221596262960194,0.8838271498680115,1.2227420461435339,479,ppo_seed47,ppo,PPO,47
77380,intercepted,1,0,0,0,769,10,5.0,759,769.0,384.5,2.4644243717193604,0,1.1098432425458573,0.6231104135513306,1.2093781710044962,760,ppo_seed47,ppo,PPO,47
77381,soldier_caught,0,1,0,0,30,8,4.0,22,,,0.926950991153717,0,1.1520694377629652,0.25321099162101746,1.2316723952160602,23,ppo_seed47,ppo,PPO,47
77382,intercepted,1,0,0,0,514,10,5.0,504,514.0,257.0,2.0430564880371094,0,1.1388216730539162,1.2085098028182983,1.243326125542257,505,ppo_seed47,ppo,PPO,47
77383,soldier_caught,0,1,0,0,255,11,5.5,244,,,1.5119225978851318,0,1.184168724502836,0.9987491369247437,1.2731727386200995,245,ppo_seed47,ppo,PPO,47
77384,intercepted,1,0,0,0,110,8,4.0,102,110.0,55.0,5.511064529418945,0,1.0469514394848092,0.6891600489616394,1.1317426573195772,103,ppo_seed47,ppo,PPO,47
77385,soldier_caught,0,1,0,0,108,14,7.0,94,,,0.24019590020179749,0,1.127832711527222,0.8647493124008179,1.2304455595130466,95,ppo_seed47,ppo,PPO,47
77386,intercepted,1,0,0,0,1141,46,23.0,1095,1141.0,570.5,2.1878881454467773,0,1.118419737962965,0.8578130006790161,1.2174445788517916,1096,ppo_seed47,ppo,PPO,47
77387,soldier_caught,0,1,0,0,712,12,6.0,700,,,0.6056022047996521,0,1.1196980650686843,0.8240225911140442,1.2140841003337377,701,ppo_seed47,ppo,PPO,47
77388,intercepted,1,0,0,0,209,7,3.5,202,209.0,104.5,6.391265392303467,0,1.1572769051555343,1.582445502281189,1.2439036202711293,203,ppo_seed47,ppo,PPO,47
77389,intercepted,1,0,0,0,665,14,7.0,651,665.0,332.5,9.865042686462402,0,1.114998492132301,1.4746164083480835,1.2100951908129578,652,ppo_seed47,ppo,PPO,47
77390,soldier_caught,0,1,0,0,680,13,6.5,667,,,1.4317750930786133,0,1.1179674234308168,0.9503329992294312,1.214346718395087,668,ppo_seed47,ppo,PPO,47
77391,intercepted,1,0,0,0,90,35,17.5,55,90.0,45.0,9.304728507995605,0,1.1020941252687149,1.5253151655197144,1.2152875246603831,56,ppo_seed47,ppo,PPO,47
77392,intercepted,1,0,0,0,318,38,19.0,280,318.0,159.0,6.132885932922363,0,1.1244851527371016,1.1169323921203613,1.2152326240419604,281,ppo_seed47,ppo,PPO,47
77393,intercepted,1,0,0,0,656,7,3.5,649,656.0,328.0,3.228386640548706,0,1.1248413264980683,1.9277368783950806,1.2175609028368095,650,ppo_seed47,ppo,PPO,47
77394,intercepted,1,0,0,0,543,17,8.5,526,543.0,271.5,2.8947489261627197,0,1.116413571633243,2.221771240234375,1.2079603869948075,527,ppo_seed47,ppo,PPO,47
77395,intercepted,1,0,0,0,126,10,5.0,116,126.0,63.0,4.449524879455566,0,1.0654112049657056,1.419891119003296,1.159416030394878,117,ppo_seed47,ppo,PPO,47
77396,intercepted,1,0,0,0,10,8,4.0,2,10.0,5.0,5.279125213623047,0,0.9615572889645895,0.5518315434455872,1.0272252402266575,3,ppo_seed47,ppo,PPO,47
77397,soldier_caught,0,1,0,0,36,9,4.5,27,,,1.9691897630691528,0,1.2541409102933747,1.8825924396514893,1.3483159708640668,28,ppo_seed47,ppo,PPO,47
77398,intercepted,1,0,0,0,174,88,44.0,86,174.0,87.0,9.573238372802734,0,1.1415647156964774,0.9329036474227905,1.2669143352418732,87,ppo_seed47,ppo,PPO,47
77399,intercepted,1,0,0,0,20,11,5.5,9,20.0,10.0,11.327682495117188,0,1.1588074564933777,0.5943754315376282,1.2451623397657303,10,ppo_seed47,ppo,PPO,47
77400,intercepted,1,0,0,0,1253,114,57.0,1139,1253.0,626.5,3.2330968379974365,0,1.1136428388717927,0.7413865327835083,1.2067808998699006,1140,ppo_seed47,ppo,PPO,47
77401,intercepted,1,0,0,0,28,12,6.0,16,28.0,14.0,11.690142631530762,0,1.1006845130639917,0.6661261916160583,1.1595702876214216,17,ppo_seed47,ppo,PPO,47
77402,soldier_caught,0,1,0,0,673,61,30.5,612,,,1.8649755716323853,0,1.154346180426452,1.2163939476013184,1.2538450685030347,613,ppo_seed47,ppo,PPO,47
77403,intercepted,1,0,0,0,202,72,36.0,130,202.0,101.0,10.01016616821289,0,1.143899314048636,2.1506478786468506,1.238761381300758,131,ppo_seed47,ppo,PPO,47
77404,intercepted,1,0,0,0,743,16,8.0,727,743.0,371.5,2.7021358013153076,0,1.1366130721110563,0.9754961729049683,1.2346012226492988,728,ppo_seed47,ppo,PPO,47
77405,soldier_caught,0,1,0,0,41,13,6.5,28,,,1.3472821712493896,0,1.088444140964541,0.8481505513191223,1.222228524699034,29,ppo_seed47,ppo,PPO,47
77406,soldier_caught,0,1,0,0,646,8,4.0,638,,,0.862833559513092,0,1.1324459834137992,1.3244959115982056,1.2303311612643406,639,ppo_seed47,ppo,PPO,47
77407,intercepted,1,0,0,0,16,12,6.0,4,16.0,8.0,3.8913698196411133,0,0.9192323923110962,0.9313579201698303,0.9488739262721222,5,ppo_seed47,ppo,PPO,47
77408,soldier_caught,0,1,0,0,796,32,16.0,764,,,1.4772510528564453,0,1.1045777111369022,0.9663172364234924,1.2002520037808362,765,ppo_seed47,ppo,PPO,47
77409,intercepted,1,0,0,0,14,10,5.0,4,14.0,7.0,4.177867412567139,0,1.096358722448349,0.9774816036224365,1.2772460391377254,5,ppo_seed47,ppo,PPO,47
77410,soldier_caught,0,1,0,0,1023,7,3.5,1016,,,1.3170453310012817,0,1.0904090115498302,1.1514790058135986,1.1876545058566224,1017,ppo_seed47,ppo,PPO,47
77411,intercepted,1,0,0,0,19,16,8.0,3,19.0,9.5,3.432561159133911,0,0.9947403073310852,1.040457010269165,1.0093445323678452,4,ppo_seed47,ppo,PPO,47
77412,soldier_caught,0,1,0,0,152,9,4.5,143,,,0.827541708946228,0,1.1188099833412304,1.2544080018997192,1.2064637364668125,144,ppo_seed47,ppo,PPO,47
77413,intercepted,1,0,0,0,113,36,18.0,77,113.0,56.5,11.052579879760742,0,1.1772681755515246,1.0241018533706665,1.261109134261746,78,ppo_seed47,ppo,PPO,47
77414,intercepted,1,0,0,0,282,16,8.0,266,282.0,141.0,6.644421577453613,0,1.1845464654517976,1.7613836526870728,1.2731067388558195,267,ppo_seed47,ppo,PPO,47
77415,soldier_caught,0,1,0,0,141,9,4.5,132,,,1.9513188600540161,0,1.1354319867783023,0.8433658480644226,1.2142696704701799,133,ppo_seed47,ppo,PPO,47
77416,intercepted,1,0,0,0,430,11,5.5,419,430.0,215.0,5.815893173217773,0,1.1274650878139905,0.7952556014060974,1.2248271492365865,420,ppo_seed47,ppo,PPO,47
77417,intercepted,1,0,0,0,133,11,5.5,122,133.0,66.5,11.709900856018066,0,1.1569470869816416,0.9295811653137207,1.2731398422985594,123,ppo_seed47,ppo,PPO,47
77418,intercepted,1,0,0,0,218,9,4.5,209,218.0,109.0,4.5900044441223145,0,1.0758539705759003,0.4384184777736664,1.1771030841771684,210,ppo_seed47,ppo,PPO,47
77419,soldier_caught,0,1,0,0,13,10,5.0,3,,,0.8878365159034729,0,0.9740778803825378,1.4279043674468994,1.0276063166917553,4,ppo_seed47,ppo,PPO,47
77420,soldier_caught,0,1,0,0,939,48,24.0,891,,,1.152251124382019,0,1.133383140986944,1.360143780708313,1.2302178091772085,892,ppo_seed47,ppo,PPO,47
77421,soldier_caught,0,1,0,0,439,10,5.0,429,,,1.4841824769973755,0,1.1273530508889709,1.6135845184326172,1.224965725873805,430,ppo_seed47,ppo,PPO,47
77422,intercepted,1,0,0,0,50,18,9.0,32,50.0,25.0,10.95358657836914,0,1.018146748795654,1.9483197927474976,1.1187748171211305,33,ppo_seed47,ppo,PPO,47
77423,soldier_caught,0,1,0,0,34,8,4.0,26,,,1.553970217704773,0,1.1965482477788572,2.191166639328003,1.3019189322745433,27,ppo_seed47,ppo,PPO,47
77424,intercepted,1,0,0,0,539,19,9.5,520,539.0,269.5,3.099426746368408,0,1.138501885670618,0.9901942014694214,1.2381265879698653,521,ppo_seed47,ppo,PPO,47
77425,soldier_caught,0,1,0,0,373,8,4.0,365,,,1.5002737045288086,0,1.1709704359616737,2.3662896156311035,1.2791196045482798,366,ppo_seed47,ppo,PPO,47
77426,intercepted,1,0,0,0,767,9,4.5,758,767.0,383.5,2.2054507732391357,0,1.1186628559695089,1.5587265491485596,1.2161229368599062,759,ppo_seed47,ppo,PPO,47
77427,soldier_caught,0,1,0,0,408,11,5.5,397,,,0.9835836291313171,0,1.1311511774009197,1.1253787279129028,1.224397507853902,398,ppo_seed47,ppo,PPO,47
77428,soldier_caught,0,1,0,0,870,10,5.0,860,,,1.7567366361618042,0,1.1182003552905357,1.8175302743911743,1.2139131209095844,861,ppo_seed47,ppo,PPO,47
77429,soldier_caught,0,1,0,0,336,11,5.5,325,,,0.800537645816803,0,1.1419356222167336,1.7422369718551636,1.2332128803449869,326,ppo_seed47,ppo,PPO,47
77430,intercepted,1,0,0,0,26,17,8.5,9,26.0,13.0,11.177597045898438,0,1.154042237997055,0.8797883987426758,1.2401114668969244,10,ppo_seed47,ppo,PPO,47
77431,intercepted,1,0,0,0,67,57,28.5,10,67.0,33.5,10.158618927001953,0,1.0466683452779597,1.1273984909057617,1.1028023522945825,11,ppo_seed47,ppo,PPO,47
77432,intercepted,1,0,0,0,1035,10,5.0,1025,1035.0,517.5,2.6629765033721924,0,1.1515751176424776,0.664188802242279,1.2469553745416508,1026,ppo_seed47,ppo,PPO,47
77433,intercepted,1,0,0,0,327,9,4.5,318,327.0,163.5,3.351571559906006,0,1.164661301924704,0.8409255146980286,1.2432458876604422,319,ppo_seed47,ppo,PPO,47
77434,unsafe_intercept,0,0,1,0,13,11,5.5,2,,,3.3661954402923584,0,0.8382463653882345,0.9501240253448486,0.8427179927681449,3,ppo_seed47,ppo,PPO,47
77435,intercepted,1,0,0,0,702,9,4.5,693,702.0,351.0,3.313523292541504,0,1.123272820727454,0.7268085479736328,1.2175138002192403,694,ppo_seed47,ppo,PPO,47
77436,soldier_caught,0,1,0,0,433,13,6.5,420,,,1.7257920503616333,0,1.1717904182482786,1.7917672395706177,1.2652487916463904,421,ppo_seed47,ppo,PPO,47
77437,intercepted,1,0,0,0,216,12,6.0,204,216.0,108.0,2.858713150024414,0,1.1063478756968568,0.6342788934707642,1.1908393017527024,205,ppo_seed47,ppo,PPO,47
77438,intercepted,1,0,0,0,120,10,5.0,110,120.0,60.0,6.801980972290039,0,1.1387564918479405,1.6341743469238281,1.2468172700716822,111,ppo_seed47,ppo,PPO,47
77439,soldier_caught,0,1,0,0,106,10,5.0,96,,,1.2287249565124512,0,1.221702735448621,0.8016969561576843,1.3039087549526331,97,ppo_seed47,ppo,PPO,47
77440,intercepted,1,0,0,0,174,9,4.5,165,174.0,87.0,8.137950897216797,0,1.2171804624867726,1.3964104652404785,1.3025833944769578,166,ppo_seed47,ppo,PPO,47
77441,intercepted,1,0,0,0,1157,78,39.0,1079,1157.0,578.5,2.3402111530303955,0,1.111042792574261,1.1258540153503418,1.204804860813014,1080,ppo_seed47,ppo,PPO,47
77442,intercepted,1,0,0,0,18,14,7.0,4,18.0,9.0,6.328911781311035,0,1.3683585405349732,0.9957804083824158,1.4523670218195843,5,ppo_seed47,ppo,PPO,47
77443,soldier_caught,0,1,0,0,955,29,14.5,926,,,0.18634586036205292,0,1.144495337253121,1.3339277505874634,1.240770111435516,927,ppo_seed47,ppo,PPO,47
77444,soldier_caught,0,1,0,0,608,8,4.0,600,,,1.7909574508666992,0,1.1218407053791744,0.7393001914024353,1.2137705873563573,601,ppo_seed47,ppo,PPO,47
77445,soldier_caught,0,1,0,0,325,25,12.5,300,,,1.9084473848342896,0,1.1730230291222417,1.0937851667404175,1.2734752707120454,301,ppo_seed47,ppo,PPO,47
77446,soldier_caught,0,1,0,0,259,13,6.5,246,,,1.3073488473892212,0,1.1498432680662827,0.8182302117347717,1.2577171242243848,247,ppo_seed47,ppo,PPO,47
77447,intercepted,1,0,0,0,27,18,9.0,9,27.0,13.5,14.199140548706055,0,1.0210109949111938,0.9122272729873657,1.0929655399693112,10,ppo_seed47,ppo,PPO,47
77448,intercepted,1,0,0,0,97,9,4.5,88,97.0,48.5,9.779414176940918,0,1.164408979790934,1.208079218864441,1.2606268159254965,89,ppo_seed47,ppo,PPO,47
77449,soldier_caught,0,1,0,0,205,10,5.0,195,,,1.8270230293273926,0,1.0874618965068035,0.6370160579681396,1.177178703834796,196,ppo_seed47,ppo,PPO,47
77450,soldier_caught,0,1,0,0,816,13,6.5,803,,,1.174975872039795,0,1.1399871349816595,1.7499339580535889,1.2344760432711313,804,ppo_seed47,ppo,PPO,47
77451,soldier_caught,0,1,0,0,524,70,35.0,454,,,1.8149341344833374,0,1.1310131941195374,0.5813040733337402,1.2253240644224277,455,ppo_seed47,ppo,PPO,47
77452,soldier_caught,0,1,0,0,61,11,5.5,50,,,0.660575270652771,0,1.1405160561496137,2.127897262573242,1.237107392305434,51,ppo_seed47,ppo,PPO,47
77453,soldier_caught,0,1,0,0,265,12,6.0,253,,,1.9001059532165527,0,1.1372839430655082,2.1595585346221924,1.2293331234230942,254,ppo_seed47,ppo,PPO,47
77454,intercepted,1,0,0,0,77,12,6.0,65,77.0,38.5,9.106560707092285,0,1.1699171328183375,1.2328252792358398,1.2702340820353228,66,ppo_seed47,ppo,PPO,47
77455,intercepted,1,0,0,0,397,8,4.0,389,397.0,198.5,2.696648597717285,0,1.1160247806937267,0.6731501817703247,1.2132154692974402,390,ppo_seed47,ppo,PPO,47
77456,soldier_caught,0,1,0,0,149,13,6.5,136,,,1.0268739461898804,0,1.1826876575929406,0.2685917317867279,1.291507892462996,137,ppo_seed47,ppo,PPO,47
77457,intercepted,1,0,0,0,26,19,9.5,7,26.0,13.0,11.741613388061523,0,1.334105297923088,1.220481276512146,1.4049016892141115,8,ppo_seed47,ppo,PPO,47
77458,intercepted,1,0,0,0,530,10,5.0,520,530.0,265.0,5.8675079345703125,0,1.093054878591576,0.8742010593414307,1.18447961821595,521,ppo_seed47,ppo,PPO,47
77459,intercepted,1,0,0,0,370,11,5.5,359,370.0,185.0,6.412930965423584,0,1.1207636597255866,0.7767972946166992,1.2138780708954975,360,ppo_seed47,ppo,PPO,47
77460,intercepted,1,0,0,0,679,14,7.0,665,679.0,339.5,2.340465545654297,0,1.120797516213165,1.4664782285690308,1.2222130767211534,666,ppo_seed47,ppo,PPO,47
77461,soldier_caught,0,1,0,0,44,12,6.0,32,,,0.353256493806839,0,1.1939645472801093,0.5602622628211975,1.275205022354264,33,ppo_seed47,ppo,PPO,47
77462,intercepted,1,0,0,0,416,33,16.5,383,416.0,208.0,4.143669605255127,0,1.1448287797393277,0.47872844338417053,1.2401232692399784,384,ppo_seed47,ppo,PPO,47
77463,intercepted,1,0,0,0,15,13,6.5,2,15.0,7.5,4.301696300506592,0,1.0948499043782551,1.059651494026184,1.0966189672766553,3,ppo_seed47,ppo,PPO,47
77464,intercepted,1,0,0,0,332,13,6.5,319,332.0,166.0,4.502281665802002,0,1.1610997472889721,1.6975605487823486,1.254781029636627,320,ppo_seed47,ppo,PPO,47
77465,intercepted,1,0,0,0,34,26,13.0,8,34.0,17.0,13.671034812927246,0,1.0741680926746793,1.0745489597320557,1.1696682238525142,9,ppo_seed47,ppo,PPO,47
77466,intercepted,1,0,0,0,306,47,23.5,259,306.0,153.0,10.802260398864746,0,1.1032146628372945,1.3706858158111572,1.1847474593553389,260,ppo_seed47,ppo,PPO,47
77467,intercepted,1,0,0,0,15,12,6.0,3,15.0,7.5,2.7434089183807373,0,1.230531707406044,1.7215192317962646,1.2688178293115584,4,ppo_seed47,ppo,PPO,47
77468,intercepted,1,0,0,0,95,11,5.5,84,95.0,47.5,9.67778205871582,0,1.1831780875430387,1.1047923564910889,1.279157231771538,85,ppo_seed47,ppo,PPO,47
77469,intercepted,1,0,0,0,20,12,6.0,8,20.0,10.0,14.056121826171875,0,1.0500342581007216,1.600621223449707,1.111819583423901,9,ppo_seed47,ppo,PPO,47
77470,soldier_caught,0,1,0,0,261,21,10.5,240,,,1.1403344869613647,0,1.1589098918982066,1.1985414028167725,1.2527680776266046,241,ppo_seed47,ppo,PPO,47
77471,unsafe_intercept,0,0,1,0,18,15,7.5,3,,,3.0591113567352295,0,1.161510869860649,0.7970794439315796,1.2403326716628973,4,ppo_seed47,ppo,PPO,47
77472,intercepted,1,0,0,0,687,14,7.0,673,687.0,343.5,2.592442512512207,0,1.1298127688843347,0.958550214767456,1.2225883798420392,674,ppo_seed47,ppo,PPO,47
77473,intercepted,1,0,0,0,833,12,6.0,821,833.0,416.5,2.9067957401275635,0,1.1278826646833089,0.36657240986824036,1.226936948776381,822,ppo_seed47,ppo,PPO,47
77474,soldier_caught,0,1,0,0,307,19,9.5,288,,,1.1063376665115356,0,1.0571337021552156,0.7491133809089661,1.151049061859339,289,ppo_seed47,ppo,PPO,47
77475,intercepted,1,0,0,0,22,9,4.5,13,22.0,11.0,8.733242988586426,0,1.1994926163128443,1.6040184497833252,1.3047673154587907,14,ppo_seed47,ppo,PPO,47
77476,intercepted,1,0,0,0,21,14,7.0,7,21.0,10.5,7.621363639831543,0,1.0657160691916943,1.909467339515686,1.165413295428393,8,ppo_seed47,ppo,PPO,47
77477,soldier_caught,0,1,0,0,169,13,6.5,156,,,1.8879363536834717,0,1.0719122389319595,1.4095510244369507,1.1729514470941593,157,ppo_seed47,ppo,PPO,47
77478,intercepted,1,0,0,0,879,8,4.0,871,879.0,439.5,2.3502070903778076,0,1.119357182627219,1.165083885192871,1.2214523566062052,872,ppo_seed47,ppo,PPO,47
77479,soldier_caught,0,1,0,0,315,9,4.5,306,,,1.4420788288116455,0,1.1475514624425565,1.047093152999878,1.2430569760121413,307,ppo_seed47,ppo,PPO,47
77480,soldier_caught,0,1,0,0,168,98,49.0,70,,,0.8016386032104492,0,1.2072469516539237,1.5304968357086182,1.3005140707863423,71,ppo_seed47,ppo,PPO,47
77481,soldier_caught,0,1,0,0,325,83,41.5,242,,,0.5255376100540161,0,1.1465373787369748,1.4911969900131226,1.2475072586718476,243,ppo_seed47,ppo,PPO,47
77482,soldier_caught,0,1,0,0,38,12,6.0,26,,,0.446016788482666,0,1.191990829176373,1.5992101430892944,1.2761377659184785,27,ppo_seed47,ppo,PPO,47
77483,intercepted,1,0,0,0,458,31,15.5,427,458.0,229.0,4.122720718383789,0,1.1476143680025483,0.7565891742706299,1.2441033384129874,428,ppo_seed47,ppo,PPO,47
77484,intercepted,1,0,0,0,72,13,6.5,59,72.0,36.0,4.998531341552734,0,1.0318655098478,1.1742157936096191,1.1157565377181602,60,ppo_seed47,ppo,PPO,47
77485,soldier_caught,0,1,0,0,563,71,35.5,492,,,0.5606309771537781,0,1.1133506987054982,0.9972922205924988,1.2137324499257778,493,ppo_seed47,ppo,PPO,47
77486,soldier_caught,0,1,0,0,478,14,7.0,464,,,1.5914195775985718,0,1.13712983703421,0.4796305000782013,1.2303530891749697,465,ppo_seed47,ppo,PPO,47
77487,intercepted,1,0,0,0,52,48,24.0,4,52.0,26.0,2.451875686645508,0,0.8539366006851197,0.8424816727638245,0.8596113635228932,5,ppo_seed47,ppo,PPO,47
77488,unsafe_intercept,0,0,1,0,10,7,3.5,3,,,2.414572238922119,0,1.5356575548648834,2.4364840984344482,1.6712927556826378,4,ppo_seed47,ppo,PPO,47
77489,intercepted,1,0,0,0,46,12,6.0,34,46.0,23.0,9.281558990478516,0,1.2110196266855513,1.5078797340393066,1.3054862131284233,35,ppo_seed47,ppo,PPO,47
77490,soldier_caught,0,1,0,0,714,59,29.5,655,,,1.2821754217147827,0,1.1307760174954082,0.9061766862869263,1.2328958784318527,656,ppo_seed47,ppo,PPO,47
77491,intercepted,1,0,0,0,593,10,5.0,583,593.0,296.5,3.1183114051818848,0,1.1282603368673423,1.305130124092102,1.2217246390132765,584,ppo_seed47,ppo,PPO,47
77492,intercepted,1,0,0,0,20,12,6.0,8,20.0,10.0,12.07681655883789,0,1.0737001200517018,1.2104449272155762,1.1228529900890727,9,ppo_seed47,ppo,PPO,47
77493,soldier_caught,0,1,0,0,80,10,5.0,70,,,1.6722722053527832,0,1.0595678907464927,0.34800535440444946,1.1452594225827069,71,ppo_seed47,ppo,PPO,47
77494,soldier_caught,0,1,0,0,710,10,5.0,700,,,1.3874517679214478,0,1.1614046375906246,1.3031786680221558,1.2564621523412116,701,ppo_seed47,ppo,PPO,47
77495,soldier_caught,0,1,0,0,1046,20,10.0,1026,,,1.3397406339645386,0,1.1351675297901715,1.0428717136383057,1.2341090922162128,1027,ppo_seed47,ppo,PPO,47
77496,soldier_caught,0,1,0,0,111,62,31.0,49,,,1.8640300035476685,0,1.1516350758075715,1.544398546218872,1.2406782814585857,50,ppo_seed47,ppo,PPO,47
77497,intercepted,1,0,0,0,282,9,4.5,273,282.0,141.0,11.516202926635742,0,1.1168905161049245,0.8636375069618225,1.20778412525868,274,ppo_seed47,ppo,PPO,47
77498,soldier_caught,0,1,0,0,868,52,26.0,816,,,1.4030364751815796,0,1.1515226329846657,0.9604241251945496,1.2470324939496276,817,ppo_seed47,ppo,PPO,47
77499,soldier_caught,0,1,0,0,170,10,5.0,160,,,1.7684427499771118,0,1.1643182024220873,1.4324617385864258,1.2791270645641697,161,ppo_seed47,ppo,PPO,47
77500,soldier_caught,0,1,0,0,349,13,6.5,336,,,0.7681933641433716,0,1.1072819455352665,0.9516924619674683,1.1869306772444075,337,ppo_seed47,ppo,PPO,47
77501,soldier_caught,0,1,0,0,41,14,7.0,27,,,1.4622430801391602,0,1.213943480380944,0.4592359662055969,1.303840729849498,28,ppo_seed47,ppo,PPO,47
77502,soldier_caught,0,1,0,0,668,9,4.5,659,,,1.7865711450576782,0,1.1294442779187,0.8006841540336609,1.229686278975451,660,ppo_seed47,ppo,PPO,47
77503,soldier_caught,0,1,0,0,929,10,5.0,919,,,1.866802453994751,0,1.1226342745692186,1.6428428888320923,1.2160215564468013,920,ppo_seed47,ppo,PPO,47
77504,intercepted,1,0,0,0,339,38,19.0,301,339.0,169.5,9.742171287536621,0,1.1190615487562505,0.5052153468132019,1.2200838405464747,302,ppo_seed47,ppo,PPO,47
77505,soldier_caught,0,1,0,0,403,12,6.0,391,,,1.1398526430130005,0,1.1309757454282776,0.7014240026473999,1.229522159962129,392,ppo_seed47,ppo,PPO,47
77506,soldier_caught,0,1,0,0,773,9,4.5,764,,,1.5546146631240845,0,1.1632002277311937,1.283609390258789,1.2637867856819527,765,ppo_seed47,ppo,PPO,47
77507,soldier_caught,0,1,0,0,337,9,4.5,328,,,1.86354660987854,0,1.1713128853079757,2.356710910797119,1.269948789871588,329,ppo_seed47,ppo,PPO,47
77508,intercepted,1,0,0,0,502,9,4.5,493,502.0,251.0,3.012967348098755,0,1.1069884919504889,2.0940873622894287,1.2014468337498574,494,ppo_seed47,ppo,PPO,47
77509,soldier_caught,0,1,0,0,34,8,4.0,26,,,0.9368463754653931,0,1.3196698888032525,1.663298487663269,1.4240702485850574,27,ppo_seed47,ppo,PPO,47
77510,intercepted,1,0,0,0,124,18,9.0,106,124.0,62.0,12.370308876037598,0,1.038822203874588,0.8754627108573914,1.1290982916238086,107,ppo_seed47,ppo,PPO,47
77511,intercepted,1,0,0,0,240,12,6.0,228,240.0,120.0,9.296795845031738,0,1.142867835328048,0.6572582721710205,1.2229111493982627,229,ppo_seed47,ppo,PPO,47
77512,intercepted,1,0,0,0,414,11,5.5,403,414.0,207.0,5.097844123840332,0,1.1324706362689485,1.6558969020843506,1.236261053196806,404,ppo_seed47,ppo,PPO,47
77513,soldier_caught,0,1,0,0,144,17,8.5,127,,,1.0334134101867676,0,1.1025513809872791,1.2211700677871704,1.1926477275809142,128,ppo_seed47,ppo,PPO,47
77514,soldier_caught,0,1,0,0,136,9,4.5,127,,,1.1567310094833374,0,1.1128810907248408,0.8170669078826904,1.212485175792304,128,ppo_seed47,ppo,PPO,47
77515,soldier_caught,0,1,0,0,659,13,6.5,646,,,0.3341071307659149,0,1.1142717768456873,0.8079531192779541,1.20853182249499,647,ppo_seed47,ppo,PPO,47
77516,soldier_caught,0,1,0,0,826,12,6.0,814,,,1.5789310932159424,0,1.1505330131554896,1.5303175449371338,1.2490427575609402,815,ppo_seed47,ppo,PPO,47
77517,soldier_caught,0,1,0,0,1213,9,4.5,1204,,,0.3996923565864563,0,1.1219797170817605,0.41828811168670654,1.2238457577556392,1205,ppo_seed47,ppo,PPO,47
77518,soldier_caught,0,1,0,0,525,12,6.0,513,,,1.952476143836975,0,1.114921534064331,1.4517830610275269,1.205071456272097,514,ppo_seed47,ppo,PPO,47
77519,intercepted,1,0,0,0,370,8,4.0,362,370.0,185.0,4.457119941711426,0,1.1305483851797324,0.4846522808074951,1.2262327259962285,363,ppo_seed47,ppo,PPO,47
77520,soldier_caught,0,1,0,0,12,10,5.0,2,,,1.5847526788711548,0,1.2194030582904816,1.6791900396347046,1.3833593318846047,3,ppo_seed47,ppo,PPO,47
77521,intercepted,1,0,0,0,272,11,5.5,261,272.0,136.0,2.4937078952789307,0,1.1325011486543044,0.8842596411705017,1.2213317623304922,262,ppo_seed47,ppo,PPO,47
77522,soldier_caught,0,1,0,0,816,9,4.5,807,,,0.6084088683128357,0,1.112063616560311,0.7401828765869141,1.205173401703383,808,ppo_seed47,ppo,PPO,47
77523,intercepted,1,0,0,0,63,7,3.5,56,63.0,31.5,4.444641590118408,0,1.0567331243502467,0.48055705428123474,1.1618334073924976,57,ppo_seed47,ppo,PPO,47
77524,intercepted,1,0,0,0,272,15,7.5,257,272.0,136.0,7.941572189331055,0,1.1472544084454692,1.2021219730377197,1.2453886042432478,258,ppo_seed47,ppo,PPO,47
77525,soldier_caught,0,1,0,0,233,12,6.0,221,,,0.52089923620224,0,1.1611980933125492,1.019350528717041,1.2630372656512547,222,ppo_seed47,ppo,PPO,47
77526,soldier_caught,0,1,0,0,105,12,6.0,93,,,1.305690050125122,0,1.0427798138971025,0.5934869050979614,1.1379108987680457,94,ppo_seed47,ppo,PPO,47
77527,intercepted,1,0,0,0,370,9,4.5,361,370.0,185.0,2.9036569595336914,0,1.140468287451491,0.3152877688407898,1.2382889836715325,362,ppo_seed47,ppo,PPO,47
77528,unsafe_intercept,0,0,1,0,11,9,4.5,2,,,2.1019725799560547,0,1.3913512229919434,1.297147512435913,1.393049943709809,3,ppo_seed47,ppo,PPO,47
77529,intercepted,1,0,0,0,20,14,7.0,6,20.0,10.0,8.283740997314453,0,0.9959961771965027,0.4944327771663666,1.1385212582905726,7,ppo_seed47,ppo,PPO,47
77530,intercepted,1,0,0,0,192,13,6.5,179,192.0,96.0,4.658143520355225,0,1.1478520612749787,0.893489420413971,1.257264777767174,180,ppo_seed47,ppo,PPO,47
77531,intercepted,1,0,0,0,115,13,6.5,102,115.0,57.5,5.36907434463501,0,1.098852916539294,1.0020744800567627,1.1874288573248648,103,ppo_seed47,ppo,PPO,47
77532,intercepted,1,0,0,0,27,14,7.0,13,27.0,13.5,9.673430442810059,0,1.1479195526668005,1.2200360298156738,1.1995797418805325,14,ppo_seed47,ppo,PPO,47
77533,soldier_caught,0,1,0,0,296,8,4.0,288,,,0.8910950422286987,0,1.1617906470251331,0.8716471195220947,1.2611625611346635,289,ppo_seed47,ppo,PPO,47
77534,soldier_caught,0,1,0,0,205,8,4.0,197,,,0.22186864912509918,0,1.0515474115846435,0.324230432510376,1.122151457997188,198,ppo_seed47,ppo,PPO,47
77535,intercepted,1,0,0,0,89,25,12.5,64,89.0,44.5,11.301472663879395,0,1.107303402057061,1.1992955207824707,1.2047047027773976,65,ppo_seed47,ppo,PPO,47
77536,intercepted,1,0,0,0,341,9,4.5,332,341.0,170.5,2.124556541442871,0,1.131984264329747,1.386732578277588,1.2253679919916591,333,ppo_seed47,ppo,PPO,47
77537,soldier_caught,0,1,0,0,42,15,7.5,27,,,1.8720085620880127,0,1.115724693451609,1.0652190446853638,1.1740465804509799,28,ppo_seed47,ppo,PPO,47
77538,soldier_caught,0,1,0,0,202,9,4.5,193,,,1.2576922178268433,0,1.08323590856852,1.8948886394500732,1.1704301800676815,194,ppo_seed47,ppo,PPO,47
77539,soldier_caught,0,1,0,0,15,12,6.0,3,,,1.8917275667190552,0,0.9487859085202217,1.2433319091796875,0.9895990982089429,4,ppo_seed47,ppo,PPO,47
77540,intercepted,1,0,0,0,39,11,5.5,28,39.0,19.5,2.7665250301361084,0,1.1761593294554744,0.8864306807518005,1.248166494615104,29,ppo_seed47,ppo,PPO,47
77541,intercepted,1,0,0,0,195,15,7.5,180,195.0,97.5,2.00012469291687,0,1.1873068324604088,1.4285937547683716,1.297792779578072,181,ppo_seed47,ppo,PPO,47
77542,soldier_caught,0,1,0,0,1152,11,5.5,1141,,,0.6499205231666565,0,1.1338306059392134,0.9121916890144348,1.2296003558290183,1142,ppo_seed47,ppo,PPO,47
77543,intercepted,1,0,0,0,469,12,6.0,457,469.0,234.5,8.951752662658691,0,1.1614971926443962,1.8462105989456177,1.2614199850544956,458,ppo_seed47,ppo,PPO,47
77544,soldier_caught,0,1,0,0,243,67,33.5,176,,,0.5119747519493103,0,1.1792575099037192,0.4309067726135254,1.2871439777571083,177,ppo_seed47,ppo,PPO,47
77545,soldier_caught,0,1,0,0,343,31,15.5,312,,,1.903818130493164,0,1.169027995877563,0.37462085485458374,1.2784077118123,313,ppo_seed47,ppo,PPO,47
77546,soldier_caught,0,1,0,0,421,10,5.0,411,,,0.9862642288208008,0,1.1304955134005512,1.8158485889434814,1.2335343902298666,412,ppo_seed47,ppo,PPO,47
77547,intercepted,1,0,0,0,952,9,4.5,943,952.0,476.0,2.1012682914733887,0,1.1233810735077172,0.49162983894348145,1.22198719203263,944,ppo_seed47,ppo,PPO,47
77548,intercepted,1,0,0,0,675,28,14.0,647,675.0,337.5,4.074744701385498,0,1.1071616135491633,1.4630149602890015,1.204307137108992,648,ppo_seed47,ppo,PPO,47
77549,intercepted,1,0,0,0,241,20,10.0,221,241.0,120.5,10.480212211608887,0,1.1219011957815908,1.411758542060852,1.2233664481713218,222,ppo_seed47,ppo,PPO,47
77550,intercepted,1,0,0,0,87,9,4.5,78,87.0,43.5,2.0602102279663086,0,1.0954486129781869,0.7945820093154907,1.1944854939681215,79,ppo_seed47,ppo,PPO,47
77551,soldier_caught,0,1,0,0,1613,10,5.0,1603,,,1.7507777214050293,0,1.1152629629381354,0.59366774559021,1.2130870041965047,1604,ppo_seed47,ppo,PPO,47
77552,intercepted,1,0,0,0,319,9,4.5,310,319.0,159.5,2.375432014465332,0,1.1455765392906796,1.6901706457138062,1.2277866363134684,311,ppo_seed47,ppo,PPO,47
77553,intercepted,1,0,0,0,39,7,3.5,32,39.0,19.5,3.4581449031829834,0,1.093970236453143,0.9135237336158752,1.2174881913131486,33,ppo_seed47,ppo,PPO,47
77554,intercepted,1,0,0,0,1143,14,7.0,1129,1143.0,571.5,2.014618158340454,0,1.164891323348326,0.9632235765457153,1.2622249626164979,1130,ppo_seed47,ppo,PPO,47
77555,intercepted,1,0,0,0,446,11,5.5,435,446.0,223.0,2.968073606491089,0,1.1718709104514997,0.9354450702667236,1.2716191182936656,436,ppo_seed47,ppo,PPO,47
77556,intercepted,1,0,0,0,49,19,9.5,30,49.0,24.5,13.84992790222168,0,0.9812050740565023,0.25620728731155396,1.1212431828231435,31,ppo_seed47,ppo,PPO,47
77557,unsafe_intercept,0,0,1,0,10,8,4.0,2,,,2.4766898155212402,0,0.991088887055715,0.5169128775596619,1.09598378337977,3,ppo_seed47,ppo,PPO,47
77558,soldier_caught,0,1,0,0,44,13,6.5,31,,,1.03146493434906,0,1.1578233130276203,1.7070715427398682,1.2417888405696365,32,ppo_seed47,ppo,PPO,47
77559,soldier_caught,0,1,0,0,426,10,5.0,416,,,0.8685617446899414,0,1.1786734167334558,1.8858439922332764,1.2802524970332874,417,ppo_seed47,ppo,PPO,47
77560,intercepted,1,0,0,0,43,34,17.0,9,43.0,21.5,14.011651039123535,0,1.2452039659023284,1.0759050846099854,1.3464121033027547,10,ppo_seed47,ppo,PPO,47
77561,intercepted,1,0,0,0,326,9,4.5,317,326.0,163.0,6.543991565704346,0,1.1110747434995458,1.2997785806655884,1.2112110500689526,318,ppo_seed47,ppo,PPO,47
77562,intercepted,1,0,0,0,187,20,10.0,167,187.0,93.5,9.190163612365723,0,1.1364838411765439,0.8867942094802856,1.2365103405915574,168,ppo_seed47,ppo,PPO,47
77563,intercepted,1,0,0,0,21,12,6.0,9,21.0,10.5,13.163637161254883,0,1.1835470467805862,0.3293626010417938,1.3146218784160426,10,ppo_seed47,ppo,PPO,47
77564,intercepted,1,0,0,0,182,32,16.0,150,182.0,91.0,13.727182388305664,0,1.1487176623565472,0.6196319460868835,1.2332738236782959,151,ppo_seed47,ppo,PPO,47
77565,intercepted,1,0,0,0,338,10,5.0,328,338.0,169.0,8.081618309020996,0,1.1583976682196273,0.47826045751571655,1.2477959230296076,329,ppo_seed47,ppo,PPO,47
77566,soldier_caught,0,1,0,0,17,15,7.5,2,,,1.359318494796753,0,1.0996433595816295,0.4959947168827057,1.1955814544647223,3,ppo_seed47,ppo,PPO,47
77567,intercepted,1,0,0,0,21,13,6.5,8,21.0,10.5,5.769740581512451,0,1.0671646495660145,0.9334546327590942,1.1899629314194529,9,ppo_seed47,ppo,PPO,47
77568,intercepted,1,0,0,0,39,11,5.5,28,39.0,19.5,13.910476684570312,0,1.0119330790536156,0.4350411891937256,1.0950190720346211,29,ppo_seed47,ppo,PPO,47
77569,intercepted,1,0,0,0,93,10,5.0,83,93.0,46.5,2.9528515338897705,0,1.1547762166176523,1.3108371496200562,1.2410079028388201,84,ppo_seed47,ppo,PPO,47
77570,intercepted,1,0,0,0,320,11,5.5,309,320.0,160.0,3.6920065879821777,0,1.0763830565276646,0.41502121090888977,1.1770123587687464,310,ppo_seed47,ppo,PPO,47
77571,intercepted,1,0,0,0,692,13,6.5,679,692.0,346.0,2.840381383895874,0,1.1446298059295206,1.1002047061920166,1.2334266378890641,680,ppo_seed47,ppo,PPO,47
77572,intercepted,1,0,0,0,572,58,29.0,514,572.0,286.0,2.4058306217193604,0,1.118148870303214,1.5697506666183472,1.2024388377985686,515,ppo_seed47,ppo,PPO,47
77573,intercepted,1,0,0,0,607,10,5.0,597,607.0,303.5,8.553915023803711,0,1.1338761801329942,0.8752013444900513,1.2307599555167836,598,ppo_seed47,ppo,PPO,47
77574,soldier_caught,0,1,0,0,285,12,6.0,273,,,1.5168579816818237,0,1.1464181368912223,1.7260576486587524,1.235360963602333,274,ppo_seed47,ppo,PPO,47
77575,soldier_caught,0,1,0,0,909,40,20.0,869,,,1.2114548683166504,0,1.1288959175091364,0.9478229880332947,1.2195447972332096,870,ppo_seed47,ppo,PPO,47
77576,soldier_caught,0,1,0,0,634,8,4.0,626,,,1.3351625204086304,0,1.1384249282272998,0.9267983436584473,1.2383787865856224,627,ppo_seed47,ppo,PPO,47
77577,intercepted,1,0,0,0,300,9,4.5,291,300.0,150.0,4.983462333679199,0,1.1615352890364927,0.4686952829360962,1.2604395812614797,292,ppo_seed47,ppo,PPO,47
77578,intercepted,1,0,0,0,304,9,4.5,295,304.0,152.0,2.5990445613861084,0,1.0994749391401135,0.703691303730011,1.1979704433575495,296,ppo_seed47,ppo,PPO,47
77579,intercepted,1,0,0,0,369,16,8.0,353,369.0,184.5,2.193195343017578,0,1.1603027905027072,1.063132405281067,1.2554436801470932,354,ppo_seed47,ppo,PPO,47
77580,intercepted,1,0,0,0,10,8,4.0,2,10.0,5.0,4.197504997253418,0,1.6125587026278179,1.8225672245025635,1.7042696024078607,3,ppo_seed47,ppo,PPO,47
77581,soldier_caught,0,1,0,0,525,9,4.5,516,,,0.9846574664115906,0,1.1485254249789498,1.2552982568740845,1.2497217347619443,517,ppo_seed47,ppo,PPO,47
77582,intercepted,1,0,0,0,317,30,15.0,287,317.0,158.5,2.0142321586608887,0,1.1171891409903765,0.6257385611534119,1.2225206655794123,288,ppo_seed47,ppo,PPO,47
77583,intercepted,1,0,0,0,80,22,11.0,58,80.0,40.0,11.454586029052734,0,1.1616409587658059,0.48516276478767395,1.244368025826029,59,ppo_seed47,ppo,PPO,47
77584,intercepted,1,0,0,0,179,10,5.0,169,179.0,89.5,3.2031731605529785,0,1.0973102112026776,1.205493450164795,1.1742186375751684,170,ppo_seed47,ppo,PPO,47
77585,intercepted,1,0,0,0,598,14,7.0,584,598.0,299.0,4.188479423522949,0,1.114443695717133,0.7048208713531494,1.20574875710587,585,ppo_seed47,ppo,PPO,47
77586,intercepted,1,0,0,0,413,9,4.5,404,413.0,206.5,2.049497604370117,0,1.1511322022220234,0.917116641998291,1.257304804417697,405,ppo_seed47,ppo,PPO,47
77587,intercepted,1,0,0,0,12,9,4.5,3,12.0,6.0,4.964247703552246,0,0.8680959939956665,1.1571295261383057,0.9700716835511101,4,ppo_seed47,ppo,PPO,47
77588,intercepted,1,0,0,0,126,11,5.5,115,126.0,63.0,3.643616199493408,0,1.135266746940284,0.9149872064590454,1.2343569143351887,116,ppo_seed47,ppo,PPO,47
77589,intercepted,1,0,0,0,383,18,9.0,365,383.0,191.5,5.602827548980713,0,1.1117743978816303,1.502718210220337,1.196126334886642,366,ppo_seed47,ppo,PPO,47
77590,intercepted,1,0,0,0,171,11,5.5,160,171.0,85.5,3.0927274227142334,0,1.1905732038228407,1.0239503383636475,1.2994260291916355,161,ppo_seed47,ppo,PPO,47
77591,soldier_caught,0,1,0,0,10,8,4.0,2,,,1.7479825019836426,0,1.9596473177274067,0.8207337260246277,2.1189010557936574,3,ppo_seed47,ppo,PPO,47
77592,soldier_caught,0,1,0,0,1315,51,25.5,1264,,,1.2833902835845947,0,1.112890554393233,1.3882492780685425,1.2100530114951626,1265,ppo_seed47,ppo,PPO,47
77593,intercepted,1,0,0,0,49,11,5.5,38,49.0,24.5,2.107624053955078,0,1.012115940833703,0.5415530204772949,1.083034324438915,39,ppo_seed47,ppo,PPO,47
77594,intercepted,1,0,0,0,187,9,4.5,178,187.0,93.5,2.434365749359131,0,1.1849618884604736,1.165416955947876,1.2937502941882155,179,ppo_seed47,ppo,PPO,47
77595,intercepted,1,0,0,0,14,10,5.0,4,14.0,7.0,4.101890563964844,0,1.2996851921081543,1.3209542036056519,1.3306099613940054,5,ppo_seed47,ppo,PPO,47
77596,intercepted,1,0,0,0,405,38,19.0,367,405.0,202.5,2.5346908569335938,0,1.1036566938476071,1.5282249450683594,1.2004128006560304,368,ppo_seed47,ppo,PPO,47
77597,soldier_caught,0,1,0,0,34,10,5.0,24,,,1.3828601837158203,0,0.975308690071106,0.874392032623291,1.0335321133068542,25,ppo_seed47,ppo,PPO,47
77598,intercepted,1,0,0,0,229,72,36.0,157,229.0,114.5,9.166168212890625,0,1.2064283434537393,1.489458441734314,1.306084008935295,158,ppo_seed47,ppo,PPO,47
77599,intercepted,1,0,0,0,318,14,7.0,304,318.0,159.0,2.1077520847320557,0,1.1316393196704935,1.0542868375778198,1.2220793339804192,305,ppo_seed47,ppo,PPO,47
77600,intercepted,1,0,0,0,220,40,20.0,180,220.0,110.0,2.459031581878662,0,1.121045763856469,1.3406912088394165,1.2239493481503723,181,ppo_seed47,ppo,PPO,47
77601,soldier_caught,0,1,0,0,506,16,8.0,490,,,1.066949486732483,0,1.1318331070684367,1.6584129333496094,1.2365888669735061,491,ppo_seed47,ppo,PPO,47
77602,intercepted,1,0,0,0,35,27,13.5,8,35.0,17.5,14.989914894104004,0,1.3362504177623324,0.38434356451034546,1.4744162815225061,9,ppo_seed47,ppo,PPO,47
77603,intercepted,1,0,0,0,473,9,4.5,464,473.0,236.5,2.7932546138763428,0,1.1276625906267475,0.5899718403816223,1.2136043678392985,465,ppo_seed47,ppo,PPO,47
77604,intercepted,1,0,0,0,167,31,15.5,136,167.0,83.5,4.223141193389893,0,1.0817508991182285,0.9251320362091064,1.1749617683325,137,ppo_seed47,ppo,PPO,47
77605,soldier_caught,0,1,0,0,582,45,22.5,537,,,1.806667447090149,0,1.123178638877922,1.161617398262024,1.2319537987259146,538,ppo_seed47,ppo,PPO,47
77606,intercepted,1,0,0,0,24,11,5.5,13,24.0,12.0,4.503518104553223,0,1.1970072580235345,1.239140510559082,1.2944482905526862,14,ppo_seed47,ppo,PPO,47
77607,intercepted,1,0,0,0,371,9,4.5,362,371.0,185.5,2.4728951454162598,0,1.1033704488361178,1.9475507736206055,1.2040190292193351,363,ppo_seed47,ppo,PPO,47
77608,soldier_caught,0,1,0,0,349,10,5.0,339,,,0.846991240978241,0,1.1574405739850857,0.8389602899551392,1.2543324118554655,340,ppo_seed47,ppo,PPO,47
77609,intercepted,1,0,0,0,125,10,5.0,115,125.0,62.5,6.208993434906006,0,1.1567994836589386,0.6189122796058655,1.2324527800087108,116,ppo_seed47,ppo,PPO,47
77610,intercepted,1,0,0,0,341,9,4.5,332,341.0,170.5,8.844465255737305,0,1.0838637367651627,1.0769309997558594,1.1901064344011794,333,ppo_seed47,ppo,PPO,47
77611,soldier_caught,0,1,0,0,237,8,4.0,229,,,1.5066468715667725,0,1.1029793510294479,0.5129212737083435,1.19761719375115,230,ppo_seed47,ppo,PPO,47
77612,soldier_caught,0,1,0,0,32,8,4.0,24,,,1.937637448310852,0,1.3047447192668915,1.4612964391708374,1.3557011901195795,25,ppo_seed47,ppo,PPO,47
77613,soldier_caught,0,1,0,0,153,8,4.0,145,,,1.331490159034729,0,1.1661022189137054,1.3994719982147217,1.2550577777131278,146,ppo_seed47,ppo,PPO,47
77614,intercepted,1,0,0,0,452,21,10.5,431,452.0,226.0,4.1815185546875,0,1.1173102263775136,1.6767027378082275,1.216474453229692,432,ppo_seed47,ppo,PPO,47
77615,intercepted,1,0,0,0,139,64,32.0,75,139.0,69.5,4.606387615203857,0,1.1007850766181946,1.6064107418060303,1.1953857850235488,76,ppo_seed47,ppo,PPO,47
77616,intercepted,1,0,0,0,75,16,8.0,59,75.0,37.5,5.887755870819092,0,1.055754294246435,0.8256537914276123,1.1871342581390059,60,ppo_seed47,ppo,PPO,47
77617,intercepted,1,0,0,0,118,101,50.5,17,118.0,59.0,14.995511054992676,0,0.9380082024468316,1.5249345302581787,0.9895191228153424,18,ppo_seed47,ppo,PPO,47
77618,intercepted,1,0,0,0,220,35,17.5,185,220.0,110.0,3.3526041507720947,0,1.1605664358664585,1.1277226209640503,1.2696275460139463,186,ppo_seed47,ppo,PPO,47
77619,soldier_caught,0,1,0,0,82,12,6.0,70,,,1.778801441192627,0,1.2059747866866455,1.3349417448043823,1.3573819558904074,71,ppo_seed47,ppo,PPO,47
77620,intercepted,1,0,0,0,186,8,4.0,178,186.0,93.0,4.389832019805908,0,1.1103846424118766,0.4112958014011383,1.2049319652885808,179,ppo_seed47,ppo,PPO,47
77621,soldier_caught,0,1,0,0,12,10,5.0,2,,,1.7581861019134521,0,1.2685536940892537,1.1046723127365112,1.2739102937180904,3,ppo_seed47,ppo,PPO,47
77622,intercepted,1,0,0,0,225,9,4.5,216,225.0,112.5,3.541707992553711,0,1.1476607553077183,1.5075862407684326,1.2368546839341004,217,ppo_seed47,ppo,PPO,47
77623,intercepted,1,0,0,0,132,7,3.5,125,132.0,66.0,2.588975429534912,0,1.1225187236827516,1.1978689432144165,1.2183698538888972,126,ppo_seed47,ppo,PPO,47
77624,intercepted,1,0,0,0,22,15,7.5,7,22.0,11.0,13.01436996459961,0,1.120740469545126,1.3226975202560425,1.1684405801747995,8,ppo_seed47,ppo,PPO,47
77625,intercepted,1,0,0,0,470,14,7.0,456,470.0,235.0,3.6247668266296387,0,1.1166399964977145,1.1147205829620361,1.2183072577263574,457,ppo_seed47,ppo,PPO,47
77626,intercepted,1,0,0,0,752,19,9.5,733,752.0,376.0,3.436079978942871,0,1.1490046001250072,1.80583918094635,1.2500040028130126,734,ppo_seed47,ppo,PPO,47
77627,soldier_caught,0,1,0,0,859,11,5.5,848,,,0.653553307056427,0,1.1451503173289086,0.6375390291213989,1.248600538752036,849,ppo_seed47,ppo,PPO,47
77628,intercepted,1,0,0,0,571,11,5.5,560,571.0,285.5,2.3471386432647705,0,1.1309103456968292,0.8510971665382385,1.229124394408197,561,ppo_seed47,ppo,PPO,47
77629,soldier_caught,0,1,0,0,102,24,12.0,78,,,1.4460184574127197,0,1.1393515554409992,0.8576486706733704,1.233618692469563,79,ppo_seed47,ppo,PPO,47
77630,intercepted,1,0,0,0,154,49,24.5,105,154.0,77.0,13.906269073486328,0,1.0739909060439974,1.0636372566223145,1.1740163494071398,106,ppo_seed47,ppo,PPO,47
77631,intercepted,1,0,0,0,179,12,6.0,167,179.0,89.5,11.396778106689453,0,1.1083728455982746,1.1497986316680908,1.2158166377436692,168,ppo_seed47,ppo,PPO,47
77632,intercepted,1,0,0,0,133,59,29.5,74,133.0,66.5,11.223284721374512,0,1.0364559348424276,1.1474947929382324,1.118449216563614,75,ppo_seed47,ppo,PPO,47
77633,soldier_caught,0,1,0,0,437,9,4.5,428,,,1.4706577062606812,0,1.139168411910117,0.8768190741539001,1.2332924343688694,429,ppo_seed47,ppo,PPO,47
77634,intercepted,1,0,0,0,38,7,3.5,31,38.0,19.0,6.874226093292236,0,0.9947882038541138,1.1518946886062622,1.0907634446228365,32,ppo_seed47,ppo,PPO,47
77635,intercepted,1,0,0,0,12,9,4.5,3,12.0,6.0,4.132414817810059,0,1.051236554980278,1.333363652229309,1.1085176605959586,4,ppo_seed47,ppo,PPO,47
77636,intercepted,1,0,0,0,434,14,7.0,420,434.0,217.0,4.200984477996826,0,1.1111858281220648,0.8421087265014648,1.2102184705098298,421,ppo_seed47,ppo,PPO,47
77637,intercepted,1,0,0,0,354,11,5.5,343,354.0,177.0,2.3660526275634766,0,1.1367854665921524,1.147331714630127,1.221637135255038,344,ppo_seed47,ppo,PPO,47
77638,soldier_caught,0,1,0,0,64,11,5.5,53,,,1.0415574312210083,0,1.179557276820695,1.1817902326583862,1.2584297783116882,54,ppo_seed47,ppo,PPO,47
77639,intercepted,1,0,0,0,299,11,5.5,288,299.0,149.5,7.268332004547119,0,1.1404645007786867,1.3009659051895142,1.245299656222782,289,ppo_seed47,ppo,PPO,47
77640,intercepted,1,0,0,0,190,14,7.0,176,190.0,95.0,11.747087478637695,0,1.1575910449028015,0.9557862281799316,1.2432494156783653,177,ppo_seed47,ppo,PPO,47
77641,soldier_caught,0,1,0,0,584,10,5.0,574,,,1.598562240600586,0,1.1194450229730295,0.6570395827293396,1.2099226568400367,575,ppo_seed47,ppo,PPO,47
77642,intercepted,1,0,0,0,393,11,5.5,382,393.0,196.5,6.814451217651367,0,1.126267571420489,1.1871411800384521,1.215360416402728,383,ppo_seed47,ppo,PPO,47
77643,intercepted,1,0,0,0,14,9,4.5,5,14.0,7.0,7.246947288513184,0,1.1692845275004704,0.45041602849960327,1.3605772208937337,6,ppo_seed47,ppo,PPO,47
77644,intercepted,1,0,0,0,291,26,13.0,265,291.0,145.5,6.399286270141602,0,1.1509636882552527,1.0809170007705688,1.247838909602227,266,ppo_seed47,ppo,PPO,47
77645,intercepted,1,0,0,0,692,9,4.5,683,692.0,346.0,2.6897451877593994,0,1.1493486093673093,0.6318451762199402,1.2503043167778511,684,ppo_seed47,ppo,PPO,47
77646,intercepted,1,0,0,0,164,10,5.0,154,164.0,82.0,2.7882375717163086,0,1.1228845423267733,1.5250256061553955,1.2071023302540593,155,ppo_seed47,ppo,PPO,47
77647,soldier_caught,0,1,0,0,698,13,6.5,685,,,1.9876641035079956,0,1.1291641443641993,1.1267088651657104,1.2210072070888356,686,ppo_seed47,ppo,PPO,47
77648,intercepted,1,0,0,0,12,9,4.5,3,12.0,6.0,3.0645930767059326,0,1.0793508440256119,1.1787995100021362,1.0981212866011192,4,ppo_seed47,ppo,PPO,47
77649,unsafe_intercept,0,0,1,0,15,12,6.0,3,,,3.1855618953704834,0,1.4183307737112045,1.3542206287384033,1.5341642594967546,4,ppo_seed47,ppo,PPO,47
77650,intercepted,1,0,0,0,593,11,5.5,582,593.0,296.5,9.022722244262695,0,1.114237420363144,0.7137564420700073,1.2170184289411334,583,ppo_seed47,ppo,PPO,47
77651,intercepted,1,0,0,0,43,15,7.5,28,43.0,21.5,12.987899780273438,0,1.2119040581686744,1.6992850303649902,1.2947819548698463,29,ppo_seed47,ppo,PPO,47
77652,soldier_caught,0,1,0,0,12,10,5.0,2,,,1.7643905878067017,0,1.0267323851585388,0.8837725520133972,1.0651569059397907,3,ppo_seed47,ppo,PPO,47
77653,intercepted,1,0,0,0,485,16,8.0,469,485.0,242.5,2.9193508625030518,0,1.1403132685321442,1.6186659336090088,1.235441330304429,470,ppo_seed47,ppo,PPO,47
77654,intercepted,1,0,0,0,519,13,6.5,506,519.0,259.5,4.7783026695251465,0,1.187610215163942,1.0469880104064941,1.2822687476010834,507,ppo_seed47,ppo,PPO,47
77655,soldier_caught,0,1,0,0,552,8,4.0,544,,,1.8523198366165161,0,1.113559821275396,0.9721480011940002,1.2028777819737984,545,ppo_seed47,ppo,PPO,47
77656,intercepted,1,0,0,0,195,12,6.0,183,195.0,97.5,5.48037576675415,0,1.1435203036374373,0.45353662967681885,1.2284757272039641,184,ppo_seed47,ppo,PPO,47
77657,soldier_caught,0,1,0,0,158,12,6.0,146,,,1.689825415611267,0,1.062689442010153,1.0664738416671753,1.150961483947054,147,ppo_seed47,ppo,PPO,47
77658,intercepted,1,0,0,0,108,8,4.0,100,108.0,54.0,4.662479400634766,0,1.0686952102892469,1.3292373418807983,1.1588543405237228,101,ppo_seed47,ppo,PPO,47
77659,intercepted,1,0,0,0,578,7,3.5,571,578.0,289.0,3.0994343757629395,0,1.1298205490139397,1.1994190216064453,1.2194949182410424,572,ppo_seed47,ppo,PPO,47
77660,intercepted,1,0,0,0,242,11,5.5,231,242.0,121.0,7.18602180480957,0,1.1507823006410538,0.6600053906440735,1.255909332068433,232,ppo_seed47,ppo,PPO,47
77661,intercepted,1,0,0,0,853,11,5.5,842,853.0,426.5,2.5055315494537354,0,1.1281702622753587,0.7855126857757568,1.223141717951483,843,ppo_seed47,ppo,PPO,47
77662,intercepted,1,0,0,0,191,10,5.0,181,191.0,95.5,10.52211856842041,0,1.1341297368590648,0.7635027766227722,1.2304254709543623,182,ppo_seed47,ppo,PPO,47
77663,soldier_caught,0,1,0,0,941,8,4.0,933,,,1.3034263849258423,0,1.1191802645616664,1.1164281368255615,1.2218474076937282,934,ppo_seed47,ppo,PPO,47
77664,intercepted,1,0,0,0,753,9,4.5,744,753.0,376.5,2.600721836090088,0,1.1357937572986487,1.3515775203704834,1.2272122227632547,745,ppo_seed47,ppo,PPO,47
77665,soldier_caught,0,1,0,0,178,20,10.0,158,,,1.3055473566055298,0,1.1020819713484566,0.9677329063415527,1.1883123861906344,159,ppo_seed47,ppo,PPO,47
77666,intercepted,1,0,0,0,485,16,8.0,469,485.0,242.5,11.16989803314209,0,1.0758367904006167,1.1477079391479492,1.1650550058404225,470,ppo_seed47,ppo,PPO,47
77667,soldier_caught,0,1,0,0,366,12,6.0,354,,,1.3372725248336792,0,1.1102596109601812,1.8107144832611084,1.189069418697086,355,ppo_seed47,ppo,PPO,47
77668,soldier_caught,0,1,0,0,400,13,6.5,387,,,0.9474992156028748,0,1.111917274898475,0.9611599445343018,1.2025009660829087,388,ppo_seed47,ppo,PPO,47
77669,intercepted,1,0,0,0,592,10,5.0,582,592.0,296.0,3.7719874382019043,0,1.1336328273265275,1.16676926612854,1.2248085930238788,583,ppo_seed47,ppo,PPO,47
77670,intercepted,1,0,0,0,562,9,4.5,553,562.0,281.0,8.311312675476074,0,1.1152098005509763,0.9189419150352478,1.2149833382342272,554,ppo_seed47,ppo,PPO,47
77671,intercepted,1,0,0,0,454,12,6.0,442,454.0,227.0,3.8727025985717773,0,1.138742162717788,2.0273678302764893,1.2280780463745893,443,ppo_seed47,ppo,PPO,47
77672,intercepted,1,0,0,0,164,12,6.0,152,164.0,82.0,2.742680072784424,0,1.1066076731175378,1.0039550065994263,1.1888510308387858,153,ppo_seed47,ppo,PPO,47
77673,intercepted,1,0,0,0,67,11,5.5,56,67.0,33.5,8.883734703063965,0,1.132466133226428,0.9290829300880432,1.227745939408202,57,ppo_seed47,ppo,PPO,47
77674,intercepted,1,0,0,0,103,8,4.0,95,103.0,51.5,6.108821868896484,0,1.1742740562185645,1.0900743007659912,1.2593212967948912,96,ppo_seed47,ppo,PPO,47
77675,intercepted,1,0,0,0,1293,13,6.5,1280,1293.0,646.5,2.6911885738372803,0,1.1426906269116386,0.42713892459869385,1.2470058858784,1281,ppo_seed47,ppo,PPO,47
77676,soldier_caught,0,1,0,0,10,8,4.0,2,,,1.9478862285614014,0,1.2782411575317383,1.6496278047561646,1.3218373717790333,3,ppo_seed47,ppo,PPO,47
77677,intercepted,1,0,0,0,372,11,5.5,361,372.0,186.0,2.119001865386963,0,1.0924018109165832,1.8624725341796875,1.183575672296204,362,ppo_seed47,ppo,PPO,47
77678,soldier_caught,0,1,0,0,1182,11,5.5,1171,,,0.9867469072341919,0,1.1172061224592016,0.8161438703536987,1.214433073344407,1172,ppo_seed47,ppo,PPO,47
77679,intercepted,1,0,0,0,638,11,5.5,627,638.0,319.0,4.679747581481934,0,1.100967203023707,0.40900829434394836,1.2072133107266918,628,ppo_seed47,ppo,PPO,47
77680,intercepted,1,0,0,0,220,9,4.5,211,220.0,110.0,7.206958770751953,0,1.1462430960305456,0.9733746647834778,1.2422450017653064,212,ppo_seed47,ppo,PPO,47
77681,intercepted,1,0,0,0,488,33,16.5,455,488.0,244.0,2.2672884464263916,0,1.123059472542975,0.8125501275062561,1.2160460446802905,456,ppo_seed47,ppo,PPO,47
77682,intercepted,1,0,0,0,381,11,5.5,370,381.0,190.5,3.537182569503784,0,1.1616044041080615,0.9097267389297485,1.2659323865296728,371,ppo_seed47,ppo,PPO,47
77683,intercepted,1,0,0,0,412,9,4.5,403,412.0,206.0,3.3938395977020264,0,1.10286290239137,0.33223047852516174,1.198896295548505,404,ppo_seed47,ppo,PPO,47
77684,intercepted,1,0,0,0,12,9,4.5,3,12.0,6.0,3.613524913787842,0,0.8390574157238007,0.7537992000579834,0.8841076173736518,4,ppo_seed47,ppo,PPO,47
77685,intercepted,1,0,0,0,26,11,5.5,15,26.0,13.0,8.64277458190918,0,1.1500641219317913,1.0982691049575806,1.234340619708329,16,ppo_seed47,ppo,PPO,47
77686,intercepted,1,0,0,0,476,11,5.5,465,476.0,238.0,4.059612274169922,0,1.137783450470206,1.4942543506622314,1.229860828857734,466,ppo_seed47,ppo,PPO,47
77687,intercepted,1,0,0,0,589,12,6.0,577,589.0,294.5,2.480654239654541,0,1.135166073727154,0.6195829510688782,1.22321310676701,578,ppo_seed47,ppo,PPO,47
77688,intercepted,1,0,0,0,25,8,4.0,17,25.0,12.5,3.390368938446045,0,1.1480564640627966,1.0242854356765747,1.2725659232280773,18,ppo_seed47,ppo,PPO,47
77689,intercepted,1,0,0,0,487,13,6.5,474,487.0,243.5,6.584227561950684,0,1.1622428052362643,0.9873618483543396,1.2553552389329552,475,ppo_seed47,ppo,PPO,47
77690,intercepted,1,0,0,0,26,12,6.0,14,26.0,13.0,14.653106689453125,0,1.157486875851949,0.8404930830001831,1.2530324093462821,15,ppo_seed47,ppo,PPO,47
77691,intercepted,1,0,0,0,16,11,5.5,5,16.0,8.0,4.8383378982543945,0,1.0141406257947285,0.9322728514671326,1.1404063468094658,6,ppo_seed47,ppo,PPO,47
77692,intercepted,1,0,0,0,190,12,6.0,178,190.0,95.0,5.7150468826293945,0,1.094449481318117,1.6546428203582764,1.1876444532185044,179,ppo_seed47,ppo,PPO,47
77693,soldier_caught,0,1,0,0,58,11,5.5,47,,,1.5690773725509644,0,0.9998813994849721,1.7263915538787842,1.1111420864597932,48,ppo_seed47,ppo,PPO,47
77694,soldier_caught,0,1,0,0,613,10,5.0,603,,,1.3368252515792847,0,1.1309437187055484,0.5561856031417847,1.2216251123727777,604,ppo_seed47,ppo,PPO,47
77695,intercepted,1,0,0,0,899,9,4.5,890,899.0,449.5,7.970697402954102,0,1.1384464089416895,1.7416253089904785,1.239925579449368,891,ppo_seed47,ppo,PPO,47
77696,intercepted,1,0,0,0,178,7,3.5,171,178.0,89.0,9.068079948425293,0,1.1041100516395514,0.396001935005188,1.2161215014859954,172,ppo_seed47,ppo,PPO,47
77697,intercepted,1,0,0,0,562,9,4.5,553,562.0,281.0,3.0254740715026855,0,1.1282218082905462,0.5921486020088196,1.2354067009994807,554,ppo_seed47,ppo,PPO,47
77698,intercepted,1,0,0,0,44,8,4.0,36,44.0,22.0,2.6186957359313965,0,0.9824843966477627,1.3018280267715454,1.0913630450316918,37,ppo_seed47,ppo,PPO,47
77699,soldier_caught,0,1,0,0,227,39,19.5,188,,,1.2070943117141724,0,1.1219694236756632,1.6476891040802002,1.2244596771640623,189,ppo_seed47,ppo,PPO,47
77700,intercepted,1,0,0,0,105,65,32.5,40,105.0,52.5,5.352200984954834,0,1.1114100479498141,1.7869548797607422,1.1826976371030908,41,ppo_seed47,ppo,PPO,47
77701,intercepted,1,0,0,0,24,16,8.0,8,24.0,12.0,14.952938079833984,0,1.4040853646066453,0.4006502628326416,1.5721025811155833,9,ppo_seed47,ppo,PPO,47
77702,intercepted,1,0,0,0,259,12,6.0,247,259.0,129.5,3.009655237197876,0,1.1688884566387823,1.160831093788147,1.2650917797108003,248,ppo_seed47,ppo,PPO,47
77703,intercepted,1,0,0,0,137,14,7.0,123,137.0,68.5,5.584174156188965,0,1.0601884138680273,0.6487317085266113,1.1392561860949972,124,ppo_seed47,ppo,PPO,47
77704,intercepted,1,0,0,0,287,21,10.5,266,287.0,143.5,9.555100440979004,0,1.0950094095330114,1.4131007194519043,1.210212536323597,267,ppo_seed47,ppo,PPO,47
77705,intercepted,1,0,0,0,1122,11,5.5,1111,1122.0,561.0,2.1913228034973145,0,1.1139337884516811,0.7503019571304321,1.2148693014519143,1112,ppo_seed47,ppo,PPO,47
77706,intercepted,1,0,0,0,150,36,18.0,114,150.0,75.0,7.98787260055542,0,1.1527220474637072,0.36166390776634216,1.2571833329947406,115,ppo_seed47,ppo,PPO,47
77707,intercepted,1,0,0,0,411,41,20.5,370,411.0,205.5,4.7904887199401855,0,1.1720701575761214,0.740414559841156,1.2590145404230657,371,ppo_seed47,ppo,PPO,47
77708,intercepted,1,0,0,0,183,22,11.0,161,183.0,91.5,7.126377582550049,0,1.1564542059729128,1.3348289728164673,1.2430787792129336,162,ppo_seed47,ppo,PPO,47
77709,soldier_caught,0,1,0,0,148,8,4.0,140,,,1.9069089889526367,0,1.1718099389938599,1.3172475099563599,1.2569501538139032,141,ppo_seed47,ppo,PPO,47
77710,intercepted,1,0,0,0,223,8,4.0,215,223.0,111.5,6.030790328979492,0,1.1297174501060336,0.5336661338806152,1.241896813767389,216,ppo_seed47,ppo,PPO,47
77711,soldier_caught,0,1,0,0,198,14,7.0,184,,,1.7008750438690186,0,1.1132704670364792,0.9352567791938782,1.2123345790599873,185,ppo_seed47,ppo,PPO,47
77712,intercepted,1,0,0,0,197,52,26.0,145,197.0,98.5,2.329976797103882,0,1.0937803069206133,0.46712931990623474,1.1817867576638108,146,ppo_seed47,ppo,PPO,47
77713,soldier_caught,0,1,0,0,746,9,4.5,737,,,1.163013219833374,0,1.1101912650050025,0.5232701301574707,1.2092917583375693,738,ppo_seed47,ppo,PPO,47
77714,intercepted,1,0,0,0,18,9,4.5,9,18.0,9.0,3.171118974685669,0,0.8781568348407746,0.9011811017990112,0.9220276050741376,10,ppo_seed47,ppo,PPO,47
77715,intercepted,1,0,0,0,37,9,4.5,28,37.0,18.5,4.270247459411621,0,1.1812174505200879,1.1675305366516113,1.2619065842336923,29,ppo_seed47,ppo,PPO,47
77716,intercepted,1,0,0,0,104,18,9.0,86,104.0,52.0,8.287620544433594,0,1.1123957615131619,1.2668070793151855,1.236092374514822,87,ppo_seed47,ppo,PPO,47
77717,intercepted,1,0,0,0,15,12,6.0,3,15.0,7.5,3.4789934158325195,0,1.2606275826692581,1.6246106624603271,1.3054992630903062,4,ppo_seed47,ppo,PPO,47
77718,intercepted,1,0,0,0,150,24,12.0,126,150.0,75.0,2.2253565788269043,0,1.1114590815085126,1.3684500455856323,1.1937530520002542,127,ppo_seed47,ppo,PPO,47
77719,intercepted,1,0,0,0,17,13,6.5,4,17.0,8.5,3.4160642623901367,0,1.472064471244812,1.5675355195999146,1.5588101981217715,5,ppo_seed47,ppo,PPO,47
77720,intercepted,1,0,0,0,101,16,8.0,85,101.0,50.5,4.952470302581787,0,1.077330434391665,1.5074772834777832,1.1345564105816932,86,ppo_seed47,ppo,PPO,47
77721,intercepted,1,0,0,0,287,87,43.5,200,287.0,143.5,11.586334228515625,0,1.1329267111732,0.7516794204711914,1.2327754832153206,201,ppo_seed47,ppo,PPO,47
77722,soldier_caught,0,1,0,0,58,11,5.5,47,,,1.4037114381790161,0,1.0914532734702032,1.7914667129516602,1.180537327674409,48,ppo_seed47,ppo,PPO,47
77723,intercepted,1,0,0,0,43,11,5.5,32,43.0,21.5,9.515748023986816,0,1.3462012617877035,0.954251766204834,1.4347467555879425,33,ppo_seed47,ppo,PPO,47
77724,soldier_caught,0,1,0,0,14,12,6.0,2,,,1.7612665891647339,0,0.8705174922943115,1.4306069612503052,0.9567197791895055,3,ppo_seed47,ppo,PPO,47
77725,intercepted,1,0,0,0,152,15,7.5,137,152.0,76.0,3.092712640762329,0,1.1385530980600826,0.9638668894767761,1.22863296002355,138,ppo_seed47,ppo,PPO,47
77726,intercepted,1,0,0,0,288,10,5.0,278,288.0,144.0,8.98569393157959,0,1.1461401157161242,0.4240592420101166,1.2427403554021201,279,ppo_seed47,ppo,PPO,47
77727,intercepted,1,0,0,0,70,9,4.5,61,70.0,35.0,5.793895244598389,0,1.1285785614482817,0.9127900004386902,1.2179005548830788,62,ppo_seed47,ppo,PPO,47
77728,intercepted,1,0,0,0,177,11,5.5,166,177.0,88.5,4.693751335144043,0,1.0622058497396059,1.7147799730300903,1.1544132671875293,167,ppo_seed47,ppo,PPO,47
77729,intercepted,1,0,0,0,713,83,41.5,630,713.0,356.5,2.5961790084838867,0,1.1550608127069455,0.9523691534996033,1.259625855418521,631,ppo_seed47,ppo,PPO,47
77730,intercepted,1,0,0,0,795,10,5.0,785,795.0,397.5,2.5679166316986084,0,1.0910081127539997,1.2348278760910034,1.185982566012233,786,ppo_seed47,ppo,PPO,47
77731,soldier_caught,0,1,0,0,180,12,6.0,168,,,1.0052560567855835,0,1.184402388184381,0.29353195428848267,1.2823809846771999,169,ppo_seed47,ppo,PPO,47
77732,intercepted,1,0,0,0,109,35,17.5,74,109.0,54.5,8.092097282409668,0,1.1320365552107494,0.48746395111083984,1.20664139416234,75,ppo_seed47,ppo,PPO,47
77733,intercepted,1,0,0,0,427,10,5.0,417,427.0,213.5,3.1737780570983887,0,1.1201245648403202,0.6603872179985046,1.2170127990900754,418,ppo_seed47,ppo,PPO,47
77734,soldier_caught,0,1,0,0,888,13,6.5,875,,,1.5844966173171997,0,1.1144376501151825,1.5105547904968262,1.210337757719587,876,ppo_seed47,ppo,PPO,47
77735,soldier_caught,0,1,0,0,66,46,23.0,20,,,1.0169655084609985,0,1.1589316633485613,0.3304261267185211,1.2704626840913065,21,ppo_seed47,ppo,PPO,47
77736,intercepted,1,0,0,0,258,30,15.0,228,258.0,129.0,5.02273416519165,0,1.1472028171131183,0.972419798374176,1.2434920901179385,229,ppo_seed47,ppo,PPO,47
77737,intercepted,1,0,0,0,627,94,47.0,533,627.0,313.5,6.392384052276611,0,1.1198750223113356,0.8702388405799866,1.2225552945309446,534,ppo_seed47,ppo,PPO,47
77738,intercepted,1,0,0,0,100,14,7.0,86,100.0,50.0,3.787710189819336,0,1.0871247782789428,0.8893351554870605,1.166353123991367,87,ppo_seed47,ppo,PPO,47
77739,soldier_caught,0,1,0,0,633,8,4.0,625,,,1.7759733200073242,0,1.1210096314097175,1.1510156393051147,1.215575308313856,626,ppo_seed47,ppo,PPO,47
77740,intercepted,1,0,0,0,10,8,4.0,2,10.0,5.0,4.2572736740112305,0,1.1800611813863118,1.024554967880249,1.1903129173402243,3,ppo_seed47,ppo,PPO,47
77741,intercepted,1,0,0,0,388,39,19.5,349,388.0,194.0,5.831215858459473,0,1.1447081307002476,1.2046349048614502,1.2374387396628026,350,ppo_seed47,ppo,PPO,47
77742,soldier_caught,0,1,0,0,101,9,4.5,92,,,1.324040174484253,0,1.145904206140067,1.4387544393539429,1.253100156193361,93,ppo_seed47,ppo,PPO,47
77743,intercepted,1,0,0,0,186,9,4.5,177,186.0,93.0,2.6460254192352295,0,1.1376107741942567,0.803260087966919,1.2186624901169896,178,ppo_seed47,ppo,PPO,47
77744,intercepted,1,0,0,0,197,14,7.0,183,197.0,98.5,7.220139026641846,0,1.1672636905847036,1.8922022581100464,1.266848515942734,184,ppo_seed47,ppo,PPO,47
77745,intercepted,1,0,0,0,15,8,4.0,7,15.0,7.5,8.301382064819336,0,1.2014788761734962,1.977522850036621,1.2674715313760372,8,ppo_seed47,ppo,PPO,47
77746,intercepted,1,0,0,0,311,31,15.5,280,311.0,155.5,4.423425197601318,0,1.1346461628944848,0.6886792778968811,1.2273186279631845,281,ppo_seed47,ppo,PPO,47
77747,intercepted,1,0,0,0,1100,9,4.5,1091,1100.0,550.0,2.1365959644317627,0,1.1313111156484474,2.710865020751953,1.227974846141396,1092,ppo_seed47,ppo,PPO,47
77748,soldier_caught,0,1,0,0,41,14,7.0,27,,,1.409148097038269,0,0.9757345329437938,0.924227774143219,1.045535765303888,28,ppo_seed47,ppo,PPO,47
77749,intercepted,1,0,0,0,539,13,6.5,526,539.0,269.5,2.47074031829834,0,1.1204856318868768,0.5916083455085754,1.212945360668085,527,ppo_seed47,ppo,PPO,47
77750,intercepted,1,0,0,0,252,14,7.0,238,252.0,126.0,2.804149866104126,0,1.1269165559293834,0.7326545715332031,1.2226083561728458,239,ppo_seed47,ppo,PPO,47
77751,intercepted,1,0,0,0,33,31,15.5,2,33.0,16.5,3.754671096801758,0,1.2485749920209248,1.8995945453643799,1.3316029969509422,3,ppo_seed47,ppo,PPO,47
77752,intercepted,1,0,0,0,759,16,8.0,743,759.0,379.5,3.2550110816955566,0,1.1167102484032512,0.38602930307388306,1.2079546682943847,744,ppo_seed47,ppo,PPO,47
77753,intercepted,1,0,0,0,48,40,20.0,8,48.0,24.0,13.70931625366211,0,1.2152104245291815,0.8899540901184082,1.2553864295168522,9,ppo_seed47,ppo,PPO,47
77754,soldier_caught,0,1,0,0,15,13,6.5,2,,,1.2344040870666504,0,1.2216454148292542,1.4621433019638062,1.3145821264068787,3,ppo_seed47,ppo,PPO,47
77755,soldier_caught,0,1,0,0,280,15,7.5,265,,,1.9823012351989746,0,1.148217512476713,0.9127325415611267,1.2528063483537535,266,ppo_seed47,ppo,PPO,47
77756,soldier_caught,0,1,0,0,219,18,9.0,201,,,0.2572471797466278,0,1.184730580021249,2.0441181659698486,1.2770677506814392,202,ppo_seed47,ppo,PPO,47
77757,soldier_caught,0,1,0,0,127,76,38.0,51,,,1.5428400039672852,0,1.0892283647106245,1.121103048324585,1.1682284522969204,52,ppo_seed47,ppo,PPO,47
77758,intercepted,1,0,0,0,282,23,11.5,259,282.0,141.0,9.134025573730469,0,1.1179771886995205,1.3184772729873657,1.2102623136244877,260,ppo_seed47,ppo,PPO,47
77759,intercepted,1,0,0,0,316,10,5.0,306,316.0,158.0,6.168529033660889,0,1.11862084356892,0.6384797692298889,1.2099293089587286,307,ppo_seed47,ppo,PPO,47
77760,intercepted,1,0,0,0,692,13,6.5,679,692.0,346.0,3.010744333267212,0,1.1001787741065903,1.0774320363998413,1.1901716377952933,680,ppo_seed47,ppo,PPO,47
77761,intercepted,1,0,0,0,491,7,3.5,484,491.0,245.5,5.3375020027160645,0,1.1215615724472656,1.2213793992996216,1.2060649002993455,485,ppo_seed47,ppo,PPO,47
77762,intercepted,1,0,0,0,241,10,5.0,231,241.0,120.5,5.118968486785889,0,1.1039779099860583,1.633616328239441,1.2063177271610808,232,ppo_seed47,ppo,PPO,47
77763,intercepted,1,0,0,0,863,10,5.0,853,863.0,431.5,2.132422685623169,0,1.153452500907063,0.708952784538269,1.2483697630518045,854,ppo_seed47,ppo,PPO,47
77764,intercepted,1,0,0,0,777,14,7.0,763,777.0,388.5,2.1487464904785156,0,1.139363775946473,1.1272823810577393,1.2365981296362187,764,ppo_seed47,ppo,PPO,47
77765,intercepted,1,0,0,0,199,8,4.0,191,199.0,99.5,5.679841041564941,0,1.0488168882050861,1.5460124015808105,1.1277253561012834,192,ppo_seed47,ppo,PPO,47
77766,intercepted,1,0,0,0,519,16,8.0,503,519.0,259.5,5.395786285400391,0,1.1163004080040588,1.4793345928192139,1.2146113890931678,504,ppo_seed47,ppo,PPO,47
77767,intercepted,1,0,0,0,231,11,5.5,220,231.0,115.5,8.197922706604004,0,1.1270001362082105,1.0457054376602173,1.2443490058147253,221,ppo_seed47,ppo,PPO,47
77768,intercepted,1,0,0,0,122,36,18.0,86,122.0,61.0,7.979282855987549,0,1.1608351619764306,1.8866019248962402,1.2465066851021918,87,ppo_seed47,ppo,PPO,47
77769,soldier_caught,0,1,0,0,88,16,8.0,72,,,0.9200639724731445,0,1.1449389518940285,0.7009692788124084,1.231676114190983,73,ppo_seed47,ppo,PPO,47
77770,soldier_caught,0,1,0,0,12,10,5.0,2,,,1.589156150817871,0,1.167538046836853,1.5434738397598267,1.2158428790179017,3,ppo_seed47,ppo,PPO,47
77771,intercepted,1,0,0,0,17,9,4.5,8,17.0,8.5,8.277958869934082,0,0.8805649942821927,0.8005161881446838,0.903873333967372,9,ppo_seed47,ppo,PPO,47
77772,intercepted,1,0,0,0,243,33,16.5,210,243.0,121.5,9.212498664855957,0,1.086746155262276,0.45263272523880005,1.181496800799233,211,ppo_seed47,ppo,PPO,47
77773,soldier_caught,0,1,0,0,96,53,26.5,43,,,1.848667025566101,0,1.066539998758923,1.0007933378219604,1.1869747621120676,44,ppo_seed47,ppo,PPO,47
77774,unsafe_intercept,0,0,1,0,11,9,4.5,2,,,2.641862630844116,0,1.5507570902506511,0.42786121368408203,1.8048587334844557,3,ppo_seed47,ppo,PPO,47
77775,intercepted,1,0,0,0,97,7,3.5,90,97.0,48.5,6.738709449768066,0,1.13972726890019,1.938349962234497,1.2586201144937121,91,ppo_seed47,ppo,PPO,47
77776,intercepted,1,0,0,0,199,10,5.0,189,199.0,99.5,8.3934326171875,0,1.168433763165223,0.8778933882713318,1.2495524320629123,190,ppo_seed47,ppo,PPO,47
77777,soldier_caught,0,1,0,0,1078,41,20.5,1037,,,0.6263056397438049,0,1.120832196836986,1.433476209640503,1.2194544306705242,1038,ppo_seed47,ppo,PPO,47
77778,intercepted,1,0,0,0,241,11,5.5,230,241.0,120.5,3.898056983947754,0,1.0873328615060616,1.3235291242599487,1.1845279198587162,231,ppo_seed47,ppo,PPO,47
77779,soldier_caught,0,1,0,0,361,14,7.0,347,,,1.1808805465698242,0,1.0831496804503018,1.4477242231369019,1.1800514297777716,348,ppo_seed47,ppo,PPO,47
77780,intercepted,1,0,0,0,99,46,23.0,53,99.0,49.5,9.203315734863281,0,1.1441199876092099,1.5097824335098267,1.2321903283249842,54,ppo_seed47,ppo,PPO,47
77781,intercepted,1,0,0,0,29,21,10.5,8,29.0,14.5,14.196233749389648,0,1.0980100764168634,1.0897564888000488,1.1440645996920733,9,ppo_seed47,ppo,PPO,47
77782,intercepted,1,0,0,0,474,9,4.5,465,474.0,237.0,2.175663471221924,0,1.1478143368923612,1.090342402458191,1.240376492693397,466,ppo_seed47,ppo,PPO,47
77783,soldier_caught,0,1,0,0,66,15,7.5,51,,,1.4048813581466675,0,1.0204269622380917,1.6937474012374878,1.1230850198961342,52,ppo_seed47,ppo,PPO,47
77784,soldier_caught,0,1,0,0,13,11,5.5,2,,,0.7773277163505554,0,1.560865581035614,0.9591440558433533,1.6515658816933916,3,ppo_seed47,ppo,PPO,47
77785,soldier_caught,0,1,0,0,310,14,7.0,296,,,1.887860894203186,0,1.1206175395936677,1.318624496459961,1.2283204160729797,297,ppo_seed47,ppo,PPO,47
77786,soldier_caught,0,1,0,0,988,89,44.5,899,,,1.824986219406128,0,1.1361269756158192,1.1076020002365112,1.224229187029632,900,ppo_seed47,ppo,PPO,47
77787,intercepted,1,0,0,0,569,22,11.0,547,569.0,284.5,2.5102150440216064,0,1.0719301111411548,1.2953788042068481,1.1752484518672888,548,ppo_seed47,ppo,PPO,47
77788,soldier_caught,0,1,0,0,678,13,6.5,665,,,1.9523650407791138,0,1.1185117177609298,1.2990612983703613,1.216705748991402,666,ppo_seed47,ppo,PPO,47
77789,intercepted,1,0,0,0,356,8,4.0,348,356.0,178.0,2.1637697219848633,0,1.1573659137190242,0.20596861839294434,1.2565467813600966,349,ppo_seed47,ppo,PPO,47
77790,intercepted,1,0,0,0,17,13,6.5,4,17.0,8.5,3.311685085296631,0,0.9097514271736145,0.5666278004646301,0.9708555333378527,5,ppo_seed47,ppo,PPO,47
77791,intercepted,1,0,0,0,272,32,16.0,240,272.0,136.0,8.223528861999512,0,1.066397100687027,0.875489354133606,1.1561471011594155,241,ppo_seed47,ppo,PPO,47
77792,intercepted,1,0,0,0,236,22,11.0,214,236.0,118.0,2.440912961959839,0,1.0772679935361065,1.7676788568496704,1.172331948434462,215,ppo_seed47,ppo,PPO,47
77793,intercepted,1,0,0,0,866,9,4.5,857,866.0,433.0,2.3562448024749756,0,1.129020302411004,1.1270583868026733,1.2263381203427377,858,ppo_seed47,ppo,PPO,47
77794,intercepted,1,0,0,0,618,13,6.5,605,618.0,309.0,3.213439464569092,0,1.1353550752864616,0.9226208925247192,1.2378984209115975,606,ppo_seed47,ppo,PPO,47
77795,intercepted,1,0,0,0,76,13,6.5,63,76.0,38.0,9.542860984802246,0,1.1756535391323268,1.0346451997756958,1.2522527599030986,64,ppo_seed47,ppo,PPO,47
77796,intercepted,1,0,0,0,11,7,3.5,4,11.0,5.5,4.849126815795898,0,0.7604265093803406,0.5663812160491943,0.7920588348762312,5,ppo_seed47,ppo,PPO,47
77797,intercepted,1,0,0,0,375,9,4.5,366,375.0,187.5,2.6288247108459473,0,1.14307044409926,1.4124348163604736,1.2312520289292312,367,ppo_seed47,ppo,PPO,47
77798,intercepted,1,0,0,0,491,10,5.0,481,491.0,245.5,6.363501071929932,0,1.1222212818833803,1.5170594453811646,1.2156719846685216,482,ppo_seed47,ppo,PPO,47
77799,intercepted,1,0,0,0,29,21,10.5,8,29.0,14.5,14.24878215789795,0,1.1896372205681272,2.003364324569702,1.2917236987143899,9,ppo_seed47,ppo,PPO,47
77800,soldier_caught,0,1,0,0,515,57,28.5,458,,,1.255947232246399,0,1.1323114688100377,0.9520624279975891,1.2271556018118983,459,ppo_seed47,ppo,PPO,47
77801,intercepted,1,0,0,0,25,17,8.5,8,25.0,12.5,11.173639297485352,0,0.9600469138887193,0.8278168439865112,1.0063486087740658,9,ppo_seed47,ppo,PPO,47
77802,intercepted,1,0,0,0,16,11,5.5,5,16.0,8.0,8.871920585632324,0,1.1017156094312668,0.8352334499359131,1.2348757094571692,6,ppo_seed47,ppo,PPO,47
77803,soldier_caught,0,1,0,0,32,8,4.0,24,,,1.0561349391937256,0,1.0963268506526946,1.045519232749939,1.2018486742238244,25,ppo_seed47,ppo,PPO,47
77804,soldier_caught,0,1,0,0,1209,31,15.5,1178,,,0.8172891139984131,0,1.1266028537107686,0.9128960371017456,1.2260976523984954,1179,ppo_seed47,ppo,PPO,47
77805,intercepted,1,0,0,0,41,14,7.0,27,41.0,20.5,10.70037841796875,0,1.0790793469973974,1.4983986616134644,1.1827068780864174,28,ppo_seed47,ppo,PPO,47
77806,soldier_caught,0,1,0,0,540,16,8.0,524,,,1.7583142518997192,0,1.150009307123366,0.6325883865356445,1.2524479555713983,525,ppo_seed47,ppo,PPO,47
77807,soldier_caught,0,1,0,0,223,7,3.5,216,,,0.8921836018562317,0,1.1994414431845537,0.9392570853233337,1.311405627958463,217,ppo_seed47,ppo,PPO,47
77808,intercepted,1,0,0,0,540,7,3.5,533,540.0,270.0,6.235215187072754,0,1.110213737279065,1.4571951627731323,1.2053764110443452,534,ppo_seed47,ppo,PPO,47
77809,soldier_caught,0,1,0,0,59,10,5.0,49,,,0.5963822603225708,0,1.0663668900728225,2.038648843765259,1.158353214256677,50,ppo_seed47,ppo,PPO,47
77810,intercepted,1,0,0,0,340,8,4.0,332,340.0,170.0,3.9457273483276367,0,1.1329464180333477,2.0566678047180176,1.2282215817980555,333,ppo_seed47,ppo,PPO,47
77811,intercepted,1,0,0,0,422,40,20.0,382,422.0,211.0,2.2861459255218506,0,1.1201320259829415,1.1397039890289307,1.2216487197698274,383,ppo_seed47,ppo,PPO,47
77812,soldier_caught,0,1,0,0,115,16,8.0,99,,,1.7328475713729858,0,1.1469779116660357,1.2360131740570068,1.249521046519449,100,ppo_seed47,ppo,PPO,47
77813,intercepted,1,0,0,0,280,41,20.5,239,280.0,140.0,7.07943868637085,0,1.148930657034119,0.6326495409011841,1.247413082893938,240,ppo_seed47,ppo,PPO,47
77814,soldier_caught,0,1,0,0,343,9,4.5,334,,,1.9669173955917358,0,1.1598986065654613,1.1653856039047241,1.258721150597098,335,ppo_seed47,ppo,PPO,47
77815,soldier_caught,0,1,0,0,108,11,5.5,97,,,1.4687212705612183,0,1.011196651781092,0.46683770418167114,1.111217075810444,98,ppo_seed47,ppo,PPO,47
77816,soldier_caught,0,1,0,0,103,9,4.5,94,,,1.3906065225601196,0,1.1850816839619687,1.2188770771026611,1.2638003821664787,95,ppo_seed47,ppo,PPO,47
77817,intercepted,1,0,0,0,502,8,4.0,494,502.0,251.0,4.682412624359131,0,1.1134938810509865,0.4673188328742981,1.2153898230528324,495,ppo_seed47,ppo,PPO,47
77818,intercepted,1,0,0,0,431,9,4.5,422,431.0,215.5,10.233037948608398,0,1.1457833799029356,1.6119709014892578,1.233145146500106,423,ppo_seed47,ppo,PPO,47
77819,intercepted,1,0,0,0,208,14,7.0,194,208.0,104.0,10.408295631408691,0,1.1494966287643482,1.077473759651184,1.2450510832005424,195,ppo_seed47,ppo,PPO,47
77820,intercepted,1,0,0,0,521,11,5.5,510,521.0,260.5,2.413228750228882,0,1.1365533919891966,1.7608082294464111,1.2342361378054,511,ppo_seed47,ppo,PPO,47
77821,soldier_caught,0,1,0,0,340,17,8.5,323,,,0.48284006118774414,0,1.140921799397027,1.1557687520980835,1.229435836244245,324,ppo_seed47,ppo,PPO,47
77822,intercepted,1,0,0,0,824,8,4.0,816,824.0,412.0,3.0748870372772217,0,1.115409924002362,1.2012438774108887,1.211276396298316,817,ppo_seed47,ppo,PPO,47
77823,soldier_caught,0,1,0,0,60,8,4.0,52,,,1.834483027458191,0,1.2263278848720047,2.0995864868164062,1.3395381671208604,53,ppo_seed47,ppo,PPO,47
77824,soldier_caught,0,1,0,0,1335,11,5.5,1324,,,0.5337653160095215,0,1.1417541090666123,1.5531673431396484,1.2409215412768146,1325,ppo_seed47,ppo,PPO,47
77825,intercepted,1,0,0,0,183,13,6.5,170,183.0,91.5,2.494795322418213,0,1.087077400402019,2.0971333980560303,1.1705106956935807,171,ppo_seed47,ppo,PPO,47
77826,soldier_caught,0,1,0,0,17,15,7.5,2,,,1.6280845403671265,0,1.1914690136909485,1.4819326400756836,1.2332820813552976,3,ppo_seed47,ppo,PPO,47
77827,intercepted,1,0,0,0,97,9,4.5,88,97.0,48.5,4.3557448387146,0,1.1151405179433609,0.9695533514022827,1.2022064291273593,89,ppo_seed47,ppo,PPO,47
77828,soldier_caught,0,1,0,0,189,9,4.5,180,,,1.4146788120269775,0,1.1096688076771426,0.7809411883354187,1.2089689509105237,181,ppo_seed47,ppo,PPO,47
77829,soldier_caught,0,1,0,0,16,14,7.0,2,,,1.3132644891738892,0,0.9781937599182129,0.6180407404899597,1.061576197902629,3,ppo_seed47,ppo,PPO,47
77830,intercepted,1,0,0,0,98,65,32.5,33,98.0,49.0,4.670938491821289,0,1.2435799083288979,1.5253784656524658,1.3315525713639176,34,ppo_seed47,ppo,PPO,47
77831,soldier_caught,0,1,0,0,1024,10,5.0,1014,,,1.9631694555282593,0,1.0984743665885455,0.2109455168247223,1.1936579608292845,1015,ppo_seed47,ppo,PPO,47
77832,intercepted,1,0,0,0,164,8,4.0,156,164.0,82.0,3.0044777393341064,0,1.0856857921477336,1.7415441274642944,1.1862775578977616,157,ppo_seed47,ppo,PPO,47
77833,intercepted,1,0,0,0,34,10,5.0,24,34.0,17.0,4.334897994995117,0,1.079177689552307,1.8252849578857422,1.2279368602119256,25,ppo_seed47,ppo,PPO,47
77834,soldier_caught,0,1,0,0,272,10,5.0,262,,,0.775512158870697,0,1.1216003680070543,1.3491837978363037,1.2174084603283486,263,ppo_seed47,ppo,PPO,47
77835,soldier_caught,0,1,0,0,36,9,4.5,27,,,1.5815225839614868,0,1.0901609041861124,0.36082038283348083,1.19799522222324,28,ppo_seed47,ppo,PPO,47
77836,intercepted,1,0,0,0,12,8,4.0,4,12.0,6.0,3.101268768310547,0,1.3892414569854736,1.7056306600570679,1.418708147693553,5,ppo_seed47,ppo,PPO,47
77837,intercepted,1,0,0,0,19,12,6.0,7,19.0,9.5,7.324131011962891,0,1.2014684304594994,0.8992734551429749,1.222146755914775,8,ppo_seed47,ppo,PPO,47
77838,soldier_caught,0,1,0,0,33,9,4.5,24,,,0.8705636262893677,0,1.1491798734664918,0.45167338848114014,1.2348735592197102,25,ppo_seed47,ppo,PPO,47
77839,intercepted,1,0,0,0,128,9,4.5,119,128.0,64.0,9.244150161743164,0,1.1587104968726636,0.7884302735328674,1.250708066502329,120,ppo_seed47,ppo,PPO,47
77840,intercepted,1,0,0,0,26,17,8.5,9,26.0,13.0,10.837512016296387,0,0.9472643792629242,1.5288896560668945,1.0675516484580247,10,ppo_seed47,ppo,PPO,47
77841,intercepted,1,0,0,0,113,16,8.0,97,113.0,56.5,3.810544490814209,0,1.1703616876383216,1.8545942306518555,1.2636019091779236,98,ppo_seed47,ppo,PPO,47
77842,intercepted,1,0,0,0,284,9,4.5,275,284.0,142.0,6.637091636657715,0,1.0790185007280197,1.0592619180679321,1.1830661437082675,276,ppo_seed47,ppo,PPO,47
77843,intercepted,1,0,0,0,511,99,49.5,412,511.0,255.5,8.104281425476074,0,1.1460099605433012,0.37568309903144836,1.248637584473601,413,ppo_seed47,ppo,PPO,47
77844,soldier_caught,0,1,0,0,185,9,4.5,176,,,1.6647834777832031,0,1.122955406368789,0.5281060934066772,1.237492328243468,177,ppo_seed47,ppo,PPO,47
77845,intercepted,1,0,0,0,807,14,7.0,793,807.0,403.5,2.363419532775879,0,1.112876992860354,0.9945926070213318,1.2081915673425783,794,ppo_seed47,ppo,PPO,47
77846,intercepted,1,0,0,0,485,9,4.5,476,485.0,242.5,3.850769281387329,0,1.1306762608623355,1.126039743423462,1.2234376099821722,477,ppo_seed47,ppo,PPO,47
77847,soldier_caught,0,1,0,0,478,59,29.5,419,,,0.30995839834213257,0,1.1211496837969337,1.786566972732544,1.2226401525426673,420,ppo_seed47,ppo,PPO,47
77848,intercepted,1,0,0,0,587,28,14.0,559,587.0,293.5,3.0780746936798096,0,1.1244358513437744,1.0210940837860107,1.2125738257010914,560,ppo_seed47,ppo,PPO,47
77849,intercepted,1,0,0,0,870,11,5.5,859,870.0,435.0,2.9437365531921387,0,1.158580817750027,1.043255090713501,1.2548566486476223,860,ppo_seed47,ppo,PPO,47
77850,intercepted,1,0,0,0,401,13,6.5,388,401.0,200.5,8.161035537719727,0,1.143953726729881,0.45941266417503357,1.2361736642295542,389,ppo_seed47,ppo,PPO,47
77851,intercepted,1,0,0,0,1924,8,4.0,1916,1924.0,962.0,2.9020285606384277,0,1.1225551597513628,0.766034722328186,1.216754669660119,1917,ppo_seed47,ppo,PPO,47
77852,intercepted,1,0,0,0,551,13,6.5,538,551.0,275.5,3.7069027423858643,0,1.1232043353768137,0.842726469039917,1.2105105863299608,539,ppo_seed47,ppo,PPO,47
77853,intercepted,1,0,0,0,147,10,5.0,137,147.0,73.5,7.746578216552734,0,1.1284926624401757,0.421324223279953,1.2069739513182538,138,ppo_seed47,ppo,PPO,47
77854,soldier_caught,0,1,0,0,963,11,5.5,952,,,1.8885149955749512,0,1.1630024510628278,1.3976539373397827,1.2611699436594268,953,ppo_seed47,ppo,PPO,47
77855,intercepted,1,0,0,0,20,17,8.5,3,20.0,10.0,3.3433444499969482,0,0.9347089231014252,0.7346448302268982,0.9621994989964817,4,ppo_seed47,ppo,PPO,47
77856,intercepted,1,0,0,0,1450,8,4.0,1442,1450.0,725.0,2.329233407974243,0,1.1157781876060835,1.1645199060440063,1.211555233161312,1443,ppo_seed47,ppo,PPO,47
77857,intercepted,1,0,0,0,19,9,4.5,10,19.0,9.5,6.528724670410156,0,1.1774952736767856,1.0509858131408691,1.2545284207952256,11,ppo_seed47,ppo,PPO,47
77858,intercepted,1,0,0,0,1383,10,5.0,1373,1383.0,691.5,4.160625457763672,0,1.1372252523660487,0.5143367648124695,1.2349151534648979,1374,ppo_seed47,ppo,PPO,47
77859,soldier_caught,0,1,0,0,469,11,5.5,458,,,0.7160747051239014,0,1.1353499267355809,1.3046690225601196,1.236667561573231,459,ppo_seed47,ppo,PPO,47
77860,intercepted,1,0,0,0,236,9,4.5,227,236.0,118.0,2.175665855407715,0,1.1124424516762559,1.3364415168762207,1.2106685722143395,228,ppo_seed47,ppo,PPO,47
77861,intercepted,1,0,0,0,898,14,7.0,884,898.0,449.0,7.827017784118652,0,1.1149005973406432,1.9347028732299805,1.207492160192067,885,ppo_seed47,ppo,PPO,47
77862,soldier_caught,0,1,0,0,239,16,8.0,223,,,0.900035560131073,0,1.080398014413991,1.0195766687393188,1.1681117564286954,224,ppo_seed47,ppo,PPO,47
77863,intercepted,1,0,0,0,107,15,7.5,92,107.0,53.5,9.476853370666504,0,1.1261316707698248,1.1429846286773682,1.2117406996443407,93,ppo_seed47,ppo,PPO,47
77864,soldier_caught,0,1,0,0,11,9,4.5,2,,,1.984168291091919,0,0.7688916921615601,0.9717588424682617,0.7844238558720417,3,ppo_seed47,ppo,PPO,47
77865,intercepted,1,0,0,0,296,27,13.5,269,296.0,148.0,8.97029972076416,0,1.1375508843196762,1.1280381679534912,1.2346678452013062,270,ppo_seed47,ppo,PPO,47
77866,intercepted,1,0,0,0,38,30,15.0,8,38.0,19.0,9.153388023376465,0,1.0072859343555238,1.1510040760040283,1.09035520069104,9,ppo_seed47,ppo,PPO,47
77867,intercepted,1,0,0,0,183,14,7.0,169,183.0,91.5,3.496199131011963,0,1.1624982650665676,0.5394608378410339,1.2709765332153977,170,ppo_seed47,ppo,PPO,47
77868,soldier_caught,0,1,0,0,736,10,5.0,726,,,1.0509074926376343,0,1.1215671777233296,1.2908306121826172,1.2187503113827245,727,ppo_seed47,ppo,PPO,47
77869,intercepted,1,0,0,0,676,103,51.5,573,676.0,338.0,2.624640464782715,0,1.1593167437857037,1.569211721420288,1.2466005260384199,574,ppo_seed47,ppo,PPO,47
77870,intercepted,1,0,0,0,18,14,7.0,4,18.0,9.0,5.977392673492432,0,0.9578452467918396,0.7590717673301697,1.093070114485915,5,ppo_seed47,ppo,PPO,47
77871,intercepted,1,0,0,0,392,9,4.5,383,392.0,196.0,10.015175819396973,0,1.1101334256042417,0.6085903644561768,1.2077179531007682,384,ppo_seed47,ppo,PPO,47
77872,intercepted,1,0,0,0,229,10,5.0,219,229.0,114.5,6.176934242248535,0,1.0910278846255757,1.1647652387619019,1.1938359730542605,220,ppo_seed47,ppo,PPO,47
77873,intercepted,1,0,0,0,801,9,4.5,792,801.0,400.5,4.426515579223633,0,1.1455569509675194,0.8893819451332092,1.2387844828679686,793,ppo_seed47,ppo,PPO,47
77874,soldier_caught,0,1,0,0,1469,9,4.5,1460,,,0.38046959042549133,0,1.112774490932746,0.3269193470478058,1.2060079201971305,1461,ppo_seed47,ppo,PPO,47
77875,intercepted,1,0,0,0,568,11,5.5,557,568.0,284.0,3.158902168273926,0,1.1375843383718989,1.236958622932434,1.218329386286879,558,ppo_seed47,ppo,PPO,47
77876,timeout,0,0,0,1,2000,14,7.0,1986,,,2.2518229484558105,0,1.1238550469316786,0.22354362905025482,1.2223829129721366,1987,ppo_seed47,ppo,PPO,47
77877,intercepted,1,0,0,0,38,20,10.0,18,38.0,19.0,7.967845916748047,0,1.3763844402212846,0.8913587331771851,1.4840870111473141,19,ppo_seed47,ppo,PPO,47
77878,soldier_caught,0,1,0,0,253,17,8.5,236,,,1.966560959815979,0,1.1139541923732572,1.3211281299591064,1.2067488883295316,237,ppo_seed47,ppo,PPO,47
77879,soldier_caught,0,1,0,0,840,9,4.5,831,,,1.174699068069458,0,1.1510816709711575,0.639411985874176,1.2448507799127508,832,ppo_seed47,ppo,PPO,47
77880,intercepted,1,0,0,0,41,9,4.5,32,41.0,20.5,6.842221260070801,0,1.0722115951957125,0.514909565448761,1.1485910209661578,33,ppo_seed47,ppo,PPO,47
77881,intercepted,1,0,0,0,98,8,4.0,90,98.0,49.0,2.0461843013763428,0,1.0941926717430681,0.7988024950027466,1.1700879187839563,91,ppo_seed47,ppo,PPO,47
77882,intercepted,1,0,0,0,349,11,5.5,338,349.0,174.5,2.5236494541168213,0,1.1221464921591204,1.1303142309188843,1.2208918823956718,339,ppo_seed47,ppo,PPO,47
77883,intercepted,1,0,0,0,41,10,5.0,31,41.0,20.5,7.548503398895264,0,1.087444880977273,1.4731589555740356,1.222891973417454,32,ppo_seed47,ppo,PPO,47
77884,soldier_caught,0,1,0,0,452,19,9.5,433,,,1.1189194917678833,0,1.1397555139825641,0.5254650115966797,1.2345341637779712,434,ppo_seed47,ppo,PPO,47
77885,soldier_caught,0,1,0,0,344,74,37.0,270,,,1.5540833473205566,0,1.129611338306617,1.7384519577026367,1.2161224884092896,271,ppo_seed47,ppo,PPO,47
77886,soldier_caught,0,1,0,0,843,10,5.0,833,,,1.631934642791748,0,1.1304899070152847,1.5115501880645752,1.2315417160044047,834,ppo_seed47,ppo,PPO,47
77887,intercepted,1,0,0,0,433,10,5.0,423,433.0,216.5,2.9918229579925537,0,1.160073313106484,1.2709146738052368,1.2525346611955166,424,ppo_seed47,ppo,PPO,47
77888,intercepted,1,0,0,0,192,12,6.0,180,192.0,96.0,9.080216407775879,0,1.0390341878760585,1.0315537452697754,1.1423064323645646,181,ppo_seed47,ppo,PPO,47
77889,soldier_caught,0,1,0,0,458,9,4.5,449,,,1.366612195968628,0,1.150965294357803,1.9485511779785156,1.2517496776223427,450,ppo_seed47,ppo,PPO,47
77890,soldier_caught,0,1,0,0,86,10,5.0,76,,,1.8380666971206665,0,1.1234625028325367,1.2850444316864014,1.2211979746237744,77,ppo_seed47,ppo,PPO,47
77891,intercepted,1,0,0,0,158,11,5.5,147,158.0,79.0,3.681096076965332,0,1.1478558663983602,0.9589494466781616,1.2399079191317635,148,ppo_seed47,ppo,PPO,47
77892,intercepted,1,0,0,0,270,12,6.0,258,270.0,135.0,2.510864019393921,0,1.1354473443220021,0.4508615732192993,1.2300486362133638,259,ppo_seed47,ppo,PPO,47
77893,intercepted,1,0,0,0,1216,66,33.0,1150,1216.0,608.0,2.7254395484924316,0,1.1413556590132563,0.6955355405807495,1.2415257269202666,1151,ppo_seed47,ppo,PPO,47
77894,soldier_caught,0,1,0,0,411,83,41.5,328,,,1.4471009969711304,0,1.1338547789760636,1.0546650886535645,1.2242626423449567,329,ppo_seed47,ppo,PPO,47
77895,soldier_caught,0,1,0,0,352,9,4.5,343,,,1.6131457090377808,0,1.1632438522741892,1.3907582759857178,1.2603328234837272,344,ppo_seed47,ppo,PPO,47
77896,intercepted,1,0,0,0,89,9,4.5,80,89.0,44.5,6.846903324127197,0,1.1641686521010635,1.2349599599838257,1.2479963297427685,81,ppo_seed47,ppo,PPO,47
77897,intercepted,1,0,0,0,729,9,4.5,720,729.0,364.5,2.0731611251831055,0,1.1550107275894048,1.2062463760375977,1.2469540096925973,721,ppo_seed47,ppo,PPO,47
77898,soldier_caught,0,1,0,0,13,10,5.0,3,,,1.1719236373901367,0,0.9598641553893685,0.5278228521347046,1.1954729364710792,4,ppo_seed47,ppo,PPO,47
77899,soldier_caught,0,1,0,0,211,12,6.0,199,,,1.940148949623108,0,1.157189723625779,0.8453529477119446,1.2569715337961291,200,ppo_seed47,ppo,PPO,47
77900,intercepted,1,0,0,0,358,15,7.5,343,358.0,179.0,6.912998676300049,0,1.1081032594449298,0.8578798174858093,1.2114812101231758,344,ppo_seed47,ppo,PPO,47
77901,intercepted,1,0,0,0,88,8,4.0,80,88.0,44.0,3.640202283859253,0,1.1821856513435458,1.7275433540344238,1.2820558232308923,81,ppo_seed47,ppo,PPO,47
77902,intercepted,1,0,0,0,397,13,6.5,384,397.0,198.5,3.8403499126434326,0,1.0855126443621401,1.145555853843689,1.1837264881337342,385,ppo_seed47,ppo,PPO,47
77903,intercepted,1,0,0,0,131,10,5.0,121,131.0,65.5,2.6688482761383057,0,1.182443845223208,0.8288339376449585,1.2784004660454162,122,ppo_seed47,ppo,PPO,47
77904,intercepted,1,0,0,0,717,10,5.0,707,717.0,358.5,3.96730375289917,0,1.1121195525372938,0.7619245052337646,1.2124788741678445,708,ppo_seed47,ppo,PPO,47
77905,intercepted,1,0,0,0,53,11,5.5,42,53.0,26.5,2.634443759918213,0,1.02612842134265,0.7415400743484497,1.1225404421252454,43,ppo_seed47,ppo,PPO,47
77906,soldier_caught,0,1,0,0,58,9,4.5,49,,,1.4180676937103271,0,1.1304722690582276,0.8387793302536011,1.2367285934126613,50,ppo_seed47,ppo,PPO,47
77907,intercepted,1,0,0,0,850,59,29.5,791,850.0,425.0,2.218813419342041,0,1.1128304504149715,0.31015926599502563,1.2060906768640063,792,ppo_seed47,ppo,PPO,47
77908,soldier_caught,0,1,0,0,15,12,6.0,3,,,0.8233959674835205,0,1.0189380645751953,0.39535844326019287,1.1106427878468117,4,ppo_seed47,ppo,PPO,47
77909,intercepted,1,0,0,0,83,9,4.5,74,83.0,41.5,8.764684677124023,0,1.1192844708760579,1.3968617916107178,1.222899787493084,75,ppo_seed47,ppo,PPO,47
77910,intercepted,1,0,0,0,838,13,6.5,825,838.0,419.0,2.542731523513794,0,1.1284496804956374,0.9224560260772705,1.2270362482555508,826,ppo_seed47,ppo,PPO,47
77911,soldier_caught,0,1,0,0,36,11,5.5,25,,,1.8710758686065674,0,1.2570870839632475,1.2571274042129517,1.3173824366422273,26,ppo_seed47,ppo,PPO,47
77912,intercepted,1,0,0,0,134,12,6.0,122,134.0,67.0,9.652175903320312,0,1.2315473932682015,1.4600416421890259,1.3191915916927883,123,ppo_seed47,ppo,PPO,47
77913,intercepted,1,0,0,0,115,108,54.0,7,115.0,57.5,13.031975746154785,0,1.0594869274646044,0.1974334865808487,1.1818305222290773,8,ppo_seed47,ppo,PPO,47
77914,soldier_caught,0,1,0,0,396,10,5.0,386,,,0.9462712407112122,0,1.1291091442493197,0.8025034666061401,1.2278798804709037,387,ppo_seed47,ppo,PPO,47
77915,intercepted,1,0,0,0,635,9,4.5,626,635.0,317.5,2.5070743560791016,0,1.1155657252293836,0.5514175295829773,1.2196721020661996,627,ppo_seed47,ppo,PPO,47
77916,intercepted,1,0,0,0,106,9,4.5,97,106.0,53.0,8.814253807067871,0,1.171693158088898,2.685917854309082,1.2945791113509728,98,ppo_seed47,ppo,PPO,47
77917,intercepted,1,0,0,0,188,9,4.5,179,188.0,94.0,2.692749500274658,0,1.1557383292251162,1.1739475727081299,1.2440262200867493,180,ppo_seed47,ppo,PPO,47
77918,intercepted,1,0,0,0,700,9,4.5,691,700.0,350.0,2.7683355808258057,0,1.1147941226904103,0.6580569744110107,1.2193410685345296,692,ppo_seed47,ppo,PPO,47
77919,intercepted,1,0,0,0,848,11,5.5,837,848.0,424.0,3.380277633666992,0,1.1168418778084344,0.6670665740966797,1.2075035234543725,838,ppo_seed47,ppo,PPO,47
77920,intercepted,1,0,0,0,313,10,5.0,303,313.0,156.5,5.421296119689941,0,1.1115203894870846,0.9276360273361206,1.2087737316819065,304,ppo_seed47,ppo,PPO,47
77921,intercepted,1,0,0,0,467,10,5.0,457,467.0,233.5,2.61120867729187,0,1.1010380376244215,1.7625172138214111,1.2010668117010508,458,ppo_seed47,ppo,PPO,47
77922,soldier_caught,0,1,0,0,105,13,6.5,92,,,1.5482908487319946,0,1.1702040783179704,0.9202103614807129,1.2451450850400445,93,ppo_seed47,ppo,PPO,47
77923,intercepted,1,0,0,0,769,8,4.0,761,769.0,384.5,2.0061020851135254,0,1.1219596859859668,1.0958818197250366,1.2239799720494864,762,ppo_seed47,ppo,PPO,47
77924,soldier_caught,0,1,0,0,306,8,4.0,298,,,1.3307526111602783,0,1.1103037850663415,0.3495119512081146,1.2084644441468884,299,ppo_seed47,ppo,PPO,47
77925,intercepted,1,0,0,0,285,29,14.5,256,285.0,142.5,9.175331115722656,0,1.087714844553619,0.7441690564155579,1.1820660769138216,257,ppo_seed47,ppo,PPO,47
77926,intercepted,1,0,0,0,1789,17,8.5,1772,1789.0,894.5,2.113389492034912,0,1.1206679590441941,0.5719742774963379,1.2200695997541455,1773,ppo_seed47,ppo,PPO,47
77927,soldier_caught,0,1,0,0,12,9,4.5,3,,,1.5381901264190674,0,1.50327667593956,1.5702917575836182,1.5951699875755905,4,ppo_seed47,ppo,PPO,47
77928,intercepted,1,0,0,0,153,10,5.0,143,153.0,76.5,3.2113049030303955,0,1.2119083285538688,2.2021024227142334,1.3040263095281477,144,ppo_seed47,ppo,PPO,47
77929,soldier_caught,0,1,0,0,964,9,4.5,955,,,1.2488701343536377,0,1.1100464457778503,1.3083009719848633,1.201688556136837,956,ppo_seed47,ppo,PPO,47
77930,intercepted,1,0,0,0,366,17,8.5,349,366.0,183.0,3.5046520233154297,0,1.140887378837381,0.5863218903541565,1.2356864133065135,350,ppo_seed47,ppo,PPO,47
77931,intercepted,1,0,0,0,13,10,5.0,3,13.0,6.5,3.382248640060425,0,1.5250528752803802,1.2563039064407349,1.5544311255332126,4,ppo_seed47,ppo,PPO,47
77932,intercepted,1,0,0,0,15,12,6.0,3,15.0,7.5,4.209963321685791,0,1.3995799869298935,1.8093249797821045,1.437290640931688,4,ppo_seed47,ppo,PPO,47
77933,soldier_caught,0,1,0,0,37,14,7.0,23,,,1.1922061443328857,0,1.123270978530248,0.44362372159957886,1.22816820216261,24,ppo_seed47,ppo,PPO,47
77934,intercepted,1,0,0,0,407,15,7.5,392,407.0,203.5,3.511451244354248,0,1.1084268577302079,1.7196941375732422,1.192916860430839,393,ppo_seed47,ppo,PPO,47
77935,soldier_caught,0,1,0,0,272,15,7.5,257,,,1.3405628204345703,0,1.127266865714576,1.446359395980835,1.2213635628696342,258,ppo_seed47,ppo,PPO,47
77936,intercepted,1,0,0,0,93,16,8.0,77,93.0,46.5,9.393254280090332,0,1.0979073540522502,1.3930217027664185,1.1890797566559228,78,ppo_seed47,ppo,PPO,47
77937,intercepted,1,0,0,0,819,11,5.5,808,819.0,409.5,2.403165102005005,0,1.1495424774653833,1.3038285970687866,1.245707216117119,809,ppo_seed47,ppo,PPO,47
77938,soldier_caught,0,1,0,0,324,11,5.5,313,,,1.1653109788894653,0,1.1280973853578993,0.9548361301422119,1.2259599979071136,314,ppo_seed47,ppo,PPO,47
77939,intercepted,1,0,0,0,396,10,5.0,386,396.0,198.0,8.497828483581543,0,1.126997411366581,1.2664746046066284,1.2361885519690634,387,ppo_seed47,ppo,PPO,47
77940,intercepted,1,0,0,0,291,9,4.5,282,291.0,145.5,3.3061342239379883,0,1.104753776621271,1.3682405948638916,1.219514455571555,283,ppo_seed47,ppo,PPO,47
77941,soldier_caught,0,1,0,0,534,17,8.5,517,,,1.3906069993972778,0,1.1080280118208363,1.5492368936538696,1.2049657846628166,518,ppo_seed47,ppo,PPO,47
77942,intercepted,1,0,0,0,828,17,8.5,811,828.0,414.0,5.0808515548706055,0,1.149099613553638,1.261997103691101,1.243984251322602,812,ppo_seed47,ppo,PPO,47
77943,soldier_caught,0,1,0,0,406,9,4.5,397,,,0.6550548672676086,0,1.1064057695450047,1.4136992692947388,1.2017423671999201,398,ppo_seed47,ppo,PPO,47
77944,soldier_caught,0,1,0,0,503,133,66.5,370,,,1.043752908706665,0,1.1538027571941,1.4605015516281128,1.2398401001039177,371,ppo_seed47,ppo,PPO,47
77945,soldier_caught,0,1,0,0,109,15,7.5,94,,,1.1232768297195435,0,1.1395931532508448,1.366762399673462,1.24182181986069,95,ppo_seed47,ppo,PPO,47
77946,intercepted,1,0,0,0,406,12,6.0,394,406.0,203.0,2.737905979156494,0,1.1394216598966453,1.7192308902740479,1.2287105059741743,395,ppo_seed47,ppo,PPO,47
77947,intercepted,1,0,0,0,11,8,4.0,3,11.0,5.5,3.8368635177612305,0,0.8998484462499619,1.2725054025650024,0.9279827604990912,4,ppo_seed47,ppo,PPO,47
77948,soldier_caught,0,1,0,0,152,8,4.0,144,,,0.510919988155365,0,1.1535499876943127,1.2821427583694458,1.253006275971005,145,ppo_seed47,ppo,PPO,47
77949,soldier_caught,0,1,0,0,36,9,4.5,27,,,1.564359426498413,0,1.3028041518160276,0.9681596159934998,1.3884502512428645,28,ppo_seed47,ppo,PPO,47
77950,soldier_caught,0,1,0,0,353,8,4.0,345,,,0.8506792187690735,0,1.1310705098544243,1.023668885231018,1.2323986776334228,346,ppo_seed47,ppo,PPO,47
77951,intercepted,1,0,0,0,1021,12,6.0,1009,1021.0,510.5,2.5517659187316895,0,1.1284173706232912,1.2308253049850464,1.2297079850998505,1010,ppo_seed47,ppo,PPO,47
77952,soldier_caught,0,1,0,0,60,13,6.5,47,,,1.941133975982666,0,0.9530283901840448,1.2045150995254517,1.0377795851652392,48,ppo_seed47,ppo,PPO,47
77953,intercepted,1,0,0,0,163,91,45.5,72,163.0,81.5,7.635188102722168,0,1.1241775604143536,0.5618639588356018,1.199610365415933,73,ppo_seed47,ppo,PPO,47
77954,intercepted,1,0,0,0,215,17,8.5,198,215.0,107.5,3.776109457015991,0,1.1000656206254384,0.7250422239303589,1.2069680430227252,199,ppo_seed47,ppo,PPO,47
77955,soldier_caught,0,1,0,0,62,10,5.0,52,,,1.5947775840759277,0,1.1010004928651846,0.8535474538803101,1.2113661451001965,53,ppo_seed47,ppo,PPO,47
77956,intercepted,1,0,0,0,537,10,5.0,527,537.0,268.5,3.0798182487487793,0,1.12205687220293,1.3342026472091675,1.2202583096448814,528,ppo_seed47,ppo,PPO,47
77957,intercepted,1,0,0,0,156,55,27.5,101,156.0,78.0,7.610567569732666,0,1.1282293708885418,0.8279959559440613,1.2118221829992888,102,ppo_seed47,ppo,PPO,47
77958,soldier_caught,0,1,0,0,153,9,4.5,144,,,1.95435631275177,0,1.1477461456224836,0.3004460632801056,1.237673536091367,145,ppo_seed47,ppo,PPO,47
77959,intercepted,1,0,0,0,916,13,6.5,903,916.0,458.0,2.165370225906372,0,1.1297227874464166,1.0379745960235596,1.2260295744722256,904,ppo_seed47,ppo,PPO,47
77960,soldier_caught,0,1,0,0,15,13,6.5,2,,,1.7414064407348633,0,1.2171987692515056,1.349359154701233,1.287491315471901,3,ppo_seed47,ppo,PPO,47
77961,soldier_caught,0,1,0,0,251,19,9.5,232,,,0.09097211062908173,0,1.2003671155339146,1.1188071966171265,1.3088683837579247,233,ppo_seed47,ppo,PPO,47
77962,intercepted,1,0,0,0,117,8,4.0,109,117.0,58.5,2.8018410205841064,0,1.1273705384270711,0.7521510720252991,1.2450987698878138,110,ppo_seed47,ppo,PPO,47
77963,unsafe_intercept,0,0,1,0,18,16,8.0,2,,,2.947387218475342,0,1.1336138248443604,1.3868398666381836,1.1686425844247648,3,ppo_seed47,ppo,PPO,47
77964,soldier_caught,0,1,0,0,218,11,5.5,207,,,1.9930133819580078,0,1.1210307027571476,1.3226197957992554,1.213315273331695,208,ppo_seed47,ppo,PPO,47
77965,unsafe_intercept,0,0,1,0,15,13,6.5,2,,,3.225071430206299,0,0.7621172269185384,0.5398720502853394,0.784000419558482,3,ppo_seed47,ppo,PPO,47
77966,soldier_caught,0,1,0,0,250,16,8.0,234,,,1.7129660844802856,0,1.1269007117824352,1.8845365047454834,1.2436142414739246,235,ppo_seed47,ppo,PPO,47
77967,intercepted,1,0,0,0,24,14,7.0,10,24.0,12.0,7.540800094604492,0,1.3672489523887634,1.4775079488754272,1.4108721620333642,11,ppo_seed47,ppo,PPO,47
77968,intercepted,1,0,0,0,99,12,6.0,87,99.0,49.5,11.061529159545898,0,1.1497565988789906,0.8859934210777283,1.2425526164771779,88,ppo_seed47,ppo,PPO,47
77969,intercepted,1,0,0,0,22,11,5.5,11,22.0,11.0,7.010026454925537,0,1.3127699544032414,0.7146202921867371,1.479419800677515,12,ppo_seed47,ppo,PPO,47
77970,intercepted,1,0,0,0,288,13,6.5,275,288.0,144.0,3.362133741378784,0,1.0941120380184788,0.43708452582359314,1.1986874227862523,276,ppo_seed47,ppo,PPO,47
77971,intercepted,1,0,0,0,259,11,5.5,248,259.0,129.5,2.7172677516937256,0,1.1359833143801095,0.7625940442085266,1.2246062486892226,249,ppo_seed47,ppo,PPO,47
77972,intercepted,1,0,0,0,218,10,5.0,208,218.0,109.0,2.8625528812408447,0,1.1260005295561832,0.27718037366867065,1.2189571025975479,209,ppo_seed47,ppo,PPO,47
77973,intercepted,1,0,0,0,113,7,3.5,106,113.0,56.5,7.338526725769043,0,1.1541814623035003,1.8405952453613281,1.2187688296140593,107,ppo_seed47,ppo,PPO,47
77974,intercepted,1,0,0,0,11,7,3.5,4,11.0,5.5,2.0112624168395996,0,1.305399441719055,0.8133504390716553,1.3389728826326688,5,ppo_seed47,ppo,PPO,47
77975,intercepted,1,0,0,0,321,8,4.0,313,321.0,160.5,3.6369926929473877,0,1.1598802625088935,1.361068844795227,1.2656944686628275,314,ppo_seed47,ppo,PPO,47
77976,intercepted,1,0,0,0,366,12,6.0,354,366.0,183.0,2.8631386756896973,0,1.1430102494820742,1.8294802904129028,1.247586203258158,355,ppo_seed47,ppo,PPO,47
77977,intercepted,1,0,0,0,500,11,5.5,489,500.0,250.0,2.142850160598755,0,1.1331817946111669,1.196000099182129,1.2219038857947941,490,ppo_seed47,ppo,PPO,47
77978,soldier_caught,0,1,0,0,117,11,5.5,106,,,1.8154633045196533,0,1.174214445959742,1.541693091392517,1.2940979892473379,107,ppo_seed47,ppo,PPO,47
77979,soldier_caught,0,1,0,0,129,16,8.0,113,,,0.6640768647193909,0,1.1692324932991414,1.4017726182937622,1.254106054607064,114,ppo_seed47,ppo,PPO,47
77980,intercepted,1,0,0,0,22,14,7.0,8,22.0,11.0,14.285906791687012,0,1.2195483313666449,1.096350908279419,1.257714919294213,9,ppo_seed47,ppo,PPO,47
77981,soldier_caught,0,1,0,0,126,10,5.0,116,,,1.7226262092590332,0,1.0850064751938877,0.17864631116390228,1.1728589941001257,117,ppo_seed47,ppo,PPO,47
77982,intercepted,1,0,0,0,370,13,6.5,357,370.0,185.0,5.502801418304443,0,1.1358132368609226,1.1298341751098633,1.2367526845008463,358,ppo_seed47,ppo,PPO,47
77983,intercepted,1,0,0,0,185,9,4.5,176,185.0,92.5,2.8745357990264893,0,1.1331148982721533,1.3292688131332397,1.2205991496289263,177,ppo_seed47,ppo,PPO,47
77984,intercepted,1,0,0,0,105,16,8.0,89,105.0,52.5,11.544683456420898,0,1.2090329700046116,1.773546814918518,1.2837337571001917,90,ppo_seed47,ppo,PPO,47
77985,intercepted,1,0,0,0,394,8,4.0,386,394.0,197.0,2.4744932651519775,0,1.1422438005644837,0.32743605971336365,1.2428193411642232,387,ppo_seed47,ppo,PPO,47
77986,soldier_caught,0,1,0,0,148,47,23.5,101,,,1.0727070569992065,0,1.1172739787428987,1.2194749116897583,1.2083037588983412,102,ppo_seed47,ppo,PPO,47
77987,soldier_caught,0,1,0,0,329,8,4.0,321,,,1.754376769065857,0,1.1196908388309967,0.6500972509384155,1.2158959653774737,322,ppo_seed47,ppo,PPO,47
77988,intercepted,1,0,0,0,145,11,5.5,134,145.0,72.5,7.18075704574585,0,1.078702424687368,0.6954826712608337,1.1738799951441987,135,ppo_seed47,ppo,PPO,47
77989,soldier_caught,0,1,0,0,36,10,5.0,26,,,0.9066861867904663,0,1.1006745486347764,0.5559370517730713,1.1931004080371825,27,ppo_seed47,ppo,PPO,47
77990,intercepted,1,0,0,0,46,9,4.5,37,46.0,23.0,3.1084158420562744,0,1.2522443470201994,1.0475672483444214,1.3342626937181992,38,ppo_seed47,ppo,PPO,47
77991,intercepted,1,0,0,0,192,29,14.5,163,192.0,96.0,8.845934867858887,0,1.1619302236088893,1.0449600219726562,1.257132838643385,164,ppo_seed47,ppo,PPO,47
77992,soldier_caught,0,1,0,0,538,51,25.5,487,,,1.9871737957000732,0,1.1325054539703443,1.517980694770813,1.222682523786135,488,ppo_seed47,ppo,PPO,47
77993,intercepted,1,0,0,0,375,12,6.0,363,375.0,187.5,4.323921203613281,0,1.1696922542465913,1.2678831815719604,1.2811195397501667,364,ppo_seed47,ppo,PPO,47
77994,intercepted,1,0,0,0,192,18,9.0,174,192.0,96.0,8.826087951660156,0,1.0681106623581478,0.46271732449531555,1.1696054268244993,175,ppo_seed47,ppo,PPO,47
77995,intercepted,1,0,0,0,479,10,5.0,469,479.0,239.5,2.9589526653289795,0,1.1333345562536665,1.0889062881469727,1.2283985593583233,470,ppo_seed47,ppo,PPO,47
77996,intercepted,1,0,0,0,137,47,23.5,90,137.0,68.5,8.698707580566406,0,1.219333053617687,1.234802484512329,1.3204578557155087,91,ppo_seed47,ppo,PPO,47
77997,soldier_caught,0,1,0,0,1329,16,8.0,1313,,,1.1989331245422363,0,1.126293681235913,1.0917065143585205,1.2266956290356053,1314,ppo_seed47,ppo,PPO,47
77998,intercepted,1,0,0,0,12,9,4.5,3,12.0,6.0,2.2506799697875977,0,1.5436202809214592,2.076150894165039,1.6799684183786594,4,ppo_seed47,ppo,PPO,47
77999,intercepted,1,0,0,0,929,13,6.5,916,929.0,464.5,5.565436363220215,0,1.1267059127654933,1.1356594562530518,1.2201648133388616,917,ppo_seed47,ppo,PPO,47
