environment_seed,outcome,success,soldier_caught,unsafe_intercept,timeout,total_steps,detection_step,detection_time_seconds,post_detection_steps,intercept_step,intercept_time_seconds,min_enemy_soldier_dist,physical_limit_violations,mean_tracking_error,final_tracking_error,tracking_rmse,n_tracking_samples,instance_id,instance_name,family,training_seed
77000,soldier_caught,0,1,0,0,1233,9,4.5,1224,,,1.0281342267990112,0,1.1266488069782452,0.6843132376670837,1.221214233991044,1225,ppo_seed45,ppo,PPO,45
77001,intercepted,1,0,0,0,1416,17,8.5,1399,1416.0,708.0,2.284723997116089,0,1.14649509139359,0.7384868264198303,1.241360706832997,1400,ppo_seed45,ppo,PPO,45
77002,intercepted,1,0,0,0,91,58,29.0,33,91.0,45.5,14.559732437133789,0,1.0336193665862083,1.413343906402588,1.1015286306525054,34,ppo_seed45,ppo,PPO,45
77003,soldier_caught,0,1,0,0,168,30,15.0,138,,,0.9215431809425354,0,1.1341407396596113,0.7926522493362427,1.2311892832490594,139,ppo_seed45,ppo,PPO,45
77004,intercepted,1,0,0,0,85,72,36.0,13,85.0,42.5,14.649307250976562,0,1.2183199056557246,1.9034515619277954,1.3316015151562033,14,ppo_seed45,ppo,PPO,45
77005,intercepted,1,0,0,0,1387,13,6.5,1374,1387.0,693.5,4.357714653015137,0,1.1064424741701646,0.7829053997993469,1.2065008149202823,1375,ppo_seed45,ppo,PPO,45
77006,intercepted,1,0,0,0,255,31,15.5,224,255.0,127.5,3.730684995651245,0,1.1297426142295202,1.082571268081665,1.2263409130453884,225,ppo_seed45,ppo,PPO,45
77007,soldier_caught,0,1,0,0,200,16,8.0,184,,,1.010624647140503,0,1.1786694575000454,0.9660471081733704,1.281149224663934,185,ppo_seed45,ppo,PPO,45
77008,soldier_caught,0,1,0,0,495,9,4.5,486,,,1.2422035932540894,0,1.132814932714008,1.0922940969467163,1.2249171277056599,487,ppo_seed45,ppo,PPO,45
77009,intercepted,1,0,0,0,776,136,68.0,640,776.0,388.0,3.056929111480713,0,1.1553026251436767,1.096595048904419,1.25750014012005,641,ppo_seed45,ppo,PPO,45
77010,soldier_caught,0,1,0,0,854,10,5.0,844,,,1.8952311277389526,0,1.1291456673977642,1.4815551042556763,1.2212886137113388,845,ppo_seed45,ppo,PPO,45
77011,intercepted,1,0,0,0,414,17,8.5,397,414.0,207.0,3.9143643379211426,0,1.0951503398992009,1.5414081811904907,1.1898987516322443,398,ppo_seed45,ppo,PPO,45
77012,soldier_caught,0,1,0,0,146,10,5.0,136,,,1.8395460844039917,0,1.1330586816490131,0.8003390431404114,1.230191411186611,137,ppo_seed45,ppo,PPO,45
77013,soldier_caught,0,1,0,0,1131,29,14.5,1102,,,0.7550159096717834,0,1.0977076189465829,1.4374563694000244,1.1930682022702264,1103,ppo_seed45,ppo,PPO,45
77014,intercepted,1,0,0,0,500,10,5.0,490,500.0,250.0,3.7761361598968506,0,1.1114011639368753,1.3121442794799805,1.2007059545601577,491,ppo_seed45,ppo,PPO,45
77015,soldier_caught,0,1,0,0,226,9,4.5,217,,,1.829412817955017,0,1.185110956703851,1.7331358194351196,1.2808297602727197,218,ppo_seed45,ppo,PPO,45
77016,soldier_caught,0,1,0,0,348,8,4.0,340,,,0.7837251424789429,0,1.150147668296291,0.8214117288589478,1.2398722281444026,341,ppo_seed45,ppo,PPO,45
77017,intercepted,1,0,0,0,162,14,7.0,148,162.0,81.0,9.229504585266113,0,1.1870271356513835,2.524507761001587,1.276369250910706,149,ppo_seed45,ppo,PPO,45
77018,intercepted,1,0,0,0,529,77,38.5,452,529.0,264.5,4.0506157875061035,0,1.1653918926552695,2.0127904415130615,1.2668502666812014,453,ppo_seed45,ppo,PPO,45
77019,soldier_caught,0,1,0,0,448,8,4.0,440,,,1.7773313522338867,0,1.1345295383850462,0.7647254467010498,1.231220435859239,441,ppo_seed45,ppo,PPO,45
77020,soldier_caught,0,1,0,0,540,10,5.0,530,,,1.6291110515594482,0,1.1619724490295695,0.956699788570404,1.2575027337755884,531,ppo_seed45,ppo,PPO,45
77021,intercepted,1,0,0,0,78,41,20.5,37,78.0,39.0,9.415666580200195,0,1.2451701101503874,1.9265758991241455,1.3415220851394603,38,ppo_seed45,ppo,PPO,45
77022,intercepted,1,0,0,0,1677,16,8.0,1661,1677.0,838.5,3.1189723014831543,0,1.1190049763136822,0.7993234992027283,1.2163434146083196,1662,ppo_seed45,ppo,PPO,45
77023,intercepted,1,0,0,0,527,12,6.0,515,527.0,263.5,2.515962600708008,0,1.115347825077384,1.135001540184021,1.2119995867220343,516,ppo_seed45,ppo,PPO,45
77024,intercepted,1,0,0,0,443,18,9.0,425,443.0,221.5,5.505262851715088,0,1.083511452404826,0.47149893641471863,1.1899232904930994,426,ppo_seed45,ppo,PPO,45
77025,intercepted,1,0,0,0,276,57,28.5,219,276.0,138.0,7.6931633949279785,0,1.1912743929434906,0.197964146733284,1.2869633297744532,220,ppo_seed45,ppo,PPO,45
77026,intercepted,1,0,0,0,225,10,5.0,215,225.0,112.5,8.580951690673828,0,1.143034162103302,0.9461532831192017,1.2428623328878512,216,ppo_seed45,ppo,PPO,45
77027,soldier_caught,0,1,0,0,855,21,10.5,834,,,1.430521845817566,0,1.112857441149072,1.109209418296814,1.2013529851018325,835,ppo_seed45,ppo,PPO,45
77028,intercepted,1,0,0,0,539,10,5.0,529,539.0,269.5,2.387744426727295,0,1.1437874682880236,1.8962857723236084,1.2385214469996806,530,ppo_seed45,ppo,PPO,45
77029,intercepted,1,0,0,0,564,15,7.5,549,564.0,282.0,3.0129435062408447,0,1.129366445487196,1.007994532585144,1.2303326286999556,550,ppo_seed45,ppo,PPO,45
77030,soldier_caught,0,1,0,0,577,9,4.5,568,,,1.1640113592147827,0,1.1179593001182973,0.8700578212738037,1.210842275159262,569,ppo_seed45,ppo,PPO,45
77031,intercepted,1,0,0,0,158,9,4.5,149,158.0,79.0,5.4339494705200195,0,1.120300792256991,0.6328755021095276,1.2246796717217967,150,ppo_seed45,ppo,PPO,45
77032,intercepted,1,0,0,0,1014,31,15.5,983,1014.0,507.0,2.1590023040771484,0,1.1313902036839627,1.0935957431793213,1.22741188977808,984,ppo_seed45,ppo,PPO,45
77033,unsafe_intercept,0,0,1,0,16,14,7.0,2,,,2.457263469696045,0,1.4369585712750752,0.7975903749465942,1.7194309922289217,3,ppo_seed45,ppo,PPO,45
77034,intercepted,1,0,0,0,969,10,5.0,959,969.0,484.5,2.217468738555908,0,1.133312128096198,1.3450090885162354,1.233917945303048,960,ppo_seed45,ppo,PPO,45
77035,soldier_caught,0,1,0,0,965,13,6.5,952,,,0.6589881181716919,0,1.1301960378517821,0.8734257221221924,1.2285986160632267,953,ppo_seed45,ppo,PPO,45
77036,unsafe_intercept,0,0,1,0,15,13,6.5,2,,,2.9593913555145264,0,0.9757542610168457,1.0746915340423584,0.9839927543473664,3,ppo_seed45,ppo,PPO,45
77037,intercepted,1,0,0,0,95,12,6.0,83,95.0,47.5,10.754190444946289,0,1.1457669067950476,1.039674997329712,1.233224470020412,84,ppo_seed45,ppo,PPO,45
77038,soldier_caught,0,1,0,0,294,11,5.5,283,,,1.8764057159423828,0,1.1196596364320164,0.7350379824638367,1.213042763004147,284,ppo_seed45,ppo,PPO,45
77039,intercepted,1,0,0,0,381,13,6.5,368,381.0,190.5,2.1909728050231934,0,1.1232745949895724,1.9106237888336182,1.2148152331452806,369,ppo_seed45,ppo,PPO,45
77040,intercepted,1,0,0,0,658,10,5.0,648,658.0,329.0,3.0154871940612793,0,1.1246728037694937,0.8289656043052673,1.216427161723825,649,ppo_seed45,ppo,PPO,45
77041,intercepted,1,0,0,0,916,18,9.0,898,916.0,458.0,2.5476949214935303,0,1.0990854983650007,1.3125500679016113,1.1910715569524055,899,ppo_seed45,ppo,PPO,45
77042,unsafe_intercept,0,0,1,0,10,8,4.0,2,,,2.218886375427246,0,1.2983132203420003,1.9264744520187378,1.374620054414842,3,ppo_seed45,ppo,PPO,45
77043,soldier_caught,0,1,0,0,1783,13,6.5,1770,,,1.8008264303207397,0,1.1240861379598777,1.3508474826812744,1.2168834452605928,1771,ppo_seed45,ppo,PPO,45
77044,intercepted,1,0,0,0,196,13,6.5,183,196.0,98.0,3.5777158737182617,0,1.1665678362807501,2.0793988704681396,1.2592500598288705,184,ppo_seed45,ppo,PPO,45
77045,soldier_caught,0,1,0,0,470,60,30.0,410,,,1.6190080642700195,0,1.1118180776454527,0.9920231699943542,1.20908123897487,411,ppo_seed45,ppo,PPO,45
77046,intercepted,1,0,0,0,328,13,6.5,315,328.0,164.0,6.8181376457214355,0,1.1639342364631122,2.871272563934326,1.2738468887396295,316,ppo_seed45,ppo,PPO,45
77047,soldier_caught,0,1,0,0,175,9,4.5,166,,,1.8714388608932495,0,1.095350027352036,1.001388430595398,1.1916487607245476,167,ppo_seed45,ppo,PPO,45
77048,intercepted,1,0,0,0,595,34,17.0,561,595.0,297.5,8.559530258178711,0,1.1369350485477159,1.3859021663665771,1.2314861402394137,562,ppo_seed45,ppo,PPO,45
77049,soldier_caught,0,1,0,0,185,34,17.0,151,,,1.3208935260772705,0,1.0675320619423139,1.4023571014404297,1.1793286643550323,152,ppo_seed45,ppo,PPO,45
77050,soldier_caught,0,1,0,0,38,10,5.0,28,,,0.8549995422363281,0,1.0351795215031196,0.9680606722831726,1.1248353804573035,29,ppo_seed45,ppo,PPO,45
77051,intercepted,1,0,0,0,838,15,7.5,823,838.0,419.0,2.046225070953369,0,1.136900360885899,0.889400839805603,1.2349965055535272,824,ppo_seed45,ppo,PPO,45
77052,intercepted,1,0,0,0,144,17,8.5,127,144.0,72.0,11.2012300491333,0,1.1985394217190333,1.500171184539795,1.301230553631087,128,ppo_seed45,ppo,PPO,45
77053,intercepted,1,0,0,0,915,11,5.5,904,915.0,457.5,2.246995449066162,0,1.1370909050107003,0.7551717162132263,1.2249037508890652,905,ppo_seed45,ppo,PPO,45
77054,intercepted,1,0,0,0,384,19,9.5,365,384.0,192.0,7.879364490509033,0,1.1559269010124962,0.8368281722068787,1.2533102945441423,366,ppo_seed45,ppo,PPO,45
77055,soldier_caught,0,1,0,0,941,13,6.5,928,,,1.9197081327438354,0,1.1327864224065107,0.9849754571914673,1.228601384658188,929,ppo_seed45,ppo,PPO,45
77056,soldier_caught,0,1,0,0,208,132,66.0,76,,,1.3292324542999268,0,1.1199287818623829,0.9836909174919128,1.1989419263512302,77,ppo_seed45,ppo,PPO,45
77057,intercepted,1,0,0,0,22,10,5.0,12,22.0,11.0,7.844602108001709,0,1.1120324088976934,1.7828696966171265,1.2743782109282693,13,ppo_seed45,ppo,PPO,45
77058,soldier_caught,0,1,0,0,1216,7,3.5,1209,,,1.4620815515518188,0,1.1194363567085306,1.2484477758407593,1.2145430544936717,1210,ppo_seed45,ppo,PPO,45
77059,intercepted,1,0,0,0,737,11,5.5,726,737.0,368.5,5.975057601928711,0,1.1239353004520172,1.9804089069366455,1.2206743312358213,727,ppo_seed45,ppo,PPO,45
77060,intercepted,1,0,0,0,864,10,5.0,854,864.0,432.0,4.25027322769165,0,1.1235783843443408,1.939525842666626,1.2263620461756348,855,ppo_seed45,ppo,PPO,45
77061,soldier_caught,0,1,0,0,207,8,4.0,199,,,0.41086605191230774,0,1.1694128821790217,1.5693395137786865,1.2764911155995848,200,ppo_seed45,ppo,PPO,45
77062,intercepted,1,0,0,0,514,11,5.5,503,514.0,257.0,3.6367428302764893,0,1.1162140033252181,0.532984733581543,1.2176387819692034,504,ppo_seed45,ppo,PPO,45
77063,intercepted,1,0,0,0,169,8,4.0,161,169.0,84.5,6.620163440704346,0,1.0867908004625344,1.5819900035858154,1.178193120107467,162,ppo_seed45,ppo,PPO,45
77064,intercepted,1,0,0,0,1979,7,3.5,1972,1979.0,989.5,2.4142961502075195,0,1.125422842755302,1.2400813102722168,1.2241986864988381,1973,ppo_seed45,ppo,PPO,45
77065,soldier_caught,0,1,0,0,106,11,5.5,95,,,1.4207606315612793,0,1.163194654819866,1.8143630027770996,1.2751027618183708,96,ppo_seed45,ppo,PPO,45
77066,soldier_caught,0,1,0,0,877,12,6.0,865,,,0.5655357837677002,0,1.0749685257914159,0.8191148638725281,1.1715744471132332,866,ppo_seed45,ppo,PPO,45
77067,soldier_caught,0,1,0,0,108,82,41.0,26,,,1.4857192039489746,0,1.1325676695064262,1.3304836750030518,1.2567534479009026,27,ppo_seed45,ppo,PPO,45
77068,intercepted,1,0,0,0,1247,10,5.0,1237,1247.0,623.5,2.2546260356903076,0,1.140487100531818,0.2565305531024933,1.2379994749387138,1238,ppo_seed45,ppo,PPO,45
77069,soldier_caught,0,1,0,0,526,9,4.5,517,,,1.5335710048675537,0,1.1744047048066573,1.8759551048278809,1.2713659888773405,518,ppo_seed45,ppo,PPO,45
77070,soldier_caught,0,1,0,0,205,11,5.5,194,,,1.693506121635437,0,1.081829142341247,0.7135512828826904,1.1681698083200165,195,ppo_seed45,ppo,PPO,45
77071,soldier_caught,0,1,0,0,282,15,7.5,267,,,1.68040931224823,0,1.0864248885147607,1.5003844499588013,1.1853518575738653,268,ppo_seed45,ppo,PPO,45
77072,soldier_caught,0,1,0,0,452,17,8.5,435,,,0.7767120599746704,0,1.1208627571548344,0.9141523241996765,1.222179313698256,436,ppo_seed45,ppo,PPO,45
77073,intercepted,1,0,0,0,536,11,5.5,525,536.0,268.0,4.377502918243408,0,1.116387677509975,1.6166349649429321,1.2192658398046687,526,ppo_seed45,ppo,PPO,45
77074,soldier_caught,0,1,0,0,35,10,5.0,25,,,1.0283125638961792,0,1.0523068377604852,0.10927292704582214,1.1770048881582933,26,ppo_seed45,ppo,PPO,45
77075,intercepted,1,0,0,0,369,12,6.0,357,369.0,184.5,3.5920779705047607,0,1.12638906031514,1.590530514717102,1.2229957878396387,358,ppo_seed45,ppo,PPO,45
77076,soldier_caught,0,1,0,0,173,8,4.0,165,,,1.9954619407653809,0,1.151774089424366,0.9418990612030029,1.2539313524087892,166,ppo_seed45,ppo,PPO,45
77077,intercepted,1,0,0,0,1303,16,8.0,1287,1303.0,651.5,3.1249043941497803,0,1.0968895359890338,1.1465771198272705,1.1895395677380298,1288,ppo_seed45,ppo,PPO,45
77078,intercepted,1,0,0,0,527,9,4.5,518,527.0,263.5,2.981137752532959,0,1.0882160452289618,1.3893263339996338,1.1874856850969766,519,ppo_seed45,ppo,PPO,45
77079,soldier_caught,0,1,0,0,47,22,11.0,25,,,1.6232000589370728,0,1.0699514471567595,0.44406604766845703,1.1577401406445826,26,ppo_seed45,ppo,PPO,45
77080,soldier_caught,0,1,0,0,272,9,4.5,263,,,1.005998969078064,0,1.1717924126282786,0.8540364503860474,1.258794817526339,264,ppo_seed45,ppo,PPO,45
77081,intercepted,1,0,0,0,955,30,15.0,925,955.0,477.5,2.1673319339752197,0,1.1205462298716053,1.4491275548934937,1.2111051034985667,926,ppo_seed45,ppo,PPO,45
77082,soldier_caught,0,1,0,0,1116,8,4.0,1108,,,1.4056705236434937,0,1.1622132485021976,0.5848537087440491,1.2607292992493813,1109,ppo_seed45,ppo,PPO,45
77083,intercepted,1,0,0,0,337,8,4.0,329,337.0,168.5,5.127579212188721,0,1.1368660873987457,0.5175636410713196,1.2329804264139377,330,ppo_seed45,ppo,PPO,45
77084,intercepted,1,0,0,0,926,10,5.0,916,926.0,463.0,2.6979873180389404,0,1.113061524106996,1.4658547639846802,1.2139902023756406,917,ppo_seed45,ppo,PPO,45
77085,unsafe_intercept,0,0,1,0,10,8,4.0,2,,,2.8449013233184814,0,0.9669744173685709,0.6834004521369934,1.0347318137959653,3,ppo_seed45,ppo,PPO,45
77086,soldier_caught,0,1,0,0,986,9,4.5,977,,,1.0118294954299927,0,1.1255996007403712,1.4772629737854004,1.224238332731017,978,ppo_seed45,ppo,PPO,45
77087,soldier_caught,0,1,0,0,324,9,4.5,315,,,1.5329166650772095,0,1.1261690700355964,1.01410973072052,1.2189587735365133,316,ppo_seed45,ppo,PPO,45
77088,intercepted,1,0,0,0,1261,9,4.5,1252,1261.0,630.5,2.061650514602661,0,1.1361364297990977,0.617793619632721,1.2338696514738876,1253,ppo_seed45,ppo,PPO,45
77089,unsafe_intercept,0,0,1,0,51,49,24.5,2,,,3.3512918949127197,0,0.9826408624649048,0.6701146960258484,1.0916754631136893,3,ppo_seed45,ppo,PPO,45
77090,soldier_caught,0,1,0,0,208,10,5.0,198,,,1.4903359413146973,0,1.071006658501062,1.7113069295883179,1.1733102778550484,199,ppo_seed45,ppo,PPO,45
77091,soldier_caught,0,1,0,0,424,8,4.0,416,,,1.014208436012268,0,1.126529000324311,1.5140876770019531,1.2261499378447933,417,ppo_seed45,ppo,PPO,45
77092,intercepted,1,0,0,0,334,9,4.5,325,334.0,167.0,3.9841997623443604,0,1.1295426453183766,1.0250365734100342,1.2162954418106857,326,ppo_seed45,ppo,PPO,45
77093,intercepted,1,0,0,0,367,40,20.0,327,367.0,183.5,2.7369019985198975,0,1.1241761560029373,1.3116456270217896,1.2218042480011218,328,ppo_seed45,ppo,PPO,45
77094,soldier_caught,0,1,0,0,63,15,7.5,48,,,0.7191864848136902,0,1.0847189441627385,0.9837583899497986,1.177826851442335,49,ppo_seed45,ppo,PPO,45
77095,soldier_caught,0,1,0,0,1379,10,5.0,1369,,,1.4683459997177124,0,1.1376272944883057,1.0410505533218384,1.2356041849627724,1370,ppo_seed45,ppo,PPO,45
77096,intercepted,1,0,0,0,45,12,6.0,33,45.0,22.5,7.252764701843262,0,1.1753400415182114,1.1234374046325684,1.264660949622418,34,ppo_seed45,ppo,PPO,45
77097,soldier_caught,0,1,0,0,529,11,5.5,518,,,0.7555809020996094,0,1.0915372179882146,0.6301015615463257,1.1911434372590743,519,ppo_seed45,ppo,PPO,45
77098,intercepted,1,0,0,0,362,11,5.5,351,362.0,181.0,5.457523822784424,0,1.1471141985702245,1.1527132987976074,1.2448959944989015,352,ppo_seed45,ppo,PPO,45
77099,soldier_caught,0,1,0,0,135,8,4.0,127,,,1.3757073879241943,0,1.204198444262147,1.2893649339675903,1.286474008519634,128,ppo_seed45,ppo,PPO,45
77100,intercepted,1,0,0,0,545,20,10.0,525,545.0,272.5,2.859636068344116,0,1.1293043553715876,1.4104028940200806,1.2239892768673613,526,ppo_seed45,ppo,PPO,45
77101,intercepted,1,0,0,0,469,15,7.5,454,469.0,234.5,3.730792284011841,0,1.135598121714461,2.3313493728637695,1.227340769410332,455,ppo_seed45,ppo,PPO,45
77102,intercepted,1,0,0,0,1480,10,5.0,1470,1480.0,740.0,2.158445119857788,0,1.132922388831018,1.7997419834136963,1.2266592548616886,1471,ppo_seed45,ppo,PPO,45
77103,intercepted,1,0,0,0,545,8,4.0,537,545.0,272.5,2.779014825820923,0,1.1236209711786982,0.7311915755271912,1.2309330980663866,538,ppo_seed45,ppo,PPO,45
77104,soldier_caught,0,1,0,0,250,12,6.0,238,,,0.332503080368042,0,1.1298125863823432,1.0450774431228638,1.2184973286895115,239,ppo_seed45,ppo,PPO,45
77105,intercepted,1,0,0,0,239,25,12.5,214,239.0,119.5,7.984812259674072,0,1.1350126222815624,0.9107124209403992,1.2334680206688584,215,ppo_seed45,ppo,PPO,45
77106,intercepted,1,0,0,0,311,12,6.0,299,311.0,155.5,2.618176221847534,0,1.147756604452928,1.0382320880889893,1.2341452485231967,300,ppo_seed45,ppo,PPO,45
77107,soldier_caught,0,1,0,0,144,8,4.0,136,,,0.4905478358268738,0,1.1137524661030211,1.4119107723236084,1.2333324662988419,137,ppo_seed45,ppo,PPO,45
77108,intercepted,1,0,0,0,285,11,5.5,274,285.0,142.5,7.125509262084961,0,1.1164576645737345,2.2500696182250977,1.2225204557092484,275,ppo_seed45,ppo,PPO,45
77109,soldier_caught,0,1,0,0,401,9,4.5,392,,,1.4965494871139526,0,1.1080541276863514,1.1120209693908691,1.196015613499029,393,ppo_seed45,ppo,PPO,45
77110,soldier_caught,0,1,0,0,935,15,7.5,920,,,1.7950401306152344,0,1.1341506719395082,1.8814409971237183,1.232735916945984,921,ppo_seed45,ppo,PPO,45
77111,soldier_caught,0,1,0,0,593,9,4.5,584,,,1.1334089040756226,0,1.1436053869306533,0.9434006214141846,1.2338896261038015,585,ppo_seed45,ppo,PPO,45
77112,intercepted,1,0,0,0,960,32,16.0,928,960.0,480.0,5.267137050628662,0,1.155816436327184,1.3120653629302979,1.2537606174453098,929,ppo_seed45,ppo,PPO,45
77113,intercepted,1,0,0,0,1630,12,6.0,1618,1630.0,815.0,2.642261505126953,0,1.1270423292207121,1.2692683935165405,1.2211617142525992,1619,ppo_seed45,ppo,PPO,45
77114,intercepted,1,0,0,0,1421,12,6.0,1409,1421.0,710.5,2.023052930831909,0,1.1485783191199632,0.9439578056335449,1.249940013567537,1410,ppo_seed45,ppo,PPO,45
77115,intercepted,1,0,0,0,191,14,7.0,177,191.0,95.5,4.855683326721191,0,1.1749292077978006,0.4832886755466461,1.2588376914884203,178,ppo_seed45,ppo,PPO,45
77116,intercepted,1,0,0,0,326,23,11.5,303,326.0,163.0,3.6775853633880615,0,1.1293626448237581,1.55355966091156,1.2277060785727414,304,ppo_seed45,ppo,PPO,45
77117,intercepted,1,0,0,0,767,11,5.5,756,767.0,383.5,3.448410987854004,0,1.1609490653266208,0.44784051179885864,1.2702680390740277,757,ppo_seed45,ppo,PPO,45
77118,intercepted,1,0,0,0,423,10,5.0,413,423.0,211.5,2.5844051837921143,0,1.1607701340015384,1.2269155979156494,1.2603788386420167,414,ppo_seed45,ppo,PPO,45
77119,intercepted,1,0,0,0,1360,8,4.0,1352,1360.0,680.0,2.8787920475006104,0,1.118859971436367,0.7687353491783142,1.2204019018032237,1353,ppo_seed45,ppo,PPO,45
77120,intercepted,1,0,0,0,232,19,9.5,213,232.0,116.0,9.400546073913574,0,1.1143313743104444,1.0094473361968994,1.2183913172770737,214,ppo_seed45,ppo,PPO,45
77121,intercepted,1,0,0,0,16,14,7.0,2,16.0,8.0,3.647338628768921,0,0.6882709463437399,0.7602988481521606,0.7156147492676397,3,ppo_seed45,ppo,PPO,45
77122,intercepted,1,0,0,0,309,10,5.0,299,309.0,154.5,3.0047826766967773,0,1.1281863124171894,1.0877543687820435,1.231785242345574,300,ppo_seed45,ppo,PPO,45
77123,soldier_caught,0,1,0,0,921,8,4.0,913,,,1.1190221309661865,0,1.141134023576714,0.4091772437095642,1.2340476652911168,914,ppo_seed45,ppo,PPO,45
77124,soldier_caught,0,1,0,0,208,13,6.5,195,,,0.9272612929344177,0,1.1499178401973782,1.7742972373962402,1.2296944050233207,196,ppo_seed45,ppo,PPO,45
77125,soldier_caught,0,1,0,0,322,7,3.5,315,,,1.5436359643936157,0,1.1739910794304143,1.1422135829925537,1.2833785514632843,316,ppo_seed45,ppo,PPO,45
77126,unsafe_intercept,0,0,1,0,14,12,6.0,2,,,2.9018163681030273,0,1.3230219682057698,0.5666495561599731,1.5474170774204845,3,ppo_seed45,ppo,PPO,45
77127,soldier_caught,0,1,0,0,935,12,6.0,923,,,1.5843244791030884,0,1.134257028661507,1.721161127090454,1.2304945176457647,924,ppo_seed45,ppo,PPO,45
77128,intercepted,1,0,0,0,11,9,4.5,2,11.0,5.5,4.211763381958008,0,1.1308887203534443,1.0573227405548096,1.1923175533311616,3,ppo_seed45,ppo,PPO,45
77129,intercepted,1,0,0,0,323,18,9.0,305,323.0,161.5,6.518033027648926,0,1.1602658455570538,1.1115258932113647,1.2490568973639966,306,ppo_seed45,ppo,PPO,45
77130,soldier_caught,0,1,0,0,555,10,5.0,545,,,1.162347435951233,0,1.1531765069744306,1.0621410608291626,1.248514887245709,546,ppo_seed45,ppo,PPO,45
77131,soldier_caught,0,1,0,0,539,11,5.5,528,,,1.0711275339126587,0,1.1184979179673362,0.5224700570106506,1.2147246700991836,529,ppo_seed45,ppo,PPO,45
77132,soldier_caught,0,1,0,0,607,10,5.0,597,,,1.726300835609436,0,1.167353612373904,0.9595288038253784,1.2658843460614024,598,ppo_seed45,ppo,PPO,45
77133,intercepted,1,0,0,0,644,11,5.5,633,644.0,322.0,3.418991804122925,0,1.1323062471798635,0.2643340528011322,1.2300974466809997,634,ppo_seed45,ppo,PPO,45
77134,soldier_caught,0,1,0,0,889,9,4.5,880,,,1.4352096319198608,0,1.1001199533936656,0.8176038265228271,1.1915784335063073,881,ppo_seed45,ppo,PPO,45
77135,intercepted,1,0,0,0,1001,9,4.5,992,1001.0,500.5,2.123513698577881,0,1.1473043884965708,1.867188811302185,1.2393448864430132,993,ppo_seed45,ppo,PPO,45
77136,soldier_caught,0,1,0,0,251,166,83.0,85,,,1.3276455402374268,0,1.148146020465119,0.9152582883834839,1.2526236157761108,86,ppo_seed45,ppo,PPO,45
77137,soldier_caught,0,1,0,0,55,7,3.5,48,,,1.5534261465072632,0,1.1948825011447983,1.0895113945007324,1.2814783365211813,49,ppo_seed45,ppo,PPO,45
77138,soldier_caught,0,1,0,0,122,15,7.5,107,,,1.6938385963439941,0,1.1191171025512394,0.9353176951408386,1.1992255551729374,108,ppo_seed45,ppo,PPO,45
77139,soldier_caught,0,1,0,0,65,14,7.0,51,,,1.8585917949676514,0,1.1750441801089506,1.2827283143997192,1.25585446336994,52,ppo_seed45,ppo,PPO,45
77140,soldier_caught,0,1,0,0,1048,15,7.5,1033,,,1.7651029825210571,0,1.1453161694152674,2.418368101119995,1.2418685248398285,1034,ppo_seed45,ppo,PPO,45
77141,timeout,0,0,0,1,2000,16,8.0,1984,,,2.059377670288086,0,1.1073110293080886,2.081855535507202,1.1970852244622057,1985,ppo_seed45,ppo,PPO,45
77142,soldier_caught,0,1,0,0,41,14,7.0,27,,,0.883618175983429,0,0.9799630152327674,0.7899278402328491,1.0473897410019941,28,ppo_seed45,ppo,PPO,45
77143,intercepted,1,0,0,0,812,13,6.5,799,812.0,406.0,2.982731819152832,0,1.1144906723126768,2.0173888206481934,1.207222447014851,800,ppo_seed45,ppo,PPO,45
77144,intercepted,1,0,0,0,1212,8,4.0,1204,1212.0,606.0,2.265979051589966,0,1.1123125358612211,1.1199010610580444,1.2090512640002944,1205,ppo_seed45,ppo,PPO,45
77145,soldier_caught,0,1,0,0,284,21,10.5,263,,,1.116465449333191,0,1.1570520184539033,1.2068935632705688,1.2714580716770858,264,ppo_seed45,ppo,PPO,45
77146,soldier_caught,0,1,0,0,401,11,5.5,390,,,1.9370977878570557,0,1.1195731300603398,1.685445785522461,1.205385516312819,391,ppo_seed45,ppo,PPO,45
77147,soldier_caught,0,1,0,0,354,14,7.0,340,,,0.6047776341438293,0,1.1826075168648773,1.4117106199264526,1.285152287273658,341,ppo_seed45,ppo,PPO,45
77148,soldier_caught,0,1,0,0,451,16,8.0,435,,,1.1500825881958008,0,1.1249622414657556,0.8633028864860535,1.2247383515932788,436,ppo_seed45,ppo,PPO,45
77149,unsafe_intercept,0,0,1,0,15,13,6.5,2,,,2.604757070541382,0,1.2232844432195027,2.0726113319396973,1.3650238552153893,3,ppo_seed45,ppo,PPO,45
77150,intercepted,1,0,0,0,185,10,5.0,175,185.0,92.5,7.106588840484619,0,1.1413873520425775,0.4694397747516632,1.2318841479088167,176,ppo_seed45,ppo,PPO,45
77151,intercepted,1,0,0,0,105,12,6.0,93,105.0,52.5,10.81966495513916,0,1.124944531537117,1.0141547918319702,1.2083392227897223,94,ppo_seed45,ppo,PPO,45
77152,timeout,0,0,0,1,2000,27,13.5,1973,,,2.4745330810546875,0,1.1210162725144848,0.6561977863311768,1.2184964131067744,1974,ppo_seed45,ppo,PPO,45
77153,intercepted,1,0,0,0,703,11,5.5,692,703.0,351.5,3.804546594619751,0,1.1005117920527039,1.0255917310714722,1.1940712719557143,693,ppo_seed45,ppo,PPO,45
77154,soldier_caught,0,1,0,0,558,15,7.5,543,,,0.7590368986129761,0,1.172268262516488,2.113948345184326,1.2680174849831052,544,ppo_seed45,ppo,PPO,45
77155,soldier_caught,0,1,0,0,324,12,6.0,312,,,1.3982032537460327,0,1.0920507202085596,1.2467331886291504,1.1859241242690504,313,ppo_seed45,ppo,PPO,45
77156,soldier_caught,0,1,0,0,724,10,5.0,714,,,0.6887848377227783,0,1.1159525292111443,1.1281877756118774,1.2112478977033079,715,ppo_seed45,ppo,PPO,45
77157,intercepted,1,0,0,0,15,13,6.5,2,15.0,7.5,4.0632195472717285,0,1.004277100165685,0.29392561316490173,1.1411512971215596,3,ppo_seed45,ppo,PPO,45
77158,intercepted,1,0,0,0,171,8,4.0,163,171.0,85.5,2.5646674633026123,0,1.0389503623109038,0.5806642174720764,1.136270484530055,164,ppo_seed45,ppo,PPO,45
77159,intercepted,1,0,0,0,460,16,8.0,444,460.0,230.0,4.470804691314697,0,1.1240749505128753,1.9857507944107056,1.2149734534621002,445,ppo_seed45,ppo,PPO,45
77160,intercepted,1,0,0,0,696,17,8.5,679,696.0,348.0,3.211888313293457,0,1.1325583613422863,0.1721404641866684,1.228151041932051,680,ppo_seed45,ppo,PPO,45
77161,soldier_caught,0,1,0,0,174,10,5.0,164,,,1.8133368492126465,0,1.1741771707932154,1.1811864376068115,1.2717047115360494,165,ppo_seed45,ppo,PPO,45
77162,intercepted,1,0,0,0,1059,15,7.5,1044,1059.0,529.5,2.282111167907715,0,1.10333871804356,0.38728517293930054,1.2007743822889732,1045,ppo_seed45,ppo,PPO,45
77163,intercepted,1,0,0,0,126,19,9.5,107,126.0,63.0,7.520059585571289,0,1.1220403355028894,1.2991511821746826,1.22432469086148,108,ppo_seed45,ppo,PPO,45
77164,intercepted,1,0,0,0,24,12,6.0,12,24.0,12.0,7.089437007904053,0,1.3049356983258174,1.8107763528823853,1.4100049362855036,13,ppo_seed45,ppo,PPO,45
77165,intercepted,1,0,0,0,146,14,7.0,132,146.0,73.0,2.1873462200164795,0,1.119128215581851,1.194786787033081,1.2155423765948985,133,ppo_seed45,ppo,PPO,45
77166,soldier_caught,0,1,0,0,84,16,8.0,68,,,1.125644326210022,0,1.1529548317193985,0.35758456587791443,1.267561235877126,69,ppo_seed45,ppo,PPO,45
77167,soldier_caught,0,1,0,0,36,11,5.5,25,,,0.669200599193573,0,1.2259287868554776,0.9337493181228638,1.3126021861407446,26,ppo_seed45,ppo,PPO,45
77168,soldier_caught,0,1,0,0,1717,12,6.0,1705,,,1.3452305793762207,0,1.1260471581683384,0.8308100700378418,1.2197595229517377,1706,ppo_seed45,ppo,PPO,45
77169,soldier_caught,0,1,0,0,58,10,5.0,48,,,1.6284544467926025,0,1.2226801028057022,0.9402467608451843,1.3314262606063625,49,ppo_seed45,ppo,PPO,45
77170,soldier_caught,0,1,0,0,390,30,15.0,360,,,1.0574579238891602,0,1.1184891730629507,0.543035089969635,1.2044553968539249,361,ppo_seed45,ppo,PPO,45
77171,intercepted,1,0,0,0,44,9,4.5,35,44.0,22.0,7.647182941436768,0,1.0649148523807526,1.7199270725250244,1.157616857120168,36,ppo_seed45,ppo,PPO,45
77172,intercepted,1,0,0,0,349,12,6.0,337,349.0,174.5,3.9866135120391846,0,1.164887715704166,0.6554557085037231,1.2696239428813858,338,ppo_seed45,ppo,PPO,45
77173,intercepted,1,0,0,0,261,60,30.0,201,261.0,130.5,4.625197410583496,0,1.099844610558288,0.8270971775054932,1.191289361332851,202,ppo_seed45,ppo,PPO,45
77174,soldier_caught,0,1,0,0,947,15,7.5,932,,,1.6024898290634155,0,1.143353820342215,0.5767698287963867,1.2388487289713457,933,ppo_seed45,ppo,PPO,45
77175,soldier_caught,0,1,0,0,128,7,3.5,121,,,1.493185043334961,0,1.0988039139841423,0.18212902545928955,1.2194154553205812,122,ppo_seed45,ppo,PPO,45
77176,intercepted,1,0,0,0,555,13,6.5,542,555.0,277.5,2.176603078842163,0,1.0977659993161812,1.1546536684036255,1.2017261874054874,543,ppo_seed45,ppo,PPO,45
77177,timeout,0,0,0,1,2000,14,7.0,1986,,,2.3757002353668213,0,1.1172895642324614,1.1032525300979614,1.212937739115457,1987,ppo_seed45,ppo,PPO,45
77178,intercepted,1,0,0,0,167,10,5.0,157,167.0,83.5,2.166398048400879,0,1.157091111699237,0.5947327613830566,1.257259888678538,158,ppo_seed45,ppo,PPO,45
77179,soldier_caught,0,1,0,0,61,10,5.0,51,,,1.53854238986969,0,1.1799077976208467,1.0600645542144775,1.2555154738312806,52,ppo_seed45,ppo,PPO,45
77180,soldier_caught,0,1,0,0,16,13,6.5,3,,,1.763629674911499,0,1.1855579316616058,0.9956849813461304,1.2966892158733783,4,ppo_seed45,ppo,PPO,45
77181,intercepted,1,0,0,0,641,19,9.5,622,641.0,320.5,8.648652076721191,0,1.103670559644125,0.8849902749061584,1.195786303129966,623,ppo_seed45,ppo,PPO,45
77182,soldier_caught,0,1,0,0,400,13,6.5,387,,,1.7415924072265625,0,1.1624894745494287,2.158371925354004,1.253805005090548,388,ppo_seed45,ppo,PPO,45
77183,intercepted,1,0,0,0,434,8,4.0,426,434.0,217.0,3.652284622192383,0,1.1405421050147653,1.036503791809082,1.2308224099207983,427,ppo_seed45,ppo,PPO,45
77184,soldier_caught,0,1,0,0,1144,15,7.5,1129,,,0.9259257912635803,0,1.1074839384056034,0.8393308520317078,1.203583100730374,1130,ppo_seed45,ppo,PPO,45
77185,soldier_caught,0,1,0,0,1221,32,16.0,1189,,,1.4403117895126343,0,1.106264069776575,1.388432502746582,1.2061681666050719,1190,ppo_seed45,ppo,PPO,45
77186,intercepted,1,0,0,0,72,11,5.5,61,72.0,36.0,6.232326507568359,0,1.2301101624484985,1.6187001466751099,1.3165523777168207,62,ppo_seed45,ppo,PPO,45
77187,soldier_caught,0,1,0,0,326,7,3.5,319,,,1.5738002061843872,0,1.1291113822953776,1.3087105751037598,1.223828955745733,320,ppo_seed45,ppo,PPO,45
77188,intercepted,1,0,0,0,802,12,6.0,790,802.0,401.0,2.936319351196289,0,1.1047343739629847,1.461643934249878,1.2012489032992242,791,ppo_seed45,ppo,PPO,45
77189,soldier_caught,0,1,0,0,1619,8,4.0,1611,,,0.748563289642334,0,1.1149941372821481,1.0687731504440308,1.213137956679539,1612,ppo_seed45,ppo,PPO,45
77190,soldier_caught,0,1,0,0,544,12,6.0,532,,,1.4427368640899658,0,1.1631076055776335,0.20315124094486237,1.273114305201533,533,ppo_seed45,ppo,PPO,45
77191,intercepted,1,0,0,0,561,7,3.5,554,561.0,280.5,3.7974178791046143,0,1.1194594077698818,1.2643356323242188,1.2126818547784852,555,ppo_seed45,ppo,PPO,45
77192,soldier_caught,0,1,0,0,63,7,3.5,56,,,1.538787603378296,0,1.1383327805159384,0.8735644817352295,1.2179392452798643,57,ppo_seed45,ppo,PPO,45
77193,soldier_caught,0,1,0,0,727,9,4.5,718,,,1.9258109331130981,0,1.102767382889613,0.8418957591056824,1.204103745660666,719,ppo_seed45,ppo,PPO,45
77194,intercepted,1,0,0,0,170,20,10.0,150,170.0,85.0,2.574185848236084,0,1.061003417270073,2.164360761642456,1.1460496711821586,151,ppo_seed45,ppo,PPO,45
77195,intercepted,1,0,0,0,119,7,3.5,112,119.0,59.5,2.139820098876953,0,1.0721893187909,1.3359684944152832,1.1881018881559327,113,ppo_seed45,ppo,PPO,45
77196,soldier_caught,0,1,0,0,114,9,4.5,105,,,0.791306734085083,0,1.0630390826823577,0.7250661253929138,1.168035623375792,106,ppo_seed45,ppo,PPO,45
77197,intercepted,1,0,0,0,494,27,13.5,467,494.0,247.0,3.0437238216400146,0,1.1095323090115163,1.2907830476760864,1.203375616791453,468,ppo_seed45,ppo,PPO,45
77198,soldier_caught,0,1,0,0,798,8,4.0,790,,,1.5749434232711792,0,1.1101057097579525,0.4834819734096527,1.2071375645082458,791,ppo_seed45,ppo,PPO,45
77199,intercepted,1,0,0,0,32,17,8.5,15,32.0,16.0,12.21094799041748,0,1.1513861194252968,1.3833144903182983,1.2245442170265368,16,ppo_seed45,ppo,PPO,45
77200,intercepted,1,0,0,0,323,21,10.5,302,323.0,161.5,7.1846723556518555,0,1.1230742328434493,1.1205823421478271,1.2032277942162168,303,ppo_seed45,ppo,PPO,45
77201,intercepted,1,0,0,0,462,9,4.5,453,462.0,231.0,3.492006540298462,0,1.0894581462679194,0.569557249546051,1.1857298793256665,454,ppo_seed45,ppo,PPO,45
77202,intercepted,1,0,0,0,563,11,5.5,552,563.0,281.5,3.006544828414917,0,1.096455874335809,1.3040130138397217,1.1967283825974189,553,ppo_seed45,ppo,PPO,45
77203,soldier_caught,0,1,0,0,1166,14,7.0,1152,,,1.8070729970932007,0,1.1318430705424092,0.5234400629997253,1.229908127562168,1153,ppo_seed45,ppo,PPO,45
77204,intercepted,1,0,0,0,168,35,17.5,133,168.0,84.0,6.401897430419922,0,1.1408968799149812,0.7736320495605469,1.2325686480946854,134,ppo_seed45,ppo,PPO,45
77205,soldier_caught,0,1,0,0,1134,11,5.5,1123,,,1.391517162322998,0,1.1302881073007804,1.0932930707931519,1.2243092898087835,1124,ppo_seed45,ppo,PPO,45
77206,soldier_caught,0,1,0,0,735,11,5.5,724,,,1.5314366817474365,0,1.124077780298118,1.6081349849700928,1.2149659579067025,725,ppo_seed45,ppo,PPO,45
77207,soldier_caught,0,1,0,0,894,9,4.5,885,,,0.791267991065979,0,1.1331876535935677,1.0078144073486328,1.2306465037323449,886,ppo_seed45,ppo,PPO,45
77208,soldier_caught,0,1,0,0,46,44,22.0,2,,,1.0710057020187378,0,0.8091656963030497,0.7685060501098633,0.8243337352189869,3,ppo_seed45,ppo,PPO,45
77209,soldier_caught,0,1,0,0,1326,20,10.0,1306,,,0.8309851288795471,0,1.1212189389875853,1.3172680139541626,1.2201488635753157,1307,ppo_seed45,ppo,PPO,45
77210,soldier_caught,0,1,0,0,154,19,9.5,135,,,0.9838064908981323,0,1.0912623685401153,2.0263614654541016,1.1692651623015897,136,ppo_seed45,ppo,PPO,45
77211,intercepted,1,0,0,0,146,13,6.5,133,146.0,73.0,6.6542534828186035,0,1.1312568912755196,0.5559426546096802,1.2137229078730438,134,ppo_seed45,ppo,PPO,45
77212,intercepted,1,0,0,0,499,11,5.5,488,499.0,249.5,7.2013325691223145,0,1.1164163873666146,1.506500005722046,1.2142952357985837,489,ppo_seed45,ppo,PPO,45
77213,intercepted,1,0,0,0,970,9,4.5,961,970.0,485.0,5.6115570068359375,0,1.1388053881225182,1.56905198097229,1.234787499153054,962,ppo_seed45,ppo,PPO,45
77214,soldier_caught,0,1,0,0,535,13,6.5,522,,,1.1810044050216675,0,1.0956050884655284,0.36938050389289856,1.1886573720975075,523,ppo_seed45,ppo,PPO,45
77215,soldier_caught,0,1,0,0,12,10,5.0,2,,,1.3872724771499634,0,0.6353898644447327,1.2865182161331177,0.7937713150736729,3,ppo_seed45,ppo,PPO,45
77216,intercepted,1,0,0,0,752,42,21.0,710,752.0,376.0,3.911912679672241,0,1.1634209622352603,0.7229394912719727,1.2623722249553864,711,ppo_seed45,ppo,PPO,45
77217,intercepted,1,0,0,0,616,11,5.5,605,616.0,308.0,3.3976240158081055,0,1.0981960993493745,1.4450263977050781,1.194476747090811,606,ppo_seed45,ppo,PPO,45
77218,intercepted,1,0,0,0,929,16,8.0,913,929.0,464.5,2.6568357944488525,0,1.114969628428963,0.09661776572465897,1.2107383926919264,914,ppo_seed45,ppo,PPO,45
77219,intercepted,1,0,0,0,109,7,3.5,102,109.0,54.5,5.621791839599609,0,1.100405568347394,1.5101029872894287,1.1959621635614193,103,ppo_seed45,ppo,PPO,45
77220,intercepted,1,0,0,0,36,11,5.5,25,36.0,18.0,12.732465744018555,0,1.1846923667650957,0.6548107862472534,1.2889983534038965,26,ppo_seed45,ppo,PPO,45
77221,intercepted,1,0,0,0,595,9,4.5,586,595.0,297.5,5.584792613983154,0,1.1020592109663523,1.0563311576843262,1.191790747044943,587,ppo_seed45,ppo,PPO,45
77222,intercepted,1,0,0,0,660,9,4.5,651,660.0,330.0,4.930676460266113,0,1.100684372696774,1.2975319623947144,1.191572148560717,652,ppo_seed45,ppo,PPO,45
77223,intercepted,1,0,0,0,74,8,4.0,66,74.0,37.0,3.8153603076934814,0,1.0468733573137825,0.40061238408088684,1.1385018452979192,67,ppo_seed45,ppo,PPO,45
77224,soldier_caught,0,1,0,0,234,12,6.0,222,,,1.8242050409317017,0,1.1042313098640186,0.7808334827423096,1.210711206339224,223,ppo_seed45,ppo,PPO,45
77225,soldier_caught,0,1,0,0,123,80,40.0,43,,,1.7247965335845947,0,1.1369622762907634,1.0144872665405273,1.2247729386475668,44,ppo_seed45,ppo,PPO,45
77226,soldier_caught,0,1,0,0,650,16,8.0,634,,,0.5879055857658386,0,1.1485617787701876,1.0017062425613403,1.2441255180250947,635,ppo_seed45,ppo,PPO,45
77227,soldier_caught,0,1,0,0,199,10,5.0,189,,,1.7723034620285034,0,1.0700817274419885,2.0900015830993652,1.1622336358817655,190,ppo_seed45,ppo,PPO,45
77228,soldier_caught,0,1,0,0,495,15,7.5,480,,,1.4947539567947388,0,1.1380036061246281,0.8870693445205688,1.2405224865355189,481,ppo_seed45,ppo,PPO,45
77229,intercepted,1,0,0,0,462,8,4.0,454,462.0,231.0,4.981788635253906,0,1.1239482387081607,0.5924422740936279,1.2294696726333747,455,ppo_seed45,ppo,PPO,45
77230,soldier_caught,0,1,0,0,815,17,8.5,798,,,1.918213129043579,0,1.1384432779646039,1.2311649322509766,1.2397751545715618,799,ppo_seed45,ppo,PPO,45
77231,intercepted,1,0,0,0,82,14,7.0,68,82.0,41.0,8.56688404083252,0,1.1028252120899118,1.4813367128372192,1.2133426337957782,69,ppo_seed45,ppo,PPO,45
77232,intercepted,1,0,0,0,149,11,5.5,138,149.0,74.5,2.344543695449829,0,1.1422617120815695,0.858558714389801,1.2375969524673947,139,ppo_seed45,ppo,PPO,45
77233,soldier_caught,0,1,0,0,76,8,4.0,68,,,1.2957282066345215,0,1.1122848045998726,0.4632260203361511,1.2144038776739783,69,ppo_seed45,ppo,PPO,45
77234,intercepted,1,0,0,0,42,11,5.5,31,42.0,21.0,6.677340984344482,0,1.0946178841404617,0.9202555418014526,1.2037876690475098,32,ppo_seed45,ppo,PPO,45
77235,soldier_caught,0,1,0,0,195,11,5.5,184,,,1.704128623008728,0,1.088861261670654,1.1093957424163818,1.1697691492158575,185,ppo_seed45,ppo,PPO,45
77236,intercepted,1,0,0,0,719,11,5.5,708,719.0,359.5,7.990166187286377,0,1.1135268884228886,0.5171805620193481,1.1984884788782373,709,ppo_seed45,ppo,PPO,45
77237,soldier_caught,0,1,0,0,418,9,4.5,409,,,1.4175169467926025,0,1.1461752967500105,0.6319089531898499,1.244781163755566,410,ppo_seed45,ppo,PPO,45
77238,intercepted,1,0,0,0,385,12,6.0,373,385.0,192.5,6.884474754333496,0,1.0725744035553166,0.9058670997619629,1.1741130513478386,374,ppo_seed45,ppo,PPO,45
77239,intercepted,1,0,0,0,464,16,8.0,448,464.0,232.0,3.7182273864746094,0,1.1301051135152114,0.718195378780365,1.2293134873902287,449,ppo_seed45,ppo,PPO,45
77240,soldier_caught,0,1,0,0,187,10,5.0,177,,,1.0423915386199951,0,1.1144618955388497,1.4548386335372925,1.1999689913949052,178,ppo_seed45,ppo,PPO,45
77241,intercepted,1,0,0,0,513,7,3.5,506,513.0,256.5,3.2440998554229736,0,1.1677390459550203,1.328811526298523,1.2638415246408272,507,ppo_seed45,ppo,PPO,45
77242,soldier_caught,0,1,0,0,65,8,4.0,57,,,1.4349400997161865,0,1.1039469380830895,1.2256916761398315,1.17886011723096,58,ppo_seed45,ppo,PPO,45
77243,intercepted,1,0,0,0,1115,8,4.0,1107,1115.0,557.5,2.9171853065490723,0,1.129120909215526,0.7592819929122925,1.2165791104641286,1108,ppo_seed45,ppo,PPO,45
77244,intercepted,1,0,0,0,121,11,5.5,110,121.0,60.5,4.980879306793213,0,1.205428390218331,0.7937579154968262,1.3037516165925653,111,ppo_seed45,ppo,PPO,45
77245,intercepted,1,0,0,0,499,14,7.0,485,499.0,249.5,2.9634666442871094,0,1.1291254752702673,1.240012764930725,1.22064482055188,486,ppo_seed45,ppo,PPO,45
77246,soldier_caught,0,1,0,0,614,12,6.0,602,,,1.6397150754928589,0,1.1456325583493532,0.6575332283973694,1.2401842353012402,603,ppo_seed45,ppo,PPO,45
77247,intercepted,1,0,0,0,376,9,4.5,367,376.0,188.0,3.1364951133728027,0,1.1249648753310675,0.8499664664268494,1.2316062393285374,368,ppo_seed45,ppo,PPO,45
77248,intercepted,1,0,0,0,194,14,7.0,180,194.0,97.0,2.24927020072937,0,1.1093375705059063,1.525402545928955,1.2025620831733193,181,ppo_seed45,ppo,PPO,45
77249,intercepted,1,0,0,0,545,10,5.0,535,545.0,272.5,4.268223762512207,0,1.1058555230943126,1.1386146545410156,1.2049674765592069,536,ppo_seed45,ppo,PPO,45
77250,intercepted,1,0,0,0,635,9,4.5,626,635.0,317.5,2.077155828475952,0,1.118879419337049,0.9468933343887329,1.2141387649711284,627,ppo_seed45,ppo,PPO,45
77251,intercepted,1,0,0,0,320,13,6.5,307,320.0,160.0,2.794597864151001,0,1.1204667943348359,0.5300659537315369,1.213475286816091,308,ppo_seed45,ppo,PPO,45
77252,intercepted,1,0,0,0,349,13,6.5,336,349.0,174.5,2.5431220531463623,0,1.1326936401360466,1.3970550298690796,1.2289817326306962,337,ppo_seed45,ppo,PPO,45
77253,intercepted,1,0,0,0,488,8,4.0,480,488.0,244.0,2.1409027576446533,0,1.1616892590963914,1.7115906476974487,1.2538123094215303,481,ppo_seed45,ppo,PPO,45
77254,intercepted,1,0,0,0,766,20,10.0,746,766.0,383.0,2.7322802543640137,0,1.1143523193347247,1.3795794248580933,1.208261244670089,747,ppo_seed45,ppo,PPO,45
77255,intercepted,1,0,0,0,732,7,3.5,725,732.0,366.0,2.3806276321411133,0,1.1506572815463891,1.7028803825378418,1.250039077029255,726,ppo_seed45,ppo,PPO,45
77256,intercepted,1,0,0,0,333,35,17.5,298,333.0,166.5,4.311215400695801,0,1.1308466399892119,1.869703769683838,1.223181580903312,299,ppo_seed45,ppo,PPO,45
77257,intercepted,1,0,0,0,25,9,4.5,16,25.0,12.5,7.586885929107666,0,1.4238048546454485,2.290400743484497,1.4900588683690432,17,ppo_seed45,ppo,PPO,45
77258,unsafe_intercept,0,0,1,0,11,9,4.5,2,,,3.177368402481079,0,1.1258749961853027,1.2836183309555054,1.151095603849881,3,ppo_seed45,ppo,PPO,45
77259,soldier_caught,0,1,0,0,1054,26,13.0,1028,,,1.4800161123275757,0,1.1285685096931644,0.9281134605407715,1.2258852405560747,1029,ppo_seed45,ppo,PPO,45
77260,soldier_caught,0,1,0,0,921,48,24.0,873,,,1.5476853847503662,0,1.1198729705278605,2.2563436031341553,1.213430650991776,874,ppo_seed45,ppo,PPO,45
77261,soldier_caught,0,1,0,0,657,57,28.5,600,,,1.427410364151001,0,1.1483398332274495,0.817782461643219,1.2441277754899325,601,ppo_seed45,ppo,PPO,45
77262,intercepted,1,0,0,0,512,13,6.5,499,512.0,256.0,2.412997245788574,0,1.1219542558193207,0.12499717622995377,1.222898538584849,500,ppo_seed45,ppo,PPO,45
77263,intercepted,1,0,0,0,308,40,20.0,268,308.0,154.0,7.354062557220459,0,1.168879199537646,1.2521685361862183,1.2690745342209293,269,ppo_seed45,ppo,PPO,45
77264,soldier_caught,0,1,0,0,505,14,7.0,491,,,0.24567553400993347,0,1.1407377526951514,1.4999490976333618,1.2444678817867245,492,ppo_seed45,ppo,PPO,45
77265,intercepted,1,0,0,0,412,7,3.5,405,412.0,206.0,4.104753494262695,0,1.1375119381864083,1.2865921258926392,1.2408807459919136,406,ppo_seed45,ppo,PPO,45
77266,intercepted,1,0,0,0,123,31,15.5,92,123.0,61.5,10.73054027557373,0,1.1220544220939759,0.9644568562507629,1.2242316537857967,93,ppo_seed45,ppo,PPO,45
77267,soldier_caught,0,1,0,0,35,11,5.5,24,,,0.6597656011581421,0,1.0933574116230012,1.7843787670135498,1.1793312834315461,25,ppo_seed45,ppo,PPO,45
77268,soldier_caught,0,1,0,0,779,30,15.0,749,,,1.8875679969787598,0,1.12174856954813,0.945592999458313,1.226668838729439,750,ppo_seed45,ppo,PPO,45
77269,intercepted,1,0,0,0,413,12,6.0,401,413.0,206.5,2.6411030292510986,0,1.096188825235438,0.5537506341934204,1.1816938515029272,402,ppo_seed45,ppo,PPO,45
77270,soldier_caught,0,1,0,0,730,9,4.5,721,,,1.529063105583191,0,1.1177005448953927,1.2871825695037842,1.2139792578279507,722,ppo_seed45,ppo,PPO,45
77271,soldier_caught,0,1,0,0,678,10,5.0,668,,,1.3345746994018555,0,1.1419066088928413,1.0938024520874023,1.2344203076241596,669,ppo_seed45,ppo,PPO,45
77272,intercepted,1,0,0,0,87,10,5.0,77,87.0,43.5,3.1697914600372314,0,1.1042970415109243,0.49563881754875183,1.2045634967756085,78,ppo_seed45,ppo,PPO,45
77273,soldier_caught,0,1,0,0,404,11,5.5,393,,,1.4824795722961426,0,1.1932658175299615,1.0781351327896118,1.2862787215543907,394,ppo_seed45,ppo,PPO,45
77274,intercepted,1,0,0,0,14,12,6.0,2,14.0,7.0,5.064777851104736,0,1.530912200609843,1.1413220167160034,1.5689985304028158,3,ppo_seed45,ppo,PPO,45
77275,soldier_caught,0,1,0,0,253,11,5.5,242,,,0.8947913646697998,0,1.1020605839451645,0.947287917137146,1.1984491259146308,243,ppo_seed45,ppo,PPO,45
77276,intercepted,1,0,0,0,490,10,5.0,480,490.0,245.0,3.0083675384521484,0,1.1452667142212267,1.208770513534546,1.2486495122734254,481,ppo_seed45,ppo,PPO,45
77277,soldier_caught,0,1,0,0,569,17,8.5,552,,,1.9791110754013062,0,1.13487932282697,1.8841856718063354,1.2293090872453423,553,ppo_seed45,ppo,PPO,45
77278,soldier_caught,0,1,0,0,406,14,7.0,392,,,1.5060592889785767,0,1.1132128614240324,0.45403042435646057,1.2184798987828465,393,ppo_seed45,ppo,PPO,45
77279,intercepted,1,0,0,0,687,9,4.5,678,687.0,343.5,5.637128829956055,0,1.123013638486655,1.008451223373413,1.2151641851072068,679,ppo_seed45,ppo,PPO,45
77280,soldier_caught,0,1,0,0,46,15,7.5,31,,,1.673063039779663,0,1.0618712399154902,1.2380605936050415,1.1412406697563968,32,ppo_seed45,ppo,PPO,45
77281,soldier_caught,0,1,0,0,287,42,21.0,245,,,0.2754501700401306,0,1.1582780610012815,0.9723696708679199,1.260726488740757,246,ppo_seed45,ppo,PPO,45
77282,soldier_caught,0,1,0,0,1002,7,3.5,995,,,1.4641752243041992,0,1.141570178975153,1.2387590408325195,1.2377436706949336,996,ppo_seed45,ppo,PPO,45
77283,intercepted,1,0,0,0,429,23,11.5,406,429.0,214.5,11.180795669555664,0,1.1551384900945996,2.2291908264160156,1.2484688496993133,407,ppo_seed45,ppo,PPO,45
77284,soldier_caught,0,1,0,0,406,9,4.5,397,,,0.8976626992225647,0,1.16686132344319,1.0223093032836914,1.2576416742399494,398,ppo_seed45,ppo,PPO,45
77285,soldier_caught,0,1,0,0,1726,38,19.0,1688,,,1.3984732627868652,0,1.128578159258943,1.0028002262115479,1.2268155798743479,1689,ppo_seed45,ppo,PPO,45
77286,soldier_caught,0,1,0,0,571,9,4.5,562,,,1.5825319290161133,0,1.1320910194812617,1.7709760665893555,1.2223819343886835,563,ppo_seed45,ppo,PPO,45
77287,soldier_caught,0,1,0,0,327,47,23.5,280,,,1.7728345394134521,0,1.1389488705642707,0.4564332664012909,1.221423299330581,281,ppo_seed45,ppo,PPO,45
77288,soldier_caught,0,1,0,0,277,9,4.5,268,,,0.936486005783081,0,1.1444957067421377,1.2167017459869385,1.2497761841322754,269,ppo_seed45,ppo,PPO,45
77289,intercepted,1,0,0,0,678,10,5.0,668,678.0,339.0,2.3561081886291504,0,1.103601144868964,0.7183233499526978,1.199543679144049,669,ppo_seed45,ppo,PPO,45
77290,soldier_caught,0,1,0,0,240,13,6.5,227,,,1.3466099500656128,0,1.1528124143287801,1.4993208646774292,1.2448168948351392,228,ppo_seed45,ppo,PPO,45
77291,soldier_caught,0,1,0,0,789,14,7.0,775,,,1.6426886320114136,0,1.1472955180005622,1.1527141332626343,1.2478335208862297,776,ppo_seed45,ppo,PPO,45
77292,soldier_caught,0,1,0,0,1361,44,22.0,1317,,,1.7560471296310425,0,1.1297659395666784,1.007365107536316,1.229285072720534,1318,ppo_seed45,ppo,PPO,45
77293,intercepted,1,0,0,0,364,12,6.0,352,364.0,182.0,2.1042752265930176,0,1.1434055405112231,0.6813284754753113,1.2521742825287474,353,ppo_seed45,ppo,PPO,45
77294,intercepted,1,0,0,0,12,9,4.5,3,12.0,6.0,4.000309944152832,0,0.8800918608903885,0.8394485116004944,0.9095183017964321,4,ppo_seed45,ppo,PPO,45
77295,soldier_caught,0,1,0,0,486,34,17.0,452,,,1.578080654144287,0,1.1332809992512856,1.4976245164871216,1.2309552678073996,453,ppo_seed45,ppo,PPO,45
77296,intercepted,1,0,0,0,352,8,4.0,344,352.0,176.0,2.418520212173462,0,1.1581088813318723,0.5944865345954895,1.25034513864374,345,ppo_seed45,ppo,PPO,45
77297,intercepted,1,0,0,0,310,8,4.0,302,310.0,155.0,4.189001560211182,0,1.0815938099628628,1.8529765605926514,1.1769675561764112,303,ppo_seed45,ppo,PPO,45
77298,intercepted,1,0,0,0,713,9,4.5,704,713.0,356.5,3.2877190113067627,0,1.1342358057591932,1.181092381477356,1.23488632003657,705,ppo_seed45,ppo,PPO,45
77299,intercepted,1,0,0,0,351,14,7.0,337,351.0,175.5,10.174575805664062,0,1.164989050147096,2.106792449951172,1.2504872692077358,338,ppo_seed45,ppo,PPO,45
77300,soldier_caught,0,1,0,0,158,10,5.0,148,,,1.778102993965149,0,1.1155970492618996,0.46886876225471497,1.208901182939925,149,ppo_seed45,ppo,PPO,45
77301,soldier_caught,0,1,0,0,542,11,5.5,531,,,1.8779034614562988,0,1.1431088585378533,0.966802716255188,1.2399696807325942,532,ppo_seed45,ppo,PPO,45
77302,soldier_caught,0,1,0,0,322,17,8.5,305,,,1.3451646566390991,0,1.0786578057248608,1.3059173822402954,1.1770111474326077,306,ppo_seed45,ppo,PPO,45
77303,soldier_caught,0,1,0,0,525,9,4.5,516,,,0.7532657980918884,0,1.115538385637263,1.0846651792526245,1.2097453276715835,517,ppo_seed45,ppo,PPO,45
77304,soldier_caught,0,1,0,0,183,11,5.5,172,,,1.866255521774292,0,1.125786012910694,1.069882869720459,1.2174246323806655,173,ppo_seed45,ppo,PPO,45
77305,intercepted,1,0,0,0,67,16,8.0,51,67.0,33.5,10.272847175598145,0,1.1484225913882256,1.0923980474472046,1.2258557548052773,52,ppo_seed45,ppo,PPO,45
77306,intercepted,1,0,0,0,398,37,18.5,361,398.0,199.0,3.0610010623931885,0,1.1156468769092915,0.5223044753074646,1.2192445681455502,362,ppo_seed45,ppo,PPO,45
77307,soldier_caught,0,1,0,0,376,11,5.5,365,,,1.910945177078247,0,1.1144664026186115,1.0771540403366089,1.213301999677263,366,ppo_seed45,ppo,PPO,45
77308,intercepted,1,0,0,0,251,27,13.5,224,251.0,125.5,2.1628708839416504,0,1.121380846036805,0.9896511435508728,1.2162450252528418,225,ppo_seed45,ppo,PPO,45
77309,intercepted,1,0,0,0,266,8,4.0,258,266.0,133.0,4.482107162475586,0,1.1175526019228932,1.248937726020813,1.2078853879210079,259,ppo_seed45,ppo,PPO,45
77310,intercepted,1,0,0,0,455,12,6.0,443,455.0,227.5,5.840348243713379,0,1.1427502980673905,0.9233934283256531,1.2463265183700045,444,ppo_seed45,ppo,PPO,45
77311,intercepted,1,0,0,0,151,47,23.5,104,151.0,75.5,12.19124984741211,0,1.1694102116993494,1.4711520671844482,1.2824330656153526,105,ppo_seed45,ppo,PPO,45
77312,soldier_caught,0,1,0,0,891,40,20.0,851,,,0.7528339624404907,0,1.137565339115304,0.26921558380126953,1.2336985447565652,852,ppo_seed45,ppo,PPO,45
77313,soldier_caught,0,1,0,0,83,8,4.0,75,,,1.7510194778442383,0,1.1356081664562225,1.5667659044265747,1.2455301605673348,76,ppo_seed45,ppo,PPO,45
77314,intercepted,1,0,0,0,148,12,6.0,136,148.0,74.0,2.520251750946045,0,1.1033650353877213,1.195430874824524,1.1816656884038212,137,ppo_seed45,ppo,PPO,45
77315,soldier_caught,0,1,0,0,1077,16,8.0,1061,,,1.2611782550811768,0,1.1290056151943018,0.9797732830047607,1.2221275538436167,1062,ppo_seed45,ppo,PPO,45
77316,soldier_caught,0,1,0,0,36,13,6.5,23,,,1.9477589130401611,0,1.142869306107362,0.9733790159225464,1.2581578637256958,24,ppo_seed45,ppo,PPO,45
77317,intercepted,1,0,0,0,143,10,5.0,133,143.0,71.5,6.22429895401001,0,1.144404191634993,1.7575433254241943,1.2567797862568513,134,ppo_seed45,ppo,PPO,45
77318,soldier_caught,0,1,0,0,858,11,5.5,847,,,1.6444885730743408,0,1.1389820312835135,1.0282177925109863,1.2311600906882956,848,ppo_seed45,ppo,PPO,45
77319,soldier_caught,0,1,0,0,827,57,28.5,770,,,1.7811037302017212,0,1.1423013478556185,0.7393955588340759,1.2320673616626185,771,ppo_seed45,ppo,PPO,45
77320,soldier_caught,0,1,0,0,291,10,5.0,281,,,1.1359195709228516,0,1.1098841271818953,0.5721163749694824,1.2151390823044683,282,ppo_seed45,ppo,PPO,45
77321,soldier_caught,0,1,0,0,531,52,26.0,479,,,1.6354303359985352,0,1.10520538611648,1.6892703771591187,1.1956667877401466,480,ppo_seed45,ppo,PPO,45
77322,intercepted,1,0,0,0,928,14,7.0,914,928.0,464.0,3.4668805599212646,0,1.1179571727015933,1.1681557893753052,1.213115812273354,915,ppo_seed45,ppo,PPO,45
77323,intercepted,1,0,0,0,641,13,6.5,628,641.0,320.5,2.839160680770874,0,1.1682393733287653,1.5016123056411743,1.2586642089322682,629,ppo_seed45,ppo,PPO,45
77324,soldier_caught,0,1,0,0,239,8,4.0,231,,,0.7113667726516724,0,1.1415086651606292,1.982418179512024,1.2277168210073026,232,ppo_seed45,ppo,PPO,45
77325,intercepted,1,0,0,0,786,12,6.0,774,786.0,393.0,2.4231197834014893,0,1.136566933681888,1.8364982604980469,1.2333576043447825,775,ppo_seed45,ppo,PPO,45
77326,unsafe_intercept,0,0,1,0,13,11,5.5,2,,,2.232964277267456,0,1.3005627791086833,1.2782602310180664,1.3091624824914023,3,ppo_seed45,ppo,PPO,45
77327,soldier_caught,0,1,0,0,143,10,5.0,133,,,0.9380759000778198,0,1.0980600151997895,1.1458314657211304,1.1880736710158335,134,ppo_seed45,ppo,PPO,45
77328,intercepted,1,0,0,0,42,14,7.0,28,42.0,21.0,14.545419692993164,0,1.144636823699392,0.24550320208072662,1.2505447728454366,29,ppo_seed45,ppo,PPO,45
77329,soldier_caught,0,1,0,0,652,21,10.5,631,,,1.4292486906051636,0,1.1420686821677262,1.3245023488998413,1.2306043272917708,632,ppo_seed45,ppo,PPO,45
77330,intercepted,1,0,0,0,324,13,6.5,311,324.0,162.0,2.9907400608062744,0,1.086413092385882,1.2099655866622925,1.1821943579273075,312,ppo_seed45,ppo,PPO,45
77331,intercepted,1,0,0,0,889,14,7.0,875,889.0,444.5,5.965729713439941,0,1.096321588314083,0.7498943209648132,1.1920455236727303,876,ppo_seed45,ppo,PPO,45
77332,soldier_caught,0,1,0,0,224,9,4.5,215,,,0.8225529789924622,0,1.182418926032605,1.065004587173462,1.2890000383966504,216,ppo_seed45,ppo,PPO,45
77333,soldier_caught,0,1,0,0,892,10,5.0,882,,,1.747174620628357,0,1.129033170665782,1.0414252281188965,1.224406066809707,883,ppo_seed45,ppo,PPO,45
77334,soldier_caught,0,1,0,0,255,14,7.0,241,,,0.9434864521026611,0,1.1623709119917933,1.0473016500473022,1.2649126882194814,242,ppo_seed45,ppo,PPO,45
77335,intercepted,1,0,0,0,50,48,24.0,2,50.0,25.0,5.306520938873291,0,1.2482285499572754,1.388016939163208,1.2585635347771007,3,ppo_seed45,ppo,PPO,45
77336,intercepted,1,0,0,0,423,8,4.0,415,423.0,211.5,6.021219253540039,0,1.099429479155403,1.2072087526321411,1.2033231589103868,416,ppo_seed45,ppo,PPO,45
77337,soldier_caught,0,1,0,0,1592,15,7.5,1577,,,1.027004599571228,0,1.1174914574271826,0.4953071177005768,1.2160904778539758,1578,ppo_seed45,ppo,PPO,45
77338,unsafe_intercept,0,0,1,0,10,8,4.0,2,,,2.163825035095215,0,0.7617682218551636,0.30579471588134766,0.827954272791605,3,ppo_seed45,ppo,PPO,45
77339,intercepted,1,0,0,0,49,14,7.0,35,49.0,24.5,10.932568550109863,0,1.1682959919174511,0.5137860774993896,1.2654670909634418,36,ppo_seed45,ppo,PPO,45
77340,soldier_caught,0,1,0,0,157,10,5.0,147,,,1.9732744693756104,0,1.073760569599029,1.3183518648147583,1.1830451493032141,148,ppo_seed45,ppo,PPO,45
77341,soldier_caught,0,1,0,0,220,12,6.0,208,,,0.8707829713821411,0,1.1046639926838533,1.3365110158920288,1.1980072041854384,209,ppo_seed45,ppo,PPO,45
77342,soldier_caught,0,1,0,0,1316,31,15.5,1285,,,1.5802724361419678,0,1.1188694931578302,1.5172487497329712,1.208874193797158,1286,ppo_seed45,ppo,PPO,45
77343,intercepted,1,0,0,0,779,11,5.5,768,779.0,389.5,4.523961067199707,0,1.1128950676310356,2.4858710765838623,1.2060449914308131,769,ppo_seed45,ppo,PPO,45
77344,soldier_caught,0,1,0,0,1730,101,50.5,1629,,,1.714274525642395,0,1.1064164493072983,1.585905909538269,1.2078724601893618,1630,ppo_seed45,ppo,PPO,45
77345,intercepted,1,0,0,0,188,13,6.5,175,188.0,94.0,10.627447128295898,0,1.143279441462999,2.086261510848999,1.2406766535207838,176,ppo_seed45,ppo,PPO,45
77346,intercepted,1,0,0,0,366,15,7.5,351,366.0,183.0,5.229233264923096,0,1.1127151362597942,0.7489498853683472,1.2196865371714363,352,ppo_seed45,ppo,PPO,45
77347,soldier_caught,0,1,0,0,1672,11,5.5,1661,,,1.175173282623291,0,1.1352415384924226,0.8169164657592773,1.2325560748249664,1662,ppo_seed45,ppo,PPO,45
77348,soldier_caught,0,1,0,0,139,13,6.5,126,,,1.4340763092041016,0,1.14658995277769,0.6489796042442322,1.2394749375996286,127,ppo_seed45,ppo,PPO,45
77349,soldier_caught,0,1,0,0,234,8,4.0,226,,,0.4413065016269684,0,1.1093103389382888,0.7589564323425293,1.1967923207079452,227,ppo_seed45,ppo,PPO,45
77350,intercepted,1,0,0,0,573,34,17.0,539,573.0,286.5,7.512674808502197,0,1.1465272035311769,1.3917964696884155,1.236244778918519,540,ppo_seed45,ppo,PPO,45
77351,intercepted,1,0,0,0,203,8,4.0,195,203.0,101.5,6.560834884643555,0,1.1486844009890849,1.5193434953689575,1.2306671288732038,196,ppo_seed45,ppo,PPO,45
77352,intercepted,1,0,0,0,15,13,6.5,2,15.0,7.5,5.223505973815918,0,1.0853196183840434,0.8531148433685303,1.1673765086904588,3,ppo_seed45,ppo,PPO,45
77353,intercepted,1,0,0,0,569,9,4.5,560,569.0,284.5,3.3957831859588623,0,1.1175951293392403,1.3770318031311035,1.2142536464443439,561,ppo_seed45,ppo,PPO,45
77354,soldier_caught,0,1,0,0,14,12,6.0,2,,,1.6462639570236206,0,1.1677953998247783,1.4408451318740845,1.1866629935633701,3,ppo_seed45,ppo,PPO,45
77355,intercepted,1,0,0,0,1629,18,9.0,1611,1629.0,814.5,3.599698066711426,0,1.1147878599831507,1.280622959136963,1.208350487843605,1612,ppo_seed45,ppo,PPO,45
77356,intercepted,1,0,0,0,733,9,4.5,724,733.0,366.5,5.502142906188965,0,1.1259612997852522,1.276732087135315,1.2248234219147194,725,ppo_seed45,ppo,PPO,45
77357,intercepted,1,0,0,0,245,11,5.5,234,245.0,122.5,6.58402156829834,0,1.1038915230872783,0.8571785092353821,1.2035231177890158,235,ppo_seed45,ppo,PPO,45
77358,intercepted,1,0,0,0,560,10,5.0,550,560.0,280.0,2.197660446166992,0,1.1188909651782573,1.2499397993087769,1.2211792031592388,551,ppo_seed45,ppo,PPO,45
77359,soldier_caught,0,1,0,0,495,50,25.0,445,,,1.7281004190444946,0,1.1417177988408391,0.8738582134246826,1.2414378867228508,446,ppo_seed45,ppo,PPO,45
77360,soldier_caught,0,1,0,0,1666,13,6.5,1653,,,1.1851863861083984,0,1.130525799353293,0.7499385476112366,1.2258784739820974,1654,ppo_seed45,ppo,PPO,45
77361,intercepted,1,0,0,0,504,7,3.5,497,504.0,252.0,7.11489200592041,0,1.1396239485337314,0.7336633205413818,1.239355760343297,498,ppo_seed45,ppo,PPO,45
77362,soldier_caught,0,1,0,0,180,8,4.0,172,,,1.9648839235305786,0,1.1290353874250643,1.4015047550201416,1.2171237506962789,173,ppo_seed45,ppo,PPO,45
77363,soldier_caught,0,1,0,0,413,13,6.5,400,,,1.5051809549331665,0,1.1308424407407234,0.9777306914329529,1.2158809921844291,401,ppo_seed45,ppo,PPO,45
77364,intercepted,1,0,0,0,120,17,8.5,103,120.0,60.0,2.5423200130462646,0,1.1373972127643914,0.4127523899078369,1.2257832601624479,104,ppo_seed45,ppo,PPO,45
77365,intercepted,1,0,0,0,115,45,22.5,70,115.0,57.5,5.982211589813232,0,1.1016984359479287,0.4439491033554077,1.188277535848932,71,ppo_seed45,ppo,PPO,45
77366,intercepted,1,0,0,0,393,9,4.5,384,393.0,196.5,3.3637845516204834,0,1.1269970751427985,1.4836214780807495,1.2206356045148348,385,ppo_seed45,ppo,PPO,45
77367,intercepted,1,0,0,0,478,9,4.5,469,478.0,239.0,3.3449299335479736,0,1.1306096120559155,0.9194446206092834,1.2302880362583728,470,ppo_seed45,ppo,PPO,45
77368,soldier_caught,0,1,0,0,753,14,7.0,739,,,1.468202829360962,0,1.1146957208377284,0.5275900959968567,1.2071293563637353,740,ppo_seed45,ppo,PPO,45
77369,intercepted,1,0,0,0,175,8,4.0,167,175.0,87.5,3.8678181171417236,0,1.1479913143529779,0.7008987069129944,1.2266551975965085,168,ppo_seed45,ppo,PPO,45
77370,soldier_caught,0,1,0,0,330,38,19.0,292,,,0.9175388216972351,0,1.1360145758189033,0.6117198467254639,1.2346449546403102,293,ppo_seed45,ppo,PPO,45
77371,intercepted,1,0,0,0,197,72,36.0,125,197.0,98.5,7.502431392669678,0,1.0526022769155956,0.6881590485572815,1.1500735108210525,126,ppo_seed45,ppo,PPO,45
77372,intercepted,1,0,0,0,396,15,7.5,381,396.0,198.0,2.1100265979766846,0,1.1230720613561376,2.1236987113952637,1.225152875938869,382,ppo_seed45,ppo,PPO,45
77373,soldier_caught,0,1,0,0,1165,19,9.5,1146,,,0.884032130241394,0,1.1156947694933197,1.495572566986084,1.218499328094622,1147,ppo_seed45,ppo,PPO,45
77374,intercepted,1,0,0,0,47,11,5.5,36,47.0,23.5,5.547536373138428,0,1.0525932529488125,1.036806583404541,1.1482223990886697,37,ppo_seed45,ppo,PPO,45
77375,intercepted,1,0,0,0,362,13,6.5,349,362.0,181.0,3.255405902862549,0,1.0743012033615793,0.8325332999229431,1.1722740672820668,350,ppo_seed45,ppo,PPO,45
77376,unsafe_intercept,0,0,1,0,11,9,4.5,2,,,3.2315127849578857,0,1.3777562975883484,0.9503554105758667,1.537580981410815,3,ppo_seed45,ppo,PPO,45
77377,soldier_caught,0,1,0,0,992,12,6.0,980,,,1.686268925666809,0,1.0959620556274807,0.4605104327201843,1.1904705654116705,981,ppo_seed45,ppo,PPO,45
77378,intercepted,1,0,0,0,386,8,4.0,378,386.0,193.0,2.2369420528411865,0,1.167008841415194,1.1263079643249512,1.2716719889482964,379,ppo_seed45,ppo,PPO,45
77379,soldier_caught,0,1,0,0,226,10,5.0,216,,,1.3273704051971436,0,1.1599271309128554,0.8819772005081177,1.265756578593504,217,ppo_seed45,ppo,PPO,45
77380,intercepted,1,0,0,0,814,10,5.0,804,814.0,407.0,2.369353771209717,0,1.115305089048162,1.850847601890564,1.2168359635200547,805,ppo_seed45,ppo,PPO,45
77381,intercepted,1,0,0,0,223,8,4.0,215,223.0,111.5,2.845127820968628,0,1.097551012687661,1.3134605884552002,1.1876372288074792,216,ppo_seed45,ppo,PPO,45
77382,intercepted,1,0,0,0,420,10,5.0,410,420.0,210.0,2.6517457962036133,0,1.1537676582842558,0.9572674632072449,1.256768798283799,411,ppo_seed45,ppo,PPO,45
77383,soldier_caught,0,1,0,0,438,11,5.5,427,,,1.348093867301941,0,1.1463232567516444,1.967759370803833,1.2400130409943082,428,ppo_seed45,ppo,PPO,45
77384,soldier_caught,0,1,0,0,393,8,4.0,385,,,0.714192271232605,0,1.0852967329477707,1.217899203300476,1.174142802636559,386,ppo_seed45,ppo,PPO,45
77385,intercepted,1,0,0,0,569,14,7.0,555,569.0,284.5,3.620187282562256,0,1.1420103988858115,1.7228353023529053,1.2416002079030388,556,ppo_seed45,ppo,PPO,45
77386,soldier_caught,0,1,0,0,246,46,23.0,200,,,1.3698216676712036,0,1.2047883888975304,1.5167360305786133,1.3103399474898794,201,ppo_seed45,ppo,PPO,45
77387,soldier_caught,0,1,0,0,116,12,6.0,104,,,1.3080257177352905,0,1.1882011751333872,1.3095024824142456,1.263281583283148,105,ppo_seed45,ppo,PPO,45
77388,soldier_caught,0,1,0,0,513,7,3.5,506,,,1.6895250082015991,0,1.1298923450696632,1.335059404373169,1.2196199546949007,507,ppo_seed45,ppo,PPO,45
77389,soldier_caught,0,1,0,0,732,14,7.0,718,,,1.691316843032837,0,1.115148579709553,0.8233548402786255,1.2113106343858384,719,ppo_seed45,ppo,PPO,45
77390,intercepted,1,0,0,0,147,13,6.5,134,147.0,73.5,5.426748275756836,0,1.0814583006832335,0.9225206971168518,1.1783417138654892,135,ppo_seed45,ppo,PPO,45
77391,intercepted,1,0,0,0,147,35,17.5,112,147.0,73.5,3.355257511138916,0,1.1078718400898233,1.3903826475143433,1.2154811606684721,113,ppo_seed45,ppo,PPO,45
77392,intercepted,1,0,0,0,152,38,19.0,114,152.0,76.0,11.2196626663208,0,1.0502954761619154,0.4987648129463196,1.139791486470056,115,ppo_seed45,ppo,PPO,45
77393,intercepted,1,0,0,0,832,7,3.5,825,832.0,416.0,4.861631393432617,0,1.1242244255528322,2.125434398651123,1.2163633725958434,826,ppo_seed45,ppo,PPO,45
77394,soldier_caught,0,1,0,0,139,17,8.5,122,,,1.5430612564086914,0,1.0718097892718585,1.1960245370864868,1.1500200684071429,123,ppo_seed45,ppo,PPO,45
77395,intercepted,1,0,0,0,840,10,5.0,830,840.0,420.0,2.0808773040771484,0,1.118633732733134,0.8959737420082092,1.217984108640032,831,ppo_seed45,ppo,PPO,45
77396,intercepted,1,0,0,0,1269,8,4.0,1261,1269.0,634.5,2.0792768001556396,0,1.1625075790228208,1.0143553018569946,1.2581618465896247,1262,ppo_seed45,ppo,PPO,45
77397,unsafe_intercept,0,0,1,0,11,9,4.5,2,,,2.303644895553589,0,0.9092279672622681,0.6221166849136353,0.9717664786136473,3,ppo_seed45,ppo,PPO,45
77398,soldier_caught,0,1,0,0,591,88,44.0,503,,,1.6694889068603516,0,1.1525418530735705,1.6684322357177734,1.2526361275886413,504,ppo_seed45,ppo,PPO,45
77399,soldier_caught,0,1,0,0,993,11,5.5,982,,,1.970168948173523,0,1.0981572887586433,1.322911024093628,1.1896150924390245,983,ppo_seed45,ppo,PPO,45
77400,intercepted,1,0,0,0,364,114,57.0,250,364.0,182.0,7.378230094909668,0,1.0917121923539743,0.6596651673316956,1.1796027418603416,251,ppo_seed45,ppo,PPO,45
77401,intercepted,1,0,0,0,26,12,6.0,14,26.0,13.0,11.693144798278809,0,1.1235061168670655,0.8421288728713989,1.182975791552429,15,ppo_seed45,ppo,PPO,45
77402,soldier_caught,0,1,0,0,618,61,30.5,557,,,0.829388439655304,0,1.15274990757253,1.8438353538513184,1.2519057544819576,558,ppo_seed45,ppo,PPO,45
77403,soldier_caught,0,1,0,0,264,72,36.0,192,,,0.7904889583587646,0,1.1433465051527467,0.7096227407455444,1.2374919924107235,193,ppo_seed45,ppo,PPO,45
77404,intercepted,1,0,0,0,1433,16,8.0,1417,1433.0,716.5,3.053769111633301,0,1.1456435344619373,2.93937611579895,1.2517847506289048,1418,ppo_seed45,ppo,PPO,45
77405,soldier_caught,0,1,0,0,41,13,6.5,28,,,1.9109951257705688,0,1.0884441615178668,0.8481505513191223,1.222228563988594,29,ppo_seed45,ppo,PPO,45
77406,intercepted,1,0,0,0,301,8,4.0,293,301.0,150.5,9.171067237854004,0,1.1109342475732167,1.2260422706604004,1.2052519410147076,294,ppo_seed45,ppo,PPO,45
77407,soldier_caught,0,1,0,0,302,12,6.0,290,,,1.9454965591430664,0,1.152729423646255,0.7817888259887695,1.2628527745445595,291,ppo_seed45,ppo,PPO,45
77408,soldier_caught,0,1,0,0,463,32,16.0,431,,,0.4039457142353058,0,1.0935574375196464,1.1839052438735962,1.1835707125192056,432,ppo_seed45,ppo,PPO,45
77409,soldier_caught,0,1,0,0,843,10,5.0,833,,,1.5643677711486816,0,1.1124975883649837,0.9843180775642395,1.2109000056882604,834,ppo_seed45,ppo,PPO,45
77410,soldier_caught,0,1,0,0,540,7,3.5,533,,,1.3735246658325195,0,1.085300908273972,1.7783408164978027,1.1839440800262429,534,ppo_seed45,ppo,PPO,45
77411,soldier_caught,0,1,0,0,69,16,8.0,53,,,1.1408236026763916,0,1.146730496927544,1.282015323638916,1.2552765997683064,54,ppo_seed45,ppo,PPO,45
77412,soldier_caught,0,1,0,0,747,9,4.5,738,,,1.9208885431289673,0,1.111643095713749,0.7460654973983765,1.2057672527300076,739,ppo_seed45,ppo,PPO,45
77413,soldier_caught,0,1,0,0,300,36,18.0,264,,,1.6226617097854614,0,1.164430071554094,1.5764390230178833,1.2582262314906978,265,ppo_seed45,ppo,PPO,45
77414,intercepted,1,0,0,0,342,16,8.0,326,342.0,171.0,5.17149019241333,0,1.1511083296315021,1.372694492340088,1.2431651406941968,327,ppo_seed45,ppo,PPO,45
77415,intercepted,1,0,0,0,141,9,4.5,132,141.0,70.5,5.4884419441223145,0,1.1354319918200486,0.8433665633201599,1.214269673782192,133,ppo_seed45,ppo,PPO,45
77416,intercepted,1,0,0,0,273,11,5.5,262,273.0,136.5,4.913601398468018,0,1.1638582566391833,1.5334221124649048,1.2677006098798869,263,ppo_seed45,ppo,PPO,45
77417,intercepted,1,0,0,0,382,11,5.5,371,382.0,191.0,3.0223734378814697,0,1.1448768021598938,1.0971835851669312,1.2337801878021666,372,ppo_seed45,ppo,PPO,45
77418,soldier_caught,0,1,0,0,407,9,4.5,398,,,0.5269909501075745,0,1.0996748287053335,0.4939747452735901,1.2049613102824166,399,ppo_seed45,ppo,PPO,45
77419,soldier_caught,0,1,0,0,13,10,5.0,3,,,0.8361577391624451,0,0.9740778803825378,1.4279043674468994,1.0276063166917553,4,ppo_seed45,ppo,PPO,45
77420,intercepted,1,0,0,0,577,48,24.0,529,577.0,288.5,4.863667964935303,0,1.1012499159518279,1.013325810432434,1.1974469326128792,530,ppo_seed45,ppo,PPO,45
77421,intercepted,1,0,0,0,238,10,5.0,228,238.0,119.0,3.025012254714966,0,1.1258706323574723,1.171126365661621,1.218266254866715,229,ppo_seed45,ppo,PPO,45
77422,intercepted,1,0,0,0,569,18,9.0,551,569.0,284.5,10.87636661529541,0,1.157750454933747,1.0731762647628784,1.2610376991580183,552,ppo_seed45,ppo,PPO,45
77423,soldier_caught,0,1,0,0,34,8,4.0,26,,,1.1755837202072144,0,1.1965482025234788,2.191166639328003,1.3019189068964356,27,ppo_seed45,ppo,PPO,45
77424,soldier_caught,0,1,0,0,1901,19,9.5,1882,,,1.7780332565307617,0,1.1364002472785832,0.907016932964325,1.2373430578851403,1883,ppo_seed45,ppo,PPO,45
77425,intercepted,1,0,0,0,764,8,4.0,756,764.0,382.0,3.5193896293640137,0,1.1694174765792518,1.049022912979126,1.2764482252102112,757,ppo_seed45,ppo,PPO,45
77426,intercepted,1,0,0,0,11,9,4.5,2,11.0,5.5,4.391571998596191,0,1.5936377048492432,2.179008960723877,1.648108202316592,3,ppo_seed45,ppo,PPO,45
77427,intercepted,1,0,0,0,183,11,5.5,172,183.0,91.5,7.753026962280273,0,1.1266821867468728,1.7949687242507935,1.21716788235045,173,ppo_seed45,ppo,PPO,45
77428,intercepted,1,0,0,0,894,10,5.0,884,894.0,447.0,2.0086231231689453,0,1.1175071381242936,0.7745670676231384,1.2126603484579244,885,ppo_seed45,ppo,PPO,45
77429,soldier_caught,0,1,0,0,778,11,5.5,767,,,1.5639674663543701,0,1.124473332699078,1.3333207368850708,1.2175385996760495,768,ppo_seed45,ppo,PPO,45
77430,soldier_caught,0,1,0,0,59,17,8.5,42,,,1.4449670314788818,0,1.2271918557411017,1.2432912588119507,1.3264461020336829,43,ppo_seed45,ppo,PPO,45
77431,soldier_caught,0,1,0,0,963,57,28.5,906,,,0.9894512891769409,0,1.110595140684203,1.346580982208252,1.2074385338772142,907,ppo_seed45,ppo,PPO,45
77432,intercepted,1,0,0,0,972,10,5.0,962,972.0,486.0,2.0257768630981445,0,1.1499212197688633,0.5429366827011108,1.2458023926329669,963,ppo_seed45,ppo,PPO,45
77433,soldier_caught,0,1,0,0,152,9,4.5,143,,,1.7868837118148804,0,1.1937014007320006,0.9369416236877441,1.279332555052986,144,ppo_seed45,ppo,PPO,45
77434,unsafe_intercept,0,0,1,0,13,11,5.5,2,,,3.367227792739868,0,0.8382463653882345,0.9501240253448486,0.8427179927681449,3,ppo_seed45,ppo,PPO,45
77435,soldier_caught,0,1,0,0,414,9,4.5,405,,,1.8875879049301147,0,1.1458754166593692,1.1272200345993042,1.23553457601443,406,ppo_seed45,ppo,PPO,45
77436,intercepted,1,0,0,0,504,13,6.5,491,504.0,252.0,2.348504066467285,0,1.1590136500090602,0.7942075729370117,1.2535873842045773,492,ppo_seed45,ppo,PPO,45
77437,intercepted,1,0,0,0,491,12,6.0,479,491.0,245.5,2.467371940612793,0,1.097721706610173,0.729356586933136,1.1916563063642276,480,ppo_seed45,ppo,PPO,45
77438,soldier_caught,0,1,0,0,262,10,5.0,252,,,1.7664577960968018,0,1.134280418866708,1.163779854774475,1.2250178677565342,253,ppo_seed45,ppo,PPO,45
77439,soldier_caught,0,1,0,0,106,10,5.0,96,,,1.5222313404083252,0,1.221702749581681,0.8016970157623291,1.3039087778071907,97,ppo_seed45,ppo,PPO,45
77440,soldier_caught,0,1,0,0,1562,9,4.5,1553,,,1.7832918167114258,0,1.1436394322615602,1.4089502096176147,1.2353816259466366,1554,ppo_seed45,ppo,PPO,45
77441,intercepted,1,0,0,0,738,78,39.0,660,738.0,369.0,2.3140904903411865,0,1.1247157413968971,0.9206128716468811,1.217475217676827,661,ppo_seed45,ppo,PPO,45
77442,soldier_caught,0,1,0,0,181,14,7.0,167,,,0.8469529151916504,0,1.1185976440707843,0.6843178272247314,1.2134593657900894,168,ppo_seed45,ppo,PPO,45
77443,intercepted,1,0,0,0,950,29,14.5,921,950.0,475.0,3.704373836517334,0,1.1436530975968358,0.9952062368392944,1.2403479604111705,922,ppo_seed45,ppo,PPO,45
77444,intercepted,1,0,0,0,10,8,4.0,2,10.0,5.0,4.088980674743652,0,1.1097001632054646,1.4349675178527832,1.1483163674644266,3,ppo_seed45,ppo,PPO,45
77445,soldier_caught,0,1,0,0,802,25,12.5,777,,,1.254024624824524,0,1.1575395766751013,0.6749421954154968,1.2550689893743985,778,ppo_seed45,ppo,PPO,45
77446,soldier_caught,0,1,0,0,325,13,6.5,312,,,1.986630916595459,0,1.1438234592207706,0.8027834296226501,1.248307649523453,313,ppo_seed45,ppo,PPO,45
77447,soldier_caught,0,1,0,0,332,18,9.0,314,,,1.8570914268493652,0,1.114425002819016,0.4042285978794098,1.2105482827196044,315,ppo_seed45,ppo,PPO,45
77448,soldier_caught,0,1,0,0,1747,9,4.5,1738,,,1.8051899671554565,0,1.1140175575134466,1.2530791759490967,1.2083525280648963,1739,ppo_seed45,ppo,PPO,45
77449,soldier_caught,0,1,0,0,155,10,5.0,145,,,1.9789079427719116,0,1.0967448134332487,1.6375807523727417,1.1836548108551177,146,ppo_seed45,ppo,PPO,45
77450,intercepted,1,0,0,0,633,13,6.5,620,633.0,316.5,2.8695895671844482,0,1.149020602401712,1.126061201095581,1.2441296878639312,621,ppo_seed45,ppo,PPO,45
77451,intercepted,1,0,0,0,1313,70,35.0,1243,1313.0,656.5,2.129518747329712,0,1.1269464719549445,1.2756620645523071,1.2265330609877045,1244,ppo_seed45,ppo,PPO,45
77452,soldier_caught,0,1,0,0,61,11,5.5,50,,,0.7471850514411926,0,1.1405160491373025,2.127897262573242,1.2371073858750474,51,ppo_seed45,ppo,PPO,45
77453,intercepted,1,0,0,0,1736,12,6.0,1724,1736.0,868.0,2.100722312927246,0,1.1391924416586974,1.4421439170837402,1.2387882008260103,1725,ppo_seed45,ppo,PPO,45
77454,intercepted,1,0,0,0,741,12,6.0,729,741.0,370.5,2.2591466903686523,0,1.12850126373033,1.6006979942321777,1.2194030018416753,730,ppo_seed45,ppo,PPO,45
77455,intercepted,1,0,0,0,450,8,4.0,442,450.0,225.0,2.650409698486328,0,1.1099825078625711,0.9891222715377808,1.2067479486185728,443,ppo_seed45,ppo,PPO,45
77456,intercepted,1,0,0,0,546,13,6.5,533,546.0,273.0,6.344554424285889,0,1.118212088844861,1.2370078563690186,1.2206256288482302,534,ppo_seed45,ppo,PPO,45
77457,intercepted,1,0,0,0,483,19,9.5,464,483.0,241.5,3.513328790664673,0,1.1127143452244421,0.9743033051490784,1.2205759199634552,465,ppo_seed45,ppo,PPO,45
77458,intercepted,1,0,0,0,925,10,5.0,915,925.0,462.5,2.507024049758911,0,1.1211172915409486,1.7916936874389648,1.2133632014869236,916,ppo_seed45,ppo,PPO,45
77459,intercepted,1,0,0,0,1661,11,5.5,1650,1661.0,830.5,2.2706987857818604,0,1.1294161896703643,1.122909665107727,1.2221398382342366,1651,ppo_seed45,ppo,PPO,45
77460,intercepted,1,0,0,0,494,14,7.0,480,494.0,247.0,4.066589832305908,0,1.1171939365581267,0.8893837332725525,1.2154417399064465,481,ppo_seed45,ppo,PPO,45
77461,soldier_caught,0,1,0,0,44,12,6.0,32,,,0.36542466282844543,0,1.1939645454739078,0.5602622032165527,1.2752050227098268,33,ppo_seed45,ppo,PPO,45
77462,intercepted,1,0,0,0,200,33,16.5,167,200.0,100.0,8.8121919631958,0,1.1699662594390767,1.6437009572982788,1.277525745512158,168,ppo_seed45,ppo,PPO,45
77463,soldier_caught,0,1,0,0,691,13,6.5,678,,,1.5112369060516357,0,1.1334007398084092,2.873215436935425,1.2297920791162256,679,ppo_seed45,ppo,PPO,45
77464,soldier_caught,0,1,0,0,775,13,6.5,762,,,1.8744232654571533,0,1.1453788569526622,0.817041277885437,1.2403144381836502,763,ppo_seed45,ppo,PPO,45
77465,soldier_caught,0,1,0,0,287,26,13.0,261,,,1.5265686511993408,0,1.1236925544857068,1.0099117755889893,1.2352556515858397,262,ppo_seed45,ppo,PPO,45
77466,soldier_caught,0,1,0,0,1074,47,23.5,1027,,,1.5970087051391602,0,1.1278386902759858,1.6406692266464233,1.2200280389379785,1028,ppo_seed45,ppo,PPO,45
77467,unsafe_intercept,0,0,1,0,14,12,6.0,2,,,2.788633108139038,0,1.0668691992759705,0.8910805583000183,1.0764085764663867,3,ppo_seed45,ppo,PPO,45
77468,soldier_caught,0,1,0,0,1522,11,5.5,1511,,,0.5943201780319214,0,1.144278863129556,0.7338265180587769,1.244013715833521,1512,ppo_seed45,ppo,PPO,45
77469,intercepted,1,0,0,0,399,12,6.0,387,399.0,199.5,2.388400077819824,0,1.123626254153313,0.9896335005760193,1.2238316704161019,388,ppo_seed45,ppo,PPO,45
77470,soldier_caught,0,1,0,0,856,21,10.5,835,,,1.951668620109558,0,1.1419720608634099,0.45468994975090027,1.2310370195548546,836,ppo_seed45,ppo,PPO,45
77471,intercepted,1,0,0,0,17,15,7.5,2,17.0,8.5,4.543067932128906,0,1.2829880118370056,1.1980794668197632,1.3562650804862848,3,ppo_seed45,ppo,PPO,45
77472,soldier_caught,0,1,0,0,615,14,7.0,601,,,1.9194797277450562,0,1.1263697248855697,1.2342867851257324,1.218519878793838,602,ppo_seed45,ppo,PPO,45
77473,intercepted,1,0,0,0,847,12,6.0,835,847.0,423.5,2.9200754165649414,0,1.126878396389587,0.497217059135437,1.2262463907949674,836,ppo_seed45,ppo,PPO,45
77474,soldier_caught,0,1,0,0,1016,19,9.5,997,,,1.1636886596679688,0,1.1062240572366304,0.8127595782279968,1.1994816407285174,998,ppo_seed45,ppo,PPO,45
77475,timeout,0,0,0,1,2000,9,4.5,1991,,,2.319459915161133,0,1.1170885809117472,0.9789064526557922,1.209368347014785,1992,ppo_seed45,ppo,PPO,45
77476,intercepted,1,0,0,0,41,14,7.0,27,41.0,20.5,7.6202802658081055,0,1.1518450326153211,2.1942617893218994,1.2555391646591751,28,ppo_seed45,ppo,PPO,45
77477,intercepted,1,0,0,0,608,13,6.5,595,608.0,304.0,6.422348976135254,0,1.1369906963417995,0.5592107176780701,1.2268252029078612,596,ppo_seed45,ppo,PPO,45
77478,intercepted,1,0,0,0,517,8,4.0,509,517.0,258.5,6.554531097412109,0,1.108898256295452,1.332144021987915,1.2145620225507683,510,ppo_seed45,ppo,PPO,45
77479,intercepted,1,0,0,0,1040,9,4.5,1031,1040.0,520.0,2.784459114074707,0,1.1437292840158524,1.4895745515823364,1.241349100394634,1032,ppo_seed45,ppo,PPO,45
77480,intercepted,1,0,0,0,248,98,49.0,150,248.0,124.0,2.680354118347168,0,1.2068689691507264,2.6405696868896484,1.3034676101642906,151,ppo_seed45,ppo,PPO,45
77481,soldier_caught,0,1,0,0,684,83,41.5,601,,,1.1179211139678955,0,1.1432741073971966,2.2831687927246094,1.2458878570429417,602,ppo_seed45,ppo,PPO,45
77482,soldier_caught,0,1,0,0,38,12,6.0,26,,,1.7538018226623535,0,1.191990817034686,1.5992101430892944,1.2761377728141339,27,ppo_seed45,ppo,PPO,45
77483,intercepted,1,0,0,0,247,31,15.5,216,247.0,123.5,3.986741065979004,0,1.1557745219375681,1.6486802101135254,1.2501771044084609,217,ppo_seed45,ppo,PPO,45
77484,intercepted,1,0,0,0,379,13,6.5,366,379.0,189.5,2.670588254928589,0,1.105204956103573,1.1088143587112427,1.1958366657183699,367,ppo_seed45,ppo,PPO,45
77485,intercepted,1,0,0,0,633,71,35.5,562,633.0,316.5,2.245061159133911,0,1.1252855189263715,1.4097113609313965,1.224273530581975,563,ppo_seed45,ppo,PPO,45
77486,intercepted,1,0,0,0,28,14,7.0,14,28.0,14.0,12.21137809753418,0,1.2722468852996827,0.915943443775177,1.3831112857144816,15,ppo_seed45,ppo,PPO,45
77487,unsafe_intercept,0,0,1,0,50,48,24.0,2,,,2.4520134925842285,0,0.8373532096544901,0.7635534405708313,0.8460494032774211,3,ppo_seed45,ppo,PPO,45
77488,unsafe_intercept,0,0,1,0,9,7,3.5,2,,,2.567058801651001,0,1.235382040341695,1.6479625701904297,1.321164024495714,3,ppo_seed45,ppo,PPO,45
77489,soldier_caught,0,1,0,0,260,12,6.0,248,,,1.451063871383667,0,1.173705911301226,1.3818987607955933,1.2804107600523962,249,ppo_seed45,ppo,PPO,45
77490,intercepted,1,0,0,0,844,59,29.5,785,844.0,422.0,2.268653392791748,0,1.1329440484937214,1.3693718910217285,1.231834003031044,786,ppo_seed45,ppo,PPO,45
77491,intercepted,1,0,0,0,820,10,5.0,810,820.0,410.0,2.123677968978882,0,1.1215715623850004,1.3715794086456299,1.218035175506763,811,ppo_seed45,ppo,PPO,45
77492,soldier_caught,0,1,0,0,61,12,6.0,49,,,0.613938570022583,0,1.1377751737833024,1.7929939031600952,1.209670894113885,50,ppo_seed45,ppo,PPO,45
77493,soldier_caught,0,1,0,0,225,10,5.0,215,,,0.7842586040496826,0,1.1016758349206712,1.1384350061416626,1.182499532013034,216,ppo_seed45,ppo,PPO,45
77494,intercepted,1,0,0,0,62,10,5.0,52,62.0,31.0,2.6602542400360107,0,1.16446013270684,0.902766227722168,1.277985259987267,53,ppo_seed45,ppo,PPO,45
77495,intercepted,1,0,0,0,829,20,10.0,809,829.0,414.5,4.651546478271484,0,1.1405686819442997,0.5101088881492615,1.2399397210163896,810,ppo_seed45,ppo,PPO,45
77496,soldier_caught,0,1,0,0,480,62,31.0,418,,,1.8260103464126587,0,1.1052671426591554,1.5443047285079956,1.1996269858905402,419,ppo_seed45,ppo,PPO,45
77497,soldier_caught,0,1,0,0,597,9,4.5,588,,,1.0938444137573242,0,1.0995082744161626,0.9386848211288452,1.1907685456422337,589,ppo_seed45,ppo,PPO,45
77498,intercepted,1,0,0,0,145,52,26.0,93,145.0,72.5,12.31917953491211,0,1.1186071455161621,1.0547285079956055,1.2165991224290926,94,ppo_seed45,ppo,PPO,45
77499,soldier_caught,0,1,0,0,447,10,5.0,437,,,0.9061873555183411,0,1.1442753070344527,0.7689049243927002,1.26031401952075,438,ppo_seed45,ppo,PPO,45
77500,soldier_caught,0,1,0,0,81,13,6.5,68,,,1.864242672920227,0,1.1531793514023656,1.0455069541931152,1.225377773283689,69,ppo_seed45,ppo,PPO,45
77501,soldier_caught,0,1,0,0,429,14,7.0,415,,,0.8457198143005371,0,1.1455384759017482,1.2179900407791138,1.2390872866711549,416,ppo_seed45,ppo,PPO,45
77502,soldier_caught,0,1,0,0,725,9,4.5,716,,,1.4147840738296509,0,1.1245046965206351,0.3877198398113251,1.2240433704718092,717,ppo_seed45,ppo,PPO,45
77503,intercepted,1,0,0,0,225,10,5.0,215,225.0,112.5,3.7843048572540283,0,1.131266308810424,1.664233684539795,1.2369684916244843,216,ppo_seed45,ppo,PPO,45
77504,timeout,0,0,0,1,2000,38,19.0,1962,,,2.16039776802063,0,1.1423144001728165,1.180134892463684,1.24054994399654,1963,ppo_seed45,ppo,PPO,45
77505,intercepted,1,0,0,0,751,12,6.0,739,751.0,375.5,2.120535135269165,0,1.1180663164000253,0.7793640494346619,1.2185729039518736,740,ppo_seed45,ppo,PPO,45
77506,intercepted,1,0,0,0,539,9,4.5,530,539.0,269.5,2.0569419860839844,0,1.1476911505063374,1.9935274124145508,1.2402797812472521,531,ppo_seed45,ppo,PPO,45
77507,soldier_caught,0,1,0,0,337,9,4.5,328,,,1.8168686628341675,0,1.171312879102933,2.356710910797119,1.2699487867506642,329,ppo_seed45,ppo,PPO,45
77508,intercepted,1,0,0,0,1098,9,4.5,1089,1098.0,549.0,2.2618064880371094,0,1.1183686832632493,0.7928182482719421,1.213676143777886,1090,ppo_seed45,ppo,PPO,45
77509,soldier_caught,0,1,0,0,34,8,4.0,26,,,0.9483520984649658,0,1.3196698899070423,1.663298487663269,1.4240702500790776,27,ppo_seed45,ppo,PPO,45
77510,soldier_caught,0,1,0,0,317,18,9.0,299,,,1.7936757802963257,0,1.0801293777426084,1.2877357006072998,1.1867257830418236,300,ppo_seed45,ppo,PPO,45
77511,soldier_caught,0,1,0,0,1135,12,6.0,1123,,,1.5311335325241089,0,1.1261579951808334,1.591467261314392,1.2150041739574982,1124,ppo_seed45,ppo,PPO,45
77512,soldier_caught,0,1,0,0,937,11,5.5,926,,,1.6753003597259521,0,1.1354616311215018,1.095879316329956,1.23712075874697,927,ppo_seed45,ppo,PPO,45
77513,intercepted,1,0,0,0,275,17,8.5,258,275.0,137.5,2.0500450134277344,0,1.1330250748451152,0.6508498191833496,1.2360780940870755,259,ppo_seed45,ppo,PPO,45
77514,soldier_caught,0,1,0,0,136,9,4.5,127,,,1.6346079111099243,0,1.1128811086528003,0.8170669078826904,1.2124851862627393,128,ppo_seed45,ppo,PPO,45
77515,unsafe_intercept,0,0,1,0,15,13,6.5,2,,,3.4287521839141846,0,1.208816925684611,1.5135849714279175,1.2312364479631022,3,ppo_seed45,ppo,PPO,45
77516,intercepted,1,0,0,0,704,12,6.0,692,704.0,352.0,3.741373300552368,0,1.1563546982033428,1.1152701377868652,1.2554010524127661,693,ppo_seed45,ppo,PPO,45
77517,intercepted,1,0,0,0,193,9,4.5,184,193.0,96.5,4.353255748748779,0,1.1409339712278264,0.6707659363746643,1.232559320482977,185,ppo_seed45,ppo,PPO,45
77518,intercepted,1,0,0,0,290,12,6.0,278,290.0,145.0,3.8372507095336914,0,1.0819520795430762,1.4221991300582886,1.1707435164770332,279,ppo_seed45,ppo,PPO,45
77519,intercepted,1,0,0,0,48,8,4.0,40,48.0,24.0,5.073098659515381,0,1.1228140843350713,1.1398777961730957,1.2094830004421908,41,ppo_seed45,ppo,PPO,45
77520,soldier_caught,0,1,0,0,12,10,5.0,2,,,1.5962975025177002,0,1.2194030582904816,1.6791900396347046,1.3833593318846047,3,ppo_seed45,ppo,PPO,45
77521,intercepted,1,0,0,0,317,11,5.5,306,317.0,158.5,2.921314239501953,0,1.1642606678731278,0.4687771499156952,1.2571746203778822,307,ppo_seed45,ppo,PPO,45
77522,soldier_caught,0,1,0,0,941,9,4.5,932,,,1.3824759721755981,0,1.1013316845028218,1.0210704803466797,1.1951641819763785,933,ppo_seed45,ppo,PPO,45
77523,soldier_caught,0,1,0,0,1258,7,3.5,1251,,,1.913530945777893,0,1.1354186556543024,1.9574588537216187,1.2276853111629509,1252,ppo_seed45,ppo,PPO,45
77524,soldier_caught,0,1,0,0,446,15,7.5,431,,,1.442130446434021,0,1.1413883029276297,0.775244414806366,1.2401580706319462,432,ppo_seed45,ppo,PPO,45
77525,soldier_caught,0,1,0,0,719,12,6.0,707,,,1.3955903053283691,0,1.1432455724242043,0.7413949966430664,1.2414033676795118,708,ppo_seed45,ppo,PPO,45
77526,soldier_caught,0,1,0,0,105,12,6.0,93,,,0.7558966875076294,0,1.0427798354562292,0.5934869050979614,1.1379109346329068,94,ppo_seed45,ppo,PPO,45
77527,soldier_caught,0,1,0,0,655,9,4.5,646,,,1.1231398582458496,0,1.1239040354856937,1.811199426651001,1.2163992381617816,647,ppo_seed45,ppo,PPO,45
77528,unsafe_intercept,0,0,1,0,11,9,4.5,2,,,2.1022744178771973,0,1.3913512229919434,1.297147512435913,1.393049943709809,3,ppo_seed45,ppo,PPO,45
77529,soldier_caught,0,1,0,0,1205,14,7.0,1191,,,1.5102481842041016,0,1.1387167782991525,1.6958450078964233,1.2337168899423445,1192,ppo_seed45,ppo,PPO,45
77530,soldier_caught,0,1,0,0,781,13,6.5,768,,,1.6487162113189697,0,1.1486675850659493,0.9994471073150635,1.2501341657648115,769,ppo_seed45,ppo,PPO,45
77531,intercepted,1,0,0,0,506,13,6.5,493,506.0,253.0,2.474255084991455,0,1.1528792856675893,1.1141505241394043,1.2404720977628199,494,ppo_seed45,ppo,PPO,45
77532,intercepted,1,0,0,0,1197,14,7.0,1183,1197.0,598.5,2.497593879699707,0,1.1312424764666404,0.4097422659397125,1.2347081452588287,1184,ppo_seed45,ppo,PPO,45
77533,intercepted,1,0,0,0,120,8,4.0,112,120.0,60.0,7.304194450378418,0,1.2032459794947532,0.9585616588592529,1.2963919001378676,113,ppo_seed45,ppo,PPO,45
77534,timeout,0,0,0,1,2000,8,4.0,1992,,,2.201723098754883,0,1.1205732976644858,0.9233200550079346,1.2177937512600254,1993,ppo_seed45,ppo,PPO,45
77535,intercepted,1,0,0,0,536,25,12.5,511,536.0,268.0,9.162471771240234,0,1.1201605269598076,1.1228283643722534,1.2196393318729066,512,ppo_seed45,ppo,PPO,45
77536,soldier_caught,0,1,0,0,1274,9,4.5,1265,,,1.9322553873062134,0,1.1237136411287867,1.65433669090271,1.2208532518136936,1266,ppo_seed45,ppo,PPO,45
77537,soldier_caught,0,1,0,0,42,15,7.5,27,,,1.875152826309204,0,1.1157247083527702,1.0652190446853638,1.1740465942427536,28,ppo_seed45,ppo,PPO,45
77538,soldier_caught,0,1,0,0,206,9,4.5,197,,,0.7740342617034912,0,1.0861850644301887,1.326075792312622,1.172127895133282,198,ppo_seed45,ppo,PPO,45
77539,intercepted,1,0,0,0,513,12,6.0,501,513.0,256.5,2.568751096725464,0,1.084148689495971,1.0463975667953491,1.170824796685346,502,ppo_seed45,ppo,PPO,45
77540,soldier_caught,0,1,0,0,341,11,5.5,330,,,1.8409560918807983,0,1.1125846762896665,1.5076980590820312,1.1965965496112843,331,ppo_seed45,ppo,PPO,45
77541,soldier_caught,0,1,0,0,54,15,7.5,39,,,1.6828111410140991,0,1.230578137934208,1.3787981271743774,1.3415619336146092,40,ppo_seed45,ppo,PPO,45
77542,intercepted,1,0,0,0,1125,11,5.5,1114,1125.0,562.5,3.353306293487549,0,1.1353262859810094,2.1128649711608887,1.2319497420631476,1115,ppo_seed45,ppo,PPO,45
77543,timeout,0,0,0,1,2000,12,6.0,1988,,,2.086190700531006,0,1.1257944838928182,1.4487383365631104,1.2206783823079794,1989,ppo_seed45,ppo,PPO,45
77544,soldier_caught,0,1,0,0,190,67,33.5,123,,,1.9509108066558838,0,1.141391949307534,0.4538763463497162,1.2487756856299939,124,ppo_seed45,ppo,PPO,45
77545,intercepted,1,0,0,0,235,31,15.5,204,235.0,117.5,6.758393287658691,0,1.153603425585642,2.357825756072998,1.2567879803655124,205,ppo_seed45,ppo,PPO,45
77546,intercepted,1,0,0,0,671,10,5.0,661,671.0,335.5,3.0588085651397705,0,1.1094716696738296,1.140957236289978,1.210914082549679,662,ppo_seed45,ppo,PPO,45
77547,intercepted,1,0,0,0,138,9,4.5,129,138.0,69.0,5.729310512542725,0,1.1642626478121831,0.8405866026878357,1.2636415015698432,130,ppo_seed45,ppo,PPO,45
77548,intercepted,1,0,0,0,79,28,14.0,51,79.0,39.5,11.980483055114746,0,1.1616504633655915,1.1861692667007446,1.276038645681628,52,ppo_seed45,ppo,PPO,45
77549,soldier_caught,0,1,0,0,1516,20,10.0,1496,,,0.9485076069831848,0,1.1285167251456636,1.1698380708694458,1.221714381508911,1497,ppo_seed45,ppo,PPO,45
77550,unsafe_intercept,0,0,1,0,11,9,4.5,2,,,3.233576536178589,0,0.715472936630249,0.866344690322876,0.7384686108625547,3,ppo_seed45,ppo,PPO,45
77551,soldier_caught,0,1,0,0,134,10,5.0,124,,,1.9673341512680054,0,1.1383572719097137,0.987634539604187,1.2277054504839553,125,ppo_seed45,ppo,PPO,45
77552,soldier_caught,0,1,0,0,208,9,4.5,199,,,1.554522156715393,0,1.141117186024785,1.0757219791412354,1.2249294271079043,200,ppo_seed45,ppo,PPO,45
77553,intercepted,1,0,0,0,57,7,3.5,50,57.0,28.5,3.7066166400909424,0,1.1176965920364155,0.7806241512298584,1.2169425799242222,51,ppo_seed45,ppo,PPO,45
77554,soldier_caught,0,1,0,0,483,14,7.0,469,,,0.8579566478729248,0,1.156224068333494,0.9304656386375427,1.2510467704278576,470,ppo_seed45,ppo,PPO,45
77555,intercepted,1,0,0,0,233,11,5.5,222,233.0,116.5,2.9107799530029297,0,1.172243622920973,0.9996524453163147,1.2658010108640056,223,ppo_seed45,ppo,PPO,45
77556,soldier_caught,0,1,0,0,108,19,9.5,89,,,1.0255024433135986,0,1.0891103378600544,0.9801182746887207,1.1965952971928653,90,ppo_seed45,ppo,PPO,45
77557,soldier_caught,0,1,0,0,264,8,4.0,256,,,1.8814127445220947,0,1.1164537624162458,0.7095934152603149,1.2134535598273894,257,ppo_seed45,ppo,PPO,45
77558,intercepted,1,0,0,0,1576,13,6.5,1563,1576.0,788.0,2.4358088970184326,0,1.1179930668400453,1.7846088409423828,1.213823337284636,1564,ppo_seed45,ppo,PPO,45
77559,soldier_caught,0,1,0,0,980,10,5.0,970,,,1.243881106376648,0,1.1301870944571175,0.6765390634536743,1.2323823152077258,971,ppo_seed45,ppo,PPO,45
77560,intercepted,1,0,0,0,416,34,17.0,382,416.0,208.0,2.192348003387451,0,1.1459420169691503,1.302388072013855,1.2441007015245973,383,ppo_seed45,ppo,PPO,45
77561,intercepted,1,0,0,0,353,9,4.5,344,353.0,176.5,6.6018385887146,0,1.1265466953965202,0.69179767370224,1.2258935308239889,345,ppo_seed45,ppo,PPO,45
77562,intercepted,1,0,0,0,200,20,10.0,180,200.0,100.0,9.167052268981934,0,1.1516525045613557,1.0306082963943481,1.260913564144725,181,ppo_seed45,ppo,PPO,45
77563,soldier_caught,0,1,0,0,369,12,6.0,357,,,1.3054838180541992,0,1.1213700951144683,0.3452014625072479,1.223318695838602,358,ppo_seed45,ppo,PPO,45
77564,intercepted,1,0,0,0,376,32,16.0,344,376.0,188.0,4.848245620727539,0,1.1328050205241078,1.5115082263946533,1.2279689545881787,345,ppo_seed45,ppo,PPO,45
77565,intercepted,1,0,0,0,276,10,5.0,266,276.0,138.0,8.623441696166992,0,1.1842068404740609,0.6554524898529053,1.2726143613147087,267,ppo_seed45,ppo,PPO,45
77566,soldier_caught,0,1,0,0,17,15,7.5,2,,,1.3594118356704712,0,1.0996432801087697,0.4959944784641266,1.1955814214948988,3,ppo_seed45,ppo,PPO,45
77567,soldier_caught,0,1,0,0,518,13,6.5,505,,,1.8883293867111206,0,1.0916246683465634,0.8904732465744019,1.1819034249404459,506,ppo_seed45,ppo,PPO,45
77568,soldier_caught,0,1,0,0,211,11,5.5,200,,,1.835902452468872,0,1.1408777099047134,0.9793463945388794,1.236584943875165,201,ppo_seed45,ppo,PPO,45
77569,intercepted,1,0,0,0,296,10,5.0,286,296.0,148.0,7.810744285583496,0,1.1266040344063828,0.8405491709709167,1.2172212027079001,287,ppo_seed45,ppo,PPO,45
77570,intercepted,1,0,0,0,50,11,5.5,39,50.0,25.0,8.295412063598633,0,1.09983279556036,0.5147609710693359,1.1950664576233883,40,ppo_seed45,ppo,PPO,45
77571,intercepted,1,0,0,0,280,13,6.5,267,280.0,140.0,6.01185417175293,0,1.10335111701444,0.6946483254432678,1.194156264318749,268,ppo_seed45,ppo,PPO,45
77572,intercepted,1,0,0,0,822,58,29.0,764,822.0,411.0,2.4149272441864014,0,1.1159154922451848,1.259298324584961,1.205543975980946,765,ppo_seed45,ppo,PPO,45
77573,soldier_caught,0,1,0,0,688,10,5.0,678,,,1.5495011806488037,0,1.1294841788412897,2.082927703857422,1.227771153293864,679,ppo_seed45,ppo,PPO,45
77574,soldier_caught,0,1,0,0,285,12,6.0,273,,,1.7968635559082031,0,1.1464181265039166,1.7260576486587524,1.2353609535042418,274,ppo_seed45,ppo,PPO,45
77575,soldier_caught,0,1,0,0,1071,40,20.0,1031,,,1.8765337467193604,0,1.128897808744868,1.1614793539047241,1.2211979457016462,1032,ppo_seed45,ppo,PPO,45
77576,soldier_caught,0,1,0,0,280,8,4.0,272,,,1.928855538368225,0,1.1291637428841748,0.950934112071991,1.228985422291269,273,ppo_seed45,ppo,PPO,45
77577,soldier_caught,0,1,0,0,339,9,4.5,330,,,1.6694949865341187,0,1.1694163181720543,0.713788628578186,1.2690375797601692,331,ppo_seed45,ppo,PPO,45
77578,soldier_caught,0,1,0,0,406,9,4.5,397,,,1.5068378448486328,0,1.096951825459998,1.941256046295166,1.1977412715516609,398,ppo_seed45,ppo,PPO,45
77579,soldier_caught,0,1,0,0,165,16,8.0,149,,,1.3531136512756348,0,1.1642959689100583,0.8207671642303467,1.259953866967927,150,ppo_seed45,ppo,PPO,45
77580,intercepted,1,0,0,0,288,8,4.0,280,288.0,144.0,3.2673306465148926,0,1.1534952131958407,0.8046272993087769,1.2504168119271215,281,ppo_seed45,ppo,PPO,45
77581,intercepted,1,0,0,0,12,9,4.5,3,12.0,6.0,5.682206153869629,0,1.0313590317964554,1.501740574836731,1.0919126885012396,4,ppo_seed45,ppo,PPO,45
77582,intercepted,1,0,0,0,272,30,15.0,242,272.0,136.0,2.6213536262512207,0,1.120528035938985,0.7005694508552551,1.2272824842398278,243,ppo_seed45,ppo,PPO,45
77583,intercepted,1,0,0,0,1688,22,11.0,1666,1688.0,844.0,2.6478500366210938,0,1.129044949930177,1.0454816818237305,1.2315285430848648,1667,ppo_seed45,ppo,PPO,45
77584,soldier_caught,0,1,0,0,368,10,5.0,358,,,1.426125407218933,0,1.1042822275445654,1.7000858783721924,1.184218565640921,359,ppo_seed45,ppo,PPO,45
77585,soldier_caught,0,1,0,0,930,14,7.0,916,,,1.9428160190582275,0,1.1256923526078626,1.3197132349014282,1.2207753486953439,917,ppo_seed45,ppo,PPO,45
77586,soldier_caught,0,1,0,0,89,9,4.5,80,,,1.7202670574188232,0,1.0763314454643815,1.0874512195587158,1.179893378526818,81,ppo_seed45,ppo,PPO,45
77587,intercepted,1,0,0,0,629,9,4.5,620,629.0,314.5,3.289013147354126,0,1.1442894580955474,1.126314640045166,1.2439865528185678,621,ppo_seed45,ppo,PPO,45
77588,intercepted,1,0,0,0,81,11,5.5,70,81.0,40.5,3.671013116836548,0,1.1338169075233835,0.980815052986145,1.2143607600451893,71,ppo_seed45,ppo,PPO,45
77589,soldier_caught,0,1,0,0,194,18,9.0,176,,,1.0906915664672852,0,1.14476440434402,1.3427380323410034,1.227444032333412,177,ppo_seed45,ppo,PPO,45
77590,intercepted,1,0,0,0,134,11,5.5,123,134.0,67.0,7.79334831237793,0,1.1719393977715122,1.0402822494506836,1.2845962115057787,124,ppo_seed45,ppo,PPO,45
77591,soldier_caught,0,1,0,0,10,8,4.0,2,,,1.9122467041015625,0,1.9596473177274067,0.8207337260246277,2.1189010557936574,3,ppo_seed45,ppo,PPO,45
77592,intercepted,1,0,0,0,1698,51,25.5,1647,1698.0,849.0,3.162470817565918,0,1.1166611988169766,1.3248741626739502,1.2149673221132828,1648,ppo_seed45,ppo,PPO,45
77593,soldier_caught,0,1,0,0,562,11,5.5,551,,,0.6290352940559387,0,1.137703377092122,0.7005655169487,1.2375429935327713,552,ppo_seed45,ppo,PPO,45
77594,intercepted,1,0,0,0,11,9,4.5,2,11.0,5.5,4.5234761238098145,0,1.5245852867762248,2.1609833240509033,1.6387938482128417,3,ppo_seed45,ppo,PPO,45
77595,soldier_caught,0,1,0,0,998,10,5.0,988,,,1.375248908996582,0,1.1446192957935488,0.864276111125946,1.2485055994908816,989,ppo_seed45,ppo,PPO,45
77596,soldier_caught,0,1,0,0,127,38,19.0,89,,,1.3058850765228271,0,1.1143851404388745,0.6334810853004456,1.214333402461162,90,ppo_seed45,ppo,PPO,45
77597,soldier_caught,0,1,0,0,34,10,5.0,24,,,1.7686409950256348,0,0.9753087282180786,0.874392032623291,1.0335321704642584,25,ppo_seed45,ppo,PPO,45
77598,intercepted,1,0,0,0,708,72,36.0,636,708.0,354.0,6.473667144775391,0,1.149593980149534,0.8942820429801941,1.242404807436078,637,ppo_seed45,ppo,PPO,45
77599,soldier_caught,0,1,0,0,709,14,7.0,695,,,1.798437237739563,0,1.1228612880650695,0.5313982367515564,1.2150486253425465,696,ppo_seed45,ppo,PPO,45
77600,intercepted,1,0,0,0,755,40,20.0,715,755.0,377.5,2.1408984661102295,0,1.1648565720683537,1.477730393409729,1.2579196910712664,716,ppo_seed45,ppo,PPO,45
77601,soldier_caught,0,1,0,0,164,16,8.0,148,,,1.7433339357376099,0,1.133997561647588,1.6080492734909058,1.2367587268889422,149,ppo_seed45,ppo,PPO,45
77602,soldier_caught,0,1,0,0,563,27,13.5,536,,,1.0195448398590088,0,1.1449270606373942,0.6577522158622742,1.2474426635105096,537,ppo_seed45,ppo,PPO,45
77603,intercepted,1,0,0,0,114,9,4.5,105,114.0,57.0,4.323184490203857,0,1.1409022431328613,1.2538471221923828,1.2248155602717303,106,ppo_seed45,ppo,PPO,45
77604,intercepted,1,0,0,0,1020,31,15.5,989,1020.0,510.0,2.511671304702759,0,1.1243797793683379,1.1172212362289429,1.223580026411475,990,ppo_seed45,ppo,PPO,45
77605,soldier_caught,0,1,0,0,201,45,22.5,156,,,1.902068853378296,0,1.1247152315962845,1.550536036491394,1.2340538880223748,157,ppo_seed45,ppo,PPO,45
77606,intercepted,1,0,0,0,228,11,5.5,217,228.0,114.0,2.534205675125122,0,1.0960985274831636,0.8393499851226807,1.192069496732329,218,ppo_seed45,ppo,PPO,45
77607,intercepted,1,0,0,0,40,9,4.5,31,40.0,20.0,2.8767199516296387,0,1.1527264285832644,1.4150725603103638,1.2706221397174833,32,ppo_seed45,ppo,PPO,45
77608,soldier_caught,0,1,0,0,493,10,5.0,483,,,1.3126777410507202,0,1.151180464204801,0.8505349159240723,1.243957774784473,484,ppo_seed45,ppo,PPO,45
77609,intercepted,1,0,0,0,169,10,5.0,159,169.0,84.5,4.454066276550293,0,1.1398741209879517,0.8080150485038757,1.2232670919550686,160,ppo_seed45,ppo,PPO,45
77610,intercepted,1,0,0,0,1710,9,4.5,1701,1710.0,855.0,2.4208860397338867,0,1.101716351698642,0.320655882358551,1.1975523600458355,1702,ppo_seed45,ppo,PPO,45
77611,soldier_caught,0,1,0,0,989,8,4.0,981,,,0.780109703540802,0,1.1307520055858884,0.786483108997345,1.2289214080955433,982,ppo_seed45,ppo,PPO,45
77612,intercepted,1,0,0,0,514,8,4.0,506,514.0,257.0,2.342611789703369,0,1.1420049485722943,1.132379174232483,1.2377728364819376,507,ppo_seed45,ppo,PPO,45
77613,intercepted,1,0,0,0,1834,8,4.0,1826,1834.0,917.0,2.429605007171631,0,1.1440456889785895,1.3026796579360962,1.2421865234893705,1827,ppo_seed45,ppo,PPO,45
77614,intercepted,1,0,0,0,96,21,10.5,75,96.0,48.0,4.194025993347168,0,1.073858216012779,1.525350570678711,1.1698646838604907,76,ppo_seed45,ppo,PPO,45
77615,soldier_caught,0,1,0,0,1846,64,32.0,1782,,,1.5791025161743164,0,1.1215034536954664,1.6322543621063232,1.2182376199776652,1783,ppo_seed45,ppo,PPO,45
77616,intercepted,1,0,0,0,482,16,8.0,466,482.0,241.0,5.111539840698242,0,1.0999571346623995,0.998818576335907,1.2021495477305575,467,ppo_seed45,ppo,PPO,45
77617,intercepted,1,0,0,0,1146,101,50.5,1045,1146.0,573.0,2.4296557903289795,0,1.1249663151131077,1.0195108652114868,1.2195351685716995,1046,ppo_seed45,ppo,PPO,45
77618,soldier_caught,0,1,0,0,529,35,17.5,494,,,1.69562828540802,0,1.160954470495985,1.4792486429214478,1.264608279645329,495,ppo_seed45,ppo,PPO,45
77619,soldier_caught,0,1,0,0,584,12,6.0,572,,,1.6556892395019531,0,1.1522981326890553,0.9824479818344116,1.2573389267575796,573,ppo_seed45,ppo,PPO,45
77620,intercepted,1,0,0,0,1030,8,4.0,1022,1030.0,515.0,2.7763190269470215,0,1.1193463042276464,0.7762595415115356,1.2096624179661506,1023,ppo_seed45,ppo,PPO,45
77621,soldier_caught,0,1,0,0,12,10,5.0,2,,,1.793495535850525,0,1.2685536940892537,1.1046723127365112,1.2739102937180904,3,ppo_seed45,ppo,PPO,45
77622,intercepted,1,0,0,0,44,9,4.5,35,44.0,22.0,3.5488195419311523,0,1.078353788289759,0.35092899203300476,1.161510713467749,36,ppo_seed45,ppo,PPO,45
77623,soldier_caught,0,1,0,0,32,7,3.5,25,,,1.5941503047943115,0,1.0404510108324199,1.148349642753601,1.1510058230474378,26,ppo_seed45,ppo,PPO,45
77624,intercepted,1,0,0,0,1220,15,7.5,1205,1220.0,610.0,2.3273701667785645,0,1.1091251400721014,0.9272946715354919,1.2092086666319106,1206,ppo_seed45,ppo,PPO,45
77625,intercepted,1,0,0,0,514,14,7.0,500,514.0,257.0,2.743191719055176,0,1.1097099669352024,0.13733001053333282,1.2132670638390242,501,ppo_seed45,ppo,PPO,45
77626,timeout,0,0,0,1,2000,19,9.5,1981,,,2.573058605194092,0,1.1479086133000167,1.9356160163879395,1.2462604494055085,1982,ppo_seed45,ppo,PPO,45
77627,soldier_caught,0,1,0,0,433,11,5.5,422,,,0.9580507278442383,0,1.145740542710532,1.1030696630477905,1.2533475229080342,423,ppo_seed45,ppo,PPO,45
77628,intercepted,1,0,0,0,783,11,5.5,772,783.0,391.5,5.1323466300964355,0,1.118045858788228,0.6453732848167419,1.212540576385888,773,ppo_seed45,ppo,PPO,45
77629,soldier_caught,0,1,0,0,240,24,12.0,216,,,1.5676212310791016,0,1.1006746298294463,0.7605283260345459,1.2014560352191523,217,ppo_seed45,ppo,PPO,45
77630,soldier_caught,0,1,0,0,487,49,24.5,438,,,0.4002808928489685,0,1.12664520988296,1.2508951425552368,1.2282155802551706,439,ppo_seed45,ppo,PPO,45
77631,soldier_caught,0,1,0,0,410,12,6.0,398,,,1.2298496961593628,0,1.1172783216438198,0.8744688630104065,1.222339762694783,399,ppo_seed45,ppo,PPO,45
77632,intercepted,1,0,0,0,623,59,29.5,564,623.0,311.5,5.9103498458862305,0,1.1514348762620867,0.6349385380744934,1.2445293300813747,565,ppo_seed45,ppo,PPO,45
77633,timeout,0,0,0,1,2000,9,4.5,1991,,,3.532668352127075,0,1.134125398926392,1.0050268173217773,1.233212708307751,1992,ppo_seed45,ppo,PPO,45
77634,soldier_caught,0,1,0,0,1462,7,3.5,1455,,,1.931459665298462,0,1.1265057463168198,0.6463136672973633,1.2311897616338594,1456,ppo_seed45,ppo,PPO,45
77635,intercepted,1,0,0,0,64,9,4.5,55,64.0,32.0,4.14945125579834,0,1.0718054872538363,1.1587843894958496,1.1581927334373017,56,ppo_seed45,ppo,PPO,45
77636,soldier_caught,0,1,0,0,221,14,7.0,207,,,1.171782374382019,0,1.08926141829803,0.9540234804153442,1.1880272965181928,208,ppo_seed45,ppo,PPO,45
77637,intercepted,1,0,0,0,536,11,5.5,525,536.0,268.0,3.648108720779419,0,1.1381828337199562,0.5859061479568481,1.2288958285522602,526,ppo_seed45,ppo,PPO,45
77638,soldier_caught,0,1,0,0,61,11,5.5,50,,,1.9891436100006104,0,1.1792211190742605,0.9159067273139954,1.2602926236141931,51,ppo_seed45,ppo,PPO,45
77639,intercepted,1,0,0,0,1385,11,5.5,1374,1385.0,692.5,3.0588297843933105,0,1.1463365854404188,1.4719350337982178,1.2415793707287985,1375,ppo_seed45,ppo,PPO,45
77640,soldier_caught,0,1,0,0,528,14,7.0,514,,,1.4057072401046753,0,1.1492617139538515,1.8433713912963867,1.2435067600479959,515,ppo_seed45,ppo,PPO,45
77641,intercepted,1,0,0,0,1195,10,5.0,1185,1195.0,597.5,2.3778035640716553,0,1.1189166557006098,1.6716092824935913,1.2135351368271994,1186,ppo_seed45,ppo,PPO,45
77642,intercepted,1,0,0,0,357,11,5.5,346,357.0,178.5,2.7518084049224854,0,1.119395797336823,0.46967607736587524,1.207143688766628,347,ppo_seed45,ppo,PPO,45
77643,intercepted,1,0,0,0,12,9,4.5,3,12.0,6.0,7.248570919036865,0,1.525027871131897,1.982399582862854,1.6346066450944683,4,ppo_seed45,ppo,PPO,45
77644,intercepted,1,0,0,0,412,26,13.0,386,412.0,206.0,7.464778423309326,0,1.1424379198973185,0.5698314905166626,1.2410503528405545,387,ppo_seed45,ppo,PPO,45
77645,intercepted,1,0,0,0,535,9,4.5,526,535.0,267.5,3.547734498977661,0,1.135915514003959,0.859325647354126,1.2293411747526886,527,ppo_seed45,ppo,PPO,45
77646,soldier_caught,0,1,0,0,410,10,5.0,400,,,1.9261304140090942,0,1.1192506222876528,0.870850145816803,1.21329805504802,401,ppo_seed45,ppo,PPO,45
77647,intercepted,1,0,0,0,131,13,6.5,118,131.0,65.5,6.815038204193115,0,1.1567980889387492,0.9160971641540527,1.2499110679674583,119,ppo_seed45,ppo,PPO,45
77648,intercepted,1,0,0,0,287,9,4.5,278,287.0,143.5,3.081064462661743,0,1.1491873584233732,1.2819005250930786,1.2428659014499437,279,ppo_seed45,ppo,PPO,45
77649,unsafe_intercept,0,0,1,0,14,12,6.0,2,,,3.16756010055542,0,1.4397008220354717,1.6231567859649658,1.589625363533629,3,ppo_seed45,ppo,PPO,45
77650,intercepted,1,0,0,0,453,11,5.5,442,453.0,226.5,6.643828392028809,0,1.11885410804579,1.108420968055725,1.2267818295142479,443,ppo_seed45,ppo,PPO,45
77651,soldier_caught,0,1,0,0,338,15,7.5,323,,,0.9589338302612305,0,1.1684755207395847,0.9694722890853882,1.2613860363325236,324,ppo_seed45,ppo,PPO,45
77652,soldier_caught,0,1,0,0,12,10,5.0,2,,,1.850005030632019,0,1.0267323851585388,0.8837725520133972,1.0651569059397907,3,ppo_seed45,ppo,PPO,45
77653,soldier_caught,0,1,0,0,130,16,8.0,114,,,1.747245192527771,0,1.188131884129151,0.9987884759902954,1.2959888619339917,115,ppo_seed45,ppo,PPO,45
77654,intercepted,1,0,0,0,801,13,6.5,788,801.0,400.5,4.001009464263916,0,1.1682638180795089,0.9493609666824341,1.265137154801275,789,ppo_seed45,ppo,PPO,45
77655,intercepted,1,0,0,0,149,8,4.0,141,149.0,74.5,4.940065383911133,0,1.1783355997062066,1.217878818511963,1.2660350852142612,142,ppo_seed45,ppo,PPO,45
77656,soldier_caught,0,1,0,0,706,12,6.0,694,,,1.4119701385498047,0,1.1281014401063645,1.1022380590438843,1.233395236162878,695,ppo_seed45,ppo,PPO,45
77657,soldier_caught,0,1,0,0,281,12,6.0,269,,,0.9039006233215332,0,1.0550655527247323,1.5646766424179077,1.1502045306543895,270,ppo_seed45,ppo,PPO,45
77658,intercepted,1,0,0,0,211,8,4.0,203,211.0,105.5,4.659594535827637,0,1.0761766277399718,0.32334429025650024,1.1715315468606946,204,ppo_seed45,ppo,PPO,45
77659,intercepted,1,0,0,0,174,7,3.5,167,174.0,87.0,7.013413906097412,0,1.10768928902135,0.4978017508983612,1.2052684283428021,168,ppo_seed45,ppo,PPO,45
77660,intercepted,1,0,0,0,247,11,5.5,236,247.0,123.5,7.185983657836914,0,1.1481482788040165,0.563134491443634,1.2535678853663808,237,ppo_seed45,ppo,PPO,45
77661,intercepted,1,0,0,0,343,11,5.5,332,343.0,171.5,2.363942861557007,0,1.1707090735435486,2.217332363128662,1.271462611511123,333,ppo_seed45,ppo,PPO,45
77662,soldier_caught,0,1,0,0,612,10,5.0,602,,,1.5905119180679321,0,1.123591236683662,0.8533215522766113,1.223618867762683,603,ppo_seed45,ppo,PPO,45
77663,intercepted,1,0,0,0,695,8,4.0,687,695.0,347.5,2.9039039611816406,0,1.119982782426442,0.9143006801605225,1.21658316084704,688,ppo_seed45,ppo,PPO,45
77664,intercepted,1,0,0,0,146,9,4.5,137,146.0,73.0,7.392583847045898,0,1.1586072533458904,1.8250418901443481,1.239245245523697,138,ppo_seed45,ppo,PPO,45
77665,soldier_caught,0,1,0,0,169,20,10.0,149,,,1.160206913948059,0,1.1004354147116344,0.6922990083694458,1.184317386837508,150,ppo_seed45,ppo,PPO,45
77666,intercepted,1,0,0,0,806,16,8.0,790,806.0,403.0,2.218440055847168,0,1.1167633327762638,1.9097464084625244,1.2079606984659284,791,ppo_seed45,ppo,PPO,45
77667,soldier_caught,0,1,0,0,366,12,6.0,354,,,1.29579496383667,0,1.1102596104564801,1.8107147216796875,1.1890694187932909,355,ppo_seed45,ppo,PPO,45
77668,soldier_caught,0,1,0,0,388,13,6.5,375,,,1.0002281665802002,0,1.1114898047390136,0.6732109785079956,1.2028814867456172,376,ppo_seed45,ppo,PPO,45
77669,intercepted,1,0,0,0,13,10,5.0,3,13.0,6.5,7.267798900604248,0,0.9381601363420486,1.0638238191604614,0.9485824938860966,4,ppo_seed45,ppo,PPO,45
77670,intercepted,1,0,0,0,335,9,4.5,326,335.0,167.5,8.719104766845703,0,1.1258251017204484,1.1428049802780151,1.2229709681925867,327,ppo_seed45,ppo,PPO,45
77671,soldier_caught,0,1,0,0,469,12,6.0,457,,,1.7327840328216553,0,1.1315901496947853,1.1280781030654907,1.2211938937077529,458,ppo_seed45,ppo,PPO,45
77672,soldier_caught,0,1,0,0,1116,12,6.0,1104,,,0.808499276638031,0,1.11175002827229,1.1330361366271973,1.2011230386914753,1105,ppo_seed45,ppo,PPO,45
77673,intercepted,1,0,0,0,179,11,5.5,168,179.0,89.5,8.94804573059082,0,1.1165286916247485,1.1713039875030518,1.2174150299011712,169,ppo_seed45,ppo,PPO,45
77674,intercepted,1,0,0,0,227,8,4.0,219,227.0,113.5,6.093588829040527,0,1.1372541765936397,1.0924769639968872,1.222440676514207,220,ppo_seed45,ppo,PPO,45
77675,intercepted,1,0,0,0,1086,13,6.5,1073,1086.0,543.0,4.429912567138672,0,1.1428820373806097,0.969813883304596,1.250626785323632,1074,ppo_seed45,ppo,PPO,45
77676,soldier_caught,0,1,0,0,10,8,4.0,2,,,1.9478261470794678,0,1.2782411575317383,1.6496278047561646,1.3218373717790333,3,ppo_seed45,ppo,PPO,45
77677,soldier_caught,0,1,0,0,235,11,5.5,224,,,0.6325145363807678,0,1.0813030442926619,1.8130543231964111,1.1706104868885736,225,ppo_seed45,ppo,PPO,45
77678,soldier_caught,0,1,0,0,1183,11,5.5,1172,,,1.5443735122680664,0,1.1169430065363366,0.8086056709289551,1.2141448478979437,1173,ppo_seed45,ppo,PPO,45
77679,soldier_caught,0,1,0,0,394,11,5.5,383,,,1.4400269985198975,0,1.1177015715123464,1.0822046995162964,1.219701703651218,384,ppo_seed45,ppo,PPO,45
77680,intercepted,1,0,0,0,161,9,4.5,152,161.0,80.5,4.714802265167236,0,1.1856074737372742,1.6111602783203125,1.2809953304483135,153,ppo_seed45,ppo,PPO,45
77681,timeout,0,0,0,1,2000,33,16.5,1967,,,2.2124454975128174,0,1.1134892501451863,1.4168070554733276,1.2066664380643668,1968,ppo_seed45,ppo,PPO,45
77682,intercepted,1,0,0,0,197,11,5.5,186,197.0,98.5,2.80039381980896,0,1.1802043914396496,0.4431142210960388,1.2822688159336944,187,ppo_seed45,ppo,PPO,45
77683,soldier_caught,0,1,0,0,205,9,4.5,196,,,1.4855271577835083,0,1.1097823922252896,0.764132559299469,1.2120451858972607,197,ppo_seed45,ppo,PPO,45
77684,intercepted,1,0,0,0,1244,9,4.5,1235,1244.0,622.0,2.5478668212890625,0,1.1336037402363752,1.1949656009674072,1.2304211571842871,1236,ppo_seed45,ppo,PPO,45
77685,intercepted,1,0,0,0,1946,11,5.5,1935,1946.0,973.0,2.429567337036133,0,1.1240872178219012,1.610613226890564,1.2230410769915128,1936,ppo_seed45,ppo,PPO,45
77686,intercepted,1,0,0,0,141,11,5.5,130,141.0,70.5,8.412151336669922,0,1.1018020081838578,1.0152357816696167,1.1881786093606752,131,ppo_seed45,ppo,PPO,45
77687,soldier_caught,0,1,0,0,805,12,6.0,793,,,1.6664206981658936,0,1.13533248581574,0.7013429403305054,1.223649923171925,794,ppo_seed45,ppo,PPO,45
77688,intercepted,1,0,0,0,71,8,4.0,63,71.0,35.5,3.423668146133423,0,1.1052637116517872,1.2189213037490845,1.1873093530082826,64,ppo_seed45,ppo,PPO,45
77689,intercepted,1,0,0,0,262,13,6.5,249,262.0,131.0,10.165846824645996,0,1.1602255344986916,1.3044614791870117,1.2572487510951877,250,ppo_seed45,ppo,PPO,45
77690,soldier_caught,0,1,0,0,259,12,6.0,247,,,1.2054754495620728,0,1.1329115246152204,1.4171509742736816,1.2243878308049472,248,ppo_seed45,ppo,PPO,45
77691,intercepted,1,0,0,0,1389,11,5.5,1378,1389.0,694.5,2.44433856010437,0,1.127957337712187,0.9119235277175903,1.2224695604055371,1379,ppo_seed45,ppo,PPO,45
77692,intercepted,1,0,0,0,883,12,6.0,871,883.0,441.5,4.110253810882568,0,1.1060983469291086,1.3281373977661133,1.2023297223549738,872,ppo_seed45,ppo,PPO,45
77693,soldier_caught,0,1,0,0,58,11,5.5,47,,,1.5066285133361816,0,0.9998813970014453,1.7263915538787842,1.111142084911743,48,ppo_seed45,ppo,PPO,45
77694,soldier_caught,0,1,0,0,473,10,5.0,463,,,1.901650071144104,0,1.138251773996985,1.050410509109497,1.2283152543760216,464,ppo_seed45,ppo,PPO,45
77695,soldier_caught,0,1,0,0,825,9,4.5,816,,,1.5625842809677124,0,1.1406631280589425,1.5645159482955933,1.2401503498387845,817,ppo_seed45,ppo,PPO,45
77696,intercepted,1,0,0,0,174,7,3.5,167,174.0,87.0,8.48246955871582,0,1.1146595586268675,0.8120503425598145,1.225441031882505,168,ppo_seed45,ppo,PPO,45
77697,intercepted,1,0,0,0,389,9,4.5,380,389.0,194.5,4.41338586807251,0,1.1122499831666157,0.6537830233573914,1.228493173504587,381,ppo_seed45,ppo,PPO,45
77698,soldier_caught,0,1,0,0,453,8,4.0,445,,,0.8885270953178406,0,1.1073286439471715,0.8431401252746582,1.2079178611608858,446,ppo_seed45,ppo,PPO,45
77699,soldier_caught,0,1,0,0,272,39,19.5,233,,,1.0049635171890259,0,1.1095673606181755,1.1789015531539917,1.2110989734271989,234,ppo_seed45,ppo,PPO,45
77700,soldier_caught,0,1,0,0,361,65,32.5,296,,,1.703425407409668,0,1.128844435568209,0.8276345133781433,1.2185438409072895,297,ppo_seed45,ppo,PPO,45
77701,intercepted,1,0,0,0,74,16,8.0,58,74.0,37.0,12.966658592224121,0,1.1937229461589103,0.6657824516296387,1.297149694301983,59,ppo_seed45,ppo,PPO,45
77702,soldier_caught,0,1,0,0,410,12,6.0,398,,,1.7330811023712158,0,1.15999107839619,0.9903948903083801,1.2529311602784798,399,ppo_seed45,ppo,PPO,45
77703,intercepted,1,0,0,0,16,14,7.0,2,16.0,8.0,5.584514141082764,0,1.3914037545522053,1.102516531944275,1.4172720422328677,3,ppo_seed45,ppo,PPO,45
77704,intercepted,1,0,0,0,683,21,10.5,662,683.0,341.5,5.224712371826172,0,1.1058559874873355,1.205597996711731,1.2105810717681325,663,ppo_seed45,ppo,PPO,45
77705,soldier_caught,0,1,0,0,1606,11,5.5,1595,,,1.3352618217468262,0,1.1174279230700475,1.528967022895813,1.219797633524461,1596,ppo_seed45,ppo,PPO,45
77706,intercepted,1,0,0,0,51,36,18.0,15,51.0,25.5,9.40544319152832,0,1.1535484716296196,1.260363221168518,1.2503039970835832,16,ppo_seed45,ppo,PPO,45
77707,intercepted,1,0,0,0,314,41,20.5,273,314.0,157.0,4.948529243469238,0,1.1728009894816545,1.1301281452178955,1.2577898931456932,274,ppo_seed45,ppo,PPO,45
77708,intercepted,1,0,0,0,1775,22,11.0,1753,1775.0,887.5,2.8848958015441895,0,1.1403698352810119,1.1610170602798462,1.2359096131236331,1754,ppo_seed45,ppo,PPO,45
77709,soldier_caught,0,1,0,0,148,8,4.0,140,,,1.6196728944778442,0,1.1718099313847563,1.3172476291656494,1.256950145247112,141,ppo_seed45,ppo,PPO,45
77710,intercepted,1,0,0,0,213,8,4.0,205,213.0,106.5,5.89468240737915,0,1.122308365566638,1.1782187223434448,1.2308918426201771,206,ppo_seed45,ppo,PPO,45
77711,soldier_caught,0,1,0,0,198,14,7.0,184,,,1.4444189071655273,0,1.1132704717081947,0.9352567791938782,1.2123345874971183,185,ppo_seed45,ppo,PPO,45
77712,intercepted,1,0,0,0,1539,52,26.0,1487,1539.0,769.5,2.0763776302337646,0,1.1206435592875126,2.1411383152008057,1.220410640547667,1488,ppo_seed45,ppo,PPO,45
77713,intercepted,1,0,0,0,141,9,4.5,132,141.0,70.5,5.092843532562256,0,1.1794235696245854,0.5380131006240845,1.2676966230771716,133,ppo_seed45,ppo,PPO,45
77714,intercepted,1,0,0,0,628,9,4.5,619,628.0,314.0,2.0505688190460205,0,1.132529501665023,1.4017159938812256,1.2271296377765801,620,ppo_seed45,ppo,PPO,45
77715,soldier_caught,0,1,0,0,59,9,4.5,50,,,1.0514566898345947,0,1.109801741207347,1.9616254568099976,1.2089601004922728,51,ppo_seed45,ppo,PPO,45
77716,intercepted,1,0,0,0,216,18,9.0,198,216.0,108.0,3.6713712215423584,0,1.0959022456227834,0.6644227504730225,1.209539302791602,199,ppo_seed45,ppo,PPO,45
77717,soldier_caught,0,1,0,0,676,12,6.0,664,,,1.6771531105041504,0,1.1511228121312937,2.1942009925842285,1.2386479716917569,665,ppo_seed45,ppo,PPO,45
77718,soldier_caught,0,1,0,0,306,24,12.0,282,,,1.412881851196289,0,1.1159946724193257,2.248847007751465,1.205209173103268,283,ppo_seed45,ppo,PPO,45
77719,intercepted,1,0,0,0,1978,13,6.5,1965,1978.0,989.0,2.6643848419189453,0,1.1298837451451853,0.8567392230033875,1.2255411617509973,1966,ppo_seed45,ppo,PPO,45
77720,intercepted,1,0,0,0,557,16,8.0,541,557.0,278.5,4.758940696716309,0,1.0941717612292494,1.770125150680542,1.1815904583109254,542,ppo_seed45,ppo,PPO,45
77721,intercepted,1,0,0,0,995,87,43.5,908,995.0,497.5,2.04217529296875,0,1.1270797231016378,0.7810114026069641,1.2226473191964096,909,ppo_seed45,ppo,PPO,45
77722,soldier_caught,0,1,0,0,58,11,5.5,47,,,1.5223608016967773,0,1.0914532678822677,1.7914667129516602,1.1805373196547766,48,ppo_seed45,ppo,PPO,45
77723,intercepted,1,0,0,0,1315,11,5.5,1304,1315.0,657.5,2.1267881393432617,0,1.1384794874323738,1.5447742938995361,1.2352094281840662,1305,ppo_seed45,ppo,PPO,45
77724,soldier_caught,0,1,0,0,14,12,6.0,2,,,1.7586095333099365,0,0.8705174922943115,1.4306069612503052,0.9567197791895055,3,ppo_seed45,ppo,PPO,45
77725,soldier_caught,0,1,0,0,45,15,7.5,30,,,1.0800094604492188,0,1.0717171608440337,0.9712786674499512,1.1419131781780865,31,ppo_seed45,ppo,PPO,45
77726,intercepted,1,0,0,0,212,10,5.0,202,212.0,106.0,10.767940521240234,0,1.1520248574429546,1.480025053024292,1.249122844695499,203,ppo_seed45,ppo,PPO,45
77727,intercepted,1,0,0,0,62,9,4.5,53,62.0,31.0,5.860703468322754,0,1.1723765438353573,0.8641403317451477,1.2607133639961343,54,ppo_seed45,ppo,PPO,45
77728,intercepted,1,0,0,0,326,11,5.5,315,326.0,163.0,3.252957820892334,0,1.1243319917894616,1.9987564086914062,1.2224236373365012,316,ppo_seed45,ppo,PPO,45
77729,soldier_caught,0,1,0,0,225,83,41.5,142,,,1.1442323923110962,0,1.105860730698267,0.9382426738739014,1.2181734288820925,143,ppo_seed45,ppo,PPO,45
77730,soldier_caught,0,1,0,0,565,10,5.0,555,,,1.225258231163025,0,1.0883231815352714,0.9576687216758728,1.1825057112499475,556,ppo_seed45,ppo,PPO,45
77731,soldier_caught,0,1,0,0,239,12,6.0,227,,,0.5094292163848877,0,1.2122421117924285,2.3921799659729004,1.3131286415510204,228,ppo_seed45,ppo,PPO,45
77732,soldier_caught,0,1,0,0,215,35,17.5,180,,,0.40806007385253906,0,1.1499648428424287,1.3320281505584717,1.252056274651769,181,ppo_seed45,ppo,PPO,45
77733,intercepted,1,0,0,0,693,10,5.0,683,693.0,346.5,2.735499620437622,0,1.1347805735333796,1.6307910680770874,1.2326375904988902,684,ppo_seed45,ppo,PPO,45
77734,intercepted,1,0,0,0,319,13,6.5,306,319.0,159.5,10.449110984802246,0,1.1322275063065441,0.47261738777160645,1.2255188499364176,307,ppo_seed45,ppo,PPO,45
77735,soldier_caught,0,1,0,0,66,46,23.0,20,,,0.9795722365379333,0,1.158931654833612,0.3304261267185211,1.2704626785912199,21,ppo_seed45,ppo,PPO,45
77736,soldier_caught,0,1,0,0,393,30,15.0,363,,,1.1750619411468506,0,1.1471862568632587,1.9979612827301025,1.2430159695014262,364,ppo_seed45,ppo,PPO,45
77737,soldier_caught,0,1,0,0,695,94,47.0,601,,,1.5611488819122314,0,1.1170923795637697,1.0122727155685425,1.2171907963491515,602,ppo_seed45,ppo,PPO,45
77738,intercepted,1,0,0,0,32,14,7.0,18,32.0,16.0,8.233649253845215,0,0.965993561242756,0.9389593601226807,1.0142470932659688,19,ppo_seed45,ppo,PPO,45
77739,intercepted,1,0,0,0,399,8,4.0,391,399.0,199.5,5.902890682220459,0,1.1306612910702825,0.8338633179664612,1.2237884403967505,392,ppo_seed45,ppo,PPO,45
77740,soldier_caught,0,1,0,0,1301,8,4.0,1293,,,1.9680564403533936,0,1.1259306156647952,1.7702536582946777,1.2220331958658674,1294,ppo_seed45,ppo,PPO,45
77741,intercepted,1,0,0,0,615,39,19.5,576,615.0,307.5,2.2934083938598633,0,1.114397317300223,0.9382839798927307,1.205566094759805,577,ppo_seed45,ppo,PPO,45
77742,soldier_caught,0,1,0,0,101,9,4.5,92,,,1.377732753753662,0,1.1459042087037077,1.4387544393539429,1.2531001586096622,93,ppo_seed45,ppo,PPO,45
77743,soldier_caught,0,1,0,0,229,9,4.5,220,,,0.7654519081115723,0,1.1352048396592227,1.426350474357605,1.217919114837584,221,ppo_seed45,ppo,PPO,45
77744,intercepted,1,0,0,0,509,14,7.0,495,509.0,254.5,4.886963844299316,0,1.1316689805788618,1.597839117050171,1.2300496568772679,496,ppo_seed45,ppo,PPO,45
77745,soldier_caught,0,1,0,0,1021,8,4.0,1013,,,1.8844481706619263,0,1.1554641801077703,1.2108675241470337,1.2482781054939098,1014,ppo_seed45,ppo,PPO,45
77746,intercepted,1,0,0,0,357,31,15.5,326,357.0,178.5,4.8187103271484375,0,1.122613450506594,1.0711934566497803,1.2159459587119612,327,ppo_seed45,ppo,PPO,45
77747,intercepted,1,0,0,0,603,9,4.5,594,603.0,301.5,5.746647834777832,0,1.105501658888925,2.3289554119110107,1.1957539997748676,595,ppo_seed45,ppo,PPO,45
77748,soldier_caught,0,1,0,0,1084,14,7.0,1070,,,0.639842689037323,0,1.1001524860326315,0.9978539943695068,1.193082262704636,1071,ppo_seed45,ppo,PPO,45
77749,intercepted,1,0,0,0,591,13,6.5,578,591.0,295.5,2.885929584503174,0,1.1228212856129456,1.2892099618911743,1.2159828355858742,579,ppo_seed45,ppo,PPO,45
77750,intercepted,1,0,0,0,16,14,7.0,2,16.0,8.0,3.5566484928131104,0,1.7812278668085735,1.752156138420105,1.7857104816250466,3,ppo_seed45,ppo,PPO,45
77751,intercepted,1,0,0,0,33,31,15.5,2,33.0,16.5,3.745137929916382,0,1.2485749920209248,1.8995945453643799,1.3316029969509422,3,ppo_seed45,ppo,PPO,45
77752,soldier_caught,0,1,0,0,677,16,8.0,661,,,1.2724238634109497,0,1.1235772190992566,0.9691618084907532,1.2146579046300363,662,ppo_seed45,ppo,PPO,45
77753,intercepted,1,0,0,0,202,40,20.0,162,202.0,101.0,8.021796226501465,0,1.0888878432519598,0.9116615653038025,1.1802027306258844,163,ppo_seed45,ppo,PPO,45
77754,soldier_caught,0,1,0,0,15,13,6.5,2,,,1.2956961393356323,0,1.2216454148292542,1.4621433019638062,1.3145821264068787,3,ppo_seed45,ppo,PPO,45
77755,intercepted,1,0,0,0,346,15,7.5,331,346.0,173.0,9.485580444335938,0,1.142666691218514,1.1447478532791138,1.2461807913370817,332,ppo_seed45,ppo,PPO,45
77756,soldier_caught,0,1,0,0,75,18,9.0,57,,,1.5679572820663452,0,1.2722654913006157,1.2195544242858887,1.3539146547687768,58,ppo_seed45,ppo,PPO,45
77757,intercepted,1,0,0,0,850,76,38.0,774,850.0,425.0,2.332404851913452,0,1.1473180556489575,1.6178646087646484,1.234959306802287,775,ppo_seed45,ppo,PPO,45
77758,soldier_caught,0,1,0,0,181,23,11.5,158,,,1.9809801578521729,0,1.1324211364647128,1.0377144813537598,1.223832965330019,159,ppo_seed45,ppo,PPO,45
77759,soldier_caught,0,1,0,0,332,10,5.0,322,,,0.15455536544322968,0,1.1331659619330252,1.9195942878723145,1.230899755896123,323,ppo_seed45,ppo,PPO,45
77760,intercepted,1,0,0,0,82,13,6.5,69,82.0,41.0,3.7473104000091553,0,1.1648860927139009,1.1005454063415527,1.2521878865356728,70,ppo_seed45,ppo,PPO,45
77761,soldier_caught,0,1,0,0,812,7,3.5,805,,,1.7215324640274048,0,1.1218320419156818,0.436038613319397,1.207024671151613,806,ppo_seed45,ppo,PPO,45
77762,soldier_caught,0,1,0,0,288,10,5.0,278,,,1.3680514097213745,0,1.115674701402478,0.5670969486236572,1.2125765907963642,279,ppo_seed45,ppo,PPO,45
77763,intercepted,1,0,0,0,235,10,5.0,225,235.0,117.5,5.424442768096924,0,1.1629855034757504,0.9570345878601074,1.2549785486264533,226,ppo_seed45,ppo,PPO,45
77764,soldier_caught,0,1,0,0,1034,14,7.0,1020,,,1.7300280332565308,0,1.1244154278331242,0.14116863906383514,1.220243841369879,1021,ppo_seed45,ppo,PPO,45
77765,intercepted,1,0,0,0,734,8,4.0,726,734.0,367.0,5.964986324310303,0,1.097307399417462,0.593585193157196,1.186073333285845,727,ppo_seed45,ppo,PPO,45
77766,soldier_caught,0,1,0,0,624,16,8.0,608,,,1.4382485151290894,0,1.1165324897797433,1.1406899690628052,1.2152733203713584,609,ppo_seed45,ppo,PPO,45
77767,soldier_caught,0,1,0,0,690,11,5.5,679,,,0.6042530536651611,0,1.1367730104090537,1.208760142326355,1.2368358663123773,680,ppo_seed45,ppo,PPO,45
77768,intercepted,1,0,0,0,290,36,18.0,254,290.0,145.0,9.84471321105957,0,1.104839649007601,2.2856123447418213,1.201118770124216,255,ppo_seed45,ppo,PPO,45
77769,intercepted,1,0,0,0,105,16,8.0,89,105.0,52.5,7.025575160980225,0,1.1285084694623948,1.017698049545288,1.2186875319342505,90,ppo_seed45,ppo,PPO,45
77770,soldier_caught,0,1,0,0,12,10,5.0,2,,,1.595600962638855,0,1.167538046836853,1.5434738397598267,1.2158428790179017,3,ppo_seed45,ppo,PPO,45
77771,soldier_caught,0,1,0,0,1272,9,4.5,1263,,,1.8324522972106934,0,1.136085878703979,0.7383274435997009,1.2334621349989658,1264,ppo_seed45,ppo,PPO,45
77772,intercepted,1,0,0,0,858,33,16.5,825,858.0,429.0,6.028438091278076,0,1.1070514932256779,1.205456018447876,1.2002506811327278,826,ppo_seed45,ppo,PPO,45
77773,intercepted,1,0,0,0,556,53,26.5,503,556.0,278.0,2.014474630355835,0,1.1453730263525532,0.5949419736862183,1.2427224128984018,504,ppo_seed45,ppo,PPO,45
77774,unsafe_intercept,0,0,1,0,11,9,4.5,2,,,2.700378179550171,0,1.5507570902506511,0.42786121368408203,1.8048587334844557,3,ppo_seed45,ppo,PPO,45
77775,intercepted,1,0,0,0,1394,7,3.5,1387,1394.0,697.0,6.738709449768066,0,1.117633495632806,0.8659963011741638,1.2157556635064668,1388,ppo_seed45,ppo,PPO,45
77776,soldier_caught,0,1,0,0,509,10,5.0,499,,,1.9737305641174316,0,1.14228550568223,2.3851969242095947,1.2344871758404057,500,ppo_seed45,ppo,PPO,45
77777,intercepted,1,0,0,0,922,41,20.5,881,922.0,461.0,4.3050031661987305,0,1.1095205711754137,0.6530191898345947,1.2060857727693728,882,ppo_seed45,ppo,PPO,45
77778,intercepted,1,0,0,0,744,11,5.5,733,744.0,372.0,2.607224225997925,0,1.116084055827895,0.7772010564804077,1.2200388764316596,734,ppo_seed45,ppo,PPO,45
77779,soldier_caught,0,1,0,0,1501,14,7.0,1487,,,1.7643600702285767,0,1.1133611116343007,1.2386538982391357,1.2062723187562936,1488,ppo_seed45,ppo,PPO,45
77780,soldier_caught,0,1,0,0,367,46,23.0,321,,,0.9179262518882751,0,1.128448547257446,0.028249124065041542,1.2207259743240415,322,ppo_seed45,ppo,PPO,45
77781,intercepted,1,0,0,0,428,21,10.5,407,428.0,214.0,2.1705703735351562,0,1.091388279718219,0.6086685657501221,1.1943460963631312,408,ppo_seed45,ppo,PPO,45
77782,intercepted,1,0,0,0,953,9,4.5,944,953.0,476.5,2.12210750579834,0,1.1165591645493078,0.8598191142082214,1.215613931748943,945,ppo_seed45,ppo,PPO,45
77783,intercepted,1,0,0,0,413,15,7.5,398,413.0,206.5,2.607940196990967,0,1.1762799961973252,0.9319754242897034,1.2769326042853453,399,ppo_seed45,ppo,PPO,45
77784,soldier_caught,0,1,0,0,13,11,5.5,2,,,0.7684040665626526,0,1.560865581035614,0.9591440558433533,1.6515658816933916,3,ppo_seed45,ppo,PPO,45
77785,soldier_caught,0,1,0,0,1534,14,7.0,1520,,,0.5122948884963989,0,1.1218382487273153,0.7818119525909424,1.2198878406733453,1521,ppo_seed45,ppo,PPO,45
77786,intercepted,1,0,0,0,211,89,44.5,122,211.0,105.5,7.3992390632629395,0,1.0923486213858535,0.6502568125724792,1.1749367604988887,123,ppo_seed45,ppo,PPO,45
77787,intercepted,1,0,0,0,263,22,11.0,241,263.0,131.5,2.3935790061950684,0,1.1162053600784914,1.421447992324829,1.2277141648817351,242,ppo_seed45,ppo,PPO,45
77788,soldier_caught,0,1,0,0,694,13,6.5,681,,,1.7949049472808838,0,1.1196050483383828,2.0822670459747314,1.2178743836617913,682,ppo_seed45,ppo,PPO,45
77789,unsafe_intercept,0,0,1,0,10,8,4.0,2,,,2.502431631088257,0,1.1587840517361958,1.0559715032577515,1.243981978563328,3,ppo_seed45,ppo,PPO,45
77790,intercepted,1,0,0,0,585,13,6.5,572,585.0,292.5,3.4376087188720703,0,1.1423226441232321,1.927109956741333,1.2358575860210108,573,ppo_seed45,ppo,PPO,45
77791,intercepted,1,0,0,0,614,32,16.0,582,614.0,307.0,2.860276699066162,0,1.074869513166605,0.8270527124404907,1.1704220579765603,583,ppo_seed45,ppo,PPO,45
77792,intercepted,1,0,0,0,708,22,11.0,686,708.0,354.0,3.423765182495117,0,1.1261915700751448,0.8757048845291138,1.2269964665954745,687,ppo_seed45,ppo,PPO,45
77793,intercepted,1,0,0,0,439,9,4.5,430,439.0,219.5,4.161876201629639,0,1.108746144790937,1.4378386735916138,1.2050084593351182,431,ppo_seed45,ppo,PPO,45
77794,intercepted,1,0,0,0,463,13,6.5,450,463.0,231.5,3.9168763160705566,0,1.1163836435606898,2.3575572967529297,1.2190566472292481,451,ppo_seed45,ppo,PPO,45
77795,intercepted,1,0,0,0,1289,13,6.5,1276,1289.0,644.5,6.935487747192383,0,1.129052253876147,1.2239503860473633,1.2201033198737916,1277,ppo_seed45,ppo,PPO,45
77796,soldier_caught,0,1,0,0,1241,7,3.5,1234,,,1.8328421115875244,0,1.1437926097920066,0.55576491355896,1.242529532878248,1235,ppo_seed45,ppo,PPO,45
77797,intercepted,1,0,0,0,700,9,4.5,691,700.0,350.0,2.1212351322174072,0,1.1356536533489736,1.1946455240249634,1.2308725532825184,692,ppo_seed45,ppo,PPO,45
77798,intercepted,1,0,0,0,378,10,5.0,368,378.0,189.0,3.620647430419922,0,1.1198441070431293,1.436847448348999,1.2128647048305703,369,ppo_seed45,ppo,PPO,45
77799,soldier_caught,0,1,0,0,958,21,10.5,937,,,1.664315104484558,0,1.1161071020625293,1.0680969953536987,1.2179390862199642,938,ppo_seed45,ppo,PPO,45
77800,soldier_caught,0,1,0,0,602,57,28.5,545,,,1.066590666770935,0,1.1352342953939578,0.9549176096916199,1.2321137479054376,546,ppo_seed45,ppo,PPO,45
77801,intercepted,1,0,0,0,305,17,8.5,288,305.0,152.5,2.6173336505889893,0,1.1449863707008658,2.1774353981018066,1.2432915838224654,289,ppo_seed45,ppo,PPO,45
77802,intercepted,1,0,0,0,179,11,5.5,168,179.0,89.5,3.1651740074157715,0,1.0750811004779748,0.3479081690311432,1.1817616596409253,169,ppo_seed45,ppo,PPO,45
77803,soldier_caught,0,1,0,0,32,8,4.0,24,,,1.5765849351882935,0,1.0963268160820008,1.0455189943313599,1.2018486281886835,25,ppo_seed45,ppo,PPO,45
77804,intercepted,1,0,0,0,63,31,15.5,32,63.0,31.5,13.145852088928223,0,1.2397528516523766,1.362544298171997,1.3455217331384706,33,ppo_seed45,ppo,PPO,45
77805,soldier_caught,0,1,0,0,902,14,7.0,888,,,1.9400792121887207,0,1.1098218693359179,0.39157816767692566,1.2061021357210768,889,ppo_seed45,ppo,PPO,45
77806,intercepted,1,0,0,0,139,16,8.0,123,139.0,69.5,5.418232440948486,0,1.1151020993148126,1.7000443935394287,1.2379267692522054,124,ppo_seed45,ppo,PPO,45
77807,soldier_caught,0,1,0,0,690,7,3.5,683,,,1.7488878965377808,0,1.1624114036080782,1.1396095752716064,1.2584605318229616,684,ppo_seed45,ppo,PPO,45
77808,intercepted,1,0,0,0,233,7,3.5,226,233.0,116.5,6.236575126647949,0,1.1182718258597253,0.5618120431900024,1.2303627366800172,227,ppo_seed45,ppo,PPO,45
77809,soldier_caught,0,1,0,0,59,10,5.0,49,,,0.5086963772773743,0,1.0663669019937516,2.038648843765259,1.1583532229006386,50,ppo_seed45,ppo,PPO,45
77810,intercepted,1,0,0,0,793,8,4.0,785,793.0,396.5,3.923875093460083,0,1.1519062255080268,1.243234395980835,1.2467934354760346,786,ppo_seed45,ppo,PPO,45
77811,intercepted,1,0,0,0,169,40,20.0,129,169.0,84.5,2.6673521995544434,0,1.135518102003978,0.3343137502670288,1.245094230266496,130,ppo_seed45,ppo,PPO,45
77812,timeout,0,0,0,1,2000,16,8.0,1984,,,2.381486654281616,0,1.128341498758916,1.4863386154174805,1.2256790580301768,1985,ppo_seed45,ppo,PPO,45
77813,intercepted,1,0,0,0,829,41,20.5,788,829.0,414.5,2.208552122116089,0,1.1196829489560938,0.7916399836540222,1.2154188586598955,789,ppo_seed45,ppo,PPO,45
77814,intercepted,1,0,0,0,280,9,4.5,271,280.0,140.0,5.328939914703369,0,1.1545727663289975,0.6489158868789673,1.2543593596481466,272,ppo_seed45,ppo,PPO,45
77815,intercepted,1,0,0,0,394,11,5.5,383,394.0,197.0,6.10265588760376,0,1.0882947862070675,0.6931045651435852,1.1792687587217465,384,ppo_seed45,ppo,PPO,45
77816,soldier_caught,0,1,0,0,153,9,4.5,144,,,1.5895875692367554,0,1.1279512174170592,1.1622350215911865,1.2139989142140917,145,ppo_seed45,ppo,PPO,45
77817,soldier_caught,0,1,0,0,403,8,4.0,395,,,1.1958316564559937,0,1.1299176067490169,1.0509672164916992,1.2294053255202753,396,ppo_seed45,ppo,PPO,45
77818,intercepted,1,0,0,0,1085,9,4.5,1076,1085.0,542.5,2.25468373298645,0,1.1190523019712504,1.1503567695617676,1.213085271209173,1077,ppo_seed45,ppo,PPO,45
77819,intercepted,1,0,0,0,724,14,7.0,710,724.0,362.0,5.022283554077148,0,1.128340605973841,1.390649676322937,1.217800338340225,711,ppo_seed45,ppo,PPO,45
77820,intercepted,1,0,0,0,609,11,5.5,598,609.0,304.5,3.06209659576416,0,1.1372651212999538,1.3766710758209229,1.2362118393698576,599,ppo_seed45,ppo,PPO,45
77821,soldier_caught,0,1,0,0,179,17,8.5,162,,,0.2980808615684509,0,1.1412126373476776,1.3972792625427246,1.2339377506400673,163,ppo_seed45,ppo,PPO,45
77822,soldier_caught,0,1,0,0,266,8,4.0,258,,,0.8538155555725098,0,1.082945268040228,1.5345771312713623,1.179994629568985,259,ppo_seed45,ppo,PPO,45
77823,soldier_caught,0,1,0,0,60,8,4.0,52,,,1.4224026203155518,0,1.2263278938689322,2.099586248397827,1.3395381713108927,53,ppo_seed45,ppo,PPO,45
77824,soldier_caught,0,1,0,0,675,11,5.5,664,,,1.9996018409729004,0,1.1309550585043162,0.8666929006576538,1.2316781877215903,665,ppo_seed45,ppo,PPO,45
77825,soldier_caught,0,1,0,0,56,13,6.5,43,,,1.712505578994751,0,1.1342428793961352,1.1363176107406616,1.2207829723133148,44,ppo_seed45,ppo,PPO,45
77826,soldier_caught,0,1,0,0,17,15,7.5,2,,,1.643129587173462,0,1.1914690136909485,1.4819326400756836,1.2332820813552976,3,ppo_seed45,ppo,PPO,45
77827,intercepted,1,0,0,0,1262,9,4.5,1253,1262.0,631.0,2.2623538970947266,0,1.1452558801481219,1.5875400304794312,1.2366215733624675,1254,ppo_seed45,ppo,PPO,45
77828,intercepted,1,0,0,0,400,9,4.5,391,400.0,200.0,2.6038665771484375,0,1.1077143952858692,0.4762118458747864,1.2101734368200248,392,ppo_seed45,ppo,PPO,45
77829,soldier_caught,0,1,0,0,16,14,7.0,2,,,1.3169008493423462,0,0.9781937599182129,0.6180407404899597,1.061576197902629,3,ppo_seed45,ppo,PPO,45
77830,intercepted,1,0,0,0,436,65,32.5,371,436.0,218.0,5.6903815269470215,0,1.147575321296851,1.2353861331939697,1.2344349433865207,372,ppo_seed45,ppo,PPO,45
77831,soldier_caught,0,1,0,0,271,10,5.0,261,,,1.1745156049728394,0,1.1334159784872113,0.922467827796936,1.2209568094901735,262,ppo_seed45,ppo,PPO,45
77832,intercepted,1,0,0,0,519,8,4.0,511,519.0,259.5,3.007556676864624,0,1.1242077802598942,0.9241240620613098,1.2150630985008204,512,ppo_seed45,ppo,PPO,45
77833,soldier_caught,0,1,0,0,186,10,5.0,176,,,0.9427801966667175,0,1.0857728318137638,0.5606140494346619,1.1927695326248806,177,ppo_seed45,ppo,PPO,45
77834,soldier_caught,0,1,0,0,272,10,5.0,262,,,0.4580613076686859,0,1.1216003686302969,1.3491837978363037,1.2174084616235117,263,ppo_seed45,ppo,PPO,45
77835,soldier_caught,0,1,0,0,36,9,4.5,27,,,0.3162691295146942,0,1.0901608892849513,0.36082038283348083,1.1979951836587572,28,ppo_seed45,ppo,PPO,45
77836,intercepted,1,0,0,0,372,8,4.0,364,372.0,186.0,2.5836997032165527,0,1.1014083563464963,0.40669921040534973,1.205194563153807,365,ppo_seed45,ppo,PPO,45
77837,soldier_caught,0,1,0,0,1524,12,6.0,1512,,,0.9302237629890442,0,1.1329493678205074,1.201637864112854,1.2356830830071086,1513,ppo_seed45,ppo,PPO,45
77838,soldier_caught,0,1,0,0,33,9,4.5,24,,,0.8504771590232849,0,1.14917986869812,0.45167338848114014,1.2348735552775905,25,ppo_seed45,ppo,PPO,45
77839,intercepted,1,0,0,0,306,9,4.5,297,306.0,153.0,6.107422351837158,0,1.1121465785291371,1.0133516788482666,1.204987034793729,298,ppo_seed45,ppo,PPO,45
77840,soldier_caught,0,1,0,0,117,17,8.5,100,,,0.9491897821426392,0,1.1132238551531688,0.9071219563484192,1.2043399480927695,101,ppo_seed45,ppo,PPO,45
77841,intercepted,1,0,0,0,478,16,8.0,462,478.0,239.0,3.6883227825164795,0,1.1185850360899456,0.8851215839385986,1.2068889883012082,463,ppo_seed45,ppo,PPO,45
77842,soldier_caught,0,1,0,0,210,9,4.5,201,,,1.9487913846969604,0,1.0881691434890917,0.7425767183303833,1.1844574863866557,202,ppo_seed45,ppo,PPO,45
77843,soldier_caught,0,1,0,0,371,99,49.5,272,,,0.699158787727356,0,1.1657229579248272,1.8271535634994507,1.273236682727063,273,ppo_seed45,ppo,PPO,45
77844,intercepted,1,0,0,0,11,9,4.5,2,11.0,5.5,4.534428596496582,0,0.8389510611693064,1.3270413875579834,0.955303086132923,3,ppo_seed45,ppo,PPO,45
77845,intercepted,1,0,0,0,115,14,7.0,101,115.0,57.5,10.72049617767334,0,1.173978812846483,2.333224058151245,1.2714147701728515,102,ppo_seed45,ppo,PPO,45
77846,soldier_caught,0,1,0,0,1435,9,4.5,1426,,,1.8423768281936646,0,1.1402639255930096,1.1719342470169067,1.2332805998929874,1427,ppo_seed45,ppo,PPO,45
77847,intercepted,1,0,0,0,365,59,29.5,306,365.0,182.5,7.6363725662231445,0,1.122287035886356,1.3986493349075317,1.2224010198013278,307,ppo_seed45,ppo,PPO,45
77848,soldier_caught,0,1,0,0,82,28,14.0,54,,,0.9348713159561157,0,1.1324650837616488,0.2768377661705017,1.209626536264924,55,ppo_seed45,ppo,PPO,45
77849,intercepted,1,0,0,0,539,11,5.5,528,539.0,269.5,2.1902883052825928,0,1.149488886976738,0.4462927579879761,1.2474151558903834,529,ppo_seed45,ppo,PPO,45
77850,intercepted,1,0,0,0,363,13,6.5,350,363.0,181.5,7.60925817489624,0,1.1373534572769775,0.8363491892814636,1.229353450224926,351,ppo_seed45,ppo,PPO,45
77851,intercepted,1,0,0,0,240,8,4.0,232,240.0,120.0,7.247462749481201,0,1.1062332287814485,0.704771101474762,1.2076743862235528,233,ppo_seed45,ppo,PPO,45
77852,soldier_caught,0,1,0,0,276,13,6.5,263,,,1.6291342973709106,0,1.156813805301984,0.8175835609436035,1.247178536732891,264,ppo_seed45,ppo,PPO,45
77853,soldier_caught,0,1,0,0,1577,10,5.0,1567,,,1.7771127223968506,0,1.1415633015116031,1.2637661695480347,1.2319938490435618,1568,ppo_seed45,ppo,PPO,45
77854,intercepted,1,0,0,0,548,11,5.5,537,548.0,274.0,4.25184440612793,0,1.1804944645184123,0.9638857245445251,1.2831216108358805,538,ppo_seed45,ppo,PPO,45
77855,soldier_caught,0,1,0,0,416,17,8.5,399,,,0.7395315766334534,0,1.1592694045230747,1.252865195274353,1.2536069720283818,400,ppo_seed45,ppo,PPO,45
77856,intercepted,1,0,0,0,331,8,4.0,323,331.0,165.5,3.3397719860076904,0,1.147669520597031,1.8784879446029663,1.240420603301613,324,ppo_seed45,ppo,PPO,45
77857,intercepted,1,0,0,0,206,9,4.5,197,206.0,103.0,3.003542423248291,0,1.1452594044608901,2.318138837814331,1.2390065128040237,198,ppo_seed45,ppo,PPO,45
77858,intercepted,1,0,0,0,954,10,5.0,944,954.0,477.0,3.727001428604126,0,1.1426105802888593,1.873332142829895,1.2371945286944135,945,ppo_seed45,ppo,PPO,45
77859,intercepted,1,0,0,0,1804,11,5.5,1793,1804.0,902.0,2.2006893157958984,0,1.128746951989406,0.7830029129981995,1.2239683893062847,1794,ppo_seed45,ppo,PPO,45
77860,intercepted,1,0,0,0,203,9,4.5,194,203.0,101.5,2.143726110458374,0,1.1236862042775522,1.8533456325531006,1.2234992027885896,195,ppo_seed45,ppo,PPO,45
77861,intercepted,1,0,0,0,29,14,7.0,15,29.0,14.5,12.454423904418945,0,1.1699328310787678,0.9193897843360901,1.2884612618832068,16,ppo_seed45,ppo,PPO,45
77862,soldier_caught,0,1,0,0,239,16,8.0,223,,,1.651521921157837,0,1.080398012617869,1.0195766687393188,1.168111757297441,224,ppo_seed45,ppo,PPO,45
77863,intercepted,1,0,0,0,92,15,7.5,77,92.0,46.0,9.523205757141113,0,1.0962528028549292,1.4963984489440918,1.1664966224197868,78,ppo_seed45,ppo,PPO,45
77864,intercepted,1,0,0,0,134,9,4.5,125,134.0,67.0,2.0084168910980225,0,1.1416719328789484,1.913103461265564,1.249123291957723,126,ppo_seed45,ppo,PPO,45
77865,intercepted,1,0,0,0,366,27,13.5,339,366.0,183.0,9.031545639038086,0,1.1371674618738539,1.2440619468688965,1.2270854953526715,340,ppo_seed45,ppo,PPO,45
77866,intercepted,1,0,0,0,626,30,15.0,596,626.0,313.0,3.0227150917053223,0,1.124038633589369,1.1406267881393433,1.2285856591839217,597,ppo_seed45,ppo,PPO,45
77867,intercepted,1,0,0,0,464,14,7.0,450,464.0,232.0,2.406146764755249,0,1.1672990658793376,1.0172864198684692,1.2707217928362167,451,ppo_seed45,ppo,PPO,45
77868,soldier_caught,0,1,0,0,787,10,5.0,777,,,1.8583989143371582,0,1.12720952166728,0.6171695590019226,1.2251599600915462,778,ppo_seed45,ppo,PPO,45
77869,intercepted,1,0,0,0,483,103,51.5,380,483.0,241.5,7.187405586242676,0,1.1696980145424996,1.2584322690963745,1.2623850927333737,381,ppo_seed45,ppo,PPO,45
77870,intercepted,1,0,0,0,30,14,7.0,16,30.0,15.0,5.9929986000061035,0,1.1194856044124155,2.022966146469116,1.2560383888727236,17,ppo_seed45,ppo,PPO,45
77871,soldier_caught,0,1,0,0,544,9,4.5,535,,,1.8740376234054565,0,1.1035764605474117,0.3332580626010895,1.1993146697277606,536,ppo_seed45,ppo,PPO,45
77872,intercepted,1,0,0,0,555,10,5.0,545,555.0,277.5,2.380556106567383,0,1.1147745425911832,0.9210101366043091,1.2107606661181975,546,ppo_seed45,ppo,PPO,45
77873,soldier_caught,0,1,0,0,1222,9,4.5,1213,,,1.4173575639724731,0,1.140218962830855,0.639639139175415,1.2365123790927668,1214,ppo_seed45,ppo,PPO,45
77874,soldier_caught,0,1,0,0,683,9,4.5,674,,,1.9668933153152466,0,1.116438947584894,0.8568440675735474,1.208672329591245,675,ppo_seed45,ppo,PPO,45
77875,intercepted,1,0,0,0,1285,11,5.5,1274,1285.0,642.5,2.7053356170654297,0,1.115316140651703,2.1093363761901855,1.2048390592250173,1275,ppo_seed45,ppo,PPO,45
77876,soldier_caught,0,1,0,0,832,14,7.0,818,,,0.9543102979660034,0,1.1106891430577808,0.8661945462226868,1.2095957649980367,819,ppo_seed45,ppo,PPO,45
77877,intercepted,1,0,0,0,204,20,10.0,184,204.0,102.0,4.590836524963379,0,1.1204146137511408,1.3343963623046875,1.225270527155232,185,ppo_seed45,ppo,PPO,45
77878,intercepted,1,0,0,0,519,17,8.5,502,519.0,259.5,2.857631206512451,0,1.1405271928475995,1.4380645751953125,1.2370735688815193,503,ppo_seed45,ppo,PPO,45
77879,intercepted,1,0,0,0,139,9,4.5,130,139.0,69.5,7.410886287689209,0,1.1322402252268244,1.4257783889770508,1.2302090127416114,131,ppo_seed45,ppo,PPO,45
77880,intercepted,1,0,0,0,1022,9,4.5,1013,1022.0,511.0,2.123537063598633,0,1.1222951116602449,1.6428797245025635,1.2159142939986411,1014,ppo_seed45,ppo,PPO,45
77881,unsafe_intercept,0,0,1,0,10,8,4.0,2,,,2.0422933101654053,0,0.9643287062644958,0.8703758716583252,0.9669348792206414,3,ppo_seed45,ppo,PPO,45
77882,intercepted,1,0,0,0,100,11,5.5,89,100.0,50.0,3.3940720558166504,0,1.067043673992157,1.64459228515625,1.1687513263020417,90,ppo_seed45,ppo,PPO,45
77883,intercepted,1,0,0,0,40,10,5.0,30,40.0,20.0,7.550556659698486,0,1.0750023982217234,0.5658245086669922,1.2139600385785123,31,ppo_seed45,ppo,PPO,45
77884,soldier_caught,0,1,0,0,412,19,9.5,393,,,1.6158390045166016,0,1.1357317150471173,1.2474380731582642,1.2306132864780568,394,ppo_seed45,ppo,PPO,45
77885,soldier_caught,0,1,0,0,330,74,37.0,256,,,1.9778082370758057,0,1.1195088117039158,0.5365659594535828,1.2063482059678121,257,ppo_seed45,ppo,PPO,45
77886,soldier_caught,0,1,0,0,84,10,5.0,74,,,1.0306520462036133,0,1.065042914946874,0.8141114115715027,1.1732296712561523,75,ppo_seed45,ppo,PPO,45
77887,soldier_caught,0,1,0,0,747,10,5.0,737,,,1.8911006450653076,0,1.1437876476504938,1.8642972707748413,1.2421202986182753,738,ppo_seed45,ppo,PPO,45
77888,intercepted,1,0,0,0,429,12,6.0,417,429.0,214.5,5.8999857902526855,0,1.0602521081432772,1.360587477684021,1.1663870111468941,418,ppo_seed45,ppo,PPO,45
77889,intercepted,1,0,0,0,127,9,4.5,118,127.0,63.5,4.58792781829834,0,1.1670502287750484,1.845324158668518,1.2600521522235388,119,ppo_seed45,ppo,PPO,45
77890,timeout,0,0,0,1,2000,10,5.0,1990,,,2.2927134037017822,0,1.1401134279974288,1.473855972290039,1.237820085353473,1991,ppo_seed45,ppo,PPO,45
77891,intercepted,1,0,0,0,225,11,5.5,214,225.0,112.5,3.800522804260254,0,1.1345102265823719,1.0042349100112915,1.2160380380849716,215,ppo_seed45,ppo,PPO,45
77892,intercepted,1,0,0,0,31,12,6.0,19,31.0,15.5,8.70099925994873,0,1.0007983818650246,1.0656770467758179,1.10197698403789,20,ppo_seed45,ppo,PPO,45
77893,soldier_caught,0,1,0,0,1253,66,33.0,1187,,,1.8724517822265625,0,1.1418236865715345,1.370436668395996,1.2428443325943543,1188,ppo_seed45,ppo,PPO,45
77894,soldier_caught,0,1,0,0,644,83,41.5,561,,,0.9656627178192139,0,1.1274063416965492,0.9891722202301025,1.2154415909942735,562,ppo_seed45,ppo,PPO,45
77895,intercepted,1,0,0,0,935,9,4.5,926,935.0,467.5,2.0434021949768066,0,1.1304330761507233,1.1219698190689087,1.2230508772014494,927,ppo_seed45,ppo,PPO,45
77896,intercepted,1,0,0,0,382,9,4.5,373,382.0,191.0,6.431331157684326,0,1.1220616645672743,1.2284952402114868,1.2157904542827382,374,ppo_seed45,ppo,PPO,45
77897,intercepted,1,0,0,0,135,9,4.5,126,135.0,67.5,11.109070777893066,0,1.2178077052428027,1.2109061479568481,1.3065811712542834,127,ppo_seed45,ppo,PPO,45
77898,soldier_caught,0,1,0,0,13,10,5.0,3,,,1.349848747253418,0,0.9598641553893685,0.5278228521347046,1.1954729364710792,4,ppo_seed45,ppo,PPO,45
77899,intercepted,1,0,0,0,259,12,6.0,247,259.0,129.5,3.533426523208618,0,1.1547265828496986,0.8363130688667297,1.2529670944767146,248,ppo_seed45,ppo,PPO,45
77900,intercepted,1,0,0,0,579,15,7.5,564,579.0,289.5,6.643840789794922,0,1.119940845760624,1.7270251512527466,1.22082698532726,565,ppo_seed45,ppo,PPO,45
77901,intercepted,1,0,0,0,1282,8,4.0,1274,1282.0,641.0,3.047269105911255,0,1.1087819520632427,0.5139554738998413,1.2026810729947113,1275,ppo_seed45,ppo,PPO,45
77902,intercepted,1,0,0,0,1308,13,6.5,1295,1308.0,654.0,3.454775094985962,0,1.1202141998197745,1.7007018327713013,1.2193129617117198,1296,ppo_seed45,ppo,PPO,45
77903,soldier_caught,0,1,0,0,285,10,5.0,275,,,1.1946611404418945,0,1.1708705324841582,1.8123537302017212,1.2559342103190054,276,ppo_seed45,ppo,PPO,45
77904,intercepted,1,0,0,0,414,10,5.0,404,414.0,207.0,2.603050708770752,0,1.1327089814124285,2.133969306945801,1.2311764268184358,405,ppo_seed45,ppo,PPO,45
77905,intercepted,1,0,0,0,777,11,5.5,766,777.0,388.5,2.5738649368286133,0,1.1131279995613956,0.9488478899002075,1.1982070469508104,767,ppo_seed45,ppo,PPO,45
77906,soldier_caught,0,1,0,0,58,9,4.5,49,,,1.7734429836273193,0,1.1304722905158997,0.8387793302536011,1.2367286188124087,50,ppo_seed45,ppo,PPO,45
77907,intercepted,1,0,0,0,72,59,29.5,13,72.0,36.0,11.221817970275879,0,1.158927606684821,1.5042825937271118,1.2555987770964294,14,ppo_seed45,ppo,PPO,45
77908,intercepted,1,0,0,0,14,12,6.0,2,14.0,7.0,3.8858351707458496,0,1.2267979383468628,0.8666448593139648,1.2619827402580208,3,ppo_seed45,ppo,PPO,45
77909,soldier_caught,0,1,0,0,574,9,4.5,565,,,1.2666255235671997,0,1.1422985923532463,1.3476992845535278,1.2410209727302381,566,ppo_seed45,ppo,PPO,45
77910,intercepted,1,0,0,0,26,13,6.5,13,26.0,13.0,12.14206314086914,0,1.1411796808242798,0.9305784106254578,1.2242681011586434,14,ppo_seed45,ppo,PPO,45
77911,soldier_caught,0,1,0,0,36,11,5.5,25,,,1.929310917854309,0,1.2570870908407064,1.2571274042129517,1.31738244218931,26,ppo_seed45,ppo,PPO,45
77912,soldier_caught,0,1,0,0,907,12,6.0,895,,,1.2886155843734741,0,1.1643069423568835,0.6200659871101379,1.2594290829931944,896,ppo_seed45,ppo,PPO,45
77913,intercepted,1,0,0,0,133,108,54.0,25,133.0,66.5,13.033000946044922,0,1.1468698078623185,0.5451065897941589,1.2558789690862169,26,ppo_seed45,ppo,PPO,45
77914,intercepted,1,0,0,0,68,10,5.0,58,68.0,34.0,11.59920883178711,0,1.095626440593752,0.7249041795730591,1.1952500741553773,59,ppo_seed45,ppo,PPO,45
77915,intercepted,1,0,0,0,254,9,4.5,245,254.0,127.0,2.584887981414795,0,1.1338164166706364,0.8310757875442505,1.2302754135453615,246,ppo_seed45,ppo,PPO,45
77916,intercepted,1,0,0,0,106,9,4.5,97,106.0,53.0,8.897748947143555,0,1.1716931538314235,2.685917854309082,1.294579111357591,98,ppo_seed45,ppo,PPO,45
77917,soldier_caught,0,1,0,0,619,9,4.5,610,,,1.824995756149292,0,1.1331923045766725,0.726959228515625,1.2305159116306792,611,ppo_seed45,ppo,PPO,45
77918,soldier_caught,0,1,0,0,577,9,4.5,568,,,1.5169897079467773,0,1.1310426783739786,1.5998547077178955,1.2337044773371189,569,ppo_seed45,ppo,PPO,45
77919,intercepted,1,0,0,0,720,11,5.5,709,720.0,360.0,4.251114368438721,0,1.1129023494644903,0.7451324462890625,1.20660833879456,710,ppo_seed45,ppo,PPO,45
77920,intercepted,1,0,0,0,743,10,5.0,733,743.0,371.5,2.636099100112915,0,1.1233101889125658,0.5319007039070129,1.2216222570179303,734,ppo_seed45,ppo,PPO,45
77921,soldier_caught,0,1,0,0,217,10,5.0,207,,,1.1641533374786377,0,1.1315856202004047,2.3965067863464355,1.2248613146843197,208,ppo_seed45,ppo,PPO,45
77922,soldier_caught,0,1,0,0,105,13,6.5,92,,,0.8603003025054932,0,1.1702040706270485,0.9202103614807129,1.245145074859289,93,ppo_seed45,ppo,PPO,45
77923,soldier_caught,0,1,0,0,472,8,4.0,464,,,1.598363995552063,0,1.1468789826798182,0.3981674313545227,1.2523224617903037,465,ppo_seed45,ppo,PPO,45
77924,soldier_caught,0,1,0,0,492,8,4.0,484,,,1.7222574949264526,0,1.115939955060015,1.6220288276672363,1.2150754211147037,485,ppo_seed45,ppo,PPO,45
77925,intercepted,1,0,0,0,43,29,14.5,14,43.0,21.5,10.987386703491211,0,1.2319507161776224,1.4819296598434448,1.3141876313124115,15,ppo_seed45,ppo,PPO,45
77926,soldier_caught,0,1,0,0,732,17,8.5,715,,,1.312493920326233,0,1.1456514416501842,0.24859660863876343,1.2461470967127324,716,ppo_seed45,ppo,PPO,45
77927,intercepted,1,0,0,0,11,9,4.5,2,11.0,5.5,3.5336103439331055,0,1.4809383153915405,1.1915152072906494,1.6033769522596768,3,ppo_seed45,ppo,PPO,45
77928,soldier_caught,0,1,0,0,754,10,5.0,744,,,1.8044551610946655,0,1.150917994466004,0.6631665825843811,1.2465726421514698,745,ppo_seed45,ppo,PPO,45
77929,soldier_caught,0,1,0,0,202,9,4.5,193,,,0.7286437153816223,0,1.1580258703108914,0.8147241473197937,1.2441547603889902,194,ppo_seed45,ppo,PPO,45
77930,intercepted,1,0,0,0,1026,17,8.5,1009,1026.0,513.0,2.4969279766082764,0,1.1237281207032133,0.41121557354927063,1.217258583868096,1010,ppo_seed45,ppo,PPO,45
77931,intercepted,1,0,0,0,779,10,5.0,769,779.0,389.5,3.2230396270751953,0,1.149917318081701,1.148951768875122,1.2436060805626017,770,ppo_seed45,ppo,PPO,45
77932,intercepted,1,0,0,0,401,12,6.0,389,401.0,200.5,4.24161434173584,0,1.1776896779735884,2.1649835109710693,1.2678166098920958,390,ppo_seed45,ppo,PPO,45
77933,intercepted,1,0,0,0,811,14,7.0,797,811.0,405.5,4.555039405822754,0,1.1798148704109186,1.9187138080596924,1.2719496735851015,798,ppo_seed45,ppo,PPO,45
77934,soldier_caught,0,1,0,0,486,15,7.5,471,,,1.4853382110595703,0,1.090353490847905,1.0725438594818115,1.1742241099769406,472,ppo_seed45,ppo,PPO,45
77935,soldier_caught,0,1,0,0,824,15,7.5,809,,,1.301066517829895,0,1.1302739976088942,1.1928988695144653,1.2277679163455495,810,ppo_seed45,ppo,PPO,45
77936,intercepted,1,0,0,0,827,16,8.0,811,827.0,413.5,6.09808874130249,0,1.131696470265318,1.2398533821105957,1.221336558539848,812,ppo_seed45,ppo,PPO,45
77937,intercepted,1,0,0,0,145,11,5.5,134,145.0,72.5,2.333760976791382,0,1.098836166328854,0.4577687084674835,1.1975233718309932,135,ppo_seed45,ppo,PPO,45
77938,intercepted,1,0,0,0,861,11,5.5,850,861.0,430.5,3.8093245029449463,0,1.109453654229711,0.7596309185028076,1.2028220986000024,851,ppo_seed45,ppo,PPO,45
77939,intercepted,1,0,0,0,277,10,5.0,267,277.0,138.5,8.489356994628906,0,1.1000755012813788,1.176363468170166,1.2016697672141612,268,ppo_seed45,ppo,PPO,45
77940,soldier_caught,0,1,0,0,1414,9,4.5,1405,,,1.1370161771774292,0,1.1226330819257546,0.6307368278503418,1.2226340108190739,1406,ppo_seed45,ppo,PPO,45
77941,intercepted,1,0,0,0,523,17,8.5,506,523.0,261.5,2.221637725830078,0,1.1131348170678057,0.9970396757125854,1.2098777595620587,507,ppo_seed45,ppo,PPO,45
77942,soldier_caught,0,1,0,0,559,17,8.5,542,,,1.5502192974090576,0,1.1491113946623894,0.30919894576072693,1.2389489244112106,543,ppo_seed45,ppo,PPO,45
77943,intercepted,1,0,0,0,315,9,4.5,306,315.0,157.5,2.718322277069092,0,1.0975988929429932,0.8500663638114929,1.1939192370565022,307,ppo_seed45,ppo,PPO,45
77944,soldier_caught,0,1,0,0,971,133,66.5,838,,,1.5151779651641846,0,1.1310753218909555,1.1289136409759521,1.2194300297061533,839,ppo_seed45,ppo,PPO,45
77945,soldier_caught,0,1,0,0,67,15,7.5,52,,,1.0386147499084473,0,1.1683909966135926,1.6072723865509033,1.273367499711496,53,ppo_seed45,ppo,PPO,45
77946,soldier_caught,0,1,0,0,1761,12,6.0,1749,,,1.6795086860656738,0,1.136160154240472,1.602819800376892,1.234492834799554,1750,ppo_seed45,ppo,PPO,45
77947,intercepted,1,0,0,0,642,8,4.0,634,642.0,321.0,3.7852842807769775,0,1.1221775244540118,0.9547258019447327,1.226720826656564,635,ppo_seed45,ppo,PPO,45
77948,soldier_caught,0,1,0,0,152,8,4.0,144,,,0.45844438672065735,0,1.1535499822476813,1.2821427583694458,1.2530062709688026,145,ppo_seed45,ppo,PPO,45
77949,soldier_caught,0,1,0,0,345,9,4.5,336,,,1.5214725732803345,0,1.138435499294929,1.0445866584777832,1.2276658790410084,337,ppo_seed45,ppo,PPO,45
77950,soldier_caught,0,1,0,0,353,8,4.0,345,,,1.1496868133544922,0,1.131070500035162,1.023668885231018,1.2323986634825175,346,ppo_seed45,ppo,PPO,45
77951,soldier_caught,0,1,0,0,688,12,6.0,676,,,1.5398969650268555,0,1.1215436653491313,0.8416033387184143,1.223430651241778,677,ppo_seed45,ppo,PPO,45
77952,soldier_caught,0,1,0,0,60,13,6.5,47,,,1.9231154918670654,0,0.9530283765246471,1.2045150995254517,1.0377795708167474,48,ppo_seed45,ppo,PPO,45
77953,intercepted,1,0,0,0,1130,91,45.5,1039,1130.0,565.0,4.449207782745361,0,1.1268917949297108,1.4337947368621826,1.2201728345748624,1040,ppo_seed45,ppo,PPO,45
77954,soldier_caught,0,1,0,0,873,17,8.5,856,,,1.1590075492858887,0,1.1145941274916555,1.1921489238739014,1.205322849095837,857,ppo_seed45,ppo,PPO,45
77955,soldier_caught,0,1,0,0,61,10,5.0,51,,,0.7174739837646484,0,1.1057593180583074,1.691870093345642,1.2172169092605931,52,ppo_seed45,ppo,PPO,45
77956,intercepted,1,0,0,0,1610,10,5.0,1600,1610.0,805.0,2.0891478061676025,0,1.1397880228523685,1.1912025213241577,1.2421433103306918,1601,ppo_seed45,ppo,PPO,45
77957,soldier_caught,0,1,0,0,280,55,27.5,225,,,1.8299068212509155,0,1.1720717540093228,1.2422734498977661,1.2647961769763667,226,ppo_seed45,ppo,PPO,45
77958,soldier_caught,0,1,0,0,153,9,4.5,144,,,1.964329719543457,0,1.1477461542548804,0.3004460632801056,1.2376735447190985,145,ppo_seed45,ppo,PPO,45
77959,soldier_caught,0,1,0,0,780,13,6.5,767,,,1.7065268754959106,0,1.1304438488829571,0.8302012085914612,1.2299192951326163,768,ppo_seed45,ppo,PPO,45
77960,soldier_caught,0,1,0,0,15,13,6.5,2,,,1.72677743434906,0,1.2171987692515056,1.349359154701233,1.287491315471901,3,ppo_seed45,ppo,PPO,45
77961,soldier_caught,0,1,0,0,201,19,9.5,182,,,1.4427337646484375,0,1.1777138429098442,1.455735683441162,1.279982692647038,183,ppo_seed45,ppo,PPO,45
77962,soldier_caught,0,1,0,0,329,8,4.0,321,,,0.7407360672950745,0,1.1447493599160858,0.9239141345024109,1.2461476356116172,322,ppo_seed45,ppo,PPO,45
77963,soldier_caught,0,1,0,0,323,16,8.0,307,,,0.6455560922622681,0,1.177181806245988,1.108200192451477,1.288151234779526,308,ppo_seed45,ppo,PPO,45
77964,intercepted,1,0,0,0,27,11,5.5,16,27.0,13.5,13.437898635864258,0,1.0847034103730147,0.7881957292556763,1.170538432182348,17,ppo_seed45,ppo,PPO,45
77965,intercepted,1,0,0,0,1117,13,6.5,1104,1117.0,558.5,2.5717008113861084,0,1.1298434269509166,0.5644611120223999,1.2235203157640346,1105,ppo_seed45,ppo,PPO,45
77966,soldier_caught,0,1,0,0,560,16,8.0,544,,,1.6494314670562744,0,1.1156682057801737,0.4155924618244171,1.2242862560945453,545,ppo_seed45,ppo,PPO,45
77967,intercepted,1,0,0,0,441,14,7.0,427,441.0,220.5,5.651340007781982,0,1.1253070295135552,1.2840696573257446,1.2206255755675477,428,ppo_seed45,ppo,PPO,45
77968,soldier_caught,0,1,0,0,214,12,6.0,202,,,0.9852884411811829,0,1.129092662425464,1.7021703720092773,1.223737001084653,203,ppo_seed45,ppo,PPO,45
77969,soldier_caught,0,1,0,0,475,11,5.5,464,,,1.0161350965499878,0,1.146764476276854,1.3391231298446655,1.2386888073450628,465,ppo_seed45,ppo,PPO,45
77970,intercepted,1,0,0,0,175,13,6.5,162,175.0,87.5,2.9428114891052246,0,1.0997720473200265,0.6162418723106384,1.1925125349651189,163,ppo_seed45,ppo,PPO,45
77971,intercepted,1,0,0,0,87,11,5.5,76,87.0,43.5,6.074007034301758,0,1.1310557181184941,1.0585322380065918,1.2230786638482807,77,ppo_seed45,ppo,PPO,45
77972,intercepted,1,0,0,0,912,10,5.0,902,912.0,456.0,2.8436636924743652,0,1.1589152619061147,0.34011250734329224,1.2561798868744596,903,ppo_seed45,ppo,PPO,45
77973,intercepted,1,0,0,0,278,7,3.5,271,278.0,139.0,6.543762683868408,0,1.168514596298337,1.1117483377456665,1.2537397628034985,272,ppo_seed45,ppo,PPO,45
77974,intercepted,1,0,0,0,241,7,3.5,234,241.0,120.5,3.7661497592926025,0,1.1127664344424897,1.4653795957565308,1.2147628920765394,235,ppo_seed45,ppo,PPO,45
77975,soldier_caught,0,1,0,0,643,8,4.0,635,,,1.0714055299758911,0,1.129103824273689,1.0765858888626099,1.228497077099045,636,ppo_seed45,ppo,PPO,45
77976,intercepted,1,0,0,0,123,12,6.0,111,123.0,61.5,5.295024394989014,0,1.1297865230590105,0.8907049298286438,1.2296231777834536,112,ppo_seed45,ppo,PPO,45
77977,intercepted,1,0,0,0,39,11,5.5,28,39.0,19.5,6.791691303253174,0,1.0289976555725624,1.1348379850387573,1.1276023939950737,29,ppo_seed45,ppo,PPO,45
77978,soldier_caught,0,1,0,0,681,11,5.5,670,,,0.6282044053077698,0,1.1143836979539135,1.477787733078003,1.2197123662143319,671,ppo_seed45,ppo,PPO,45
77979,soldier_caught,0,1,0,0,883,16,8.0,867,,,1.719821572303772,0,1.1259524903436136,1.1674659252166748,1.2141556611609878,868,ppo_seed45,ppo,PPO,45
77980,intercepted,1,0,0,0,148,14,7.0,134,148.0,74.0,9.129631996154785,0,1.153094799761419,0.8794465661048889,1.2443782123277034,135,ppo_seed45,ppo,PPO,45
77981,intercepted,1,0,0,0,68,10,5.0,58,68.0,34.0,8.911012649536133,0,1.1325706112182747,1.3180487155914307,1.2169429430008265,59,ppo_seed45,ppo,PPO,45
77982,intercepted,1,0,0,0,706,13,6.5,693,706.0,353.0,3.3475050926208496,0,1.1482533777953912,1.1378743648529053,1.2476458876901182,694,ppo_seed45,ppo,PPO,45
77983,intercepted,1,0,0,0,252,9,4.5,243,252.0,126.0,2.8875815868377686,0,1.124000062341573,1.1541987657546997,1.217854164652526,244,ppo_seed45,ppo,PPO,45
77984,soldier_caught,0,1,0,0,288,16,8.0,272,,,1.0260059833526611,0,1.1946821302284687,0.7515044808387756,1.2912754507669877,273,ppo_seed45,ppo,PPO,45
77985,soldier_caught,0,1,0,0,1397,8,4.0,1389,,,1.2065247297286987,0,1.1430047738533333,1.4079338312149048,1.2448603678233583,1390,ppo_seed45,ppo,PPO,45
77986,soldier_caught,0,1,0,0,148,47,23.5,101,,,1.2276948690414429,0,1.1172739781585395,1.2194749116897583,1.208303752049915,102,ppo_seed45,ppo,PPO,45
77987,soldier_caught,0,1,0,0,359,8,4.0,351,,,1.6843701601028442,0,1.1226483710660515,1.1650958061218262,1.2218246198401186,352,ppo_seed45,ppo,PPO,45
77988,intercepted,1,0,0,0,415,11,5.5,404,415.0,207.5,5.906070232391357,0,1.1271048373462242,0.6887513995170593,1.2205652916987868,405,ppo_seed45,ppo,PPO,45
77989,soldier_caught,0,1,0,0,36,10,5.0,26,,,0.9605143070220947,0,1.100674526558982,0.5559370517730713,1.1931003717445612,27,ppo_seed45,ppo,PPO,45
77990,intercepted,1,0,0,0,670,9,4.5,661,670.0,335.0,3.0628268718719482,0,1.1554641173055165,0.7320590615272522,1.2461241290597769,662,ppo_seed45,ppo,PPO,45
77991,intercepted,1,0,0,0,272,29,14.5,243,272.0,136.0,9.648061752319336,0,1.177028616310143,1.1541451215744019,1.2686402146112314,244,ppo_seed45,ppo,PPO,45
77992,intercepted,1,0,0,0,406,51,25.5,355,406.0,203.0,10.091580390930176,0,1.1290436882651254,1.6404461860656738,1.2178258482740667,356,ppo_seed45,ppo,PPO,45
77993,soldier_caught,0,1,0,0,136,12,6.0,124,,,1.5018420219421387,0,1.1560173003673553,0.1708541214466095,1.246666553822528,125,ppo_seed45,ppo,PPO,45
77994,intercepted,1,0,0,0,475,18,9.0,457,475.0,237.5,3.139498233795166,0,1.086336168318206,1.0063239336013794,1.177459621546163,458,ppo_seed45,ppo,PPO,45
77995,intercepted,1,0,0,0,144,10,5.0,134,144.0,72.0,2.933891773223877,0,1.1144680699816456,2.3631389141082764,1.2191014148141919,135,ppo_seed45,ppo,PPO,45
77996,soldier_caught,0,1,0,0,583,47,23.5,536,,,1.0119919776916504,0,1.1591494234636066,1.6774705648422241,1.2591793462052272,537,ppo_seed45,ppo,PPO,45
77997,soldier_caught,0,1,0,0,313,16,8.0,297,,,1.5408023595809937,0,1.1465467664119382,0.7519651651382446,1.2465318989809446,298,ppo_seed45,ppo,PPO,45
77998,intercepted,1,0,0,0,348,9,4.5,339,348.0,174.0,2.436784029006958,0,1.1403046036029563,0.9992527365684509,1.239466684836215,340,ppo_seed45,ppo,PPO,45
77999,intercepted,1,0,0,0,457,13,6.5,444,457.0,228.5,9.068597793579102,0,1.1228157909063812,0.6078120470046997,1.2255638631891257,445,ppo_seed45,ppo,PPO,45
