environment_seed,outcome,success,soldier_caught,unsafe_intercept,timeout,total_steps,detection_step,detection_time_seconds,post_detection_steps,intercept_step,intercept_time_seconds,min_enemy_soldier_dist,physical_limit_violations,mean_tracking_error,final_tracking_error,tracking_rmse,n_tracking_samples,instance_id,instance_name,family,training_seed
72000,intercepted,1,0,0,0,172,31,15.5,141,172.0,86.0,8.966934204101562,0,1.2158360436138973,0.9993840456008911,1.2977759230622978,142,lead,lead,Lead,
72001,soldier_caught,0,1,0,0,254,89,44.5,165,,,1.1800594329833984,0,1.1691782616348152,0.845704197883606,1.2642938608465,166,lead,lead,Lead,
72002,intercepted,1,0,0,0,72,11,5.5,61,72.0,36.0,5.199606895446777,0,1.080000295033378,0.4537513256072998,1.179174382755913,62,lead,lead,Lead,
72003,intercepted,1,0,0,0,252,13,6.5,239,252.0,126.0,7.318033695220947,0,1.1123268819103638,0.757287323474884,1.206145965292423,240,lead,lead,Lead,
72004,intercepted,1,0,0,0,482,16,8.0,466,482.0,241.0,2.4690093994140625,0,1.1122767110644367,1.069398283958435,1.2018003065922134,467,lead,lead,Lead,
72005,intercepted,1,0,0,0,496,36,18.0,460,496.0,248.0,6.454558849334717,0,1.1178758244662508,1.6963071823120117,1.2088639961656111,461,lead,lead,Lead,
72006,intercepted,1,0,0,0,371,10,5.0,361,371.0,185.5,3.6392998695373535,0,1.087014086091716,1.2191425561904907,1.1734821294451048,362,lead,lead,Lead,
72007,intercepted,1,0,0,0,509,41,20.5,468,509.0,254.5,5.584805488586426,0,1.0984897591761436,1.2909010648727417,1.189508727334146,469,lead,lead,Lead,
72008,intercepted,1,0,0,0,487,20,10.0,467,487.0,243.5,6.624626636505127,0,1.1256593943087974,0.608675479888916,1.2200047882727074,468,lead,lead,Lead,
72009,intercepted,1,0,0,0,164,38,19.0,126,164.0,82.0,4.442318439483643,0,1.1531340121988236,1.8854137659072876,1.249186823297226,127,lead,lead,Lead,
72010,intercepted,1,0,0,0,41,9,4.5,32,41.0,20.5,7.6557207107543945,0,1.2096987854350696,1.0948903560638428,1.3500506945486872,33,lead,lead,Lead,
72011,intercepted,1,0,0,0,220,19,9.5,201,220.0,110.0,12.740818977355957,0,1.15387423292245,0.5131417512893677,1.2494407608670193,202,lead,lead,Lead,
72012,intercepted,1,0,0,0,62,13,6.5,49,62.0,31.0,3.9416816234588623,0,1.1073988854885102,0.8085576295852661,1.1956425342323305,50,lead,lead,Lead,
72013,intercepted,1,0,0,0,53,18,9.0,35,53.0,26.5,6.479482650756836,0,1.1302236351701949,2.658054828643799,1.2116827215081634,36,lead,lead,Lead,
72014,intercepted,1,0,0,0,61,8,4.0,53,61.0,30.5,5.934957981109619,0,1.1557953026559618,0.7324909567832947,1.2572808839372984,54,lead,lead,Lead,
72015,intercepted,1,0,0,0,531,20,10.0,511,531.0,265.5,5.241458892822266,0,1.1127074184187222,0.9521234035491943,1.2204316500628616,512,lead,lead,Lead,
72016,intercepted,1,0,0,0,106,12,6.0,94,106.0,53.0,10.535783767700195,0,1.1192148089408875,1.267182469367981,1.201865458667037,95,lead,lead,Lead,
72017,soldier_caught,0,1,0,0,86,40,20.0,46,,,0.47758209705352783,0,1.2078631146157042,1.8351020812988281,1.3031158986877438,47,lead,lead,Lead,
72018,soldier_caught,0,1,0,0,51,8,4.0,43,,,1.0996599197387695,0,1.0574518438767304,0.6652421951293945,1.2143605943779499,44,lead,lead,Lead,
72019,intercepted,1,0,0,0,30,9,4.5,21,30.0,15.0,3.5038275718688965,0,1.1653329228812999,1.2856810092926025,1.2509988487607595,22,lead,lead,Lead,
72020,soldier_caught,0,1,0,0,39,9,4.5,30,,,1.6864385604858398,0,1.1380300396873104,1.1154747009277344,1.2096025124877172,31,lead,lead,Lead,
72021,intercepted,1,0,0,0,111,12,6.0,99,111.0,55.5,6.0102338790893555,0,1.0743236085027457,0.6651262044906616,1.1857919830206025,100,lead,lead,Lead,
72022,intercepted,1,0,0,0,35,11,5.5,24,35.0,17.5,8.573722839355469,0,1.2023425245285033,1.8098582029342651,1.2575866327522427,25,lead,lead,Lead,
72023,intercepted,1,0,0,0,275,13,6.5,262,275.0,137.5,2.573063611984253,0,1.1138834302019711,1.745324969291687,1.2122945011835145,263,lead,lead,Lead,
72024,intercepted,1,0,0,0,168,14,7.0,154,168.0,84.0,7.331737041473389,0,1.134793866834333,2.223464012145996,1.2277504663757512,155,lead,lead,Lead,
72025,intercepted,1,0,0,0,169,32,16.0,137,169.0,84.5,10.227293014526367,0,1.155893100992493,0.32447537779808044,1.2454884498650602,138,lead,lead,Lead,
72026,intercepted,1,0,0,0,10,8,4.0,2,10.0,5.0,5.036991596221924,0,1.3096508582433064,1.5829555988311768,1.3271930048351699,3,lead,lead,Lead,
72027,intercepted,1,0,0,0,301,15,7.5,286,301.0,150.5,3.1538872718811035,0,1.135322570385418,1.6387922763824463,1.2386037602170972,287,lead,lead,Lead,
72028,intercepted,1,0,0,0,198,15,7.5,183,198.0,99.0,2.08707857131958,0,1.1230481809572033,0.5703257918357849,1.2434440313642685,184,lead,lead,Lead,
72029,intercepted,1,0,0,0,43,10,5.0,33,43.0,21.5,8.34231948852539,0,1.1725505406365675,0.8676285147666931,1.2469995919471024,34,lead,lead,Lead,
72030,intercepted,1,0,0,0,168,25,12.5,143,168.0,84.0,10.737922668457031,0,1.107918419978685,1.1584467887878418,1.1899784838787137,144,lead,lead,Lead,
72031,soldier_caught,0,1,0,0,205,12,6.0,193,,,1.758143424987793,0,1.093435921696658,1.2727229595184326,1.1910375278146752,194,lead,lead,Lead,
72032,intercepted,1,0,0,0,305,8,4.0,297,305.0,152.5,4.5101189613342285,0,1.137465844218363,1.155932903289795,1.2233784681112752,298,lead,lead,Lead,
72033,intercepted,1,0,0,0,44,8,4.0,36,44.0,22.0,8.334098815917969,0,1.189556070276209,0.8091440796852112,1.3260618194129838,37,lead,lead,Lead,
72034,intercepted,1,0,0,0,96,10,5.0,86,96.0,48.0,2.4594485759735107,0,1.167594576704091,1.3616998195648193,1.241940233277298,87,lead,lead,Lead,
72035,intercepted,1,0,0,0,163,9,4.5,154,163.0,81.5,10.40803337097168,0,1.0920463190924736,1.0294183492660522,1.191315700789183,155,lead,lead,Lead,
72036,intercepted,1,0,0,0,13,12,6.0,1,13.0,6.5,4.959963798522949,0,1.3639833629131317,0.9051738381385803,1.439081927594001,2,lead,lead,Lead,
72037,soldier_caught,0,1,0,0,35,9,4.5,26,,,1.1199089288711548,0,1.1930211473394323,1.267466425895691,1.2976935158668417,27,lead,lead,Lead,
72038,intercepted,1,0,0,0,233,11,5.5,222,233.0,116.5,5.376230716705322,0,1.0949301712983392,1.2674065828323364,1.1954631401397005,223,lead,lead,Lead,
72039,soldier_caught,0,1,0,0,13,11,5.5,2,,,1.7397338151931763,0,0.7182534635066986,1.0280673503875732,0.8102669369211302,3,lead,lead,Lead,
72040,intercepted,1,0,0,0,145,9,4.5,136,145.0,72.5,8.972283363342285,0,1.1581180357802523,2.7075419425964355,1.2508406461803327,137,lead,lead,Lead,
72041,intercepted,1,0,0,0,201,8,4.0,193,201.0,100.5,4.948040008544922,0,1.0917461937504638,2.084519147872925,1.1822332742584294,194,lead,lead,Lead,
72042,intercepted,1,0,0,0,141,64,32.0,77,141.0,70.5,8.22944164276123,0,1.066427289102322,1.9114935398101807,1.181450995304076,78,lead,lead,Lead,
72043,intercepted,1,0,0,0,683,13,6.5,670,683.0,341.5,2.6141984462738037,0,1.12706956093584,0.9385286569595337,1.21934927513206,671,lead,lead,Lead,
72044,intercepted,1,0,0,0,128,28,14.0,100,128.0,64.0,6.345177173614502,0,1.1661120586761153,1.7664449214935303,1.2676364032162162,101,lead,lead,Lead,
72045,intercepted,1,0,0,0,101,69,34.5,32,101.0,50.5,5.928932189941406,0,1.054180495666735,1.0572446584701538,1.1316943170998848,33,lead,lead,Lead,
72046,intercepted,1,0,0,0,29,12,6.0,17,29.0,14.5,9.327951431274414,0,1.150332777036561,1.079198956489563,1.2272278582678324,18,lead,lead,Lead,
72047,intercepted,1,0,0,0,324,9,4.5,315,324.0,162.0,7.734814167022705,0,1.1424526346823838,1.8522377014160156,1.2384009821702966,316,lead,lead,Lead,
72048,intercepted,1,0,0,0,423,12,6.0,411,423.0,211.5,3.0500733852386475,0,1.1288973870461139,0.7765616774559021,1.2334664128821178,412,lead,lead,Lead,
72049,intercepted,1,0,0,0,122,15,7.5,107,122.0,61.0,2.65346622467041,0,1.0322258900851011,1.2223634719848633,1.142384915022433,108,lead,lead,Lead,
72050,soldier_caught,0,1,0,0,102,20,10.0,82,,,0.8535438179969788,0,1.1569527455841202,0.40127626061439514,1.2759316270136203,83,lead,lead,Lead,
72051,soldier_caught,0,1,0,0,77,9,4.5,68,,,1.851072907447815,0,1.1145170417384824,0.7188329696655273,1.1917068240271962,69,lead,lead,Lead,
72052,intercepted,1,0,0,0,174,8,4.0,166,174.0,87.0,3.3215224742889404,0,1.0952380937998167,0.4868670105934143,1.2130003990996003,167,lead,lead,Lead,
72053,intercepted,1,0,0,0,85,10,5.0,75,85.0,42.5,3.1289453506469727,0,1.1276496025292497,1.8495001792907715,1.2347427754985283,76,lead,lead,Lead,
72054,intercepted,1,0,0,0,295,13,6.5,282,295.0,147.5,5.015060901641846,0,1.0711753845952003,1.2243708372116089,1.1766973647721357,283,lead,lead,Lead,
72055,intercepted,1,0,0,0,399,118,59.0,281,399.0,199.5,2.5101497173309326,0,1.1737935002761106,1.0983558893203735,1.255695641867414,282,lead,lead,Lead,
72056,intercepted,1,0,0,0,23,13,6.5,10,23.0,11.5,13.856907844543457,0,1.2219674397598614,1.5937919616699219,1.2917015981131372,11,lead,lead,Lead,
72057,unsafe_intercept,0,0,1,0,9,7,3.5,2,,,3.465165138244629,0,1.317604700724284,1.5668398141860962,1.380550281648965,3,lead,lead,Lead,
72058,soldier_caught,0,1,0,0,11,9,4.5,2,,,1.8943456411361694,0,0.8747138977050781,0.6432845592498779,0.9473027867412048,3,lead,lead,Lead,
72059,intercepted,1,0,0,0,95,13,6.5,82,95.0,47.5,4.324121475219727,0,1.1124967706490712,0.4947407841682434,1.2155133049485372,83,lead,lead,Lead,
72060,intercepted,1,0,0,0,100,39,19.5,61,100.0,50.0,11.227295875549316,0,1.1738702380849468,0.9939821362495422,1.2919350708329953,62,lead,lead,Lead,
72061,intercepted,1,0,0,0,54,22,11.0,32,54.0,27.0,4.90551233291626,0,1.1363175412019093,0.4958650469779968,1.2478507900500022,33,lead,lead,Lead,
72062,intercepted,1,0,0,0,234,12,6.0,222,234.0,117.0,9.142078399658203,0,1.0663471814963315,1.073155403137207,1.1549419294863583,223,lead,lead,Lead,
72063,intercepted,1,0,0,0,98,10,5.0,88,98.0,49.0,9.431537628173828,0,1.167360923263464,1.4623095989227295,1.2490736719655011,89,lead,lead,Lead,
72064,intercepted,1,0,0,0,186,8,4.0,178,186.0,93.0,2.283078670501709,0,1.1453063543781887,2.369457960128784,1.2428918109934053,179,lead,lead,Lead,
72065,intercepted,1,0,0,0,422,9,4.5,413,422.0,211.0,4.341147422790527,0,1.1380613110419633,1.343380093574524,1.2362178128360766,414,lead,lead,Lead,
72066,intercepted,1,0,0,0,40,10,5.0,30,40.0,20.0,6.2183403968811035,0,1.1935962803902165,1.5329262018203735,1.28443164914242,31,lead,lead,Lead,
72067,intercepted,1,0,0,0,215,17,8.5,198,215.0,107.5,2.376539707183838,0,1.1417180552854012,1.8470430374145508,1.2407372311567497,199,lead,lead,Lead,
72068,intercepted,1,0,0,0,52,9,4.5,43,52.0,26.0,6.007507801055908,0,1.1355422247539868,0.7733713984489441,1.2504396509969573,44,lead,lead,Lead,
72069,intercepted,1,0,0,0,84,15,7.5,69,84.0,42.0,3.414752960205078,0,1.126858058146068,1.4135303497314453,1.2489711541686757,70,lead,lead,Lead,
72070,intercepted,1,0,0,0,336,9,4.5,327,336.0,168.0,2.195913791656494,0,1.1051885867718516,1.0546114444732666,1.1944470191733187,328,lead,lead,Lead,
72071,intercepted,1,0,0,0,81,34,17.0,47,81.0,40.5,6.604560375213623,0,0.9909355270986756,0.5640302300453186,1.0810906040487704,48,lead,lead,Lead,
72072,intercepted,1,0,0,0,102,9,4.5,93,102.0,51.0,6.13564920425415,0,1.0983975157141685,0.8488269448280334,1.1954419406648886,94,lead,lead,Lead,
72073,intercepted,1,0,0,0,103,15,7.5,88,103.0,51.5,6.768315315246582,0,1.19592527559634,0.7627981901168823,1.296051378377603,89,lead,lead,Lead,
72074,intercepted,1,0,0,0,54,12,6.0,42,54.0,27.0,4.252447128295898,0,1.037462348854819,0.5687853097915649,1.1455870076572183,43,lead,lead,Lead,
72075,intercepted,1,0,0,0,229,12,6.0,217,229.0,114.5,9.09105110168457,0,1.1322304032264499,1.4022257328033447,1.2263288908623322,218,lead,lead,Lead,
72076,intercepted,1,0,0,0,190,19,9.5,171,190.0,95.0,3.199620485305786,0,1.0762209129887959,0.7127839922904968,1.1728552231833314,172,lead,lead,Lead,
72077,intercepted,1,0,0,0,241,40,20.0,201,241.0,120.5,2.5503296852111816,0,1.1423476326583635,1.0292021036148071,1.2308398418542668,202,lead,lead,Lead,
72078,intercepted,1,0,0,0,197,13,6.5,184,197.0,98.5,10.165767669677734,0,1.0997641484479646,1.1181339025497437,1.1923967736620982,185,lead,lead,Lead,
72079,intercepted,1,0,0,0,48,8,4.0,40,48.0,24.0,5.53766393661499,0,1.0922832125570716,0.4013901352882385,1.2165011426905539,41,lead,lead,Lead,
72080,intercepted,1,0,0,0,802,19,9.5,783,802.0,401.0,4.879498481750488,0,1.1182793397361375,0.06619729846715927,1.2012587088431046,784,lead,lead,Lead,
72081,intercepted,1,0,0,0,275,9,4.5,266,275.0,137.5,6.49249792098999,0,1.1374858563647288,0.7216218113899231,1.221198305928077,267,lead,lead,Lead,
72082,intercepted,1,0,0,0,67,7,3.5,60,67.0,33.5,10.318425178527832,0,1.1027975795698948,0.2519710063934326,1.2046918285990373,61,lead,lead,Lead,
72083,intercepted,1,0,0,0,137,9,4.5,128,137.0,68.5,2.818556308746338,0,1.1609498710017796,1.8868250846862793,1.2597471160460119,129,lead,lead,Lead,
72084,intercepted,1,0,0,0,91,8,4.0,83,91.0,45.5,2.4963111877441406,0,1.1498240353096099,1.1471195220947266,1.2412218653540874,84,lead,lead,Lead,
72085,intercepted,1,0,0,0,10,8,4.0,2,10.0,5.0,4.239135265350342,0,0.9873786767323812,0.7170641422271729,1.0246907737715987,3,lead,lead,Lead,
72086,unsafe_intercept,0,0,1,0,377,10,5.0,367,,,2.421401023864746,0,1.1379447117366868,1.2817877531051636,1.2302357871126528,368,lead,lead,Lead,
72087,soldier_caught,0,1,0,0,186,9,4.5,177,,,1.2838314771652222,0,1.1468342129099236,1.3792970180511475,1.237304818330085,178,lead,lead,Lead,
72088,intercepted,1,0,0,0,277,12,6.0,265,277.0,138.5,2.1989097595214844,0,1.1432201335752816,0.44165778160095215,1.2323600610860133,266,lead,lead,Lead,
72089,intercepted,1,0,0,0,164,13,6.5,151,164.0,82.0,6.264529228210449,0,1.158203074806615,0.8791367411613464,1.234601214845195,152,lead,lead,Lead,
72090,intercepted,1,0,0,0,108,15,7.5,93,108.0,54.0,3.1320667266845703,0,1.1632493628149336,1.8885208368301392,1.2780232325411824,94,lead,lead,Lead,
72091,intercepted,1,0,0,0,66,10,5.0,56,66.0,33.0,5.76568603515625,0,1.1071669987419195,1.5917423963546753,1.1970131222274205,57,lead,lead,Lead,
72092,intercepted,1,0,0,0,92,15,7.5,77,92.0,46.0,10.057536125183105,0,1.1744470321215117,0.810544490814209,1.267069200130781,78,lead,lead,Lead,
72093,intercepted,1,0,0,0,281,12,6.0,269,281.0,140.5,9.85814380645752,0,1.1246627841834669,0.1512366384267807,1.2144784385796008,270,lead,lead,Lead,
72094,intercepted,1,0,0,0,41,33,16.5,8,41.0,20.5,14.070914268493652,0,0.9578959941864014,1.497600793838501,1.093861281129547,9,lead,lead,Lead,
72095,intercepted,1,0,0,0,170,30,15.0,140,170.0,85.0,13.090263366699219,0,1.0828042177232444,0.8488146662712097,1.196795580972546,141,lead,lead,Lead,
72096,soldier_caught,0,1,0,0,155,55,27.5,100,,,1.9126052856445312,0,1.1671782605128713,1.419398546218872,1.2617212046902742,101,lead,lead,Lead,
72097,intercepted,1,0,0,0,316,11,5.5,305,316.0,158.0,4.263983726501465,0,1.1217052825160472,1.075779914855957,1.2279062302644106,306,lead,lead,Lead,
72098,intercepted,1,0,0,0,59,12,6.0,47,59.0,29.5,2.3762433528900146,0,1.1578812611599762,0.4440400302410126,1.2561250330181315,48,lead,lead,Lead,
72099,intercepted,1,0,0,0,294,9,4.5,285,294.0,147.0,5.132023334503174,0,1.1383117696309424,0.5737749934196472,1.2310813496895454,286,lead,lead,Lead,
72100,intercepted,1,0,0,0,231,9,4.5,222,231.0,115.5,3.4679300785064697,0,1.192494966123136,0.8667494654655457,1.2862632544926274,223,lead,lead,Lead,
72101,intercepted,1,0,0,0,47,8,4.0,39,47.0,23.5,2.5526039600372314,0,1.2848826732486487,0.11795155704021454,1.397497905123546,40,lead,lead,Lead,
72102,intercepted,1,0,0,0,9,7,3.5,2,9.0,4.5,5.9190778732299805,0,0.7184585332870483,0.5931496024131775,0.7402989620833869,3,lead,lead,Lead,
72103,intercepted,1,0,0,0,81,35,17.5,46,81.0,40.5,14.088943481445312,0,1.1307568445484688,0.3896719515323639,1.2452944771293475,47,lead,lead,Lead,
72104,intercepted,1,0,0,0,463,34,17.0,429,463.0,231.5,3.1403207778930664,0,1.1401873090932535,0.9018942713737488,1.2325999989849437,430,lead,lead,Lead,
72105,intercepted,1,0,0,0,96,10,5.0,86,96.0,48.0,6.554871559143066,0,1.1288862084520275,1.9475374221801758,1.230029937306117,87,lead,lead,Lead,
72106,intercepted,1,0,0,0,48,14,7.0,34,48.0,24.0,2.324301242828369,0,0.9995247134140559,1.2588835954666138,1.1030936389262804,35,lead,lead,Lead,
72107,intercepted,1,0,0,0,143,10,5.0,133,143.0,71.5,7.171475410461426,0,1.1355121967507833,0.7020734548568726,1.2305204358235469,134,lead,lead,Lead,
72108,soldier_caught,0,1,0,0,30,7,3.5,23,,,1.7186781167984009,0,1.1852373058597248,2.238149881362915,1.3073354010326639,24,lead,lead,Lead,
72109,intercepted,1,0,0,0,167,7,3.5,160,167.0,83.5,3.3282384872436523,0,1.0924577221089269,0.5554695725440979,1.200660160332365,161,lead,lead,Lead,
72110,intercepted,1,0,0,0,939,9,4.5,930,939.0,469.5,4.608880043029785,0,1.1216322538691996,0.9401236772537231,1.2150464638256837,931,lead,lead,Lead,
72111,intercepted,1,0,0,0,261,13,6.5,248,261.0,130.5,4.149510860443115,0,1.1087191166528259,1.3163607120513916,1.2086881131556892,249,lead,lead,Lead,
72112,intercepted,1,0,0,0,164,14,7.0,150,164.0,82.0,7.367318153381348,0,1.1974937694751664,0.546225905418396,1.2938090719559654,151,lead,lead,Lead,
72113,intercepted,1,0,0,0,404,15,7.5,389,404.0,202.0,3.6787450313568115,0,1.1007340097274536,0.6204917430877686,1.1910139174930703,390,lead,lead,Lead,
72114,soldier_caught,0,1,0,0,213,25,12.5,188,,,1.4675285816192627,0,1.0234733305516697,1.091773509979248,1.1084633364094412,189,lead,lead,Lead,
72115,intercepted,1,0,0,0,604,47,23.5,557,604.0,302.0,3.144050121307373,0,1.1159706282359299,1.454218864440918,1.2118299734816111,558,lead,lead,Lead,
72116,intercepted,1,0,0,0,39,10,5.0,29,39.0,19.5,2.703565835952759,0,1.059772291779518,1.3462178707122803,1.1534810027038107,30,lead,lead,Lead,
72117,soldier_caught,0,1,0,0,108,11,5.5,97,,,1.2536537647247314,0,1.094337135325281,1.5061761140823364,1.196949735118129,98,lead,lead,Lead,
72118,intercepted,1,0,0,0,221,12,6.0,209,221.0,110.5,6.275026321411133,0,1.1129955600414958,0.4316633343696594,1.1991105233164963,210,lead,lead,Lead,
72119,intercepted,1,0,0,0,122,42,21.0,80,122.0,61.0,8.633267402648926,0,1.0868779049243456,0.47072532773017883,1.1857219190748327,81,lead,lead,Lead,
72120,intercepted,1,0,0,0,120,9,4.5,111,120.0,60.0,5.135069847106934,0,1.1467531334076608,0.4536319375038147,1.26929748696147,112,lead,lead,Lead,
72121,intercepted,1,0,0,0,79,10,5.0,69,79.0,39.5,3.3838679790496826,0,1.0910980341689926,1.2229244709014893,1.1659015488381097,70,lead,lead,Lead,
72122,soldier_caught,0,1,0,0,42,15,7.5,27,,,1.2056118249893188,0,1.1139448274459158,0.8142762780189514,1.2056744753284119,28,lead,lead,Lead,
72123,intercepted,1,0,0,0,243,11,5.5,232,243.0,121.5,3.213500738143921,0,1.0787730514683438,1.2011473178863525,1.1854606515250221,233,lead,lead,Lead,
72124,intercepted,1,0,0,0,303,8,4.0,295,303.0,151.5,9.079912185668945,0,1.1349204602223393,1.7593098878860474,1.2242921364969583,296,lead,lead,Lead,
72125,intercepted,1,0,0,0,547,11,5.5,536,547.0,273.5,6.81523323059082,0,1.1105514530793137,1.6672874689102173,1.1988648085468123,537,lead,lead,Lead,
72126,intercepted,1,0,0,0,89,12,6.0,77,89.0,44.5,2.3715736865997314,0,0.9976658515441112,0.8930937647819519,1.0750944173116357,78,lead,lead,Lead,
72127,intercepted,1,0,0,0,38,8,4.0,30,38.0,19.0,2.4885244369506836,0,1.1955231483424864,1.0853407382965088,1.2735835030997613,31,lead,lead,Lead,
72128,intercepted,1,0,0,0,146,8,4.0,138,146.0,73.0,10.116044998168945,0,1.1152431351675405,0.4750249683856964,1.2105012871754957,139,lead,lead,Lead,
72129,intercepted,1,0,0,0,71,41,20.5,30,71.0,35.5,8.157391548156738,0,1.0998224255538755,1.0472793579101562,1.203625576843076,31,lead,lead,Lead,
72130,intercepted,1,0,0,0,126,7,3.5,119,126.0,63.0,7.1023430824279785,0,1.1626335338999827,1.2653546333312988,1.2464443388121034,120,lead,lead,Lead,
72131,intercepted,1,0,0,0,151,12,6.0,139,151.0,75.5,9.09140682220459,0,1.13707528380411,1.5311949253082275,1.230410281121807,140,lead,lead,Lead,
72132,intercepted,1,0,0,0,448,12,6.0,436,448.0,224.0,9.023046493530273,0,1.1227757284924968,1.1487212181091309,1.217635534569215,437,lead,lead,Lead,
72133,intercepted,1,0,0,0,42,11,5.5,31,42.0,21.0,8.394940376281738,0,1.1997807091102004,1.1695024967193604,1.2942419918582144,32,lead,lead,Lead,
72134,intercepted,1,0,0,0,325,9,4.5,316,325.0,162.5,5.473269939422607,0,1.1096768491792754,1.3176807165145874,1.1987417401979328,317,lead,lead,Lead,
72135,intercepted,1,0,0,0,227,8,4.0,219,227.0,113.5,3.885035276412964,0,1.129937390779907,1.1116679906845093,1.224049787491743,220,lead,lead,Lead,
72136,soldier_caught,0,1,0,0,56,33,16.5,23,,,1.800750494003296,0,1.047123670578003,1.8873716592788696,1.1288138340605447,24,lead,lead,Lead,
72137,intercepted,1,0,0,0,595,30,15.0,565,595.0,297.5,7.101441860198975,0,1.133368628948611,1.0895251035690308,1.2405510306725145,566,lead,lead,Lead,
72138,intercepted,1,0,0,0,120,14,7.0,106,120.0,60.0,13.992835998535156,0,1.0366064456300201,0.7014070153236389,1.1281773130570005,107,lead,lead,Lead,
72139,intercepted,1,0,0,0,290,10,5.0,280,290.0,145.0,4.738478183746338,0,1.0691338416414329,1.0038807392120361,1.1583978525273768,281,lead,lead,Lead,
72140,intercepted,1,0,0,0,77,29,14.5,48,77.0,38.5,10.942632675170898,0,1.129986588748134,1.2043414115905762,1.1938983806684733,49,lead,lead,Lead,
72141,intercepted,1,0,0,0,24,9,4.5,15,24.0,12.0,11.188169479370117,0,1.0349650029093027,1.4751077890396118,1.1434950222228497,16,lead,lead,Lead,
72142,intercepted,1,0,0,0,164,9,4.5,155,164.0,82.0,5.626638412475586,0,1.1515374602988744,1.5286177396774292,1.2488197851838518,156,lead,lead,Lead,
72143,intercepted,1,0,0,0,315,12,6.0,303,315.0,157.5,4.174751281738281,0,1.1104865891760902,0.6788197755813599,1.2019232730771285,304,lead,lead,Lead,
72144,soldier_caught,0,1,0,0,57,8,4.0,49,,,1.6038315296173096,0,1.2499425418674945,1.0019402503967285,1.3472430502370656,50,lead,lead,Lead,
72145,intercepted,1,0,0,0,102,10,5.0,92,102.0,51.0,6.722328186035156,0,1.0888580234460934,0.935428261756897,1.2013307579190395,93,lead,lead,Lead,
72146,intercepted,1,0,0,0,64,30,15.0,34,64.0,32.0,14.521224975585938,0,1.1211498605353492,0.2043098658323288,1.2157130701659238,35,lead,lead,Lead,
72147,soldier_caught,0,1,0,0,85,18,9.0,67,,,1.9899697303771973,0,1.1433834882781786,1.9510453939437866,1.2420130816131425,68,lead,lead,Lead,
72148,intercepted,1,0,0,0,165,9,4.5,156,165.0,82.5,3.892504930496216,0,1.1433849546370234,1.1675090789794922,1.238192757073082,157,lead,lead,Lead,
72149,soldier_caught,0,1,0,0,82,14,7.0,68,,,1.819311261177063,0,1.1394278368224269,0.9667280912399292,1.235897055874124,69,lead,lead,Lead,
72150,intercepted,1,0,0,0,281,10,5.0,271,281.0,140.5,2.3040220737457275,0,1.1464195152306382,0.912735641002655,1.234734580918264,272,lead,lead,Lead,
72151,intercepted,1,0,0,0,109,11,5.5,98,109.0,54.5,2.9282314777374268,0,1.095596313965742,1.6336164474487305,1.2052677082839702,99,lead,lead,Lead,
72152,intercepted,1,0,0,0,16,14,7.0,2,16.0,8.0,7.213812351226807,0,0.8456169168154398,0.6186367869377136,0.9320485158025553,3,lead,lead,Lead,
72153,intercepted,1,0,0,0,77,17,8.5,60,77.0,38.5,3.621572256088257,0,1.1192351855704041,1.153648853302002,1.2035620151363111,61,lead,lead,Lead,
72154,intercepted,1,0,0,0,150,12,6.0,138,150.0,75.0,2.9277985095977783,0,1.1350106970547773,0.31430187821388245,1.2182848773977735,139,lead,lead,Lead,
72155,intercepted,1,0,0,0,69,16,8.0,53,69.0,34.5,8.692023277282715,0,1.1895196829681043,0.9936438202857971,1.2835167752659757,54,lead,lead,Lead,
72156,intercepted,1,0,0,0,210,16,8.0,194,210.0,105.0,4.854636192321777,0,1.1308258114716945,0.8775189518928528,1.221720715707671,195,lead,lead,Lead,
72157,intercepted,1,0,0,0,92,11,5.5,81,92.0,46.0,8.116517066955566,0,1.1234613053682374,1.0293786525726318,1.2240479571048604,82,lead,lead,Lead,
72158,intercepted,1,0,0,0,259,9,4.5,250,259.0,129.5,8.152233123779297,0,1.1615010415059162,1.5646635293960571,1.2562204832201789,251,lead,lead,Lead,
72159,intercepted,1,0,0,0,37,8,4.0,29,37.0,18.5,3.337725877761841,0,1.1422732159495355,1.330667495727539,1.2024544916369808,30,lead,lead,Lead,
72160,intercepted,1,0,0,0,169,10,5.0,159,169.0,84.5,5.242773532867432,0,1.1208292156457902,0.39334866404533386,1.2297415930577826,160,lead,lead,Lead,
72161,intercepted,1,0,0,0,102,10,5.0,92,102.0,51.0,3.5379066467285156,0,1.1172606179150202,1.5835553407669067,1.2231722174926984,93,lead,lead,Lead,
72162,intercepted,1,0,0,0,87,9,4.5,78,87.0,43.5,12.885238647460938,0,1.0854578465223312,0.629915177822113,1.1728180023908725,79,lead,lead,Lead,
72163,intercepted,1,0,0,0,153,16,8.0,137,153.0,76.5,2.9574928283691406,0,1.0356954284876152,1.0934722423553467,1.1387952188230397,138,lead,lead,Lead,
72164,intercepted,1,0,0,0,122,40,20.0,82,122.0,61.0,10.092493057250977,0,1.0842017208237247,0.5337669849395752,1.1779210097767099,83,lead,lead,Lead,
72165,soldier_caught,0,1,0,0,434,10,5.0,424,,,1.8207632303237915,0,1.1145212073887096,1.8558173179626465,1.2014669454320785,425,lead,lead,Lead,
72166,intercepted,1,0,0,0,44,29,14.5,15,44.0,22.0,11.153274536132812,0,0.9515026956796646,1.6442797183990479,1.0478069849031544,16,lead,lead,Lead,
72167,soldier_caught,0,1,0,0,86,8,4.0,78,,,1.5022817850112915,0,1.0618670933608767,1.3169234991073608,1.1481008162246602,79,lead,lead,Lead,
72168,intercepted,1,0,0,0,94,25,12.5,69,94.0,47.0,10.456339836120605,0,1.1048489179994379,1.4441169500350952,1.2378144363832542,70,lead,lead,Lead,
72169,intercepted,1,0,0,0,76,45,22.5,31,76.0,38.0,12.176349639892578,0,1.2235838705673814,1.8228709697723389,1.3233101885073035,32,lead,lead,Lead,
72170,intercepted,1,0,0,0,44,11,5.5,33,44.0,22.0,6.471409320831299,0,1.1841685283271706,2.017540693283081,1.3230564405766867,34,lead,lead,Lead,
72171,intercepted,1,0,0,0,86,10,5.0,76,86.0,43.0,12.03177261352539,0,1.0999729912002365,0.878024160861969,1.1923779199573652,77,lead,lead,Lead,
72172,intercepted,1,0,0,0,74,56,28.0,18,74.0,37.0,12.861538887023926,0,1.1654977641607587,0.9923107028007507,1.2216867238244382,19,lead,lead,Lead,
72173,unsafe_intercept,0,0,1,0,183,30,15.0,153,,,2.743885040283203,0,1.1332831790114377,3.0219194889068604,1.2437211083738589,154,lead,lead,Lead,
72174,intercepted,1,0,0,0,31,8,4.0,23,31.0,15.5,8.687548637390137,0,1.4147063580652077,0.26471734046936035,1.5443437797065602,24,lead,lead,Lead,
72175,intercepted,1,0,0,0,135,9,4.5,126,135.0,67.5,10.389748573303223,0,1.156140212468275,1.3243502378463745,1.2417843311911487,127,lead,lead,Lead,
72176,intercepted,1,0,0,0,43,10,5.0,33,43.0,21.5,11.279265403747559,0,1.0421223809175633,1.7122360467910767,1.1413438476383724,34,lead,lead,Lead,
72177,intercepted,1,0,0,0,83,20,10.0,63,83.0,41.5,7.456174373626709,0,1.0948180190753192,2.3434677124023438,1.1719803909401953,64,lead,lead,Lead,
72178,intercepted,1,0,0,0,232,13,6.5,219,232.0,116.0,6.676422119140625,0,1.1043888295915993,1.1799805164337158,1.203937022028112,220,lead,lead,Lead,
72179,intercepted,1,0,0,0,438,14,7.0,424,438.0,219.0,2.5055365562438965,0,1.1098141386754372,0.6772152185440063,1.2056272254008837,425,lead,lead,Lead,
72180,soldier_caught,0,1,0,0,59,13,6.5,46,,,0.5394712686538696,0,1.2079171487625608,0.7121341228485107,1.3039655014790146,47,lead,lead,Lead,
72181,intercepted,1,0,0,0,260,11,5.5,249,260.0,130.0,4.401750564575195,0,1.11340073376894,1.181809425354004,1.201979861483486,250,lead,lead,Lead,
72182,intercepted,1,0,0,0,57,11,5.5,46,57.0,28.5,3.3388302326202393,0,1.099838656947968,0.9134607911109924,1.2002426925603529,47,lead,lead,Lead,
72183,intercepted,1,0,0,0,67,24,12.0,43,67.0,33.5,5.162792682647705,0,1.159527146003463,0.8563992977142334,1.2520785209627414,44,lead,lead,Lead,
72184,intercepted,1,0,0,0,208,9,4.5,199,208.0,104.0,2.988492250442505,0,1.1070621686428785,1.4752544164657593,1.2037177260094192,200,lead,lead,Lead,
72185,soldier_caught,0,1,0,0,15,13,6.5,2,,,1.2516683340072632,0,1.1604398488998413,1.0835157632827759,1.1961135488327268,3,lead,lead,Lead,
72186,intercepted,1,0,0,0,10,8,4.0,2,10.0,5.0,5.548854827880859,0,1.1338484485944111,1.6472349166870117,1.192597048136842,3,lead,lead,Lead,
72187,intercepted,1,0,0,0,79,15,7.5,64,79.0,39.5,2.068755865097046,0,1.1493993364847623,1.0506683588027954,1.2595842827616939,65,lead,lead,Lead,
72188,soldier_caught,0,1,0,0,37,11,5.5,26,,,1.387102723121643,0,1.0885147706226066,0.5436833500862122,1.2217605492431085,27,lead,lead,Lead,
72189,intercepted,1,0,0,0,34,9,4.5,25,34.0,17.0,3.5432376861572266,0,1.1798709161006486,1.014080286026001,1.2531616394249787,26,lead,lead,Lead,
72190,intercepted,1,0,0,0,120,32,16.0,88,120.0,60.0,6.281868934631348,0,1.1512009123068176,2.23390793800354,1.2487739207295498,89,lead,lead,Lead,
72191,intercepted,1,0,0,0,243,12,6.0,231,243.0,121.5,7.873270034790039,0,1.1394227141964024,1.4597021341323853,1.2352144287628324,232,lead,lead,Lead,
72192,intercepted,1,0,0,0,279,44,22.0,235,279.0,139.5,2.7300915718078613,0,1.1548376666792368,1.939436674118042,1.23325451623383,236,lead,lead,Lead,
72193,intercepted,1,0,0,0,223,8,4.0,215,223.0,111.5,5.241626739501953,0,1.1227132837391562,1.3553214073181152,1.2079886845236971,216,lead,lead,Lead,
72194,intercepted,1,0,0,0,169,9,4.5,160,169.0,84.5,5.416747093200684,0,1.0553570568376447,0.9732382893562317,1.1411072330655287,161,lead,lead,Lead,
72195,intercepted,1,0,0,0,12,10,5.0,2,12.0,6.0,6.044892311096191,0,1.3390737374623616,1.376692533493042,1.3403242312952084,3,lead,lead,Lead,
72196,intercepted,1,0,0,0,74,42,21.0,32,74.0,37.0,11.78986644744873,0,1.1071374028018026,2.3607254028320312,1.2314675771127999,33,lead,lead,Lead,
72197,intercepted,1,0,0,0,328,10,5.0,318,328.0,164.0,4.593966007232666,0,1.1436652747160962,1.3023358583450317,1.2364647895338734,319,lead,lead,Lead,
72198,intercepted,1,0,0,0,15,13,6.5,2,15.0,7.5,5.917814254760742,0,0.9916720191637675,1.7724429368972778,1.1499715417921659,3,lead,lead,Lead,
72199,intercepted,1,0,0,0,263,55,27.5,208,263.0,131.5,3.3459062576293945,0,1.2087092293007522,1.4109686613082886,1.3039794076443774,209,lead,lead,Lead,
72200,soldier_caught,0,1,0,0,34,9,4.5,25,,,1.6598790884017944,0,1.0723548262165143,0.6386321187019348,1.154754474285231,26,lead,lead,Lead,
72201,soldier_caught,0,1,0,0,195,9,4.5,186,,,1.236706018447876,0,1.109656320217459,0.678747832775116,1.2035690377140107,187,lead,lead,Lead,
72202,intercepted,1,0,0,0,94,10,5.0,84,94.0,47.0,3.776625156402588,0,1.0364420846981162,0.8540803790092468,1.1334781910825182,85,lead,lead,Lead,
72203,intercepted,1,0,0,0,114,10,5.0,104,114.0,57.0,7.933453559875488,0,1.0964200227033525,0.9631035327911377,1.1927520856075629,105,lead,lead,Lead,
72204,intercepted,1,0,0,0,217,43,21.5,174,217.0,108.5,3.4848177433013916,0,1.102291978597641,0.6945505738258362,1.1838919668955397,175,lead,lead,Lead,
72205,intercepted,1,0,0,0,64,12,6.0,52,64.0,32.0,8.976322174072266,0,1.1083446645511772,1.5336003303527832,1.1785997180466115,53,lead,lead,Lead,
72206,intercepted,1,0,0,0,55,12,6.0,43,55.0,27.5,6.192689895629883,0,1.1263015764680775,1.166865587234497,1.2235188100325163,44,lead,lead,Lead,
72207,intercepted,1,0,0,0,36,7,3.5,29,36.0,18.0,4.725252151489258,0,1.0632180452346802,0.7522815465927124,1.1689722624929495,30,lead,lead,Lead,
72208,intercepted,1,0,0,0,591,11,5.5,580,591.0,295.5,2.679537296295166,0,1.1446273217230984,0.9807717800140381,1.2482754807880918,581,lead,lead,Lead,
72209,intercepted,1,0,0,0,66,11,5.5,55,66.0,33.0,3.3154096603393555,0,1.0410205306751388,1.8361995220184326,1.1573818283406412,56,lead,lead,Lead,
72210,intercepted,1,0,0,0,24,8,4.0,16,24.0,12.0,11.754619598388672,0,1.0473770867375767,0.8371191024780273,1.1727520784126706,17,lead,lead,Lead,
72211,intercepted,1,0,0,0,386,10,5.0,376,386.0,193.0,6.522940635681152,0,1.1034901048642254,1.078848123550415,1.2001783670778878,377,lead,lead,Lead,
72212,intercepted,1,0,0,0,75,22,11.0,53,75.0,37.5,9.510473251342773,0,1.11325874786686,1.0194541215896606,1.198997777737894,54,lead,lead,Lead,
72213,intercepted,1,0,0,0,307,9,4.5,298,307.0,153.5,6.41380500793457,0,1.1184915492815717,2.66288423538208,1.2098328209972662,299,lead,lead,Lead,
72214,intercepted,1,0,0,0,421,14,7.0,407,421.0,210.5,9.340007781982422,0,1.1212913517785423,1.1222972869873047,1.2178304152709751,408,lead,lead,Lead,
72215,intercepted,1,0,0,0,327,12,6.0,315,327.0,163.5,3.714263439178467,0,1.2007801617625393,2.0227930545806885,1.2867499955902626,316,lead,lead,Lead,
72216,intercepted,1,0,0,0,199,10,5.0,189,199.0,99.5,7.002822399139404,0,1.0941172715864684,0.8538729548454285,1.185943796638599,190,lead,lead,Lead,
72217,intercepted,1,0,0,0,370,8,4.0,362,370.0,185.0,3.040491819381714,0,1.1284172684569989,1.0730600357055664,1.2382843066603901,363,lead,lead,Lead,
72218,intercepted,1,0,0,0,17,8,4.0,9,17.0,8.5,8.652806282043457,0,1.1010948181152345,1.2567164897918701,1.1471268563089525,10,lead,lead,Lead,
72219,intercepted,1,0,0,0,94,9,4.5,85,94.0,47.0,2.119598150253296,0,1.078253297784994,1.3045670986175537,1.183369192904124,86,lead,lead,Lead,
72220,intercepted,1,0,0,0,40,16,8.0,24,40.0,20.0,5.799012184143066,0,1.1621641981601716,0.48070377111434937,1.2390614824186434,25,lead,lead,Lead,
72221,intercepted,1,0,0,0,931,10,5.0,921,931.0,465.5,3.1245200634002686,0,1.1034808082914145,1.1544396877288818,1.2000687358802828,922,lead,lead,Lead,
72222,intercepted,1,0,0,0,71,17,8.5,54,71.0,35.5,8.873888969421387,0,1.0728438122705979,1.153526782989502,1.1618436077310825,55,lead,lead,Lead,
72223,intercepted,1,0,0,0,46,45,22.5,1,46.0,23.0,4.357600212097168,0,1.0041249096393585,0.6074662804603577,1.0796318364425967,2,lead,lead,Lead,
72224,intercepted,1,0,0,0,67,9,4.5,58,67.0,33.5,10.042877197265625,0,1.1494992082401858,1.4972825050354004,1.2369522659941694,59,lead,lead,Lead,
72225,intercepted,1,0,0,0,94,15,7.5,79,94.0,47.0,2.3416616916656494,0,1.1572267811745405,2.6539671421051025,1.2541572295913719,80,lead,lead,Lead,
72226,intercepted,1,0,0,0,68,8,4.0,60,68.0,34.0,9.236661911010742,0,1.0342633406646917,0.9290043711662292,1.1269612060761043,61,lead,lead,Lead,
72227,intercepted,1,0,0,0,81,22,11.0,59,81.0,40.5,6.971743583679199,0,1.1006545454263688,1.8608958721160889,1.1984759551673028,60,lead,lead,Lead,
72228,intercepted,1,0,0,0,33,9,4.5,24,33.0,16.5,8.664129257202148,0,1.1061715161800385,1.203412652015686,1.2000759131739414,25,lead,lead,Lead,
72229,intercepted,1,0,0,0,20,10,5.0,10,20.0,10.0,3.338210105895996,0,1.0971868634223938,1.0732543468475342,1.2405934178402238,11,lead,lead,Lead,
72230,intercepted,1,0,0,0,533,10,5.0,523,533.0,266.5,5.086636066436768,0,1.104655318374511,1.4715852737426758,1.2008812235090989,524,lead,lead,Lead,
72231,intercepted,1,0,0,0,107,14,7.0,93,107.0,53.5,12.37116527557373,0,1.1190814616832327,0.7260257601737976,1.2017953569678164,94,lead,lead,Lead,
72232,intercepted,1,0,0,0,117,11,5.5,106,117.0,58.5,2.7899169921875,0,1.1786049573777992,1.3070775270462036,1.2822707839602425,107,lead,lead,Lead,
72233,intercepted,1,0,0,0,112,9,4.5,103,112.0,56.0,2.371042490005493,0,1.1938935627157872,0.5248172283172607,1.2917904662127095,104,lead,lead,Lead,
72234,intercepted,1,0,0,0,67,8,4.0,59,67.0,33.5,5.800474643707275,0,1.1332137232025465,1.725620985031128,1.231947398919173,60,lead,lead,Lead,
72235,intercepted,1,0,0,0,258,8,4.0,250,258.0,129.0,3.4162516593933105,0,1.1450223247131028,0.49496614933013916,1.2415143382371077,251,lead,lead,Lead,
72236,intercepted,1,0,0,0,1174,10,5.0,1164,1174.0,587.0,4.0634260177612305,0,1.128158754839406,1.1969937086105347,1.220878207093237,1165,lead,lead,Lead,
72237,intercepted,1,0,0,0,502,8,4.0,494,502.0,251.0,2.6643900871276855,0,1.117597309688125,0.44007977843284607,1.218294183103477,495,lead,lead,Lead,
72238,intercepted,1,0,0,0,243,31,15.5,212,243.0,121.5,8.320507049560547,0,1.0849618828492544,1.080007553100586,1.181880306820752,213,lead,lead,Lead,
72239,intercepted,1,0,0,0,50,11,5.5,39,50.0,25.0,7.360057830810547,0,1.0943554051220417,1.3692739009857178,1.2070096158890669,40,lead,lead,Lead,
72240,intercepted,1,0,0,0,103,17,8.5,86,103.0,51.5,11.573508262634277,0,1.1183991268619724,0.9460465312004089,1.21305724389569,87,lead,lead,Lead,
72241,soldier_caught,0,1,0,0,152,12,6.0,140,,,1.768363118171692,0,1.133402411396622,1.7142585515975952,1.2195138752336299,141,lead,lead,Lead,
72242,intercepted,1,0,0,0,426,9,4.5,417,426.0,213.0,8.566912651062012,0,1.137176087491535,1.0113348960876465,1.2425559195205982,418,lead,lead,Lead,
72243,intercepted,1,0,0,0,577,11,5.5,566,577.0,288.5,3.8317031860351562,0,1.1536814256372485,0.7875940799713135,1.256831466719324,567,lead,lead,Lead,
72244,intercepted,1,0,0,0,56,12,6.0,44,56.0,28.0,2.533923387527466,0,1.117653759320577,0.9352350234985352,1.2053001014727418,45,lead,lead,Lead,
72245,intercepted,1,0,0,0,11,9,4.5,2,11.0,5.5,4.315821647644043,0,1.4092790285746257,1.3370620012283325,1.4530919522690133,3,lead,lead,Lead,
72246,intercepted,1,0,0,0,1174,7,3.5,1167,1174.0,587.0,3.5541274547576904,0,1.1284893955014748,1.3632222414016724,1.2230369948074629,1168,lead,lead,Lead,
72247,intercepted,1,0,0,0,94,9,4.5,85,94.0,47.0,5.366560935974121,0,1.1725789282557577,1.1195945739746094,1.2606824240737637,86,lead,lead,Lead,
72248,intercepted,1,0,0,0,42,33,16.5,9,42.0,21.0,12.006922721862793,0,1.0102984964847566,1.3916386365890503,1.0928614676554567,10,lead,lead,Lead,
72249,soldier_caught,0,1,0,0,165,8,4.0,157,,,1.9050835371017456,0,1.1208307867563223,1.1236412525177002,1.2056088104017966,158,lead,lead,Lead,
72250,intercepted,1,0,0,0,580,11,5.5,569,580.0,290.0,3.0178894996643066,0,1.1125504668605954,1.3750616312026978,1.2135155314783361,570,lead,lead,Lead,
72251,unsafe_intercept,0,0,1,0,392,75,37.5,317,,,2.608424186706543,0,1.1351098791936283,0.49953511357307434,1.2288980044766717,318,lead,lead,Lead,
72252,intercepted,1,0,0,0,72,19,9.5,53,72.0,36.0,12.161637306213379,0,1.1708686390408762,1.3830854892730713,1.2555268905899861,54,lead,lead,Lead,
72253,intercepted,1,0,0,0,251,14,7.0,237,251.0,125.5,8.105303764343262,0,1.1369092553353108,1.2194942235946655,1.2325176535439435,238,lead,lead,Lead,
72254,soldier_caught,0,1,0,0,164,11,5.5,153,,,1.6143871545791626,0,1.083739155105182,0.4314820170402527,1.179521570310351,154,lead,lead,Lead,
72255,intercepted,1,0,0,0,213,33,16.5,180,213.0,106.5,8.740409851074219,0,1.1861230118498618,1.4046049118041992,1.27213532996423,181,lead,lead,Lead,
72256,intercepted,1,0,0,0,117,10,5.0,107,117.0,58.5,8.107192039489746,0,1.0726178048385515,1.279093861579895,1.1759758653006196,108,lead,lead,Lead,
72257,intercepted,1,0,0,0,192,40,20.0,152,192.0,96.0,7.287667274475098,0,1.1523904341693019,2.626615524291992,1.2550951532364991,153,lead,lead,Lead,
72258,unsafe_intercept,0,0,1,0,9,7,3.5,2,,,2.296987533569336,0,0.4145679672559102,0.4487917721271515,0.4210025731376525,3,lead,lead,Lead,
72259,intercepted,1,0,0,0,121,24,12.0,97,121.0,60.5,5.523357391357422,0,1.087257939942029,0.9533036351203918,1.1896730632460202,98,lead,lead,Lead,
72260,soldier_caught,0,1,0,0,120,9,4.5,111,,,0.5749794244766235,0,1.1561010851125633,0.6019555330276489,1.2547964934391571,112,lead,lead,Lead,
72261,intercepted,1,0,0,0,124,12,6.0,112,124.0,62.0,3.2744033336639404,0,1.1270345102632995,0.561614453792572,1.2468104143327488,113,lead,lead,Lead,
72262,intercepted,1,0,0,0,256,12,6.0,244,256.0,128.0,10.42341423034668,0,1.1042044514296006,0.6932557225227356,1.2063853804205145,245,lead,lead,Lead,
72263,intercepted,1,0,0,0,62,20,10.0,42,62.0,31.0,8.294248580932617,0,1.198947946692622,1.7320672273635864,1.272581487833154,43,lead,lead,Lead,
72264,unsafe_intercept,0,0,1,0,265,10,5.0,255,,,2.1350111961364746,0,1.0822030882409308,1.2248384952545166,1.176997266004894,256,lead,lead,Lead,
72265,soldier_caught,0,1,0,0,17,15,7.5,2,,,0.7633042335510254,0,0.9005049069722494,0.747324526309967,0.9070313730963628,3,lead,lead,Lead,
72266,intercepted,1,0,0,0,236,15,7.5,221,236.0,118.0,3.629655599594116,0,1.1738038540960432,0.5100985169410706,1.2772290394423307,222,lead,lead,Lead,
72267,intercepted,1,0,0,0,32,18,9.0,14,32.0,16.0,7.72391939163208,0,1.305444840590159,1.637546181678772,1.409032420628358,15,lead,lead,Lead,
72268,intercepted,1,0,0,0,140,14,7.0,126,140.0,70.0,2.3071422576904297,0,1.1755124419692933,0.5567315816879272,1.2548110628922373,127,lead,lead,Lead,
72269,intercepted,1,0,0,0,43,12,6.0,31,43.0,21.5,13.514413833618164,0,1.1524039655923843,1.8242510557174683,1.255352561336865,32,lead,lead,Lead,
72270,intercepted,1,0,0,0,86,12,6.0,74,86.0,43.0,5.976715087890625,0,1.1788383380572,1.4652678966522217,1.2701196046002574,75,lead,lead,Lead,
72271,intercepted,1,0,0,0,289,8,4.0,281,289.0,144.5,7.352457046508789,0,1.094170054539721,0.366519957780838,1.194945821049072,282,lead,lead,Lead,
72272,intercepted,1,0,0,0,215,24,12.0,191,215.0,107.5,6.865362644195557,0,1.2283803266473114,1.6385349035263062,1.3260102625039014,192,lead,lead,Lead,
72273,intercepted,1,0,0,0,132,10,5.0,122,132.0,66.0,7.006786823272705,0,1.133262379382684,2.0590522289276123,1.2324661029292172,123,lead,lead,Lead,
72274,intercepted,1,0,0,0,51,14,7.0,37,51.0,25.5,11.722453117370605,0,1.0757147928601818,0.7111841440200806,1.177379574125722,38,lead,lead,Lead,
72275,intercepted,1,0,0,0,305,9,4.5,296,305.0,152.5,5.1444244384765625,0,1.1396466289907192,1.0225991010665894,1.2358577416893597,297,lead,lead,Lead,
72276,intercepted,1,0,0,0,15,13,6.5,2,15.0,7.5,5.193050861358643,0,1.4972796042760212,1.28255033493042,1.5049596839401682,3,lead,lead,Lead,
72277,intercepted,1,0,0,0,926,17,8.5,909,926.0,463.0,2.706145763397217,0,1.1539436355233192,0.4257151782512665,1.246688699625272,910,lead,lead,Lead,
72278,intercepted,1,0,0,0,108,9,4.5,99,108.0,54.0,3.858769655227661,0,1.1512946590781212,2.369601011276245,1.242262586043665,100,lead,lead,Lead,
72279,intercepted,1,0,0,0,315,19,9.5,296,315.0,157.5,3.4834766387939453,0,1.115817287152865,1.0165646076202393,1.2082535152409113,297,lead,lead,Lead,
72280,soldier_caught,0,1,0,0,35,9,4.5,26,,,1.9560306072235107,0,1.180646409591039,1.4371507167816162,1.268802239231603,27,lead,lead,Lead,
72281,intercepted,1,0,0,0,209,9,4.5,200,209.0,104.5,8.009552001953125,0,1.093480050934488,1.9759490489959717,1.1972735144413353,201,lead,lead,Lead,
72282,intercepted,1,0,0,0,37,30,15.0,7,37.0,18.5,11.632635116577148,0,0.9739793725311756,1.4159672260284424,1.0498653206157404,8,lead,lead,Lead,
72283,soldier_caught,0,1,0,0,177,14,7.0,163,,,1.1647521257400513,0,1.1443503844301874,0.628812849521637,1.255383915024646,164,lead,lead,Lead,
72284,intercepted,1,0,0,0,392,10,5.0,382,392.0,196.0,9.375275611877441,0,1.1923122425070007,1.3956317901611328,1.2851739735427459,383,lead,lead,Lead,
72285,intercepted,1,0,0,0,34,9,4.5,25,34.0,17.0,4.650088310241699,0,1.1511421364087324,1.3006203174591064,1.2008152169587893,26,lead,lead,Lead,
72286,intercepted,1,0,0,0,196,11,5.5,185,196.0,98.0,5.905191421508789,0,1.0992113744379373,0.8310620188713074,1.1725998896838459,186,lead,lead,Lead,
72287,intercepted,1,0,0,0,33,9,4.5,24,33.0,16.5,3.071509599685669,0,1.1757192343473435,0.83920818567276,1.2738048370396111,25,lead,lead,Lead,
72288,intercepted,1,0,0,0,324,9,4.5,315,324.0,162.0,2.8266046047210693,0,1.1592920690397672,2.928173542022705,1.2554611128709785,316,lead,lead,Lead,
72289,intercepted,1,0,0,0,235,18,9.0,217,235.0,117.5,12.420077323913574,0,1.110011616362891,1.0461729764938354,1.1962552025091524,218,lead,lead,Lead,
72290,intercepted,1,0,0,0,314,9,4.5,305,314.0,157.0,10.382051467895508,0,1.1214278468898697,1.7054908275604248,1.2194809974382794,306,lead,lead,Lead,
72291,intercepted,1,0,0,0,63,13,6.5,50,63.0,31.5,6.164257526397705,0,1.1396547906539019,1.10038161277771,1.2286364896539843,51,lead,lead,Lead,
72292,intercepted,1,0,0,0,293,45,22.5,248,293.0,146.5,4.613863945007324,0,1.1319591857522846,1.1929198503494263,1.2291180232688774,249,lead,lead,Lead,
72293,intercepted,1,0,0,0,159,9,4.5,150,159.0,79.5,6.419612884521484,0,1.1765458137783784,1.1023024320602417,1.2484705425153895,151,lead,lead,Lead,
72294,soldier_caught,0,1,0,0,57,9,4.5,48,,,0.9951491355895996,0,1.0920458968196596,1.2029154300689697,1.1676529020383262,49,lead,lead,Lead,
72295,intercepted,1,0,0,0,109,11,5.5,98,109.0,54.5,2.166562795639038,0,1.1050232912253852,0.6586044430732727,1.1995214008495232,99,lead,lead,Lead,
72296,intercepted,1,0,0,0,482,14,7.0,468,482.0,241.0,9.175248146057129,0,1.1412705237359635,0.8085556030273438,1.2293906749724208,469,lead,lead,Lead,
72297,intercepted,1,0,0,0,90,8,4.0,82,90.0,45.0,4.99738073348999,0,1.072147732219064,0.9085682034492493,1.146390701289142,83,lead,lead,Lead,
72298,intercepted,1,0,0,0,145,10,5.0,135,145.0,72.5,2.5428922176361084,0,1.092952725258382,2.394960403442383,1.180906996136281,136,lead,lead,Lead,
72299,intercepted,1,0,0,0,80,25,12.5,55,80.0,40.0,9.86048698425293,0,1.0503696948289871,0.7441601157188416,1.1629805515563338,56,lead,lead,Lead,
72300,intercepted,1,0,0,0,125,10,5.0,115,125.0,62.5,2.0813136100769043,0,1.1858307793736458,0.5992669463157654,1.2691795019324725,116,lead,lead,Lead,
72301,intercepted,1,0,0,0,166,15,7.5,151,166.0,83.0,4.045406818389893,0,1.1270887987982285,1.5341293811798096,1.2164727917682228,152,lead,lead,Lead,
72302,intercepted,1,0,0,0,228,26,13.0,202,228.0,114.0,4.432068824768066,0,1.0719795952656586,1.0123965740203857,1.1807168696609927,203,lead,lead,Lead,
72303,intercepted,1,0,0,0,172,14,7.0,158,172.0,86.0,5.088126182556152,0,1.1613545020421345,0.8721840977668762,1.2455963201328424,159,lead,lead,Lead,
72304,soldier_caught,0,1,0,0,286,14,7.0,272,,,0.8991593718528748,0,1.1040426191938666,0.9642147421836853,1.1984683989752691,273,lead,lead,Lead,
72305,soldier_caught,0,1,0,0,13,11,5.5,2,,,0.908686101436615,0,0.7875512937704722,0.9772722125053406,0.8390293327529419,3,lead,lead,Lead,
72306,intercepted,1,0,0,0,44,17,8.5,27,44.0,22.0,6.697966575622559,0,1.055962042084762,1.4468340873718262,1.1275983843095385,28,lead,lead,Lead,
72307,intercepted,1,0,0,0,34,10,5.0,24,34.0,17.0,5.150781154632568,0,1.160756733417511,1.2163617610931396,1.276305027589202,25,lead,lead,Lead,
72308,intercepted,1,0,0,0,59,11,5.5,48,59.0,29.5,2.5322353839874268,0,1.1575155440641909,1.0406547784805298,1.268741880230965,49,lead,lead,Lead,
72309,intercepted,1,0,0,0,11,10,5.0,1,11.0,5.5,4.8356828689575195,0,0.8365655541419983,0.9436917304992676,0.8433966706347835,2,lead,lead,Lead,
72310,intercepted,1,0,0,0,193,11,5.5,182,193.0,96.5,2.3691928386688232,0,1.0683912564007962,0.505500316619873,1.1714602914023466,183,lead,lead,Lead,
72311,intercepted,1,0,0,0,41,11,5.5,30,41.0,20.5,5.804200172424316,0,1.0693442432149765,0.741421103477478,1.1644748191569043,31,lead,lead,Lead,
72312,intercepted,1,0,0,0,143,46,23.0,97,143.0,71.5,5.449157238006592,0,1.1864228265321985,1.7379043102264404,1.3036330341014477,98,lead,lead,Lead,
72313,intercepted,1,0,0,0,43,16,8.0,27,43.0,21.5,12.689871788024902,0,1.006896042398044,0.6953293681144714,1.112007806440881,28,lead,lead,Lead,
72314,soldier_caught,0,1,0,0,84,10,5.0,74,,,1.346378207206726,0,1.153683405915896,1.1629220247268677,1.2615921409779867,75,lead,lead,Lead,
72315,intercepted,1,0,0,0,204,11,5.5,193,204.0,102.0,4.5875563621521,0,1.184822873202796,1.1754775047302246,1.2737542252275396,194,lead,lead,Lead,
72316,soldier_caught,0,1,0,0,185,12,6.0,173,,,0.8499864339828491,0,1.1272891451572549,1.483211636543274,1.2307723766046594,174,lead,lead,Lead,
72317,intercepted,1,0,0,0,34,12,6.0,22,34.0,17.0,12.280311584472656,0,1.2372358441352844,1.5951056480407715,1.3265133247881682,23,lead,lead,Lead,
72318,soldier_caught,0,1,0,0,36,9,4.5,27,,,1.2167658805847168,0,1.2250894073929106,0.9401859045028687,1.286098740641246,28,lead,lead,Lead,
72319,intercepted,1,0,0,0,503,10,5.0,493,503.0,251.5,3.947873592376709,0,1.1221921763680724,0.8408911824226379,1.209398807526401,494,lead,lead,Lead,
72320,intercepted,1,0,0,0,328,19,9.5,309,328.0,164.0,3.670056104660034,0,1.087856052263129,1.062765121459961,1.183809060196274,310,lead,lead,Lead,
72321,intercepted,1,0,0,0,54,9,4.5,45,54.0,27.0,3.742276191711426,0,1.1960897264273271,0.8770097494125366,1.2627952357459709,46,lead,lead,Lead,
72322,intercepted,1,0,0,0,137,11,5.5,126,137.0,68.5,2.747206687927246,0,1.147013119179902,1.510542631149292,1.2409746587256918,127,lead,lead,Lead,
72323,intercepted,1,0,0,0,63,16,8.0,47,63.0,31.5,3.957993507385254,0,1.2195381099979083,0.7884095907211304,1.318457380208188,48,lead,lead,Lead,
72324,intercepted,1,0,0,0,25,12,6.0,13,25.0,12.5,5.322995662689209,0,0.9360548598425729,0.6085485219955444,0.9977396881051688,14,lead,lead,Lead,
72325,intercepted,1,0,0,0,438,66,33.0,372,438.0,219.0,9.537930488586426,0,1.1181935386147959,1.6406852006912231,1.214909643295466,373,lead,lead,Lead,
72326,intercepted,1,0,0,0,198,8,4.0,190,198.0,99.0,9.65339469909668,0,1.133503418162231,1.0393712520599365,1.2136528448124353,191,lead,lead,Lead,
72327,intercepted,1,0,0,0,23,14,7.0,9,23.0,11.5,11.816203117370605,0,1.1267407834529877,1.566089153289795,1.2512995646890588,10,lead,lead,Lead,
72328,intercepted,1,0,0,0,70,19,9.5,51,70.0,35.0,8.202787399291992,0,1.022585277373974,0.5805883407592773,1.0945310210020354,52,lead,lead,Lead,
72329,intercepted,1,0,0,0,151,80,40.0,71,151.0,75.5,9.154136657714844,0,1.1028593099779553,0.6145856380462646,1.1741341511547825,72,lead,lead,Lead,
72330,intercepted,1,0,0,0,129,9,4.5,120,129.0,64.5,3.887377977371216,0,1.091601380262493,1.1222283840179443,1.1961057783058755,121,lead,lead,Lead,
72331,intercepted,1,0,0,0,180,8,4.0,172,180.0,90.0,9.751020431518555,0,1.1330435968978556,1.3812168836593628,1.2295031251422328,173,lead,lead,Lead,
72332,intercepted,1,0,0,0,572,10,5.0,562,572.0,286.0,4.56221342086792,0,1.1745262259012006,0.587503969669342,1.275652483429071,563,lead,lead,Lead,
72333,intercepted,1,0,0,0,196,12,6.0,184,196.0,98.0,4.12723970413208,0,1.1696526350604521,0.7131801247596741,1.2573349306628678,185,lead,lead,Lead,
72334,intercepted,1,0,0,0,100,12,6.0,88,100.0,50.0,4.100094318389893,0,1.1255440889449602,1.7023941278457642,1.2155905206320632,89,lead,lead,Lead,
72335,intercepted,1,0,0,0,333,17,8.5,316,333.0,166.5,7.23179817199707,0,1.1399345674114272,1.650563359260559,1.2389015626172568,317,lead,lead,Lead,
72336,intercepted,1,0,0,0,218,9,4.5,209,218.0,109.0,10.697662353515625,0,1.1237247285388765,0.8117519617080688,1.2097531005634858,210,lead,lead,Lead,
72337,intercepted,1,0,0,0,123,18,9.0,105,123.0,61.5,3.6200084686279297,0,1.056664171505649,1.057731032371521,1.1388029069331447,106,lead,lead,Lead,
72338,intercepted,1,0,0,0,22,11,5.5,11,22.0,11.0,10.429229736328125,0,1.1454416513442993,0.7566344738006592,1.1915199323707313,12,lead,lead,Lead,
72339,intercepted,1,0,0,0,15,13,6.5,2,15.0,7.5,4.410791873931885,0,0.5470090409119924,0.7941271066665649,0.5777778461816778,3,lead,lead,Lead,
72340,intercepted,1,0,0,0,175,35,17.5,140,175.0,87.5,4.179438591003418,0,1.1501217434803646,0.4735132157802582,1.2464267290267916,141,lead,lead,Lead,
72341,intercepted,1,0,0,0,84,35,17.5,49,84.0,42.0,2.4791641235351562,0,1.003607105612755,1.0057258605957031,1.0947310049801775,50,lead,lead,Lead,
72342,intercepted,1,0,0,0,346,13,6.5,333,346.0,173.0,7.169826030731201,0,1.116579726739915,0.9272807240486145,1.2174471531952287,334,lead,lead,Lead,
72343,intercepted,1,0,0,0,185,59,29.5,126,185.0,92.5,11.457320213317871,0,1.0784207257464176,0.3121083676815033,1.1834625964821843,127,lead,lead,Lead,
72344,intercepted,1,0,0,0,104,8,4.0,96,104.0,52.0,8.217777252197266,0,1.123955449492661,1.305403470993042,1.2190063311914774,97,lead,lead,Lead,
72345,intercepted,1,0,0,0,328,12,6.0,316,328.0,164.0,2.4084980487823486,0,1.1090190595820875,0.6650984287261963,1.199516110333883,317,lead,lead,Lead,
72346,intercepted,1,0,0,0,164,13,6.5,151,164.0,82.0,10.843027114868164,0,1.1008925404595702,0.9873425364494324,1.1864265635506237,152,lead,lead,Lead,
72347,intercepted,1,0,0,0,158,10,5.0,148,158.0,79.0,6.6910295486450195,0,1.113344788351315,1.5745973587036133,1.222575382390941,149,lead,lead,Lead,
72348,intercepted,1,0,0,0,179,11,5.5,168,179.0,89.5,9.063310623168945,0,1.1317090993449532,1.459912896156311,1.2333971199595608,169,lead,lead,Lead,
72349,intercepted,1,0,0,0,263,12,6.0,251,263.0,131.5,5.202019214630127,0,1.138424533848015,1.6570323705673218,1.2439357159313678,252,lead,lead,Lead,
72350,intercepted,1,0,0,0,72,59,29.5,13,72.0,36.0,13.363986015319824,0,0.9883485244853156,0.8625602722167969,1.108864788688641,14,lead,lead,Lead,
72351,intercepted,1,0,0,0,206,10,5.0,196,206.0,103.0,2.0775420665740967,0,1.1827092769787397,0.8413249850273132,1.2667331648847575,197,lead,lead,Lead,
72352,soldier_caught,0,1,0,0,112,8,4.0,104,,,1.5541077852249146,0,1.2222342828377373,0.421296089887619,1.3172204756360222,105,lead,lead,Lead,
72353,intercepted,1,0,0,0,138,11,5.5,127,138.0,69.0,2.0603668689727783,0,1.1215541179990396,0.8369224071502686,1.2069431221648257,128,lead,lead,Lead,
72354,intercepted,1,0,0,0,10,8,4.0,2,10.0,5.0,3.910824775695801,0,0.7803031504154205,0.47565320134162903,0.8377869403016414,3,lead,lead,Lead,
72355,intercepted,1,0,0,0,423,16,8.0,407,423.0,211.5,2.0875258445739746,0,1.1334923786275528,1.2335000038146973,1.2209608220841262,408,lead,lead,Lead,
72356,intercepted,1,0,0,0,58,8,4.0,50,58.0,29.0,4.662201404571533,0,1.0924687908560622,1.2708195447921753,1.2413338370834606,51,lead,lead,Lead,
72357,intercepted,1,0,0,0,56,9,4.5,47,56.0,28.0,6.95444917678833,0,1.1084368918091059,1.0830744504928589,1.1841787246226567,48,lead,lead,Lead,
72358,intercepted,1,0,0,0,100,19,9.5,81,100.0,50.0,13.683740615844727,0,1.227850129328123,0.7975839972496033,1.3584275375070765,82,lead,lead,Lead,
72359,intercepted,1,0,0,0,58,50,25.0,8,58.0,29.0,10.79381275177002,0,1.0887125200695462,0.742089033126831,1.1799445527647172,9,lead,lead,Lead,
72360,intercepted,1,0,0,0,137,38,19.0,99,137.0,68.5,6.481655120849609,0,1.1773387470841408,0.6712033152580261,1.2954250187751368,100,lead,lead,Lead,
72361,intercepted,1,0,0,0,314,10,5.0,304,314.0,157.0,2.0338988304138184,0,1.1290398943131088,0.48634666204452515,1.2150092434180957,305,lead,lead,Lead,
72362,intercepted,1,0,0,0,27,9,4.5,18,27.0,13.5,9.86567211151123,0,1.2001898233827792,1.081834077835083,1.3413815237193263,19,lead,lead,Lead,
72363,soldier_caught,0,1,0,0,380,14,7.0,366,,,0.8823346495628357,0,1.1431146513579327,1.4083912372589111,1.2425382015153388,367,lead,lead,Lead,
72364,soldier_caught,0,1,0,0,36,8,4.0,28,,,1.0260957479476929,0,1.0387720085423569,0.945603609085083,1.1314805111208217,29,lead,lead,Lead,
72365,intercepted,1,0,0,0,169,11,5.5,158,169.0,84.5,11.686094284057617,0,1.1758463382252358,1.2998042106628418,1.2608552206096029,159,lead,lead,Lead,
72366,intercepted,1,0,0,0,80,10,5.0,70,80.0,40.0,2.3520774841308594,0,1.1891065468670616,1.0243141651153564,1.2921613294953564,71,lead,lead,Lead,
72367,intercepted,1,0,0,0,67,11,5.5,56,67.0,33.5,3.6802005767822266,0,1.278895669338996,1.1621336936950684,1.3850112958880474,57,lead,lead,Lead,
72368,intercepted,1,0,0,0,85,12,6.0,73,85.0,42.5,6.558248043060303,0,1.1954175371777367,0.7162325382232666,1.2846280456047077,74,lead,lead,Lead,
72369,intercepted,1,0,0,0,98,15,7.5,83,98.0,49.0,5.197162628173828,0,1.1926606166220846,1.0787087678909302,1.282438770566031,84,lead,lead,Lead,
72370,intercepted,1,0,0,0,65,10,5.0,55,65.0,32.5,8.001294136047363,0,1.1171734649688005,1.420487403869629,1.2290221808137334,56,lead,lead,Lead,
72371,intercepted,1,0,0,0,148,10,5.0,138,148.0,74.0,3.001112461090088,0,1.1264486767405228,1.6522146463394165,1.1977551685126593,139,lead,lead,Lead,
72372,intercepted,1,0,0,0,234,24,12.0,210,234.0,117.0,3.084531545639038,0,1.1703784355620073,2.165036678314209,1.2639059683845173,211,lead,lead,Lead,
72373,intercepted,1,0,0,0,104,9,4.5,95,104.0,52.0,3.4942963123321533,0,1.1722373931358259,1.9719923734664917,1.259285513207065,96,lead,lead,Lead,
72374,intercepted,1,0,0,0,88,10,5.0,78,88.0,44.0,12.259554862976074,0,1.2025680907919436,1.6682169437408447,1.3120068043202655,79,lead,lead,Lead,
72375,unsafe_intercept,0,0,1,0,82,13,6.5,69,,,2.3760452270507812,0,1.0205298393964768,0.9600008130073547,1.100720182232448,70,lead,lead,Lead,
72376,intercepted,1,0,0,0,34,8,4.0,26,34.0,17.0,7.437815189361572,0,1.0734799747113828,2.1767709255218506,1.185395177394264,27,lead,lead,Lead,
72377,soldier_caught,0,1,0,0,355,33,16.5,322,,,1.9160808324813843,0,1.1495405601643187,0.676062822341919,1.2547978139540865,323,lead,lead,Lead,
72378,intercepted,1,0,0,0,267,10,5.0,257,267.0,133.5,8.710878372192383,0,1.1054545299027316,1.8785821199417114,1.1971984031319658,258,lead,lead,Lead,
72379,intercepted,1,0,0,0,13,11,5.5,2,13.0,6.5,5.744589328765869,0,1.5960295697053273,0.34714165329933167,1.825494492600005,3,lead,lead,Lead,
72380,intercepted,1,0,0,0,282,12,6.0,270,282.0,141.0,7.490880012512207,0,1.1642112882594782,0.5594100952148438,1.2544382494116275,271,lead,lead,Lead,
72381,intercepted,1,0,0,0,254,9,4.5,245,254.0,127.0,2.6340885162353516,0,1.1213382303230162,0.8446710109710693,1.2281430739623747,246,lead,lead,Lead,
72382,intercepted,1,0,0,0,157,30,15.0,127,157.0,78.5,6.032918453216553,0,1.0664880811236799,1.972389817237854,1.1682245607618784,128,lead,lead,Lead,
72383,intercepted,1,0,0,0,489,14,7.0,475,489.0,244.5,7.603728771209717,0,1.1216274643269908,0.9629064202308655,1.2221969611245362,476,lead,lead,Lead,
72384,unsafe_intercept,0,0,1,0,78,13,6.5,65,,,3.313406467437744,0,1.2089247992544463,1.399922490119934,1.304466437749297,66,lead,lead,Lead,
72385,intercepted,1,0,0,0,135,9,4.5,126,135.0,67.5,13.219696044921875,0,1.1943600232910923,1.8824591636657715,1.299380919639852,127,lead,lead,Lead,
72386,intercepted,1,0,0,0,90,13,6.5,77,90.0,45.0,4.89837646484375,0,1.0826085607210796,0.35976922512054443,1.1860223798333076,78,lead,lead,Lead,
72387,intercepted,1,0,0,0,170,8,4.0,162,170.0,85.0,6.049028396606445,0,1.1062027413420883,0.24557693302631378,1.196035427292173,163,lead,lead,Lead,
72388,soldier_caught,0,1,0,0,254,9,4.5,245,,,1.534661054611206,0,1.1408640284363816,0.7068665027618408,1.2399108277858955,246,lead,lead,Lead,
72389,intercepted,1,0,0,0,117,13,6.5,104,117.0,58.5,10.71294116973877,0,1.1442735002154396,0.531706690788269,1.2581344702696313,105,lead,lead,Lead,
72390,intercepted,1,0,0,0,61,10,5.0,51,61.0,30.5,12.47522258758545,0,1.1554749625233502,1.3931621313095093,1.2610545133599418,52,lead,lead,Lead,
72391,intercepted,1,0,0,0,183,23,11.5,160,183.0,91.5,5.830945014953613,0,1.08935833125381,0.696355402469635,1.1788136989318534,161,lead,lead,Lead,
72392,intercepted,1,0,0,0,293,127,63.5,166,293.0,146.5,3.944446086883545,0,1.2031372459884175,2.222151041030884,1.3048699152595424,167,lead,lead,Lead,
72393,soldier_caught,0,1,0,0,35,7,3.5,28,,,1.5548335313796997,0,1.0171660986439934,1.0809639692306519,1.0978035717831154,29,lead,lead,Lead,
72394,intercepted,1,0,0,0,221,10,5.0,211,221.0,110.5,9.600564002990723,0,1.0804884291412133,1.5593750476837158,1.1626858732016747,212,lead,lead,Lead,
72395,intercepted,1,0,0,0,100,9,4.5,91,100.0,50.0,3.5541422367095947,0,1.1923590117822522,1.1760492324829102,1.288560128593988,92,lead,lead,Lead,
72396,intercepted,1,0,0,0,361,34,17.0,327,361.0,180.5,6.922947883605957,0,1.1107713460195354,0.9714152812957764,1.198792752910385,328,lead,lead,Lead,
72397,intercepted,1,0,0,0,269,15,7.5,254,269.0,134.5,2.3445260524749756,0,1.105755868758641,1.4789659976959229,1.2015886800459306,255,lead,lead,Lead,
72398,intercepted,1,0,0,0,24,12,6.0,12,24.0,12.0,7.618073463439941,0,1.0553347858098836,0.46250805258750916,1.1084039905253598,13,lead,lead,Lead,
72399,intercepted,1,0,0,0,384,13,6.5,371,384.0,192.0,2.0334513187408447,0,1.102761940369683,0.5972062349319458,1.2085712688392825,372,lead,lead,Lead,
72400,intercepted,1,0,0,0,52,14,7.0,38,52.0,26.0,2.118222951889038,0,1.1399043683822339,1.14862859249115,1.2825244382649288,39,lead,lead,Lead,
72401,intercepted,1,0,0,0,298,27,13.5,271,298.0,149.0,9.520133018493652,0,1.080567187136587,0.5810941457748413,1.183885563757676,272,lead,lead,Lead,
72402,intercepted,1,0,0,0,41,11,5.5,30,41.0,20.5,9.057516098022461,0,1.09309376151331,0.7167527675628662,1.1789014501141,31,lead,lead,Lead,
72403,intercepted,1,0,0,0,293,9,4.5,284,293.0,146.5,3.4557929039001465,0,1.0902664839175709,1.283242106437683,1.1862795035065368,285,lead,lead,Lead,
72404,intercepted,1,0,0,0,188,25,12.5,163,188.0,94.0,9.060365676879883,0,1.162987795453973,1.6264222860336304,1.2615790516869212,164,lead,lead,Lead,
72405,intercepted,1,0,0,0,181,9,4.5,172,181.0,90.5,7.681343078613281,0,1.1155520273598631,1.0513712167739868,1.225436073195203,173,lead,lead,Lead,
72406,intercepted,1,0,0,0,140,17,8.5,123,140.0,70.0,2.428997755050659,0,1.1495245190397385,0.9090615510940552,1.2461756039322403,124,lead,lead,Lead,
72407,intercepted,1,0,0,0,258,12,6.0,246,258.0,129.0,3.5648248195648193,0,1.14705264562296,0.6487389802932739,1.239760126868779,247,lead,lead,Lead,
72408,intercepted,1,0,0,0,60,16,8.0,44,60.0,30.0,11.833161354064941,0,1.150875859790378,1.7303521633148193,1.2449944018669767,45,lead,lead,Lead,
72409,intercepted,1,0,0,0,112,38,19.0,74,112.0,56.0,3.518709897994995,0,1.242600404024124,1.5446957349777222,1.3493343248067016,75,lead,lead,Lead,
72410,intercepted,1,0,0,0,40,10,5.0,30,40.0,20.0,2.722839832305908,0,1.2071127891540527,1.2403302192687988,1.332968814212431,31,lead,lead,Lead,
72411,intercepted,1,0,0,0,103,8,4.0,95,103.0,51.5,3.289916753768921,0,1.0744148064404726,1.356796383857727,1.1807607826970676,96,lead,lead,Lead,
72412,intercepted,1,0,0,0,131,11,5.5,120,131.0,65.5,7.385688781738281,0,1.0481287474967231,0.6036199927330017,1.1547739588385781,121,lead,lead,Lead,
72413,intercepted,1,0,0,0,64,10,5.0,54,64.0,32.0,7.4657416343688965,0,1.2470472091978246,1.0048408508300781,1.3396112457622704,55,lead,lead,Lead,
72414,intercepted,1,0,0,0,295,50,25.0,245,295.0,147.5,6.740320205688477,0,1.0934704267154864,3.3732635974884033,1.203569653382772,246,lead,lead,Lead,
72415,intercepted,1,0,0,0,70,11,5.5,59,70.0,35.0,12.116498947143555,0,1.1343646690249443,0.6388853192329407,1.2077696670692633,60,lead,lead,Lead,
72416,intercepted,1,0,0,0,326,11,5.5,315,326.0,163.0,2.8115603923797607,0,1.1316015399237978,0.9546176195144653,1.2307741603995015,316,lead,lead,Lead,
72417,intercepted,1,0,0,0,156,10,5.0,146,156.0,78.0,4.271328449249268,0,1.114390622494983,1.057273507118225,1.2043842792969122,147,lead,lead,Lead,
72418,intercepted,1,0,0,0,210,10,5.0,200,210.0,105.0,2.796405076980591,0,1.0661636119087536,0.9418860077857971,1.1516343232525923,201,lead,lead,Lead,
72419,intercepted,1,0,0,0,157,7,3.5,150,157.0,78.5,3.9942522048950195,0,1.1038408187643582,1.317649006843567,1.2016934423534467,151,lead,lead,Lead,
72420,intercepted,1,0,0,0,252,36,18.0,216,252.0,126.0,11.147659301757812,0,1.1341625943024587,0.8913392424583435,1.2210955075235885,217,lead,lead,Lead,
72421,intercepted,1,0,0,0,121,34,17.0,87,121.0,60.5,7.263510227203369,0,1.1587137297134509,1.2911180257797241,1.27762810134988,88,lead,lead,Lead,
72422,intercepted,1,0,0,0,190,87,43.5,103,190.0,95.0,4.543647766113281,0,1.0957272104345834,0.8615367412567139,1.1860785306724002,104,lead,lead,Lead,
72423,intercepted,1,0,0,0,241,12,6.0,229,241.0,120.5,3.883930206298828,0,1.151328084067158,1.9474899768829346,1.259829532094079,230,lead,lead,Lead,
72424,intercepted,1,0,0,0,27,15,7.5,12,27.0,13.5,11.29161262512207,0,1.2787473419537911,1.402220606803894,1.3796012717636186,13,lead,lead,Lead,
72425,intercepted,1,0,0,0,38,8,4.0,30,38.0,19.0,4.704477787017822,0,1.2417039419374158,0.7186728119850159,1.3807722108032323,31,lead,lead,Lead,
72426,intercepted,1,0,0,0,78,11,5.5,67,78.0,39.0,3.3963451385498047,0,1.1602988400880028,2.2967910766601562,1.258990277801323,68,lead,lead,Lead,
72427,intercepted,1,0,0,0,83,9,4.5,74,83.0,41.5,2.817744493484497,0,1.154405735929807,0.20822159945964813,1.2373352628526677,75,lead,lead,Lead,
72428,intercepted,1,0,0,0,123,9,4.5,114,123.0,61.5,4.607025623321533,0,1.0788132983705272,1.6932281255722046,1.1813021093246285,115,lead,lead,Lead,
72429,intercepted,1,0,0,0,195,30,15.0,165,195.0,97.5,9.288971900939941,0,1.0685411504952305,1.3208390474319458,1.1620335257596104,166,lead,lead,Lead,
72430,soldier_caught,0,1,0,0,11,9,4.5,2,,,1.2003004550933838,0,1.1164018313090007,1.5124684572219849,1.153344059678322,3,lead,lead,Lead,
72431,intercepted,1,0,0,0,63,40,20.0,23,63.0,31.5,10.331716537475586,0,1.2432747160394986,1.9626325368881226,1.3397982871659417,24,lead,lead,Lead,
72432,intercepted,1,0,0,0,40,26,13.0,14,40.0,20.0,12.737390518188477,0,1.1075696190198263,0.9077423214912415,1.2352721521184111,15,lead,lead,Lead,
72433,intercepted,1,0,0,0,128,10,5.0,118,128.0,64.0,2.370509386062622,0,1.1349513718560964,1.0927780866622925,1.2250920694071161,119,lead,lead,Lead,
72434,intercepted,1,0,0,0,171,10,5.0,161,171.0,85.5,10.74660587310791,0,1.067642603483465,1.240688443183899,1.1643356793101447,162,lead,lead,Lead,
72435,soldier_caught,0,1,0,0,17,14,7.0,3,,,1.2397161722183228,0,1.3356621712446213,1.639561653137207,1.360472459606644,4,lead,lead,Lead,
72436,intercepted,1,0,0,0,77,12,6.0,65,77.0,38.5,10.30426025390625,0,1.0849390716263743,1.6810736656188965,1.1890381914807147,66,lead,lead,Lead,
72437,intercepted,1,0,0,0,445,9,4.5,436,445.0,222.5,7.809609413146973,0,1.1234473130863918,1.5508023500442505,1.2109183097477925,437,lead,lead,Lead,
72438,intercepted,1,0,0,0,276,7,3.5,269,276.0,138.0,8.261062622070312,0,1.1899697947281378,0.7676436901092529,1.2764255105794857,270,lead,lead,Lead,
72439,soldier_caught,0,1,0,0,147,18,9.0,129,,,0.5600520372390747,0,1.164947973191738,0.13031776249408722,1.2617453097391171,130,lead,lead,Lead,
72440,intercepted,1,0,0,0,172,10,5.0,162,172.0,86.0,6.802677631378174,0,1.1481969409559403,0.6448324918746948,1.2374069072523963,163,lead,lead,Lead,
72441,intercepted,1,0,0,0,49,18,9.0,31,49.0,24.5,9.115389823913574,0,1.0228930385783315,1.1279031038284302,1.130008791525203,32,lead,lead,Lead,
72442,intercepted,1,0,0,0,73,12,6.0,61,73.0,36.5,4.874304294586182,0,1.087298245199265,1.0410341024398804,1.160232382568267,62,lead,lead,Lead,
72443,intercepted,1,0,0,0,78,9,4.5,69,78.0,39.0,3.0254709720611572,0,1.0969065393720354,0.42828455567359924,1.2005533051438557,70,lead,lead,Lead,
72444,intercepted,1,0,0,0,108,10,5.0,98,108.0,54.0,7.712162971496582,0,1.1032851832081574,0.812398374080658,1.2041633492298252,99,lead,lead,Lead,
72445,intercepted,1,0,0,0,233,12,6.0,221,233.0,116.5,8.41438102722168,0,1.1790367616592228,0.8501087427139282,1.269471908641272,222,lead,lead,Lead,
72446,soldier_caught,0,1,0,0,65,15,7.5,50,,,1.0155682563781738,0,1.1450057859514273,0.9760869741439819,1.2255152199002692,51,lead,lead,Lead,
72447,intercepted,1,0,0,0,188,139,69.5,49,188.0,94.0,11.475669860839844,0,1.0919649291038513,1.5906097888946533,1.1933095022611788,50,lead,lead,Lead,
72448,intercepted,1,0,0,0,150,10,5.0,140,150.0,75.0,3.0891027450561523,0,1.1213008077115032,1.8048839569091797,1.2250405677161362,141,lead,lead,Lead,
72449,soldier_caught,0,1,0,0,143,12,6.0,131,,,0.6032786965370178,0,1.1378241530196234,1.5331573486328125,1.2560546545831146,132,lead,lead,Lead,
72450,intercepted,1,0,0,0,378,9,4.5,369,378.0,189.0,2.9109671115875244,0,1.1520327364069385,1.0524102449417114,1.2318540334337762,370,lead,lead,Lead,
72451,intercepted,1,0,0,0,87,9,4.5,78,87.0,43.5,12.397979736328125,0,1.1971010916595217,0.8545299768447876,1.2955372680373718,79,lead,lead,Lead,
72452,intercepted,1,0,0,0,142,11,5.5,131,142.0,71.0,2.0467281341552734,0,1.0953402577927618,1.5925865173339844,1.189841163250795,132,lead,lead,Lead,
72453,intercepted,1,0,0,0,32,16,8.0,16,32.0,16.0,12.56802749633789,0,1.1590540233780355,1.3048015832901,1.2220901037272591,17,lead,lead,Lead,
72454,soldier_caught,0,1,0,0,11,9,4.5,2,,,1.4686338901519775,0,1.4825636545817058,1.2708550691604614,1.4912040995561575,3,lead,lead,Lead,
72455,intercepted,1,0,0,0,26,9,4.5,17,26.0,13.0,10.906567573547363,0,0.8789889034297731,0.7129752039909363,0.9864624804908138,18,lead,lead,Lead,
72456,intercepted,1,0,0,0,302,8,4.0,294,302.0,151.0,5.735745906829834,0,1.1393846585083816,0.9691758155822754,1.2306109472856357,295,lead,lead,Lead,
72457,intercepted,1,0,0,0,184,21,10.5,163,184.0,92.0,5.677743911743164,0,1.106027030545037,0.4742748737335205,1.20742028373407,164,lead,lead,Lead,
72458,intercepted,1,0,0,0,70,11,5.5,59,70.0,35.0,10.34813404083252,0,1.235310443242391,1.6959716081619263,1.298578155259109,60,lead,lead,Lead,
72459,intercepted,1,0,0,0,86,13,6.5,73,86.0,43.0,4.57496452331543,0,1.174731491888697,1.1643174886703491,1.2583645042190776,74,lead,lead,Lead,
72460,soldier_caught,0,1,0,0,243,17,8.5,226,,,0.6255382895469666,0,1.1697160096158015,1.2459266185760498,1.2538643215491354,227,lead,lead,Lead,
72461,intercepted,1,0,0,0,157,12,6.0,145,157.0,78.5,12.044798851013184,0,1.0910449302308771,1.3168764114379883,1.1886227144682595,146,lead,lead,Lead,
72462,intercepted,1,0,0,0,78,13,6.5,65,78.0,39.0,6.925189971923828,0,1.0961755179997645,0.5629299283027649,1.176588717712487,66,lead,lead,Lead,
72463,intercepted,1,0,0,0,669,8,4.0,661,669.0,334.5,5.4564433097839355,0,1.1164825511505416,1.8773400783538818,1.2049673316106468,662,lead,lead,Lead,
72464,intercepted,1,0,0,0,248,81,40.5,167,248.0,124.0,9.231417655944824,0,1.1251178019280945,1.2773454189300537,1.230699006435565,168,lead,lead,Lead,
72465,intercepted,1,0,0,0,148,8,4.0,140,148.0,74.0,5.196111679077148,0,1.2090899836509785,1.5857560634613037,1.293000261840334,141,lead,lead,Lead,
72466,intercepted,1,0,0,0,247,8,4.0,239,247.0,123.5,8.068587303161621,0,1.1624017007648946,1.8213260173797607,1.2687846245142298,240,lead,lead,Lead,
72467,intercepted,1,0,0,0,56,11,5.5,45,56.0,28.0,7.033509731292725,0,1.2495423477628957,1.4441288709640503,1.3916889277898443,46,lead,lead,Lead,
72468,intercepted,1,0,0,0,267,11,5.5,256,267.0,133.5,3.9310801029205322,0,1.1002784998152506,0.8604124784469604,1.1936130722135923,257,lead,lead,Lead,
72469,intercepted,1,0,0,0,302,10,5.0,292,302.0,151.0,4.409135341644287,0,1.0988360805621327,0.5397940278053284,1.1834783757620593,293,lead,lead,Lead,
72470,intercepted,1,0,0,0,47,15,7.5,32,47.0,23.5,6.473353862762451,0,1.0566671084273944,0.8857565522193909,1.0975663477146134,33,lead,lead,Lead,
72471,soldier_caught,0,1,0,0,247,11,5.5,236,,,1.9616153240203857,0,1.1250301442317319,1.3834197521209717,1.2366796688632884,237,lead,lead,Lead,
72472,intercepted,1,0,0,0,67,14,7.0,53,67.0,33.5,9.890032768249512,0,1.137233602227988,0.8450590372085571,1.2358374309166889,54,lead,lead,Lead,
72473,intercepted,1,0,0,0,23,11,5.5,12,23.0,11.5,6.423404216766357,0,0.9165802873097934,0.5897109508514404,0.9826460562455639,13,lead,lead,Lead,
72474,intercepted,1,0,0,0,103,8,4.0,95,103.0,51.5,2.30399489402771,0,1.162193879795571,0.6960384845733643,1.2488343398458157,96,lead,lead,Lead,
72475,intercepted,1,0,0,0,225,12,6.0,213,225.0,112.5,5.186039924621582,0,1.1577767534094436,1.3796417713165283,1.2408680740761748,214,lead,lead,Lead,
72476,soldier_caught,0,1,0,0,59,11,5.5,48,,,1.7701501846313477,0,1.117241312654651,0.603602945804596,1.2195928809800403,49,lead,lead,Lead,
72477,intercepted,1,0,0,0,251,38,19.0,213,251.0,125.5,6.188912868499756,0,1.1256770664982707,1.6099615097045898,1.2251264140912486,214,lead,lead,Lead,
72478,intercepted,1,0,0,0,152,8,4.0,144,152.0,76.0,5.364574432373047,0,1.0784363706564082,1.3412431478500366,1.1744359375090088,145,lead,lead,Lead,
72479,intercepted,1,0,0,0,105,10,5.0,95,105.0,52.5,5.465526103973389,0,1.1272386815398932,1.0990625619888306,1.2268028363104762,96,lead,lead,Lead,
72480,intercepted,1,0,0,0,111,16,8.0,95,111.0,55.5,13.340972900390625,0,1.159140279206137,0.9505986571311951,1.2588925252925522,96,lead,lead,Lead,
72481,intercepted,1,0,0,0,88,13,6.5,75,88.0,44.0,6.578444480895996,0,1.0869068611217172,1.2379546165466309,1.1761656002723555,76,lead,lead,Lead,
72482,intercepted,1,0,0,0,239,8,4.0,231,239.0,119.5,7.584965705871582,0,1.0737287881302422,0.883232831954956,1.162355199820088,232,lead,lead,Lead,
72483,intercepted,1,0,0,0,66,7,3.5,59,66.0,33.0,4.483941555023193,0,1.0700375745693842,1.3702716827392578,1.1324284306096417,60,lead,lead,Lead,
72484,intercepted,1,0,0,0,185,83,41.5,102,185.0,92.5,8.651905059814453,0,1.1391609070949185,0.5751927495002747,1.241281015005869,103,lead,lead,Lead,
72485,intercepted,1,0,0,0,961,11,5.5,950,961.0,480.5,6.031846046447754,0,1.1307979848717666,0.6746596693992615,1.2200823121651696,951,lead,lead,Lead,
72486,intercepted,1,0,0,0,32,12,6.0,20,32.0,16.0,5.817271709442139,0,1.0437166449569522,1.4811310768127441,1.1321351574479424,21,lead,lead,Lead,
72487,intercepted,1,0,0,0,214,11,5.5,203,214.0,107.0,5.339271545410156,0,1.1012793926923883,0.6311237812042236,1.1882680270169275,204,lead,lead,Lead,
72488,intercepted,1,0,0,0,27,11,5.5,16,27.0,13.5,4.958209037780762,0,1.0780351091833675,1.168715238571167,1.1100147033676708,17,lead,lead,Lead,
72489,intercepted,1,0,0,0,80,62,31.0,18,80.0,40.0,14.410000801086426,0,1.19018218862383,1.3383368253707886,1.3023546608095882,19,lead,lead,Lead,
72490,intercepted,1,0,0,0,122,12,6.0,110,122.0,61.0,6.70658540725708,0,1.2026586733959816,1.2356414794921875,1.3046601185411668,111,lead,lead,Lead,
72491,intercepted,1,0,0,0,27,18,9.0,9,27.0,13.5,7.067920207977295,0,1.2026210278272629,1.0297257900238037,1.2832170952538067,10,lead,lead,Lead,
72492,soldier_caught,0,1,0,0,14,11,5.5,3,,,1.1110974550247192,0,0.8361480385065079,0.9333459734916687,0.8706270074131969,4,lead,lead,Lead,
72493,soldier_caught,0,1,0,0,55,12,6.0,43,,,0.7118901014328003,0,1.1113468178293922,0.25125765800476074,1.201966197801238,44,lead,lead,Lead,
72494,intercepted,1,0,0,0,87,9,4.5,78,87.0,43.5,5.147226810455322,0,1.122017103848578,0.30780455470085144,1.2155964143226838,79,lead,lead,Lead,
72495,intercepted,1,0,0,0,169,9,4.5,160,169.0,84.5,5.174201011657715,0,1.1498174491506186,0.8689245581626892,1.251297095718029,161,lead,lead,Lead,
72496,intercepted,1,0,0,0,139,10,5.0,129,139.0,69.5,12.179482460021973,0,1.0960289845099815,1.3006750345230103,1.2002289932670958,130,lead,lead,Lead,
72497,intercepted,1,0,0,0,363,17,8.5,346,363.0,181.5,6.112312316894531,0,1.1468727690857494,1.022201657295227,1.2455384658759432,347,lead,lead,Lead,
72498,intercepted,1,0,0,0,85,9,4.5,76,85.0,42.5,4.901010036468506,0,1.163143984296105,0.5755739808082581,1.2429223542731773,77,lead,lead,Lead,
72499,soldier_caught,0,1,0,0,60,11,5.5,49,,,0.9758369326591492,0,1.1744567561149597,1.04538094997406,1.2825596698638582,50,lead,lead,Lead,
72500,intercepted,1,0,0,0,55,9,4.5,46,55.0,27.5,3.67828631401062,0,1.2381864874920947,1.2546466588974,1.3058194933701854,47,lead,lead,Lead,
72501,intercepted,1,0,0,0,103,16,8.0,87,103.0,51.5,5.663639068603516,0,1.239154309203679,0.6534790396690369,1.334690156236193,88,lead,lead,Lead,
72502,intercepted,1,0,0,0,384,8,4.0,376,384.0,192.0,2.704737663269043,0,1.14782799760606,1.9032493829727173,1.2310675200422676,377,lead,lead,Lead,
72503,intercepted,1,0,0,0,213,164,82.0,49,213.0,106.5,13.291361808776855,0,1.1220408827066422,1.3068127632141113,1.2046646134913077,50,lead,lead,Lead,
72504,intercepted,1,0,0,0,251,19,9.5,232,251.0,125.5,8.572916984558105,0,1.1142318021394153,1.2359150648117065,1.200544052337243,233,lead,lead,Lead,
72505,intercepted,1,0,0,0,343,14,7.0,329,343.0,171.5,4.956666469573975,0,1.1287734990770166,1.5664732456207275,1.2326692709676306,330,lead,lead,Lead,
72506,intercepted,1,0,0,0,17,9,4.5,8,17.0,8.5,5.504151344299316,0,1.1459261973698933,1.5489219427108765,1.2371470167008618,9,lead,lead,Lead,
72507,intercepted,1,0,0,0,131,13,6.5,118,131.0,65.5,3.126171112060547,0,1.2766713515049268,1.4636099338531494,1.378708528724678,119,lead,lead,Lead,
72508,intercepted,1,0,0,0,65,11,5.5,54,65.0,32.5,12.405036926269531,0,1.1504320040345193,0.11260461062192917,1.2544839106363883,55,lead,lead,Lead,
72509,intercepted,1,0,0,0,373,10,5.0,363,373.0,186.5,4.54716682434082,0,1.1537780904180401,0.7431972026824951,1.2525923151179852,364,lead,lead,Lead,
72510,intercepted,1,0,0,0,180,12,6.0,168,180.0,90.0,5.756078720092773,0,1.0949309663130686,0.5749629735946655,1.1785570182837508,169,lead,lead,Lead,
72511,intercepted,1,0,0,0,134,10,5.0,124,134.0,67.0,4.106932640075684,0,1.1513952281475066,1.9326094388961792,1.2516798571760794,125,lead,lead,Lead,
72512,intercepted,1,0,0,0,82,15,7.5,67,82.0,41.0,12.531811714172363,0,1.0461087494212038,1.2782505750656128,1.1284085565218902,68,lead,lead,Lead,
72513,intercepted,1,0,0,0,73,15,7.5,58,73.0,36.5,3.624831438064575,0,1.0647684472092127,0.7337596416473389,1.1408228083682057,59,lead,lead,Lead,
72514,intercepted,1,0,0,0,281,41,20.5,240,281.0,140.5,10.666378021240234,0,1.0640515414263698,1.1223790645599365,1.1559857927870512,241,lead,lead,Lead,
72515,intercepted,1,0,0,0,138,77,38.5,61,138.0,69.0,6.292660236358643,0,1.117213558285467,1.8852951526641846,1.194094365555054,62,lead,lead,Lead,
72516,intercepted,1,0,0,0,38,10,5.0,28,38.0,19.0,3.9144835472106934,0,1.0339411497116089,0.824809193611145,1.1373433429631925,29,lead,lead,Lead,
72517,intercepted,1,0,0,0,96,17,8.5,79,96.0,48.0,12.933784484863281,0,1.1023090213537217,1.3758951425552368,1.2036640273074821,80,lead,lead,Lead,
72518,intercepted,1,0,0,0,63,11,5.5,52,63.0,31.5,10.083642959594727,0,1.0710984212609957,0.6387951374053955,1.1503921183938877,53,lead,lead,Lead,
72519,intercepted,1,0,0,0,179,15,7.5,164,179.0,89.5,8.054570198059082,0,1.0563609070850142,1.03021240234375,1.157058765816367,165,lead,lead,Lead,
72520,intercepted,1,0,0,0,107,32,16.0,75,107.0,53.5,11.341667175292969,0,1.1653041171008034,0.9800252318382263,1.2374355734187887,76,lead,lead,Lead,
72521,intercepted,1,0,0,0,57,41,20.5,16,57.0,28.5,10.962736129760742,0,1.0893476097022785,0.4657337963581085,1.1751712017605433,17,lead,lead,Lead,
72522,intercepted,1,0,0,0,160,8,4.0,152,160.0,80.0,3.5007834434509277,0,1.0808881047893972,1.6867733001708984,1.1724500822017376,153,lead,lead,Lead,
72523,intercepted,1,0,0,0,72,8,4.0,64,72.0,36.0,9.575296401977539,0,1.161896896133056,1.659427523612976,1.2413702134252085,65,lead,lead,Lead,
72524,intercepted,1,0,0,0,180,10,5.0,170,180.0,90.0,2.574293851852417,0,1.1907567068150169,1.0554286241531372,1.2872810955839484,171,lead,lead,Lead,
72525,intercepted,1,0,0,0,63,10,5.0,53,63.0,31.5,3.2693326473236084,0,1.1175554587885186,1.849644422531128,1.2065579607113295,54,lead,lead,Lead,
72526,intercepted,1,0,0,0,521,8,4.0,513,521.0,260.5,2.8751282691955566,0,1.112954931195956,1.4124486446380615,1.2164884436849452,514,lead,lead,Lead,
72527,intercepted,1,0,0,0,186,13,6.5,173,186.0,93.0,5.59025239944458,0,1.0555827899397106,0.6287746429443359,1.1436119129710942,174,lead,lead,Lead,
72528,intercepted,1,0,0,0,187,8,4.0,179,187.0,93.5,4.764796257019043,0,1.1342824595669905,1.4219802618026733,1.2320498230801527,180,lead,lead,Lead,
72529,intercepted,1,0,0,0,417,9,4.5,408,417.0,208.5,2.131135940551758,0,1.0968397923524338,0.33051228523254395,1.1903526377226288,409,lead,lead,Lead,
72530,intercepted,1,0,0,0,280,70,35.0,210,280.0,140.0,10.439203262329102,0,1.0793891548404198,1.596147894859314,1.1737114807534565,211,lead,lead,Lead,
72531,intercepted,1,0,0,0,494,65,32.5,429,494.0,247.0,7.224967956542969,0,1.1344444281486579,0.9906713366508484,1.2398035358607766,430,lead,lead,Lead,
72532,intercepted,1,0,0,0,231,8,4.0,223,231.0,115.5,2.769134283065796,0,1.1232353480798858,1.029150128364563,1.229642118497592,224,lead,lead,Lead,
72533,intercepted,1,0,0,0,69,11,5.5,58,69.0,34.5,12.666090965270996,0,1.1654571481680467,0.9486319422721863,1.243459091651461,59,lead,lead,Lead,
72534,intercepted,1,0,0,0,38,8,4.0,30,38.0,19.0,9.65178108215332,0,1.0672758106262452,0.6784635186195374,1.187599801010945,31,lead,lead,Lead,
72535,soldier_caught,0,1,0,0,42,14,7.0,28,,,1.5660876035690308,0,1.1466181319335411,2.256049394607544,1.2191437430765575,29,lead,lead,Lead,
72536,intercepted,1,0,0,0,33,20,10.0,13,33.0,16.5,11.849471092224121,0,1.255196554320199,1.5780134201049805,1.364486691322804,14,lead,lead,Lead,
72537,intercepted,1,0,0,0,279,10,5.0,269,279.0,139.5,4.813516616821289,0,1.1171843278187292,0.48178160190582275,1.2183305952682861,270,lead,lead,Lead,
72538,intercepted,1,0,0,0,69,16,8.0,53,69.0,34.5,2.9235165119171143,0,1.0662278687512432,1.2645342350006104,1.160280857525325,54,lead,lead,Lead,
72539,soldier_caught,0,1,0,0,132,13,6.5,119,,,1.4151134490966797,0,1.130993225922187,1.519936442375183,1.2364016370882072,120,lead,lead,Lead,
72540,intercepted,1,0,0,0,151,32,16.0,119,151.0,75.5,10.604551315307617,0,1.1233262116710345,1.2416898012161255,1.2358694125297784,120,lead,lead,Lead,
72541,intercepted,1,0,0,0,518,11,5.5,507,518.0,259.0,2.0107762813568115,0,1.1651174335146512,1.4456630945205688,1.2591418787548254,508,lead,lead,Lead,
72542,intercepted,1,0,0,0,48,9,4.5,39,48.0,24.0,2.9703879356384277,0,1.1632154762744904,1.6146777868270874,1.274512819567828,40,lead,lead,Lead,
72543,intercepted,1,0,0,0,192,37,18.5,155,192.0,96.0,4.593649864196777,0,1.104964474359384,0.5895861983299255,1.197012870366896,156,lead,lead,Lead,
72544,intercepted,1,0,0,0,46,16,8.0,30,46.0,23.0,11.799413681030273,0,1.048971991385183,1.6239604949951172,1.1571131593916024,31,lead,lead,Lead,
72545,intercepted,1,0,0,0,135,9,4.5,126,135.0,67.5,3.5723698139190674,0,1.0875450864316911,1.7835674285888672,1.1874181353139015,127,lead,lead,Lead,
72546,intercepted,1,0,0,0,130,8,4.0,122,130.0,65.0,2.55537486076355,0,1.1320106819635485,1.3859633207321167,1.2366168867226335,123,lead,lead,Lead,
72547,intercepted,1,0,0,0,426,9,4.5,417,426.0,213.0,3.9145514965057373,0,1.0968370673616537,0.6395277976989746,1.1888598418950758,418,lead,lead,Lead,
72548,soldier_caught,0,1,0,0,174,9,4.5,165,,,0.3819354176521301,0,1.1228246565863311,1.2401185035705566,1.2004091750956565,166,lead,lead,Lead,
72549,intercepted,1,0,0,0,66,11,5.5,55,66.0,33.0,9.10316276550293,0,1.1785120203026704,1.424606204032898,1.2445657393743264,56,lead,lead,Lead,
72550,intercepted,1,0,0,0,397,11,5.5,386,397.0,198.5,5.832720756530762,0,1.1379745588361139,1.1799037456512451,1.2399381929848263,387,lead,lead,Lead,
72551,intercepted,1,0,0,0,150,8,4.0,142,150.0,75.0,5.078186988830566,0,1.1287959042962614,0.45960330963134766,1.223833089242527,143,lead,lead,Lead,
72552,intercepted,1,0,0,0,405,8,4.0,397,405.0,202.5,8.481254577636719,0,1.1111173014245441,1.1072660684585571,1.201403966263867,398,lead,lead,Lead,
72553,intercepted,1,0,0,0,45,7,3.5,38,45.0,22.5,7.010718822479248,0,1.038044050335884,0.44023704528808594,1.1400278379548288,39,lead,lead,Lead,
72554,intercepted,1,0,0,0,13,11,5.5,2,13.0,6.5,4.965508937835693,0,2.038321574529012,1.34311842918396,2.1501571108283,3,lead,lead,Lead,
72555,intercepted,1,0,0,0,494,73,36.5,421,494.0,247.0,2.4393837451934814,0,1.136525425124225,0.6100318431854248,1.2364484831268292,422,lead,lead,Lead,
72556,intercepted,1,0,0,0,172,8,4.0,164,172.0,86.0,9.876850128173828,0,1.1456840409473938,0.8905881643295288,1.252169093412476,165,lead,lead,Lead,
72557,intercepted,1,0,0,0,84,11,5.5,73,84.0,42.0,5.6025495529174805,0,1.185972730654317,1.4486311674118042,1.2714605984095093,74,lead,lead,Lead,
72558,soldier_caught,0,1,0,0,848,147,73.5,701,,,1.0196508169174194,0,1.1053747622206,0.9981651306152344,1.2054609887945564,702,lead,lead,Lead,
72559,intercepted,1,0,0,0,322,15,7.5,307,322.0,161.0,6.83459997177124,0,1.1150290755579224,0.7419800758361816,1.2054639852065034,308,lead,lead,Lead,
72560,intercepted,1,0,0,0,108,9,4.5,99,108.0,54.0,2.2166876792907715,0,1.1984795176982879,1.4704439640045166,1.2846610938716143,100,lead,lead,Lead,
72561,intercepted,1,0,0,0,246,10,5.0,236,246.0,123.0,3.8215672969818115,0,1.1629622537124007,1.206977367401123,1.2618223724782323,237,lead,lead,Lead,
72562,intercepted,1,0,0,0,588,11,5.5,577,588.0,294.0,2.474355697631836,0,1.116098241319809,1.1069087982177734,1.2087624413228615,578,lead,lead,Lead,
72563,intercepted,1,0,0,0,268,9,4.5,259,268.0,134.0,6.877453804016113,0,1.1465972532446569,1.3801978826522827,1.23799169567812,260,lead,lead,Lead,
72564,intercepted,1,0,0,0,179,11,5.5,168,179.0,89.5,2.612809419631958,0,1.092673360992818,0.6752110123634338,1.1741259085035107,169,lead,lead,Lead,
72565,intercepted,1,0,0,0,67,9,4.5,58,67.0,33.5,5.3864521980285645,0,1.2543403667918707,0.5575395226478577,1.354586832334335,59,lead,lead,Lead,
72566,soldier_caught,0,1,0,0,41,14,7.0,27,,,1.5346312522888184,0,1.1382491801466261,0.6255649924278259,1.2297808528645637,28,lead,lead,Lead,
72567,soldier_caught,0,1,0,0,36,12,6.0,24,,,1.20761239528656,0,1.2943884003162385,1.1766674518585205,1.4258037486598143,25,lead,lead,Lead,
72568,soldier_caught,0,1,0,0,17,15,7.5,2,,,1.746047854423523,0,1.1577913363774617,0.9391677975654602,1.2890203816282402,3,lead,lead,Lead,
72569,intercepted,1,0,0,0,81,8,4.0,73,81.0,40.5,4.815929412841797,0,1.164311880195463,1.0447438955307007,1.2551433700095456,74,lead,lead,Lead,
72570,intercepted,1,0,0,0,106,6,3.0,100,106.0,53.0,6.468562126159668,0,1.1234745616369908,0.8420410752296448,1.209333194270792,101,lead,lead,Lead,
72571,soldier_caught,0,1,0,0,13,10,5.0,3,,,1.2403075695037842,0,0.7574661076068878,0.3200002908706665,0.8254010743287854,4,lead,lead,Lead,
72572,intercepted,1,0,0,0,162,10,5.0,152,162.0,81.0,6.054849147796631,0,1.0901461216359356,1.339751124382019,1.169224346029888,153,lead,lead,Lead,
72573,soldier_caught,0,1,0,0,32,8,4.0,24,,,1.833533763885498,0,1.0622563004493712,0.960814893245697,1.1376012159494346,25,lead,lead,Lead,
72574,intercepted,1,0,0,0,32,14,7.0,18,32.0,16.0,12.495575904846191,0,1.2778168810825599,1.0997296571731567,1.3627057370367708,19,lead,lead,Lead,
72575,soldier_caught,0,1,0,0,177,15,7.5,162,,,1.8324294090270996,0,1.1710431613256596,1.6440324783325195,1.2695270223347401,163,lead,lead,Lead,
72576,intercepted,1,0,0,0,389,8,4.0,381,389.0,194.5,2.86331844329834,0,1.1353146312904607,0.36278069019317627,1.2251180677108835,382,lead,lead,Lead,
72577,intercepted,1,0,0,0,83,11,5.5,72,83.0,41.5,6.091301441192627,0,1.0419232432972896,0.9880619049072266,1.124316545280826,73,lead,lead,Lead,
72578,soldier_caught,0,1,0,0,76,16,8.0,60,,,0.9507901668548584,0,1.0378345864229515,1.678727149963379,1.1264636974495887,61,lead,lead,Lead,
72579,intercepted,1,0,0,0,198,17,8.5,181,198.0,99.0,3.334660768508911,0,1.1086210958086526,0.6205713748931885,1.2170985338247065,182,lead,lead,Lead,
72580,intercepted,1,0,0,0,85,12,6.0,73,85.0,42.5,11.681718826293945,0,1.1163146499846432,1.1669553518295288,1.2305559881595993,74,lead,lead,Lead,
72581,intercepted,1,0,0,0,243,9,4.5,234,243.0,121.5,2.644623279571533,0,1.1986107925468303,1.2674974203109741,1.296538100298614,235,lead,lead,Lead,
72582,intercepted,1,0,0,0,480,79,39.5,401,480.0,240.0,7.281821250915527,0,1.1302554445591435,2.0068204402923584,1.2305849838104987,402,lead,lead,Lead,
72583,unsafe_intercept,0,0,1,0,10,8,4.0,2,,,2.5356061458587646,0,1.8200846115748088,1.4250328540802002,1.870170801536956,3,lead,lead,Lead,
72584,intercepted,1,0,0,0,10,8,4.0,2,10.0,5.0,4.345366477966309,0,0.9810641010602316,1.1719874143600464,0.9987128342223307,3,lead,lead,Lead,
72585,unsafe_intercept,0,0,1,0,58,10,5.0,48,,,2.8131651878356934,0,1.1736056397155838,1.0314518213272095,1.2580765319427585,49,lead,lead,Lead,
72586,intercepted,1,0,0,0,180,9,4.5,171,180.0,90.0,3.44588565826416,0,1.101968766038501,0.8780907988548279,1.18781171304683,172,lead,lead,Lead,
72587,intercepted,1,0,0,0,46,9,4.5,37,46.0,23.0,2.3568718433380127,0,1.1100748718569153,1.921128273010254,1.208602629679215,38,lead,lead,Lead,
72588,intercepted,1,0,0,0,73,10,5.0,63,73.0,36.5,3.4884848594665527,0,1.2468273774720728,1.1431267261505127,1.3431690500417564,64,lead,lead,Lead,
72589,intercepted,1,0,0,0,77,9,4.5,68,77.0,38.5,7.556046962738037,0,1.15373427150906,1.0771769285202026,1.2414230797338517,69,lead,lead,Lead,
72590,intercepted,1,0,0,0,168,33,16.5,135,168.0,84.0,4.033644676208496,0,1.1348407250993393,0.5427982211112976,1.2329419060754887,136,lead,lead,Lead,
72591,intercepted,1,0,0,0,24,11,5.5,13,24.0,12.0,6.814469337463379,0,1.076401105948857,0.7361830472946167,1.1372443380556383,14,lead,lead,Lead,
72592,intercepted,1,0,0,0,243,8,4.0,235,243.0,121.5,9.016802787780762,0,1.0730459666100598,0.9106042981147766,1.1642488796340735,236,lead,lead,Lead,
72593,intercepted,1,0,0,0,388,9,4.5,379,388.0,194.0,2.664031505584717,0,1.1381643321561186,0.7898470759391785,1.2295255773290936,380,lead,lead,Lead,
72594,intercepted,1,0,0,0,271,18,9.0,253,271.0,135.5,3.4242022037506104,0,1.146981646754141,2.317882776260376,1.246432692048911,254,lead,lead,Lead,
72595,intercepted,1,0,0,0,152,38,19.0,114,152.0,76.0,6.792728424072266,0,1.146681827047597,1.0781339406967163,1.242493037568273,115,lead,lead,Lead,
72596,soldier_caught,0,1,0,0,58,10,5.0,48,,,1.127372145652771,0,1.1381572509298519,2.3095219135284424,1.2261844324885993,49,lead,lead,Lead,
72597,intercepted,1,0,0,0,280,86,43.0,194,280.0,140.0,2.2771124839782715,0,1.057040071181762,1.412309169769287,1.1546166500761303,195,lead,lead,Lead,
72598,intercepted,1,0,0,0,91,14,7.0,77,91.0,45.5,7.001201152801514,0,1.085169513638203,0.5748733878135681,1.1681775981137188,78,lead,lead,Lead,
72599,intercepted,1,0,0,0,222,41,20.5,181,222.0,111.0,9.410872459411621,0,1.136071497431168,1.161871314048767,1.2367176510522095,182,lead,lead,Lead,
72600,intercepted,1,0,0,0,126,12,6.0,114,126.0,63.0,2.697439670562744,0,1.1277872405622316,1.5810133218765259,1.2424424689124784,115,lead,lead,Lead,
72601,intercepted,1,0,0,0,69,39,19.5,30,69.0,34.5,14.582797050476074,0,1.1407976840292253,2.0455334186553955,1.228417697437961,31,lead,lead,Lead,
72602,intercepted,1,0,0,0,85,10,5.0,75,85.0,42.5,2.8638739585876465,0,1.1998943498260097,1.478545904159546,1.2844119204494848,76,lead,lead,Lead,
72603,intercepted,1,0,0,0,228,62,31.0,166,228.0,114.0,9.370687484741211,0,1.1114956653582122,0.8211734294891357,1.1969235671683331,167,lead,lead,Lead,
72604,intercepted,1,0,0,0,199,10,5.0,189,199.0,99.5,6.196843147277832,0,1.118682954421169,1.343549370765686,1.215589121441851,190,lead,lead,Lead,
72605,intercepted,1,0,0,0,64,34,17.0,30,64.0,32.0,13.507352828979492,0,0.9917585984353097,1.3063546419143677,1.0737865355125558,31,lead,lead,Lead,
72606,intercepted,1,0,0,0,407,9,4.5,398,407.0,203.5,10.050748825073242,0,1.161956494762784,1.3391783237457275,1.264683871356729,399,lead,lead,Lead,
72607,intercepted,1,0,0,0,160,23,11.5,137,160.0,80.0,9.843183517456055,0,1.138907528117947,1.9925609827041626,1.232446789090308,138,lead,lead,Lead,
72608,intercepted,1,0,0,0,166,97,48.5,69,166.0,83.0,2.3217780590057373,0,1.162355254164764,1.0333294868469238,1.2706700797685044,70,lead,lead,Lead,
72609,intercepted,1,0,0,0,126,14,7.0,112,126.0,63.0,9.688833236694336,0,1.1782671118204573,2.0984604358673096,1.284153129420314,113,lead,lead,Lead,
72610,unsafe_intercept,0,0,1,0,10,8,4.0,2,,,3.287799835205078,0,1.375501533349355,1.549376130104065,1.4255337464815625,3,lead,lead,Lead,
72611,intercepted,1,0,0,0,44,10,5.0,34,44.0,22.0,4.31358003616333,0,1.1409963761057174,1.4327898025512695,1.1959319568694657,35,lead,lead,Lead,
72612,intercepted,1,0,0,0,75,7,3.5,68,75.0,37.5,5.235403537750244,0,1.0790071312500082,0.37564608454704285,1.2090419411066549,69,lead,lead,Lead,
72613,intercepted,1,0,0,0,149,12,6.0,137,149.0,74.5,7.335386753082275,0,1.082860054421252,1.795464038848877,1.1704860543120177,138,lead,lead,Lead,
72614,soldier_caught,0,1,0,0,82,13,6.5,69,,,1.578619122505188,0,1.1642323227865354,1.0194309949874878,1.2425115464023815,70,lead,lead,Lead,
72615,intercepted,1,0,0,0,571,55,27.5,516,571.0,285.5,2.419041872024536,0,1.125764252023494,0.21647000312805176,1.229695606866852,517,lead,lead,Lead,
72616,intercepted,1,0,0,0,310,59,29.5,251,310.0,155.0,5.552421569824219,0,1.1295722706746014,1.1691561937332153,1.212797684541462,252,lead,lead,Lead,
72617,soldier_caught,0,1,0,0,81,36,18.0,45,,,1.234728217124939,0,1.1703066424183224,1.7273192405700684,1.2689891538162297,46,lead,lead,Lead,
72618,intercepted,1,0,0,0,223,12,6.0,211,223.0,111.5,8.225459098815918,0,1.1560481301385839,0.7655373215675354,1.2659341877698365,212,lead,lead,Lead,
72619,intercepted,1,0,0,0,189,10,5.0,179,189.0,94.5,4.265317916870117,0,1.208503194236093,1.2959438562393188,1.3024390141141136,180,lead,lead,Lead,
72620,intercepted,1,0,0,0,42,13,6.5,29,42.0,21.0,7.358561038970947,0,1.0563490470250447,1.0672906637191772,1.1498404799464192,30,lead,lead,Lead,
72621,soldier_caught,0,1,0,0,11,9,4.5,2,,,1.2429323196411133,0,1.1334031025568645,1.3847215175628662,1.167871154414635,3,lead,lead,Lead,
72622,soldier_caught,0,1,0,0,12,10,5.0,2,,,1.5109046697616577,0,1.3539713223775227,1.2550995349884033,1.392314096212333,3,lead,lead,Lead,
72623,intercepted,1,0,0,0,314,10,5.0,304,314.0,157.0,8.102909088134766,0,1.1183560180126644,0.8227275609970093,1.2329225818687197,305,lead,lead,Lead,
72624,soldier_caught,0,1,0,0,89,23,11.5,66,,,1.7169506549835205,0,1.1989410145958859,1.5842206478118896,1.3008726245952036,67,lead,lead,Lead,
72625,intercepted,1,0,0,0,10,8,4.0,2,10.0,5.0,5.883688926696777,0,1.1602234641710918,0.6965757012367249,1.2295898938039986,3,lead,lead,Lead,
72626,soldier_caught,0,1,0,0,59,9,4.5,50,,,1.7436943054199219,0,1.195364148009057,1.3284586668014526,1.2986249634674325,51,lead,lead,Lead,
72627,intercepted,1,0,0,0,271,11,5.5,260,271.0,135.5,3.2387771606445312,0,1.1261316597804256,1.388452172279358,1.2268421322930134,261,lead,lead,Lead,
72628,intercepted,1,0,0,0,192,22,11.0,170,192.0,96.0,11.361717224121094,0,1.1219303150448883,1.7285609245300293,1.2141972707372277,171,lead,lead,Lead,
72629,intercepted,1,0,0,0,277,38,19.0,239,277.0,138.5,4.638174057006836,0,1.138942080239455,1.9420021772384644,1.2284834628344603,240,lead,lead,Lead,
72630,intercepted,1,0,0,0,54,13,6.5,41,54.0,27.0,12.326387405395508,0,1.1079509613059817,0.9006247520446777,1.2007578903370575,42,lead,lead,Lead,
72631,intercepted,1,0,0,0,209,9,4.5,200,209.0,104.5,4.446296691894531,0,1.101213797556227,0.9246267676353455,1.2099341448758651,201,lead,lead,Lead,
72632,intercepted,1,0,0,0,274,11,5.5,263,274.0,137.0,4.541405200958252,0,1.115164981985634,2.116847276687622,1.2030021866670846,264,lead,lead,Lead,
72633,intercepted,1,0,0,0,146,48,24.0,98,146.0,73.0,6.132536888122559,0,1.1564774985867317,1.582427740097046,1.2412680227033013,99,lead,lead,Lead,
72634,intercepted,1,0,0,0,68,17,8.5,51,68.0,34.0,13.329631805419922,0,1.0821674360105624,1.1630514860153198,1.2003587080057863,52,lead,lead,Lead,
72635,intercepted,1,0,0,0,156,11,5.5,145,156.0,78.0,3.5011000633239746,0,1.0658325688683823,1.0188536643981934,1.1633926933747316,146,lead,lead,Lead,
72636,intercepted,1,0,0,0,76,10,5.0,66,76.0,38.0,5.055723190307617,0,1.1408163945176708,1.265123724937439,1.2371240820336085,67,lead,lead,Lead,
72637,intercepted,1,0,0,0,634,39,19.5,595,634.0,317.0,10.405269622802734,0,1.115932618636613,1.3599308729171753,1.211663495176891,596,lead,lead,Lead,
72638,intercepted,1,0,0,0,99,71,35.5,28,99.0,49.5,10.893062591552734,0,1.1790385462086777,0.6930457353591919,1.2892392385586346,29,lead,lead,Lead,
72639,intercepted,1,0,0,0,36,13,6.5,23,36.0,18.0,6.869063854217529,0,1.2326890379190445,1.4573286771774292,1.339307170260589,24,lead,lead,Lead,
72640,intercepted,1,0,0,0,232,15,7.5,217,232.0,116.0,2.1937410831451416,0,1.1173962006738427,1.0865280628204346,1.2208568650154727,218,lead,lead,Lead,
72641,intercepted,1,0,0,0,164,33,16.5,131,164.0,82.0,5.1632490158081055,0,1.1953618695790118,1.5183748006820679,1.288395108087473,132,lead,lead,Lead,
72642,intercepted,1,0,0,0,61,11,5.5,50,61.0,30.5,6.030509948730469,0,1.152728958457124,0.6505314111709595,1.2464373269886895,51,lead,lead,Lead,
72643,intercepted,1,0,0,0,16,14,7.0,2,16.0,8.0,4.277219772338867,0,0.9807460109392802,1.1293634176254272,0.9865085770467791,3,lead,lead,Lead,
72644,intercepted,1,0,0,0,129,30,15.0,99,129.0,64.5,7.357352256774902,0,1.0688371703028678,2.1877732276916504,1.1501137741105243,100,lead,lead,Lead,
72645,intercepted,1,0,0,0,149,9,4.5,140,149.0,74.5,6.263692855834961,0,1.1744085384387497,0.5850732326507568,1.276621738818012,141,lead,lead,Lead,
72646,intercepted,1,0,0,0,174,18,9.0,156,174.0,87.0,2.565699338912964,0,1.1780416414046744,0.9936016201972961,1.2649837445243792,157,lead,lead,Lead,
72647,intercepted,1,0,0,0,154,8,4.0,146,154.0,77.0,2.9724502563476562,0,1.106904237955606,0.9530780911445618,1.2205128241908882,147,lead,lead,Lead,
72648,intercepted,1,0,0,0,120,11,5.5,109,120.0,60.0,8.055377006530762,0,1.1540624943646518,1.5057991743087769,1.2641151449017578,110,lead,lead,Lead,
72649,intercepted,1,0,0,0,9,7,3.5,2,9.0,4.5,4.546451091766357,0,0.7741275032361349,0.5631823539733887,0.7982563056622408,3,lead,lead,Lead,
72650,intercepted,1,0,0,0,136,49,24.5,87,136.0,68.0,12.829565048217773,0,1.0859718923880295,2.3005599975585938,1.1939319185581563,88,lead,lead,Lead,
72651,intercepted,1,0,0,0,237,10,5.0,227,237.0,118.5,4.890044212341309,0,1.1131326943113093,0.540375828742981,1.2033118771687905,228,lead,lead,Lead,
72652,intercepted,1,0,0,0,36,12,6.0,24,36.0,18.0,8.144588470458984,0,1.016290807723999,0.6634480953216553,1.1012345858941641,25,lead,lead,Lead,
72653,intercepted,1,0,0,0,112,15,7.5,97,112.0,56.0,3.3112587928771973,0,1.0697995095836872,1.2601011991500854,1.1464506034438096,98,lead,lead,Lead,
72654,intercepted,1,0,0,0,176,10,5.0,166,176.0,88.0,9.08309555053711,0,1.148500443754082,1.3018728494644165,1.2563358109661806,167,lead,lead,Lead,
72655,intercepted,1,0,0,0,102,48,24.0,54,102.0,51.0,12.503525733947754,0,1.133805875480175,1.6525356769561768,1.2044120142663512,55,lead,lead,Lead,
72656,intercepted,1,0,0,0,244,13,6.5,231,244.0,122.0,12.530258178710938,0,1.1455459581238443,0.8291844725608826,1.2377274179238074,232,lead,lead,Lead,
72657,intercepted,1,0,0,0,11,9,4.5,2,11.0,5.5,4.867227077484131,0,0.9995177785555521,1.0901503562927246,1.0025599557505722,3,lead,lead,Lead,
72658,intercepted,1,0,0,0,45,15,7.5,30,45.0,22.5,7.818329334259033,0,1.1772668597198301,2.0187082290649414,1.2842689728876926,31,lead,lead,Lead,
72659,intercepted,1,0,0,0,12,11,5.5,1,12.0,6.0,3.7597334384918213,0,1.0810979008674622,1.0272114276885986,1.0824400321734637,2,lead,lead,Lead,
72660,intercepted,1,0,0,0,123,11,5.5,112,123.0,61.5,4.876842498779297,0,1.165373461963856,1.064801573753357,1.2521791056673084,113,lead,lead,Lead,
72661,intercepted,1,0,0,0,70,11,5.5,59,70.0,35.0,2.8372998237609863,0,1.1369542943934599,0.6762692928314209,1.2303474402691212,60,lead,lead,Lead,
72662,intercepted,1,0,0,0,481,10,5.0,471,481.0,240.5,4.990315914154053,0,1.1267997876946199,0.9727746844291687,1.2241570649462274,472,lead,lead,Lead,
72663,intercepted,1,0,0,0,312,8,4.0,304,312.0,156.0,7.229676246643066,0,1.1229425960632622,0.30115246772766113,1.2124506933135921,305,lead,lead,Lead,
72664,intercepted,1,0,0,0,187,7,3.5,180,187.0,93.5,2.370108127593994,0,1.1161276018092645,1.418891191482544,1.2209022154263942,181,lead,lead,Lead,
72665,intercepted,1,0,0,0,324,9,4.5,315,324.0,162.0,2.1782455444335938,0,1.1217912799101086,1.2330234050750732,1.2260374268666052,316,lead,lead,Lead,
72666,intercepted,1,0,0,0,80,12,6.0,68,80.0,40.0,4.8519697189331055,0,1.1162426607764286,0.9306681156158447,1.200203009011438,69,lead,lead,Lead,
72667,intercepted,1,0,0,0,486,99,49.5,387,486.0,243.0,9.239920616149902,0,1.146641486986857,1.486859917640686,1.25160733138156,388,lead,lead,Lead,
72668,intercepted,1,0,0,0,40,11,5.5,29,40.0,20.0,5.188457012176514,0,1.1972050766150157,1.1887081861495972,1.2676862783601275,30,lead,lead,Lead,
72669,intercepted,1,0,0,0,189,13,6.5,176,189.0,94.5,10.16610050201416,0,1.1831476883699665,0.6827256679534912,1.2851698135687613,177,lead,lead,Lead,
72670,intercepted,1,0,0,0,320,15,7.5,305,320.0,160.0,3.073953151702881,0,1.1241344812453962,1.9073035717010498,1.2157973299437363,306,lead,lead,Lead,
72671,soldier_caught,0,1,0,0,728,14,7.0,714,,,1.091779112815857,0,1.1390183610307587,0.9730798602104187,1.2389646028276071,715,lead,lead,Lead,
72672,intercepted,1,0,0,0,321,20,10.0,301,321.0,160.5,2.9210562705993652,0,1.1115612372854689,1.1817584037780762,1.2015052141871654,302,lead,lead,Lead,
72673,intercepted,1,0,0,0,377,52,26.0,325,377.0,188.5,11.004119873046875,0,1.1403399976941706,0.6586229205131531,1.23847361926633,326,lead,lead,Lead,
72674,intercepted,1,0,0,0,41,11,5.5,30,41.0,20.5,2.4883527755737305,0,1.1500825228229645,0.29349714517593384,1.2501308097910233,31,lead,lead,Lead,
72675,intercepted,1,0,0,0,273,21,10.5,252,273.0,136.5,2.359443426132202,0,1.1571342135547649,1.4693055152893066,1.2399973941321276,253,lead,lead,Lead,
72676,intercepted,1,0,0,0,128,33,16.5,95,128.0,64.0,13.433160781860352,0,1.1244657249189913,0.7174434065818787,1.2440696739834198,96,lead,lead,Lead,
72677,intercepted,1,0,0,0,264,10,5.0,254,264.0,132.0,2.2734181880950928,0,1.115264901226642,0.3596334159374237,1.1956214859474705,255,lead,lead,Lead,
72678,soldier_caught,0,1,0,0,81,9,4.5,72,,,1.9251720905303955,0,1.145617077203646,1.001099705696106,1.2000478426064958,73,lead,lead,Lead,
72679,soldier_caught,0,1,0,0,34,10,5.0,24,,,1.8867626190185547,0,1.1316237771511077,0.8131116628646851,1.231212240889533,25,lead,lead,Lead,
72680,intercepted,1,0,0,0,250,10,5.0,240,250.0,125.0,4.361483097076416,0,1.1248330326743146,0.9236282706260681,1.2146494367238216,241,lead,lead,Lead,
72681,intercepted,1,0,0,0,141,9,4.5,132,141.0,70.5,2.5776607990264893,0,1.1691554192089497,0.793306827545166,1.280463506109925,133,lead,lead,Lead,
72682,intercepted,1,0,0,0,254,13,6.5,241,254.0,127.0,4.3441267013549805,0,1.1885411147305296,0.9581925272941589,1.2832234797737276,242,lead,lead,Lead,
72683,intercepted,1,0,0,0,433,90,45.0,343,433.0,216.5,10.330501556396484,0,1.1084534203157175,0.40129926800727844,1.1976678540765717,344,lead,lead,Lead,
72684,intercepted,1,0,0,0,77,11,5.5,66,77.0,38.5,5.018481254577637,0,1.0976900956523952,1.2714632749557495,1.2190391429968999,67,lead,lead,Lead,
72685,intercepted,1,0,0,0,63,10,5.0,53,63.0,31.5,5.090380668640137,0,1.2313921120431688,1.3460079431533813,1.3651981386120517,54,lead,lead,Lead,
72686,intercepted,1,0,0,0,196,31,15.5,165,196.0,98.0,7.382066249847412,0,1.109559267490025,1.37179434299469,1.2074459239863253,166,lead,lead,Lead,
72687,intercepted,1,0,0,0,37,8,4.0,29,37.0,18.5,6.551764488220215,0,1.1538120011488597,2.0265707969665527,1.2486010114177528,30,lead,lead,Lead,
72688,intercepted,1,0,0,0,328,9,4.5,319,328.0,164.0,2.393573760986328,0,1.1580838925670833,0.7715722322463989,1.2553186539868428,320,lead,lead,Lead,
72689,intercepted,1,0,0,0,225,8,4.0,217,225.0,112.5,10.059024810791016,0,1.1303561772775212,0.5433945655822754,1.2238007246953542,218,lead,lead,Lead,
72690,intercepted,1,0,0,0,18,8,4.0,10,18.0,9.0,5.937743186950684,0,1.2236523248932578,0.8615773320198059,1.3041262753465055,11,lead,lead,Lead,
72691,intercepted,1,0,0,0,28,17,8.5,11,28.0,14.0,14.390295028686523,0,1.0646120756864548,1.2667677402496338,1.1111859714330494,12,lead,lead,Lead,
72692,intercepted,1,0,0,0,641,25,12.5,616,641.0,320.5,6.850682258605957,0,1.1207309287747842,0.5805183053016663,1.2123660077536365,617,lead,lead,Lead,
72693,intercepted,1,0,0,0,444,23,11.5,421,444.0,222.0,3.9118568897247314,0,1.146074451294273,1.6999118328094482,1.245892024116113,422,lead,lead,Lead,
72694,intercepted,1,0,0,0,359,9,4.5,350,359.0,179.5,5.530209064483643,0,1.0653689221778826,1.384259819984436,1.1646737753739154,351,lead,lead,Lead,
72695,intercepted,1,0,0,0,58,26,13.0,32,58.0,29.0,8.368773460388184,0,1.1592473112272494,0.5735865235328674,1.2463797237207181,33,lead,lead,Lead,
72696,intercepted,1,0,0,0,253,69,34.5,184,253.0,126.5,7.330236434936523,0,1.1273168268235954,1.200624704360962,1.2308533782330764,185,lead,lead,Lead,
72697,intercepted,1,0,0,0,45,22,11.0,23,45.0,22.5,10.556392669677734,0,1.1872366492946942,1.1203933954238892,1.2582589692977921,24,lead,lead,Lead,
72698,intercepted,1,0,0,0,132,9,4.5,123,132.0,66.0,3.0083935260772705,0,1.1827414386695432,0.9208689332008362,1.2801651491121089,124,lead,lead,Lead,
72699,intercepted,1,0,0,0,152,7,3.5,145,152.0,76.0,3.242619037628174,0,1.0785666909323979,0.4116695821285248,1.186156858422466,146,lead,lead,Lead,
72700,intercepted,1,0,0,0,424,42,21.0,382,424.0,212.0,5.0965962409973145,0,1.1366890459552446,1.3502840995788574,1.2384431143664332,383,lead,lead,Lead,
72701,intercepted,1,0,0,0,47,17,8.5,30,47.0,23.5,9.436681747436523,0,1.0812272559250555,1.551612138748169,1.1593465274344525,31,lead,lead,Lead,
72702,intercepted,1,0,0,0,274,10,5.0,264,274.0,137.0,8.593157768249512,0,1.1571140393052461,1.6773180961608887,1.2584515646163543,265,lead,lead,Lead,
72703,intercepted,1,0,0,0,206,8,4.0,198,206.0,103.0,8.329992294311523,0,1.1201402203521538,1.4069974422454834,1.2333248910036874,199,lead,lead,Lead,
72704,intercepted,1,0,0,0,279,13,6.5,266,279.0,139.5,3.5187580585479736,0,1.1103799172331779,1.4681189060211182,1.207908043333428,267,lead,lead,Lead,
72705,intercepted,1,0,0,0,64,9,4.5,55,64.0,32.0,6.3403520584106445,0,1.2545393420649427,1.175000786781311,1.3652486206028567,56,lead,lead,Lead,
72706,intercepted,1,0,0,0,43,8,4.0,35,43.0,21.5,2.983217239379883,0,1.1872317641973495,1.2878679037094116,1.2774154893913967,36,lead,lead,Lead,
72707,soldier_caught,0,1,0,0,40,14,7.0,26,,,1.6444425582885742,0,1.1353393925560846,1.256882905960083,1.2165191552793748,27,lead,lead,Lead,
72708,intercepted,1,0,0,0,352,73,36.5,279,352.0,176.0,5.562585830688477,0,1.133481277791517,0.21855229139328003,1.2327140156354983,280,lead,lead,Lead,
72709,intercepted,1,0,0,0,303,14,7.0,289,303.0,151.5,2.1499886512756348,0,1.1770137129158809,0.8563936352729797,1.2801357975499636,290,lead,lead,Lead,
72710,intercepted,1,0,0,0,177,13,6.5,164,177.0,88.5,4.140966415405273,0,1.146978936953978,0.8355928063392639,1.2522202709998935,165,lead,lead,Lead,
72711,soldier_caught,0,1,0,0,65,15,7.5,50,,,1.5526409149169922,0,1.1549206060521744,1.238084316253662,1.2349875052490598,51,lead,lead,Lead,
72712,intercepted,1,0,0,0,234,11,5.5,223,234.0,117.0,4.685765266418457,0,1.148805691195386,0.9782006144523621,1.2398039208201674,224,lead,lead,Lead,
72713,intercepted,1,0,0,0,27,19,9.5,8,27.0,13.5,9.718195915222168,0,1.27200667725669,0.6889289021492004,1.3552571071580846,9,lead,lead,Lead,
72714,intercepted,1,0,0,0,83,10,5.0,73,83.0,41.5,4.8405985832214355,0,1.1401032318134565,1.3472753763198853,1.2147085912114683,74,lead,lead,Lead,
72715,intercepted,1,0,0,0,220,15,7.5,205,220.0,110.0,3.261662721633911,0,1.124871027556438,1.3091349601745605,1.2221785554841025,206,lead,lead,Lead,
72716,soldier_caught,0,1,0,0,42,11,5.5,31,,,1.5842654705047607,0,0.9991485239006579,0.8962771892547607,1.0691224218868607,32,lead,lead,Lead,
72717,intercepted,1,0,0,0,42,12,6.0,30,42.0,21.0,3.4010703563690186,0,1.079900676925336,1.746884822845459,1.1654796609641531,31,lead,lead,Lead,
72718,intercepted,1,0,0,0,131,11,5.5,120,131.0,65.5,3.689157485961914,0,1.147713563043224,0.7413263320922852,1.2421186605584909,121,lead,lead,Lead,
72719,intercepted,1,0,0,0,146,10,5.0,136,146.0,73.0,5.9750871658325195,0,1.1565449607633327,0.9803101420402527,1.2493107653733695,137,lead,lead,Lead,
72720,unsafe_intercept,0,0,1,0,659,9,4.5,650,,,3.2993106842041016,0,1.1221689852083334,0.9118165969848633,1.2215050480079896,651,lead,lead,Lead,
72721,intercepted,1,0,0,0,30,10,5.0,20,30.0,15.0,5.793285369873047,0,0.8844968619800749,0.5295327305793762,0.9804629919682207,21,lead,lead,Lead,
72722,intercepted,1,0,0,0,40,10,5.0,30,40.0,20.0,11.667460441589355,0,1.0439447058785347,0.43110916018486023,1.1286117889461529,31,lead,lead,Lead,
72723,soldier_caught,0,1,0,0,33,10,5.0,23,,,1.794627070426941,0,1.076750575254361,0.9340758919715881,1.1309243219958618,24,lead,lead,Lead,
72724,intercepted,1,0,0,0,236,32,16.0,204,236.0,118.0,7.900627613067627,0,1.112478169798851,1.5881584882736206,1.193100487707506,205,lead,lead,Lead,
72725,intercepted,1,0,0,0,220,9,4.5,211,220.0,110.0,5.111567974090576,0,1.1163047507124126,0.6464195847511292,1.2168496934299526,212,lead,lead,Lead,
72726,intercepted,1,0,0,0,339,14,7.0,325,339.0,169.5,7.525566577911377,0,1.1538811434814535,0.5727158784866333,1.244677090724508,326,lead,lead,Lead,
72727,soldier_caught,0,1,0,0,11,9,4.5,2,,,1.6223279237747192,0,1.0670000116030376,1.8504512310028076,1.2023564538467435,3,lead,lead,Lead,
72728,intercepted,1,0,0,0,303,180,90.0,123,303.0,151.5,8.719176292419434,0,1.1383165637812307,0.7725961804389954,1.2301110388603134,124,lead,lead,Lead,
72729,soldier_caught,0,1,0,0,70,11,5.5,59,,,1.3767590522766113,0,1.1480220640699068,0.4713115692138672,1.2411225728834023,60,lead,lead,Lead,
72730,intercepted,1,0,0,0,432,7,3.5,425,432.0,216.0,2.437032461166382,0,1.1481681961583698,1.0293307304382324,1.2540159912048614,426,lead,lead,Lead,
72731,intercepted,1,0,0,0,198,13,6.5,185,198.0,99.0,2.7089390754699707,0,1.1627166614096651,1.2840385437011719,1.2559324202672615,186,lead,lead,Lead,
72732,intercepted,1,0,0,0,274,30,15.0,244,274.0,137.0,11.504199981689453,0,1.134767724847307,0.7864581346511841,1.2483525978023644,245,lead,lead,Lead,
72733,soldier_caught,0,1,0,0,437,9,4.5,428,,,1.48542320728302,0,1.1303045949041148,0.8598566651344299,1.2281241354705577,429,lead,lead,Lead,
72734,intercepted,1,0,0,0,23,11,5.5,12,23.0,11.5,12.778315544128418,0,1.0954371278102581,1.0124019384384155,1.1448595173097622,13,lead,lead,Lead,
72735,intercepted,1,0,0,0,100,10,5.0,90,100.0,50.0,5.370160102844238,0,1.0662308985387885,0.9644289612770081,1.1713422795281327,91,lead,lead,Lead,
72736,intercepted,1,0,0,0,271,27,13.5,244,271.0,135.5,2.700887680053711,0,1.1171738633695913,0.7562825083732605,1.2092215352100604,245,lead,lead,Lead,
72737,intercepted,1,0,0,0,38,12,6.0,26,38.0,19.0,8.323868751525879,0,0.986252615849177,0.8058759570121765,1.099833139597441,27,lead,lead,Lead,
72738,soldier_caught,0,1,0,0,229,48,24.0,181,,,1.7538419961929321,0,1.1399526276758738,0.9308810234069824,1.2222444609460121,182,lead,lead,Lead,
72739,intercepted,1,0,0,0,235,14,7.0,221,235.0,117.5,7.062118053436279,0,1.11179235054029,0.7114440202713013,1.2046526292875919,222,lead,lead,Lead,
72740,intercepted,1,0,0,0,130,35,17.5,95,130.0,65.0,3.3091211318969727,0,1.0987211765411,1.136758804321289,1.176763637983661,96,lead,lead,Lead,
72741,intercepted,1,0,0,0,59,13,6.5,46,59.0,29.5,3.8942947387695312,0,1.2068249970040423,1.2255628108978271,1.3221718223243772,47,lead,lead,Lead,
72742,intercepted,1,0,0,0,11,9,4.5,2,11.0,5.5,7.348359107971191,0,1.379716436068217,1.6310492753982544,1.391201394468267,3,lead,lead,Lead,
72743,soldier_caught,0,1,0,0,443,10,5.0,433,,,1.7351632118225098,0,1.1222383988858093,1.0680056810379028,1.2135404769200775,434,lead,lead,Lead,
72744,intercepted,1,0,0,0,92,13,6.5,79,92.0,46.0,14.288575172424316,0,1.1374237198382615,0.842668354511261,1.209267708852251,80,lead,lead,Lead,
72745,intercepted,1,0,0,0,132,9,4.5,123,132.0,66.0,4.475838661193848,0,1.1451632414133317,1.2640247344970703,1.2390857413762473,124,lead,lead,Lead,
72746,intercepted,1,0,0,0,306,12,6.0,294,306.0,153.0,5.819173812866211,0,1.1141219005746357,0.8952755331993103,1.211936535802383,295,lead,lead,Lead,
72747,intercepted,1,0,0,0,119,32,16.0,87,119.0,59.5,3.5097289085388184,0,1.1198177774521438,0.8942949771881104,1.224714534038003,88,lead,lead,Lead,
72748,intercepted,1,0,0,0,38,8,4.0,30,38.0,19.0,12.22043228149414,0,1.0950684557037969,1.4529292583465576,1.1695238829804013,31,lead,lead,Lead,
72749,intercepted,1,0,0,0,72,16,8.0,56,72.0,36.0,5.1779584884643555,0,0.9983664115792826,0.7909616231918335,1.0760436318811446,57,lead,lead,Lead,
72750,intercepted,1,0,0,0,50,9,4.5,41,50.0,25.0,7.957762718200684,0,1.0399665612550009,2.3686485290527344,1.1795352091443676,42,lead,lead,Lead,
72751,intercepted,1,0,0,0,185,17,8.5,168,185.0,92.5,7.250373840332031,0,1.1740202139952831,1.9286541938781738,1.267770618547317,169,lead,lead,Lead,
72752,intercepted,1,0,0,0,229,71,35.5,158,229.0,114.5,3.8865950107574463,0,1.1434273725410677,1.257869839668274,1.2569448046642329,159,lead,lead,Lead,
72753,intercepted,1,0,0,0,96,9,4.5,87,96.0,48.0,5.775906085968018,0,1.0761793098327788,1.1355887651443481,1.175282766888128,88,lead,lead,Lead,
72754,intercepted,1,0,0,0,159,12,6.0,147,159.0,79.5,11.523653030395508,0,1.1411456361010268,1.8207786083221436,1.2346620500668515,148,lead,lead,Lead,
72755,intercepted,1,0,0,0,98,7,3.5,91,98.0,49.0,10.257497787475586,0,1.1335077314921047,0.581290602684021,1.2167237908576172,92,lead,lead,Lead,
72756,intercepted,1,0,0,0,11,9,4.5,2,11.0,5.5,4.980888366699219,0,1.1516252756118774,0.999596357345581,1.1581860321592365,3,lead,lead,Lead,
72757,intercepted,1,0,0,0,21,9,4.5,12,21.0,10.5,7.606755256652832,0,1.2739693384904127,0.9390657544136047,1.3720185985063675,13,lead,lead,Lead,
72758,intercepted,1,0,0,0,40,9,4.5,31,40.0,20.0,6.052666187286377,0,1.1137303682044148,0.9400045275688171,1.1830107818643616,32,lead,lead,Lead,
72759,intercepted,1,0,0,0,43,11,5.5,32,43.0,21.5,5.254145622253418,0,1.078219397501512,0.5811020135879517,1.1849064892264571,33,lead,lead,Lead,
72760,intercepted,1,0,0,0,459,153,76.5,306,459.0,229.5,5.246410846710205,0,1.137731193331243,1.2469801902770996,1.222243740786848,307,lead,lead,Lead,
72761,intercepted,1,0,0,0,99,10,5.0,89,99.0,49.5,9.329008102416992,0,1.1166042510006162,1.8788930177688599,1.2041645888407768,90,lead,lead,Lead,
72762,intercepted,1,0,0,0,293,14,7.0,279,293.0,146.5,7.139883041381836,0,1.0969601812107221,0.9846057891845703,1.1774064193658327,280,lead,lead,Lead,
72763,intercepted,1,0,0,0,18,9,4.5,9,18.0,9.0,7.726503849029541,0,1.0136934518814087,0.500684916973114,1.1571551820619521,10,lead,lead,Lead,
72764,unsafe_intercept,0,0,1,0,11,9,4.5,2,,,2.8415496349334717,0,1.2429260810216267,0.9394422769546509,1.2667120594341732,3,lead,lead,Lead,
72765,intercepted,1,0,0,0,198,70,35.0,128,198.0,99.0,8.331586837768555,0,1.134533131191897,1.023423671722412,1.229084134252236,129,lead,lead,Lead,
72766,soldier_caught,0,1,0,0,204,14,7.0,190,,,1.4035011529922485,0,1.131788141206297,0.7489434480667114,1.2279765333106605,191,lead,lead,Lead,
72767,intercepted,1,0,0,0,411,7,3.5,404,411.0,205.5,2.606454610824585,0,1.111672075515912,1.114219069480896,1.2127724257851464,405,lead,lead,Lead,
72768,intercepted,1,0,0,0,24,11,5.5,13,24.0,12.0,10.236961364746094,0,1.3682566806674004,0.9496870040893555,1.5607195052929392,14,lead,lead,Lead,
72769,intercepted,1,0,0,0,107,12,6.0,95,107.0,53.5,9.3192138671875,0,1.119211362209171,2.402315378189087,1.2183404797671655,96,lead,lead,Lead,
72770,intercepted,1,0,0,0,152,41,20.5,111,152.0,76.0,9.781652450561523,0,1.146560120529362,1.5279237031936646,1.2535183765764493,112,lead,lead,Lead,
72771,intercepted,1,0,0,0,1046,36,18.0,1010,1046.0,523.0,6.0062432289123535,0,1.132884781627108,2.026533603668213,1.2300584315689966,1011,lead,lead,Lead,
72772,intercepted,1,0,0,0,44,8,4.0,36,44.0,22.0,4.934450626373291,0,1.2809825056308024,1.0637613534927368,1.3567870379994469,37,lead,lead,Lead,
72773,intercepted,1,0,0,0,37,10,5.0,27,37.0,18.5,6.323610305786133,0,1.0700335885797227,0.9455794095993042,1.1762952744798119,28,lead,lead,Lead,
72774,intercepted,1,0,0,0,14,12,6.0,2,14.0,7.0,4.434944152832031,0,0.9085632960001627,1.1212761402130127,0.9213132023265831,3,lead,lead,Lead,
72775,soldier_caught,0,1,0,0,92,39,19.5,53,,,1.517436146736145,0,1.2302620457830253,1.6710119247436523,1.3013261989447373,54,lead,lead,Lead,
72776,intercepted,1,0,0,0,59,9,4.5,50,59.0,29.5,5.44667387008667,0,1.1309647425716998,1.1411848068237305,1.2257770292238914,51,lead,lead,Lead,
72777,intercepted,1,0,0,0,137,47,23.5,90,137.0,68.5,9.734691619873047,0,1.1428787128610924,0.8625056743621826,1.2354757806220233,91,lead,lead,Lead,
72778,soldier_caught,0,1,0,0,216,9,4.5,207,,,0.4976263642311096,0,1.1254931105873907,1.0405453443527222,1.215587547008948,208,lead,lead,Lead,
72779,intercepted,1,0,0,0,11,10,5.0,1,11.0,5.5,5.104574680328369,0,1.1354148387908936,0.961896538734436,1.1485971689852947,2,lead,lead,Lead,
72780,intercepted,1,0,0,0,184,7,3.5,177,184.0,92.0,4.730452537536621,0,1.2070243349403478,0.9861383438110352,1.3014516137865275,178,lead,lead,Lead,
72781,soldier_caught,0,1,0,0,14,11,5.5,3,,,1.8624647855758667,0,1.2793973982334137,1.1308400630950928,1.380990689276034,4,lead,lead,Lead,
72782,intercepted,1,0,0,0,295,36,18.0,259,295.0,147.5,2.5552632808685303,0,1.0928759625324835,1.7002861499786377,1.1765397416066412,260,lead,lead,Lead,
72783,intercepted,1,0,0,0,208,14,7.0,194,208.0,104.0,6.464733600616455,0,1.0946372880385473,0.1321471929550171,1.1930091519232453,195,lead,lead,Lead,
72784,intercepted,1,0,0,0,288,8,4.0,280,288.0,144.0,2.120791435241699,0,1.1199614069427883,0.8701240420341492,1.2161966083941818,281,lead,lead,Lead,
72785,intercepted,1,0,0,0,145,11,5.5,134,145.0,72.5,8.473960876464844,0,1.0670883384015826,0.4441206753253937,1.1546186466680237,135,lead,lead,Lead,
72786,intercepted,1,0,0,0,30,15,7.5,15,30.0,15.0,8.655586242675781,0,1.3233398273587227,1.2608425617218018,1.4142037213850651,16,lead,lead,Lead,
72787,intercepted,1,0,0,0,360,8,4.0,352,360.0,180.0,12.624648094177246,0,1.110272646245808,0.29811087250709534,1.2118643885278793,353,lead,lead,Lead,
72788,intercepted,1,0,0,0,67,10,5.0,57,67.0,33.5,3.007664918899536,0,1.0649639023789044,0.6852128505706787,1.1414019610099644,58,lead,lead,Lead,
72789,unsafe_intercept,0,0,1,0,10,8,4.0,2,,,2.948566436767578,0,1.0265005429585774,1.2882152795791626,1.061017675041597,3,lead,lead,Lead,
72790,intercepted,1,0,0,0,232,11,5.5,221,232.0,116.0,8.153387069702148,0,1.1443909873833527,1.1119364500045776,1.2480953513200073,222,lead,lead,Lead,
72791,intercepted,1,0,0,0,437,78,39.0,359,437.0,218.5,5.628499984741211,0,1.133034390831987,1.9523327350616455,1.2297446122118467,360,lead,lead,Lead,
72792,unsafe_intercept,0,0,1,0,10,9,4.5,1,,,3.4363605976104736,0,0.7662876844406128,0.5201917886734009,0.8048353901505715,2,lead,lead,Lead,
72793,intercepted,1,0,0,0,42,19,9.5,23,42.0,21.0,9.844407081604004,0,1.3207118014494579,1.5630930662155151,1.3711702219939388,24,lead,lead,Lead,
72794,intercepted,1,0,0,0,169,10,5.0,159,169.0,84.5,12.403014183044434,0,1.1709456918528303,1.5891109704971313,1.2641195196658281,160,lead,lead,Lead,
72795,intercepted,1,0,0,0,63,10,5.0,53,63.0,31.5,4.185478210449219,0,1.1332624814024679,0.7405170202255249,1.2185945029457987,54,lead,lead,Lead,
72796,intercepted,1,0,0,0,128,10,5.0,118,128.0,64.0,4.813592910766602,0,1.142011737184865,0.6744263172149658,1.2424496075780533,119,lead,lead,Lead,
72797,intercepted,1,0,0,0,102,17,8.5,85,102.0,51.0,9.864799499511719,0,1.1354119505646616,1.5594730377197266,1.220809774606218,86,lead,lead,Lead,
72798,intercepted,1,0,0,0,44,10,5.0,34,44.0,22.0,3.5492148399353027,0,1.2786409207752774,1.7732627391815186,1.3391866203570464,35,lead,lead,Lead,
72799,intercepted,1,0,0,0,269,13,6.5,256,269.0,134.5,4.792619705200195,0,1.1286691377946838,0.39415886998176575,1.2259673604348273,257,lead,lead,Lead,
72800,intercepted,1,0,0,0,181,18,9.0,163,181.0,90.5,11.034757614135742,0,1.0764821990415818,1.1697195768356323,1.2011285148054578,164,lead,lead,Lead,
72801,soldier_caught,0,1,0,0,104,10,5.0,94,,,1.6428649425506592,0,1.1136164012708163,1.987241506576538,1.2062595640357623,95,lead,lead,Lead,
72802,intercepted,1,0,0,0,88,9,4.5,79,88.0,44.0,4.8686113357543945,0,1.1625772286206484,1.1569586992263794,1.2366158466171604,80,lead,lead,Lead,
72803,soldier_caught,0,1,0,0,203,11,5.5,192,,,1.6636258363723755,0,1.090493217959923,1.7985230684280396,1.1708187573129722,193,lead,lead,Lead,
72804,intercepted,1,0,0,0,54,17,8.5,37,54.0,27.0,6.425510883331299,0,1.115708147224627,2.0240323543548584,1.201690488158936,38,lead,lead,Lead,
72805,intercepted,1,0,0,0,23,9,4.5,14,23.0,11.5,5.4179792404174805,0,1.0331432819366455,0.6747800707817078,1.0966114973300065,15,lead,lead,Lead,
72806,intercepted,1,0,0,0,45,10,5.0,35,45.0,22.5,7.298365592956543,0,1.2064023489753406,2.4990859031677246,1.3048415467434584,36,lead,lead,Lead,
72807,intercepted,1,0,0,0,162,9,4.5,153,162.0,81.0,7.0014543533325195,0,1.0956992522462623,1.0486212968826294,1.1795905600914376,154,lead,lead,Lead,
72808,intercepted,1,0,0,0,53,10,5.0,43,53.0,26.5,10.311630249023438,0,1.1996658139608123,0.7610900402069092,1.3093917345181039,44,lead,lead,Lead,
72809,intercepted,1,0,0,0,193,9,4.5,184,193.0,96.5,5.834575653076172,0,1.156554731001725,1.247879147529602,1.2475080840652495,185,lead,lead,Lead,
72810,intercepted,1,0,0,0,101,9,4.5,92,101.0,50.5,7.296353816986084,0,1.134954736758304,0.6466038227081299,1.22338401460368,93,lead,lead,Lead,
72811,intercepted,1,0,0,0,317,12,6.0,305,317.0,158.5,4.255453109741211,0,1.1089005835500418,1.384727954864502,1.2042143027824186,306,lead,lead,Lead,
72812,intercepted,1,0,0,0,527,9,4.5,518,527.0,263.5,9.633353233337402,0,1.1394862017247949,1.6497341394424438,1.2335561633557768,519,lead,lead,Lead,
72813,intercepted,1,0,0,0,101,9,4.5,92,101.0,50.5,3.2054715156555176,0,1.0268058251309138,0.9347106218338013,1.1182038944953547,93,lead,lead,Lead,
72814,soldier_caught,0,1,0,0,134,12,6.0,122,,,1.7988859415054321,0,1.069190251875699,0.27670392394065857,1.1647795559528544,123,lead,lead,Lead,
72815,intercepted,1,0,0,0,28,12,6.0,16,28.0,14.0,3.594365358352661,0,1.128254094544579,1.4684743881225586,1.235984379861068,17,lead,lead,Lead,
72816,intercepted,1,0,0,0,89,30,15.0,59,89.0,44.5,13.100120544433594,0,1.0499318107962607,0.3185379207134247,1.1765335168431692,60,lead,lead,Lead,
72817,intercepted,1,0,0,0,239,10,5.0,229,239.0,119.5,4.527635097503662,0,1.1079415728216586,1.810390591621399,1.200062936366249,230,lead,lead,Lead,
72818,intercepted,1,0,0,0,218,13,6.5,205,218.0,109.0,2.1140925884246826,0,1.1320215730557164,1.2088351249694824,1.2376382401819934,206,lead,lead,Lead,
72819,intercepted,1,0,0,0,112,10,5.0,102,112.0,56.0,4.109749794006348,0,1.0923241536738804,1.1527317762374878,1.1868950748422784,103,lead,lead,Lead,
72820,intercepted,1,0,0,0,667,91,45.5,576,667.0,333.5,3.156062126159668,0,1.1453356370975487,1.7569130659103394,1.234344231571333,577,lead,lead,Lead,
72821,intercepted,1,0,0,0,122,44,22.0,78,122.0,61.0,2.379021644592285,0,1.1268393170984485,1.0523896217346191,1.2143343681956795,79,lead,lead,Lead,
72822,intercepted,1,0,0,0,128,16,8.0,112,128.0,64.0,5.9010796546936035,0,1.1370751941494182,0.33803829550743103,1.225547968933866,113,lead,lead,Lead,
72823,intercepted,1,0,0,0,217,20,10.0,197,217.0,108.5,7.334535121917725,0,1.186527358988921,0.971837043762207,1.2845998357328563,198,lead,lead,Lead,
72824,intercepted,1,0,0,0,82,10,5.0,72,82.0,41.0,8.273713111877441,0,1.143315654911407,1.2882709503173828,1.2199292378512308,73,lead,lead,Lead,
72825,intercepted,1,0,0,0,103,11,5.5,92,103.0,51.5,4.327541351318359,0,1.0576117683642654,0.6718624234199524,1.1377107766464423,93,lead,lead,Lead,
72826,intercepted,1,0,0,0,12,10,5.0,2,12.0,6.0,4.338922500610352,0,0.9180717269579569,0.493315726518631,1.1422778046912911,3,lead,lead,Lead,
72827,intercepted,1,0,0,0,81,13,6.5,68,81.0,40.5,11.378217697143555,0,1.1411107255928759,0.4521767497062683,1.2443275816604944,69,lead,lead,Lead,
72828,soldier_caught,0,1,0,0,12,10,5.0,2,,,1.8564902544021606,0,1.0027856330076854,1.315761685371399,1.1272216969117683,3,lead,lead,Lead,
72829,intercepted,1,0,0,0,76,9,4.5,67,76.0,38.0,4.222564220428467,0,1.0878243418958258,0.9972522854804993,1.1984658877954173,68,lead,lead,Lead,
72830,intercepted,1,0,0,0,112,13,6.5,99,112.0,56.0,13.550542831420898,0,1.1275540480017663,0.7964701652526855,1.1998218817150106,100,lead,lead,Lead,
72831,soldier_caught,0,1,0,0,38,12,6.0,26,,,0.32504940032958984,0,1.1019415082754913,0.8362468481063843,1.1729889687380226,27,lead,lead,Lead,
72832,intercepted,1,0,0,0,293,12,6.0,281,293.0,146.5,7.8082966804504395,0,1.1294469287526523,1.7918213605880737,1.223761244054468,282,lead,lead,Lead,
72833,intercepted,1,0,0,0,126,73,36.5,53,126.0,63.0,8.229715347290039,0,1.0950702605424103,1.2688226699829102,1.1696637130462733,54,lead,lead,Lead,
72834,intercepted,1,0,0,0,107,11,5.5,96,107.0,53.5,6.447089195251465,0,1.0961617511725916,2.078357219696045,1.202390817717551,97,lead,lead,Lead,
72835,intercepted,1,0,0,0,399,13,6.5,386,399.0,199.5,8.081537246704102,0,1.0932635362681185,2.098130941390991,1.1877075765295455,387,lead,lead,Lead,
72836,intercepted,1,0,0,0,154,11,5.5,143,154.0,77.0,3.263721466064453,0,1.097616998789211,0.7295346856117249,1.1930398322899127,144,lead,lead,Lead,
72837,intercepted,1,0,0,0,130,15,7.5,115,130.0,65.0,3.438724994659424,0,1.0829112694181244,0.4363725185394287,1.1738033013514608,116,lead,lead,Lead,
72838,intercepted,1,0,0,0,83,35,17.5,48,83.0,41.5,10.376392364501953,0,1.2461861365911913,0.8800234198570251,1.3184944905609595,49,lead,lead,Lead,
72839,soldier_caught,0,1,0,0,244,11,5.5,233,,,1.58257257938385,0,1.1491095216737852,1.177876591682434,1.247174052618089,234,lead,lead,Lead,
72840,intercepted,1,0,0,0,41,16,8.0,25,41.0,20.5,5.3079514503479,0,1.0642776798743467,1.0268478393554688,1.1441253893176202,26,lead,lead,Lead,
72841,intercepted,1,0,0,0,144,11,5.5,133,144.0,72.0,3.3704254627227783,0,1.133756411609365,1.0226430892944336,1.213414982790433,134,lead,lead,Lead,
72842,intercepted,1,0,0,0,195,10,5.0,185,195.0,97.5,7.1049699783325195,0,1.1448059842310927,0.4600094258785248,1.2406386163131153,186,lead,lead,Lead,
72843,soldier_caught,0,1,0,0,238,8,4.0,230,,,0.7338768243789673,0,1.0953049347514199,1.2245795726776123,1.2026251249531765,231,lead,lead,Lead,
72844,intercepted,1,0,0,0,81,9,4.5,72,81.0,40.5,3.8547000885009766,0,1.1230534984640879,1.7740203142166138,1.1986763663784015,73,lead,lead,Lead,
72845,intercepted,1,0,0,0,51,10,5.0,41,51.0,25.5,2.3508806228637695,0,1.2319696357562429,1.165926456451416,1.3205395146576824,42,lead,lead,Lead,
72846,intercepted,1,0,0,0,137,10,5.0,127,137.0,68.5,8.563760757446289,0,1.112255296902731,1.571598768234253,1.1940047230045092,128,lead,lead,Lead,
72847,soldier_caught,0,1,0,0,37,12,6.0,25,,,1.6912577152252197,0,1.0679824489813585,1.4019510746002197,1.200020846051928,26,lead,lead,Lead,
72848,soldier_caught,0,1,0,0,176,12,6.0,164,,,1.5651423931121826,0,1.1172255413098768,1.3073639869689941,1.1989997944302866,165,lead,lead,Lead,
72849,intercepted,1,0,0,0,179,14,7.0,165,179.0,89.5,12.294229507446289,0,1.1031821590500424,0.6734465956687927,1.1887434853247418,166,lead,lead,Lead,
72850,intercepted,1,0,0,0,283,30,15.0,253,283.0,141.5,2.978353977203369,0,1.1626370929357575,0.49752601981163025,1.2564228050970325,254,lead,lead,Lead,
72851,intercepted,1,0,0,0,43,12,6.0,31,43.0,21.5,5.701979637145996,0,1.1737320153042674,0.777050793170929,1.263785759142237,32,lead,lead,Lead,
72852,intercepted,1,0,0,0,19,17,8.5,2,19.0,9.5,4.822368621826172,0,1.1733510096867878,0.6827783584594727,1.230471647058506,3,lead,lead,Lead,
72853,intercepted,1,0,0,0,18,16,8.0,2,18.0,9.0,3.9907736778259277,0,0.5558441480000814,0.4297049343585968,0.5818731616576945,3,lead,lead,Lead,
72854,soldier_caught,0,1,0,0,256,14,7.0,242,,,0.9998481869697571,0,1.1518463347674397,0.8937088251113892,1.2474090425399942,243,lead,lead,Lead,
72855,intercepted,1,0,0,0,516,30,15.0,486,516.0,258.0,3.9611668586730957,0,1.1597390809159505,1.3928958177566528,1.2504555534307142,487,lead,lead,Lead,
72856,intercepted,1,0,0,0,219,16,8.0,203,219.0,109.5,3.424856424331665,0,1.1577505421112566,1.3010293245315552,1.2402316870295098,204,lead,lead,Lead,
72857,intercepted,1,0,0,0,53,11,5.5,42,53.0,26.5,2.819948196411133,0,1.1479608534380448,1.1336551904678345,1.2176696457763674,43,lead,lead,Lead,
72858,intercepted,1,0,0,0,106,8,4.0,98,106.0,53.0,8.93947982788086,0,1.0934297979781122,0.7470438480377197,1.191874593174544,99,lead,lead,Lead,
72859,soldier_caught,0,1,0,0,325,9,4.5,316,,,1.0383100509643555,0,1.1272327465589866,0.5743107199668884,1.224385215778984,317,lead,lead,Lead,
72860,intercepted,1,0,0,0,114,12,6.0,102,114.0,57.0,9.173742294311523,0,1.159536178974272,1.4707597494125366,1.2722838089958775,103,lead,lead,Lead,
72861,intercepted,1,0,0,0,189,87,43.5,102,189.0,94.5,11.465127944946289,0,1.066405614602913,1.0749247074127197,1.1538764204026468,103,lead,lead,Lead,
72862,intercepted,1,0,0,0,54,12,6.0,42,54.0,27.0,12.086920738220215,0,1.1877021864056587,1.4260693788528442,1.27794518734591,43,lead,lead,Lead,
72863,intercepted,1,0,0,0,36,14,7.0,22,36.0,18.0,5.520887851715088,0,1.012929758299952,0.7965348362922668,1.1191283127484035,23,lead,lead,Lead,
72864,unsafe_intercept,0,0,1,0,13,11,5.5,2,,,2.6505560874938965,0,1.0937994718551636,1.7015776634216309,1.1817923964154,3,lead,lead,Lead,
72865,intercepted,1,0,0,0,114,9,4.5,105,114.0,57.0,10.321398735046387,0,1.106173408621887,0.7986416220664978,1.1991305810844177,106,lead,lead,Lead,
72866,intercepted,1,0,0,0,21,12,6.0,9,21.0,10.5,3.4576632976531982,0,1.144593781232834,1.3592692613601685,1.2325219903883384,10,lead,lead,Lead,
72867,intercepted,1,0,0,0,38,12,6.0,26,38.0,19.0,10.644336700439453,0,1.112923796530123,1.9019941091537476,1.176784138484336,27,lead,lead,Lead,
72868,intercepted,1,0,0,0,22,10,5.0,12,22.0,11.0,8.186630249023438,0,1.0393116474151611,0.7165524959564209,1.073495146759432,13,lead,lead,Lead,
72869,intercepted,1,0,0,0,529,19,9.5,510,529.0,264.5,3.2917468547821045,0,1.1533072781539477,0.7374722361564636,1.245071850353956,511,lead,lead,Lead,
72870,intercepted,1,0,0,0,289,10,5.0,279,289.0,144.5,2.98191237449646,0,1.133812462831182,1.7231955528259277,1.2320402117185638,280,lead,lead,Lead,
72871,intercepted,1,0,0,0,181,10,5.0,171,181.0,90.5,5.215415954589844,0,1.1109664992884147,0.6427576541900635,1.2020780911465039,172,lead,lead,Lead,
72872,unsafe_intercept,0,0,1,0,11,9,4.5,2,,,2.6984195709228516,0,1.2366938591003418,1.3899599313735962,1.2898330924090229,3,lead,lead,Lead,
72873,intercepted,1,0,0,0,65,9,4.5,56,65.0,32.5,2.9133520126342773,0,1.1821517991392236,0.37676289677619934,1.2823893525596979,57,lead,lead,Lead,
72874,intercepted,1,0,0,0,111,9,4.5,102,111.0,55.5,3.473546028137207,0,1.0536188354480613,1.214734435081482,1.1394392343972681,103,lead,lead,Lead,
72875,intercepted,1,0,0,0,582,15,7.5,567,582.0,291.0,5.629265785217285,0,1.1225682479709806,0.747633159160614,1.2185736971955066,568,lead,lead,Lead,
72876,intercepted,1,0,0,0,323,20,10.0,303,323.0,161.5,6.598516941070557,0,1.1761799694382047,1.3128150701522827,1.268208916398497,304,lead,lead,Lead,
72877,intercepted,1,0,0,0,504,12,6.0,492,504.0,252.0,2.164952516555786,0,1.1111640690789988,0.7301856875419617,1.2123497553643934,493,lead,lead,Lead,
72878,intercepted,1,0,0,0,83,11,5.5,72,83.0,41.5,3.0574114322662354,0,1.106177032402117,0.4917781949043274,1.2160536322860394,73,lead,lead,Lead,
72879,intercepted,1,0,0,0,260,11,5.5,249,260.0,130.0,2.280012607574463,0,1.1604887967705726,0.9831244945526123,1.2563507625642825,250,lead,lead,Lead,
72880,intercepted,1,0,0,0,265,8,4.0,257,265.0,132.5,7.835690975189209,0,1.132242360722649,2.5832691192626953,1.226946727394042,258,lead,lead,Lead,
72881,intercepted,1,0,0,0,48,17,8.5,31,48.0,24.0,7.957031726837158,0,1.064135785214603,2.1491756439208984,1.1488428198709173,32,lead,lead,Lead,
72882,intercepted,1,0,0,0,84,8,4.0,76,84.0,42.0,9.000361442565918,0,1.0938672880073645,1.4044681787490845,1.163351183370148,77,lead,lead,Lead,
72883,intercepted,1,0,0,0,76,13,6.5,63,76.0,38.0,6.936186790466309,0,1.2334397681988776,1.2798354625701904,1.3317254936099132,64,lead,lead,Lead,
72884,intercepted,1,0,0,0,203,15,7.5,188,203.0,101.5,6.303748607635498,0,1.1196601263902806,0.7469519972801208,1.2173949643246011,189,lead,lead,Lead,
72885,intercepted,1,0,0,0,55,9,4.5,46,55.0,27.5,3.7348244190216064,0,1.1210092166636854,1.4892394542694092,1.2399913425725235,47,lead,lead,Lead,
72886,intercepted,1,0,0,0,431,12,6.0,419,431.0,215.5,7.1109442710876465,0,1.1195528199630125,0.8103496432304382,1.207625531812582,420,lead,lead,Lead,
72887,intercepted,1,0,0,0,335,11,5.5,324,335.0,167.5,3.003516674041748,0,1.0725131310637182,0.22562184929847717,1.1772817248548697,325,lead,lead,Lead,
72888,intercepted,1,0,0,0,141,64,32.0,77,141.0,70.5,11.119653701782227,0,1.0642021229633918,0.5328188538551331,1.1756382178841835,78,lead,lead,Lead,
72889,intercepted,1,0,0,0,329,35,17.5,294,329.0,164.5,5.184396266937256,0,1.166077679559841,0.8460789918899536,1.2598293742442679,295,lead,lead,Lead,
72890,intercepted,1,0,0,0,128,9,4.5,119,128.0,64.0,7.76479959487915,0,1.0883896889785925,0.6529874801635742,1.1755228555082418,120,lead,lead,Lead,
72891,soldier_caught,0,1,0,0,15,13,6.5,2,,,1.8161708116531372,0,0.9197608033816019,0.8445923328399658,0.9277909149952398,3,lead,lead,Lead,
72892,intercepted,1,0,0,0,442,140,70.0,302,442.0,221.0,5.6450090408325195,0,1.1517209324850501,1.1208076477050781,1.245052964085534,303,lead,lead,Lead,
72893,intercepted,1,0,0,0,152,9,4.5,143,152.0,76.0,6.880855083465576,0,1.0854191417909331,1.3209222555160522,1.1837346413331757,144,lead,lead,Lead,
72894,intercepted,1,0,0,0,69,17,8.5,52,69.0,34.5,6.061009407043457,0,1.1591879359956057,1.0525997877120972,1.2700361620177067,53,lead,lead,Lead,
72895,unsafe_intercept,0,0,1,0,14,12,6.0,2,,,3.005770206451416,0,1.2699930270512898,1.1604212522506714,1.3117120949918806,3,lead,lead,Lead,
72896,intercepted,1,0,0,0,130,11,5.5,119,130.0,65.0,7.24066162109375,0,1.0454751518244545,0.6907272934913635,1.13601453329753,120,lead,lead,Lead,
72897,intercepted,1,0,0,0,109,32,16.0,77,109.0,54.5,5.621317386627197,0,1.0391394620140393,0.32382509112358093,1.136601916875188,78,lead,lead,Lead,
72898,intercepted,1,0,0,0,231,12,6.0,219,231.0,115.5,5.027405261993408,0,1.144358359209516,0.6513091325759888,1.237155842653623,220,lead,lead,Lead,
72899,soldier_caught,0,1,0,0,58,8,4.0,50,,,1.7615315914154053,0,1.1606873846521564,1.1831328868865967,1.241208275820407,51,lead,lead,Lead,
72900,intercepted,1,0,0,0,762,16,8.0,746,762.0,381.0,6.1587300300598145,0,1.1166864962103855,0.6944501399993896,1.2169072477997116,747,lead,lead,Lead,
72901,intercepted,1,0,0,0,83,11,5.5,72,83.0,41.5,2.1196916103363037,0,1.1088877318248356,1.4624918699264526,1.1969109802891418,73,lead,lead,Lead,
72902,soldier_caught,0,1,0,0,10,8,4.0,2,,,1.1802171468734741,0,1.0779943664868672,0.5095904469490051,1.1697715973201035,3,lead,lead,Lead,
72903,intercepted,1,0,0,0,473,45,22.5,428,473.0,236.5,2.658653497695923,0,1.1474115048081448,1.7661081552505493,1.2476771620017024,429,lead,lead,Lead,
72904,soldier_caught,0,1,0,0,34,7,3.5,27,,,1.9371471405029297,0,1.2217673286795616,1.1017876863479614,1.3196207673749527,28,lead,lead,Lead,
72905,intercepted,1,0,0,0,139,12,6.0,127,139.0,69.5,6.444037914276123,0,1.1341728663537651,1.1940889358520508,1.2100331723653976,128,lead,lead,Lead,
72906,intercepted,1,0,0,0,128,12,6.0,116,128.0,64.0,2.878120183944702,0,1.0904193896258998,1.7608462572097778,1.1811087452501166,117,lead,lead,Lead,
72907,intercepted,1,0,0,0,33,9,4.5,24,33.0,16.5,7.451513290405273,0,1.294823670387268,0.4618228077888489,1.3582944068153628,25,lead,lead,Lead,
72908,intercepted,1,0,0,0,23,14,7.0,9,23.0,11.5,12.331238746643066,0,1.3439247131347656,1.716487169265747,1.3976888926488538,10,lead,lead,Lead,
72909,intercepted,1,0,0,0,24,13,6.5,11,24.0,12.0,8.948060989379883,0,0.8250062987208366,0.6281580328941345,0.9141337344394954,12,lead,lead,Lead,
72910,intercepted,1,0,0,0,83,51,25.5,32,83.0,41.5,13.140111923217773,0,1.0840598864085746,1.2430115938186646,1.1721331892797286,33,lead,lead,Lead,
72911,intercepted,1,0,0,0,226,18,9.0,208,226.0,113.0,7.118360996246338,0,1.1268700475149462,0.7850750684738159,1.229908298370466,209,lead,lead,Lead,
72912,soldier_caught,0,1,0,0,221,20,10.0,201,,,1.4355003833770752,0,1.1013156767233763,1.3915776014328003,1.2055928002870513,202,lead,lead,Lead,
72913,intercepted,1,0,0,0,15,13,6.5,2,15.0,7.5,4.365004062652588,0,1.0627750754356384,1.5196187496185303,1.1186102779625589,3,lead,lead,Lead,
72914,intercepted,1,0,0,0,188,22,11.0,166,188.0,94.0,6.835244178771973,0,1.0915702023727452,1.132477045059204,1.1852577443601078,167,lead,lead,Lead,
72915,soldier_caught,0,1,0,0,475,19,9.5,456,,,1.798868179321289,0,1.1209504077418888,1.3077878952026367,1.2135443932080936,457,lead,lead,Lead,
72916,intercepted,1,0,0,0,105,10,5.0,95,105.0,52.5,10.509048461914062,0,1.1702571387092273,1.9587441682815552,1.254026374759288,96,lead,lead,Lead,
72917,intercepted,1,0,0,0,83,9,4.5,74,83.0,41.5,7.375325679779053,0,1.1922389364242554,1.2258309125900269,1.2948724993553806,75,lead,lead,Lead,
72918,intercepted,1,0,0,0,131,9,4.5,122,131.0,65.5,10.872723579406738,0,1.1070258852427568,1.8070201873779297,1.1977293922356436,123,lead,lead,Lead,
72919,intercepted,1,0,0,0,93,9,4.5,84,93.0,46.5,2.185999631881714,0,1.1717146259896896,0.8324404358863831,1.2467181261947697,85,lead,lead,Lead,
72920,soldier_caught,0,1,0,0,40,13,6.5,27,,,1.3287047147750854,0,1.2204658729689462,0.9600377678871155,1.3153756487814903,28,lead,lead,Lead,
72921,intercepted,1,0,0,0,142,66,33.0,76,142.0,71.0,9.233091354370117,0,1.131775270228262,1.4277775287628174,1.2117327415807537,77,lead,lead,Lead,
72922,intercepted,1,0,0,0,187,88,44.0,99,187.0,93.5,13.900455474853516,0,1.221773167848587,1.7420600652694702,1.3280001887199604,100,lead,lead,Lead,
72923,intercepted,1,0,0,0,76,11,5.5,65,76.0,38.0,3.876603603363037,0,1.1299442919817837,1.3090147972106934,1.2200595021773493,66,lead,lead,Lead,
72924,soldier_caught,0,1,0,0,13,11,5.5,2,,,1.9763633012771606,0,1.0100791454315186,1.2694288492202759,1.0272883559771187,3,lead,lead,Lead,
72925,intercepted,1,0,0,0,122,26,13.0,96,122.0,61.0,8.518878936767578,0,1.1324795650452684,0.9684385061264038,1.2227607081349017,97,lead,lead,Lead,
72926,intercepted,1,0,0,0,89,11,5.5,78,89.0,44.5,4.690127849578857,0,1.1801203996697558,1.0681991577148438,1.2852031703769689,79,lead,lead,Lead,
72927,intercepted,1,0,0,0,68,9,4.5,59,68.0,34.0,6.772447109222412,0,1.0831858908136687,0.8464335203170776,1.1995547848651067,60,lead,lead,Lead,
72928,intercepted,1,0,0,0,125,10,5.0,115,125.0,62.5,4.3510541915893555,0,1.1468364090241234,0.4084056317806244,1.2492967951521068,116,lead,lead,Lead,
72929,intercepted,1,0,0,0,59,9,4.5,50,59.0,29.5,7.428934097290039,0,0.9642366527342329,0.9999697208404541,1.0590491202607513,51,lead,lead,Lead,
72930,intercepted,1,0,0,0,194,9,4.5,185,194.0,97.0,7.579260349273682,0,1.1308157786086042,1.135699987411499,1.2417319328318888,186,lead,lead,Lead,
72931,intercepted,1,0,0,0,362,17,8.5,345,362.0,181.0,2.511831760406494,0,1.116567923843516,1.9144370555877686,1.2169473756099343,346,lead,lead,Lead,
72932,intercepted,1,0,0,0,226,13,6.5,213,226.0,113.0,5.137615203857422,0,1.14466562010696,2.064244508743286,1.2324415593934717,214,lead,lead,Lead,
72933,intercepted,1,0,0,0,301,56,28.0,245,301.0,150.5,8.862964630126953,0,1.1577576888891739,1.9841344356536865,1.2679610874804266,246,lead,lead,Lead,
72934,intercepted,1,0,0,0,539,9,4.5,530,539.0,269.5,3.2087295055389404,0,1.0936322589659198,1.2621835470199585,1.1847998394000585,531,lead,lead,Lead,
72935,intercepted,1,0,0,0,31,13,6.5,18,31.0,15.5,3.593935966491699,0,1.0731513688438816,0.7772313952445984,1.1645103793587228,19,lead,lead,Lead,
72936,intercepted,1,0,0,0,110,11,5.5,99,110.0,55.0,3.9785053730010986,0,1.1403986689448358,1.5778924226760864,1.2288615464026025,100,lead,lead,Lead,
72937,intercepted,1,0,0,0,82,49,24.5,33,82.0,41.0,12.59693717956543,0,1.1707265666302513,1.8297981023788452,1.2500615662019232,34,lead,lead,Lead,
72938,intercepted,1,0,0,0,412,9,4.5,403,412.0,206.0,2.1505744457244873,0,1.0877126020997172,0.6749181151390076,1.185581742831453,404,lead,lead,Lead,
72939,intercepted,1,0,0,0,22,10,5.0,12,22.0,11.0,3.5064828395843506,0,0.793193920300557,0.9303778409957886,0.8740776677469742,13,lead,lead,Lead,
72940,intercepted,1,0,0,0,293,13,6.5,280,293.0,146.5,2.473172664642334,0,1.1352734188168074,2.2651753425598145,1.227583666302413,281,lead,lead,Lead,
72941,intercepted,1,0,0,0,24,10,5.0,14,24.0,12.0,4.445181846618652,0,1.2119203368822733,2.403266191482544,1.291176050461694,15,lead,lead,Lead,
72942,intercepted,1,0,0,0,304,87,43.5,217,304.0,152.0,3.4934799671173096,0,1.1444114196464557,2.212779998779297,1.2512143759904637,218,lead,lead,Lead,
72943,unsafe_intercept,0,0,1,0,91,12,6.0,79,,,3.4029667377471924,0,1.1785131677985192,1.0078376531600952,1.2540046267128964,80,lead,lead,Lead,
72944,intercepted,1,0,0,0,57,49,24.5,8,57.0,28.5,11.410820007324219,0,1.164497368865543,1.583961009979248,1.2157315385047118,9,lead,lead,Lead,
72945,intercepted,1,0,0,0,146,16,8.0,130,146.0,73.0,8.162455558776855,0,1.1556887332037205,1.9532946348190308,1.259509844680093,131,lead,lead,Lead,
72946,intercepted,1,0,0,0,173,9,4.5,164,173.0,86.5,2.726891279220581,0,1.1123415726603885,2.078049898147583,1.2003586218977194,165,lead,lead,Lead,
72947,intercepted,1,0,0,0,737,11,5.5,726,737.0,368.5,4.237988471984863,0,1.1210868459866168,1.7341644763946533,1.2162264235541627,727,lead,lead,Lead,
72948,intercepted,1,0,0,0,496,10,5.0,486,496.0,248.0,4.633312225341797,0,1.1357684173684346,1.1233481168746948,1.2270891462048898,487,lead,lead,Lead,
72949,intercepted,1,0,0,0,274,11,5.5,263,274.0,137.0,8.718324661254883,0,1.1089148083137292,1.8729891777038574,1.2093447385725151,264,lead,lead,Lead,
72950,intercepted,1,0,0,0,194,18,9.0,176,194.0,97.0,2.5496864318847656,0,1.079062323785771,1.1165261268615723,1.1673440738166796,177,lead,lead,Lead,
72951,intercepted,1,0,0,0,157,11,5.5,146,157.0,78.5,4.3230743408203125,0,1.1165822448373652,1.195901870727539,1.2048071527294442,147,lead,lead,Lead,
72952,intercepted,1,0,0,0,194,14,7.0,180,194.0,97.0,3.675112009048462,0,1.1424021958810848,1.3366883993148804,1.2456021089356344,181,lead,lead,Lead,
72953,intercepted,1,0,0,0,22,10,5.0,12,22.0,11.0,6.277841567993164,0,0.9530079227227432,0.437271386384964,1.017807986944432,13,lead,lead,Lead,
72954,soldier_caught,0,1,0,0,64,16,8.0,48,,,0.5335007905960083,0,1.1561833163913415,0.753074049949646,1.2634233068573089,49,lead,lead,Lead,
72955,intercepted,1,0,0,0,45,15,7.5,30,45.0,22.5,7.851433277130127,0,1.0745563372488944,1.3627816438674927,1.1738290481886697,31,lead,lead,Lead,
72956,intercepted,1,0,0,0,97,16,8.0,81,97.0,48.5,5.260751247406006,0,1.1055433288580034,1.320284366607666,1.1970913531693208,82,lead,lead,Lead,
72957,intercepted,1,0,0,0,212,14,7.0,198,212.0,106.0,2.3001060485839844,0,1.1126993806592782,1.4975125789642334,1.209485480544587,199,lead,lead,Lead,
72958,intercepted,1,0,0,0,189,11,5.5,178,189.0,94.5,4.125145435333252,0,1.116360502827434,0.46075084805488586,1.2122740113957844,179,lead,lead,Lead,
72959,intercepted,1,0,0,0,248,10,5.0,238,248.0,124.0,2.599419355392456,0,1.149179243455372,1.23948073387146,1.2462119477914966,239,lead,lead,Lead,
72960,intercepted,1,0,0,0,129,24,12.0,105,129.0,64.5,5.750925540924072,0,1.1369909176005508,1.226109266281128,1.2370285672482098,106,lead,lead,Lead,
72961,soldier_caught,0,1,0,0,123,9,4.5,114,,,1.973127007484436,0,1.1376106201306633,0.8989542126655579,1.2273907396000907,115,lead,lead,Lead,
72962,intercepted,1,0,0,0,479,14,7.0,465,479.0,239.5,9.385282516479492,0,1.1358850156576592,0.36867284774780273,1.2368816960757385,466,lead,lead,Lead,
72963,soldier_caught,0,1,0,0,152,10,5.0,142,,,1.3423770666122437,0,1.2177861912267192,0.46453824639320374,1.307095474001968,143,lead,lead,Lead,
72964,intercepted,1,0,0,0,41,17,8.5,24,41.0,20.5,8.104570388793945,0,1.0330913174152374,1.578259825706482,1.1464920041899442,25,lead,lead,Lead,
72965,intercepted,1,0,0,0,160,11,5.5,149,160.0,80.0,8.105110168457031,0,1.1675100174049537,0.6552956700325012,1.2664682900071806,150,lead,lead,Lead,
72966,intercepted,1,0,0,0,57,50,25.0,7,57.0,28.5,13.183690071105957,0,1.0699814409017563,0.9039409756660461,1.1888491422613812,8,lead,lead,Lead,
72967,intercepted,1,0,0,0,157,9,4.5,148,157.0,78.5,6.275022506713867,0,1.0797763650849361,1.4716895818710327,1.1794270404893854,149,lead,lead,Lead,
72968,intercepted,1,0,0,0,83,12,6.0,71,83.0,41.5,3.98264741897583,0,1.0653285431779094,0.9837062954902649,1.1469967495366284,72,lead,lead,Lead,
72969,intercepted,1,0,0,0,9,7,3.5,2,9.0,4.5,6.0490031242370605,0,1.1647768417994182,1.594007134437561,1.226453869639908,3,lead,lead,Lead,
72970,intercepted,1,0,0,0,140,13,6.5,127,140.0,70.0,3.922001600265503,0,1.1912506658118218,1.0227415561676025,1.2909634982992084,128,lead,lead,Lead,
72971,intercepted,1,0,0,0,37,10,5.0,27,37.0,18.5,3.1598031520843506,0,1.2146937038217271,1.9762067794799805,1.4048596180724202,28,lead,lead,Lead,
72972,intercepted,1,0,0,0,45,9,4.5,36,45.0,22.5,4.813518047332764,0,1.1920481469180133,0.7484167218208313,1.2574918628898886,37,lead,lead,Lead,
72973,soldier_caught,0,1,0,0,249,19,9.5,230,,,1.5482438802719116,0,1.105883146196733,0.5121516585350037,1.1979133447467183,231,lead,lead,Lead,
72974,intercepted,1,0,0,0,43,13,6.5,30,43.0,21.5,10.449420928955078,0,1.2220001826363225,1.3793307542800903,1.3053975712211747,31,lead,lead,Lead,
72975,intercepted,1,0,0,0,127,9,4.5,118,127.0,63.5,5.14486837387085,0,1.1817848309248435,0.7643759250640869,1.269583871443305,119,lead,lead,Lead,
72976,intercepted,1,0,0,0,19,10,5.0,9,19.0,9.5,4.2143754959106445,0,1.0950340718030929,0.7657079696655273,1.1754900474373084,10,lead,lead,Lead,
72977,intercepted,1,0,0,0,481,13,6.5,468,481.0,240.5,10.459369659423828,0,1.133365827693995,0.6546900868415833,1.233735621105119,469,lead,lead,Lead,
72978,intercepted,1,0,0,0,250,8,4.0,242,250.0,125.0,3.2537119388580322,0,1.1613887671703174,2.033855676651001,1.258860301725079,243,lead,lead,Lead,
72979,intercepted,1,0,0,0,29,10,5.0,19,29.0,14.5,4.424731731414795,0,1.1552099764347077,1.7756285667419434,1.2227272617059,20,lead,lead,Lead,
72980,intercepted,1,0,0,0,224,18,9.0,206,224.0,112.0,3.702057123184204,0,1.1152036413190445,1.1511563062667847,1.202191095113118,207,lead,lead,Lead,
72981,intercepted,1,0,0,0,183,19,9.5,164,183.0,91.5,10.238859176635742,0,1.2027428460843634,1.0195837020874023,1.3059645218029148,165,lead,lead,Lead,
72982,unsafe_intercept,0,0,1,0,56,10,5.0,46,,,2.966810464859009,0,0.9396705212111168,0.20928435027599335,1.0345414670145887,47,lead,lead,Lead,
72983,intercepted,1,0,0,0,77,9,4.5,68,77.0,38.5,10.85301399230957,0,1.2169815267341724,2.5851731300354004,1.3261887029639503,69,lead,lead,Lead,
72984,intercepted,1,0,0,0,282,10,5.0,272,282.0,141.0,7.120108127593994,0,1.1549058942185653,0.9968207478523254,1.2411306614686213,273,lead,lead,Lead,
72985,intercepted,1,0,0,0,582,11,5.5,571,582.0,291.0,6.418822288513184,0,1.1520645558781974,1.3533861637115479,1.2466726479584265,572,lead,lead,Lead,
72986,intercepted,1,0,0,0,115,29,14.5,86,115.0,57.5,3.6709723472595215,0,1.0658978014841847,0.521827220916748,1.1766043914595243,87,lead,lead,Lead,
72987,intercepted,1,0,0,0,437,116,58.0,321,437.0,218.5,11.843912124633789,0,1.1006447086052864,1.6256948709487915,1.1837639071225354,322,lead,lead,Lead,
72988,intercepted,1,0,0,0,230,11,5.5,219,230.0,115.0,6.083556652069092,0,1.1478989052501591,1.698215126991272,1.2406482970940083,220,lead,lead,Lead,
72989,intercepted,1,0,0,0,208,15,7.5,193,208.0,104.0,7.318252086639404,0,1.1725862003171568,0.7298438549041748,1.273620254497889,194,lead,lead,Lead,
72990,soldier_caught,0,1,0,0,11,8,4.0,3,,,1.8375033140182495,0,0.878595620393753,0.7951606512069702,0.8805923882347099,4,lead,lead,Lead,
72991,intercepted,1,0,0,0,134,12,6.0,122,134.0,67.0,14.012792587280273,0,1.1178322005562666,0.7736368179321289,1.2009367657766867,123,lead,lead,Lead,
72992,intercepted,1,0,0,0,75,11,5.5,64,75.0,37.5,3.267488479614258,0,1.0931286522975334,1.4742408990859985,1.1777187197364276,65,lead,lead,Lead,
72993,intercepted,1,0,0,0,228,66,33.0,162,228.0,114.0,3.3108971118927,0,1.0724606950041706,1.1620535850524902,1.1708411577746511,163,lead,lead,Lead,
72994,intercepted,1,0,0,0,518,10,5.0,508,518.0,259.0,2.5186164379119873,0,1.1139627842338709,2.083117961883545,1.2131374439118552,509,lead,lead,Lead,
72995,intercepted,1,0,0,0,164,13,6.5,151,164.0,82.0,9.56578540802002,0,1.1378022467619495,1.208020567893982,1.2240028474539988,152,lead,lead,Lead,
72996,intercepted,1,0,0,0,54,9,4.5,45,54.0,27.0,2.725419759750366,0,1.0442372774300368,1.7612969875335693,1.1471828576834278,46,lead,lead,Lead,
72997,intercepted,1,0,0,0,79,9,4.5,70,79.0,39.5,5.5955586433410645,0,1.0423326489161437,0.8823826313018799,1.1393847804036232,71,lead,lead,Lead,
72998,soldier_caught,0,1,0,0,452,11,5.5,441,,,1.504132628440857,0,1.1100933564262152,1.3393359184265137,1.209567342305291,442,lead,lead,Lead,
72999,soldier_caught,0,1,0,0,114,9,4.5,105,,,1.3829017877578735,0,1.175351879506741,0.6784459948539734,1.2463424081398375,106,lead,lead,Lead,
73000,intercepted,1,0,0,0,36,10,5.0,26,36.0,18.0,2.7938990592956543,0,1.0704662788797308,1.0011751651763916,1.146432251292584,27,lead,lead,Lead,
73001,unsafe_intercept,0,0,1,0,162,10,5.0,152,,,2.530238151550293,0,1.0857206259677612,0.7811464071273804,1.1759998133594602,153,lead,lead,Lead,
73002,intercepted,1,0,0,0,167,13,6.5,154,167.0,83.5,7.822524547576904,0,1.0896473915346208,1.3569872379302979,1.2024824325494854,155,lead,lead,Lead,
73003,intercepted,1,0,0,0,110,10,5.0,100,110.0,55.0,5.504761695861816,0,1.108882036244515,1.3254611492156982,1.21175386709293,101,lead,lead,Lead,
73004,soldier_caught,0,1,0,0,53,8,4.0,45,,,1.3700052499771118,0,1.1992907569460247,0.8173423409461975,1.2889523743993216,46,lead,lead,Lead,
73005,intercepted,1,0,0,0,88,8,4.0,80,88.0,44.0,7.346652984619141,0,1.1967621874294163,0.8796917200088501,1.2845327920252387,81,lead,lead,Lead,
73006,intercepted,1,0,0,0,183,10,5.0,173,183.0,91.5,2.0167481899261475,0,1.1037790478988625,1.154718041419983,1.1870919373322009,174,lead,lead,Lead,
73007,intercepted,1,0,0,0,127,10,5.0,117,127.0,63.5,10.032353401184082,0,1.1057120716925395,0.4334351122379303,1.2216461780177486,118,lead,lead,Lead,
73008,intercepted,1,0,0,0,459,9,4.5,450,459.0,229.5,2.480288505554199,0,1.0767114710252723,0.5458042025566101,1.1781642445021863,451,lead,lead,Lead,
73009,intercepted,1,0,0,0,75,13,6.5,62,75.0,37.5,7.653007507324219,0,1.1930071508127547,1.166304111480713,1.2894532717245224,63,lead,lead,Lead,
73010,soldier_caught,0,1,0,0,404,14,7.0,390,,,1.4662225246429443,0,1.0806427498531463,0.9773989319801331,1.1723285219006911,391,lead,lead,Lead,
73011,soldier_caught,0,1,0,0,106,12,6.0,94,,,1.3360248804092407,0,1.089658733731822,1.4436345100402832,1.1854803907365883,95,lead,lead,Lead,
73012,intercepted,1,0,0,0,97,10,5.0,87,97.0,48.5,5.424753665924072,0,1.1153468167917295,0.9056124091148376,1.1934096073951173,88,lead,lead,Lead,
73013,intercepted,1,0,0,0,75,8,4.0,67,75.0,37.5,4.556511878967285,0,1.107290537918315,0.4103582799434662,1.190074418235837,68,lead,lead,Lead,
73014,intercepted,1,0,0,0,557,12,6.0,545,557.0,278.5,2.7330873012542725,0,1.0979659759572573,0.7134402394294739,1.1954018617163416,546,lead,lead,Lead,
73015,intercepted,1,0,0,0,483,11,5.5,472,483.0,241.5,12.308995246887207,0,1.1459317552929953,0.2439245581626892,1.232137314588194,473,lead,lead,Lead,
73016,soldier_caught,0,1,0,0,87,57,28.5,30,,,0.941241443157196,0,1.0718819191378932,1.306710124015808,1.1847362899714884,31,lead,lead,Lead,
73017,intercepted,1,0,0,0,136,13,6.5,123,136.0,68.0,4.1018242835998535,0,1.116112814555245,1.8273358345031738,1.2249415541600386,124,lead,lead,Lead,
73018,intercepted,1,0,0,0,51,21,10.5,30,51.0,25.5,10.118535041809082,0,1.2422522094941908,1.4639427661895752,1.3545762916136443,31,lead,lead,Lead,
73019,intercepted,1,0,0,0,244,9,4.5,235,244.0,122.0,4.464666366577148,0,1.1366780084889319,1.266114592552185,1.220615064527925,236,lead,lead,Lead,
73020,intercepted,1,0,0,0,241,12,6.0,229,241.0,120.5,7.597866058349609,0,1.2028167820495108,0.96729975938797,1.290300337125903,230,lead,lead,Lead,
73021,intercepted,1,0,0,0,98,10,5.0,88,98.0,49.0,6.597194671630859,0,1.137163273069296,1.8107597827911377,1.2187721639510494,89,lead,lead,Lead,
73022,intercepted,1,0,0,0,40,8,4.0,32,40.0,20.0,2.2806055545806885,0,1.1007653682520895,1.7121329307556152,1.1661423413379817,33,lead,lead,Lead,
73023,intercepted,1,0,0,0,515,9,4.5,506,515.0,257.5,7.679644584655762,0,1.1060380244102233,0.8918607831001282,1.1977096273064982,507,lead,lead,Lead,
73024,intercepted,1,0,0,0,101,26,13.0,75,101.0,50.5,6.171345233917236,0,1.0639458294761808,1.1460462808609009,1.1657057106662754,76,lead,lead,Lead,
73025,intercepted,1,0,0,0,43,15,7.5,28,43.0,21.5,11.873998641967773,0,1.1614858898623237,2.0551934242248535,1.2781176925635245,29,lead,lead,Lead,
73026,soldier_caught,0,1,0,0,229,80,40.0,149,,,1.4209601879119873,0,1.1270500039060911,1.9222705364227295,1.230053423625386,150,lead,lead,Lead,
73027,soldier_caught,0,1,0,0,39,11,5.5,28,,,1.1923260688781738,0,1.1592356680796063,0.3535640239715576,1.3036921821171146,29,lead,lead,Lead,
73028,intercepted,1,0,0,0,119,20,10.0,99,119.0,59.5,9.54979133605957,0,1.1710075087845326,1.22574782371521,1.2621341100238013,100,lead,lead,Lead,
73029,intercepted,1,0,0,0,75,55,27.5,20,75.0,37.5,14.057695388793945,0,1.1165581402324496,0.5670836567878723,1.1988945306329906,21,lead,lead,Lead,
73030,intercepted,1,0,0,0,275,11,5.5,264,275.0,137.5,2.7575175762176514,0,1.134692002861005,2.0584781169891357,1.2389703967279326,265,lead,lead,Lead,
73031,intercepted,1,0,0,0,85,56,28.0,29,85.0,42.5,11.4937105178833,0,1.1978662232557933,1.5167781114578247,1.2700792904256353,30,lead,lead,Lead,
73032,intercepted,1,0,0,0,27,10,5.0,17,27.0,13.5,5.289886951446533,0,1.2729340957270727,0.7954612374305725,1.349723321835276,18,lead,lead,Lead,
73033,intercepted,1,0,0,0,806,7,3.5,799,806.0,403.0,3.178378105163574,0,1.16057554256171,1.1677707433700562,1.2543973814420444,800,lead,lead,Lead,
73034,intercepted,1,0,0,0,157,14,7.0,143,157.0,78.5,3.549034833908081,0,1.137667463057571,0.5844773054122925,1.2209736859232918,144,lead,lead,Lead,
73035,intercepted,1,0,0,0,42,17,8.5,25,42.0,21.0,9.420928955078125,0,0.9188734069466591,0.4891514182090759,1.0438267425410828,26,lead,lead,Lead,
73036,intercepted,1,0,0,0,707,14,7.0,693,707.0,353.5,2.2122535705566406,0,1.1247195856114285,0.6643641591072083,1.2191720969955502,694,lead,lead,Lead,
73037,intercepted,1,0,0,0,180,10,5.0,170,180.0,90.0,4.096517562866211,0,1.0982207174015324,1.1429656744003296,1.1862027981370573,171,lead,lead,Lead,
73038,intercepted,1,0,0,0,527,10,5.0,517,527.0,263.5,4.6875386238098145,0,1.1079117164562338,0.721915066242218,1.2023446042956134,518,lead,lead,Lead,
73039,soldier_caught,0,1,0,0,199,32,16.0,167,,,1.5849047899246216,0,1.1366286289301657,1.0475045442581177,1.2290172140660232,168,lead,lead,Lead,
73040,intercepted,1,0,0,0,45,22,11.0,23,45.0,22.5,2.2273759841918945,0,1.0810821515818436,0.4007912278175354,1.2161656286295797,24,lead,lead,Lead,
73041,intercepted,1,0,0,0,116,19,9.5,97,116.0,58.0,12.128718376159668,0,1.197274921499953,1.9664437770843506,1.2963181955119187,98,lead,lead,Lead,
73042,intercepted,1,0,0,0,289,13,6.5,276,289.0,144.5,2.7121071815490723,0,1.1024797743031693,1.7241722345352173,1.2089537442555027,277,lead,lead,Lead,
73043,intercepted,1,0,0,0,148,12,6.0,136,148.0,74.0,2.066758871078491,0,1.0826863432235092,0.5690674185752869,1.1849666413623805,137,lead,lead,Lead,
73044,soldier_caught,0,1,0,0,62,9,4.5,53,,,1.907199740409851,0,1.1690103704178776,1.660048246383667,1.2675313224336808,54,lead,lead,Lead,
73045,intercepted,1,0,0,0,471,10,5.0,461,471.0,235.5,3.558732748031616,0,1.0890934425063463,0.756214439868927,1.1832997044521896,462,lead,lead,Lead,
73046,intercepted,1,0,0,0,104,11,5.5,93,104.0,52.0,8.017325401306152,0,1.1689580904042467,0.8758010864257812,1.271750395765287,94,lead,lead,Lead,
73047,intercepted,1,0,0,0,25,10,5.0,15,25.0,12.5,8.669042587280273,0,1.238070521503687,1.5049278736114502,1.3254075834809798,16,lead,lead,Lead,
73048,soldier_caught,0,1,0,0,12,9,4.5,3,,,1.2378548383712769,0,1.522806078195572,2.343142509460449,1.6185316113760326,4,lead,lead,Lead,
73049,intercepted,1,0,0,0,65,8,4.0,57,65.0,32.5,8.388993263244629,0,1.0790712427476357,1.3776379823684692,1.1580763801155214,58,lead,lead,Lead,
73050,intercepted,1,0,0,0,61,14,7.0,47,61.0,30.5,7.703991889953613,0,1.0708962461600702,1.3554672002792358,1.1788968252724972,48,lead,lead,Lead,
73051,intercepted,1,0,0,0,18,16,8.0,2,18.0,9.0,7.154570579528809,0,1.42206605275472,1.6812613010406494,1.4422100123096093,3,lead,lead,Lead,
73052,intercepted,1,0,0,0,106,9,4.5,97,106.0,53.0,2.0674192905426025,0,1.1089069510296898,1.016657829284668,1.2164471050226522,98,lead,lead,Lead,
73053,intercepted,1,0,0,0,98,13,6.5,85,98.0,49.0,5.263855934143066,0,1.10529276745957,1.0646332502365112,1.1900868471797157,86,lead,lead,Lead,
73054,soldier_caught,0,1,0,0,88,9,4.5,79,,,1.9401509761810303,0,1.0768694462254644,1.837981939315796,1.1757333535478505,80,lead,lead,Lead,
73055,intercepted,1,0,0,0,289,9,4.5,280,289.0,144.5,3.323190212249756,0,1.1164955892914978,0.9755758047103882,1.2155334665137962,281,lead,lead,Lead,
73056,intercepted,1,0,0,0,73,42,21.0,31,73.0,36.5,8.257780075073242,0,0.9134899778291583,1.11367928981781,0.9910902310075488,32,lead,lead,Lead,
73057,intercepted,1,0,0,0,66,10,5.0,56,66.0,33.0,6.4899582862854,0,1.1280917554048069,1.1617454290390015,1.2166298700670695,57,lead,lead,Lead,
73058,intercepted,1,0,0,0,649,14,7.0,635,649.0,324.5,6.4515767097473145,0,1.123825446936835,0.6259032487869263,1.2145347275136782,636,lead,lead,Lead,
73059,intercepted,1,0,0,0,282,72,36.0,210,282.0,141.0,13.752476692199707,0,1.142807525481093,0.7330681085586548,1.2373582583213345,211,lead,lead,Lead,
73060,intercepted,1,0,0,0,75,13,6.5,62,75.0,37.5,14.033799171447754,0,1.1636154982778761,2.5004851818084717,1.2665602252261263,63,lead,lead,Lead,
73061,intercepted,1,0,0,0,41,11,5.5,30,41.0,20.5,5.552365303039551,0,1.1679266691207886,0.925083339214325,1.263381995649305,31,lead,lead,Lead,
73062,intercepted,1,0,0,0,128,9,4.5,119,128.0,64.0,5.4369354248046875,0,1.074311774969101,0.7080690264701843,1.1704045959311438,120,lead,lead,Lead,
73063,intercepted,1,0,0,0,111,10,5.0,101,111.0,55.5,9.861248970031738,0,1.1801961604871003,1.043308138847351,1.256626499605871,102,lead,lead,Lead,
73064,soldier_caught,0,1,0,0,19,17,8.5,2,,,1.9400392770767212,0,1.2717933456103008,1.7212995290756226,1.3233107379985616,3,lead,lead,Lead,
73065,intercepted,1,0,0,0,44,10,5.0,34,44.0,22.0,8.100726127624512,0,1.1852111731256758,0.7620663046836853,1.2855144005194903,35,lead,lead,Lead,
73066,intercepted,1,0,0,0,165,52,26.0,113,165.0,82.5,6.222500801086426,0,1.073964078175394,0.5280703902244568,1.1706050190800494,114,lead,lead,Lead,
73067,intercepted,1,0,0,0,52,14,7.0,38,52.0,26.0,10.849163055419922,0,1.1327608777926519,1.6031317710876465,1.2161134607652002,39,lead,lead,Lead,
73068,intercepted,1,0,0,0,216,11,5.5,205,216.0,108.0,10.872007369995117,0,1.157784665491685,1.8378922939300537,1.2659242698205462,206,lead,lead,Lead,
73069,intercepted,1,0,0,0,41,32,16.0,9,41.0,20.5,12.923505783081055,0,1.0756644666194917,1.2312554121017456,1.1133921361834642,10,lead,lead,Lead,
73070,intercepted,1,0,0,0,127,9,4.5,118,127.0,63.5,6.428140163421631,0,1.088619432905141,1.194433331489563,1.1679333885039602,119,lead,lead,Lead,
73071,intercepted,1,0,0,0,131,8,4.0,123,131.0,65.5,4.402780532836914,0,1.1279892539305072,0.9453474283218384,1.2317923987198152,124,lead,lead,Lead,
73072,soldier_caught,0,1,0,0,362,10,5.0,352,,,1.9170328378677368,0,1.1254596011581233,0.6809708476066589,1.2172478163453109,353,lead,lead,Lead,
73073,intercepted,1,0,0,0,605,14,7.0,591,605.0,302.5,2.593454360961914,0,1.1582340754165843,1.3775883913040161,1.2647587825739481,592,lead,lead,Lead,
73074,intercepted,1,0,0,0,446,12,6.0,434,446.0,223.0,5.171207904815674,0,1.1003491671263486,0.7267690896987915,1.195318258037537,435,lead,lead,Lead,
73075,intercepted,1,0,0,0,223,10,5.0,213,223.0,111.5,5.753269195556641,0,1.1581605596763787,1.3423999547958374,1.244509338440473,214,lead,lead,Lead,
73076,intercepted,1,0,0,0,347,15,7.5,332,347.0,173.5,6.445312023162842,0,1.0964840773392368,0.19618576765060425,1.1918936933162685,333,lead,lead,Lead,
73077,soldier_caught,0,1,0,0,64,9,4.5,55,,,1.2419825792312622,0,1.1311321668326855,0.7726611495018005,1.235332009549252,56,lead,lead,Lead,
73078,intercepted,1,0,0,0,202,11,5.5,191,202.0,101.0,8.982481002807617,0,1.1080810436978936,0.6463722586631775,1.1969132150299804,192,lead,lead,Lead,
73079,intercepted,1,0,0,0,141,9,4.5,132,141.0,70.5,8.98520278930664,0,1.0921896915686757,1.5575413703918457,1.1967216818377782,133,lead,lead,Lead,
73080,intercepted,1,0,0,0,297,12,6.0,285,297.0,148.5,4.850213050842285,0,1.1419289689641317,1.7970324754714966,1.2436404763486084,286,lead,lead,Lead,
73081,soldier_caught,0,1,0,0,9,7,3.5,2,,,1.6641801595687866,0,1.3254228035608928,1.2478587627410889,1.3763928355098654,3,lead,lead,Lead,
73082,intercepted,1,0,0,0,95,17,8.5,78,95.0,47.5,12.133917808532715,0,1.1022401067275036,1.1861493587493896,1.2109722292409693,79,lead,lead,Lead,
73083,intercepted,1,0,0,0,203,11,5.5,192,203.0,101.5,4.881439685821533,0,1.1309858962816277,0.9400303363800049,1.2295946102079112,193,lead,lead,Lead,
73084,intercepted,1,0,0,0,106,16,8.0,90,106.0,53.0,6.002200126647949,0,1.0573870064793052,1.833412766456604,1.149194069122792,91,lead,lead,Lead,
73085,intercepted,1,0,0,0,90,31,15.5,59,90.0,45.0,4.597627639770508,0,1.0918397262692452,0.46189188957214355,1.183012828116256,60,lead,lead,Lead,
73086,intercepted,1,0,0,0,39,9,4.5,30,39.0,19.5,7.806858539581299,0,1.112234901997351,0.5765277147293091,1.1806435712688943,31,lead,lead,Lead,
73087,intercepted,1,0,0,0,88,10,5.0,78,88.0,44.0,3.581576108932495,0,1.1325633857823625,1.0916664600372314,1.2129643240268064,79,lead,lead,Lead,
73088,intercepted,1,0,0,0,84,39,19.5,45,84.0,42.0,8.162834167480469,0,1.2269222146790961,0.8064826726913452,1.3295974580716174,46,lead,lead,Lead,
73089,intercepted,1,0,0,0,30,13,6.5,17,30.0,15.0,10.019149780273438,0,0.868492098318206,0.34199997782707214,0.9215971297678709,18,lead,lead,Lead,
73090,intercepted,1,0,0,0,36,12,6.0,24,36.0,18.0,3.0870447158813477,0,1.1776600444316865,1.5285608768463135,1.2731528371091407,25,lead,lead,Lead,
73091,intercepted,1,0,0,0,50,9,4.5,41,50.0,25.0,4.477352142333984,0,1.1330980644339608,1.3656061887741089,1.2450004643203993,42,lead,lead,Lead,
73092,soldier_caught,0,1,0,0,9,7,3.5,2,,,1.5714608430862427,0,1.229913592338562,0.6961003541946411,1.2940477037167462,3,lead,lead,Lead,
73093,intercepted,1,0,0,0,222,9,4.5,213,222.0,111.0,6.661875247955322,0,1.0956070482313076,1.124285340309143,1.1943682212059339,214,lead,lead,Lead,
73094,intercepted,1,0,0,0,43,11,5.5,32,43.0,21.5,3.8074216842651367,0,1.1324346047459226,1.6816906929016113,1.2018474974360305,33,lead,lead,Lead,
73095,intercepted,1,0,0,0,310,12,6.0,298,310.0,155.0,4.71388053894043,0,1.1238632387042444,0.7437323331832886,1.223627038442917,299,lead,lead,Lead,
73096,intercepted,1,0,0,0,107,9,4.5,98,107.0,53.5,5.9632649421691895,0,1.0994728752458938,1.7861111164093018,1.2002769879024149,99,lead,lead,Lead,
73097,intercepted,1,0,0,0,40,9,4.5,31,40.0,20.0,11.76246452331543,0,1.0360312834382057,0.6941546201705933,1.0982134102103507,32,lead,lead,Lead,
73098,intercepted,1,0,0,0,203,12,6.0,191,203.0,101.5,8.956305503845215,0,1.0170870961931844,0.8534184694290161,1.1051824094790481,192,lead,lead,Lead,
73099,intercepted,1,0,0,0,12,10,5.0,2,12.0,6.0,4.386728763580322,0,1.4255136648813884,1.500925064086914,1.4345264270570741,3,lead,lead,Lead,
73100,intercepted,1,0,0,0,194,12,6.0,182,194.0,97.0,8.42149543762207,0,1.1184982014158384,1.0563892126083374,1.227190898124912,183,lead,lead,Lead,
73101,intercepted,1,0,0,0,228,8,4.0,220,228.0,114.0,2.689868927001953,0,1.0837045182132614,0.9933273792266846,1.1738384454846973,221,lead,lead,Lead,
73102,intercepted,1,0,0,0,192,9,4.5,183,192.0,96.0,6.752681255340576,0,1.1025067002553006,0.6903561353683472,1.182421249622909,184,lead,lead,Lead,
73103,intercepted,1,0,0,0,253,10,5.0,243,253.0,126.5,8.80362319946289,0,1.1673487573251373,1.1630417108535767,1.2657569193464093,244,lead,lead,Lead,
73104,intercepted,1,0,0,0,48,10,5.0,38,48.0,24.0,3.5441970825195312,0,1.2259438190704737,1.6959166526794434,1.3136536474549887,39,lead,lead,Lead,
73105,intercepted,1,0,0,0,199,149,74.5,50,199.0,99.5,10.963884353637695,0,1.1479823127681135,2.0403308868408203,1.2603453300358165,51,lead,lead,Lead,
73106,soldier_caught,0,1,0,0,181,155,77.5,26,,,1.8783069849014282,0,1.2191504074467554,0.804521381855011,1.3310513593869917,27,lead,lead,Lead,
73107,intercepted,1,0,0,0,36,10,5.0,26,36.0,18.0,11.21730899810791,0,1.2516184471271656,1.4378021955490112,1.3301669164450844,27,lead,lead,Lead,
73108,soldier_caught,0,1,0,0,9,7,3.5,2,,,0.7258338928222656,0,1.284853994846344,1.5571179389953613,1.4021377060319242,3,lead,lead,Lead,
73109,soldier_caught,0,1,0,0,67,15,7.5,52,,,1.9901121854782104,0,1.0825263014379538,2.141948938369751,1.1671605327330947,53,lead,lead,Lead,
73110,intercepted,1,0,0,0,315,13,6.5,302,315.0,157.5,2.3687009811401367,0,1.1278289347001822,1.2955448627471924,1.2290056397674647,303,lead,lead,Lead,
73111,intercepted,1,0,0,0,82,15,7.5,67,82.0,41.0,5.328020095825195,0,1.029336155666148,1.41891348361969,1.1315634183381222,68,lead,lead,Lead,
73112,intercepted,1,0,0,0,126,13,6.5,113,126.0,63.0,14.457133293151855,0,1.162112442417103,1.3497767448425293,1.2645451811326875,114,lead,lead,Lead,
73113,intercepted,1,0,0,0,441,8,4.0,433,441.0,220.5,3.905949354171753,0,1.1323226195532605,1.1642698049545288,1.228505757869315,434,lead,lead,Lead,
73114,soldier_caught,0,1,0,0,145,95,47.5,50,,,1.3082373142242432,0,1.134803964811213,1.311619520187378,1.235040449644132,51,lead,lead,Lead,
73115,intercepted,1,0,0,0,576,8,4.0,568,576.0,288.0,3.6718080043792725,0,1.1430682883923629,1.9815400838851929,1.2323743992807643,569,lead,lead,Lead,
73116,intercepted,1,0,0,0,108,8,4.0,100,108.0,54.0,9.41020679473877,0,1.122384594366102,0.9775821566581726,1.2149007847032933,101,lead,lead,Lead,
73117,intercepted,1,0,0,0,36,11,5.5,25,36.0,18.0,2.429271936416626,0,1.1389365024291551,1.0438265800476074,1.2129705571382194,26,lead,lead,Lead,
73118,intercepted,1,0,0,0,24,8,4.0,16,24.0,12.0,7.442025184631348,0,1.28076653620776,2.2792797088623047,1.3982738378522712,17,lead,lead,Lead,
73119,intercepted,1,0,0,0,49,14,7.0,35,49.0,24.5,4.051451206207275,0,1.0338916149404314,1.2140045166015625,1.1286480325708685,36,lead,lead,Lead,
73120,intercepted,1,0,0,0,142,13,6.5,129,142.0,71.0,10.7631254196167,0,1.1423005152780277,0.042883820831775665,1.268687956340541,130,lead,lead,Lead,
73121,intercepted,1,0,0,0,95,87,43.5,8,95.0,47.5,11.959506034851074,0,1.1110964152548048,1.3374969959259033,1.1578429719056678,9,lead,lead,Lead,
73122,intercepted,1,0,0,0,42,13,6.5,29,42.0,21.0,4.859436988830566,0,1.004152958591779,1.260903239250183,1.0844047204016267,30,lead,lead,Lead,
73123,intercepted,1,0,0,0,42,11,5.5,31,42.0,21.0,5.540120601654053,0,1.272465250454843,0.5732096433639526,1.4025317945604936,32,lead,lead,Lead,
73124,intercepted,1,0,0,0,25,11,5.5,14,25.0,12.5,9.934087753295898,0,1.0402620951334636,0.7618001103401184,1.1569401187135098,15,lead,lead,Lead,
73125,intercepted,1,0,0,0,275,19,9.5,256,275.0,137.5,4.765214443206787,0,1.0575822210845316,0.30108508467674255,1.1637374107258898,257,lead,lead,Lead,
73126,intercepted,1,0,0,0,160,13,6.5,147,160.0,80.0,2.141674041748047,0,1.0604826963028393,0.8099278807640076,1.1558869499389064,148,lead,lead,Lead,
73127,intercepted,1,0,0,0,106,13,6.5,93,106.0,53.0,4.341497421264648,0,1.093842697270373,0.5626944303512573,1.1992873775291766,94,lead,lead,Lead,
73128,soldier_caught,0,1,0,0,10,7,3.5,3,,,1.3634541034698486,0,1.2696705386042595,0.27081093192100525,1.465633864832887,4,lead,lead,Lead,
73129,soldier_caught,0,1,0,0,428,185,92.5,243,,,1.6893807649612427,0,1.1048858660410663,0.6439805626869202,1.183979121573342,244,lead,lead,Lead,
73130,intercepted,1,0,0,0,255,12,6.0,243,255.0,127.5,3.498702049255371,0,1.1030738290826805,0.7186673283576965,1.2068133917130872,244,lead,lead,Lead,
73131,soldier_caught,0,1,0,0,12,10,5.0,2,,,1.5032525062561035,0,0.772601380944252,0.7147886157035828,0.9257402342787205,3,lead,lead,Lead,
73132,intercepted,1,0,0,0,165,122,61.0,43,165.0,82.5,14.06997013092041,0,1.275135506283153,0.44668635725975037,1.3634758922321368,44,lead,lead,Lead,
73133,intercepted,1,0,0,0,217,8,4.0,209,217.0,108.5,2.0084540843963623,0,1.1176523017031805,1.6817398071289062,1.211393625382539,210,lead,lead,Lead,
73134,soldier_caught,0,1,0,0,269,16,8.0,253,,,1.219530701637268,0,1.1181893458399248,0.49929526448249817,1.2252150652689673,254,lead,lead,Lead,
73135,soldier_caught,0,1,0,0,41,13,6.5,28,,,1.8933212757110596,0,1.1053104267038147,1.205501914024353,1.1745017764094654,29,lead,lead,Lead,
73136,intercepted,1,0,0,0,444,57,28.5,387,444.0,222.0,3.5834481716156006,0,1.0767597417183912,0.3277401030063629,1.1711304709832282,388,lead,lead,Lead,
73137,soldier_caught,0,1,0,0,14,11,5.5,3,,,0.460843026638031,0,0.8495618999004364,0.7473504543304443,0.9122010541404768,4,lead,lead,Lead,
73138,intercepted,1,0,0,0,159,9,4.5,150,159.0,79.5,4.660308837890625,0,1.1607647814498043,1.6397521495819092,1.2675173327715041,151,lead,lead,Lead,
73139,intercepted,1,0,0,0,137,34,17.0,103,137.0,68.5,4.001932144165039,0,1.1580318897389448,1.1259537935256958,1.235932706363533,104,lead,lead,Lead,
73140,intercepted,1,0,0,0,51,10,5.0,41,51.0,25.5,10.132017135620117,0,1.0938150407302947,0.4668899476528168,1.177699377249433,42,lead,lead,Lead,
73141,intercepted,1,0,0,0,450,15,7.5,435,450.0,225.0,2.282176971435547,0,1.0774066645071048,0.7776918411254883,1.1740280835606713,436,lead,lead,Lead,
73142,intercepted,1,0,0,0,627,16,8.0,611,627.0,313.5,2.5017762184143066,0,1.1334137072652772,0.5085949897766113,1.2280180778030567,612,lead,lead,Lead,
73143,intercepted,1,0,0,0,70,10,5.0,60,70.0,35.0,5.4786057472229,0,1.1861134911658333,0.8248084187507629,1.2836014361153316,61,lead,lead,Lead,
73144,intercepted,1,0,0,0,58,10,5.0,48,58.0,29.0,2.1880009174346924,0,1.162021447809375,0.6654394268989563,1.2268679577374506,49,lead,lead,Lead,
73145,intercepted,1,0,0,0,37,9,4.5,28,37.0,18.5,7.4055609703063965,0,1.1626108761491447,0.8843870162963867,1.2511836289219787,29,lead,lead,Lead,
73146,intercepted,1,0,0,0,58,28,14.0,30,58.0,29.0,3.6380701065063477,0,1.1161806179631142,1.1783638000488281,1.2027604730705916,31,lead,lead,Lead,
73147,intercepted,1,0,0,0,50,9,4.5,41,50.0,25.0,9.217724800109863,0,1.0428169823828197,1.9327067136764526,1.1474454947360746,42,lead,lead,Lead,
73148,intercepted,1,0,0,0,581,11,5.5,570,581.0,290.5,3.809173107147217,0,1.1389424162027924,1.4588772058486938,1.2303030404698398,571,lead,lead,Lead,
73149,intercepted,1,0,0,0,36,11,5.5,25,36.0,18.0,2.446851968765259,0,1.2252535017637105,0.7638286352157593,1.3056359993923636,26,lead,lead,Lead,
73150,soldier_caught,0,1,0,0,15,12,6.0,3,,,1.687343955039978,0,0.8998674601316452,0.6025623083114624,1.0197460758572738,4,lead,lead,Lead,
73151,intercepted,1,0,0,0,40,13,6.5,27,40.0,20.0,3.440722703933716,0,1.2809608770268304,0.9076730012893677,1.379753803777731,28,lead,lead,Lead,
73152,intercepted,1,0,0,0,242,11,5.5,231,242.0,121.0,7.473860263824463,0,1.1321913544409747,0.7207018136978149,1.2265615996601338,232,lead,lead,Lead,
73153,intercepted,1,0,0,0,25,17,8.5,8,25.0,12.5,13.99011516571045,0,1.2436550888750288,1.082315444946289,1.4220887664415756,9,lead,lead,Lead,
73154,intercepted,1,0,0,0,106,29,14.5,77,106.0,53.0,9.367045402526855,0,1.130723929940126,1.0591137409210205,1.2538120101327719,78,lead,lead,Lead,
73155,intercepted,1,0,0,0,668,12,6.0,656,668.0,334.0,2.8559019565582275,0,1.1204288093716224,0.880194365978241,1.2078609774704652,657,lead,lead,Lead,
73156,intercepted,1,0,0,0,436,37,18.5,399,436.0,218.0,3.0599474906921387,0,1.1677877558767795,1.8227941989898682,1.2667691365160365,400,lead,lead,Lead,
73157,intercepted,1,0,0,0,29,13,6.5,16,29.0,14.5,10.529454231262207,0,1.3827406273168676,0.586819052696228,1.445270988421856,17,lead,lead,Lead,
73158,intercepted,1,0,0,0,127,10,5.0,117,127.0,63.5,8.19372272491455,0,1.15992503297531,1.452690601348877,1.2662047115695407,118,lead,lead,Lead,
73159,intercepted,1,0,0,0,101,13,6.5,88,101.0,50.5,7.519475936889648,0,1.1327546704351232,0.7741814851760864,1.2130407165549466,89,lead,lead,Lead,
73160,intercepted,1,0,0,0,47,12,6.0,35,47.0,23.5,5.0098724365234375,0,1.0389161039557722,0.8874381184577942,1.1348797533770507,36,lead,lead,Lead,
73161,intercepted,1,0,0,0,20,9,4.5,11,20.0,10.0,7.0109639167785645,0,1.1517772848407428,0.7108460664749146,1.2827090448593754,12,lead,lead,Lead,
73162,soldier_caught,0,1,0,0,100,8,4.0,92,,,1.485640048980713,0,1.1680605034994822,1.6746602058410645,1.264878339236991,93,lead,lead,Lead,
73163,intercepted,1,0,0,0,407,13,6.5,394,407.0,203.5,4.928515434265137,0,1.1204023729962638,1.0080881118774414,1.205580420872377,395,lead,lead,Lead,
73164,intercepted,1,0,0,0,187,12,6.0,175,187.0,93.5,4.94948673248291,0,1.0832344204695388,1.3354053497314453,1.1768589622623102,176,lead,lead,Lead,
73165,intercepted,1,0,0,0,555,14,7.0,541,555.0,277.5,6.264507293701172,0,1.1588728713263445,1.0877180099487305,1.2620953193666227,542,lead,lead,Lead,
73166,intercepted,1,0,0,0,151,8,4.0,143,151.0,75.5,3.170902729034424,0,1.1630807905975316,1.8607021570205688,1.2661648590015817,144,lead,lead,Lead,
73167,intercepted,1,0,0,0,689,20,10.0,669,689.0,344.5,5.472435474395752,0,1.1318740672362384,0.24840104579925537,1.2270445255586875,670,lead,lead,Lead,
73168,soldier_caught,0,1,0,0,40,13,6.5,27,,,1.6491140127182007,0,1.211646352229374,0.8982210159301758,1.2976966577681843,28,lead,lead,Lead,
73169,intercepted,1,0,0,0,134,11,5.5,123,134.0,67.0,4.704472064971924,0,1.1572902521058437,1.5468361377716064,1.258944400360303,124,lead,lead,Lead,
73170,intercepted,1,0,0,0,79,8,4.0,71,79.0,39.5,5.063796043395996,0,1.0769799691107538,1.9983127117156982,1.1615928028282938,72,lead,lead,Lead,
73171,intercepted,1,0,0,0,67,12,6.0,55,67.0,33.5,3.312248468399048,0,1.1797520449118954,1.761610984802246,1.3058354015742792,56,lead,lead,Lead,
73172,intercepted,1,0,0,0,85,15,7.5,70,85.0,42.5,2.224280595779419,0,1.102281949469741,1.2271159887313843,1.193622643737668,71,lead,lead,Lead,
73173,intercepted,1,0,0,0,119,14,7.0,105,119.0,59.5,12.779817581176758,0,1.1182364143852919,1.115385890007019,1.2104058857350024,106,lead,lead,Lead,
73174,intercepted,1,0,0,0,156,17,8.5,139,156.0,78.0,3.564195156097412,0,1.162392985927207,0.8829291462898254,1.2535095993287366,140,lead,lead,Lead,
73175,intercepted,1,0,0,0,183,9,4.5,174,183.0,91.5,5.654247283935547,0,1.0950991164786474,1.5665054321289062,1.1860091770810905,175,lead,lead,Lead,
73176,intercepted,1,0,0,0,183,33,16.5,150,183.0,91.5,2.7322113513946533,0,1.1517722366858791,1.6357386112213135,1.2427479943080828,151,lead,lead,Lead,
73177,intercepted,1,0,0,0,65,13,6.5,52,65.0,32.5,8.146668434143066,0,1.2026517717343457,1.5850722789764404,1.2928450947106047,53,lead,lead,Lead,
73178,soldier_caught,0,1,0,0,63,12,6.0,51,,,1.9714645147323608,0,1.1999155294436674,1.558066725730896,1.315282120344922,52,lead,lead,Lead,
73179,intercepted,1,0,0,0,50,8,4.0,42,50.0,25.0,4.680408477783203,0,1.0773387793884721,0.8417778015136719,1.1768001446541767,43,lead,lead,Lead,
73180,soldier_caught,0,1,0,0,41,17,8.5,24,,,1.1055370569229126,0,1.0774923133850098,0.5734307765960693,1.1485830041981548,25,lead,lead,Lead,
73181,intercepted,1,0,0,0,223,9,4.5,214,223.0,111.5,3.3994503021240234,0,1.1252818194239638,1.2380318641662598,1.2264815455727025,215,lead,lead,Lead,
73182,intercepted,1,0,0,0,213,12,6.0,201,213.0,106.5,4.253688812255859,0,1.173675340074714,1.069042682647705,1.266601662712443,202,lead,lead,Lead,
73183,intercepted,1,0,0,0,266,15,7.5,251,266.0,133.0,5.043882369995117,0,1.1572979954736573,1.2238540649414062,1.2541382716931606,252,lead,lead,Lead,
73184,intercepted,1,0,0,0,52,9,4.5,43,52.0,26.0,7.766915798187256,0,0.9786326336589727,0.7347867488861084,1.0590931108112807,44,lead,lead,Lead,
73185,intercepted,1,0,0,0,97,9,4.5,88,97.0,48.5,5.921722888946533,0,1.1066125840618368,0.789455235004425,1.2096374350316539,89,lead,lead,Lead,
73186,soldier_caught,0,1,0,0,55,10,5.0,45,,,1.963683009147644,0,1.0856810445370881,0.9084135890007019,1.1910738966742949,46,lead,lead,Lead,
73187,intercepted,1,0,0,0,160,10,5.0,150,160.0,80.0,6.255576133728027,0,1.1983168476464732,0.6199480891227722,1.2883965946093419,151,lead,lead,Lead,
73188,intercepted,1,0,0,0,42,18,9.0,24,42.0,21.0,8.448721885681152,0,1.0723077690601348,0.7066692113876343,1.1607020240870998,25,lead,lead,Lead,
73189,intercepted,1,0,0,0,42,16,8.0,26,42.0,21.0,8.182461738586426,0,1.111249096415661,1.0514732599258423,1.2261254897080713,27,lead,lead,Lead,
73190,intercepted,1,0,0,0,115,11,5.5,104,115.0,57.5,6.722029209136963,0,1.0874307923373723,1.2250663042068481,1.174202143256472,105,lead,lead,Lead,
73191,intercepted,1,0,0,0,9,7,3.5,2,9.0,4.5,5.0482964515686035,0,1.5059395829836528,1.1910741329193115,1.7127554644192928,3,lead,lead,Lead,
73192,intercepted,1,0,0,0,41,15,7.5,26,41.0,20.5,13.47452163696289,0,1.1523891974378515,0.9360669851303101,1.263286012214094,27,lead,lead,Lead,
73193,intercepted,1,0,0,0,661,9,4.5,652,661.0,330.5,7.544430255889893,0,1.1017308896250602,1.309496521949768,1.200161830040145,653,lead,lead,Lead,
73194,unsafe_intercept,0,0,1,0,154,12,6.0,142,,,3.1435396671295166,0,1.1654930723297012,1.4588894844055176,1.258032599302725,143,lead,lead,Lead,
73195,intercepted,1,0,0,0,466,20,10.0,446,466.0,233.0,8.616832733154297,0,1.0808235452545836,0.652956485748291,1.1776388190626585,447,lead,lead,Lead,
73196,intercepted,1,0,0,0,90,14,7.0,76,90.0,45.0,5.751773357391357,0,1.1687117985316686,1.1632280349731445,1.2497178969529015,77,lead,lead,Lead,
73197,intercepted,1,0,0,0,479,9,4.5,470,479.0,239.5,2.998805284500122,0,1.1693576831536687,1.3128970861434937,1.2654501313346291,471,lead,lead,Lead,
73198,intercepted,1,0,0,0,263,9,4.5,254,263.0,131.5,4.759761333465576,0,1.2057284472619787,1.5560328960418701,1.2982169259104492,255,lead,lead,Lead,
73199,intercepted,1,0,0,0,615,12,6.0,603,615.0,307.5,2.5172927379608154,0,1.1380865916560423,1.1787800788879395,1.2306205271217299,604,lead,lead,Lead,
73200,intercepted,1,0,0,0,42,12,6.0,30,42.0,21.0,5.76707124710083,0,1.028253766798204,2.2189078330993652,1.1329650626919654,31,lead,lead,Lead,
73201,intercepted,1,0,0,0,236,10,5.0,226,236.0,118.0,10.289294242858887,0,1.151982523139878,1.654554843902588,1.2710415897642449,227,lead,lead,Lead,
73202,intercepted,1,0,0,0,186,46,23.0,140,186.0,93.0,10.451769828796387,0,1.1198718739105455,0.769122302532196,1.2347841486006956,141,lead,lead,Lead,
73203,intercepted,1,0,0,0,47,14,7.0,33,47.0,23.5,4.967822074890137,0,1.1085069556446636,0.445659875869751,1.2180279014855684,34,lead,lead,Lead,
73204,intercepted,1,0,0,0,38,8,4.0,30,38.0,19.0,2.3780245780944824,0,1.1550077622936619,1.1785386800765991,1.2358811722851941,31,lead,lead,Lead,
73205,intercepted,1,0,0,0,197,12,6.0,185,197.0,98.5,2.856692314147949,0,1.1639508564946472,2.5789244174957275,1.2523478640560495,186,lead,lead,Lead,
73206,intercepted,1,0,0,0,283,10,5.0,273,283.0,141.5,10.993351936340332,0,1.1387173950563383,1.7516626119613647,1.2280259401068236,274,lead,lead,Lead,
73207,intercepted,1,0,0,0,250,14,7.0,236,250.0,125.0,3.686267852783203,0,1.1126128618727253,1.0498474836349487,1.1952649148527577,237,lead,lead,Lead,
73208,intercepted,1,0,0,0,21,13,6.5,8,21.0,10.5,13.226263999938965,0,0.9608753091759152,0.7978250980377197,1.0825022420662176,9,lead,lead,Lead,
73209,intercepted,1,0,0,0,376,18,9.0,358,376.0,188.0,4.372340202331543,0,1.1306414964886429,0.6369081139564514,1.2204557331459263,359,lead,lead,Lead,
73210,soldier_caught,0,1,0,0,96,42,21.0,54,,,1.1270291805267334,0,1.13895515257662,1.5450780391693115,1.2106439477523205,55,lead,lead,Lead,
73211,intercepted,1,0,0,0,230,64,32.0,166,230.0,115.0,3.303037166595459,0,1.0989320563698957,1.178408145904541,1.2000633103127174,167,lead,lead,Lead,
73212,soldier_caught,0,1,0,0,113,14,7.0,99,,,0.9439696073532104,0,1.169817126095295,0.7789295315742493,1.2491680364910405,100,lead,lead,Lead,
73213,intercepted,1,0,0,0,169,15,7.5,154,169.0,84.5,4.191970348358154,0,1.062200699602404,1.0076313018798828,1.1558960791854302,155,lead,lead,Lead,
73214,soldier_caught,0,1,0,0,35,10,5.0,25,,,0.8738741874694824,0,1.0586819041233797,0.7808948755264282,1.1725530109253532,26,lead,lead,Lead,
73215,intercepted,1,0,0,0,114,10,5.0,104,114.0,57.0,9.6037015914917,0,1.0859786971693948,1.0112742185592651,1.1765046874246925,105,lead,lead,Lead,
73216,intercepted,1,0,0,0,54,8,4.0,46,54.0,27.0,6.9862871170043945,0,1.0389361654190308,0.9292546510696411,1.1256961119206461,47,lead,lead,Lead,
73217,intercepted,1,0,0,0,127,26,13.0,101,127.0,63.5,13.510336875915527,0,1.149933057161523,1.0932679176330566,1.241048323572334,102,lead,lead,Lead,
73218,intercepted,1,0,0,0,79,11,5.5,68,79.0,39.5,10.74198055267334,0,1.0410396031279494,1.2126524448394775,1.1267732143408133,69,lead,lead,Lead,
73219,intercepted,1,0,0,0,239,10,5.0,229,239.0,119.5,4.8134565353393555,0,1.0957933004135672,0.639877200126648,1.1952304795740074,230,lead,lead,Lead,
73220,intercepted,1,0,0,0,147,9,4.5,138,147.0,73.5,5.904942989349365,0,1.1563644652529586,0.7396209239959717,1.2555893365115192,139,lead,lead,Lead,
73221,intercepted,1,0,0,0,77,10,5.0,67,77.0,38.5,5.169593334197998,0,1.1946402341127396,1.4080857038497925,1.2834016441646472,68,lead,lead,Lead,
73222,intercepted,1,0,0,0,175,9,4.5,166,175.0,87.5,2.6090502738952637,0,1.1850865063463856,1.4311789274215698,1.2900388058798338,167,lead,lead,Lead,
73223,soldier_caught,0,1,0,0,54,30,15.0,24,,,1.970616102218628,0,1.2349223470687867,1.3396060466766357,1.316992068319745,25,lead,lead,Lead,
73224,intercepted,1,0,0,0,201,14,7.0,187,201.0,100.5,8.413468360900879,0,1.1356231976855309,1.1821627616882324,1.2249033015854944,188,lead,lead,Lead,
73225,soldier_caught,0,1,0,0,99,72,36.0,27,,,1.6330626010894775,0,1.1389435189110892,1.1637755632400513,1.2171384285281321,28,lead,lead,Lead,
73226,soldier_caught,0,1,0,0,284,10,5.0,274,,,1.9997894763946533,0,1.096997007835995,1.5585687160491943,1.1997461596378738,275,lead,lead,Lead,
73227,soldier_caught,0,1,0,0,62,13,6.5,49,,,1.927158236503601,0,1.1764781579375267,0.6160173416137695,1.2780195855895171,50,lead,lead,Lead,
73228,intercepted,1,0,0,0,681,8,4.0,673,681.0,340.5,2.0018436908721924,0,1.1354303167640987,1.2621955871582031,1.2256848555461153,674,lead,lead,Lead,
73229,intercepted,1,0,0,0,249,11,5.5,238,249.0,124.5,9.770071983337402,0,1.0998705974059124,1.1430126428604126,1.1930516611564546,239,lead,lead,Lead,
73230,intercepted,1,0,0,0,19,17,8.5,2,19.0,9.5,6.780202865600586,0,1.434867024421692,1.3663803339004517,1.436177438052027,3,lead,lead,Lead,
73231,intercepted,1,0,0,0,80,18,9.0,62,80.0,40.0,7.073888301849365,0,1.3452272003605252,0.8128976225852966,1.4376821580110668,63,lead,lead,Lead,
73232,intercepted,1,0,0,0,151,50,25.0,101,151.0,75.5,11.036174774169922,0,1.1226118220125927,1.2202602624893188,1.2207636842745098,102,lead,lead,Lead,
73233,intercepted,1,0,0,0,12,10,5.0,2,12.0,6.0,5.362798690795898,0,1.2173161307970684,1.553179144859314,1.2440463466021168,3,lead,lead,Lead,
73234,intercepted,1,0,0,0,17,8,4.0,9,17.0,8.5,7.641794204711914,0,1.0324734628200531,0.6659172177314758,1.0716874821932325,10,lead,lead,Lead,
73235,intercepted,1,0,0,0,213,9,4.5,204,213.0,106.5,9.736666679382324,0,1.1580561775259854,1.034977674484253,1.2462645255868967,205,lead,lead,Lead,
73236,intercepted,1,0,0,0,15,13,6.5,2,15.0,7.5,5.031403541564941,0,1.1142443815867107,1.31654691696167,1.1240187723241097,3,lead,lead,Lead,
73237,soldier_caught,0,1,0,0,88,10,5.0,78,,,1.8482929468154907,0,1.0877092937125434,0.5388308763504028,1.1809217043687186,79,lead,lead,Lead,
73238,intercepted,1,0,0,0,33,9,4.5,24,33.0,16.5,4.592071056365967,0,1.1073893892765045,1.5061405897140503,1.234347579062166,25,lead,lead,Lead,
73239,intercepted,1,0,0,0,131,18,9.0,113,131.0,65.5,5.830061912536621,0,1.1000652372052795,0.6580988168716431,1.181380690888068,114,lead,lead,Lead,
73240,intercepted,1,0,0,0,63,8,4.0,55,63.0,31.5,8.16273021697998,0,1.0871924364141055,0.9731023907661438,1.2279965442954746,56,lead,lead,Lead,
73241,soldier_caught,0,1,0,0,76,27,13.5,49,,,1.3218168020248413,0,1.1571809458732605,0.7519466280937195,1.2369012125362369,50,lead,lead,Lead,
73242,intercepted,1,0,0,0,46,17,8.5,29,46.0,23.0,5.099977493286133,0,0.97929268181324,0.4002652168273926,1.0625675040862543,30,lead,lead,Lead,
73243,intercepted,1,0,0,0,214,28,14.0,186,214.0,107.0,8.306855201721191,0,1.1105646131669773,1.698587417602539,1.2011898653221202,187,lead,lead,Lead,
73244,intercepted,1,0,0,0,119,8,4.0,111,119.0,59.5,9.632665634155273,0,1.099875323208315,0.8124697208404541,1.2028745400534815,112,lead,lead,Lead,
73245,intercepted,1,0,0,0,78,25,12.5,53,78.0,39.0,7.295279502868652,0,1.002141794120824,0.759053111076355,1.0645527367673207,54,lead,lead,Lead,
73246,intercepted,1,0,0,0,58,9,4.5,49,58.0,29.0,4.2899169921875,0,1.1311817610263823,0.9960485100746155,1.232977917091999,50,lead,lead,Lead,
73247,intercepted,1,0,0,0,95,17,8.5,78,95.0,47.5,4.999884605407715,0,1.118856549876023,1.5253769159317017,1.219496735457255,79,lead,lead,Lead,
73248,soldier_caught,0,1,0,0,57,8,4.0,49,,,1.2528797388076782,0,1.057463257908821,1.0683300495147705,1.1450597362768806,50,lead,lead,Lead,
73249,intercepted,1,0,0,0,35,10,5.0,25,35.0,17.5,9.27053165435791,0,1.15423834667756,0.9497515559196472,1.288986726893963,26,lead,lead,Lead,
73250,intercepted,1,0,0,0,141,14,7.0,127,141.0,70.5,2.5089633464813232,0,1.0750702406512573,2.157914400100708,1.1932749489153451,128,lead,lead,Lead,
73251,intercepted,1,0,0,0,113,14,7.0,99,113.0,56.5,6.044964790344238,0,1.2204886240512132,1.1511095762252808,1.318401773132382,100,lead,lead,Lead,
73252,intercepted,1,0,0,0,393,11,5.5,382,393.0,196.5,5.844666004180908,0,1.1218069451168062,0.7266777157783508,1.234592681420218,383,lead,lead,Lead,
73253,intercepted,1,0,0,0,48,9,4.5,39,48.0,24.0,4.59120512008667,0,0.9912985488772392,0.8429111838340759,1.060926644205899,40,lead,lead,Lead,
73254,intercepted,1,0,0,0,51,8,4.0,43,51.0,25.5,6.468526840209961,0,1.1394862803545864,0.9488730430603027,1.224612672811415,44,lead,lead,Lead,
73255,intercepted,1,0,0,0,141,82,41.0,59,141.0,70.5,8.694525718688965,0,1.221341317395369,0.6091539859771729,1.319806214778998,60,lead,lead,Lead,
73256,intercepted,1,0,0,0,14,12,6.0,2,14.0,7.0,4.200372695922852,0,0.7668389479319254,0.6669028997421265,0.9197819316046452,3,lead,lead,Lead,
73257,intercepted,1,0,0,0,220,11,5.5,209,220.0,110.0,8.790459632873535,0,1.102841379599912,1.0099916458129883,1.2145506913742015,210,lead,lead,Lead,
73258,intercepted,1,0,0,0,138,42,21.0,96,138.0,69.0,10.395519256591797,0,1.1174784288885666,1.0765141248703003,1.2565914250360197,97,lead,lead,Lead,
73259,intercepted,1,0,0,0,295,18,9.0,277,295.0,147.5,2.5273914337158203,0,1.1150323574116332,1.062280297279358,1.2073470663350871,278,lead,lead,Lead,
73260,intercepted,1,0,0,0,151,7,3.5,144,151.0,75.5,5.445462226867676,0,1.1572845480565368,1.0424423217773438,1.2571578408992958,145,lead,lead,Lead,
73261,intercepted,1,0,0,0,177,42,21.0,135,177.0,88.5,2.6479811668395996,0,1.1642881084014387,1.8697110414505005,1.2650031281313432,136,lead,lead,Lead,
73262,intercepted,1,0,0,0,208,12,6.0,196,208.0,104.0,3.0609116554260254,0,1.1231097313504534,0.6741677522659302,1.2188335155372632,197,lead,lead,Lead,
73263,intercepted,1,0,0,0,466,11,5.5,455,466.0,233.0,4.833406925201416,0,1.1099167111280717,0.8647124171257019,1.2061305550590002,456,lead,lead,Lead,
73264,intercepted,1,0,0,0,70,16,8.0,54,70.0,35.0,9.659587860107422,0,1.0039227652278813,0.6545202732086182,1.115671100418526,55,lead,lead,Lead,
73265,unsafe_intercept,0,0,1,0,571,9,4.5,562,,,2.9918203353881836,0,1.1307249171642808,0.9704934358596802,1.2256918558766192,563,lead,lead,Lead,
73266,intercepted,1,0,0,0,74,22,11.0,52,74.0,37.0,13.191636085510254,0,1.1633763571955122,0.9290676116943359,1.272138200391402,53,lead,lead,Lead,
73267,intercepted,1,0,0,0,67,41,20.5,26,67.0,33.5,12.679476737976074,0,1.2270473970307245,1.4072545766830444,1.3166678674598085,27,lead,lead,Lead,
73268,intercepted,1,0,0,0,86,10,5.0,76,86.0,43.0,10.550365447998047,0,1.2187284022182614,0.3514430820941925,1.3024373644631007,77,lead,lead,Lead,
73269,intercepted,1,0,0,0,238,12,6.0,226,238.0,119.0,5.569576263427734,0,1.1326468936803582,0.8600791692733765,1.2270458728626559,227,lead,lead,Lead,
73270,intercepted,1,0,0,0,126,11,5.5,115,126.0,63.0,5.301755428314209,0,1.146289780992886,0.9370934963226318,1.25124653424405,116,lead,lead,Lead,
73271,intercepted,1,0,0,0,289,10,5.0,279,289.0,144.5,4.0853776931762695,0,1.1534025400877,0.9386848211288452,1.2523394830884926,280,lead,lead,Lead,
73272,intercepted,1,0,0,0,172,28,14.0,144,172.0,86.0,3.822903871536255,0,1.0984817181167932,0.8147462010383606,1.1745515326917335,145,lead,lead,Lead,
73273,intercepted,1,0,0,0,31,19,9.5,12,31.0,15.5,12.695333480834961,0,1.152323135962853,1.3747197389602661,1.208568357882239,13,lead,lead,Lead,
73274,intercepted,1,0,0,0,577,38,19.0,539,577.0,288.5,6.199503421783447,0,1.1237291674647065,0.9868124723434448,1.2168399105640935,540,lead,lead,Lead,
73275,intercepted,1,0,0,0,190,106,53.0,84,190.0,95.0,7.878594398498535,0,1.1332471216426176,0.7969695925712585,1.2010409981176322,85,lead,lead,Lead,
73276,intercepted,1,0,0,0,240,20,10.0,220,240.0,120.0,2.1649010181427,0,1.1495768427174555,1.1417443752288818,1.2544755660369882,221,lead,lead,Lead,
73277,intercepted,1,0,0,0,14,13,6.5,1,14.0,7.0,4.462164878845215,0,1.4575035572052002,1.240986943244934,1.4734979007065572,2,lead,lead,Lead,
73278,intercepted,1,0,0,0,15,13,6.5,2,15.0,7.5,7.953093528747559,0,0.7681163450082144,0.8725494146347046,0.8064002209603781,3,lead,lead,Lead,
73279,soldier_caught,0,1,0,0,39,10,5.0,29,,,1.3518478870391846,0,1.130842958887418,2.5931527614593506,1.2392897298491907,30,lead,lead,Lead,
73280,soldier_caught,0,1,0,0,225,83,41.5,142,,,0.9749643802642822,0,1.1748900259291375,0.402042955160141,1.24885461621934,143,lead,lead,Lead,
73281,soldier_caught,0,1,0,0,58,11,5.5,47,,,1.771201729774475,0,1.1684260883678992,1.7163457870483398,1.2459532701745435,48,lead,lead,Lead,
73282,intercepted,1,0,0,0,235,11,5.5,224,235.0,117.5,6.815527439117432,0,1.0797995924287371,0.7337367534637451,1.1754889837529954,225,lead,lead,Lead,
73283,intercepted,1,0,0,0,359,13,6.5,346,359.0,179.5,8.357983589172363,0,1.121206292029073,1.7377961874008179,1.223908798333194,347,lead,lead,Lead,
73284,intercepted,1,0,0,0,79,20,10.0,59,79.0,39.5,12.109314918518066,0,1.03802620023489,0.8488872647285461,1.1545885460766108,60,lead,lead,Lead,
73285,intercepted,1,0,0,0,87,10,5.0,77,87.0,43.5,2.4310061931610107,0,1.1552771308865302,0.5811735987663269,1.2557678735296272,78,lead,lead,Lead,
73286,intercepted,1,0,0,0,369,11,5.5,358,369.0,184.5,9.004581451416016,0,1.0996054640055366,0.6758302450180054,1.2051496485670634,359,lead,lead,Lead,
73287,intercepted,1,0,0,0,111,9,4.5,102,111.0,55.5,7.466649532318115,0,1.138639565665745,1.2683414220809937,1.2450627583517004,103,lead,lead,Lead,
73288,intercepted,1,0,0,0,75,9,4.5,66,75.0,37.5,11.5608491897583,0,1.1205024147656426,1.2138397693634033,1.2353264441022598,67,lead,lead,Lead,
73289,intercepted,1,0,0,0,42,11,5.5,31,42.0,21.0,5.737525463104248,0,1.068608227185905,0.8437292575836182,1.1646445966673138,32,lead,lead,Lead,
73290,intercepted,1,0,0,0,281,11,5.5,270,281.0,140.5,4.350204944610596,0,1.1106117371593454,0.810361921787262,1.1992236777418253,271,lead,lead,Lead,
73291,soldier_caught,0,1,0,0,85,14,7.0,71,,,0.9995844960212708,0,1.1939533183144198,2.096709728240967,1.2998200395550688,72,lead,lead,Lead,
73292,intercepted,1,0,0,0,51,11,5.5,40,51.0,25.5,8.164108276367188,0,1.206452100742154,1.3711186647415161,1.2871250032079131,41,lead,lead,Lead,
73293,intercepted,1,0,0,0,252,42,21.0,210,252.0,126.0,6.748502731323242,0,1.16823420945502,2.469060182571411,1.26616333824374,211,lead,lead,Lead,
73294,intercepted,1,0,0,0,190,39,19.5,151,190.0,95.0,5.811136722564697,0,1.1178596149149693,1.2171200513839722,1.2065418466054711,152,lead,lead,Lead,
73295,soldier_caught,0,1,0,0,12,10,5.0,2,,,1.7999036312103271,0,1.3061177333196003,1.2766525745391846,1.3074407897181828,3,lead,lead,Lead,
73296,intercepted,1,0,0,0,301,14,7.0,287,301.0,150.5,4.477450370788574,0,1.1385810866227581,1.2655965089797974,1.240138227734571,288,lead,lead,Lead,
73297,intercepted,1,0,0,0,165,47,23.5,118,165.0,82.5,9.440491676330566,0,1.0445856211566125,1.9766113758087158,1.1295330048383407,119,lead,lead,Lead,
73298,intercepted,1,0,0,0,35,13,6.5,22,35.0,17.5,6.410423755645752,0,1.0532451440458712,0.622695803642273,1.1625136061435977,23,lead,lead,Lead,
73299,soldier_caught,0,1,0,0,197,47,23.5,150,,,1.305810570716858,0,1.117341265477092,1.3752506971359253,1.2145657864735244,151,lead,lead,Lead,
73300,soldier_caught,0,1,0,0,172,9,4.5,163,,,1.721978783607483,0,1.122805266572935,0.7944196462631226,1.2197732282258902,164,lead,lead,Lead,
73301,intercepted,1,0,0,0,75,11,5.5,64,75.0,37.5,2.8939316272735596,0,1.0171221675781104,1.6164486408233643,1.1269280526882297,65,lead,lead,Lead,
73302,intercepted,1,0,0,0,54,10,5.0,44,54.0,27.0,5.748417377471924,0,1.211573428908984,1.1683663129806519,1.3008595325147414,45,lead,lead,Lead,
73303,intercepted,1,0,0,0,83,8,4.0,75,83.0,41.5,3.7878081798553467,0,1.0885978819508302,0.9069227576255798,1.1623906112388818,76,lead,lead,Lead,
73304,intercepted,1,0,0,0,61,8,4.0,53,61.0,30.5,3.4249610900878906,0,1.1869797143671248,0.26600873470306396,1.2430603941146539,54,lead,lead,Lead,
73305,intercepted,1,0,0,0,229,11,5.5,218,229.0,114.5,6.254616737365723,0,1.1031215062968807,1.4593913555145264,1.1884971524397232,219,lead,lead,Lead,
73306,soldier_caught,0,1,0,0,662,10,5.0,652,,,1.8339320421218872,0,1.1427440358979049,0.5153587460517883,1.2481624990815685,653,lead,lead,Lead,
73307,intercepted,1,0,0,0,67,39,19.5,28,67.0,33.5,10.818448066711426,0,1.1082660347737114,1.3708860874176025,1.2331946369813658,29,lead,lead,Lead,
73308,intercepted,1,0,0,0,85,12,6.0,73,85.0,42.5,8.27488899230957,0,1.079549925351465,1.283164381980896,1.1672859947205405,74,lead,lead,Lead,
73309,intercepted,1,0,0,0,124,13,6.5,111,124.0,62.0,4.279282569885254,0,1.2207904677571995,1.3558799028396606,1.3387881725357784,112,lead,lead,Lead,
73310,intercepted,1,0,0,0,77,10,5.0,67,77.0,38.5,6.18648099899292,0,1.1672914933194132,0.7976570129394531,1.265349738682535,68,lead,lead,Lead,
73311,intercepted,1,0,0,0,242,19,9.5,223,242.0,121.0,10.068231582641602,0,1.1141130351794086,1.1255991458892822,1.213351193387504,224,lead,lead,Lead,
73312,soldier_caught,0,1,0,0,308,13,6.5,295,,,1.5519927740097046,0,1.0789300832091957,1.1921422481536865,1.1755457944464263,296,lead,lead,Lead,
73313,intercepted,1,0,0,0,726,12,6.0,714,726.0,363.0,7.580150127410889,0,1.1130705094837643,1.5505163669586182,1.2085452611169234,715,lead,lead,Lead,
73314,intercepted,1,0,0,0,48,9,4.5,39,48.0,24.0,7.148180961608887,0,1.1229700740426778,1.394481897354126,1.2162493667468686,40,lead,lead,Lead,
73315,intercepted,1,0,0,0,295,10,5.0,285,295.0,147.5,8.450724601745605,0,1.138580896168739,1.1881786584854126,1.2240662079744418,286,lead,lead,Lead,
73316,intercepted,1,0,0,0,116,9,4.5,107,116.0,58.0,8.246112823486328,0,1.116874462476483,1.5132718086242676,1.191259489983837,108,lead,lead,Lead,
73317,intercepted,1,0,0,0,143,8,4.0,135,143.0,71.5,6.4953532218933105,0,1.0972730011186178,1.1591298580169678,1.1689564263114158,136,lead,lead,Lead,
73318,intercepted,1,0,0,0,111,14,7.0,97,111.0,55.5,8.321432113647461,0,1.1843747861531315,1.2920609712600708,1.2635713930415153,98,lead,lead,Lead,
73319,intercepted,1,0,0,0,263,10,5.0,253,263.0,131.5,2.878730297088623,0,1.1092720921701333,0.9081826210021973,1.2022085487262446,254,lead,lead,Lead,
73320,intercepted,1,0,0,0,129,31,15.5,98,129.0,64.5,5.500508785247803,0,1.2404677309472152,1.1101949214935303,1.3464115393227738,99,lead,lead,Lead,
73321,intercepted,1,0,0,0,238,9,4.5,229,238.0,119.0,2.466336727142334,0,1.171648140316424,1.499253511428833,1.2586774037329054,230,lead,lead,Lead,
73322,intercepted,1,0,0,0,410,23,11.5,387,410.0,205.0,9.37445068359375,0,1.1398217652338682,1.1128963232040405,1.250169903324624,388,lead,lead,Lead,
73323,intercepted,1,0,0,0,63,11,5.5,52,63.0,31.5,11.934464454650879,0,1.0587255476780657,0.7273425459861755,1.1371837152378401,53,lead,lead,Lead,
73324,intercepted,1,0,0,0,147,10,5.0,137,147.0,73.5,2.5548696517944336,0,1.1014791214163753,0.9403306245803833,1.203653745684575,138,lead,lead,Lead,
73325,intercepted,1,0,0,0,80,11,5.5,69,80.0,40.0,4.836126327514648,0,1.0954686120152473,0.5717164874076843,1.1800223500202176,70,lead,lead,Lead,
73326,intercepted,1,0,0,0,15,13,6.5,2,15.0,7.5,4.828622341156006,0,0.8941455682118734,0.9221400618553162,0.9645489442024102,3,lead,lead,Lead,
73327,intercepted,1,0,0,0,498,10,5.0,488,498.0,249.0,2.250563383102417,0,1.1300386356186038,1.351855993270874,1.2120665629441005,489,lead,lead,Lead,
73328,intercepted,1,0,0,0,310,14,7.0,296,310.0,155.0,3.6630821228027344,0,1.165671012016258,0.7574629187583923,1.2660774926427745,297,lead,lead,Lead,
73329,intercepted,1,0,0,0,174,38,19.0,136,174.0,87.0,10.065143585205078,0,1.1387046094793474,0.93848717212677,1.2220906700184402,137,lead,lead,Lead,
73330,intercepted,1,0,0,0,107,11,5.5,96,107.0,53.5,6.826218128204346,0,1.1327114904049747,1.75809907913208,1.2140873795114067,97,lead,lead,Lead,
73331,intercepted,1,0,0,0,63,10,5.0,53,63.0,31.5,5.395750999450684,0,1.0526582507623568,1.2398054599761963,1.16963277892112,54,lead,lead,Lead,
73332,intercepted,1,0,0,0,36,11,5.5,25,36.0,18.0,4.2993645668029785,0,0.9248969314190058,0.40514153242111206,1.0363833144460664,26,lead,lead,Lead,
73333,intercepted,1,0,0,0,480,13,6.5,467,480.0,240.0,2.886772871017456,0,1.1101559882617404,0.985275387763977,1.2096732682328288,468,lead,lead,Lead,
73334,intercepted,1,0,0,0,304,11,5.5,293,304.0,152.0,7.66347599029541,0,1.1428622121409493,1.5816543102264404,1.2369032110553115,294,lead,lead,Lead,
73335,intercepted,1,0,0,0,66,33,16.5,33,66.0,33.0,9.284951210021973,0,1.067516248454066,1.1494783163070679,1.1701150968392449,34,lead,lead,Lead,
73336,intercepted,1,0,0,0,80,37,18.5,43,80.0,40.0,10.47513198852539,0,1.1554578544402665,1.0776323080062866,1.2531670750938622,44,lead,lead,Lead,
73337,intercepted,1,0,0,0,65,13,6.5,52,65.0,32.5,4.545226097106934,0,1.1517367034025912,0.7435559034347534,1.239175682378857,53,lead,lead,Lead,
73338,intercepted,1,0,0,0,122,10,5.0,112,122.0,61.0,3.2058684825897217,0,1.168307203766519,1.465031385421753,1.2540565973318611,113,lead,lead,Lead,
73339,intercepted,1,0,0,0,407,10,5.0,397,407.0,203.5,5.2425007820129395,0,1.078169379177405,0.7872028350830078,1.1697213667856627,398,lead,lead,Lead,
73340,intercepted,1,0,0,0,57,9,4.5,48,57.0,28.5,7.770689487457275,0,1.051671489160888,0.6291264891624451,1.148081782173797,49,lead,lead,Lead,
73341,soldier_caught,0,1,0,0,360,20,10.0,340,,,1.985280990600586,0,1.1427305130577508,1.1038944721221924,1.2399411836685497,341,lead,lead,Lead,
73342,soldier_caught,0,1,0,0,83,18,9.0,65,,,1.023801565170288,0,1.1900456362601481,0.9918601512908936,1.2858317050698906,66,lead,lead,Lead,
73343,soldier_caught,0,1,0,0,62,8,4.0,54,,,0.9358336925506592,0,1.1412081604654138,1.391204595565796,1.2447786465410002,55,lead,lead,Lead,
73344,unsafe_intercept,0,0,1,0,14,12,6.0,2,,,3.0234992504119873,0,1.2464750011761982,0.9363177418708801,1.2986051170314312,3,lead,lead,Lead,
73345,intercepted,1,0,0,0,409,14,7.0,395,409.0,204.5,10.4464750289917,0,1.088187820494476,2.7700917720794678,1.18725208240059,396,lead,lead,Lead,
73346,intercepted,1,0,0,0,220,12,6.0,208,220.0,110.0,4.650277614593506,0,1.1270647997918881,0.7742262482643127,1.2618803616584293,209,lead,lead,Lead,
73347,soldier_caught,0,1,0,0,10,7,3.5,3,,,1.491237998008728,0,1.1529543846845627,2.608487606048584,1.4484190940724864,4,lead,lead,Lead,
73348,intercepted,1,0,0,0,45,15,7.5,30,45.0,22.5,7.638255596160889,0,1.1267572934589078,1.2399674654006958,1.2205804792318142,31,lead,lead,Lead,
73349,intercepted,1,0,0,0,228,8,4.0,220,228.0,114.0,8.086359977722168,0,1.1303120987380253,1.8451310396194458,1.2172890035951176,221,lead,lead,Lead,
73350,intercepted,1,0,0,0,244,21,10.5,223,244.0,122.0,2.3257362842559814,0,1.073783158524228,1.5382287502288818,1.180814824926354,224,lead,lead,Lead,
73351,intercepted,1,0,0,0,113,11,5.5,102,113.0,56.5,2.854618549346924,0,1.1057423224437584,1.0750118494033813,1.2104387598148005,103,lead,lead,Lead,
73352,soldier_caught,0,1,0,0,15,13,6.5,2,,,0.7131550312042236,0,1.1965147852897644,1.7575441598892212,1.261521955459267,3,lead,lead,Lead,
73353,intercepted,1,0,0,0,36,11,5.5,25,36.0,18.0,3.740192413330078,0,1.21067970761886,1.5026350021362305,1.3420557598184544,26,lead,lead,Lead,
73354,intercepted,1,0,0,0,1109,7,3.5,1102,1109.0,554.5,3.3318209648132324,0,1.13254939970085,0.501417338848114,1.2332993052361247,1103,lead,lead,Lead,
73355,soldier_caught,0,1,0,0,160,97,48.5,63,,,1.8735852241516113,0,1.0840999592328444,0.4007289409637451,1.1659013217674312,64,lead,lead,Lead,
73356,intercepted,1,0,0,0,164,12,6.0,152,164.0,82.0,8.146048545837402,0,1.1115764250942306,1.1685951948165894,1.2091974079975396,153,lead,lead,Lead,
73357,intercepted,1,0,0,0,183,56,28.0,127,183.0,91.5,14.722264289855957,0,1.0741300182417035,1.3533885478973389,1.1858219296410126,128,lead,lead,Lead,
73358,intercepted,1,0,0,0,25,14,7.0,11,25.0,12.5,7.443459987640381,0,1.0418072442213695,1.17875337600708,1.0557969712230517,12,lead,lead,Lead,
73359,soldier_caught,0,1,0,0,33,9,4.5,24,,,1.44896399974823,0,1.0824588805437088,1.0238524675369263,1.2275117719537387,25,lead,lead,Lead,
73360,intercepted,1,0,0,0,34,11,5.5,23,34.0,17.0,2.943467140197754,0,0.9782767898092667,0.17386698722839355,1.1232020892156593,24,lead,lead,Lead,
73361,intercepted,1,0,0,0,69,11,5.5,58,69.0,34.5,4.708340167999268,0,1.1924069910231283,1.2792694568634033,1.2853429769429803,59,lead,lead,Lead,
73362,soldier_caught,0,1,0,0,714,9,4.5,705,,,1.383973479270935,0,1.1252955282713806,1.1553175449371338,1.2154716941611905,706,lead,lead,Lead,
73363,soldier_caught,0,1,0,0,557,43,21.5,514,,,1.6615961790084839,0,1.1275434393905899,1.0212512016296387,1.2189528151708924,515,lead,lead,Lead,
73364,intercepted,1,0,0,0,84,11,5.5,73,84.0,42.0,2.7014858722686768,0,1.0850401424072884,1.3144932985305786,1.1659517136382758,74,lead,lead,Lead,
73365,intercepted,1,0,0,0,260,49,24.5,211,260.0,130.0,9.397696495056152,0,1.0832605497595273,1.4039593935012817,1.1629261322623148,212,lead,lead,Lead,
73366,intercepted,1,0,0,0,337,12,6.0,325,337.0,168.5,8.22304630279541,0,1.1207532397259963,0.9143505096435547,1.223935296901397,326,lead,lead,Lead,
73367,intercepted,1,0,0,0,148,10,5.0,138,148.0,74.0,2.7368433475494385,0,1.1130533531415376,1.2943694591522217,1.2038277182014732,139,lead,lead,Lead,
73368,intercepted,1,0,0,0,71,42,21.0,29,71.0,35.5,14.08327579498291,0,1.042758795619011,0.8906453847885132,1.1183298905499157,30,lead,lead,Lead,
73369,intercepted,1,0,0,0,185,16,8.0,169,185.0,92.5,7.521896839141846,0,1.130651951362105,0.4155062735080719,1.2445639390175138,170,lead,lead,Lead,
73370,intercepted,1,0,0,0,81,11,5.5,70,81.0,40.5,2.4455206394195557,0,1.1827241411091576,1.1373530626296997,1.2416515423387449,71,lead,lead,Lead,
73371,intercepted,1,0,0,0,208,134,67.0,74,208.0,104.0,5.793862342834473,0,1.1872799118359885,1.1398876905441284,1.265382424251286,75,lead,lead,Lead,
73372,intercepted,1,0,0,0,168,47,23.5,121,168.0,84.0,11.455072402954102,0,1.0514702919076702,1.6347289085388184,1.136066514077939,122,lead,lead,Lead,
73373,intercepted,1,0,0,0,89,82,41.0,7,89.0,44.5,13.428829193115234,0,1.0606603920459747,1.531903624534607,1.1225767047126307,8,lead,lead,Lead,
73374,intercepted,1,0,0,0,83,22,11.0,61,83.0,41.5,12.31490421295166,0,1.2065214120572614,0.5699702501296997,1.2858615665635287,62,lead,lead,Lead,
73375,intercepted,1,0,0,0,12,10,5.0,2,12.0,6.0,5.396677017211914,0,1.4998752673467,0.8903939723968506,1.573096310707527,3,lead,lead,Lead,
73376,intercepted,1,0,0,0,131,23,11.5,108,131.0,65.5,10.438518524169922,0,1.2024498587354608,1.5819628238677979,1.3126733379365174,109,lead,lead,Lead,
73377,intercepted,1,0,0,0,67,11,5.5,56,67.0,33.5,5.817997932434082,0,1.109899841379701,1.5030161142349243,1.19276226750647,57,lead,lead,Lead,
73378,intercepted,1,0,0,0,146,9,4.5,137,146.0,73.0,3.748133659362793,0,1.0878775054993837,1.5506283044815063,1.19739283546471,138,lead,lead,Lead,
73379,intercepted,1,0,0,0,133,10,5.0,123,133.0,66.5,7.441478729248047,0,1.06874758149347,1.8074114322662354,1.167829763351674,124,lead,lead,Lead,
73380,soldier_caught,0,1,0,0,193,51,25.5,142,,,1.0585635900497437,0,1.1299699054106132,1.4454855918884277,1.2328514767942376,143,lead,lead,Lead,
73381,intercepted,1,0,0,0,111,7,3.5,104,111.0,55.5,3.8590312004089355,0,1.1928553723153614,1.6417313814163208,1.2787008892985832,105,lead,lead,Lead,
73382,intercepted,1,0,0,0,87,8,4.0,79,87.0,43.5,3.3970165252685547,0,1.1809337057173253,0.42962902784347534,1.2795301874326588,80,lead,lead,Lead,
73383,intercepted,1,0,0,0,194,7,3.5,187,194.0,97.0,3.6429810523986816,0,1.0916135684448354,0.8083093762397766,1.1835232886388725,188,lead,lead,Lead,
73384,intercepted,1,0,0,0,116,77,38.5,39,116.0,58.0,13.370980262756348,0,1.1675680838525295,1.0289092063903809,1.2939263606664324,40,lead,lead,Lead,
73385,intercepted,1,0,0,0,68,9,4.5,59,68.0,34.0,9.724255561828613,0,1.1475899117688337,0.9285216927528381,1.261293571569973,60,lead,lead,Lead,
73386,intercepted,1,0,0,0,68,15,7.5,53,68.0,34.0,13.079980850219727,0,1.1767828679747052,0.9423670172691345,1.2843300061967202,54,lead,lead,Lead,
73387,soldier_caught,0,1,0,0,178,48,24.0,130,,,1.4248077869415283,0,1.1380532447618383,1.4328495264053345,1.2196987222380578,131,lead,lead,Lead,
73388,intercepted,1,0,0,0,24,11,5.5,13,24.0,12.0,11.889900207519531,0,0.9888726834739957,1.8122317790985107,1.119985422313071,14,lead,lead,Lead,
73389,intercepted,1,0,0,0,183,7,3.5,176,183.0,91.5,6.036259651184082,0,1.0941901276003843,1.3744761943817139,1.2017582379413534,177,lead,lead,Lead,
73390,soldier_caught,0,1,0,0,9,7,3.5,2,,,1.7559514045715332,0,1.4357304374376934,1.4846642017364502,1.5085576296611947,3,lead,lead,Lead,
73391,intercepted,1,0,0,0,37,12,6.0,25,37.0,18.5,6.57620096206665,0,1.178720209460992,1.2297344207763672,1.2783670557877027,26,lead,lead,Lead,
73392,soldier_caught,0,1,0,0,787,10,5.0,777,,,1.6264771223068237,0,1.1108093304334539,1.6142646074295044,1.2044707188537196,778,lead,lead,Lead,
73393,intercepted,1,0,0,0,174,9,4.5,165,174.0,87.0,4.460478782653809,0,1.138355002345809,2.0911169052124023,1.2166483959442298,166,lead,lead,Lead,
73394,intercepted,1,0,0,0,267,7,3.5,260,267.0,133.5,3.107391595840454,0,1.0957456503448815,0.6811957955360413,1.189195048647656,261,lead,lead,Lead,
73395,intercepted,1,0,0,0,10,8,4.0,2,10.0,5.0,3.690471887588501,0,0.9941723148028055,0.8697949647903442,1.0543472617668268,3,lead,lead,Lead,
73396,intercepted,1,0,0,0,99,12,6.0,87,99.0,49.5,4.352181434631348,0,1.1165065888992765,1.821485161781311,1.1964994788728291,88,lead,lead,Lead,
73397,intercepted,1,0,0,0,487,12,6.0,475,487.0,243.5,6.068229675292969,0,1.1151351292124565,0.8713820576667786,1.223962475713519,476,lead,lead,Lead,
73398,intercepted,1,0,0,0,88,10,5.0,78,88.0,44.0,8.501117706298828,0,1.105156644612928,0.35887643694877625,1.214026010306937,79,lead,lead,Lead,
73399,soldier_caught,0,1,0,0,13,11,5.5,2,,,1.0459330081939697,0,1.136988361676534,0.7631543278694153,1.2621262796563548,3,lead,lead,Lead,
73400,soldier_caught,0,1,0,0,187,13,6.5,174,,,1.51443350315094,0,1.114692952803203,0.7500815391540527,1.213298251298248,175,lead,lead,Lead,
73401,intercepted,1,0,0,0,92,8,4.0,84,92.0,46.0,3.687638282775879,0,1.103893134874456,1.3625448942184448,1.202214432613224,85,lead,lead,Lead,
73402,intercepted,1,0,0,0,215,14,7.0,201,215.0,107.5,8.845261573791504,0,1.1221597126067275,1.2626218795776367,1.231169753653119,202,lead,lead,Lead,
73403,intercepted,1,0,0,0,158,12,6.0,146,158.0,79.0,10.769327163696289,0,1.1818696122591188,0.7329586148262024,1.2882008443582276,147,lead,lead,Lead,
73404,intercepted,1,0,0,0,202,11,5.5,191,202.0,101.0,2.276474714279175,0,1.1068396562865626,0.9177098870277405,1.1983930368399083,192,lead,lead,Lead,
73405,intercepted,1,0,0,0,593,10,5.0,583,593.0,296.5,5.808475017547607,0,1.1685710466428572,0.29711005091667175,1.2654114955896278,584,lead,lead,Lead,
73406,intercepted,1,0,0,0,180,11,5.5,169,180.0,90.0,7.338605880737305,0,1.0790850515751278,1.478845238685608,1.1736703093523062,170,lead,lead,Lead,
73407,intercepted,1,0,0,0,240,13,6.5,227,240.0,120.0,4.015466213226318,0,1.164768837523042,1.333146572113037,1.2559069364496274,228,lead,lead,Lead,
73408,intercepted,1,0,0,0,28,10,5.0,18,28.0,14.0,13.380373001098633,0,0.9079170921131184,1.1179949045181274,0.9990971597918589,19,lead,lead,Lead,
73409,intercepted,1,0,0,0,67,13,6.5,54,67.0,33.5,3.4400246143341064,0,1.1659112718972293,1.7845990657806396,1.249018485179649,55,lead,lead,Lead,
73410,intercepted,1,0,0,0,185,10,5.0,175,185.0,92.5,3.559519052505493,0,1.1684367460283367,1.2272844314575195,1.253925079029788,176,lead,lead,Lead,
73411,intercepted,1,0,0,0,130,12,6.0,118,130.0,65.0,12.702630043029785,0,1.092584168209749,1.0341238975524902,1.176654769499362,119,lead,lead,Lead,
73412,intercepted,1,0,0,0,325,10,5.0,315,325.0,162.5,3.778446912765503,0,1.142539699102127,0.8522562980651855,1.2357439173070677,316,lead,lead,Lead,
73413,intercepted,1,0,0,0,155,10,5.0,145,155.0,77.5,5.586749076843262,0,1.103384134499994,0.6323524713516235,1.2027825443828193,146,lead,lead,Lead,
73414,intercepted,1,0,0,0,172,11,5.5,161,172.0,86.0,2.5550167560577393,0,1.1488712929925065,1.6191226243972778,1.2570451046812712,162,lead,lead,Lead,
73415,soldier_caught,0,1,0,0,36,12,6.0,24,,,1.8729346990585327,0,1.0140919011831284,0.7378225326538086,1.1214636513519938,25,lead,lead,Lead,
73416,intercepted,1,0,0,0,537,11,5.5,526,537.0,268.5,2.793853521347046,0,1.1464326726078309,1.0937402248382568,1.2372841502129102,527,lead,lead,Lead,
73417,intercepted,1,0,0,0,252,11,5.5,241,252.0,126.0,8.017200469970703,0,1.1058222929800838,1.7277034521102905,1.2144190294447512,242,lead,lead,Lead,
73418,intercepted,1,0,0,0,14,13,6.5,1,14.0,7.0,4.177155494689941,0,0.7936530858278275,1.2588090896606445,0.919921370849568,2,lead,lead,Lead,
73419,intercepted,1,0,0,0,118,21,10.5,97,118.0,59.0,2.686310291290283,0,1.0970705430574563,0.6071443557739258,1.220955248429307,98,lead,lead,Lead,
73420,intercepted,1,0,0,0,56,10,5.0,46,56.0,28.0,4.75654935836792,0,1.1771492793204936,0.7696636319160461,1.2485245002726497,47,lead,lead,Lead,
73421,intercepted,1,0,0,0,432,11,5.5,421,432.0,216.0,3.8002655506134033,0,1.1297096012610395,0.7162827253341675,1.218376283468736,422,lead,lead,Lead,
73422,intercepted,1,0,0,0,202,17,8.5,185,202.0,101.0,3.1175007820129395,0,1.1070387842514182,0.7961824536323547,1.1881113997300634,186,lead,lead,Lead,
73423,soldier_caught,0,1,0,0,36,11,5.5,25,,,1.2603154182434082,0,1.2219613171540773,1.2877402305603027,1.330792942086697,26,lead,lead,Lead,
73424,intercepted,1,0,0,0,163,18,9.0,145,163.0,81.5,8.475706100463867,0,1.1128779332829666,1.1367592811584473,1.2011512346693376,146,lead,lead,Lead,
73425,intercepted,1,0,0,0,454,19,9.5,435,454.0,227.0,4.629944324493408,0,1.139145489850449,1.3671634197235107,1.2386470392977007,436,lead,lead,Lead,
73426,intercepted,1,0,0,0,173,9,4.5,164,173.0,86.5,8.088319778442383,0,1.139373280107975,2.3919451236724854,1.234510989769963,165,lead,lead,Lead,
73427,intercepted,1,0,0,0,864,11,5.5,853,864.0,432.0,4.684244632720947,0,1.1396275528420887,0.5246112942695618,1.2427977553460228,854,lead,lead,Lead,
73428,intercepted,1,0,0,0,206,10,5.0,196,206.0,103.0,3.3423538208007812,0,1.1164811901029597,1.6138694286346436,1.2060866368140422,197,lead,lead,Lead,
73429,intercepted,1,0,0,0,118,11,5.5,107,118.0,59.0,3.9053139686584473,0,1.126593497754247,1.6822532415390015,1.228818080601921,108,lead,lead,Lead,
73430,intercepted,1,0,0,0,42,11,5.5,31,42.0,21.0,6.122820854187012,0,0.9431245801970363,0.30604124069213867,1.056431722715408,32,lead,lead,Lead,
73431,intercepted,1,0,0,0,184,8,4.0,176,184.0,92.0,2.3896377086639404,0,1.119152766584003,1.5987575054168701,1.2030636434330808,177,lead,lead,Lead,
73432,soldier_caught,0,1,0,0,124,11,5.5,113,,,1.5568398237228394,0,1.1555334915194595,0.9694536328315735,1.2535760964456477,114,lead,lead,Lead,
73433,soldier_caught,0,1,0,0,84,10,5.0,74,,,0.610496997833252,0,1.1145142334699631,2.015300750732422,1.224733088507737,75,lead,lead,Lead,
73434,intercepted,1,0,0,0,156,22,11.0,134,156.0,78.0,10.582786560058594,0,1.1309655167438366,0.9508450627326965,1.2253544844578343,135,lead,lead,Lead,
73435,intercepted,1,0,0,0,171,15,7.5,156,171.0,85.5,4.824298858642578,0,1.1323437420236078,1.5679113864898682,1.226282198268702,157,lead,lead,Lead,
73436,intercepted,1,0,0,0,281,28,14.0,253,281.0,140.5,2.6452863216400146,0,1.1056320338443977,2.3821771144866943,1.2038018384668576,254,lead,lead,Lead,
73437,intercepted,1,0,0,0,43,17,8.5,26,43.0,21.5,6.553866863250732,0,1.0189073659755565,0.6249148845672607,1.0748582144246557,27,lead,lead,Lead,
73438,intercepted,1,0,0,0,188,31,15.5,157,188.0,94.0,4.1484856605529785,0,1.2037509953296637,2.247570276260376,1.286923032708745,158,lead,lead,Lead,
73439,intercepted,1,0,0,0,115,9,4.5,106,115.0,57.5,8.108033180236816,0,1.0733714483887236,0.5796900391578674,1.1820591670585472,107,lead,lead,Lead,
73440,intercepted,1,0,0,0,235,12,6.0,223,235.0,117.5,2.2782068252563477,0,1.0857328406668134,1.7343883514404297,1.172932080799002,224,lead,lead,Lead,
73441,unsafe_intercept,0,0,1,0,121,14,7.0,107,,,2.092308282852173,0,1.1444689827384773,1.349339485168457,1.22419057058849,108,lead,lead,Lead,
73442,soldier_caught,0,1,0,0,33,8,4.0,25,,,1.6921520233154297,0,1.1825369527706733,1.422643780708313,1.2498166249341878,26,lead,lead,Lead,
73443,intercepted,1,0,0,0,201,177,88.5,24,201.0,100.5,12.317072868347168,0,1.0656228291988372,0.9566472768783569,1.1572525082887926,25,lead,lead,Lead,
73444,intercepted,1,0,0,0,224,10,5.0,214,224.0,112.0,9.887686729431152,0,1.1503161219663398,0.5760604739189148,1.2365591143175974,215,lead,lead,Lead,
73445,intercepted,1,0,0,0,127,13,6.5,114,127.0,63.5,10.676101684570312,0,1.0734928241242534,1.7965264320373535,1.1893497910047164,115,lead,lead,Lead,
73446,intercepted,1,0,0,0,23,9,4.5,14,23.0,11.5,5.7707414627075195,0,1.2559638698895772,1.5066808462142944,1.3142701079848702,15,lead,lead,Lead,
73447,intercepted,1,0,0,0,11,9,4.5,2,11.0,5.5,4.546637535095215,0,1.06997283299764,1.1786044836044312,1.0744450837841928,3,lead,lead,Lead,
73448,intercepted,1,0,0,0,27,8,4.0,19,27.0,13.5,6.623666763305664,0,1.0196543753147125,1.4073526859283447,1.0769632010954457,20,lead,lead,Lead,
73449,intercepted,1,0,0,0,334,14,7.0,320,334.0,167.0,2.6947338581085205,0,1.1607758940844521,1.060499668121338,1.2643365900714505,321,lead,lead,Lead,
73450,intercepted,1,0,0,0,166,9,4.5,157,166.0,83.0,3.6824440956115723,0,1.0902390598873548,1.804903507232666,1.1961517343148502,158,lead,lead,Lead,
73451,intercepted,1,0,0,0,99,12,6.0,87,99.0,49.5,5.612248420715332,0,1.1543827835809102,1.0585697889328003,1.22455099893856,88,lead,lead,Lead,
73452,unsafe_intercept,0,0,1,0,19,17,8.5,2,,,3.3784401416778564,0,1.185496171315511,0.8146196603775024,1.2188883763922642,3,lead,lead,Lead,
73453,intercepted,1,0,0,0,141,11,5.5,130,141.0,70.5,7.635595798492432,0,1.1178460234904106,0.9679495096206665,1.2080227939687722,131,lead,lead,Lead,
73454,soldier_caught,0,1,0,0,37,11,5.5,26,,,1.019559621810913,0,0.9743919256660674,0.5505660176277161,1.0785718591930147,27,lead,lead,Lead,
73455,intercepted,1,0,0,0,58,10,5.0,48,58.0,29.0,4.19243860244751,0,1.0159225196254498,0.6822752952575684,1.0989478948827285,49,lead,lead,Lead,
73456,intercepted,1,0,0,0,296,13,6.5,283,296.0,148.0,13.19091510772705,0,1.1431919983260228,0.6294822692871094,1.2312669479599003,284,lead,lead,Lead,
73457,intercepted,1,0,0,0,13,12,6.0,1,13.0,6.5,5.559430122375488,0,1.1549423933029175,1.0373297929763794,1.1609154386103413,2,lead,lead,Lead,
73458,intercepted,1,0,0,0,134,11,5.5,123,134.0,67.0,3.760117769241333,0,1.1437435904818196,0.83594810962677,1.2171991926966474,124,lead,lead,Lead,
73459,intercepted,1,0,0,0,235,30,15.0,205,235.0,117.5,4.107081413269043,0,1.1317123915385274,1.0482453107833862,1.2243297214647393,206,lead,lead,Lead,
73460,intercepted,1,0,0,0,388,15,7.5,373,388.0,194.0,2.6878931522369385,0,1.1483040039631771,1.6945605278015137,1.2367112582340936,374,lead,lead,Lead,
73461,intercepted,1,0,0,0,709,67,33.5,642,709.0,354.5,2.126690626144409,0,1.122999075527881,0.8819804191589355,1.2208105237724654,643,lead,lead,Lead,
73462,intercepted,1,0,0,0,70,17,8.5,53,70.0,35.0,9.569499969482422,0,1.102206492865527,1.2167255878448486,1.171786834341585,54,lead,lead,Lead,
73463,intercepted,1,0,0,0,103,14,7.0,89,103.0,51.5,9.473770141601562,0,1.220880533920394,0.5400756001472473,1.2968121156429424,90,lead,lead,Lead,
73464,intercepted,1,0,0,0,240,14,7.0,226,240.0,120.0,9.284847259521484,0,1.0845151295483375,1.942819356918335,1.179109098153089,227,lead,lead,Lead,
73465,intercepted,1,0,0,0,290,30,15.0,260,290.0,145.0,6.610316276550293,0,1.1948980090147692,0.5978772640228271,1.3094485904343942,261,lead,lead,Lead,
73466,intercepted,1,0,0,0,40,10,5.0,30,40.0,20.0,7.201566219329834,0,1.2372982675029385,1.9333068132400513,1.314083374998868,31,lead,lead,Lead,
73467,intercepted,1,0,0,0,259,12,6.0,247,259.0,129.5,8.20041275024414,0,1.1312707651166185,0.36382678151130676,1.2333367285313488,248,lead,lead,Lead,
73468,intercepted,1,0,0,0,112,11,5.5,101,112.0,56.0,4.640651702880859,0,1.2330117871363957,0.5499900579452515,1.3508755060383921,102,lead,lead,Lead,
73469,soldier_caught,0,1,0,0,227,10,5.0,217,,,1.8592488765716553,0,1.1427610189816273,1.1680198907852173,1.2432392772165797,218,lead,lead,Lead,
73470,intercepted,1,0,0,0,148,10,5.0,138,148.0,74.0,11.782144546508789,0,1.1441102424542682,1.506354570388794,1.2362581089592675,139,lead,lead,Lead,
73471,intercepted,1,0,0,0,194,8,4.0,186,194.0,97.0,2.078599691390991,0,1.1671696287744187,0.8034142255783081,1.262597850739457,187,lead,lead,Lead,
73472,intercepted,1,0,0,0,80,9,4.5,71,80.0,40.0,8.271976470947266,0,1.2129112506906192,1.0209773778915405,1.305192032373333,72,lead,lead,Lead,
73473,intercepted,1,0,0,0,126,8,4.0,118,126.0,63.0,3.6157267093658447,0,1.0927770884097123,1.0059218406677246,1.1764837094650453,119,lead,lead,Lead,
73474,soldier_caught,0,1,0,0,211,17,8.5,194,,,1.9772454500198364,0,1.1297291578772741,2.0481772422790527,1.2349500319086277,195,lead,lead,Lead,
73475,intercepted,1,0,0,0,104,7,3.5,97,104.0,52.0,3.738422393798828,0,1.1033369088355376,0.7529261112213135,1.1927895591983595,98,lead,lead,Lead,
73476,intercepted,1,0,0,0,134,9,4.5,125,134.0,67.0,3.002918004989624,0,1.1818995035829998,2.191230535507202,1.282592110240534,126,lead,lead,Lead,
73477,intercepted,1,0,0,0,65,12,6.0,53,65.0,32.5,8.081633567810059,0,1.0549910474154685,1.62928307056427,1.1389474861369502,54,lead,lead,Lead,
73478,intercepted,1,0,0,0,138,9,4.5,129,138.0,69.0,2.857931137084961,0,1.136348802768267,0.9500917792320251,1.2285990791803527,130,lead,lead,Lead,
73479,intercepted,1,0,0,0,64,9,4.5,55,64.0,32.0,2.90793514251709,0,1.1474751784865345,0.6003780364990234,1.2196905974216605,56,lead,lead,Lead,
73480,soldier_caught,0,1,0,0,145,8,4.0,137,,,1.4236692190170288,0,1.1664606437518976,1.1180974245071411,1.2608572450093936,138,lead,lead,Lead,
73481,intercepted,1,0,0,0,224,12,6.0,212,224.0,112.0,3.1927244663238525,0,1.0359288708704737,0.4004520773887634,1.123189905353452,213,lead,lead,Lead,
73482,intercepted,1,0,0,0,138,9,4.5,129,138.0,69.0,5.669586658477783,0,1.1779442169345342,0.9844778776168823,1.2812100261591246,130,lead,lead,Lead,
73483,intercepted,1,0,0,0,260,19,9.5,241,260.0,130.0,2.564833402633667,0,1.1154638861329103,0.20070339739322662,1.2044505154709817,242,lead,lead,Lead,
73484,intercepted,1,0,0,0,402,16,8.0,386,402.0,201.0,3.7988007068634033,0,1.1365574339563533,0.7696630954742432,1.2429256521309684,387,lead,lead,Lead,
73485,intercepted,1,0,0,0,144,81,40.5,63,144.0,72.0,10.431038856506348,0,1.1629162305034697,0.890387237071991,1.2604251585172361,64,lead,lead,Lead,
73486,intercepted,1,0,0,0,61,28,14.0,33,61.0,30.5,7.111751556396484,0,1.0924371437114828,0.6758362650871277,1.1780654552729366,34,lead,lead,Lead,
73487,intercepted,1,0,0,0,25,8,4.0,17,25.0,12.5,9.233630180358887,0,1.0702256357504263,0.5966905355453491,1.2191510111403414,18,lead,lead,Lead,
73488,intercepted,1,0,0,0,88,8,4.0,80,88.0,44.0,5.963850021362305,0,1.068590471406042,1.228678584098816,1.1613478111908149,81,lead,lead,Lead,
73489,intercepted,1,0,0,0,86,14,7.0,72,86.0,43.0,3.9429612159729004,0,1.116380266947289,1.2062468528747559,1.2147831245282694,73,lead,lead,Lead,
73490,soldier_caught,0,1,0,0,58,8,4.0,50,,,1.8264431953430176,0,1.1088727847033857,0.5550988912582397,1.2032390791348204,51,lead,lead,Lead,
73491,intercepted,1,0,0,0,253,10,5.0,243,253.0,126.5,4.8730292320251465,0,1.131880498262214,1.0395591259002686,1.2240952494260415,244,lead,lead,Lead,
73492,intercepted,1,0,0,0,224,10,5.0,214,224.0,112.0,3.9042816162109375,0,1.142454851297445,1.2872531414031982,1.2343430187828826,215,lead,lead,Lead,
73493,intercepted,1,0,0,0,210,11,5.5,199,210.0,105.0,4.999707221984863,0,1.1554490194097162,0.7965354919433594,1.2465844564934552,200,lead,lead,Lead,
73494,intercepted,1,0,0,0,279,12,6.0,267,279.0,139.5,6.409943580627441,0,1.1177215225883383,0.7213038206100464,1.2173373514664159,268,lead,lead,Lead,
73495,soldier_caught,0,1,0,0,10,8,4.0,2,,,1.2890784740447998,0,1.2651087045669556,1.0637764930725098,1.3338376886460461,3,lead,lead,Lead,
73496,intercepted,1,0,0,0,98,69,34.5,29,98.0,49.0,12.467921257019043,0,1.12138671875,0.9354022741317749,1.2057600145198428,30,lead,lead,Lead,
73497,intercepted,1,0,0,0,449,10,5.0,439,449.0,224.5,5.693370819091797,0,1.1069043057886037,0.9293361902236938,1.2042657621986264,440,lead,lead,Lead,
73498,intercepted,1,0,0,0,307,10,5.0,297,307.0,153.5,7.406974792480469,0,1.149684700139817,1.3285980224609375,1.2439754528121927,298,lead,lead,Lead,
73499,soldier_caught,0,1,0,0,190,13,6.5,177,,,1.2634081840515137,0,1.136303003584401,0.8505445718765259,1.2375536666448659,178,lead,lead,Lead,
73500,intercepted,1,0,0,0,38,22,11.0,16,38.0,19.0,8.286103248596191,0,1.2522072371314554,1.1387501955032349,1.3021345159877264,17,lead,lead,Lead,
73501,intercepted,1,0,0,0,79,21,10.5,58,79.0,39.5,10.427094459533691,0,1.1749980987633688,0.13682882487773895,1.271456836254605,59,lead,lead,Lead,
73502,soldier_caught,0,1,0,0,38,13,6.5,25,,,0.5808591842651367,0,1.1458363154759774,0.9738010764122009,1.2690055156295972,26,lead,lead,Lead,
73503,intercepted,1,0,0,0,280,13,6.5,267,280.0,140.0,10.784688949584961,0,1.0981717230891115,0.949264407157898,1.189488560546349,268,lead,lead,Lead,
73504,intercepted,1,0,0,0,175,8,4.0,167,175.0,87.5,3.8619911670684814,0,1.112558362118545,0.8420891761779785,1.1943661728744965,168,lead,lead,Lead,
73505,intercepted,1,0,0,0,87,21,10.5,66,87.0,43.5,5.606034278869629,0,1.1410228694552806,0.8943396806716919,1.2287764103636483,67,lead,lead,Lead,
73506,soldier_caught,0,1,0,0,13,11,5.5,2,,,1.6890664100646973,0,1.3962400754292805,0.9537302255630493,1.4679393523120807,3,lead,lead,Lead,
73507,intercepted,1,0,0,0,366,12,6.0,354,366.0,183.0,3.2850453853607178,0,1.1104915399366702,0.8275891542434692,1.19992311014152,355,lead,lead,Lead,
73508,intercepted,1,0,0,0,335,67,33.5,268,335.0,167.5,5.090096950531006,0,1.1708792041447083,0.2855353355407715,1.2702423963835716,269,lead,lead,Lead,
73509,intercepted,1,0,0,0,93,34,17.0,59,93.0,46.5,11.038305282592773,0,1.095767247925202,1.7767308950424194,1.1856042465024703,60,lead,lead,Lead,
73510,intercepted,1,0,0,0,212,9,4.5,203,212.0,106.0,5.930352210998535,0,1.1843831449308817,1.148590087890625,1.2826971525615218,204,lead,lead,Lead,
73511,intercepted,1,0,0,0,75,8,4.0,67,75.0,37.5,7.157077789306641,0,1.1535204390392584,0.25148725509643555,1.25163722845451,68,lead,lead,Lead,
73512,intercepted,1,0,0,0,328,13,6.5,315,328.0,164.0,6.6632161140441895,0,1.147830267259969,0.9754114151000977,1.240745218513823,316,lead,lead,Lead,
73513,intercepted,1,0,0,0,489,10,5.0,479,489.0,244.5,3.457883596420288,0,1.1212280246894806,1.2256194353103638,1.219812080406766,480,lead,lead,Lead,
73514,intercepted,1,0,0,0,44,18,9.0,26,44.0,22.0,7.804847240447998,0,1.2223792528664623,1.382986307144165,1.3485462701072037,27,lead,lead,Lead,
73515,intercepted,1,0,0,0,124,9,4.5,115,124.0,62.0,2.142446994781494,0,1.0612063486257504,0.5505642890930176,1.1454044088373283,116,lead,lead,Lead,
73516,intercepted,1,0,0,0,622,10,5.0,612,622.0,311.0,2.0014922618865967,0,1.1556542127546634,2.0343196392059326,1.2526728279927475,613,lead,lead,Lead,
73517,soldier_caught,0,1,0,0,46,15,7.5,31,,,1.3544466495513916,0,1.063354253768921,1.2868667840957642,1.1507622195864013,32,lead,lead,Lead,
73518,intercepted,1,0,0,0,51,9,4.5,42,51.0,25.5,4.290042877197266,0,1.0841937143095703,1.0733528137207031,1.1359393087838405,43,lead,lead,Lead,
73519,intercepted,1,0,0,0,495,16,8.0,479,495.0,247.5,6.733980178833008,0,1.1371432936439911,1.2268067598342896,1.228700653767493,480,lead,lead,Lead,
73520,intercepted,1,0,0,0,241,9,4.5,232,241.0,120.5,4.169459342956543,0,1.1354640324164358,1.359248161315918,1.2299847203899537,233,lead,lead,Lead,
73521,intercepted,1,0,0,0,93,9,4.5,84,93.0,46.5,12.217249870300293,0,1.0942001155194114,1.360190987586975,1.219317956521488,85,lead,lead,Lead,
73522,intercepted,1,0,0,0,116,19,9.5,97,116.0,58.0,2.9774041175842285,0,1.156800006421245,0.4025438129901886,1.2474128533710955,98,lead,lead,Lead,
73523,intercepted,1,0,0,0,14,12,6.0,2,14.0,7.0,3.754512310028076,0,0.9068761070569357,1.2773181200027466,0.9441872715634982,3,lead,lead,Lead,
73524,intercepted,1,0,0,0,92,10,5.0,82,92.0,46.0,3.3097500801086426,0,1.1713068876639907,1.6719954013824463,1.2766908891125652,83,lead,lead,Lead,
73525,intercepted,1,0,0,0,223,12,6.0,211,223.0,111.5,3.029419183731079,0,1.1856647185137812,1.0203018188476562,1.2781037803006112,212,lead,lead,Lead,
73526,intercepted,1,0,0,0,440,12,6.0,428,440.0,220.0,6.1888604164123535,0,1.1093038897831122,0.7166502475738525,1.1916110407980534,429,lead,lead,Lead,
73527,intercepted,1,0,0,0,253,56,28.0,197,253.0,126.5,7.891568183898926,0,1.1613418274756633,1.3618251085281372,1.2574299966545073,198,lead,lead,Lead,
73528,intercepted,1,0,0,0,236,15,7.5,221,236.0,118.0,4.424169063568115,0,1.1345875226968043,1.0402336120605469,1.2281185124771268,222,lead,lead,Lead,
73529,intercepted,1,0,0,0,421,7,3.5,414,421.0,210.5,7.668547630310059,0,1.1349635447364255,1.0192160606384277,1.2260674098187663,415,lead,lead,Lead,
73530,soldier_caught,0,1,0,0,60,13,6.5,47,,,1.0221470594406128,0,1.199970096970598,0.7424595952033997,1.2787598802164524,48,lead,lead,Lead,
73531,intercepted,1,0,0,0,48,14,7.0,34,48.0,24.0,3.5526580810546875,0,1.0766930852617536,1.4555728435516357,1.1686129218723558,35,lead,lead,Lead,
73532,intercepted,1,0,0,0,191,11,5.5,180,191.0,95.5,9.854249000549316,0,1.1052784778136575,0.709963858127594,1.1907251950853803,181,lead,lead,Lead,
73533,intercepted,1,0,0,0,215,13,6.5,202,215.0,107.5,3.7563059329986572,0,1.1154714346372436,0.9681087732315063,1.2222217765404242,203,lead,lead,Lead,
73534,intercepted,1,0,0,0,57,11,5.5,46,57.0,28.5,2.217071533203125,0,1.0843019846906052,2.0849380493164062,1.1715219042113876,47,lead,lead,Lead,
73535,intercepted,1,0,0,0,118,37,18.5,81,118.0,59.0,5.599103927612305,0,1.1048220101653077,1.5043967962265015,1.20026356031689,82,lead,lead,Lead,
73536,intercepted,1,0,0,0,122,60,30.0,62,122.0,61.0,5.365007400512695,0,1.1097131144432795,1.151155948638916,1.2095179421662547,63,lead,lead,Lead,
73537,intercepted,1,0,0,0,159,8,4.0,151,159.0,79.5,3.742924928665161,0,1.154073268567261,1.185171127319336,1.2599966130902054,152,lead,lead,Lead,
73538,intercepted,1,0,0,0,81,9,4.5,72,81.0,40.5,5.842864513397217,0,1.0791155422387058,0.6930954456329346,1.153534275996783,73,lead,lead,Lead,
73539,intercepted,1,0,0,0,459,35,17.5,424,459.0,229.5,8.057696342468262,0,1.1349711513519287,0.9590675830841064,1.228641536268181,425,lead,lead,Lead,
73540,intercepted,1,0,0,0,272,14,7.0,258,272.0,136.0,10.391462326049805,0,1.0811901554522827,1.4402133226394653,1.1794474097319954,259,lead,lead,Lead,
73541,intercepted,1,0,0,0,61,8,4.0,53,61.0,30.5,4.818902492523193,0,1.0128244249909013,1.1727533340454102,1.0984095884966394,54,lead,lead,Lead,
73542,intercepted,1,0,0,0,243,9,4.5,234,243.0,121.5,5.5515971183776855,0,1.0988800873781772,1.2351598739624023,1.1849302078803796,235,lead,lead,Lead,
73543,intercepted,1,0,0,0,53,8,4.0,45,53.0,26.5,3.944843053817749,0,1.2093131376997284,0.701822817325592,1.3149868817044001,46,lead,lead,Lead,
73544,intercepted,1,0,0,0,140,8,4.0,132,140.0,70.0,6.760491371154785,0,1.105254383239531,0.15863493084907532,1.2139144057209916,133,lead,lead,Lead,
73545,intercepted,1,0,0,0,193,57,28.5,136,193.0,96.5,2.7349205017089844,0,1.1894496194202535,1.983361840248108,1.2859410500751747,137,lead,lead,Lead,
73546,intercepted,1,0,0,0,85,9,4.5,76,85.0,42.5,3.1731696128845215,0,1.1670071602641763,1.12236750125885,1.2478523961860337,77,lead,lead,Lead,
73547,intercepted,1,0,0,0,190,10,5.0,180,190.0,95.0,3.3333427906036377,0,1.1401500762002903,0.9219192266464233,1.243844421992392,181,lead,lead,Lead,
73548,intercepted,1,0,0,0,35,9,4.5,26,35.0,17.5,11.861007690429688,0,1.0537156606162037,0.8743062019348145,1.1763283628500099,27,lead,lead,Lead,
73549,intercepted,1,0,0,0,18,9,4.5,9,18.0,9.0,4.011053085327148,0,1.1238625645637512,0.7674373984336853,1.1800245862735126,10,lead,lead,Lead,
73550,intercepted,1,0,0,0,225,10,5.0,215,225.0,112.5,7.4092793464660645,0,1.1389567251834605,0.6737580895423889,1.2391821392856226,216,lead,lead,Lead,
73551,intercepted,1,0,0,0,35,8,4.0,27,35.0,17.5,4.589754104614258,0,1.048791341483593,0.9858940243721008,1.1430996240875722,28,lead,lead,Lead,
73552,intercepted,1,0,0,0,41,8,4.0,33,41.0,20.5,9.143260955810547,0,1.0834644243997686,0.7184651494026184,1.1930783415868969,34,lead,lead,Lead,
73553,intercepted,1,0,0,0,177,52,26.0,125,177.0,88.5,3.6886136531829834,0,1.15965469938422,0.9381264448165894,1.2608555907581795,126,lead,lead,Lead,
73554,intercepted,1,0,0,0,127,14,7.0,113,127.0,63.5,3.2509889602661133,0,1.1191682971098966,0.6130890250205994,1.2050830008134512,114,lead,lead,Lead,
73555,intercepted,1,0,0,0,297,44,22.0,253,297.0,148.5,6.735281944274902,0,1.130330316839725,0.3952678143978119,1.2476169754304134,254,lead,lead,Lead,
73556,intercepted,1,0,0,0,413,12,6.0,401,413.0,206.5,2.6973748207092285,0,1.1460367474723514,1.9027239084243774,1.23687208534322,402,lead,lead,Lead,
73557,intercepted,1,0,0,0,240,8,4.0,232,240.0,120.0,3.399745464324951,0,1.1457397056495684,1.3805745840072632,1.2384541751949145,233,lead,lead,Lead,
73558,intercepted,1,0,0,0,467,9,4.5,458,467.0,233.5,5.019317626953125,0,1.1329499954167015,1.4659162759780884,1.2347718500780105,459,lead,lead,Lead,
73559,intercepted,1,0,0,0,108,9,4.5,99,108.0,54.0,5.596994876861572,0,1.099740022420883,0.3560967743396759,1.1925424679887753,100,lead,lead,Lead,
73560,intercepted,1,0,0,0,373,14,7.0,359,373.0,186.5,6.771797180175781,0,1.100103029815687,1.571152925491333,1.1966364500134017,360,lead,lead,Lead,
73561,intercepted,1,0,0,0,216,9,4.5,207,216.0,108.0,3.4870951175689697,0,1.1370757649151177,0.379118412733078,1.238285141555512,208,lead,lead,Lead,
73562,intercepted,1,0,0,0,43,14,7.0,29,43.0,21.5,4.1528496742248535,0,1.118095109363397,1.288370966911316,1.2153339551445743,30,lead,lead,Lead,
73563,intercepted,1,0,0,0,74,11,5.5,63,74.0,37.0,3.634807825088501,0,1.0991587250027806,1.4847036600112915,1.2549745332737197,64,lead,lead,Lead,
73564,soldier_caught,0,1,0,0,680,48,24.0,632,,,1.4664578437805176,0,1.1249145386625805,1.262558102607727,1.2153619788778034,633,lead,lead,Lead,
73565,intercepted,1,0,0,0,189,12,6.0,177,189.0,94.5,5.047633647918701,0,1.0793188529486737,2.059480667114258,1.1918766712828985,178,lead,lead,Lead,
73566,intercepted,1,0,0,0,270,14,7.0,256,270.0,135.0,7.138712406158447,0,1.0610005076873164,1.211028814315796,1.1546381343246095,257,lead,lead,Lead,
73567,intercepted,1,0,0,0,536,15,7.5,521,536.0,268.0,2.752035617828369,0,1.1269571479424205,1.2123273611068726,1.2216203483049517,522,lead,lead,Lead,
73568,intercepted,1,0,0,0,87,66,33.0,21,87.0,43.5,9.750118255615234,0,1.0512978827411479,1.7182807922363281,1.1235583157810853,22,lead,lead,Lead,
73569,intercepted,1,0,0,0,299,89,44.5,210,299.0,149.5,3.684776782989502,0,1.1033812179384639,1.6485384702682495,1.215598344858383,211,lead,lead,Lead,
73570,intercepted,1,0,0,0,463,9,4.5,454,463.0,231.5,5.21564245223999,0,1.1078682300808667,1.0571154356002808,1.205366596278346,455,lead,lead,Lead,
73571,intercepted,1,0,0,0,698,12,6.0,686,698.0,349.0,8.990565299987793,0,1.1211947002102454,1.2571531534194946,1.2183648685119626,687,lead,lead,Lead,
73572,intercepted,1,0,0,0,92,9,4.5,83,92.0,46.0,3.6909596920013428,0,1.0867825372233277,1.0630956888198853,1.1919523724970602,84,lead,lead,Lead,
73573,intercepted,1,0,0,0,38,8,4.0,30,38.0,19.0,4.294256210327148,0,1.1178160713564964,2.042307138442993,1.205558395808153,31,lead,lead,Lead,
73574,intercepted,1,0,0,0,53,12,6.0,41,53.0,26.5,3.9111015796661377,0,1.0353416885648454,1.2214375734329224,1.1771301860371426,42,lead,lead,Lead,
73575,intercepted,1,0,0,0,93,10,5.0,83,93.0,46.5,12.128615379333496,0,1.1631923266464756,0.7242470383644104,1.2594646945736698,84,lead,lead,Lead,
73576,intercepted,1,0,0,0,107,10,5.0,97,107.0,53.5,3.0874085426330566,0,1.1328984505059767,1.6406327486038208,1.2412297472347265,98,lead,lead,Lead,
73577,intercepted,1,0,0,0,344,8,4.0,336,344.0,172.0,3.6037039756774902,0,1.1256932251000618,0.9225339889526367,1.2337511192336423,337,lead,lead,Lead,
73578,intercepted,1,0,0,0,59,7,3.5,52,59.0,29.5,3.982632875442505,0,1.120317836415093,1.4580166339874268,1.2046609076227714,53,lead,lead,Lead,
73579,intercepted,1,0,0,0,82,15,7.5,67,82.0,41.0,8.394454002380371,0,1.1350617053754188,0.6352667212486267,1.2426902179133446,68,lead,lead,Lead,
73580,intercepted,1,0,0,0,236,8,4.0,228,236.0,118.0,2.4264602661132812,0,1.1315074270859555,0.6551742553710938,1.234581634805052,229,lead,lead,Lead,
73581,intercepted,1,0,0,0,380,67,33.5,313,380.0,190.0,2.1365318298339844,0,1.132795344682256,0.788779079914093,1.2290367606215093,314,lead,lead,Lead,
73582,intercepted,1,0,0,0,493,12,6.0,481,493.0,246.5,9.528168678283691,0,1.0952565616684584,0.5368568301200867,1.1906250485682233,482,lead,lead,Lead,
73583,intercepted,1,0,0,0,41,11,5.5,30,41.0,20.5,6.832897663116455,0,1.2087565746999556,1.1100146770477295,1.2982852663289546,31,lead,lead,Lead,
73584,intercepted,1,0,0,0,180,11,5.5,169,180.0,90.0,3.9346303939819336,0,1.1335703278289122,0.39818674325942993,1.226197852243909,170,lead,lead,Lead,
73585,intercepted,1,0,0,0,46,11,5.5,35,46.0,23.0,14.513583183288574,0,1.0333779520458646,1.0637911558151245,1.11473796150709,36,lead,lead,Lead,
73586,intercepted,1,0,0,0,166,51,25.5,115,166.0,83.0,3.055786609649658,0,1.1334995917718986,1.1333200931549072,1.214583990568468,116,lead,lead,Lead,
73587,intercepted,1,0,0,0,107,11,5.5,96,107.0,53.5,8.544490814208984,0,1.1417713497102875,0.5017273426055908,1.2237729505044086,97,lead,lead,Lead,
73588,intercepted,1,0,0,0,100,46,23.0,54,100.0,50.0,4.368682384490967,0,1.2591173394159838,0.8007420301437378,1.3535988952734732,55,lead,lead,Lead,
73589,intercepted,1,0,0,0,23,8,4.0,15,23.0,11.5,9.019402503967285,0,0.9831581637263298,1.4345532655715942,1.091092605885077,16,lead,lead,Lead,
73590,intercepted,1,0,0,0,436,8,4.0,428,436.0,218.0,6.405331134796143,0,1.1435082091283408,1.1812855005264282,1.2351207183858426,429,lead,lead,Lead,
73591,soldier_caught,0,1,0,0,177,33,16.5,144,,,1.7743479013442993,0,1.2301757913211295,0.8503789305686951,1.3156561548599315,145,lead,lead,Lead,
73592,intercepted,1,0,0,0,171,9,4.5,162,171.0,85.5,3.6211373805999756,0,1.1307122094865225,0.8069946765899658,1.2314280622012805,163,lead,lead,Lead,
73593,intercepted,1,0,0,0,9,7,3.5,2,9.0,4.5,5.114410400390625,0,1.06302011013031,1.7583513259887695,1.1718745013668013,3,lead,lead,Lead,
73594,intercepted,1,0,0,0,116,11,5.5,105,116.0,58.0,6.687835216522217,0,1.089602918557401,1.7481576204299927,1.1722869666032711,106,lead,lead,Lead,
73595,intercepted,1,0,0,0,214,32,16.0,182,214.0,107.0,7.045024871826172,0,1.1315971476947024,1.0020413398742676,1.2204896961692038,183,lead,lead,Lead,
73596,intercepted,1,0,0,0,171,9,4.5,162,171.0,85.5,4.042506694793701,0,1.1298890260099634,1.3803879022598267,1.209206290664548,163,lead,lead,Lead,
73597,intercepted,1,0,0,0,74,12,6.0,62,74.0,37.0,6.082884788513184,0,1.1275285283724468,0.2091268002986908,1.2216581030389244,63,lead,lead,Lead,
73598,intercepted,1,0,0,0,73,11,5.5,62,73.0,36.5,4.103280067443848,0,1.1723669440973372,1.3531584739685059,1.2678029532664792,63,lead,lead,Lead,
73599,intercepted,1,0,0,0,64,13,6.5,51,64.0,32.0,13.057965278625488,0,1.2083485963252873,0.31307417154312134,1.3241838801893548,52,lead,lead,Lead,
73600,intercepted,1,0,0,0,242,9,4.5,233,242.0,121.0,6.535768985748291,0,1.1544141466928344,1.2440593242645264,1.2547550494683537,234,lead,lead,Lead,
73601,intercepted,1,0,0,0,18,16,8.0,2,18.0,9.0,5.745364665985107,0,0.9095213810602824,0.8778342604637146,0.9177584881789664,3,lead,lead,Lead,
73602,intercepted,1,0,0,0,134,43,21.5,91,134.0,67.0,6.819982051849365,0,1.107922386540019,0.734483003616333,1.2098118636373458,92,lead,lead,Lead,
73603,intercepted,1,0,0,0,386,10,5.0,376,386.0,193.0,8.607016563415527,0,1.1613903921937436,1.621087670326233,1.2570431311041614,377,lead,lead,Lead,
73604,intercepted,1,0,0,0,337,7,3.5,330,337.0,168.5,2.1774988174438477,0,1.1430398796620325,1.1540168523788452,1.233921293170316,331,lead,lead,Lead,
73605,soldier_caught,0,1,0,0,478,11,5.5,467,,,1.946837306022644,0,1.1115870248430815,1.1127793788909912,1.208385908853857,468,lead,lead,Lead,
73606,intercepted,1,0,0,0,431,53,26.5,378,431.0,215.5,8.2267484664917,0,1.1092234628968,0.9634471535682678,1.2101693403756,379,lead,lead,Lead,
73607,intercepted,1,0,0,0,156,12,6.0,144,156.0,78.0,9.696630477905273,0,1.14469837320262,0.9528399705886841,1.2292178304598842,145,lead,lead,Lead,
73608,intercepted,1,0,0,0,147,114,57.0,33,147.0,73.5,5.881098747253418,0,1.2022749702720081,1.8807348012924194,1.31845920155357,34,lead,lead,Lead,
73609,intercepted,1,0,0,0,93,13,6.5,80,93.0,46.5,7.65219259262085,0,1.0425984039902687,0.22499264776706696,1.1250630537160962,81,lead,lead,Lead,
73610,intercepted,1,0,0,0,223,36,18.0,187,223.0,111.5,7.96083927154541,0,1.094558746732296,1.169528603553772,1.1866361276624595,188,lead,lead,Lead,
73611,intercepted,1,0,0,0,178,24,12.0,154,178.0,89.0,3.2657532691955566,0,1.1308987405992323,0.9622119069099426,1.2182369850881685,155,lead,lead,Lead,
73612,intercepted,1,0,0,0,67,13,6.5,54,67.0,33.5,8.241161346435547,0,1.1178578566421162,0.7963007688522339,1.208063057864215,55,lead,lead,Lead,
73613,intercepted,1,0,0,0,17,7,3.5,10,17.0,8.5,9.841008186340332,0,0.9994947097518228,0.777640163898468,1.0500957045003505,11,lead,lead,Lead,
73614,intercepted,1,0,0,0,486,13,6.5,473,486.0,243.0,3.707120418548584,0,1.1310654369178954,0.9145901203155518,1.230126776767492,474,lead,lead,Lead,
73615,intercepted,1,0,0,0,21,11,5.5,10,21.0,10.5,12.764836311340332,0,1.176126014102589,1.403298258781433,1.2304446511085283,11,lead,lead,Lead,
73616,intercepted,1,0,0,0,470,8,4.0,462,470.0,235.0,6.7292160987854,0,1.0960027206664982,1.8633642196655273,1.1914535129975177,463,lead,lead,Lead,
73617,intercepted,1,0,0,0,429,47,23.5,382,429.0,214.5,2.365482807159424,0,1.1415217884526863,1.3633062839508057,1.2299247457039517,383,lead,lead,Lead,
73618,intercepted,1,0,0,0,72,12,6.0,60,72.0,36.0,4.6096720695495605,0,1.0899977522795317,0.9413419365882874,1.182762254618936,61,lead,lead,Lead,
73619,intercepted,1,0,0,0,282,12,6.0,270,282.0,141.0,11.756073951721191,0,1.182210922364929,1.8914668560028076,1.2787972578885427,271,lead,lead,Lead,
73620,intercepted,1,0,0,0,73,12,6.0,61,73.0,36.5,6.322481155395508,0,1.0226046692940496,0.6657028198242188,1.1230104417189017,62,lead,lead,Lead,
73621,intercepted,1,0,0,0,84,8,4.0,76,84.0,42.0,5.204090595245361,0,1.2138372214583608,0.8344101309776306,1.3008426709813519,77,lead,lead,Lead,
73622,intercepted,1,0,0,0,182,12,6.0,170,182.0,91.0,11.122726440429688,0,1.14283882578214,1.1092389822006226,1.231775803361269,171,lead,lead,Lead,
73623,intercepted,1,0,0,0,542,10,5.0,532,542.0,271.0,8.893810272216797,0,1.1175226240679201,1.3423962593078613,1.220778844208583,533,lead,lead,Lead,
73624,soldier_caught,0,1,0,0,34,9,4.5,25,,,1.5676292181015015,0,1.1077583340498118,1.3554158210754395,1.2096570720894524,26,lead,lead,Lead,
73625,intercepted,1,0,0,0,618,9,4.5,609,618.0,309.0,3.5504870414733887,0,1.1378426382531885,0.9306317567825317,1.2392943399412577,610,lead,lead,Lead,
73626,intercepted,1,0,0,0,146,114,57.0,32,146.0,73.0,12.36380672454834,0,1.2517705930001808,1.508653998374939,1.3286064105663196,33,lead,lead,Lead,
73627,intercepted,1,0,0,0,110,14,7.0,96,110.0,55.0,2.1485800743103027,0,1.0580773820582123,1.075384259223938,1.166214979940239,97,lead,lead,Lead,
73628,intercepted,1,0,0,0,340,17,8.5,323,340.0,170.0,8.24248218536377,0,1.1579582548389833,0.8154047131538391,1.2458129480807152,324,lead,lead,Lead,
73629,intercepted,1,0,0,0,96,12,6.0,84,96.0,48.0,2.6566569805145264,0,1.049871556723819,1.0831536054611206,1.1449766226054783,85,lead,lead,Lead,
73630,intercepted,1,0,0,0,252,44,22.0,208,252.0,126.0,5.1173553466796875,0,1.0989099307137242,1.165124773979187,1.2048601275334663,209,lead,lead,Lead,
73631,soldier_caught,0,1,0,0,122,10,5.0,112,,,1.2858738899230957,0,1.063108910765268,0.8916036486625671,1.1528976379662421,113,lead,lead,Lead,
73632,intercepted,1,0,0,0,56,7,3.5,49,56.0,28.0,4.058279514312744,0,1.0725680479407311,0.9064077138900757,1.2106349319651402,50,lead,lead,Lead,
73633,intercepted,1,0,0,0,22,8,4.0,14,22.0,11.0,8.261003494262695,0,1.1158966978391012,1.4956567287445068,1.2138875647386609,15,lead,lead,Lead,
73634,intercepted,1,0,0,0,92,31,15.5,61,92.0,46.0,7.230859279632568,0,1.1306455910446183,0.8043648600578308,1.2435229729414425,62,lead,lead,Lead,
73635,soldier_caught,0,1,0,0,11,9,4.5,2,,,1.9672280550003052,0,1.0073762933413188,1.23881196975708,1.0309118206789905,3,lead,lead,Lead,
73636,intercepted,1,0,0,0,354,14,7.0,340,354.0,177.0,2.76224946975708,0,1.1615887748356089,1.0074397325515747,1.2540104563836503,341,lead,lead,Lead,
73637,intercepted,1,0,0,0,121,16,8.0,105,121.0,60.5,5.106667995452881,0,1.1702556991071071,0.5037902593612671,1.2972079839376467,106,lead,lead,Lead,
73638,soldier_caught,0,1,0,0,10,8,4.0,2,,,1.7924648523330688,0,0.835038810968399,0.7614487409591675,0.893883049658405,3,lead,lead,Lead,
73639,intercepted,1,0,0,0,170,13,6.5,157,170.0,85.0,5.2104973793029785,0,1.0725880162908306,0.11312944442033768,1.1654670672869223,158,lead,lead,Lead,
73640,intercepted,1,0,0,0,41,11,5.5,30,41.0,20.5,8.594345092773438,0,1.057143221459081,0.6684035658836365,1.168061874611377,31,lead,lead,Lead,
73641,intercepted,1,0,0,0,180,11,5.5,169,180.0,90.0,2.4674742221832275,0,1.1330748586093677,0.5009018778800964,1.2290670279127687,170,lead,lead,Lead,
73642,intercepted,1,0,0,0,253,10,5.0,243,253.0,126.5,4.026974678039551,0,1.1006071009352558,1.8716353178024292,1.2055950453140298,244,lead,lead,Lead,
73643,intercepted,1,0,0,0,109,11,5.5,98,109.0,54.5,4.335018634796143,0,1.1345786316828295,1.1252355575561523,1.2113181439844485,99,lead,lead,Lead,
73644,soldier_caught,0,1,0,0,14,12,6.0,2,,,0.5611554980278015,0,1.0046124855677288,1.0688931941986084,1.0059145667097156,3,lead,lead,Lead,
73645,soldier_caught,0,1,0,0,57,9,4.5,48,,,1.5985438823699951,0,0.978467081274305,1.346895694732666,1.0782869343937243,49,lead,lead,Lead,
73646,intercepted,1,0,0,0,324,22,11.0,302,324.0,162.0,7.8966803550720215,0,1.1512168320295442,0.33983272314071655,1.236854185405085,303,lead,lead,Lead,
73647,intercepted,1,0,0,0,173,12,6.0,161,173.0,86.5,11.58528995513916,0,1.1384670383032458,1.086130142211914,1.229810117099303,162,lead,lead,Lead,
73648,intercepted,1,0,0,0,268,10,5.0,258,268.0,134.0,6.441837787628174,0,1.1488161926736702,0.871604859828949,1.238203530523002,259,lead,lead,Lead,
73649,intercepted,1,0,0,0,344,9,4.5,335,344.0,172.0,3.4735500812530518,0,1.1310486252242256,0.45182499289512634,1.2189026348907503,336,lead,lead,Lead,
73650,intercepted,1,0,0,0,61,7,3.5,54,61.0,30.5,6.330263614654541,0,1.0738583744926886,1.716488242149353,1.1617653255615137,55,lead,lead,Lead,
73651,intercepted,1,0,0,0,71,8,4.0,63,71.0,35.5,8.559552192687988,0,1.1658926508389413,0.8746094703674316,1.268239152747433,64,lead,lead,Lead,
73652,intercepted,1,0,0,0,323,33,16.5,290,323.0,161.5,3.481654644012451,0,1.1413947382487382,1.3003933429718018,1.2379446817534836,291,lead,lead,Lead,
73653,intercepted,1,0,0,0,66,8,4.0,58,66.0,33.0,4.111846923828125,0,1.2222010680174424,1.1404107809066772,1.31231997014502,59,lead,lead,Lead,
73654,soldier_caught,0,1,0,0,406,58,29.0,348,,,0.6625385284423828,0,1.1577787403134698,0.7770370244979858,1.2386947558583996,349,lead,lead,Lead,
73655,intercepted,1,0,0,0,365,9,4.5,356,365.0,182.5,2.2319397926330566,0,1.138130649381659,1.5248849391937256,1.2406033997506176,357,lead,lead,Lead,
73656,intercepted,1,0,0,0,24,11,5.5,13,24.0,12.0,2.780168056488037,0,1.1493931582995824,2.0559494495391846,1.269237577407683,14,lead,lead,Lead,
73657,intercepted,1,0,0,0,38,11,5.5,27,38.0,19.0,10.839858055114746,0,1.0837156144636018,0.7432971596717834,1.1849149541639994,28,lead,lead,Lead,
73658,intercepted,1,0,0,0,32,11,5.5,21,32.0,16.0,10.887861251831055,0,1.0995909625833684,1.4477121829986572,1.168652393768544,22,lead,lead,Lead,
73659,intercepted,1,0,0,0,92,14,7.0,78,92.0,46.0,3.3296544551849365,0,1.208358742391007,0.6319735050201416,1.2981588922356815,79,lead,lead,Lead,
73660,intercepted,1,0,0,0,315,12,6.0,303,315.0,157.5,4.0753302574157715,0,1.1746433250679587,1.0502604246139526,1.2751926836786183,304,lead,lead,Lead,
73661,intercepted,1,0,0,0,205,11,5.5,194,205.0,102.5,8.887175559997559,0,1.131100442317816,0.777647078037262,1.225653792104975,195,lead,lead,Lead,
73662,intercepted,1,0,0,0,225,9,4.5,216,225.0,112.5,2.158594846725464,0,1.0721413745858153,0.20472651720046997,1.1646533032929205,217,lead,lead,Lead,
73663,intercepted,1,0,0,0,384,10,5.0,374,384.0,192.0,3.1326687335968018,0,1.104353136887153,0.7405118346214294,1.1986546383919636,375,lead,lead,Lead,
73664,intercepted,1,0,0,0,120,37,18.5,83,120.0,60.0,4.3441996574401855,0,1.1475828527694656,1.1036347150802612,1.2634155351004521,84,lead,lead,Lead,
73665,intercepted,1,0,0,0,83,9,4.5,74,83.0,41.5,2.8159468173980713,0,1.1054082230726878,1.6109952926635742,1.192947767131891,75,lead,lead,Lead,
73666,intercepted,1,0,0,0,129,46,23.0,83,129.0,64.5,10.72762680053711,0,1.2074654042011215,0.9566013216972351,1.2875458305144443,84,lead,lead,Lead,
73667,intercepted,1,0,0,0,132,7,3.5,125,132.0,66.0,3.6828391551971436,0,1.1167730447791873,0.9663888812065125,1.2090780428741807,126,lead,lead,Lead,
73668,intercepted,1,0,0,0,58,9,4.5,49,58.0,29.0,3.8254642486572266,0,1.0183166781067847,0.21782304346561432,1.1196703453822234,50,lead,lead,Lead,
73669,soldier_caught,0,1,0,0,314,12,6.0,302,,,1.4783656597137451,0,1.0722601012182313,1.8378698825836182,1.16839425067543,303,lead,lead,Lead,
73670,intercepted,1,0,0,0,14,12,6.0,2,14.0,7.0,4.6406025886535645,0,1.7352079550425212,2.3213906288146973,1.7966784037492645,3,lead,lead,Lead,
73671,intercepted,1,0,0,0,95,9,4.5,86,95.0,47.5,10.518132209777832,0,1.1300033207597404,0.9226004481315613,1.241550103218797,87,lead,lead,Lead,
73672,intercepted,1,0,0,0,70,13,6.5,57,70.0,35.0,9.90661907196045,0,1.1796748052383292,1.6617010831832886,1.306753697185584,58,lead,lead,Lead,
73673,intercepted,1,0,0,0,157,11,5.5,146,157.0,78.5,8.740517616271973,0,1.1043514349833639,0.8148486018180847,1.2044700126533,147,lead,lead,Lead,
73674,intercepted,1,0,0,0,104,12,6.0,92,104.0,52.0,7.444091320037842,0,1.1083987707732825,1.4020365476608276,1.2017871089565244,93,lead,lead,Lead,
73675,intercepted,1,0,0,0,401,7,3.5,394,401.0,200.5,2.127661943435669,0,1.0954878171976608,1.2520474195480347,1.1979494738040362,395,lead,lead,Lead,
73676,intercepted,1,0,0,0,216,13,6.5,203,216.0,108.0,5.764895915985107,0,1.1508888468584593,1.5873152017593384,1.253424252163288,204,lead,lead,Lead,
73677,intercepted,1,0,0,0,60,32,16.0,28,60.0,30.0,12.06971263885498,0,1.0116369354313817,0.5391786694526672,1.1096133917416946,29,lead,lead,Lead,
73678,intercepted,1,0,0,0,168,11,5.5,157,168.0,84.0,6.673432350158691,0,1.1611106370257427,1.0632048845291138,1.2731705300084633,158,lead,lead,Lead,
73679,intercepted,1,0,0,0,85,7,3.5,78,85.0,42.5,2.2115585803985596,0,1.0655054987608632,0.8865504264831543,1.1831673922731598,79,lead,lead,Lead,
73680,soldier_caught,0,1,0,0,32,8,4.0,24,,,0.9376608729362488,0,1.0166486597061157,1.2100316286087036,1.1130549617570493,25,lead,lead,Lead,
73681,intercepted,1,0,0,0,223,10,5.0,213,223.0,111.5,7.569463729858398,0,1.2009467740551891,1.708351969718933,1.2864934198484053,214,lead,lead,Lead,
73682,intercepted,1,0,0,0,21,10,5.0,11,21.0,10.5,9.023894309997559,0,1.2171765665213268,1.5906871557235718,1.3019913893727837,12,lead,lead,Lead,
73683,soldier_caught,0,1,0,0,87,9,4.5,78,,,1.5825620889663696,0,1.104839752274978,0.8594233393669128,1.1911100899814333,79,lead,lead,Lead,
73684,intercepted,1,0,0,0,12,10,5.0,2,12.0,6.0,5.107807159423828,0,1.4125242829322815,1.8428176641464233,1.4544997280939898,3,lead,lead,Lead,
73685,intercepted,1,0,0,0,557,11,5.5,546,557.0,278.5,3.309763193130493,0,1.1746472796421819,1.9368454217910767,1.2780802618248062,547,lead,lead,Lead,
73686,soldier_caught,0,1,0,0,157,11,5.5,146,,,1.515157699584961,0,1.0564631160830154,1.116844892501831,1.1357346561264334,147,lead,lead,Lead,
73687,intercepted,1,0,0,0,126,10,5.0,116,126.0,63.0,4.039393901824951,0,1.1437408287301023,0.8736885786056519,1.2574432300246392,117,lead,lead,Lead,
73688,intercepted,1,0,0,0,26,13,6.5,13,26.0,13.0,3.2366504669189453,0,1.2777621825890881,0.6278769373893738,1.4163858859108902,14,lead,lead,Lead,
73689,intercepted,1,0,0,0,175,12,6.0,163,175.0,87.5,4.667964458465576,0,1.1581761578961116,0.4238285720348358,1.2592579092144653,164,lead,lead,Lead,
73690,soldier_caught,0,1,0,0,124,7,3.5,117,,,1.6705000400543213,0,1.2116268885842825,1.420441746711731,1.2887055145892132,118,lead,lead,Lead,
73691,soldier_caught,0,1,0,0,295,12,6.0,283,,,1.543543815612793,0,1.136925044744997,0.7397078275680542,1.23287092450327,284,lead,lead,Lead,
73692,intercepted,1,0,0,0,194,11,5.5,183,194.0,97.0,4.787827491760254,0,1.1097840771241032,1.4047484397888184,1.2128513579030578,184,lead,lead,Lead,
73693,intercepted,1,0,0,0,45,15,7.5,30,45.0,22.5,8.95643138885498,0,1.104847781119808,1.3381364345550537,1.1734637110104238,31,lead,lead,Lead,
73694,intercepted,1,0,0,0,381,9,4.5,372,381.0,190.5,4.073609352111816,0,1.1686818237558767,0.9819524884223938,1.2744241150874982,373,lead,lead,Lead,
73695,intercepted,1,0,0,0,225,10,5.0,215,225.0,112.5,10.485885620117188,0,1.1669775525590889,1.339640498161316,1.2771730450971406,216,lead,lead,Lead,
73696,intercepted,1,0,0,0,136,22,11.0,114,136.0,68.0,8.429657936096191,0,1.1634522515794505,1.3299294710159302,1.242829004461984,115,lead,lead,Lead,
73697,intercepted,1,0,0,0,114,10,5.0,104,114.0,57.0,4.790904998779297,0,1.1515131930510203,1.0940049886703491,1.2647585871785934,105,lead,lead,Lead,
73698,intercepted,1,0,0,0,174,26,13.0,148,174.0,87.0,9.200728416442871,0,1.0438604407862528,1.5605543851852417,1.135828047967424,149,lead,lead,Lead,
73699,intercepted,1,0,0,0,48,16,8.0,32,48.0,24.0,10.373550415039062,0,1.1581506620753894,1.4968622922897339,1.2655681812253796,33,lead,lead,Lead,
73700,intercepted,1,0,0,0,142,8,4.0,134,142.0,71.0,4.011653900146484,0,1.125869063343163,1.672850489616394,1.2179209177907735,135,lead,lead,Lead,
73701,intercepted,1,0,0,0,243,101,50.5,142,243.0,121.5,2.282155752182007,0,1.1937485735316378,0.8977159857749939,1.285253952512404,143,lead,lead,Lead,
73702,intercepted,1,0,0,0,45,12,6.0,33,45.0,22.5,10.156526565551758,0,1.0375571995973587,1.2642184495925903,1.0972877249349673,34,lead,lead,Lead,
73703,intercepted,1,0,0,0,341,67,33.5,274,341.0,170.5,13.56013011932373,0,1.1301662798361345,1.1616485118865967,1.218124394282878,275,lead,lead,Lead,
73704,intercepted,1,0,0,0,189,45,22.5,144,189.0,94.5,10.797511100769043,0,1.1220319284961142,0.942733645439148,1.2253514160903118,145,lead,lead,Lead,
73705,soldier_caught,0,1,0,0,11,9,4.5,2,,,1.9445427656173706,0,1.0420730511347454,0.8775551319122314,1.0630306701149157,3,lead,lead,Lead,
73706,intercepted,1,0,0,0,135,9,4.5,126,135.0,67.5,7.984089374542236,0,1.141513589212275,1.0373395681381226,1.2352714606707726,127,lead,lead,Lead,
73707,soldier_caught,0,1,0,0,76,26,13.0,50,,,1.736676812171936,0,1.2103418263734556,1.212123990058899,1.265695336530772,51,lead,lead,Lead,
73708,intercepted,1,0,0,0,71,17,8.5,54,71.0,35.5,13.327347755432129,0,1.172566192258488,0.4262546896934509,1.300451473064613,55,lead,lead,Lead,
73709,intercepted,1,0,0,0,58,10,5.0,48,58.0,29.0,3.0363357067108154,0,1.0911470730693973,1.484289526939392,1.1615166309528302,49,lead,lead,Lead,
73710,intercepted,1,0,0,0,128,9,4.5,119,128.0,64.0,11.076377868652344,0,1.1078791880359253,0.768768310546875,1.2001623486652595,120,lead,lead,Lead,
73711,intercepted,1,0,0,0,111,10,5.0,101,111.0,55.5,10.618972778320312,0,1.1164371309911503,1.7117983102798462,1.2093554299939562,102,lead,lead,Lead,
73712,intercepted,1,0,0,0,42,9,4.5,33,42.0,21.0,5.678635597229004,0,1.0882794199620975,0.27117663621902466,1.2001327245848867,34,lead,lead,Lead,
73713,unsafe_intercept,0,0,1,0,10,8,4.0,2,,,3.405975580215454,0,1.075746238231659,1.260155200958252,1.083620799313552,3,lead,lead,Lead,
73714,intercepted,1,0,0,0,21,13,6.5,8,21.0,10.5,9.919195175170898,0,1.1163037882910833,0.8876395225524902,1.2137785099131055,9,lead,lead,Lead,
73715,intercepted,1,0,0,0,56,10,5.0,46,56.0,28.0,8.854636192321777,0,1.1066559058554628,1.284114122390747,1.194420814978849,47,lead,lead,Lead,
73716,intercepted,1,0,0,0,84,11,5.5,73,84.0,42.0,6.7296528816223145,0,1.0922077954620928,0.7013463377952576,1.1671180747060859,74,lead,lead,Lead,
73717,intercepted,1,0,0,0,239,8,4.0,231,239.0,119.5,4.44764518737793,0,1.14143520683564,0.9616276621818542,1.2404882730567606,232,lead,lead,Lead,
73718,intercepted,1,0,0,0,355,10,5.0,345,355.0,177.5,2.9652762413024902,0,1.1236515134314582,1.1595474481582642,1.2151277180444906,346,lead,lead,Lead,
73719,intercepted,1,0,0,0,57,9,4.5,48,57.0,28.5,10.194289207458496,0,1.1221881995395737,1.575722575187683,1.207857072526062,49,lead,lead,Lead,
73720,intercepted,1,0,0,0,188,9,4.5,179,188.0,94.0,3.4647088050842285,0,1.0562311744524373,0.9444949626922607,1.1499860273727145,180,lead,lead,Lead,
73721,intercepted,1,0,0,0,124,11,5.5,113,124.0,62.0,5.395681858062744,0,1.088350696521893,0.7451043128967285,1.1837482566705206,114,lead,lead,Lead,
73722,intercepted,1,0,0,0,39,9,4.5,30,39.0,19.5,3.302211046218872,0,1.1303538285916852,1.0889605283737183,1.1934286698570764,31,lead,lead,Lead,
73723,intercepted,1,0,0,0,180,10,5.0,170,180.0,90.0,2.001983404159546,0,1.105156884555928,1.281563401222229,1.1926035237351007,171,lead,lead,Lead,
73724,intercepted,1,0,0,0,63,12,6.0,51,63.0,31.5,8.505221366882324,0,1.2294806895347743,1.5447208881378174,1.3201907405533482,52,lead,lead,Lead,
73725,intercepted,1,0,0,0,166,13,6.5,153,166.0,83.0,5.199097156524658,0,1.094361922183594,0.2160613089799881,1.1854521810039935,154,lead,lead,Lead,
73726,intercepted,1,0,0,0,111,21,10.5,90,111.0,55.5,5.812320232391357,0,1.1093378142341153,0.7900319695472717,1.2008373256015137,91,lead,lead,Lead,
73727,intercepted,1,0,0,0,515,13,6.5,502,515.0,257.5,2.013538122177124,0,1.1465107489295792,1.4164656400680542,1.2471365455548817,503,lead,lead,Lead,
73728,intercepted,1,0,0,0,118,9,4.5,109,118.0,59.0,6.34316873550415,0,1.1087647076357494,0.8614490628242493,1.2070275243366042,110,lead,lead,Lead,
73729,intercepted,1,0,0,0,81,7,3.5,74,81.0,40.5,3.4556686878204346,0,1.1174542591969172,1.1220369338989258,1.2127954172704283,75,lead,lead,Lead,
73730,intercepted,1,0,0,0,57,8,4.0,49,57.0,28.5,8.643441200256348,0,1.0800650322437286,0.2731987237930298,1.169285784272247,50,lead,lead,Lead,
73731,intercepted,1,0,0,0,9,7,3.5,2,9.0,4.5,4.895395278930664,0,0.5982075134913126,0.6842117309570312,0.6012918388966806,3,lead,lead,Lead,
73732,intercepted,1,0,0,0,111,14,7.0,97,111.0,55.5,7.3308892250061035,0,1.1651433166496608,1.1559743881225586,1.2432617338773113,98,lead,lead,Lead,
73733,intercepted,1,0,0,0,143,11,5.5,132,143.0,71.5,2.9473700523376465,0,1.1649856699588603,0.4633079469203949,1.2498289681976802,133,lead,lead,Lead,
73734,intercepted,1,0,0,0,389,11,5.5,378,389.0,194.5,2.052638053894043,0,1.157836567561356,0.8666834831237793,1.258707407154788,379,lead,lead,Lead,
73735,intercepted,1,0,0,0,327,67,33.5,260,327.0,163.5,7.144751071929932,0,1.1209576685424052,1.3616914749145508,1.2202860593208242,261,lead,lead,Lead,
73736,intercepted,1,0,0,0,13,11,5.5,2,13.0,6.5,4.3027801513671875,0,1.3616777658462524,1.0584123134613037,1.40454842600582,3,lead,lead,Lead,
73737,intercepted,1,0,0,0,266,8,4.0,258,266.0,133.0,2.9176251888275146,0,1.132995244388875,0.8271738886833191,1.2202099947587455,259,lead,lead,Lead,
73738,intercepted,1,0,0,0,177,9,4.5,168,177.0,88.5,3.055694103240967,0,1.181520451984462,1.9040136337280273,1.2699032446355927,169,lead,lead,Lead,
73739,intercepted,1,0,0,0,58,8,4.0,50,58.0,29.0,3.948727607727051,0,1.102777515556298,1.7842878103256226,1.1779906784535663,51,lead,lead,Lead,
73740,intercepted,1,0,0,0,165,28,14.0,137,165.0,82.5,7.546507358551025,0,1.1855802440988845,1.1221927404403687,1.2815381910351071,138,lead,lead,Lead,
73741,intercepted,1,0,0,0,531,12,6.0,519,531.0,265.5,2.223297357559204,0,1.1310451602993103,1.1700608730316162,1.2252381124081713,520,lead,lead,Lead,
73742,intercepted,1,0,0,0,73,21,10.5,52,73.0,36.5,7.547932147979736,0,1.2007446603954963,1.1740220785140991,1.3104249813470865,53,lead,lead,Lead,
73743,intercepted,1,0,0,0,17,9,4.5,8,17.0,8.5,10.549694061279297,0,0.991395910580953,0.9599511623382568,1.16619625251065,9,lead,lead,Lead,
73744,intercepted,1,0,0,0,77,10,5.0,67,77.0,38.5,9.074237823486328,0,1.1518263336928452,1.1389371156692505,1.2576754317597079,68,lead,lead,Lead,
73745,intercepted,1,0,0,0,114,9,4.5,105,114.0,57.0,2.1085708141326904,0,1.0894375738670241,1.0554018020629883,1.188644332442296,106,lead,lead,Lead,
73746,intercepted,1,0,0,0,25,8,4.0,17,25.0,12.5,8.766071319580078,0,1.209712255332205,1.031622290611267,1.2980779476751514,18,lead,lead,Lead,
73747,intercepted,1,0,0,0,121,12,6.0,109,121.0,60.5,4.9168548583984375,0,1.2080385781147263,0.27733883261680603,1.3036400061306364,110,lead,lead,Lead,
73748,intercepted,1,0,0,0,402,37,18.5,365,402.0,201.0,11.601240158081055,0,1.1631806169539853,0.9207741618156433,1.2638719576805157,366,lead,lead,Lead,
73749,intercepted,1,0,0,0,281,14,7.0,267,281.0,140.5,4.6199235916137695,0,1.0856114980667384,0.7861728668212891,1.1927452122407307,268,lead,lead,Lead,
73750,intercepted,1,0,0,0,371,52,26.0,319,371.0,185.5,5.998204708099365,0,1.1393677812535317,0.8664456605911255,1.2354291515219282,320,lead,lead,Lead,
73751,soldier_caught,0,1,0,0,328,9,4.5,319,,,1.7844303846359253,0,1.1529172517359256,1.0752006769180298,1.2513766600438838,320,lead,lead,Lead,
73752,soldier_caught,0,1,0,0,176,34,17.0,142,,,1.520167589187622,0,1.2315033380385045,0.9901299476623535,1.3341168523343185,143,lead,lead,Lead,
73753,soldier_caught,0,1,0,0,33,8,4.0,25,,,1.2539963722229004,0,0.9823826860923034,0.45012205839157104,1.0506090759142919,26,lead,lead,Lead,
73754,intercepted,1,0,0,0,1184,7,3.5,1177,1184.0,592.0,2.520509719848633,0,1.1571903447786596,0.822570264339447,1.254178146292121,1178,lead,lead,Lead,
73755,intercepted,1,0,0,0,217,9,4.5,208,217.0,108.5,2.064784049987793,0,1.1446016382729038,0.48816269636154175,1.247744401595095,209,lead,lead,Lead,
73756,intercepted,1,0,0,0,84,10,5.0,74,84.0,42.0,8.58816909790039,0,1.1232541394233704,1.3701149225234985,1.2086532918893662,75,lead,lead,Lead,
73757,intercepted,1,0,0,0,106,32,16.0,74,106.0,53.0,4.385040283203125,0,1.1118043742577235,0.8209785223007202,1.2031717788375336,75,lead,lead,Lead,
73758,intercepted,1,0,0,0,37,9,4.5,28,37.0,18.5,6.288352966308594,0,1.366810345444186,0.3878220021724701,1.4496625150755995,29,lead,lead,Lead,
73759,soldier_caught,0,1,0,0,37,13,6.5,24,,,1.572370171546936,0,1.1219184064865113,1.9671473503112793,1.2248392399654764,25,lead,lead,Lead,
73760,intercepted,1,0,0,0,48,7,3.5,41,48.0,24.0,7.354366779327393,0,1.1059565831507956,1.2741299867630005,1.1859429459735464,42,lead,lead,Lead,
73761,soldier_caught,0,1,0,0,11,9,4.5,2,,,0.9164390563964844,0,1.30929168065389,1.815793752670288,1.4001640267460453,3,lead,lead,Lead,
73762,intercepted,1,0,0,0,232,14,7.0,218,232.0,116.0,6.271287441253662,0,1.1274202460567702,1.5120034217834473,1.214753871127965,219,lead,lead,Lead,
73763,intercepted,1,0,0,0,146,9,4.5,137,146.0,73.0,3.189307928085327,0,1.06593298976836,0.6747684478759766,1.1634651954221102,138,lead,lead,Lead,
73764,intercepted,1,0,0,0,81,12,6.0,69,81.0,40.5,7.039702892303467,0,1.0287708531532969,1.2157835960388184,1.124220747695443,70,lead,lead,Lead,
73765,soldier_caught,0,1,0,0,58,10,5.0,48,,,1.4440085887908936,0,1.1816580648324928,0.9734645485877991,1.3019009486518611,49,lead,lead,Lead,
73766,intercepted,1,0,0,0,11,9,4.5,2,11.0,5.5,6.693537712097168,0,0.9586930274963379,1.2288545370101929,1.0051955873256389,3,lead,lead,Lead,
73767,intercepted,1,0,0,0,104,85,42.5,19,104.0,52.0,9.844590187072754,0,1.1553221933543683,0.9835042953491211,1.3135676107245728,20,lead,lead,Lead,
73768,intercepted,1,0,0,0,182,8,4.0,174,182.0,91.0,5.932952880859375,0,1.123790473639965,0.5172095894813538,1.2380089187506447,175,lead,lead,Lead,
73769,intercepted,1,0,0,0,348,11,5.5,337,348.0,174.0,2.7399728298187256,0,1.109861946273485,2.491004467010498,1.2171753661812408,338,lead,lead,Lead,
73770,intercepted,1,0,0,0,71,8,4.0,63,71.0,35.5,2.526543378829956,0,1.125001891516149,0.7284989953041077,1.2069235220333838,64,lead,lead,Lead,
73771,intercepted,1,0,0,0,200,12,6.0,188,200.0,100.0,4.158575534820557,0,1.099726653919018,0.5231977701187134,1.185803990061178,189,lead,lead,Lead,
73772,intercepted,1,0,0,0,298,32,16.0,266,298.0,149.0,8.174683570861816,0,1.1207899423909098,1.5960047245025635,1.2179089532492107,267,lead,lead,Lead,
73773,intercepted,1,0,0,0,43,10,5.0,33,43.0,21.5,5.501165390014648,0,1.1596914718256277,0.8857322931289673,1.2505802107138075,34,lead,lead,Lead,
73774,intercepted,1,0,0,0,747,12,6.0,735,747.0,373.5,3.1518313884735107,0,1.1178411409542288,1.7418657541275024,1.2194119830116126,736,lead,lead,Lead,
73775,intercepted,1,0,0,0,55,10,5.0,45,55.0,27.5,5.314390182495117,0,1.2944587725012198,0.9989986419677734,1.405856596483582,46,lead,lead,Lead,
73776,intercepted,1,0,0,0,589,16,8.0,573,589.0,294.5,4.067695617675781,0,1.13615793011797,1.3506580591201782,1.2317136197132106,574,lead,lead,Lead,
73777,intercepted,1,0,0,0,129,15,7.5,114,129.0,64.5,2.170079469680786,0,1.1221824029217595,1.6626111268997192,1.2142666461759883,115,lead,lead,Lead,
73778,intercepted,1,0,0,0,56,9,4.5,47,56.0,28.0,3.816743850708008,0,1.1206312930832307,0.9569941163063049,1.211854985350367,48,lead,lead,Lead,
73779,intercepted,1,0,0,0,16,14,7.0,2,16.0,8.0,4.019393444061279,0,1.7242424090703328,1.4930462837219238,1.75490074610757,3,lead,lead,Lead,
73780,intercepted,1,0,0,0,694,125,62.5,569,694.0,347.0,4.290294647216797,0,1.0882695959064,1.5527489185333252,1.1872850507347528,570,lead,lead,Lead,
73781,intercepted,1,0,0,0,440,9,4.5,431,440.0,220.0,8.044014930725098,0,1.1228556362567124,0.7046443819999695,1.2167490725645809,432,lead,lead,Lead,
73782,soldier_caught,0,1,0,0,503,12,6.0,491,,,1.8242318630218506,0,1.1306276936084032,1.7169898748397827,1.2249660452390638,492,lead,lead,Lead,
73783,soldier_caught,0,1,0,0,190,8,4.0,182,,,0.5005733966827393,0,1.1558662494186496,1.0288233757019043,1.2589113938698733,183,lead,lead,Lead,
73784,intercepted,1,0,0,0,223,12,6.0,211,223.0,111.5,10.800972938537598,0,1.1276089924405206,0.6864713430404663,1.220769301693614,212,lead,lead,Lead,
73785,intercepted,1,0,0,0,348,12,6.0,336,348.0,174.0,3.3137776851654053,0,1.1105228870311195,0.21000578999519348,1.2092673537064123,337,lead,lead,Lead,
73786,intercepted,1,0,0,0,215,10,5.0,205,215.0,107.5,5.145750522613525,0,1.1465414300271608,1.0934079885482788,1.2442121021537607,206,lead,lead,Lead,
73787,intercepted,1,0,0,0,188,15,7.5,173,188.0,94.0,8.098286628723145,0,1.09780362976351,1.584505319595337,1.2177875852051545,174,lead,lead,Lead,
73788,intercepted,1,0,0,0,35,14,7.0,21,35.0,17.5,11.977401733398438,0,1.1162511801177806,1.081883192062378,1.2132356926710246,22,lead,lead,Lead,
73789,intercepted,1,0,0,0,108,8,4.0,100,108.0,54.0,3.2462878227233887,0,1.1903031902147991,1.465203046798706,1.2804348477308398,101,lead,lead,Lead,
73790,intercepted,1,0,0,0,14,12,6.0,2,14.0,7.0,5.15562629699707,0,1.0306847592194874,1.076721429824829,1.1493059933220622,3,lead,lead,Lead,
73791,intercepted,1,0,0,0,132,8,4.0,124,132.0,66.0,4.806005954742432,0,1.102403119802475,1.8373972177505493,1.19764378095435,125,lead,lead,Lead,
73792,intercepted,1,0,0,0,167,18,9.0,149,167.0,83.5,3.9240942001342773,0,1.1168550992012023,0.6084432005882263,1.208328656237481,150,lead,lead,Lead,
73793,intercepted,1,0,0,0,45,18,9.0,27,45.0,22.5,13.754258155822754,0,1.076030216046742,1.4969772100448608,1.1595253981251248,28,lead,lead,Lead,
73794,intercepted,1,0,0,0,407,20,10.0,387,407.0,203.5,2.1149444580078125,0,1.143575136117714,1.5525423288345337,1.2426082357683128,388,lead,lead,Lead,
73795,intercepted,1,0,0,0,29,16,8.0,13,29.0,14.5,6.0739617347717285,0,1.0721623046057565,0.8105220198631287,1.1367185137927849,14,lead,lead,Lead,
73796,intercepted,1,0,0,0,232,37,18.5,195,232.0,116.0,7.7127299308776855,0,1.1091359567885497,1.2426338195800781,1.1971021534545703,196,lead,lead,Lead,
73797,intercepted,1,0,0,0,93,53,26.5,40,93.0,46.5,4.833545684814453,0,0.9973026027039784,1.4789025783538818,1.09575249710594,41,lead,lead,Lead,
73798,intercepted,1,0,0,0,614,11,5.5,603,614.0,307.0,4.600475788116455,0,1.1217876803623328,0.8910379409790039,1.2124952135222014,604,lead,lead,Lead,
73799,soldier_caught,0,1,0,0,571,42,21.0,529,,,1.1206977367401123,0,1.1295448406968476,1.36966872215271,1.2287830362001382,530,lead,lead,Lead,
73800,intercepted,1,0,0,0,139,15,7.5,124,139.0,69.5,4.271985054016113,0,1.0959214117527007,1.1598224639892578,1.1922838802065217,125,lead,lead,Lead,
73801,intercepted,1,0,0,0,136,21,10.5,115,136.0,68.0,7.759719371795654,0,1.0792701376023992,0.8037017583847046,1.1956451977732507,116,lead,lead,Lead,
73802,soldier_caught,0,1,0,0,116,9,4.5,107,,,0.6772006154060364,0,1.0051391897378144,1.4482853412628174,1.1121843630021055,108,lead,lead,Lead,
73803,intercepted,1,0,0,0,97,66,33.0,31,97.0,48.5,10.429161071777344,0,1.1013709884136915,0.8329447507858276,1.2250221429192354,32,lead,lead,Lead,
73804,intercepted,1,0,0,0,24,9,4.5,15,24.0,12.0,8.471673965454102,0,0.9041984751820564,2.4402897357940674,1.0493602439262235,16,lead,lead,Lead,
73805,soldier_caught,0,1,0,0,20,18,9.0,2,,,1.6857883930206299,0,0.8239560027917227,0.3582499623298645,1.0309327556609924,3,lead,lead,Lead,
73806,intercepted,1,0,0,0,216,12,6.0,204,216.0,108.0,7.677833080291748,0,1.0896924167144588,1.0147656202316284,1.1921738668929482,205,lead,lead,Lead,
73807,intercepted,1,0,0,0,94,14,7.0,80,94.0,47.0,8.545615196228027,0,1.1444216251005361,1.0892239809036255,1.2538994853691874,81,lead,lead,Lead,
73808,intercepted,1,0,0,0,31,13,6.5,18,31.0,15.5,12.388007164001465,0,1.253661154916412,1.2412511110305786,1.3948471883701579,19,lead,lead,Lead,
73809,intercepted,1,0,0,0,84,41,20.5,43,84.0,42.0,13.844481468200684,0,1.134342761202292,0.6228917837142944,1.2393113382840029,44,lead,lead,Lead,
73810,intercepted,1,0,0,0,103,12,6.0,91,103.0,51.5,8.11369800567627,0,1.0855664591831358,0.4743417501449585,1.180392244133977,92,lead,lead,Lead,
73811,soldier_caught,0,1,0,0,20,18,9.0,2,,,1.3812884092330933,0,1.1914193828900654,0.8884126543998718,1.2167182362836508,3,lead,lead,Lead,
73812,intercepted,1,0,0,0,871,19,9.5,852,871.0,435.5,8.254805564880371,0,1.147028455307657,1.4129441976547241,1.2460597402993994,853,lead,lead,Lead,
73813,intercepted,1,0,0,0,61,8,4.0,53,61.0,30.5,2.488013982772827,0,1.0922150104134172,1.0201036930084229,1.174918263700706,54,lead,lead,Lead,
73814,intercepted,1,0,0,0,216,12,6.0,204,216.0,108.0,9.499590873718262,0,1.2192239813688324,0.7746580243110657,1.3190584443083782,205,lead,lead,Lead,
73815,intercepted,1,0,0,0,244,10,5.0,234,244.0,122.0,3.393838405609131,0,1.1272701470775808,0.8152289390563965,1.2068537425302461,235,lead,lead,Lead,
73816,intercepted,1,0,0,0,61,9,4.5,52,61.0,30.5,12.33526611328125,0,1.0968343517128027,1.0881439447402954,1.1812837891042474,53,lead,lead,Lead,
73817,intercepted,1,0,0,0,283,18,9.0,265,283.0,141.5,2.8202571868896484,0,1.1141435714032417,0.9054191708564758,1.2018618104555856,266,lead,lead,Lead,
73818,intercepted,1,0,0,0,61,9,4.5,52,61.0,30.5,8.395370483398438,0,1.2432833437649708,1.1607940196990967,1.3480722588018184,53,lead,lead,Lead,
73819,intercepted,1,0,0,0,23,8,4.0,15,23.0,11.5,9.509878158569336,0,1.0256252754479647,0.8801992535591125,1.1097726140806057,16,lead,lead,Lead,
73820,intercepted,1,0,0,0,383,40,20.0,343,383.0,191.5,2.6225531101226807,0,1.0899453122861857,0.9342189431190491,1.1897756876928143,344,lead,lead,Lead,
73821,intercepted,1,0,0,0,22,9,4.5,13,22.0,11.0,4.564512252807617,0,1.064825815813882,0.7189186811447144,1.1003964042507939,14,lead,lead,Lead,
73822,intercepted,1,0,0,0,413,49,24.5,364,413.0,206.5,7.588016986846924,0,1.1338479235564192,0.46081164479255676,1.2282449427333864,365,lead,lead,Lead,
73823,intercepted,1,0,0,0,90,15,7.5,75,90.0,45.0,4.911613464355469,0,1.0659655959982621,2.2027056217193604,1.188547558424796,76,lead,lead,Lead,
73824,intercepted,1,0,0,0,300,10,5.0,290,300.0,150.0,4.386435031890869,0,1.1133801786555457,0.769736111164093,1.2153278406296357,291,lead,lead,Lead,
73825,intercepted,1,0,0,0,91,14,7.0,77,91.0,45.5,3.1409924030303955,0,1.1245218110390198,0.2636321187019348,1.2158743375282117,78,lead,lead,Lead,
73826,soldier_caught,0,1,0,0,285,11,5.5,274,,,1.8207417726516724,0,1.1573739797418767,1.1481497287750244,1.255116465625735,275,lead,lead,Lead,
73827,soldier_caught,0,1,0,0,184,14,7.0,170,,,1.7260069847106934,0,1.1025748680732403,0.935136079788208,1.2103855943235644,171,lead,lead,Lead,
73828,intercepted,1,0,0,0,39,11,5.5,28,39.0,19.5,6.022894859313965,0,1.1720614936845055,0.8369541168212891,1.2604641656792497,29,lead,lead,Lead,
73829,intercepted,1,0,0,0,106,10,5.0,96,106.0,53.0,11.142810821533203,0,1.1908646215175844,1.2314945459365845,1.2927685882460644,97,lead,lead,Lead,
73830,soldier_caught,0,1,0,0,39,14,7.0,25,,,1.183638572692871,0,0.9864219556061121,0.6332870721817017,1.089139334116507,26,lead,lead,Lead,
73831,unsafe_intercept,0,0,1,0,98,29,14.5,69,,,2.34731125831604,0,1.1786966587815966,0.763865053653717,1.2714855342972908,70,lead,lead,Lead,
73832,intercepted,1,0,0,0,139,16,8.0,123,139.0,69.5,10.0438232421875,0,1.0234228479525735,0.986356258392334,1.1273351767731805,124,lead,lead,Lead,
73833,intercepted,1,0,0,0,28,11,5.5,17,28.0,14.0,10.208161354064941,0,1.191341072320938,0.8576796650886536,1.2949495833153546,18,lead,lead,Lead,
73834,intercepted,1,0,0,0,30,8,4.0,22,30.0,15.0,3.1467647552490234,0,1.1020848012488822,0.5220405459403992,1.165886122407337,23,lead,lead,Lead,
73835,soldier_caught,0,1,0,0,38,12,6.0,26,,,1.5931965112686157,0,1.2137821095961112,0.7836586833000183,1.3833413700690287,27,lead,lead,Lead,
73836,soldier_caught,0,1,0,0,85,15,7.5,70,,,1.986513376235962,0,1.037615740802926,0.31316351890563965,1.1292165460273038,71,lead,lead,Lead,
73837,intercepted,1,0,0,0,191,10,5.0,181,191.0,95.5,3.626598358154297,0,1.1647064251886619,1.1216682195663452,1.2686976224349535,182,lead,lead,Lead,
73838,intercepted,1,0,0,0,275,36,18.0,239,275.0,137.5,7.680427074432373,0,1.0895252081876,1.2574641704559326,1.1822126563919857,240,lead,lead,Lead,
73839,intercepted,1,0,0,0,477,8,4.0,469,477.0,238.5,3.247394323348999,0,1.1301027109014228,0.8769749402999878,1.2222746440378245,470,lead,lead,Lead,
73840,intercepted,1,0,0,0,144,59,29.5,85,144.0,72.0,8.46614933013916,0,1.1362993266693382,0.6580202579498291,1.230468454405649,86,lead,lead,Lead,
73841,intercepted,1,0,0,0,205,14,7.0,191,205.0,102.5,3.009338855743408,0,1.1348101066735883,2.2262320518493652,1.2239423841279502,192,lead,lead,Lead,
73842,intercepted,1,0,0,0,34,11,5.5,23,34.0,17.0,6.13993501663208,0,1.0942178145051003,0.848000705242157,1.2006016446774255,24,lead,lead,Lead,
73843,intercepted,1,0,0,0,28,11,5.5,17,28.0,14.0,3.377242088317871,0,1.1752462287743886,0.5827589631080627,1.2688098477782281,18,lead,lead,Lead,
73844,soldier_caught,0,1,0,0,180,31,15.5,149,,,1.7562142610549927,0,1.2171510124206544,0.1983109712600708,1.3121653380308411,150,lead,lead,Lead,
73845,intercepted,1,0,0,0,222,24,12.0,198,222.0,111.0,6.659282207489014,0,1.1463300903238842,0.5851242542266846,1.254917641729997,199,lead,lead,Lead,
73846,intercepted,1,0,0,0,107,37,18.5,70,107.0,53.5,12.814902305603027,0,1.0836129037427231,1.8278286457061768,1.1832575552400895,71,lead,lead,Lead,
73847,intercepted,1,0,0,0,172,8,4.0,164,172.0,86.0,3.811147451400757,0,1.0919685831575683,0.8924345970153809,1.1805824827239084,165,lead,lead,Lead,
73848,soldier_caught,0,1,0,0,83,10,5.0,73,,,1.0006464719772339,0,1.0658816497873616,0.6473380923271179,1.1539200794076172,74,lead,lead,Lead,
73849,intercepted,1,0,0,0,82,11,5.5,71,82.0,41.0,2.6219372749328613,0,1.1701454093886747,1.3547605276107788,1.2736437118383734,72,lead,lead,Lead,
73850,soldier_caught,0,1,0,0,77,9,4.5,68,,,1.6484549045562744,0,1.1598987570707349,1.2930424213409424,1.2846769978636503,69,lead,lead,Lead,
73851,intercepted,1,0,0,0,285,32,16.0,253,285.0,142.5,6.433715343475342,0,1.1225270698741665,0.7110407948493958,1.2321504770291674,254,lead,lead,Lead,
73852,intercepted,1,0,0,0,405,39,19.5,366,405.0,202.5,2.8412606716156006,0,1.0966939719886155,0.9349097013473511,1.1929265021825797,367,lead,lead,Lead,
73853,intercepted,1,0,0,0,18,10,5.0,8,18.0,9.0,7.335270881652832,0,1.117602354950375,0.7885058522224426,1.2192467058989858,9,lead,lead,Lead,
73854,intercepted,1,0,0,0,229,11,5.5,218,229.0,114.5,2.714721918106079,0,1.1454487253133565,0.790503740310669,1.239081674184874,219,lead,lead,Lead,
73855,intercepted,1,0,0,0,331,11,5.5,320,331.0,165.5,8.444823265075684,0,1.114533629929908,0.5228121876716614,1.2006353535132441,321,lead,lead,Lead,
73856,intercepted,1,0,0,0,197,30,15.0,167,197.0,98.5,7.494693756103516,0,1.1058091545211417,1.4084997177124023,1.1948861117974154,168,lead,lead,Lead,
73857,soldier_caught,0,1,0,0,78,9,4.5,69,,,1.8782789707183838,0,1.1571359953710012,1.0028882026672363,1.241254035649101,70,lead,lead,Lead,
73858,intercepted,1,0,0,0,108,10,5.0,98,108.0,54.0,4.543481826782227,0,1.0847169796023706,1.2426446676254272,1.1769854488275606,99,lead,lead,Lead,
73859,intercepted,1,0,0,0,64,9,4.5,55,64.0,32.0,9.342159271240234,0,1.1543390245309897,1.346436858177185,1.2160624405848117,56,lead,lead,Lead,
73860,intercepted,1,0,0,0,181,69,34.5,112,181.0,90.5,12.050403594970703,0,1.1463717433203637,0.8246751427650452,1.2312708850558283,113,lead,lead,Lead,
73861,intercepted,1,0,0,0,170,15,7.5,155,170.0,85.0,2.5743391513824463,0,1.1467110592012222,2.023157835006714,1.2514868215651338,156,lead,lead,Lead,
73862,intercepted,1,0,0,0,201,21,10.5,180,201.0,100.5,6.701578140258789,0,1.1131327094623398,2.1703147888183594,1.1944351823558736,181,lead,lead,Lead,
73863,intercepted,1,0,0,0,47,13,6.5,34,47.0,23.5,11.650819778442383,0,1.1553843140602111,2.0574052333831787,1.2355661107574034,35,lead,lead,Lead,
73864,intercepted,1,0,0,0,36,10,5.0,26,36.0,18.0,2.778902530670166,0,1.1874858560385528,0.8557392358779907,1.2880061761738868,27,lead,lead,Lead,
73865,intercepted,1,0,0,0,104,10,5.0,94,104.0,52.0,8.54210090637207,0,1.160286723469433,1.3444105386734009,1.246912710630835,95,lead,lead,Lead,
73866,intercepted,1,0,0,0,32,9,4.5,23,32.0,16.0,6.234981060028076,0,1.1149106981853645,1.4234870672225952,1.1975990861321981,24,lead,lead,Lead,
73867,intercepted,1,0,0,0,42,14,7.0,28,42.0,21.0,7.193870544433594,0,1.061422227785505,1.1634927988052368,1.1275614656018997,29,lead,lead,Lead,
73868,intercepted,1,0,0,0,158,10,5.0,148,158.0,79.0,9.267663955688477,0,1.1147664779384665,1.5687402486801147,1.2119577112817668,149,lead,lead,Lead,
73869,intercepted,1,0,0,0,37,10,5.0,27,37.0,18.5,5.069412708282471,0,1.0290276072919369,1.156274437904358,1.1005935647639313,28,lead,lead,Lead,
73870,intercepted,1,0,0,0,501,12,6.0,489,501.0,250.5,2.371767044067383,0,1.0984543311656738,0.655760645866394,1.1954913502984117,490,lead,lead,Lead,
73871,intercepted,1,0,0,0,189,10,5.0,179,189.0,94.5,3.6871497631073,0,1.1351180308394961,1.1634087562561035,1.2131579608632312,180,lead,lead,Lead,
73872,intercepted,1,0,0,0,168,9,4.5,159,168.0,84.0,7.132172107696533,0,1.0629149704240262,1.1296603679656982,1.152336225925229,160,lead,lead,Lead,
73873,intercepted,1,0,0,0,129,9,4.5,120,129.0,64.5,6.990318298339844,0,1.125205179260782,0.884673535823822,1.2012744554711208,121,lead,lead,Lead,
73874,intercepted,1,0,0,0,153,12,6.0,141,153.0,76.5,4.5207109451293945,0,1.1344091508170249,1.6482603549957275,1.2233040254434837,142,lead,lead,Lead,
73875,intercepted,1,0,0,0,216,15,7.5,201,216.0,108.0,6.607305526733398,0,1.1610362866506128,1.0486356019973755,1.2548917769716614,202,lead,lead,Lead,
73876,intercepted,1,0,0,0,71,9,4.5,62,71.0,35.5,4.12861442565918,0,1.1973493406696925,1.1588855981826782,1.3005193678214286,63,lead,lead,Lead,
73877,soldier_caught,0,1,0,0,37,9,4.5,28,,,1.543386459350586,0,1.2049282131523922,0.9639907479286194,1.2875252109376434,29,lead,lead,Lead,
73878,intercepted,1,0,0,0,347,8,4.0,339,347.0,173.5,2.6493000984191895,0,1.1448981762808912,1.3100042343139648,1.2389741227973017,340,lead,lead,Lead,
73879,intercepted,1,0,0,0,134,12,6.0,122,134.0,67.0,5.620723247528076,0,1.164124815808079,1.3758645057678223,1.2492772224677378,123,lead,lead,Lead,
73880,soldier_caught,0,1,0,0,12,10,5.0,2,,,1.6486811637878418,0,1.1807762185732524,1.5848685503005981,1.2494502973185901,3,lead,lead,Lead,
73881,intercepted,1,0,0,0,105,7,3.5,98,105.0,52.5,5.4416351318359375,0,1.0716621851680255,1.0121022462844849,1.159008458929187,99,lead,lead,Lead,
73882,intercepted,1,0,0,0,86,7,3.5,79,86.0,43.0,3.5525925159454346,0,1.2625138357281684,0.6808220744132996,1.3647942095139203,80,lead,lead,Lead,
73883,intercepted,1,0,0,0,559,9,4.5,550,559.0,279.5,4.183203220367432,0,1.1222149652383289,1.0279204845428467,1.215705497400066,551,lead,lead,Lead,
73884,intercepted,1,0,0,0,223,12,6.0,211,223.0,111.5,2.869846820831299,0,1.1336103426116817,0.47309526801109314,1.2415503113198434,212,lead,lead,Lead,
73885,soldier_caught,0,1,0,0,141,10,5.0,131,,,1.4308087825775146,0,1.1049327649401897,1.0962803363800049,1.2045493581002509,132,lead,lead,Lead,
73886,intercepted,1,0,0,0,144,9,4.5,135,144.0,72.0,11.215837478637695,0,1.1754246335476637,1.5008089542388916,1.275848385152988,136,lead,lead,Lead,
73887,intercepted,1,0,0,0,52,8,4.0,44,52.0,26.0,2.6748392581939697,0,1.1379193206628164,1.9197090864181519,1.2075471627188952,45,lead,lead,Lead,
73888,intercepted,1,0,0,0,280,13,6.5,267,280.0,140.0,6.893452167510986,0,1.1345752215763527,1.457564353942871,1.2284245451699887,268,lead,lead,Lead,
73889,intercepted,1,0,0,0,15,13,6.5,2,15.0,7.5,5.956325054168701,0,1.0193388263384502,1.7331534624099731,1.1395452527999546,3,lead,lead,Lead,
73890,intercepted,1,0,0,0,207,16,8.0,191,207.0,103.5,12.995845794677734,0,1.2423051834339276,0.9029088020324707,1.3430178908613477,192,lead,lead,Lead,
73891,intercepted,1,0,0,0,24,14,7.0,10,24.0,12.0,6.91074800491333,0,1.0500120493498715,1.3074123859405518,1.1265672790166854,11,lead,lead,Lead,
73892,intercepted,1,0,0,0,315,12,6.0,303,315.0,157.5,2.3320059776306152,0,1.137951873291872,1.5707417726516724,1.241678280766489,304,lead,lead,Lead,
73893,intercepted,1,0,0,0,45,30,15.0,15,45.0,22.5,12.097793579101562,0,1.1569127179682255,1.3888927698135376,1.299784740611126,16,lead,lead,Lead,
73894,intercepted,1,0,0,0,40,33,16.5,7,40.0,20.0,14.369609832763672,0,1.1066741794347763,0.9012898206710815,1.2054254019741837,8,lead,lead,Lead,
73895,intercepted,1,0,0,0,9,8,4.0,1,9.0,4.5,3.712885856628418,0,1.4586329758167267,0.9595925211906433,1.5416392358439013,2,lead,lead,Lead,
73896,intercepted,1,0,0,0,240,12,6.0,228,240.0,120.0,9.182114601135254,0,1.0980537151795808,0.6703402400016785,1.1837371585659784,229,lead,lead,Lead,
73897,intercepted,1,0,0,0,28,12,6.0,16,28.0,14.0,4.930622577667236,0,1.1876487416379593,0.6788243055343628,1.3222557406883162,17,lead,lead,Lead,
73898,soldier_caught,0,1,0,0,376,21,10.5,355,,,1.6110864877700806,0,1.135381671819794,0.5792155861854553,1.2464434645111335,356,lead,lead,Lead,
73899,intercepted,1,0,0,0,231,10,5.0,221,231.0,115.5,7.450976848602295,0,1.1049233386376958,0.2436143159866333,1.2116079576300527,222,lead,lead,Lead,
73900,intercepted,1,0,0,0,195,82,41.0,113,195.0,97.5,4.36281681060791,0,1.1074353934902894,0.2004534900188446,1.1931150484296815,114,lead,lead,Lead,
73901,intercepted,1,0,0,0,13,11,5.5,2,13.0,6.5,5.157573699951172,0,1.4653987884521484,1.3338004350662231,1.4749249947011382,3,lead,lead,Lead,
73902,intercepted,1,0,0,0,123,11,5.5,112,123.0,61.5,6.045628547668457,0,1.17363142677113,1.699000597000122,1.2585279952793362,113,lead,lead,Lead,
73903,intercepted,1,0,0,0,19,12,6.0,7,19.0,9.5,12.756361961364746,0,0.984592217952013,1.4459385871887207,1.0656850234069475,8,lead,lead,Lead,
73904,intercepted,1,0,0,0,127,13,6.5,114,127.0,63.5,2.8246045112609863,0,1.139988186955452,0.8038507699966431,1.2277040799158552,115,lead,lead,Lead,
73905,intercepted,1,0,0,0,248,9,4.5,239,248.0,124.0,2.715496063232422,0,1.13743462767452,0.9505771398544312,1.2311659161442188,240,lead,lead,Lead,
73906,intercepted,1,0,0,0,65,13,6.5,52,65.0,32.5,4.855560779571533,0,1.260836049070898,1.5516420602798462,1.3482511141765523,53,lead,lead,Lead,
73907,intercepted,1,0,0,0,58,10,5.0,48,58.0,29.0,5.521541118621826,0,1.0768982463953447,0.6738284826278687,1.1834159776695439,49,lead,lead,Lead,
73908,intercepted,1,0,0,0,75,9,4.5,66,75.0,37.5,5.179933071136475,0,1.126210972444335,0.8942461013793945,1.2288809052629757,67,lead,lead,Lead,
73909,intercepted,1,0,0,0,186,12,6.0,174,186.0,93.0,7.694522380828857,0,1.1495473595176424,0.33216455578804016,1.249545778239095,175,lead,lead,Lead,
73910,intercepted,1,0,0,0,131,71,35.5,60,131.0,65.5,10.334022521972656,0,1.1277951407627982,2.5436909198760986,1.2196446041505729,61,lead,lead,Lead,
73911,intercepted,1,0,0,0,160,13,6.5,147,160.0,80.0,4.52500057220459,0,1.132620030963743,0.6342361569404602,1.2401140043929593,148,lead,lead,Lead,
73912,intercepted,1,0,0,0,55,22,11.0,33,55.0,27.5,10.247493743896484,0,1.155477844616946,1.6937553882598877,1.262727779825289,34,lead,lead,Lead,
73913,soldier_caught,0,1,0,0,35,9,4.5,26,,,1.2633471488952637,0,1.28308915871161,0.5936655402183533,1.3672375332699707,27,lead,lead,Lead,
73914,intercepted,1,0,0,0,303,11,5.5,292,303.0,151.5,7.043679714202881,0,1.1159344886655287,0.892749547958374,1.2024889690775749,293,lead,lead,Lead,
73915,intercepted,1,0,0,0,23,10,5.0,13,23.0,11.5,8.954436302185059,0,1.1604212863104684,1.387822151184082,1.269021809146945,14,lead,lead,Lead,
73916,intercepted,1,0,0,0,46,12,6.0,34,46.0,23.0,12.09546184539795,0,1.0509603432246617,0.6552003622055054,1.1417882572442875,35,lead,lead,Lead,
73917,intercepted,1,0,0,0,68,8,4.0,60,68.0,34.0,4.229029178619385,0,1.1568912717162585,0.5957695245742798,1.2714993284472276,61,lead,lead,Lead,
73918,intercepted,1,0,0,0,188,15,7.5,173,188.0,94.0,2.3883297443389893,0,1.0961687720712574,0.6205651164054871,1.1960458963926828,174,lead,lead,Lead,
73919,intercepted,1,0,0,0,166,10,5.0,156,166.0,83.0,5.336371421813965,0,1.1570252820754507,1.684989094734192,1.2500013839455255,157,lead,lead,Lead,
73920,intercepted,1,0,0,0,104,11,5.5,93,104.0,52.0,10.349383354187012,0,1.1580273001752002,1.7425389289855957,1.2613497413314687,94,lead,lead,Lead,
73921,intercepted,1,0,0,0,32,9,4.5,23,32.0,16.0,11.35302734375,0,1.2375206897656124,2.060269355773926,1.3054037186674488,24,lead,lead,Lead,
73922,intercepted,1,0,0,0,458,16,8.0,442,458.0,229.0,7.934735298156738,0,1.1590567989018379,0.6638057231903076,1.2466131877775213,443,lead,lead,Lead,
73923,intercepted,1,0,0,0,66,7,3.5,59,66.0,33.0,3.320446252822876,0,1.140005777279536,1.4370664358139038,1.2409176596863394,60,lead,lead,Lead,
73924,intercepted,1,0,0,0,148,47,23.5,101,148.0,74.0,9.876110076904297,0,1.0971836833392872,1.2168062925338745,1.1875767337098277,102,lead,lead,Lead,
73925,intercepted,1,0,0,0,54,8,4.0,46,54.0,27.0,4.318580627441406,0,1.2441590206420168,1.0807784795761108,1.329807946697807,47,lead,lead,Lead,
73926,intercepted,1,0,0,0,252,15,7.5,237,252.0,126.0,8.593104362487793,0,1.0527585669725883,0.4667796492576599,1.147740859286805,238,lead,lead,Lead,
73927,intercepted,1,0,0,0,145,9,4.5,136,145.0,72.5,3.476982355117798,0,1.0758314008695367,1.4190137386322021,1.1545034256466848,137,lead,lead,Lead,
73928,intercepted,1,0,0,0,79,8,4.0,71,79.0,39.5,4.732054710388184,0,1.1299632160613935,0.8598783016204834,1.1995430787447101,72,lead,lead,Lead,
73929,intercepted,1,0,0,0,44,11,5.5,33,44.0,22.0,8.74525260925293,0,1.1804340402869617,1.8355722427368164,1.2720313570975237,34,lead,lead,Lead,
73930,intercepted,1,0,0,0,268,10,5.0,258,268.0,134.0,4.256865978240967,0,1.1160601685866425,1.4890810251235962,1.2145441164094286,259,lead,lead,Lead,
73931,intercepted,1,0,0,0,171,12,6.0,159,171.0,85.5,5.193976402282715,0,1.1140944281592966,0.9187212586402893,1.210544131476079,160,lead,lead,Lead,
73932,soldier_caught,0,1,0,0,458,10,5.0,448,,,1.931668996810913,0,1.1600775862390587,1.0617554187774658,1.2539943035590246,449,lead,lead,Lead,
73933,intercepted,1,0,0,0,167,10,5.0,157,167.0,83.5,5.927412986755371,0,1.123783477405204,1.529489278793335,1.2361041256859477,158,lead,lead,Lead,
73934,soldier_caught,0,1,0,0,137,12,6.0,125,,,1.4852691888809204,0,1.1637084793949883,1.4779272079467773,1.2575627332155712,126,lead,lead,Lead,
73935,intercepted,1,0,0,0,590,7,3.5,583,590.0,295.0,2.4372711181640625,0,1.1203733989075846,1.6349437236785889,1.218561767315071,584,lead,lead,Lead,
73936,intercepted,1,0,0,0,443,12,6.0,431,443.0,221.5,5.104989528656006,0,1.13571959975417,1.679909586906433,1.2342089652886825,432,lead,lead,Lead,
73937,soldier_caught,0,1,0,0,63,12,6.0,51,,,1.3368587493896484,0,1.1808884704055695,1.1174628734588623,1.2674434512553991,52,lead,lead,Lead,
73938,intercepted,1,0,0,0,266,11,5.5,255,266.0,133.0,3.3204026222229004,0,1.1302734815399162,1.2488285303115845,1.2292739567583886,256,lead,lead,Lead,
73939,intercepted,1,0,0,0,179,9,4.5,170,179.0,89.5,4.084046363830566,0,1.1432781650831825,0.3956688344478607,1.2391540530880396,171,lead,lead,Lead,
73940,intercepted,1,0,0,0,450,8,4.0,442,450.0,225.0,2.382734775543213,0,1.1834887408779653,0.720440685749054,1.2804217464664023,443,lead,lead,Lead,
73941,intercepted,1,0,0,0,118,19,9.5,99,118.0,59.0,4.950760841369629,0,1.1248894910514355,0.8239426612854004,1.2320236782875171,100,lead,lead,Lead,
73942,intercepted,1,0,0,0,289,19,9.5,270,289.0,144.5,7.83506965637207,0,1.1096614192057799,1.7550981044769287,1.1990124639742512,271,lead,lead,Lead,
73943,intercepted,1,0,0,0,134,16,8.0,118,134.0,67.0,2.8878631591796875,0,1.1700546811608707,1.2329484224319458,1.24546367137708,119,lead,lead,Lead,
73944,soldier_caught,0,1,0,0,56,28,14.0,28,,,1.1037349700927734,0,1.2117871940135956,2.1316118240356445,1.3148510550586447,29,lead,lead,Lead,
73945,intercepted,1,0,0,0,88,11,5.5,77,88.0,44.0,3.8962345123291016,0,1.076735184360773,0.9789915680885315,1.1776707506507986,78,lead,lead,Lead,
73946,intercepted,1,0,0,0,64,12,6.0,52,64.0,32.0,3.4087259769439697,0,1.0839663810043965,1.0335745811462402,1.1853575372919571,53,lead,lead,Lead,
73947,intercepted,1,0,0,0,595,16,8.0,579,595.0,297.5,2.9415342807769775,0,1.1571286191971137,1.5237236022949219,1.2502329092906377,580,lead,lead,Lead,
73948,intercepted,1,0,0,0,63,14,7.0,49,63.0,31.5,3.1414270401000977,0,1.112567231655121,1.1229804754257202,1.2041749383006255,50,lead,lead,Lead,
73949,intercepted,1,0,0,0,531,32,16.0,499,531.0,265.5,5.534744739532471,0,1.1316451642215253,1.0907708406448364,1.2254446230442473,500,lead,lead,Lead,
73950,intercepted,1,0,0,0,57,50,25.0,7,57.0,28.5,13.593764305114746,0,1.0865677520632744,0.9418371319770813,1.1931844534901166,8,lead,lead,Lead,
73951,intercepted,1,0,0,0,38,8,4.0,30,38.0,19.0,10.207520484924316,0,1.1496395805189688,0.5058688521385193,1.2371293235486658,31,lead,lead,Lead,
73952,intercepted,1,0,0,0,12,10,5.0,2,12.0,6.0,5.0718278884887695,0,1.5286306540171306,1.8504759073257446,1.5607774536090921,3,lead,lead,Lead,
73953,intercepted,1,0,0,0,428,14,7.0,414,428.0,214.0,8.339807510375977,0,1.1278581683894238,0.9949187636375427,1.217288836700313,415,lead,lead,Lead,
73954,intercepted,1,0,0,0,130,18,9.0,112,130.0,65.0,3.274538278579712,0,1.1669888069144392,1.0250531435012817,1.2593434865405824,113,lead,lead,Lead,
73955,intercepted,1,0,0,0,111,77,38.5,34,111.0,55.5,12.786127090454102,0,1.047655814886093,0.5376033782958984,1.157920271381172,35,lead,lead,Lead,
73956,intercepted,1,0,0,0,113,35,17.5,78,113.0,56.5,10.959888458251953,0,1.1357996218566653,1.2340105772018433,1.229597222530378,79,lead,lead,Lead,
73957,intercepted,1,0,0,0,99,11,5.5,88,99.0,49.5,3.3240060806274414,0,1.1427471801806033,1.5449020862579346,1.2361255212675069,89,lead,lead,Lead,
73958,intercepted,1,0,0,0,90,38,19.0,52,90.0,45.0,7.001898765563965,0,1.1910064782736436,1.0780870914459229,1.2771883439693985,53,lead,lead,Lead,
73959,intercepted,1,0,0,0,101,47,23.5,54,101.0,50.5,5.654090881347656,0,1.1630529587919063,1.1272566318511963,1.2360392881095577,55,lead,lead,Lead,
73960,soldier_caught,0,1,0,0,34,9,4.5,25,,,1.1454755067825317,0,1.0394585499396691,0.7537108063697815,1.0960505698260097,26,lead,lead,Lead,
73961,soldier_caught,0,1,0,0,12,10,5.0,2,,,1.220377802848816,0,1.0647212862968445,0.5923030972480774,1.1169413626539484,3,lead,lead,Lead,
73962,intercepted,1,0,0,0,308,8,4.0,300,308.0,154.0,3.3383824825286865,0,1.0806530253138653,0.8760430812835693,1.176686694389332,301,lead,lead,Lead,
73963,intercepted,1,0,0,0,121,11,5.5,110,121.0,60.5,11.768167495727539,0,1.1933453555579658,0.5940231680870056,1.2865912696379667,111,lead,lead,Lead,
73964,intercepted,1,0,0,0,107,14,7.0,93,107.0,53.5,3.603675365447998,0,1.1333227151251855,0.5955360531806946,1.2228460452186098,94,lead,lead,Lead,
73965,intercepted,1,0,0,0,148,8,4.0,140,148.0,74.0,4.621880531311035,0,1.1888694505847939,1.4442864656448364,1.2740047140929978,141,lead,lead,Lead,
73966,intercepted,1,0,0,0,64,10,5.0,54,64.0,32.0,5.4451518058776855,0,1.2205340187657963,0.49538126587867737,1.3147836518580005,55,lead,lead,Lead,
73967,intercepted,1,0,0,0,343,17,8.5,326,343.0,171.5,3.184046983718872,0,1.1341138462954705,0.2115701138973236,1.225056770543143,327,lead,lead,Lead,
73968,intercepted,1,0,0,0,84,9,4.5,75,84.0,42.0,10.903908729553223,0,1.1547555445056212,0.7908886671066284,1.254749271440566,76,lead,lead,Lead,
73969,intercepted,1,0,0,0,129,10,5.0,119,129.0,64.5,3.083813190460205,0,1.1270225041856368,1.2153362035751343,1.2204620030147402,120,lead,lead,Lead,
73970,intercepted,1,0,0,0,151,32,16.0,119,151.0,75.5,3.449367046356201,0,1.1241294629871845,1.1994105577468872,1.2113478474128665,120,lead,lead,Lead,
73971,intercepted,1,0,0,0,38,11,5.5,27,38.0,19.0,9.140109062194824,0,1.1731402309877532,0.9961085915565491,1.300509704128789,28,lead,lead,Lead,
73972,intercepted,1,0,0,0,54,12,6.0,42,54.0,27.0,4.633450984954834,0,1.0724883800329164,0.6672399640083313,1.1531616947880539,43,lead,lead,Lead,
73973,intercepted,1,0,0,0,24,11,5.5,13,24.0,12.0,6.61692476272583,0,1.002156498176711,0.21030735969543457,1.0884888039456084,14,lead,lead,Lead,
73974,intercepted,1,0,0,0,89,81,40.5,8,89.0,44.5,11.924705505371094,0,1.4150248633490667,0.5986291766166687,1.520640581625462,9,lead,lead,Lead,
73975,intercepted,1,0,0,0,58,13,6.5,45,58.0,29.0,7.232021331787109,0,1.1472877769366554,1.659290075302124,1.2425050123942756,46,lead,lead,Lead,
73976,intercepted,1,0,0,0,228,17,8.5,211,228.0,114.0,2.581425189971924,0,1.0851390262679108,1.565500259399414,1.182003671042128,212,lead,lead,Lead,
73977,soldier_caught,0,1,0,0,256,16,8.0,240,,,1.4555026292800903,0,1.1094702480368595,1.576599359512329,1.2035325991862615,241,lead,lead,Lead,
73978,intercepted,1,0,0,0,180,9,4.5,171,180.0,90.0,8.958248138427734,0,1.1707943165025045,0.8101115822792053,1.2619713656073281,172,lead,lead,Lead,
73979,intercepted,1,0,0,0,9,7,3.5,2,9.0,4.5,4.8254475593566895,0,0.9251159032185873,0.7376781105995178,0.9904748253889338,3,lead,lead,Lead,
73980,soldier_caught,0,1,0,0,164,11,5.5,153,,,1.7461930513381958,0,1.2045678521518584,1.725527048110962,1.2892462606083361,154,lead,lead,Lead,
73981,intercepted,1,0,0,0,109,63,31.5,46,109.0,54.5,9.967679977416992,0,1.0924626715639805,0.6841813921928406,1.2095033737653544,47,lead,lead,Lead,
73982,intercepted,1,0,0,0,671,56,28.0,615,671.0,335.5,3.6304094791412354,0,1.1853550798441101,1.2452025413513184,1.280066882699714,616,lead,lead,Lead,
73983,intercepted,1,0,0,0,264,11,5.5,253,264.0,132.0,5.720744609832764,0,1.113029361592503,0.5668879747390747,1.2103310180198488,254,lead,lead,Lead,
73984,intercepted,1,0,0,0,123,9,4.5,114,123.0,61.5,2.9026448726654053,0,1.095273719144904,1.0027351379394531,1.2100257287041822,115,lead,lead,Lead,
73985,soldier_caught,0,1,0,0,37,13,6.5,24,,,0.8441323041915894,0,1.0600709736347198,0.31783542037010193,1.1695895035594472,25,lead,lead,Lead,
73986,intercepted,1,0,0,0,149,64,32.0,85,149.0,74.5,5.1727213859558105,0,1.1809958864090055,1.9442559480667114,1.2783350564366347,86,lead,lead,Lead,
73987,intercepted,1,0,0,0,601,27,13.5,574,601.0,300.5,2.021533966064453,0,1.125915372138438,0.5806348919868469,1.2243440759688404,575,lead,lead,Lead,
73988,intercepted,1,0,0,0,49,12,6.0,37,49.0,24.5,7.1644463539123535,0,1.026603255616991,1.410060167312622,1.1156633816735826,38,lead,lead,Lead,
73989,intercepted,1,0,0,0,205,31,15.5,174,205.0,102.5,3.379000425338745,0,1.1387956646084785,0.8694026470184326,1.246125287310095,175,lead,lead,Lead,
73990,intercepted,1,0,0,0,369,13,6.5,356,369.0,184.5,7.342715263366699,0,1.0897265211874698,0.9739990234375,1.1861351414061223,357,lead,lead,Lead,
73991,intercepted,1,0,0,0,246,12,6.0,234,246.0,123.0,2.2423908710479736,0,1.1172547146360925,1.2648677825927734,1.2110142592545625,235,lead,lead,Lead,
73992,intercepted,1,0,0,0,48,15,7.5,33,48.0,24.0,11.450267791748047,0,0.9984725051942993,1.3403990268707275,1.07616270436307,34,lead,lead,Lead,
73993,intercepted,1,0,0,0,449,10,5.0,439,449.0,224.5,3.7479734420776367,0,1.1020192386074499,1.5626033544540405,1.19833571681815,440,lead,lead,Lead,
73994,intercepted,1,0,0,0,359,9,4.5,350,359.0,179.5,6.197602272033691,0,1.1357467958220728,0.8029007315635681,1.2321345362657325,351,lead,lead,Lead,
73995,intercepted,1,0,0,0,30,12,6.0,18,30.0,15.0,6.667992115020752,0,1.1821555228609788,1.2117652893066406,1.2667539327226245,19,lead,lead,Lead,
73996,intercepted,1,0,0,0,133,9,4.5,124,133.0,66.5,2.5617101192474365,0,1.1299932134151458,1.9566367864608765,1.2346120645319918,125,lead,lead,Lead,
73997,intercepted,1,0,0,0,169,13,6.5,156,169.0,84.5,10.840418815612793,0,1.1934768371521287,2.1110990047454834,1.2807994368046431,157,lead,lead,Lead,
73998,soldier_caught,0,1,0,0,194,32,16.0,162,,,1.6514838933944702,0,1.1456596744389622,0.6746915578842163,1.2592475768753082,163,lead,lead,Lead,
73999,intercepted,1,0,0,0,13,11,5.5,2,13.0,6.5,4.440755367279053,0,1.067502498626709,0.74506676197052,1.1009457669592528,3,lead,lead,Lead,
74000,intercepted,1,0,0,0,282,10,5.0,272,282.0,141.0,7.730624198913574,0,1.171740356764514,2.0894956588745117,1.2631903104525668,273,lead,lead,Lead,
74001,soldier_caught,0,1,0,0,188,15,7.5,173,,,1.149522304534912,0,1.1019257337026211,1.4843281507492065,1.184280014980438,174,lead,lead,Lead,
74002,intercepted,1,0,0,0,165,10,5.0,155,165.0,82.5,2.742368698120117,0,1.0860389639647343,0.6993247270584106,1.1922240567565667,156,lead,lead,Lead,
74003,intercepted,1,0,0,0,217,55,27.5,162,217.0,108.5,10.790238380432129,0,1.1071817801773913,0.511468768119812,1.2158503666042837,163,lead,lead,Lead,
74004,intercepted,1,0,0,0,349,9,4.5,340,349.0,174.5,3.525357246398926,0,1.1374798209523875,0.8506904244422913,1.2403352763952689,341,lead,lead,Lead,
74005,intercepted,1,0,0,0,146,29,14.5,117,146.0,73.0,8.000082969665527,0,1.1076196086103633,0.6136653423309326,1.2078964624160837,118,lead,lead,Lead,
74006,intercepted,1,0,0,0,209,13,6.5,196,209.0,104.5,3.7858505249023438,0,1.145014814465179,0.853489875793457,1.2475302775663426,197,lead,lead,Lead,
74007,soldier_caught,0,1,0,0,149,79,39.5,70,,,0.9952996969223022,0,1.1087824926829675,1.0444676876068115,1.2152139977103364,71,lead,lead,Lead,
74008,intercepted,1,0,0,0,82,36,18.0,46,82.0,41.0,13.38074779510498,0,1.1557048460904589,0.4545237421989441,1.2713308467959288,47,lead,lead,Lead,
74009,intercepted,1,0,0,0,203,10,5.0,193,203.0,101.5,2.0268213748931885,0,1.086971406431235,0.6412847638130188,1.1771882646586784,194,lead,lead,Lead,
74010,soldier_caught,0,1,0,0,9,7,3.5,2,,,0.6292701363563538,0,0.9029577771822611,0.7489970326423645,0.9957125287284575,3,lead,lead,Lead,
74011,intercepted,1,0,0,0,31,7,3.5,24,31.0,15.5,3.6667046546936035,0,0.976495297551155,0.40867045521736145,1.1117647944500642,25,lead,lead,Lead,
74012,intercepted,1,0,0,0,156,13,6.5,143,156.0,78.0,4.079801082611084,0,1.1878295402146049,0.9773809313774109,1.2990262636035188,144,lead,lead,Lead,
74013,intercepted,1,0,0,0,557,11,5.5,546,557.0,278.5,3.3707308769226074,0,1.1427896767037442,0.40096551179885864,1.24085594311652,547,lead,lead,Lead,
74014,intercepted,1,0,0,0,25,14,7.0,11,25.0,12.5,14.04997730255127,0,1.064457781612873,1.1947330236434937,1.1238157528703114,12,lead,lead,Lead,
74015,intercepted,1,0,0,0,285,8,4.0,277,285.0,142.5,3.258164882659912,0,1.1335719326953235,1.8006426095962524,1.2255007188027978,278,lead,lead,Lead,
74016,soldier_caught,0,1,0,0,74,9,4.5,65,,,1.4875224828720093,0,1.160677633953817,1.232884168624878,1.2588329708133867,66,lead,lead,Lead,
74017,intercepted,1,0,0,0,36,11,5.5,25,36.0,18.0,5.577994346618652,0,1.038207253584495,0.7215449810028076,1.129562892584993,26,lead,lead,Lead,
74018,intercepted,1,0,0,0,126,11,5.5,115,126.0,63.0,8.445569038391113,0,1.071343222054942,1.3797937631607056,1.1518649131540475,116,lead,lead,Lead,
74019,intercepted,1,0,0,0,104,19,9.5,85,104.0,52.0,11.388067245483398,0,1.1926519957392714,0.9708901643753052,1.2807061003567843,86,lead,lead,Lead,
74020,intercepted,1,0,0,0,554,48,24.0,506,554.0,277.0,3.7379350662231445,0,1.1419931866478403,0.679395318031311,1.23672079832584,507,lead,lead,Lead,
74021,intercepted,1,0,0,0,41,11,5.5,30,41.0,20.5,9.613133430480957,0,1.090372817650918,1.4521983861923218,1.20395715958445,31,lead,lead,Lead,
74022,intercepted,1,0,0,0,213,22,11.0,191,213.0,106.5,14.191961288452148,0,1.0938040165541072,0.8320862054824829,1.180653480869015,192,lead,lead,Lead,
74023,intercepted,1,0,0,0,170,13,6.5,157,170.0,85.0,11.338165283203125,0,1.0730755762963355,0.6958915591239929,1.147735598670195,158,lead,lead,Lead,
74024,soldier_caught,0,1,0,0,191,12,6.0,179,,,1.8287708759307861,0,1.1173108165462813,0.6169223189353943,1.196695493380816,180,lead,lead,Lead,
74025,intercepted,1,0,0,0,117,43,21.5,74,117.0,58.5,13.134392738342285,0,1.0971301825841269,1.2662755250930786,1.1825417074094562,75,lead,lead,Lead,
74026,intercepted,1,0,0,0,297,96,48.0,201,297.0,148.5,8.454699516296387,0,1.1237424179026396,1.5990748405456543,1.218648074424191,202,lead,lead,Lead,
74027,intercepted,1,0,0,0,55,9,4.5,46,55.0,27.5,3.0409581661224365,0,1.1601360579754443,1.2500786781311035,1.2252231132859897,47,lead,lead,Lead,
74028,soldier_caught,0,1,0,0,40,13,6.5,27,,,0.6055368185043335,0,1.1841472823704993,1.1783052682876587,1.2881471304726548,28,lead,lead,Lead,
74029,soldier_caught,0,1,0,0,10,8,4.0,2,,,1.288670539855957,0,1.4475329518318176,1.3932820558547974,1.5066651536666813,3,lead,lead,Lead,
74030,soldier_caught,0,1,0,0,471,9,4.5,462,,,1.5108107328414917,0,1.1420254988141245,0.42820295691490173,1.2323797086297559,463,lead,lead,Lead,
74031,intercepted,1,0,0,0,136,16,8.0,120,136.0,68.0,8.330180168151855,0,1.1078380393095253,1.467345952987671,1.2053940903279812,121,lead,lead,Lead,
74032,intercepted,1,0,0,0,88,10,5.0,78,88.0,44.0,9.072049140930176,0,1.1623670081549053,1.1821069717407227,1.2764824573729256,79,lead,lead,Lead,
74033,intercepted,1,0,0,0,308,19,9.5,289,308.0,154.0,2.506394863128662,0,1.107498281115088,1.6436935663223267,1.1913176605209495,290,lead,lead,Lead,
74034,intercepted,1,0,0,0,232,10,5.0,222,232.0,116.0,7.979030609130859,0,1.0890635810625393,1.185930848121643,1.1720305930804116,223,lead,lead,Lead,
74035,intercepted,1,0,0,0,137,119,59.5,18,137.0,68.5,11.055091857910156,0,1.145582200665223,0.7309939861297607,1.2989383628881566,19,lead,lead,Lead,
74036,intercepted,1,0,0,0,137,34,17.0,103,137.0,68.5,3.1514697074890137,0,1.0573345028723662,0.7090575695037842,1.1646774866651453,104,lead,lead,Lead,
74037,soldier_caught,0,1,0,0,155,9,4.5,146,,,1.2875677347183228,0,1.1963154043064637,1.3906794786453247,1.291978884071481,147,lead,lead,Lead,
74038,intercepted,1,0,0,0,34,9,4.5,25,34.0,17.0,5.118330955505371,0,1.1148710319629083,1.0418345928192139,1.2199058173895105,26,lead,lead,Lead,
74039,intercepted,1,0,0,0,153,11,5.5,142,153.0,76.5,5.057498931884766,0,1.1056956184077096,1.3375312089920044,1.192070191923618,143,lead,lead,Lead,
74040,intercepted,1,0,0,0,111,10,5.0,101,111.0,55.5,6.602434158325195,0,1.0501041783421647,0.984371542930603,1.1291924095754675,102,lead,lead,Lead,
74041,intercepted,1,0,0,0,71,17,8.5,54,71.0,35.5,6.784257888793945,0,1.2201400355859235,0.9476597309112549,1.311123271371931,55,lead,lead,Lead,
74042,intercepted,1,0,0,0,130,13,6.5,117,130.0,65.0,2.6625285148620605,0,1.2014739869509714,1.6826584339141846,1.2902052483037814,118,lead,lead,Lead,
74043,intercepted,1,0,0,0,119,8,4.0,111,119.0,59.5,3.4874355792999268,0,1.1061219573020935,1.1918848752975464,1.20575087892291,112,lead,lead,Lead,
74044,intercepted,1,0,0,0,67,36,18.0,31,67.0,33.5,12.241093635559082,0,1.1157197542488575,1.3749332427978516,1.2017178506132686,32,lead,lead,Lead,
74045,soldier_caught,0,1,0,0,57,9,4.5,48,,,1.5223088264465332,0,1.288951105609232,1.9711283445358276,1.383043980883929,49,lead,lead,Lead,
74046,intercepted,1,0,0,0,37,9,4.5,28,37.0,18.5,2.0031774044036865,0,1.0885961775122017,0.8574978709220886,1.1549715660907056,29,lead,lead,Lead,
74047,intercepted,1,0,0,0,60,10,5.0,50,60.0,30.0,3.357457160949707,0,1.0516559896515865,1.6050556898117065,1.1850900729541092,51,lead,lead,Lead,
74048,intercepted,1,0,0,0,36,10,5.0,26,36.0,18.0,3.0836188793182373,0,1.0419038302368588,0.7242940664291382,1.1433930918607234,27,lead,lead,Lead,
74049,intercepted,1,0,0,0,98,9,4.5,89,98.0,49.0,3.5320024490356445,0,1.1182234439584944,0.5848649740219116,1.2139356711434122,90,lead,lead,Lead,
74050,intercepted,1,0,0,0,198,8,4.0,190,198.0,99.0,8.538708686828613,0,1.1572161222276576,1.1975711584091187,1.2609632059651819,191,lead,lead,Lead,
74051,intercepted,1,0,0,0,225,11,5.5,214,225.0,112.5,3.6610710620880127,0,1.1239348779584086,1.0203255414962769,1.2172307378114227,215,lead,lead,Lead,
74052,soldier_caught,0,1,0,0,106,10,5.0,96,,,1.8691591024398804,0,1.1603287805601494,0.7231572866439819,1.2369554712665916,97,lead,lead,Lead,
74053,unsafe_intercept,0,0,1,0,368,12,6.0,356,,,2.887739658355713,0,1.1106094643264925,0.7248840928077698,1.2006928559129346,357,lead,lead,Lead,
74054,intercepted,1,0,0,0,153,47,23.5,106,153.0,76.5,10.896856307983398,0,1.1376380529080596,1.1806163787841797,1.2498157252754294,107,lead,lead,Lead,
74055,intercepted,1,0,0,0,89,9,4.5,80,89.0,44.5,3.618036985397339,0,1.1844370466323546,1.2967307567596436,1.2804810853453161,81,lead,lead,Lead,
74056,intercepted,1,0,0,0,35,19,9.5,16,35.0,17.5,12.896470069885254,0,1.117570046116324,1.1273193359375,1.2416926803476718,17,lead,lead,Lead,
74057,intercepted,1,0,0,0,318,11,5.5,307,318.0,159.0,6.095128536224365,0,1.0849920627358671,0.8452519774436951,1.185052691336996,308,lead,lead,Lead,
74058,soldier_caught,0,1,0,0,14,12,6.0,2,,,1.6581603288650513,0,0.7320486456155777,1.2808645963668823,0.8549170118324444,3,lead,lead,Lead,
74059,intercepted,1,0,0,0,63,13,6.5,50,63.0,31.5,8.158541679382324,0,1.1308684994777043,0.8209118843078613,1.2173122992864602,51,lead,lead,Lead,
74060,intercepted,1,0,0,0,42,10,5.0,32,42.0,21.0,5.6865925788879395,0,1.2305169051343745,1.9419796466827393,1.2814597746607244,33,lead,lead,Lead,
74061,intercepted,1,0,0,0,282,16,8.0,266,282.0,141.0,3.9417097568511963,0,1.093729691335771,1.2316129207611084,1.18952644433361,267,lead,lead,Lead,
74062,intercepted,1,0,0,0,46,11,5.5,35,46.0,23.0,4.5449910163879395,0,1.0089793337715998,1.4202477931976318,1.116456100438239,36,lead,lead,Lead,
74063,intercepted,1,0,0,0,229,58,29.0,171,229.0,114.5,7.646437168121338,0,1.1695156272414118,1.8096599578857422,1.2621975964549823,172,lead,lead,Lead,
74064,intercepted,1,0,0,0,509,83,41.5,426,509.0,254.5,4.918002605438232,0,1.1599880017567017,1.014666199684143,1.2557881555461314,427,lead,lead,Lead,
74065,intercepted,1,0,0,0,72,60,30.0,12,72.0,36.0,10.775005340576172,0,0.9896500328412423,1.2745907306671143,1.0526705439736248,13,lead,lead,Lead,
74066,intercepted,1,0,0,0,205,9,4.5,196,205.0,102.5,11.49587631225586,0,1.091941971010363,2.2101426124572754,1.1867018495208008,197,lead,lead,Lead,
74067,intercepted,1,0,0,0,23,9,4.5,14,23.0,11.5,7.98205041885376,0,1.184174116452535,0.6193215250968933,1.2507845789312773,15,lead,lead,Lead,
74068,intercepted,1,0,0,0,177,92,46.0,85,177.0,88.5,8.958745002746582,0,1.1251091683326766,1.2578964233398438,1.2251260125335213,86,lead,lead,Lead,
74069,intercepted,1,0,0,0,67,14,7.0,53,67.0,33.5,5.511976718902588,0,1.0866257780128055,0.6633843183517456,1.173476175684466,54,lead,lead,Lead,
74070,intercepted,1,0,0,0,248,14,7.0,234,248.0,124.0,11.593533515930176,0,1.1409428663076238,1.3648979663848877,1.2315515222512516,235,lead,lead,Lead,
74071,intercepted,1,0,0,0,63,9,4.5,54,63.0,31.5,7.952275276184082,0,1.0519580179994756,1.2195332050323486,1.137899408193934,55,lead,lead,Lead,
74072,intercepted,1,0,0,0,125,14,7.0,111,125.0,62.5,7.853453636169434,0,1.1188319697976112,1.2335227727890015,1.2213002109949036,112,lead,lead,Lead,
74073,intercepted,1,0,0,0,97,10,5.0,87,97.0,48.5,7.671091556549072,0,1.0993638648228212,0.964492917060852,1.1920900152159835,88,lead,lead,Lead,
74074,soldier_caught,0,1,0,0,36,12,6.0,24,,,1.1172521114349365,0,1.2076645946502687,0.6116041541099548,1.3099527299165326,25,lead,lead,Lead,
74075,intercepted,1,0,0,0,249,12,6.0,237,249.0,124.5,10.356447219848633,0,1.103681299428479,1.0452415943145752,1.2100119687842597,238,lead,lead,Lead,
74076,intercepted,1,0,0,0,478,13,6.5,465,478.0,239.0,2.499908447265625,0,1.1327318549955607,0.9568636417388916,1.2340325860641783,466,lead,lead,Lead,
74077,intercepted,1,0,0,0,195,11,5.5,184,195.0,97.5,4.145711898803711,0,1.1456076224913467,1.055780053138733,1.2578023888183048,185,lead,lead,Lead,
74078,intercepted,1,0,0,0,65,11,5.5,54,65.0,32.5,9.21583080291748,0,1.1579435619440945,1.3929376602172852,1.25052798215221,55,lead,lead,Lead,
74079,intercepted,1,0,0,0,424,10,5.0,414,424.0,212.0,4.718854904174805,0,1.1409403251596244,1.1294115781784058,1.2314911921825722,415,lead,lead,Lead,
74080,soldier_caught,0,1,0,0,208,110,55.0,98,,,0.8360308408737183,0,1.1577034323203443,0.9281775951385498,1.2456312468770225,99,lead,lead,Lead,
74081,intercepted,1,0,0,0,309,11,5.5,298,309.0,154.5,3.2437777519226074,0,1.1440188241343834,1.423361897468567,1.2400015397296436,299,lead,lead,Lead,
74082,soldier_caught,0,1,0,0,127,12,6.0,115,,,1.740144968032837,0,1.1564507741352608,0.6472508311271667,1.243068123481105,116,lead,lead,Lead,
74083,soldier_caught,0,1,0,0,34,9,4.5,25,,,1.2592971324920654,0,0.9891237501914685,0.9768919944763184,1.0563503833154269,26,lead,lead,Lead,
74084,intercepted,1,0,0,0,145,8,4.0,137,145.0,72.5,6.9394989013671875,0,1.098913412379182,1.2212562561035156,1.19601561228501,138,lead,lead,Lead,
74085,intercepted,1,0,0,0,93,10,5.0,83,93.0,46.5,5.846388816833496,0,1.1162182924648125,0.9856544733047485,1.209733265079572,84,lead,lead,Lead,
74086,intercepted,1,0,0,0,534,11,5.5,523,534.0,267.0,4.533219337463379,0,1.1518470428684968,1.183160662651062,1.2510980053354028,524,lead,lead,Lead,
74087,intercepted,1,0,0,0,518,29,14.5,489,518.0,259.0,6.734622955322266,0,1.1268633079163881,1.9885170459747314,1.2274102756781309,490,lead,lead,Lead,
74088,intercepted,1,0,0,0,46,8,4.0,38,46.0,23.0,2.6994566917419434,0,0.9758269030314225,2.17608642578125,1.062697877814608,39,lead,lead,Lead,
74089,intercepted,1,0,0,0,71,13,6.5,58,71.0,35.5,6.789758682250977,0,1.051636338739072,0.32439157366752625,1.1421071563567653,59,lead,lead,Lead,
74090,intercepted,1,0,0,0,60,10,5.0,50,60.0,30.0,5.313844680786133,0,1.1618196116942985,1.1076457500457764,1.2333108573780334,51,lead,lead,Lead,
74091,intercepted,1,0,0,0,149,22,11.0,127,149.0,74.5,10.318469047546387,0,1.1931694482918829,1.1372902393341064,1.2850506114498,128,lead,lead,Lead,
74092,intercepted,1,0,0,0,81,10,5.0,71,81.0,40.5,2.8873274326324463,0,1.0084851512478457,0.509938657283783,1.1136453692940778,72,lead,lead,Lead,
74093,intercepted,1,0,0,0,32,10,5.0,22,32.0,16.0,7.882765769958496,0,1.0614764308151992,1.124424695968628,1.211459940878504,23,lead,lead,Lead,
74094,intercepted,1,0,0,0,688,12,6.0,676,688.0,344.0,2.476950168609619,0,1.1275810859712223,0.5883830189704895,1.2218853687412687,677,lead,lead,Lead,
74095,intercepted,1,0,0,0,10,8,4.0,2,10.0,5.0,5.691528797149658,0,1.8048536380132039,1.6770788431167603,1.872797087963466,3,lead,lead,Lead,
74096,intercepted,1,0,0,0,257,12,6.0,245,257.0,128.5,5.221091270446777,0,1.126604014841037,1.1400104761123657,1.2218775229694196,246,lead,lead,Lead,
74097,soldier_caught,0,1,0,0,40,14,7.0,26,,,1.7504240274429321,0,1.1174869570467207,1.96868896484375,1.1618252368714348,27,lead,lead,Lead,
74098,soldier_caught,0,1,0,0,531,10,5.0,521,,,1.858126163482666,0,1.1668479075776663,0.5838582515716553,1.26780942831669,522,lead,lead,Lead,
74099,intercepted,1,0,0,0,186,8,4.0,178,186.0,93.0,3.8446760177612305,0,1.1653761044560864,1.4918396472930908,1.2442047039645923,179,lead,lead,Lead,
74100,intercepted,1,0,0,0,36,10,5.0,26,36.0,18.0,4.228682518005371,0,0.9489739382708514,0.8932874202728271,1.0787829195135223,27,lead,lead,Lead,
74101,intercepted,1,0,0,0,58,11,5.5,47,58.0,29.0,2.1028029918670654,0,1.1366510313625138,1.0928168296813965,1.2153641266676027,48,lead,lead,Lead,
74102,intercepted,1,0,0,0,100,36,18.0,64,100.0,50.0,5.069276809692383,0,1.1067636118485378,1.0087066888809204,1.1844623334599205,65,lead,lead,Lead,
74103,intercepted,1,0,0,0,95,14,7.0,81,95.0,47.5,9.43285846710205,0,1.1580416643764915,1.6354315280914307,1.2630663114821061,82,lead,lead,Lead,
74104,intercepted,1,0,0,0,683,49,24.5,634,683.0,341.5,2.9622256755828857,0,1.110135765432373,1.4669113159179688,1.197012033266753,635,lead,lead,Lead,
74105,intercepted,1,0,0,0,97,15,7.5,82,97.0,48.5,4.041118621826172,0,1.1191914158772274,0.5929126143455505,1.2433426349189505,83,lead,lead,Lead,
74106,intercepted,1,0,0,0,119,8,4.0,111,119.0,59.5,7.771726608276367,0,1.0765291032647448,1.217069149017334,1.1717511169773138,112,lead,lead,Lead,
74107,intercepted,1,0,0,0,170,8,4.0,162,170.0,85.0,3.6465954780578613,0,1.0988593984600956,0.8343286514282227,1.1995220973083065,163,lead,lead,Lead,
74108,intercepted,1,0,0,0,150,14,7.0,136,150.0,75.0,9.156875610351562,0,1.1439420031587573,0.8211913108825684,1.2297493648678108,137,lead,lead,Lead,
74109,intercepted,1,0,0,0,165,12,6.0,153,165.0,82.5,6.966698169708252,0,1.124667145505354,1.2949944734573364,1.2291114967605925,154,lead,lead,Lead,
74110,intercepted,1,0,0,0,236,11,5.5,225,236.0,118.0,6.939449787139893,0,1.1445483864672417,1.345124363899231,1.2358613788828627,226,lead,lead,Lead,
74111,intercepted,1,0,0,0,42,12,6.0,30,42.0,21.0,9.913275718688965,0,1.1819514776429823,1.1789573431015015,1.2364360043938405,31,lead,lead,Lead,
74112,intercepted,1,0,0,0,757,71,35.5,686,757.0,378.5,4.019789218902588,0,1.0950445139392928,0.988723635673523,1.188684636089886,687,lead,lead,Lead,
74113,intercepted,1,0,0,0,308,8,4.0,300,308.0,154.0,10.283441543579102,0,1.1284948256225682,1.5246461629867554,1.2271895077225743,301,lead,lead,Lead,
74114,soldier_caught,0,1,0,0,173,54,27.0,119,,,1.457514762878418,0,1.1384053111076355,1.4669532775878906,1.2532416281057364,120,lead,lead,Lead,
74115,intercepted,1,0,0,0,42,9,4.5,33,42.0,21.0,7.980627059936523,0,1.1904351930407917,1.7571486234664917,1.281622699215289,34,lead,lead,Lead,
74116,intercepted,1,0,0,0,241,9,4.5,232,241.0,120.5,3.9165332317352295,0,1.1339674380971638,0.4342345893383026,1.2253936391826816,233,lead,lead,Lead,
74117,intercepted,1,0,0,0,153,63,31.5,90,153.0,76.5,7.757901191711426,0,1.1633862284841119,0.9271888136863708,1.2636838257831053,91,lead,lead,Lead,
74118,intercepted,1,0,0,0,55,9,4.5,46,55.0,27.5,2.1661014556884766,0,1.1076643413051646,0.8918250203132629,1.1976530096112332,47,lead,lead,Lead,
74119,intercepted,1,0,0,0,133,7,3.5,126,133.0,66.5,5.863275527954102,0,1.1785629051407491,0.8218227624893188,1.2792082310435,127,lead,lead,Lead,
74120,intercepted,1,0,0,0,492,33,16.5,459,492.0,246.0,8.246700286865234,0,1.1710437712138113,0.6514691710472107,1.2742845850270796,460,lead,lead,Lead,
74121,intercepted,1,0,0,0,109,8,4.0,101,109.0,54.5,3.9451255798339844,0,1.1035205127269614,1.5998997688293457,1.2136014021576682,102,lead,lead,Lead,
74122,intercepted,1,0,0,0,54,8,4.0,46,54.0,27.0,7.087893962860107,0,1.0437001072345895,0.7188830971717834,1.1483048108810754,47,lead,lead,Lead,
74123,intercepted,1,0,0,0,504,14,7.0,490,504.0,252.0,3.342905282974243,0,1.1455429684211427,1.0561761856079102,1.2513126210849006,491,lead,lead,Lead,
74124,intercepted,1,0,0,0,115,12,6.0,103,115.0,57.5,10.825432777404785,0,1.1519419393287256,1.1591598987579346,1.2603555424771162,104,lead,lead,Lead,
74125,intercepted,1,0,0,0,265,8,4.0,257,265.0,132.5,4.419912815093994,0,1.1020610137561033,2.2773756980895996,1.1883620522601317,258,lead,lead,Lead,
74126,unsafe_intercept,0,0,1,0,35,10,5.0,25,,,2.96830415725708,0,1.0431892436284285,0.9221376776695251,1.122954087968097,26,lead,lead,Lead,
74127,intercepted,1,0,0,0,204,13,6.5,191,204.0,102.0,5.5538859367370605,0,1.0840139791058998,1.7335987091064453,1.1725096303306348,192,lead,lead,Lead,
74128,intercepted,1,0,0,0,93,16,8.0,77,93.0,46.5,3.3418726921081543,0,1.0989853800871434,1.1573458909988403,1.1824954433543013,78,lead,lead,Lead,
74129,intercepted,1,0,0,0,20,11,5.5,9,20.0,10.0,10.621598243713379,0,0.8953368246555329,0.42963021993637085,0.9566863782210053,10,lead,lead,Lead,
74130,intercepted,1,0,0,0,226,11,5.5,215,226.0,113.0,2.7098872661590576,0,1.160550942161569,1.0608186721801758,1.2518209910293912,216,lead,lead,Lead,
74131,intercepted,1,0,0,0,147,29,14.5,118,147.0,73.5,10.986059188842773,0,1.1794227813722706,0.9761756062507629,1.2754922181660793,119,lead,lead,Lead,
74132,intercepted,1,0,0,0,26,13,6.5,13,26.0,13.0,14.821428298950195,0,1.1029718475682395,2.1116552352905273,1.2106396571974132,14,lead,lead,Lead,
74133,intercepted,1,0,0,0,123,11,5.5,112,123.0,61.5,2.197808027267456,0,1.1323238449022832,0.7122913599014282,1.228317394452434,113,lead,lead,Lead,
74134,intercepted,1,0,0,0,321,12,6.0,309,321.0,160.5,2.312851905822754,0,1.1677767872810363,1.4534085988998413,1.2692984965229113,310,lead,lead,Lead,
74135,intercepted,1,0,0,0,202,31,15.5,171,202.0,101.0,2.964216709136963,0,1.1625703573226929,1.2176121473312378,1.2649284017229818,172,lead,lead,Lead,
74136,intercepted,1,0,0,0,38,8,4.0,30,38.0,19.0,11.059549331665039,0,1.1490598340188303,1.5221531391143799,1.2046252761689025,31,lead,lead,Lead,
74137,intercepted,1,0,0,0,491,9,4.5,482,491.0,245.5,2.8911943435668945,0,1.1322041314642868,1.2895640134811401,1.2339001501764892,483,lead,lead,Lead,
74138,intercepted,1,0,0,0,140,52,26.0,88,140.0,70.0,5.450985431671143,0,1.155186482359854,1.2452116012573242,1.244578117919134,89,lead,lead,Lead,
74139,intercepted,1,0,0,0,79,11,5.5,68,79.0,39.5,3.009293556213379,0,1.2444432459879613,1.0078598260879517,1.3441924936014238,69,lead,lead,Lead,
74140,intercepted,1,0,0,0,244,17,8.5,227,244.0,122.0,7.328442096710205,0,1.1599304595668065,1.7599331140518188,1.2646781231345507,228,lead,lead,Lead,
74141,intercepted,1,0,0,0,398,10,5.0,388,398.0,199.0,4.927664279937744,0,1.147137884730545,1.2381867170333862,1.2493776909134442,389,lead,lead,Lead,
74142,intercepted,1,0,0,0,422,9,4.5,413,422.0,211.0,5.330855846405029,0,1.1103222754734439,0.7525455951690674,1.2048089222492178,414,lead,lead,Lead,
74143,soldier_caught,0,1,0,0,544,8,4.0,536,,,1.452409029006958,0,1.1203470718899475,1.4707823991775513,1.2182108160146796,537,lead,lead,Lead,
74144,intercepted,1,0,0,0,102,8,4.0,94,102.0,51.0,6.30100154876709,0,1.170199037382477,1.3143075704574585,1.269386191918656,95,lead,lead,Lead,
74145,intercepted,1,0,0,0,74,22,11.0,52,74.0,37.0,12.487542152404785,0,1.136616809750503,1.019750714302063,1.2513636073550491,53,lead,lead,Lead,
74146,intercepted,1,0,0,0,201,109,54.5,92,201.0,100.5,13.645478248596191,0,1.0849271102618145,1.1502783298492432,1.181051399256976,93,lead,lead,Lead,
74147,intercepted,1,0,0,0,33,9,4.5,24,33.0,16.5,7.717926979064941,0,1.0783861446380616,0.48785439133644104,1.18804682013606,25,lead,lead,Lead,
74148,intercepted,1,0,0,0,17,15,7.5,2,17.0,8.5,6.434365272521973,0,0.7923541267712911,0.6384477615356445,0.7998436275086995,3,lead,lead,Lead,
74149,intercepted,1,0,0,0,88,11,5.5,77,88.0,44.0,7.075337886810303,0,1.1947586303338027,1.0489152669906616,1.323888775434356,78,lead,lead,Lead,
74150,soldier_caught,0,1,0,0,39,11,5.5,28,,,1.702638864517212,0,1.1583521982719158,0.3908446133136749,1.2479229042098263,29,lead,lead,Lead,
74151,intercepted,1,0,0,0,147,7,3.5,140,147.0,73.5,4.861667156219482,0,1.1367599536129769,1.4003779888153076,1.2416526334676254,141,lead,lead,Lead,
74152,intercepted,1,0,0,0,246,10,5.0,236,246.0,123.0,6.071713924407959,0,1.1359670161257815,1.513576626777649,1.2300137316313213,237,lead,lead,Lead,
74153,intercepted,1,0,0,0,163,14,7.0,149,163.0,81.5,5.207016468048096,0,1.0650178254644076,1.6179001331329346,1.1456400840729095,150,lead,lead,Lead,
74154,intercepted,1,0,0,0,78,9,4.5,69,78.0,39.0,8.403761863708496,0,1.0327363729476928,1.1735011339187622,1.1221744449796789,70,lead,lead,Lead,
74155,intercepted,1,0,0,0,191,20,10.0,171,191.0,95.5,2.3873636722564697,0,1.0867547811290552,0.29622822999954224,1.1886203726655493,172,lead,lead,Lead,
74156,intercepted,1,0,0,0,320,12,6.0,308,320.0,160.0,8.081668853759766,0,1.1170463483406887,1.4376698732376099,1.2075334831334608,309,lead,lead,Lead,
74157,intercepted,1,0,0,0,233,13,6.5,220,233.0,116.5,9.04391098022461,0,1.1390630557661143,1.3169598579406738,1.2482176428794907,221,lead,lead,Lead,
74158,intercepted,1,0,0,0,256,10,5.0,246,256.0,128.0,5.716747760772705,0,1.1043213170609976,1.7443575859069824,1.2037518763585033,247,lead,lead,Lead,
74159,intercepted,1,0,0,0,372,9,4.5,363,372.0,186.0,2.490994930267334,0,1.1168481929862237,0.6417974829673767,1.204186441764556,364,lead,lead,Lead,
74160,intercepted,1,0,0,0,58,16,8.0,42,58.0,29.0,5.8169941902160645,0,1.2024418476016023,1.551054835319519,1.273519473071642,43,lead,lead,Lead,
74161,soldier_caught,0,1,0,0,12,9,4.5,3,,,1.8542317152023315,0,1.2656711786985397,1.0015082359313965,1.3543430606037927,4,lead,lead,Lead,
74162,intercepted,1,0,0,0,202,11,5.5,191,202.0,101.0,3.6257987022399902,0,1.0672069287393242,0.9633801579475403,1.1416303097459881,192,lead,lead,Lead,
74163,intercepted,1,0,0,0,250,18,9.0,232,250.0,125.0,3.133857488632202,0,1.1483501330209904,0.4613155126571655,1.2353277572356949,233,lead,lead,Lead,
74164,intercepted,1,0,0,0,249,34,17.0,215,249.0,124.5,10.159555435180664,0,1.1058570904036362,0.7549262642860413,1.2096985016769597,216,lead,lead,Lead,
74165,intercepted,1,0,0,0,26,13,6.5,13,26.0,13.0,13.585762023925781,0,1.023657687008381,0.5680596828460693,1.140075341613429,14,lead,lead,Lead,
74166,intercepted,1,0,0,0,423,11,5.5,412,423.0,211.5,2.360527276992798,0,1.1290956621597235,0.8499155044555664,1.2245778111921377,413,lead,lead,Lead,
74167,intercepted,1,0,0,0,235,10,5.0,225,235.0,117.5,2.4561896324157715,0,1.1204585577402495,0.7264295816421509,1.220184165010676,226,lead,lead,Lead,
74168,intercepted,1,0,0,0,190,52,26.0,138,190.0,95.0,9.613689422607422,0,1.1245867837247232,1.6013457775115967,1.2244386690469766,139,lead,lead,Lead,
74169,intercepted,1,0,0,0,146,13,6.5,133,146.0,73.0,2.7811484336853027,0,1.142247721108038,1.9402716159820557,1.2334243749295055,134,lead,lead,Lead,
74170,soldier_caught,0,1,0,0,337,15,7.5,322,,,1.0207067728042603,0,1.158078907582413,1.0938422679901123,1.2713245038059462,323,lead,lead,Lead,
74171,intercepted,1,0,0,0,143,11,5.5,132,143.0,71.5,4.595573902130127,0,1.0687588993319892,1.3236554861068726,1.1570725689151515,133,lead,lead,Lead,
74172,intercepted,1,0,0,0,20,11,5.5,9,20.0,10.0,5.042797565460205,0,1.3704914510250092,2.9538486003875732,1.5668801199149809,10,lead,lead,Lead,
74173,intercepted,1,0,0,0,411,9,4.5,402,411.0,205.5,5.33165979385376,0,1.12013849697397,0.8049920201301575,1.2147438403289115,403,lead,lead,Lead,
74174,intercepted,1,0,0,0,195,31,15.5,164,195.0,97.5,5.597401142120361,0,1.1305241942405702,1.5435916185379028,1.2301283010673834,165,lead,lead,Lead,
74175,soldier_caught,0,1,0,0,237,11,5.5,226,,,1.7545055150985718,0,1.1153450258863917,1.2557045221328735,1.216433556136662,227,lead,lead,Lead,
74176,intercepted,1,0,0,0,54,9,4.5,45,54.0,27.0,5.328551769256592,0,1.0992829057833422,1.3164483308792114,1.197945621144421,46,lead,lead,Lead,
74177,intercepted,1,0,0,0,57,9,4.5,48,57.0,28.5,3.9539732933044434,0,1.02122592561099,0.8848710656166077,1.099660690636039,49,lead,lead,Lead,
74178,intercepted,1,0,0,0,163,9,4.5,154,163.0,81.5,9.825725555419922,0,1.1391113959973858,1.2056159973144531,1.2341961680148759,155,lead,lead,Lead,
74179,intercepted,1,0,0,0,470,12,6.0,458,470.0,235.0,2.958930015563965,0,1.135508795611739,0.7561832666397095,1.2432566904293862,459,lead,lead,Lead,
74180,intercepted,1,0,0,0,10,8,4.0,2,10.0,5.0,5.903348445892334,0,1.4073691765467327,1.2501229047775269,1.498883146631375,3,lead,lead,Lead,
74181,intercepted,1,0,0,0,274,9,4.5,265,274.0,137.0,5.935986042022705,0,1.1625747937232929,0.724527895450592,1.2625430024506556,266,lead,lead,Lead,
74182,intercepted,1,0,0,0,430,8,4.0,422,430.0,215.0,5.122528076171875,0,1.1550410969742082,2.024127721786499,1.250870054553225,423,lead,lead,Lead,
74183,intercepted,1,0,0,0,230,12,6.0,218,230.0,115.0,6.31969690322876,0,1.1534733688586378,0.6355050802230835,1.2441757742643524,219,lead,lead,Lead,
74184,intercepted,1,0,0,0,151,14,7.0,137,151.0,75.5,2.498253345489502,0,1.2006903207064539,0.1786920726299286,1.3095751160908635,138,lead,lead,Lead,
74185,intercepted,1,0,0,0,92,13,6.5,79,92.0,46.0,5.648455619812012,0,1.1096506647765636,0.835250198841095,1.2065855952292923,80,lead,lead,Lead,
74186,intercepted,1,0,0,0,170,14,7.0,156,170.0,85.0,8.872760772705078,0,1.1250885982232488,1.2475557327270508,1.212955630053613,157,lead,lead,Lead,
74187,intercepted,1,0,0,0,84,11,5.5,73,84.0,42.0,10.941327095031738,0,1.1264071710206367,0.4032093584537506,1.2408039187297535,74,lead,lead,Lead,
74188,intercepted,1,0,0,0,132,10,5.0,122,132.0,66.0,4.649999618530273,0,1.1095759139312962,1.5799405574798584,1.1964903774579612,123,lead,lead,Lead,
74189,intercepted,1,0,0,0,190,23,11.5,167,190.0,95.0,10.35884952545166,0,1.0555328383509601,1.0313661098480225,1.1415022930905312,168,lead,lead,Lead,
74190,intercepted,1,0,0,0,353,40,20.0,313,353.0,176.5,7.796104431152344,0,1.097796628085576,1.1406497955322266,1.1887646092791075,314,lead,lead,Lead,
74191,intercepted,1,0,0,0,144,10,5.0,134,144.0,72.0,4.242838382720947,0,1.216683617344609,0.5094118118286133,1.3160602430456705,135,lead,lead,Lead,
74192,intercepted,1,0,0,0,8,6,3.0,2,8.0,4.0,4.932315826416016,0,1.5291526714960735,1.3911659717559814,1.5346114652203064,3,lead,lead,Lead,
74193,intercepted,1,0,0,0,81,16,8.0,65,81.0,40.5,4.994458198547363,0,1.0752923660206073,1.3293628692626953,1.1680807808906877,66,lead,lead,Lead,
74194,intercepted,1,0,0,0,62,14,7.0,48,62.0,31.0,11.888884544372559,0,1.068783731789005,1.6071323156356812,1.1988705393110353,49,lead,lead,Lead,
74195,intercepted,1,0,0,0,158,9,4.5,149,158.0,79.0,7.446170330047607,0,1.1451264002919197,1.7084033489227295,1.230406752366308,150,lead,lead,Lead,
74196,intercepted,1,0,0,0,173,17,8.5,156,173.0,86.5,12.132498741149902,0,1.0884527146436607,1.4636396169662476,1.1780670049407742,157,lead,lead,Lead,
74197,soldier_caught,0,1,0,0,42,15,7.5,27,,,1.7474404573440552,0,1.2945331100906645,1.4913787841796875,1.3749125702632856,28,lead,lead,Lead,
74198,intercepted,1,0,0,0,93,32,16.0,61,93.0,46.5,14.622762680053711,0,1.1223076976114703,2.4127161502838135,1.2273266962329834,62,lead,lead,Lead,
74199,intercepted,1,0,0,0,270,11,5.5,259,270.0,135.0,2.1211609840393066,0,1.1200896975512689,0.6853151917457581,1.236102605520939,260,lead,lead,Lead,
74200,intercepted,1,0,0,0,57,8,4.0,49,57.0,28.5,2.0668911933898926,0,1.1071895986795426,1.1578518152236938,1.1769437934478646,50,lead,lead,Lead,
74201,soldier_caught,0,1,0,0,13,11,5.5,2,,,1.9788918495178223,0,1.0236249168713887,1.120031714439392,1.0410348150600206,3,lead,lead,Lead,
74202,intercepted,1,0,0,0,186,11,5.5,175,186.0,93.0,6.695802688598633,0,1.145120444538241,1.164204716682434,1.2426153835485698,176,lead,lead,Lead,
74203,intercepted,1,0,0,0,111,12,6.0,99,111.0,55.5,10.854243278503418,0,1.1060076773166656,0.7075717449188232,1.2147317571953546,100,lead,lead,Lead,
74204,intercepted,1,0,0,0,35,12,6.0,23,35.0,17.5,6.464940547943115,0,1.1641123381753762,1.0921255350112915,1.213882013940509,24,lead,lead,Lead,
74205,soldier_caught,0,1,0,0,204,16,8.0,188,,,1.9673577547073364,0,1.1979570101808619,0.8082415461540222,1.2891538759075227,189,lead,lead,Lead,
74206,intercepted,1,0,0,0,150,13,6.5,137,150.0,75.0,9.070054054260254,0,1.0866402143045613,0.6063586473464966,1.1973429622280125,138,lead,lead,Lead,
74207,intercepted,1,0,0,0,90,17,8.5,73,90.0,45.0,6.821100234985352,0,1.1593333970050554,1.9397295713424683,1.2634914646681032,74,lead,lead,Lead,
74208,intercepted,1,0,0,0,525,16,8.0,509,525.0,262.5,4.53190803527832,0,1.1045245153865977,1.023573637008667,1.2021399978029779,510,lead,lead,Lead,
74209,intercepted,1,0,0,0,41,32,16.0,9,41.0,20.5,12.409897804260254,0,0.9646887570619583,0.9025022983551025,1.0294467850930584,10,lead,lead,Lead,
74210,intercepted,1,0,0,0,124,10,5.0,114,124.0,62.0,2.7493016719818115,0,1.1565239667892455,0.3460378050804138,1.2339125727587636,115,lead,lead,Lead,
74211,intercepted,1,0,0,0,355,13,6.5,342,355.0,177.5,3.220360517501831,0,1.1405850212706075,1.3839936256408691,1.242341781213212,343,lead,lead,Lead,
74212,intercepted,1,0,0,0,129,8,4.0,121,129.0,64.5,4.805141448974609,0,1.1047953744037229,0.43314796686172485,1.2144325296124476,122,lead,lead,Lead,
74213,intercepted,1,0,0,0,314,65,32.5,249,314.0,157.0,10.342350006103516,0,1.1445280946195127,1.1776580810546875,1.2503131021381562,250,lead,lead,Lead,
74214,intercepted,1,0,0,0,23,14,7.0,9,23.0,11.5,8.84136962890625,0,1.1623719215393067,1.798851728439331,1.2123624247447269,10,lead,lead,Lead,
74215,intercepted,1,0,0,0,193,9,4.5,184,193.0,96.5,2.6693036556243896,0,1.1731888108962292,0.8105871081352234,1.2674230073674624,185,lead,lead,Lead,
74216,intercepted,1,0,0,0,77,9,4.5,68,77.0,38.5,9.450620651245117,0,1.1160441438357036,1.0466759204864502,1.2024301616153545,69,lead,lead,Lead,
74217,intercepted,1,0,0,0,214,12,6.0,202,214.0,107.0,6.95496940612793,0,1.186520261570738,1.5269654989242554,1.2729667024514086,203,lead,lead,Lead,
74218,intercepted,1,0,0,0,123,75,37.5,48,123.0,61.5,8.432360649108887,0,1.2406429836944657,0.9618690609931946,1.3390366111788465,49,lead,lead,Lead,
74219,intercepted,1,0,0,0,484,12,6.0,472,484.0,242.0,4.017150402069092,0,1.1720422167984679,0.6613849997520447,1.2633395794762645,473,lead,lead,Lead,
74220,soldier_caught,0,1,0,0,186,12,6.0,174,,,1.8449721336364746,0,1.1394016766973905,1.5298810005187988,1.2315822672340044,175,lead,lead,Lead,
74221,soldier_caught,0,1,0,0,82,55,27.5,27,,,1.7409368753433228,0,1.1340512314013071,1.4855507612228394,1.200053015304485,28,lead,lead,Lead,
74222,intercepted,1,0,0,0,249,10,5.0,239,249.0,124.5,5.264512538909912,0,1.1461025138696035,0.27716100215911865,1.2418728261641883,240,lead,lead,Lead,
74223,intercepted,1,0,0,0,104,11,5.5,93,104.0,52.0,7.839776515960693,0,1.139903759861246,1.5877858400344849,1.2179963248966725,94,lead,lead,Lead,
74224,intercepted,1,0,0,0,241,91,45.5,150,241.0,120.5,10.70107364654541,0,1.1569904944557228,0.9270421266555786,1.248015779520824,151,lead,lead,Lead,
74225,soldier_caught,0,1,0,0,41,16,8.0,25,,,0.22874748706817627,0,1.2568388134241104,1.513406753540039,1.3539115879697252,26,lead,lead,Lead,
74226,intercepted,1,0,0,0,151,8,4.0,143,151.0,75.5,11.921177864074707,0,1.0573902411593332,0.30329713225364685,1.1463479722222738,144,lead,lead,Lead,
74227,intercepted,1,0,0,0,75,9,4.5,66,75.0,37.5,4.2172112464904785,0,0.9519095251809305,0.4817613661289215,1.0502556948766357,67,lead,lead,Lead,
74228,intercepted,1,0,0,0,370,11,5.5,359,370.0,185.0,2.1405835151672363,0,1.1352134454581473,0.5062975883483887,1.2255304665019842,360,lead,lead,Lead,
74229,intercepted,1,0,0,0,63,56,28.0,7,63.0,31.5,14.615812301635742,0,1.1523484587669373,1.0854401588439941,1.2372121371443956,8,lead,lead,Lead,
74230,intercepted,1,0,0,0,160,63,31.5,97,160.0,80.0,9.626123428344727,0,1.1077149297509874,1.8262498378753662,1.202652753008387,98,lead,lead,Lead,
74231,intercepted,1,0,0,0,67,11,5.5,56,67.0,33.5,4.39869499206543,0,1.0606404997800525,2.107419490814209,1.1990856114128816,57,lead,lead,Lead,
74232,intercepted,1,0,0,0,244,11,5.5,233,244.0,122.0,5.1710028648376465,0,1.1125394799388373,1.4577332735061646,1.2089732325121738,234,lead,lead,Lead,
74233,intercepted,1,0,0,0,161,11,5.5,150,161.0,80.5,4.563497066497803,0,1.0945146982835618,0.7559587359428406,1.191593697845199,151,lead,lead,Lead,
74234,intercepted,1,0,0,0,95,8,4.0,87,95.0,47.5,6.536887168884277,0,1.15729432688518,0.772175133228302,1.2507682100911648,88,lead,lead,Lead,
74235,intercepted,1,0,0,0,167,12,6.0,155,167.0,83.5,2.449458599090576,0,1.0627236916468694,0.17483821511268616,1.1470276344842922,156,lead,lead,Lead,
74236,intercepted,1,0,0,0,218,8,4.0,210,218.0,109.0,2.116752862930298,0,1.1218035616580908,1.0879883766174316,1.2147670102140407,211,lead,lead,Lead,
74237,intercepted,1,0,0,0,136,8,4.0,128,136.0,68.0,2.9642438888549805,0,1.1430121520461962,0.9514249563217163,1.2441183478414364,129,lead,lead,Lead,
74238,intercepted,1,0,0,0,190,9,4.5,181,190.0,95.0,3.0937793254852295,0,1.2151190579592526,1.1723254919052124,1.3120038676881378,182,lead,lead,Lead,
74239,intercepted,1,0,0,0,55,13,6.5,42,55.0,27.5,6.045314788818359,0,1.1359736898610757,0.9881237745285034,1.223865561398517,43,lead,lead,Lead,
74240,intercepted,1,0,0,0,212,38,19.0,174,212.0,106.0,11.688185691833496,0,1.1407341584137507,1.0084713697433472,1.229195507150868,175,lead,lead,Lead,
74241,intercepted,1,0,0,0,322,13,6.5,309,322.0,161.0,9.024656295776367,0,1.1270072702919283,1.9162864685058594,1.2138579072336209,310,lead,lead,Lead,
74242,intercepted,1,0,0,0,84,15,7.5,69,84.0,42.0,4.918024063110352,0,1.172091814024108,2.119637966156006,1.2621954138371225,70,lead,lead,Lead,
74243,intercepted,1,0,0,0,228,8,4.0,220,228.0,114.0,6.553191661834717,0,1.1393289054276177,1.8450745344161987,1.2251317231291146,221,lead,lead,Lead,
74244,intercepted,1,0,0,0,228,11,5.5,217,228.0,114.0,2.2730557918548584,0,1.119924629329268,1.5873383283615112,1.2129673389730804,218,lead,lead,Lead,
74245,intercepted,1,0,0,0,378,10,5.0,368,378.0,189.0,3.082153081893921,0,1.1235890150635546,1.1937273740768433,1.2171521985997387,369,lead,lead,Lead,
74246,intercepted,1,0,0,0,226,21,10.5,205,226.0,113.0,2.5455493927001953,0,1.0920168579492755,0.6984068751335144,1.1708488962310575,206,lead,lead,Lead,
74247,intercepted,1,0,0,0,186,9,4.5,177,186.0,93.0,2.3156893253326416,0,1.1520542386877404,1.101069450378418,1.2395262565516798,178,lead,lead,Lead,
74248,soldier_caught,0,1,0,0,35,11,5.5,24,,,1.9768093824386597,0,1.312444316148758,1.1133198738098145,1.4212419108670709,25,lead,lead,Lead,
74249,intercepted,1,0,0,0,176,9,4.5,167,176.0,88.0,3.3256826400756836,0,1.0715338501724458,0.777874231338501,1.1646982811011324,168,lead,lead,Lead,
74250,intercepted,1,0,0,0,44,13,6.5,31,44.0,22.0,3.3371071815490723,0,1.1780504798516631,0.9830657243728638,1.2581464072780635,32,lead,lead,Lead,
74251,soldier_caught,0,1,0,0,357,9,4.5,348,,,1.5665987730026245,0,1.1208867502844435,1.5972594022750854,1.2146830335414018,349,lead,lead,Lead,
74252,intercepted,1,0,0,0,176,82,41.0,94,176.0,88.0,6.857611656188965,0,1.1916231748304869,1.091903567314148,1.279563739782934,95,lead,lead,Lead,
74253,intercepted,1,0,0,0,472,14,7.0,458,472.0,236.0,3.952239513397217,0,1.1227847854718405,1.324510097503662,1.2139732647170516,459,lead,lead,Lead,
74254,intercepted,1,0,0,0,40,12,6.0,28,40.0,20.0,11.331323623657227,0,1.1536358502404442,1.2417291402816772,1.2879165425945136,29,lead,lead,Lead,
74255,intercepted,1,0,0,0,108,19,9.5,89,108.0,54.0,10.568782806396484,0,1.1184179238147205,0.7291660308837891,1.220234459584946,90,lead,lead,Lead,
74256,intercepted,1,0,0,0,285,8,4.0,277,285.0,142.5,3.241799831390381,0,1.133673737348198,0.7922398447990417,1.2313643050630396,278,lead,lead,Lead,
74257,intercepted,1,0,0,0,200,12,6.0,188,200.0,100.0,3.219481945037842,0,1.1664649944299113,1.3521919250488281,1.2609412444460584,189,lead,lead,Lead,
74258,intercepted,1,0,0,0,424,11,5.5,413,424.0,212.0,4.888021469116211,0,1.1161751990984892,1.106826663017273,1.2191845794772216,414,lead,lead,Lead,
74259,intercepted,1,0,0,0,166,64,32.0,102,166.0,83.0,9.504239082336426,0,1.0928944684926747,0.48810335993766785,1.1873408965053616,103,lead,lead,Lead,
74260,intercepted,1,0,0,0,97,8,4.0,89,97.0,48.5,9.970199584960938,0,1.1252155651648839,0.7865144610404968,1.2008011638400082,90,lead,lead,Lead,
74261,intercepted,1,0,0,0,63,10,5.0,53,63.0,31.5,9.91484260559082,0,1.2216746426290936,1.4491599798202515,1.307310080407916,54,lead,lead,Lead,
74262,intercepted,1,0,0,0,19,11,5.5,8,19.0,9.5,13.483744621276855,0,1.1999077995618184,0.9706465601921082,1.2886429957413204,9,lead,lead,Lead,
74263,intercepted,1,0,0,0,227,16,8.0,211,227.0,113.5,3.487581491470337,0,1.073047221163815,0.703608512878418,1.1646912747519231,212,lead,lead,Lead,
74264,intercepted,1,0,0,0,1178,38,19.0,1140,1178.0,589.0,2.08073091506958,0,1.1617461947118577,1.3592398166656494,1.2526662305305902,1141,lead,lead,Lead,
74265,intercepted,1,0,0,0,28,9,4.5,19,28.0,14.0,8.480937004089355,0,1.1822309255599976,1.309103012084961,1.246820324000072,20,lead,lead,Lead,
74266,soldier_caught,0,1,0,0,105,9,4.5,96,,,0.4243413805961609,0,1.1466912318443514,1.1388615369796753,1.2345668344630256,97,lead,lead,Lead,
74267,intercepted,1,0,0,0,75,10,5.0,65,75.0,37.5,7.349672794342041,0,1.2214464935840983,1.4781290292739868,1.3199076169333455,66,lead,lead,Lead,
74268,intercepted,1,0,0,0,102,16,8.0,86,102.0,51.0,2.1346466541290283,0,1.0714659874124088,1.3922152519226074,1.1675025894161357,87,lead,lead,Lead,
74269,intercepted,1,0,0,0,25,14,7.0,11,25.0,12.5,7.931133270263672,0,0.9361570725838343,1.0018222332000732,1.0051175972890172,12,lead,lead,Lead,
74270,intercepted,1,0,0,0,104,9,4.5,95,104.0,52.0,3.427762985229492,0,1.131138542977472,1.860386848449707,1.2179988351001227,96,lead,lead,Lead,
74271,intercepted,1,0,0,0,47,13,6.5,34,47.0,23.5,7.564600467681885,0,1.0455468446016312,2.1308157444000244,1.1274134351980363,35,lead,lead,Lead,
74272,intercepted,1,0,0,0,156,7,3.5,149,156.0,78.0,7.757051944732666,0,1.17713819672664,0.7978724837303162,1.2758099207120268,150,lead,lead,Lead,
74273,soldier_caught,0,1,0,0,79,8,4.0,71,,,1.1093604564666748,0,1.07760253134701,0.429417222738266,1.1664983191434057,72,lead,lead,Lead,
74274,intercepted,1,0,0,0,303,12,6.0,291,303.0,151.5,6.340606212615967,0,1.1187039318762413,0.6842427849769592,1.2073430964972547,292,lead,lead,Lead,
74275,intercepted,1,0,0,0,359,14,7.0,345,359.0,179.5,8.06714916229248,0,1.1598730979196599,1.182704210281372,1.2491706459285077,346,lead,lead,Lead,
74276,intercepted,1,0,0,0,93,7,3.5,86,93.0,46.5,3.6566317081451416,0,1.0332491445815426,0.6603386998176575,1.1231919379541668,87,lead,lead,Lead,
74277,intercepted,1,0,0,0,94,13,6.5,81,94.0,47.0,9.14416790008545,0,1.1759053614081405,0.8560126423835754,1.28562510912072,82,lead,lead,Lead,
74278,intercepted,1,0,0,0,29,17,8.5,12,29.0,14.5,14.074566841125488,0,0.8810618794881381,0.6942922472953796,0.9512207417240097,13,lead,lead,Lead,
74279,intercepted,1,0,0,0,60,8,4.0,52,60.0,30.0,10.702049255371094,0,1.1475681544474836,0.9292470812797546,1.2414022292701385,53,lead,lead,Lead,
74280,intercepted,1,0,0,0,589,14,7.0,575,589.0,294.5,2.470407247543335,0,1.12503248722189,1.2968947887420654,1.2124997886874855,576,lead,lead,Lead,
74281,intercepted,1,0,0,0,21,11,5.5,10,21.0,10.5,12.743608474731445,0,1.3128954768180847,1.5131266117095947,1.3853469460838996,11,lead,lead,Lead,
74282,intercepted,1,0,0,0,201,11,5.5,190,201.0,100.5,7.5792999267578125,0,1.1145494042734825,0.38992607593536377,1.234260776481445,191,lead,lead,Lead,
74283,intercepted,1,0,0,0,185,62,31.0,123,185.0,92.5,4.039009094238281,0,1.1278906260286607,0.8754095435142517,1.2254964801096573,124,lead,lead,Lead,
74284,soldier_caught,0,1,0,0,107,8,4.0,99,,,1.9557925462722778,0,1.1597347006201744,0.39042502641677856,1.2533002010508645,100,lead,lead,Lead,
74285,intercepted,1,0,0,0,36,9,4.5,27,36.0,18.0,7.985815048217773,0,1.1162948512605257,0.9477511644363403,1.2149958035608748,28,lead,lead,Lead,
74286,intercepted,1,0,0,0,622,11,5.5,611,622.0,311.0,4.065918922424316,0,1.1485746620174229,0.856421172618866,1.2572804453557584,612,lead,lead,Lead,
74287,intercepted,1,0,0,0,331,103,51.5,228,331.0,165.5,3.158665895462036,0,1.067567665178703,0.5792241096496582,1.1626813768041429,229,lead,lead,Lead,
74288,intercepted,1,0,0,0,523,11,5.5,512,523.0,261.5,9.425195693969727,0,1.1473442937953662,1.4313924312591553,1.2427525287470509,513,lead,lead,Lead,
74289,intercepted,1,0,0,0,40,12,6.0,28,40.0,20.0,12.665063858032227,0,1.0055864607465679,0.9030495882034302,1.121107278901422,29,lead,lead,Lead,
74290,intercepted,1,0,0,0,346,16,8.0,330,346.0,173.0,5.0571112632751465,0,1.1505652791693852,0.9445167183876038,1.2459292373729791,331,lead,lead,Lead,
74291,intercepted,1,0,0,0,61,8,4.0,53,61.0,30.5,11.064319610595703,0,1.118193998656891,1.3286553621292114,1.2007977419879199,54,lead,lead,Lead,
74292,intercepted,1,0,0,0,182,10,5.0,172,182.0,91.0,8.584392547607422,0,1.165930993553531,1.517396092414856,1.2612528330862145,173,lead,lead,Lead,
74293,intercepted,1,0,0,0,165,9,4.5,156,165.0,82.5,6.909283638000488,0,1.1209799670110083,0.5637558102607727,1.2129446549397611,157,lead,lead,Lead,
74294,intercepted,1,0,0,0,214,10,5.0,204,214.0,107.0,3.7812252044677734,0,1.1218000054359436,0.9118131399154663,1.2088996552020324,205,lead,lead,Lead,
74295,intercepted,1,0,0,0,127,44,22.0,83,127.0,63.5,2.527432441711426,0,0.9911299457862264,1.4691824913024902,1.0931074137442371,84,lead,lead,Lead,
74296,intercepted,1,0,0,0,35,11,5.5,24,35.0,17.5,4.071184158325195,0,1.0389897549152374,0.6476895809173584,1.1251304263091553,25,lead,lead,Lead,
74297,intercepted,1,0,0,0,69,17,8.5,52,69.0,34.5,13.506535530090332,0,1.22377044693479,1.7569797039031982,1.3240409209873882,53,lead,lead,Lead,
74298,intercepted,1,0,0,0,606,11,5.5,595,606.0,303.0,2.1177849769592285,0,1.117668474330598,1.396323323249817,1.2147484706252365,596,lead,lead,Lead,
74299,soldier_caught,0,1,0,0,75,20,10.0,55,,,1.4157557487487793,0,1.1019476375409536,1.5516130924224854,1.1850626485637967,56,lead,lead,Lead,
74300,intercepted,1,0,0,0,420,14,7.0,406,420.0,210.0,2.8453102111816406,0,1.1392137683397137,1.4233362674713135,1.2362734079970714,407,lead,lead,Lead,
74301,intercepted,1,0,0,0,25,17,8.5,8,25.0,12.5,13.930182456970215,0,1.0352458821402655,0.7611661553382874,1.0789607707653235,9,lead,lead,Lead,
74302,intercepted,1,0,0,0,60,7,3.5,53,60.0,30.0,2.0855369567871094,0,0.9909454310933749,1.2432719469070435,1.0663290135536443,54,lead,lead,Lead,
74303,intercepted,1,0,0,0,80,30,15.0,50,80.0,40.0,13.477350234985352,0,1.1395505885867512,1.4048694372177124,1.2245881315888463,51,lead,lead,Lead,
74304,intercepted,1,0,0,0,72,15,7.5,57,72.0,36.0,2.588111400604248,0,1.1497142361155872,1.4513134956359863,1.245764408829421,58,lead,lead,Lead,
74305,intercepted,1,0,0,0,598,11,5.5,587,598.0,299.0,3.2271888256073,0,1.1410752388769063,1.0994858741760254,1.2305136523955906,588,lead,lead,Lead,
74306,intercepted,1,0,0,0,141,11,5.5,130,141.0,70.5,4.807502746582031,0,1.0939900913766323,1.0235015153884888,1.1872867871372492,131,lead,lead,Lead,
74307,intercepted,1,0,0,0,129,12,6.0,117,129.0,64.5,7.608002662658691,0,1.1708343800599292,1.7944107055664062,1.2679973878763584,118,lead,lead,Lead,
74308,intercepted,1,0,0,0,24,11,5.5,13,24.0,12.0,9.178519248962402,0,0.8834504623498235,0.1626623123884201,1.0042590595542253,14,lead,lead,Lead,
74309,intercepted,1,0,0,0,81,13,6.5,68,81.0,40.5,6.621038913726807,0,1.1198126898295637,1.997033715248108,1.2094017725826824,69,lead,lead,Lead,
74310,intercepted,1,0,0,0,112,16,8.0,96,112.0,56.0,6.507812023162842,0,1.1144836944403107,0.6137359738349915,1.2387151199964483,97,lead,lead,Lead,
74311,intercepted,1,0,0,0,89,12,6.0,77,89.0,44.5,2.76434063911438,0,1.2059184551621094,0.6855084300041199,1.288111230282694,78,lead,lead,Lead,
74312,intercepted,1,0,0,0,96,10,5.0,86,96.0,48.0,4.419262409210205,0,1.2037085346106826,1.047717571258545,1.3032091892361461,87,lead,lead,Lead,
74313,intercepted,1,0,0,0,146,7,3.5,139,146.0,73.0,3.3488504886627197,0,1.0840717522161347,1.0209128856658936,1.1829440299614657,140,lead,lead,Lead,
74314,soldier_caught,0,1,0,0,64,12,6.0,52,,,1.197975993156433,0,1.1260368064889368,1.896242380142212,1.2299078464915534,53,lead,lead,Lead,
74315,intercepted,1,0,0,0,39,9,4.5,30,39.0,19.5,11.843188285827637,0,1.1097135784164551,1.3784171342849731,1.2190198192899608,31,lead,lead,Lead,
74316,intercepted,1,0,0,0,257,7,3.5,250,257.0,128.5,8.515388488769531,0,1.1361570931169616,1.4515255689620972,1.2335077285744651,251,lead,lead,Lead,
74317,soldier_caught,0,1,0,0,63,13,6.5,50,,,1.7849546670913696,0,1.1233093501890408,0.15417912602424622,1.2292733227990686,51,lead,lead,Lead,
74318,intercepted,1,0,0,0,534,8,4.0,526,534.0,267.0,3.1410558223724365,0,1.0678749458980967,1.0242990255355835,1.1654639971823508,527,lead,lead,Lead,
74319,intercepted,1,0,0,0,33,20,10.0,13,33.0,16.5,7.365737438201904,0,1.214832374027797,1.1877460479736328,1.288222319211551,14,lead,lead,Lead,
74320,intercepted,1,0,0,0,172,9,4.5,163,172.0,86.0,2.06078839302063,0,1.114658966478778,0.8153584003448486,1.2108844512962114,164,lead,lead,Lead,
74321,intercepted,1,0,0,0,68,19,9.5,49,68.0,34.0,5.126145839691162,0,1.160361555814743,0.9398402571678162,1.2309440279862573,50,lead,lead,Lead,
74322,soldier_caught,0,1,0,0,184,48,24.0,136,,,0.9745780825614929,0,1.0529972543246555,1.4364590644836426,1.1555920742563286,137,lead,lead,Lead,
74323,intercepted,1,0,0,0,23,11,5.5,12,23.0,11.5,6.837540149688721,0,1.2868897593938387,1.3048515319824219,1.4095390461063,13,lead,lead,Lead,
74324,intercepted,1,0,0,0,30,8,4.0,22,30.0,15.0,4.921341896057129,0,1.164264160653819,1.8214738368988037,1.2591957344125433,23,lead,lead,Lead,
74325,soldier_caught,0,1,0,0,570,8,4.0,562,,,1.3997477293014526,0,1.112796866157974,1.016065239906311,1.209608013799442,563,lead,lead,Lead,
74326,intercepted,1,0,0,0,12,10,5.0,2,12.0,6.0,3.6152713298797607,0,0.8439144094785055,0.595781147480011,0.8688237087796432,3,lead,lead,Lead,
74327,intercepted,1,0,0,0,69,11,5.5,58,69.0,34.5,2.5933327674865723,0,1.1395211871397697,1.2184582948684692,1.2056758082358283,59,lead,lead,Lead,
74328,intercepted,1,0,0,0,731,12,6.0,719,731.0,365.5,2.5463171005249023,0,1.1099086054083374,1.0531208515167236,1.2110541391065701,720,lead,lead,Lead,
74329,soldier_caught,0,1,0,0,75,20,10.0,55,,,1.6787127256393433,0,1.2054657534297024,1.0783863067626953,1.2941060098413764,56,lead,lead,Lead,
74330,intercepted,1,0,0,0,79,9,4.5,70,79.0,39.5,3.507552146911621,0,1.122250432699499,0.44802260398864746,1.244366723703302,71,lead,lead,Lead,
74331,intercepted,1,0,0,0,269,9,4.5,260,269.0,134.5,7.156914234161377,0,1.1084171048583198,0.4369012117385864,1.202389157079038,261,lead,lead,Lead,
74332,intercepted,1,0,0,0,187,11,5.5,176,187.0,93.5,6.884463787078857,0,1.0610239579852692,0.921297550201416,1.1395555823689816,177,lead,lead,Lead,
74333,soldier_caught,0,1,0,0,12,10,5.0,2,,,1.447804570198059,0,0.9151097536087036,1.506348967552185,1.0074203613345338,3,lead,lead,Lead,
74334,intercepted,1,0,0,0,565,11,5.5,554,565.0,282.5,5.185619354248047,0,1.1495172914889482,0.6221730709075928,1.2421139187192944,555,lead,lead,Lead,
74335,soldier_caught,0,1,0,0,294,74,37.0,220,,,1.8408303260803223,0,1.196148687897764,1.5388410091400146,1.2919826006364914,221,lead,lead,Lead,
74336,intercepted,1,0,0,0,131,10,5.0,121,131.0,65.5,6.06853723526001,0,1.1463753915712482,1.3141138553619385,1.2404885970798205,122,lead,lead,Lead,
74337,intercepted,1,0,0,0,101,11,5.5,90,101.0,50.5,2.6921629905700684,0,1.0816793813482746,0.8129377365112305,1.1849319335148112,91,lead,lead,Lead,
74338,intercepted,1,0,0,0,21,8,4.0,13,21.0,10.5,6.577020645141602,0,0.9710239682878766,0.6319479942321777,1.018352037835523,14,lead,lead,Lead,
74339,intercepted,1,0,0,0,85,12,6.0,73,85.0,42.5,4.9763922691345215,0,1.2209224056553196,1.0339998006820679,1.2839427733165845,74,lead,lead,Lead,
74340,soldier_caught,0,1,0,0,122,16,8.0,106,,,1.3816267251968384,0,1.1009270818294765,0.3663157522678375,1.2219815547067527,107,lead,lead,Lead,
74341,intercepted,1,0,0,0,154,40,20.0,114,154.0,77.0,5.878316879272461,0,1.1256325371887372,1.5154526233673096,1.2294166015739108,115,lead,lead,Lead,
74342,intercepted,1,0,0,0,39,11,5.5,28,39.0,19.5,3.880000352859497,0,1.1299235050020546,1.3823879957199097,1.193453220573429,29,lead,lead,Lead,
74343,intercepted,1,0,0,0,178,53,26.5,125,178.0,89.0,2.4131882190704346,0,1.0902608993744094,1.4006097316741943,1.177342779832927,126,lead,lead,Lead,
74344,intercepted,1,0,0,0,167,10,5.0,157,167.0,83.5,2.071518659591675,0,1.1413649212144599,2.1403136253356934,1.2378929320540732,158,lead,lead,Lead,
74345,intercepted,1,0,0,0,267,8,4.0,259,267.0,133.5,5.865062236785889,0,1.11680812414449,1.4446680545806885,1.2185862192092638,260,lead,lead,Lead,
74346,intercepted,1,0,0,0,99,68,34.0,31,99.0,49.5,4.706060886383057,0,1.185364711098373,0.9016618728637695,1.3124781905715566,32,lead,lead,Lead,
74347,intercepted,1,0,0,0,42,12,6.0,30,42.0,21.0,4.493161201477051,0,1.154163008736026,1.27139151096344,1.2198025790042635,31,lead,lead,Lead,
74348,intercepted,1,0,0,0,59,13,6.5,46,59.0,29.5,5.5455827713012695,0,1.0909426263038149,1.4098345041275024,1.2147791412186881,47,lead,lead,Lead,
74349,intercepted,1,0,0,0,482,41,20.5,441,482.0,241.0,10.971477508544922,0,1.1099387141644146,1.7106692790985107,1.2082888062119392,442,lead,lead,Lead,
74350,intercepted,1,0,0,0,141,15,7.5,126,141.0,70.5,7.2881669998168945,0,1.177941333473198,1.0736397504806519,1.2814572613134145,127,lead,lead,Lead,
74351,intercepted,1,0,0,0,36,10,5.0,26,36.0,18.0,5.130273342132568,0,1.1570124052189015,0.7174673080444336,1.27054267232837,27,lead,lead,Lead,
74352,intercepted,1,0,0,0,52,21,10.5,31,52.0,26.0,13.31689739227295,0,1.1390752578154206,1.3374769687652588,1.2157151281682042,32,lead,lead,Lead,
74353,intercepted,1,0,0,0,41,17,8.5,24,41.0,20.5,6.653754711151123,0,1.0577052891254426,1.026452660560608,1.1508060603416397,25,lead,lead,Lead,
74354,intercepted,1,0,0,0,25,13,6.5,12,25.0,12.5,7.711493492126465,0,0.9986145863166223,0.8856922388076782,1.0795808926718573,13,lead,lead,Lead,
74355,unsafe_intercept,0,0,1,0,17,15,7.5,2,,,2.6760823726654053,0,1.064651886622111,0.7098311185836792,1.150904986082199,3,lead,lead,Lead,
74356,intercepted,1,0,0,0,55,10,5.0,45,55.0,27.5,2.271355628967285,0,1.0920435193440188,1.38764488697052,1.1829257091509022,46,lead,lead,Lead,
74357,intercepted,1,0,0,0,127,9,4.5,118,127.0,63.5,4.217594146728516,0,1.0764740496999075,0.8366441130638123,1.163946737763025,119,lead,lead,Lead,
74358,soldier_caught,0,1,0,0,89,13,6.5,76,,,1.3893988132476807,0,1.062999062143363,0.8178444504737854,1.155478088150555,77,lead,lead,Lead,
74359,intercepted,1,0,0,0,42,9,4.5,33,42.0,21.0,2.0768816471099854,0,1.0860663538469988,1.5314055681228638,1.14459238841357,34,lead,lead,Lead,
74360,intercepted,1,0,0,0,39,8,4.0,31,39.0,19.5,4.646084785461426,0,1.201819384470582,1.2489206790924072,1.2778091116392036,32,lead,lead,Lead,
74361,intercepted,1,0,0,0,265,17,8.5,248,265.0,132.5,2.5121262073516846,0,1.1288988228483372,0.8210978507995605,1.2418719350077936,249,lead,lead,Lead,
74362,intercepted,1,0,0,0,253,10,5.0,243,253.0,126.5,5.498479843139648,0,1.133631807736686,1.4762177467346191,1.2296432671706603,244,lead,lead,Lead,
74363,intercepted,1,0,0,0,15,13,6.5,2,15.0,7.5,4.372704029083252,0,1.2504009405771892,0.7308368682861328,1.3236566970827026,3,lead,lead,Lead,
74364,intercepted,1,0,0,0,334,141,70.5,193,334.0,167.0,2.0413942337036133,0,1.0841110698955576,1.141379714012146,1.1618701695748017,194,lead,lead,Lead,
74365,intercepted,1,0,0,0,210,13,6.5,197,210.0,105.0,9.33718204498291,0,1.1021879904649474,1.512174367904663,1.2130144005422074,198,lead,lead,Lead,
74366,intercepted,1,0,0,0,54,9,4.5,45,54.0,27.0,5.494055271148682,0,1.2924141125834507,1.8221421241760254,1.376959340108099,46,lead,lead,Lead,
74367,intercepted,1,0,0,0,87,8,4.0,79,87.0,43.5,5.162938117980957,0,1.0564399730414151,0.7726693153381348,1.1351464868600303,80,lead,lead,Lead,
74368,intercepted,1,0,0,0,543,12,6.0,531,543.0,271.5,4.9151530265808105,0,1.1638784955458759,1.037118911743164,1.26434735735757,532,lead,lead,Lead,
74369,intercepted,1,0,0,0,275,13,6.5,262,275.0,137.5,3.0849387645721436,0,1.1004295464704246,1.890386939048767,1.1902377261149275,263,lead,lead,Lead,
74370,intercepted,1,0,0,0,37,9,4.5,28,37.0,18.5,8.66789436340332,0,1.1076633591076424,0.6645281910896301,1.1956939022583901,29,lead,lead,Lead,
74371,intercepted,1,0,0,0,40,8,4.0,32,40.0,20.0,5.7608466148376465,0,1.1380458031639908,0.7499843835830688,1.2452142511026338,33,lead,lead,Lead,
74372,intercepted,1,0,0,0,21,9,4.5,12,21.0,10.5,7.356553077697754,0,0.9187080820019429,0.8403033018112183,1.0364606307010307,13,lead,lead,Lead,
74373,intercepted,1,0,0,0,25,17,8.5,8,25.0,12.5,12.380087852478027,0,1.0438226991229587,0.9831203818321228,1.132969661171089,9,lead,lead,Lead,
74374,intercepted,1,0,0,0,87,8,4.0,79,87.0,43.5,9.13571834564209,0,1.15814065374434,1.12956702709198,1.2614042658252007,80,lead,lead,Lead,
74375,intercepted,1,0,0,0,113,14,7.0,99,113.0,56.5,8.474440574645996,0,1.15784058958292,2.3589906692504883,1.2532503746817947,100,lead,lead,Lead,
74376,intercepted,1,0,0,0,189,18,9.0,171,189.0,94.5,12.000481605529785,0,1.1435509408975757,1.2670079469680786,1.232208205005083,172,lead,lead,Lead,
74377,intercepted,1,0,0,0,204,10,5.0,194,204.0,102.0,7.025023460388184,0,1.186199929851752,1.0703167915344238,1.2750327266441484,195,lead,lead,Lead,
74378,intercepted,1,0,0,0,285,7,3.5,278,285.0,142.5,2.3859071731567383,0,1.1322815669266553,0.7255280613899231,1.2182653525296363,279,lead,lead,Lead,
74379,intercepted,1,0,0,0,416,9,4.5,407,416.0,208.0,2.3025436401367188,0,1.1133951711121435,2.3203206062316895,1.2024331111393955,408,lead,lead,Lead,
74380,intercepted,1,0,0,0,611,28,14.0,583,611.0,305.5,5.645792007446289,0,1.133111168809031,0.502295732498169,1.2344496647768772,584,lead,lead,Lead,
74381,soldier_caught,0,1,0,0,48,16,8.0,32,,,1.0041784048080444,0,1.2885314352584607,0.9190313816070557,1.3648346125504343,33,lead,lead,Lead,
74382,intercepted,1,0,0,0,100,8,4.0,92,100.0,50.0,8.962315559387207,0,1.12923911982967,1.121645212173462,1.2298410049517927,93,lead,lead,Lead,
74383,intercepted,1,0,0,0,36,10,5.0,26,36.0,18.0,3.2357091903686523,0,1.0864700211419,0.437965452671051,1.1653401836503205,27,lead,lead,Lead,
74384,intercepted,1,0,0,0,148,9,4.5,139,148.0,74.0,4.356025695800781,0,1.1976584919861384,1.1216851472854614,1.2832526855504585,140,lead,lead,Lead,
74385,intercepted,1,0,0,0,659,12,6.0,647,659.0,329.5,2.8177385330200195,0,1.1142507251582028,1.2925480604171753,1.2134349726911275,648,lead,lead,Lead,
74386,intercepted,1,0,0,0,61,31,15.5,30,61.0,30.5,13.179367065429688,0,1.1267399081299383,0.5672478079795837,1.253266971351737,31,lead,lead,Lead,
74387,intercepted,1,0,0,0,79,8,4.0,71,79.0,39.5,11.877950668334961,0,1.108301752867798,0.778299868106842,1.2002542416889443,72,lead,lead,Lead,
74388,intercepted,1,0,0,0,64,11,5.5,53,64.0,32.0,5.675787925720215,0,1.0748298151625528,0.8420180678367615,1.1748934801772914,54,lead,lead,Lead,
74389,intercepted,1,0,0,0,38,11,5.5,27,38.0,19.0,4.730177402496338,0,1.2761867892529284,0.8627977967262268,1.4114865772587848,28,lead,lead,Lead,
74390,intercepted,1,0,0,0,11,9,4.5,2,11.0,5.5,5.3011369705200195,0,1.2762893835703533,1.9056637287139893,1.3563818051009788,3,lead,lead,Lead,
74391,intercepted,1,0,0,0,60,16,8.0,44,60.0,30.0,7.387569427490234,0,1.164141736427943,0.8001803159713745,1.2456528009332941,45,lead,lead,Lead,
74392,intercepted,1,0,0,0,11,9,4.5,2,11.0,5.5,3.949185848236084,0,0.9987173477808634,0.8631860613822937,1.0713066178932171,3,lead,lead,Lead,
74393,soldier_caught,0,1,0,0,12,10,5.0,2,,,1.1739766597747803,0,1.3661545316378276,0.7648969292640686,1.4646566431552381,3,lead,lead,Lead,
74394,intercepted,1,0,0,0,274,9,4.5,265,274.0,137.0,3.752939462661743,0,1.161527556080119,1.1198111772537231,1.2590612592604766,266,lead,lead,Lead,
74395,soldier_caught,0,1,0,0,340,8,4.0,332,,,1.5482076406478882,0,1.1334517762825653,1.3959479331970215,1.237506741427376,333,lead,lead,Lead,
74396,intercepted,1,0,0,0,37,9,4.5,28,37.0,18.5,10.815851211547852,0,1.1714275320028436,1.4202251434326172,1.2839130073981122,29,lead,lead,Lead,
74397,intercepted,1,0,0,0,508,18,9.0,490,508.0,254.0,3.524580478668213,0,1.1457070469127897,1.5789530277252197,1.2343795649231517,491,lead,lead,Lead,
74398,intercepted,1,0,0,0,297,11,5.5,286,297.0,148.5,3.8519394397735596,0,1.1520886515179578,0.45275071263313293,1.2539183986243752,287,lead,lead,Lead,
74399,intercepted,1,0,0,0,167,9,4.5,158,167.0,83.5,4.21810245513916,0,1.1290849107991225,1.624871850013733,1.2119317735414707,159,lead,lead,Lead,
74400,intercepted,1,0,0,0,219,9,4.5,210,219.0,109.5,9.821783065795898,0,1.0910605480320645,1.602645754814148,1.1939100199391994,211,lead,lead,Lead,
74401,unsafe_intercept,0,0,1,0,411,14,7.0,397,,,2.8395681381225586,0,1.1038918134255624,1.102034568786621,1.1863827770096724,398,lead,lead,Lead,
74402,intercepted,1,0,0,0,128,9,4.5,119,128.0,64.0,10.013347625732422,0,1.0920637510716915,0.19180139899253845,1.1841460842360545,120,lead,lead,Lead,
74403,intercepted,1,0,0,0,165,40,20.0,125,165.0,82.5,7.544676303863525,0,1.1505387853535394,0.886171817779541,1.2493842835637652,126,lead,lead,Lead,
74404,intercepted,1,0,0,0,72,12,6.0,60,72.0,36.0,5.58868932723999,0,1.050140489320286,1.7858060598373413,1.1385337375678153,61,lead,lead,Lead,
74405,intercepted,1,0,0,0,123,8,4.0,115,123.0,61.5,5.283231735229492,0,1.0701598806370949,2.312282085418701,1.1750896850125658,116,lead,lead,Lead,
74406,intercepted,1,0,0,0,40,10,5.0,30,40.0,20.0,3.6103451251983643,0,1.0353590653788658,0.3878941237926483,1.156832909314299,31,lead,lead,Lead,
74407,intercepted,1,0,0,0,119,9,4.5,110,119.0,59.5,4.300944805145264,0,1.0645395385789442,1.6598061323165894,1.1625771477096027,111,lead,lead,Lead,
74408,intercepted,1,0,0,0,495,10,5.0,485,495.0,247.5,3.2122976779937744,0,1.1428594575819286,0.2351263463497162,1.2390465537528685,486,lead,lead,Lead,
74409,intercepted,1,0,0,0,111,27,13.5,84,111.0,55.5,8.688315391540527,0,1.136235584230984,1.2480900287628174,1.2214661923201318,85,lead,lead,Lead,
74410,soldier_caught,0,1,0,0,353,56,28.0,297,,,0.9636843800544739,0,1.1778591102201668,0.485238641500473,1.2767241964227893,298,lead,lead,Lead,
74411,intercepted,1,0,0,0,87,16,8.0,71,87.0,43.5,12.44076919555664,0,1.1263566704259977,1.263802170753479,1.1955655726965608,72,lead,lead,Lead,
74412,intercepted,1,0,0,0,617,8,4.0,609,617.0,308.5,2.7919836044311523,0,1.1334073852686608,0.6063883900642395,1.222985100726523,610,lead,lead,Lead,
74413,intercepted,1,0,0,0,183,44,22.0,139,183.0,91.5,5.831233978271484,0,1.1522954967405115,0.35575446486473083,1.248240358891814,140,lead,lead,Lead,
74414,intercepted,1,0,0,0,111,11,5.5,100,111.0,55.5,4.553321361541748,0,1.0225366392348072,1.031633734703064,1.0938300920092545,101,lead,lead,Lead,
74415,intercepted,1,0,0,0,82,8,4.0,74,82.0,41.0,2.6106014251708984,0,1.1544753523667652,2.4635043144226074,1.2421059662160547,75,lead,lead,Lead,
74416,soldier_caught,0,1,0,0,318,45,22.5,273,,,1.9073010683059692,0,1.139226065499939,0.7293602824211121,1.2286334270664991,274,lead,lead,Lead,
74417,intercepted,1,0,0,0,211,10,5.0,201,211.0,105.5,7.518782138824463,0,1.1343506254477076,1.388517141342163,1.2218981045043928,202,lead,lead,Lead,
74418,intercepted,1,0,0,0,106,9,4.5,97,106.0,53.0,2.727410316467285,0,1.1307672038674355,1.9558286666870117,1.2115040434779503,98,lead,lead,Lead,
74419,intercepted,1,0,0,0,323,8,4.0,315,323.0,161.5,9.518310546875,0,1.1281989706279356,0.8966493010520935,1.2234144212751108,316,lead,lead,Lead,
74420,intercepted,1,0,0,0,205,11,5.5,194,205.0,102.5,3.225282669067383,0,1.1733109133365827,0.7164268493652344,1.2540755659566234,195,lead,lead,Lead,
74421,intercepted,1,0,0,0,120,12,6.0,108,120.0,60.0,10.401764869689941,0,1.0927665083233369,0.803283154964447,1.1807135009982805,109,lead,lead,Lead,
74422,intercepted,1,0,0,0,509,10,5.0,499,509.0,254.5,2.2959325313568115,0,1.1226652168929576,1.6167887449264526,1.224364933939483,500,lead,lead,Lead,
74423,soldier_caught,0,1,0,0,59,8,4.0,51,,,1.0979554653167725,0,1.1767098915118437,0.8633026480674744,1.2597744490002745,52,lead,lead,Lead,
74424,intercepted,1,0,0,0,76,11,5.5,65,76.0,38.0,2.742172956466675,0,1.104797154213443,1.510252594947815,1.1908875342471363,66,lead,lead,Lead,
74425,intercepted,1,0,0,0,251,14,7.0,237,251.0,125.5,5.522847652435303,0,1.1251935436069465,1.1360321044921875,1.2165783714549012,238,lead,lead,Lead,
74426,intercepted,1,0,0,0,439,14,7.0,425,439.0,219.5,5.131086349487305,0,1.0896526624409246,0.7403143644332886,1.1870687908660749,426,lead,lead,Lead,
74427,soldier_caught,0,1,0,0,64,12,6.0,52,,,1.366667628288269,0,1.0389457513701241,1.2545078992843628,1.1485590510051475,53,lead,lead,Lead,
74428,intercepted,1,0,0,0,525,9,4.5,516,525.0,262.5,11.696535110473633,0,1.1131004519919132,1.0575487613677979,1.2104277657520512,517,lead,lead,Lead,
74429,intercepted,1,0,0,0,256,8,4.0,248,256.0,128.0,10.803378105163574,0,1.1308275754731822,0.6722702383995056,1.2331279877728345,249,lead,lead,Lead,
74430,soldier_caught,0,1,0,0,237,40,20.0,197,,,1.7780557870864868,0,1.0989745048561481,1.9780943393707275,1.1965488528635964,198,lead,lead,Lead,
74431,intercepted,1,0,0,0,53,12,6.0,41,53.0,26.5,7.925556182861328,0,1.281186357140541,1.8199776411056519,1.3935689503356545,42,lead,lead,Lead,
74432,soldier_caught,0,1,0,0,40,15,7.5,25,,,0.7530204653739929,0,1.1343401704843228,1.448554277420044,1.2008897669703034,26,lead,lead,Lead,
74433,intercepted,1,0,0,0,21,12,6.0,9,21.0,10.5,8.956716537475586,0,1.1014274686574936,0.8130009770393372,1.2004003303578727,10,lead,lead,Lead,
74434,intercepted,1,0,0,0,52,8,4.0,44,52.0,26.0,5.105607509613037,0,1.1886244707637363,0.3633122444152832,1.3103523458168251,45,lead,lead,Lead,
74435,intercepted,1,0,0,0,53,8,4.0,45,53.0,26.5,8.071111679077148,0,1.0139311514794827,0.5378547310829163,1.1040434920549984,46,lead,lead,Lead,
74436,intercepted,1,0,0,0,147,39,19.5,108,147.0,73.5,6.64240026473999,0,1.1166372282789387,0.9511664509773254,1.2175324314110316,109,lead,lead,Lead,
74437,soldier_caught,0,1,0,0,136,21,10.5,115,,,1.7005939483642578,0,1.1683281565020824,0.5284879803657532,1.2708090775034737,116,lead,lead,Lead,
74438,intercepted,1,0,0,0,108,35,17.5,73,108.0,54.0,11.364493370056152,0,1.1179801298154366,0.4176926910877228,1.228091135351101,74,lead,lead,Lead,
74439,intercepted,1,0,0,0,104,14,7.0,90,104.0,52.0,2.5185012817382812,0,1.0943749455305247,1.004246711730957,1.155026470115224,91,lead,lead,Lead,
74440,soldier_caught,0,1,0,0,225,30,15.0,195,,,0.5886083841323853,0,1.109951223797944,1.9149861335754395,1.213226987428609,196,lead,lead,Lead,
74441,intercepted,1,0,0,0,111,12,6.0,99,111.0,55.5,3.6078402996063232,0,1.146300483494997,1.1950451135635376,1.246845374693724,100,lead,lead,Lead,
74442,intercepted,1,0,0,0,549,17,8.5,532,549.0,274.5,2.465606212615967,0,1.124979890058233,1.6074637174606323,1.2219555226615066,533,lead,lead,Lead,
74443,intercepted,1,0,0,0,20,12,6.0,8,20.0,10.0,11.219015121459961,0,1.2485518521732755,1.0176318883895874,1.2977902274592914,9,lead,lead,Lead,
74444,intercepted,1,0,0,0,92,13,6.5,79,92.0,46.0,12.936084747314453,0,1.0883308056741954,1.966747760772705,1.1801540418251297,80,lead,lead,Lead,
74445,intercepted,1,0,0,0,270,12,6.0,258,270.0,135.0,4.210414886474609,0,1.1489559732176162,1.3248456716537476,1.2581515100646434,259,lead,lead,Lead,
74446,intercepted,1,0,0,0,164,9,4.5,155,164.0,82.0,2.487509250640869,0,1.12431576456397,1.382840871810913,1.240738204835113,156,lead,lead,Lead,
74447,intercepted,1,0,0,0,43,12,6.0,31,43.0,21.5,8.255247116088867,0,0.9980520638637245,1.5314726829528809,1.0939521984128993,32,lead,lead,Lead,
74448,intercepted,1,0,0,0,161,8,4.0,153,161.0,80.5,4.433104991912842,0,1.0675888948819854,1.136552333831787,1.1385654268937793,154,lead,lead,Lead,
74449,intercepted,1,0,0,0,45,10,5.0,35,45.0,22.5,6.235276699066162,0,1.1838742312457826,2.5890510082244873,1.2793747015665315,36,lead,lead,Lead,
74450,intercepted,1,0,0,0,476,49,24.5,427,476.0,238.0,4.34502649307251,0,1.1275620800660593,0.5260123014450073,1.2323102757549451,428,lead,lead,Lead,
74451,intercepted,1,0,0,0,86,14,7.0,72,86.0,43.0,11.05632495880127,0,1.1751710558182573,0.8894607424736023,1.2723735386409984,73,lead,lead,Lead,
74452,intercepted,1,0,0,0,277,22,11.0,255,277.0,138.5,2.5448410511016846,0,1.1098668333142996,0.9471501708030701,1.2156292130701558,256,lead,lead,Lead,
74453,intercepted,1,0,0,0,347,9,4.5,338,347.0,173.5,3.828165292739868,0,1.1230918131658814,0.511391818523407,1.2184925592526048,339,lead,lead,Lead,
74454,intercepted,1,0,0,0,346,11,5.5,335,346.0,173.0,7.431424140930176,0,1.110096631726871,0.7013007402420044,1.2018412298113264,336,lead,lead,Lead,
74455,intercepted,1,0,0,0,60,11,5.5,49,60.0,30.0,5.800027370452881,0,0.9914377123117447,1.4547622203826904,1.0640066365219456,50,lead,lead,Lead,
74456,intercepted,1,0,0,0,220,12,6.0,208,220.0,110.0,3.7040703296661377,0,1.1384507911769968,0.5319868922233582,1.238372914047813,209,lead,lead,Lead,
74457,intercepted,1,0,0,0,177,11,5.5,166,177.0,88.5,3.7235522270202637,0,1.0991802084410263,0.6371476054191589,1.1994422220340542,167,lead,lead,Lead,
74458,intercepted,1,0,0,0,130,9,4.5,121,130.0,65.0,2.4823849201202393,0,1.1622944950568872,1.9406044483184814,1.231422638583013,122,lead,lead,Lead,
74459,intercepted,1,0,0,0,690,10,5.0,680,690.0,345.0,6.507795333862305,0,1.1142435663991037,1.328276515007019,1.2077206257554458,681,lead,lead,Lead,
74460,unsafe_intercept,0,0,1,0,11,9,4.5,2,,,3.4735498428344727,0,1.1698275804519653,0.6848505735397339,1.24825527487095,3,lead,lead,Lead,
74461,soldier_caught,0,1,0,0,440,17,8.5,423,,,1.096836805343628,0,1.138711625182966,0.9316672682762146,1.2239224166448326,424,lead,lead,Lead,
74462,intercepted,1,0,0,0,147,8,4.0,139,147.0,73.5,6.234724998474121,0,1.1841984452945846,0.575805127620697,1.2889702844015447,140,lead,lead,Lead,
74463,intercepted,1,0,0,0,134,7,3.5,127,134.0,67.0,6.310270309448242,0,1.1407428791280836,0.9188128113746643,1.2399423025552831,128,lead,lead,Lead,
74464,intercepted,1,0,0,0,311,36,18.0,275,311.0,155.5,5.399375915527344,0,1.1557595649383205,0.2938777208328247,1.2559551520608627,276,lead,lead,Lead,
74465,intercepted,1,0,0,0,60,15,7.5,45,60.0,30.0,6.345530986785889,0,1.1277670860290527,1.2312010526657104,1.2304555151754333,46,lead,lead,Lead,
74466,soldier_caught,0,1,0,0,255,8,4.0,247,,,0.8089809417724609,0,1.0889982995126517,0.8774421811103821,1.188202114703465,248,lead,lead,Lead,
74467,intercepted,1,0,0,0,366,8,4.0,358,366.0,183.0,3.0732758045196533,0,1.094823404773032,1.2871558666229248,1.1828680523575263,359,lead,lead,Lead,
74468,intercepted,1,0,0,0,414,9,4.5,405,414.0,207.0,4.218540668487549,0,1.1277711757922113,0.37804660201072693,1.2295215902151777,406,lead,lead,Lead,
74469,intercepted,1,0,0,0,71,8,4.0,63,71.0,35.5,3.0706963539123535,0,1.071412461809814,0.9606372117996216,1.163419334250534,64,lead,lead,Lead,
74470,soldier_caught,0,1,0,0,81,11,5.5,70,,,1.3720647096633911,0,1.121349711863088,1.4552375078201294,1.2122372398663415,71,lead,lead,Lead,
74471,intercepted,1,0,0,0,25,11,5.5,14,25.0,12.5,9.343094825744629,0,0.90849702556928,0.930914044380188,0.9676468214672015,15,lead,lead,Lead,
74472,intercepted,1,0,0,0,97,10,5.0,87,97.0,48.5,2.8301756381988525,0,1.1287923528050834,1.8617712259292603,1.2267862260734927,88,lead,lead,Lead,
74473,intercepted,1,0,0,0,246,9,4.5,237,246.0,123.0,9.048564910888672,0,1.0866500209672612,0.7068113088607788,1.1731807865317803,238,lead,lead,Lead,
74474,intercepted,1,0,0,0,152,10,5.0,142,152.0,76.0,4.162528991699219,0,1.197790975441466,0.9748892784118652,1.2809494000148987,143,lead,lead,Lead,
74475,intercepted,1,0,0,0,319,32,16.0,287,319.0,159.5,3.788609504699707,0,1.1222113912614684,1.0452696084976196,1.203684412150695,288,lead,lead,Lead,
74476,soldier_caught,0,1,0,0,34,8,4.0,26,,,1.8520617485046387,0,1.0427186709863168,2.167285919189453,1.1502454488962122,27,lead,lead,Lead,
74477,intercepted,1,0,0,0,268,14,7.0,254,268.0,134.0,2.835219144821167,0,1.1075684570798687,0.7379820942878723,1.199808916254478,255,lead,lead,Lead,
74478,intercepted,1,0,0,0,355,10,5.0,345,355.0,177.5,3.6496920585632324,0,1.1285717944706106,2.0221517086029053,1.2252245002814444,346,lead,lead,Lead,
74479,intercepted,1,0,0,0,289,12,6.0,277,289.0,144.5,6.1498589515686035,0,1.0903712829990353,0.8655012249946594,1.180603664625763,278,lead,lead,Lead,
74480,intercepted,1,0,0,0,650,9,4.5,641,650.0,325.0,4.834951400756836,0,1.1175459093208253,1.7863967418670654,1.213616360395567,642,lead,lead,Lead,
74481,intercepted,1,0,0,0,382,29,14.5,353,382.0,191.0,4.784116268157959,0,1.104071509787592,2.2669341564178467,1.1887740077537126,354,lead,lead,Lead,
74482,intercepted,1,0,0,0,380,8,4.0,372,380.0,190.0,3.3782572746276855,0,1.0872474790178739,1.2049455642700195,1.1811159688268937,373,lead,lead,Lead,
74483,intercepted,1,0,0,0,88,52,26.0,36,88.0,44.0,14.239848136901855,0,1.1698778001843273,1.2929998636245728,1.2585970324681905,37,lead,lead,Lead,
74484,intercepted,1,0,0,0,39,12,6.0,27,39.0,19.5,3.7947211265563965,0,1.3978065880281585,0.8171824216842651,1.5148791202376903,28,lead,lead,Lead,
74485,intercepted,1,0,0,0,69,13,6.5,56,69.0,34.5,8.757437705993652,0,1.1109585411715925,1.5612154006958008,1.2112164270172892,57,lead,lead,Lead,
74486,intercepted,1,0,0,0,71,10,5.0,61,71.0,35.5,10.91972827911377,0,1.1140742806657669,1.367441177368164,1.1975406826646364,62,lead,lead,Lead,
74487,soldier_caught,0,1,0,0,90,47,23.5,43,,,1.868898868560791,0,1.1921905360438607,0.2833319902420044,1.2934183217009743,44,lead,lead,Lead,
74488,intercepted,1,0,0,0,83,10,5.0,73,83.0,41.5,2.817619562149048,0,1.2156117167827245,1.7021737098693848,1.3103230289974306,74,lead,lead,Lead,
74489,intercepted,1,0,0,0,435,12,6.0,423,435.0,217.5,5.761033058166504,0,1.0890053625763305,0.3681178390979767,1.178795638196811,424,lead,lead,Lead,
74490,intercepted,1,0,0,0,20,11,5.5,9,20.0,10.0,4.440223693847656,0,1.1875652372837067,0.7522290945053101,1.2100346306144896,10,lead,lead,Lead,
74491,intercepted,1,0,0,0,88,10,5.0,78,88.0,44.0,12.134673118591309,0,1.1570406754182865,0.8440947532653809,1.2511904606415505,79,lead,lead,Lead,
74492,intercepted,1,0,0,0,29,13,6.5,16,29.0,14.5,11.460894584655762,0,1.148608319899615,1.003401756286621,1.246051728299119,17,lead,lead,Lead,
74493,intercepted,1,0,0,0,231,9,4.5,222,231.0,115.5,5.95488166809082,0,1.1071760579943657,0.8597769737243652,1.1965905967435926,223,lead,lead,Lead,
74494,intercepted,1,0,0,0,167,52,26.0,115,167.0,83.5,4.860651016235352,0,1.1237150967634957,0.7541666626930237,1.2261913208254898,116,lead,lead,Lead,
74495,intercepted,1,0,0,0,320,8,4.0,312,320.0,160.0,4.367677211761475,0,1.1156805835116785,0.8469605445861816,1.2087599301926204,313,lead,lead,Lead,
74496,intercepted,1,0,0,0,77,16,8.0,61,77.0,38.5,10.400771141052246,0,1.1583936543714615,1.8443412780761719,1.2729701691370108,62,lead,lead,Lead,
74497,intercepted,1,0,0,0,160,18,9.0,142,160.0,80.0,2.087719440460205,0,1.0531385767084736,0.32518652081489563,1.1651119380759078,143,lead,lead,Lead,
74498,intercepted,1,0,0,0,100,12,6.0,88,100.0,50.0,9.36816692352295,0,1.1564973619546783,0.40735918283462524,1.2397915765381742,89,lead,lead,Lead,
74499,intercepted,1,0,0,0,464,67,33.5,397,464.0,232.0,7.110463619232178,0,1.1278321436377028,1.764168381690979,1.2313373910313603,398,lead,lead,Lead,
74500,intercepted,1,0,0,0,33,26,13.0,7,33.0,16.5,11.195873260498047,0,1.1492432206869125,0.8644364476203918,1.2083773800692739,8,lead,lead,Lead,
74501,intercepted,1,0,0,0,123,9,4.5,114,123.0,61.5,5.081222057342529,0,1.0589046248923177,0.8078016638755798,1.1648721339997925,115,lead,lead,Lead,
74502,intercepted,1,0,0,0,200,8,4.0,192,200.0,100.0,2.7699575424194336,0,1.1742251302294162,1.5423673391342163,1.2630819729294578,193,lead,lead,Lead,
74503,intercepted,1,0,0,0,316,10,5.0,306,316.0,158.0,3.660304307937622,0,1.1390393528274294,0.7199484705924988,1.2287141196668996,307,lead,lead,Lead,
74504,intercepted,1,0,0,0,128,11,5.5,117,128.0,64.0,2.8298425674438477,0,1.2071700190841141,1.545404076576233,1.3147118604826733,118,lead,lead,Lead,
74505,intercepted,1,0,0,0,54,18,9.0,36,54.0,27.0,7.561956405639648,0,1.1090255726028133,1.393383502960205,1.1994908352177158,37,lead,lead,Lead,
74506,intercepted,1,0,0,0,501,18,9.0,483,501.0,250.5,4.97202205657959,0,1.1379672884017475,1.7554066181182861,1.2333120185918884,484,lead,lead,Lead,
74507,unsafe_intercept,0,0,1,0,116,9,4.5,107,,,2.732861280441284,0,1.1409502793793325,1.639807939529419,1.2337728437148392,108,lead,lead,Lead,
74508,intercepted,1,0,0,0,46,15,7.5,31,46.0,23.0,6.9614410400390625,0,1.1006216392852366,0.22489292919635773,1.1795648023493823,32,lead,lead,Lead,
74509,intercepted,1,0,0,0,54,9,4.5,45,54.0,27.0,8.672066688537598,0,1.176006433756455,1.3285325765609741,1.236159788600102,46,lead,lead,Lead,
74510,intercepted,1,0,0,0,189,8,4.0,181,189.0,94.5,4.590298652648926,0,1.0851726626956857,0.9282052516937256,1.186529681091999,182,lead,lead,Lead,
74511,intercepted,1,0,0,0,38,12,6.0,26,38.0,19.0,9.880865097045898,0,1.082383433977763,0.8416646122932434,1.1441722221698791,27,lead,lead,Lead,
74512,intercepted,1,0,0,0,982,10,5.0,972,982.0,491.0,5.300713062286377,0,1.158068856272276,0.506528377532959,1.2553898305757119,973,lead,lead,Lead,
74513,intercepted,1,0,0,0,143,63,31.5,80,143.0,71.5,6.460066795349121,0,1.0881225619419121,1.2102041244506836,1.1796992690384056,81,lead,lead,Lead,
74514,intercepted,1,0,0,0,114,17,8.5,97,114.0,57.0,2.5378873348236084,0,1.1589799824417855,0.8867222666740417,1.2540514815776815,98,lead,lead,Lead,
74515,intercepted,1,0,0,0,296,13,6.5,283,296.0,148.0,6.097781181335449,0,1.1227788418321543,0.8253633379936218,1.2177968510849493,284,lead,lead,Lead,
74516,intercepted,1,0,0,0,44,12,6.0,32,44.0,22.0,5.471835613250732,0,1.103458920211503,1.8914276361465454,1.213713564897026,33,lead,lead,Lead,
74517,intercepted,1,0,0,0,137,16,8.0,121,137.0,68.5,10.138915061950684,0,1.1057910983924006,1.1520369052886963,1.210155106476053,122,lead,lead,Lead,
74518,intercepted,1,0,0,0,130,7,3.5,123,130.0,65.0,8.885210990905762,0,1.1898261253391542,1.5977725982666016,1.2728151266098664,124,lead,lead,Lead,
74519,intercepted,1,0,0,0,73,14,7.0,59,73.0,36.5,6.803594589233398,0,1.1454367394248643,1.5032919645309448,1.2186941342472248,60,lead,lead,Lead,
74520,intercepted,1,0,0,0,157,14,7.0,143,157.0,78.5,7.015071392059326,0,1.0773139647725556,0.7162709832191467,1.1795198130530948,144,lead,lead,Lead,
74521,intercepted,1,0,0,0,223,13,6.5,210,223.0,111.5,5.367196559906006,0,1.1270320131597926,0.376579225063324,1.226578196630995,211,lead,lead,Lead,
74522,intercepted,1,0,0,0,56,9,4.5,47,56.0,28.0,5.1494975090026855,0,1.1133950389921665,1.11627995967865,1.207010834977343,48,lead,lead,Lead,
74523,intercepted,1,0,0,0,236,18,9.0,218,236.0,118.0,5.02346658706665,0,1.1211613728983763,0.685836911201477,1.2169468056334265,219,lead,lead,Lead,
74524,intercepted,1,0,0,0,263,26,13.0,237,263.0,131.5,8.106613159179688,0,1.1924786889502983,1.0023568868637085,1.2852781659807744,238,lead,lead,Lead,
74525,intercepted,1,0,0,0,362,11,5.5,351,362.0,181.0,4.396429061889648,0,1.1169975237412886,1.8295167684555054,1.2155187367466627,352,lead,lead,Lead,
74526,soldier_caught,0,1,0,0,98,46,23.0,52,,,1.466471791267395,0,1.1444041658684891,0.6809188723564148,1.243566441156783,53,lead,lead,Lead,
74527,intercepted,1,0,0,0,156,10,5.0,146,156.0,78.0,5.416831016540527,0,1.0996306851810338,1.4638724327087402,1.1934444394390566,147,lead,lead,Lead,
74528,intercepted,1,0,0,0,63,27,13.5,36,63.0,31.5,14.310315132141113,0,1.0882816177767676,1.319054365158081,1.1556062056662764,37,lead,lead,Lead,
74529,intercepted,1,0,0,0,516,14,7.0,502,516.0,258.0,8.582987785339355,0,1.0959248900946756,1.1995322704315186,1.195607773467952,503,lead,lead,Lead,
74530,intercepted,1,0,0,0,176,13,6.5,163,176.0,88.0,3.7021632194519043,0,1.168405603163126,1.9076887369155884,1.2797653497457278,164,lead,lead,Lead,
74531,intercepted,1,0,0,0,115,10,5.0,105,115.0,57.5,5.330113410949707,0,1.128763403813794,1.1858688592910767,1.206541967988782,106,lead,lead,Lead,
74532,intercepted,1,0,0,0,236,42,21.0,194,236.0,118.0,7.176486015319824,0,1.1270921040803958,1.1460590362548828,1.2104445260968597,195,lead,lead,Lead,
74533,intercepted,1,0,0,0,56,9,4.5,47,56.0,28.0,7.720236301422119,0,1.0808846047148108,1.46973717212677,1.1866137769548786,48,lead,lead,Lead,
74534,soldier_caught,0,1,0,0,195,13,6.5,182,,,0.41447874903678894,0,1.0617553278233836,0.6882969737052917,1.156804903375878,183,lead,lead,Lead,
74535,intercepted,1,0,0,0,83,9,4.5,74,83.0,41.5,6.4731950759887695,0,1.0958442199230194,1.061601161956787,1.1728206460243247,75,lead,lead,Lead,
74536,intercepted,1,0,0,0,396,12,6.0,384,396.0,198.0,3.7293343544006348,0,1.1648038265379992,1.3253356218338013,1.2479998791813236,385,lead,lead,Lead,
74537,intercepted,1,0,0,0,103,14,7.0,89,103.0,51.5,11.34907341003418,0,1.1875618818733427,1.7676730155944824,1.2682023387106947,90,lead,lead,Lead,
74538,intercepted,1,0,0,0,64,13,6.5,51,64.0,32.0,5.717885494232178,0,1.029666890318577,1.0647298097610474,1.142055181016657,52,lead,lead,Lead,
74539,intercepted,1,0,0,0,232,9,4.5,223,232.0,116.0,5.687584400177002,0,1.0975029352786285,0.4120335578918457,1.1933097590634147,224,lead,lead,Lead,
74540,intercepted,1,0,0,0,314,17,8.5,297,314.0,157.0,10.932148933410645,0,1.1537643715539234,1.2564131021499634,1.2486413264346155,298,lead,lead,Lead,
74541,intercepted,1,0,0,0,84,9,4.5,75,84.0,42.0,3.0045106410980225,0,1.2108547205203457,1.4089401960372925,1.3105827328059556,76,lead,lead,Lead,
74542,intercepted,1,0,0,0,691,17,8.5,674,691.0,345.5,2.53493070602417,0,1.1618577983533895,1.3027361631393433,1.2723602087236272,675,lead,lead,Lead,
74543,intercepted,1,0,0,0,125,9,4.5,116,125.0,62.5,8.067549705505371,0,1.0859814138493986,0.5051915049552917,1.1782307059131254,117,lead,lead,Lead,
74544,intercepted,1,0,0,0,129,10,5.0,119,129.0,64.5,3.547595977783203,0,1.1318794583280882,1.1611202955245972,1.2197517975715613,120,lead,lead,Lead,
74545,intercepted,1,0,0,0,119,10,5.0,109,119.0,59.5,2.533012628555298,0,1.1157768454064023,1.1623958349227905,1.2008222382680152,110,lead,lead,Lead,
74546,intercepted,1,0,0,0,191,39,19.5,152,191.0,95.5,12.26661491394043,0,1.1091473007124233,0.6785756349563599,1.2050160926070566,153,lead,lead,Lead,
74547,intercepted,1,0,0,0,209,10,5.0,199,209.0,104.5,3.438040018081665,0,1.222571156322956,1.202063798904419,1.3292782523082933,200,lead,lead,Lead,
74548,intercepted,1,0,0,0,41,9,4.5,32,41.0,20.5,6.633569717407227,0,0.9976134399573008,0.604380190372467,1.091639338482647,33,lead,lead,Lead,
74549,intercepted,1,0,0,0,139,10,5.0,129,139.0,69.5,5.489012718200684,0,1.166160837159707,1.3046746253967285,1.27174392719121,130,lead,lead,Lead,
74550,intercepted,1,0,0,0,115,56,28.0,59,115.0,57.5,2.3902316093444824,0,1.1531456199785073,0.9899926781654358,1.2511044960625592,60,lead,lead,Lead,
74551,soldier_caught,0,1,0,0,92,14,7.0,78,,,1.2923394441604614,0,1.2126076112065134,1.6301510334014893,1.2988651961435205,79,lead,lead,Lead,
74552,soldier_caught,0,1,0,0,15,13,6.5,2,,,1.699514389038086,0,0.9743719299634298,1.0063725709915161,1.082407420993984,3,lead,lead,Lead,
74553,intercepted,1,0,0,0,165,14,7.0,151,165.0,82.5,10.033195495605469,0,1.0804493442471874,1.5302907228469849,1.1782558084233805,152,lead,lead,Lead,
74554,intercepted,1,0,0,0,105,21,10.5,84,105.0,52.5,9.405228614807129,0,1.0733453447327894,0.9506439566612244,1.1939659691446567,85,lead,lead,Lead,
74555,intercepted,1,0,0,0,247,12,6.0,235,247.0,123.5,4.081376552581787,0,1.1054776129076036,0.7700390815734863,1.1886981125853062,236,lead,lead,Lead,
74556,intercepted,1,0,0,0,403,51,25.5,352,403.0,201.5,3.21555233001709,0,1.1655037783022981,0.6040604710578918,1.2605977511986184,353,lead,lead,Lead,
74557,intercepted,1,0,0,0,452,14,7.0,438,452.0,226.0,2.6239185333251953,0,1.1334745523801968,0.3149166405200958,1.2324965876630778,439,lead,lead,Lead,
74558,intercepted,1,0,0,0,94,9,4.5,85,94.0,47.0,3.1156673431396484,0,1.0925251875332622,1.587343692779541,1.2098226808086365,86,lead,lead,Lead,
74559,soldier_caught,0,1,0,0,20,18,9.0,2,,,1.7550413608551025,0,1.496414343516032,1.9232598543167114,1.57787186439744,3,lead,lead,Lead,
74560,intercepted,1,0,0,0,44,14,7.0,30,44.0,22.0,2.193617105484009,0,1.1161052680784656,1.2319337129592896,1.2123834457931564,31,lead,lead,Lead,
74561,intercepted,1,0,0,0,106,8,4.0,98,106.0,53.0,3.0894248485565186,0,1.1489016079541408,1.027158498764038,1.2497464567670218,99,lead,lead,Lead,
74562,intercepted,1,0,0,0,60,8,4.0,52,60.0,30.0,3.196359395980835,0,1.2957785613131974,1.952872395515442,1.3886026483546479,53,lead,lead,Lead,
74563,intercepted,1,0,0,0,88,9,4.5,79,88.0,44.0,3.4299545288085938,0,1.1721517663449048,1.3038339614868164,1.272919363615396,80,lead,lead,Lead,
74564,intercepted,1,0,0,0,75,10,5.0,65,75.0,37.5,4.281519889831543,0,1.1531642458655618,1.9887150526046753,1.2470524384416481,66,lead,lead,Lead,
74565,intercepted,1,0,0,0,87,12,6.0,75,87.0,43.5,8.034727096557617,0,1.0991747087161792,1.5444282293319702,1.1989495875457352,76,lead,lead,Lead,
74566,intercepted,1,0,0,0,71,10,5.0,61,71.0,35.5,3.27585506439209,0,1.1190620920350474,0.7407780289649963,1.197580126475125,62,lead,lead,Lead,
74567,intercepted,1,0,0,0,206,12,6.0,194,206.0,103.0,2.3063364028930664,0,1.0982420559877004,0.9475951790809631,1.1905210337403787,195,lead,lead,Lead,
74568,intercepted,1,0,0,0,122,44,22.0,78,122.0,61.0,2.3567497730255127,0,1.1868690263621415,0.9885861873626709,1.2806245963346354,79,lead,lead,Lead,
74569,intercepted,1,0,0,0,484,12,6.0,472,484.0,242.0,7.342039585113525,0,1.121155716904122,1.1893205642700195,1.211365519858055,473,lead,lead,Lead,
74570,soldier_caught,0,1,0,0,195,95,47.5,100,,,1.743101954460144,0,1.2118809878235997,0.9019854068756104,1.2943427345908431,101,lead,lead,Lead,
74571,intercepted,1,0,0,0,91,7,3.5,84,91.0,45.5,3.2984871864318848,0,1.0719587348839816,0.8986642956733704,1.1701107189945128,85,lead,lead,Lead,
74572,intercepted,1,0,0,0,406,11,5.5,395,406.0,203.0,9.787919044494629,0,1.1127305990367224,1.4209705591201782,1.2027736057515375,396,lead,lead,Lead,
74573,intercepted,1,0,0,0,239,12,6.0,227,239.0,119.5,8.790349006652832,0,1.1115669249965434,2.042604923248291,1.2018228547067547,228,lead,lead,Lead,
74574,soldier_caught,0,1,0,0,133,10,5.0,123,,,1.668389916419983,0,1.1457279055349288,0.31516319513320923,1.2349331191019595,124,lead,lead,Lead,
74575,intercepted,1,0,0,0,270,9,4.5,261,270.0,135.0,6.7361578941345215,0,1.1383803989027292,0.5161531567573547,1.2340963820211144,262,lead,lead,Lead,
74576,intercepted,1,0,0,0,372,9,4.5,363,372.0,186.0,2.108942747116089,0,1.1474967676695886,1.0707149505615234,1.2355590647299382,364,lead,lead,Lead,
74577,intercepted,1,0,0,0,130,26,13.0,104,130.0,65.0,9.355544090270996,0,1.2025491657711211,1.705648422241211,1.284945002471015,105,lead,lead,Lead,
74578,intercepted,1,0,0,0,21,10,5.0,11,21.0,10.5,11.022045135498047,0,0.926832857231299,0.8396309018135071,1.0058039526642362,12,lead,lead,Lead,
74579,soldier_caught,0,1,0,0,318,32,16.0,286,,,1.785815715789795,0,1.1121339933485934,0.4853127896785736,1.2048988478164777,287,lead,lead,Lead,
74580,intercepted,1,0,0,0,230,80,40.0,150,230.0,115.0,5.559338092803955,0,1.14380677024655,1.5572631359100342,1.234722219723874,151,lead,lead,Lead,
74581,intercepted,1,0,0,0,97,9,4.5,88,97.0,48.5,3.10598087310791,0,1.0690112771947733,0.6661390662193298,1.148159104649158,89,lead,lead,Lead,
74582,intercepted,1,0,0,0,535,8,4.0,527,535.0,267.5,2.823155641555786,0,1.1424680687769344,0.6720553040504456,1.2510564711697132,528,lead,lead,Lead,
74583,intercepted,1,0,0,0,108,9,4.5,99,108.0,54.0,2.925001859664917,0,1.1564966717362404,0.9987152814865112,1.2507068887443655,100,lead,lead,Lead,
74584,intercepted,1,0,0,0,346,8,4.0,338,346.0,173.0,2.0615479946136475,0,1.1336509046477203,0.8595101833343506,1.221196828240026,339,lead,lead,Lead,
74585,intercepted,1,0,0,0,17,9,4.5,8,17.0,8.5,8.255189895629883,0,1.239672150876787,0.429132342338562,1.3358940015822183,9,lead,lead,Lead,
74586,soldier_caught,0,1,0,0,223,11,5.5,212,,,0.9021350145339966,0,1.1318471463213504,1.9110093116760254,1.2177699084640052,213,lead,lead,Lead,
74587,intercepted,1,0,0,0,43,9,4.5,34,43.0,21.5,2.7958498001098633,0,1.225645626442773,1.1629221439361572,1.3016538006438174,35,lead,lead,Lead,
74588,intercepted,1,0,0,0,31,17,8.5,14,31.0,15.5,5.748779296875,0,1.1375731706619263,0.9227647185325623,1.2430268741565689,15,lead,lead,Lead,
74589,intercepted,1,0,0,0,63,7,3.5,56,63.0,31.5,2.4887261390686035,0,1.161659269740707,0.3884418308734894,1.2574326082432774,57,lead,lead,Lead,
74590,unsafe_intercept,0,0,1,0,14,12,6.0,2,,,2.9248876571655273,0,1.0757827758789062,0.8260546922683716,1.0912348294179042,3,lead,lead,Lead,
74591,intercepted,1,0,0,0,56,11,5.5,45,56.0,28.0,10.223366737365723,0,1.1811248825296112,1.2366446256637573,1.2604972164405726,46,lead,lead,Lead,
74592,unsafe_intercept,0,0,1,0,12,10,5.0,2,,,3.2528443336486816,0,1.6851500670115154,1.590045690536499,1.7584830251239756,3,lead,lead,Lead,
74593,intercepted,1,0,0,0,131,10,5.0,121,131.0,65.5,2.245593786239624,0,1.0953703233819516,1.7695966958999634,1.1906130544314328,122,lead,lead,Lead,
74594,intercepted,1,0,0,0,40,9,4.5,31,40.0,20.0,7.275644779205322,0,1.1343361362814903,1.256932020187378,1.2321651326479717,32,lead,lead,Lead,
74595,intercepted,1,0,0,0,51,21,10.5,30,51.0,25.5,9.904911041259766,0,1.1437876637904876,1.6427133083343506,1.232785286085855,31,lead,lead,Lead,
74596,intercepted,1,0,0,0,198,30,15.0,168,198.0,99.0,3.4201529026031494,0,1.0806127888916512,1.913907527923584,1.1907652662653168,169,lead,lead,Lead,
74597,intercepted,1,0,0,0,226,9,4.5,217,226.0,113.0,6.700758457183838,0,1.1753821882735425,2.300769090652466,1.2837133822004367,218,lead,lead,Lead,
74598,intercepted,1,0,0,0,101,33,16.5,68,101.0,50.5,2.309659719467163,0,1.0545342285995898,0.5709249973297119,1.1517527045548195,69,lead,lead,Lead,
74599,intercepted,1,0,0,0,94,12,6.0,82,94.0,47.0,2.4736168384552,0,1.1248133699577976,1.1328814029693604,1.2487784168245435,83,lead,lead,Lead,
74600,intercepted,1,0,0,0,326,9,4.5,317,326.0,163.0,2.501878023147583,0,1.1417189076449137,0.9477791786193848,1.2413716678858817,318,lead,lead,Lead,
74601,intercepted,1,0,0,0,128,36,18.0,92,128.0,64.0,11.517487525939941,0,1.1120334636139613,0.7925952076911926,1.2059742149568486,93,lead,lead,Lead,
74602,intercepted,1,0,0,0,305,20,10.0,285,305.0,152.5,3.986297130584717,0,1.1494007726961917,0.23647832870483398,1.2430449062653455,286,lead,lead,Lead,
74603,intercepted,1,0,0,0,122,34,17.0,88,122.0,61.0,4.756510257720947,0,1.0833892932768618,1.0561732053756714,1.182323600105529,89,lead,lead,Lead,
74604,intercepted,1,0,0,0,487,19,9.5,468,487.0,243.5,6.793060779571533,0,1.1364768037219037,1.955470323562622,1.2345789805333296,469,lead,lead,Lead,
74605,intercepted,1,0,0,0,131,10,5.0,121,131.0,65.5,12.85458755493164,0,1.1011375814187723,0.7171564102172852,1.2095483816988422,122,lead,lead,Lead,
74606,soldier_caught,0,1,0,0,192,12,6.0,180,,,1.5441668033599854,0,1.1471716678850559,0.5121054649353027,1.2582765782756598,181,lead,lead,Lead,
74607,intercepted,1,0,0,0,55,9,4.5,46,55.0,27.5,8.468791007995605,0,1.1142263057384085,0.1925472617149353,1.2073423029472978,47,lead,lead,Lead,
74608,intercepted,1,0,0,0,70,10,5.0,60,70.0,35.0,3.4845454692840576,0,1.1124840659684823,2.1823928356170654,1.230187405213636,61,lead,lead,Lead,
74609,intercepted,1,0,0,0,59,10,5.0,49,59.0,29.5,2.3064510822296143,0,1.1628091311454773,1.323686122894287,1.2675868247981896,50,lead,lead,Lead,
74610,intercepted,1,0,0,0,259,13,6.5,246,259.0,129.5,10.376261711120605,0,1.0916801558332405,1.426081895828247,1.1954835256060794,247,lead,lead,Lead,
74611,intercepted,1,0,0,0,750,9,4.5,741,750.0,375.0,3.255063056945801,0,1.115282857193137,1.0928195714950562,1.2134427173156115,742,lead,lead,Lead,
74612,intercepted,1,0,0,0,10,8,4.0,2,10.0,5.0,4.291005611419678,0,1.2377195556958516,1.1513302326202393,1.286934356927328,3,lead,lead,Lead,
74613,intercepted,1,0,0,0,223,24,12.0,199,223.0,111.5,4.572103977203369,0,1.1109581146389247,1.2133574485778809,1.2017352432413704,200,lead,lead,Lead,
74614,intercepted,1,0,0,0,73,17,8.5,56,73.0,36.5,3.343811511993408,0,1.0031557824266584,0.5337916612625122,1.1417255197981158,57,lead,lead,Lead,
74615,intercepted,1,0,0,0,19,12,6.0,7,19.0,9.5,8.983977317810059,0,0.8872849531471729,0.9348699450492859,0.983481788320746,8,lead,lead,Lead,
74616,intercepted,1,0,0,0,76,19,9.5,57,76.0,38.0,7.514867305755615,0,1.214984701625232,1.3108066320419312,1.2948348531800473,58,lead,lead,Lead,
74617,intercepted,1,0,0,0,79,10,5.0,69,79.0,39.5,3.4505298137664795,0,1.1040031988705907,0.6757121086120605,1.1910327182018727,70,lead,lead,Lead,
74618,intercepted,1,0,0,0,165,8,4.0,157,165.0,82.5,2.9931788444519043,0,1.1745999281447899,0.4843050241470337,1.2804972078279238,158,lead,lead,Lead,
74619,intercepted,1,0,0,0,101,36,18.0,65,101.0,50.5,9.980777740478516,0,1.10046105154536,1.6454874277114868,1.204223798586042,66,lead,lead,Lead,
74620,intercepted,1,0,0,0,45,13,6.5,32,45.0,22.5,4.63467264175415,0,1.2900368950583718,0.8454386591911316,1.4274613110441194,33,lead,lead,Lead,
74621,intercepted,1,0,0,0,63,14,7.0,49,63.0,31.5,12.656102180480957,0,1.1285779386758805,0.758708119392395,1.2056175198311645,50,lead,lead,Lead,
74622,soldier_caught,0,1,0,0,34,10,5.0,24,,,0.9029063582420349,0,1.076224035024643,0.5418411493301392,1.1669658289188445,25,lead,lead,Lead,
74623,intercepted,1,0,0,0,226,8,4.0,218,226.0,113.0,4.095572471618652,0,1.0797027680835767,0.4310967028141022,1.1700618401495806,219,lead,lead,Lead,
74624,intercepted,1,0,0,0,478,15,7.5,463,478.0,239.0,2.374953269958496,0,1.122639662714611,1.0067270994186401,1.2132254351040126,464,lead,lead,Lead,
74625,intercepted,1,0,0,0,74,14,7.0,60,74.0,37.0,4.715606689453125,0,1.1161679303059813,1.0171360969543457,1.2413113641175417,61,lead,lead,Lead,
74626,intercepted,1,0,0,0,267,12,6.0,255,267.0,133.5,2.9845988750457764,0,1.1248161878902465,1.166098952293396,1.2245274360419718,256,lead,lead,Lead,
74627,intercepted,1,0,0,0,235,14,7.0,221,235.0,117.5,2.2848875522613525,0,1.1621443709140424,1.9349380731582642,1.256266340082719,222,lead,lead,Lead,
74628,intercepted,1,0,0,0,117,9,4.5,108,117.0,58.5,3.6382226943969727,0,1.0399619413351795,1.3595341444015503,1.1398755002399334,109,lead,lead,Lead,
74629,intercepted,1,0,0,0,44,15,7.5,29,44.0,22.0,9.484630584716797,0,1.0908100709319115,1.3370895385742188,1.1803277150334452,30,lead,lead,Lead,
74630,soldier_caught,0,1,0,0,19,17,8.5,2,,,1.9382370710372925,0,1.0313361287117004,1.3395028114318848,1.0669612285081167,3,lead,lead,Lead,
74631,intercepted,1,0,0,0,17,9,4.5,8,17.0,8.5,11.905501365661621,0,0.9339505400922563,1.0017613172531128,1.0159426313903734,9,lead,lead,Lead,
74632,intercepted,1,0,0,0,448,9,4.5,439,448.0,224.0,8.643999099731445,0,1.1370781154117802,1.1076905727386475,1.2393958752764476,440,lead,lead,Lead,
74633,intercepted,1,0,0,0,56,20,10.0,36,56.0,28.0,13.393720626831055,0,1.0353039162787232,1.2676717042922974,1.1392693583105953,37,lead,lead,Lead,
74634,intercepted,1,0,0,0,137,9,4.5,128,137.0,68.5,5.5416364669799805,0,1.099761855463649,0.31704267859458923,1.1965259363856051,129,lead,lead,Lead,
74635,intercepted,1,0,0,0,459,53,26.5,406,459.0,229.5,5.990076065063477,0,1.1693869556783165,1.133293628692627,1.281097406677937,407,lead,lead,Lead,
74636,intercepted,1,0,0,0,185,8,4.0,177,185.0,92.5,4.923003673553467,0,1.1687539707074004,2.2242648601531982,1.2713027250152182,178,lead,lead,Lead,
74637,intercepted,1,0,0,0,33,10,5.0,23,33.0,16.5,3.75578236579895,0,1.1188075349976618,1.0783460140228271,1.2175777813398196,24,lead,lead,Lead,
74638,intercepted,1,0,0,0,61,9,4.5,52,61.0,30.5,2.5199239253997803,0,1.1951455979977015,1.282297968864441,1.2911828062318298,53,lead,lead,Lead,
74639,intercepted,1,0,0,0,26,19,9.5,7,26.0,13.0,13.26264476776123,0,0.838096771389246,0.7547784447669983,0.9287452989348958,8,lead,lead,Lead,
74640,intercepted,1,0,0,0,117,11,5.5,106,117.0,58.5,5.174250602722168,0,1.1390766619800408,1.541530966758728,1.250688102402059,107,lead,lead,Lead,
74641,soldier_caught,0,1,0,0,11,8,4.0,3,,,0.549717128276825,0,1.7626537084579468,2.6066269874572754,1.8375626903158493,4,lead,lead,Lead,
74642,intercepted,1,0,0,0,28,15,7.5,13,28.0,14.0,9.23498821258545,0,1.0741039727415358,2.461216926574707,1.2352121435845054,14,lead,lead,Lead,
74643,intercepted,1,0,0,0,89,16,8.0,73,89.0,44.5,7.457009792327881,0,1.1465234087931144,1.5477044582366943,1.2259995513598894,74,lead,lead,Lead,
74644,intercepted,1,0,0,0,259,8,4.0,251,259.0,129.5,5.059007167816162,0,1.1584604997779169,1.343564748764038,1.252036460667102,252,lead,lead,Lead,
74645,intercepted,1,0,0,0,161,12,6.0,149,161.0,80.5,9.338608741760254,0,1.1527185051639874,1.242539405822754,1.2556191547402333,150,lead,lead,Lead,
74646,intercepted,1,0,0,0,46,14,7.0,32,46.0,23.0,8.160325050354004,0,1.0469238385558128,2.2125046253204346,1.1535560953675579,33,lead,lead,Lead,
74647,intercepted,1,0,0,0,41,8,4.0,33,41.0,20.5,5.802670001983643,0,1.1811718502465416,1.4303925037384033,1.2700786741999786,34,lead,lead,Lead,
74648,intercepted,1,0,0,0,45,11,5.5,34,45.0,22.5,7.627497673034668,0,1.0819027849606104,0.8273836970329285,1.1896865953926075,35,lead,lead,Lead,
74649,intercepted,1,0,0,0,107,8,4.0,99,107.0,53.5,5.458924293518066,0,1.1006851337850094,1.0734344720840454,1.2092029479253905,100,lead,lead,Lead,
74650,intercepted,1,0,0,0,136,9,4.5,127,136.0,68.0,7.416811466217041,0,1.1133325884584337,2.64786958694458,1.2340459075534778,128,lead,lead,Lead,
74651,intercepted,1,0,0,0,113,18,9.0,95,113.0,56.5,4.603374004364014,0,1.248350338699917,1.7762503623962402,1.3479695795655084,96,lead,lead,Lead,
74652,intercepted,1,0,0,0,29,9,4.5,20,29.0,14.5,9.98435115814209,0,1.0488778877825964,0.9520222544670105,1.137747321981897,21,lead,lead,Lead,
74653,intercepted,1,0,0,0,247,14,7.0,233,247.0,123.5,7.212564468383789,0,1.096344571544701,1.010481834411621,1.2016205708541983,234,lead,lead,Lead,
74654,intercepted,1,0,0,0,99,56,28.0,43,99.0,49.5,9.707022666931152,0,1.191568640822714,2.1860191822052,1.319685921282234,44,lead,lead,Lead,
74655,intercepted,1,0,0,0,383,34,17.0,349,383.0,191.5,4.415132522583008,0,1.1269549543516977,1.4339793920516968,1.219924397702225,350,lead,lead,Lead,
74656,intercepted,1,0,0,0,75,7,3.5,68,75.0,37.5,11.556964874267578,0,1.1197283505529598,1.0955102443695068,1.2345433084370616,69,lead,lead,Lead,
74657,soldier_caught,0,1,0,0,10,8,4.0,2,,,1.9308605194091797,0,0.9952085216840109,0.4256524443626404,1.0884319833752187,3,lead,lead,Lead,
74658,intercepted,1,0,0,0,14,12,6.0,2,14.0,7.0,4.463596820831299,0,1.505122224489848,1.985915184020996,1.5490466233849913,3,lead,lead,Lead,
74659,intercepted,1,0,0,0,164,57,28.5,107,164.0,82.0,11.12707805633545,0,1.1522229355242517,0.6770780682563782,1.247362097121798,108,lead,lead,Lead,
74660,intercepted,1,0,0,0,296,18,9.0,278,296.0,148.0,7.546928882598877,0,1.1540265150074462,1.309536099433899,1.2597193901626387,279,lead,lead,Lead,
74661,intercepted,1,0,0,0,120,36,18.0,84,120.0,60.0,3.1289446353912354,0,1.1416311171124964,1.3276052474975586,1.256912468259193,85,lead,lead,Lead,
74662,soldier_caught,0,1,0,0,10,8,4.0,2,,,0.917884349822998,0,1.2150847514470418,1.2465325593948364,1.2152928874208155,3,lead,lead,Lead,
74663,intercepted,1,0,0,0,86,8,4.0,78,86.0,43.0,7.246803283691406,0,1.0544765889644623,0.7912811040878296,1.157880881387408,79,lead,lead,Lead,
74664,intercepted,1,0,0,0,129,8,4.0,121,129.0,64.5,4.825424671173096,0,1.0192932600124938,0.8871771097183228,1.1044676093721457,122,lead,lead,Lead,
74665,intercepted,1,0,0,0,90,11,5.5,79,90.0,45.0,3.350966453552246,0,1.0942725528031587,1.164102554321289,1.1631601587414175,80,lead,lead,Lead,
74666,intercepted,1,0,0,0,192,10,5.0,182,192.0,96.0,2.2471272945404053,0,1.173762847654155,0.5035363435745239,1.28608538164295,183,lead,lead,Lead,
74667,intercepted,1,0,0,0,499,10,5.0,489,499.0,249.5,4.544222354888916,0,1.1281418440901503,0.9703426361083984,1.2211299157031825,490,lead,lead,Lead,
74668,soldier_caught,0,1,0,0,106,56,28.0,50,,,1.9506255388259888,0,1.1565693476620842,0.4897715747356415,1.2381108380355217,51,lead,lead,Lead,
74669,intercepted,1,0,0,0,215,8,4.0,207,215.0,107.5,2.329753875732422,0,1.0734232784463809,1.251800775527954,1.1593823436209236,208,lead,lead,Lead,
74670,unsafe_intercept,0,0,1,0,36,9,4.5,27,,,2.428036689758301,0,1.0772668878946985,0.9649216532707214,1.1699881403322823,28,lead,lead,Lead,
74671,intercepted,1,0,0,0,43,12,6.0,31,43.0,21.5,8.627813339233398,0,1.099466733634472,0.546688973903656,1.2255757851258322,32,lead,lead,Lead,
74672,intercepted,1,0,0,0,267,65,32.5,202,267.0,133.5,2.497321605682373,0,1.0981172230736962,1.0546050071716309,1.1882472868729248,203,lead,lead,Lead,
74673,intercepted,1,0,0,0,10,8,4.0,2,10.0,5.0,4.4224066734313965,0,1.4851685961087544,1.772924780845642,1.5278368884106717,3,lead,lead,Lead,
74674,soldier_caught,0,1,0,0,12,10,5.0,2,,,1.888429045677185,0,0.8611742556095123,1.6449421644210815,1.0433064328970745,3,lead,lead,Lead,
74675,intercepted,1,0,0,0,77,66,33.0,11,77.0,38.5,11.550159454345703,0,0.9448218892018,1.8680020570755005,1.0253343786594353,12,lead,lead,Lead,
74676,intercepted,1,0,0,0,115,32,16.0,83,115.0,57.5,6.52785587310791,0,1.1605352532295954,1.5080254077911377,1.2402882804542568,84,lead,lead,Lead,
74677,intercepted,1,0,0,0,23,10,5.0,13,23.0,11.5,13.035055160522461,0,1.1720466571194785,2.1713662147521973,1.2371540752961685,14,lead,lead,Lead,
74678,intercepted,1,0,0,0,65,13,6.5,52,65.0,32.5,9.84036636352539,0,1.1474118553242594,0.7176409959793091,1.2412191042566618,53,lead,lead,Lead,
74679,intercepted,1,0,0,0,122,14,7.0,108,122.0,61.0,7.4872517585754395,0,1.1243071862317007,1.1267242431640625,1.2234470001810929,109,lead,lead,Lead,
74680,intercepted,1,0,0,0,162,11,5.5,151,162.0,81.0,3.45943284034729,0,1.1482250784572803,1.2699041366577148,1.2601015630759007,152,lead,lead,Lead,
74681,intercepted,1,0,0,0,126,50,25.0,76,126.0,63.0,5.932315826416016,0,1.1058306159911218,0.6871176362037659,1.1795712303634693,77,lead,lead,Lead,
74682,soldier_caught,0,1,0,0,32,8,4.0,24,,,1.279898762702942,0,0.9658477216958999,1.347241759300232,1.0676309391162269,25,lead,lead,Lead,
74683,intercepted,1,0,0,0,286,18,9.0,268,286.0,143.0,5.647590637207031,0,1.1558560085063974,0.9780203700065613,1.253504194673143,269,lead,lead,Lead,
74684,intercepted,1,0,0,0,225,9,4.5,216,225.0,112.5,3.658362627029419,0,1.1092161213129348,0.6984067559242249,1.2026315412533906,217,lead,lead,Lead,
74685,intercepted,1,0,0,0,72,7,3.5,65,72.0,36.0,6.999156951904297,0,1.1556305903376956,1.1399145126342773,1.2749180207316806,66,lead,lead,Lead,
74686,intercepted,1,0,0,0,18,10,5.0,8,18.0,9.0,7.032678604125977,0,1.2752941813733842,1.4750299453735352,1.3820493846248911,9,lead,lead,Lead,
74687,intercepted,1,0,0,0,250,13,6.5,237,250.0,125.0,9.974722862243652,0,1.1270580608867298,1.290360689163208,1.2197409330889364,238,lead,lead,Lead,
74688,intercepted,1,0,0,0,55,9,4.5,46,55.0,27.5,2.961271047592163,0,1.141015425641486,0.708253026008606,1.2328237372115023,47,lead,lead,Lead,
74689,intercepted,1,0,0,0,57,12,6.0,45,57.0,28.5,4.045018672943115,0,1.276506637101588,1.3683457374572754,1.3832909508265392,46,lead,lead,Lead,
74690,intercepted,1,0,0,0,292,12,6.0,280,292.0,146.0,5.458004474639893,0,1.1499143476959226,1.9827362298965454,1.2490366599328855,281,lead,lead,Lead,
74691,intercepted,1,0,0,0,209,13,6.5,196,209.0,104.5,3.3307042121887207,0,1.1108803218845182,0.7721089124679565,1.1877732650632573,197,lead,lead,Lead,
74692,soldier_caught,0,1,0,0,36,11,5.5,25,,,0.8999906778335571,0,1.0285251954427133,1.0927530527114868,1.0980123694882693,26,lead,lead,Lead,
74693,intercepted,1,0,0,0,153,9,4.5,144,153.0,76.5,5.657583713531494,0,1.1323514603335283,2.2234020233154297,1.249364096136507,145,lead,lead,Lead,
74694,soldier_caught,0,1,0,0,378,31,15.5,347,,,1.8785730600357056,0,1.1218275280305365,1.5051965713500977,1.219167729635884,348,lead,lead,Lead,
74695,soldier_caught,0,1,0,0,198,9,4.5,189,,,1.946906566619873,0,1.1532129003813392,1.469929814338684,1.2467037114678423,190,lead,lead,Lead,
74696,intercepted,1,0,0,0,57,8,4.0,49,57.0,28.5,2.3605077266693115,0,1.1206082320213318,1.1173086166381836,1.2417507820506224,50,lead,lead,Lead,
74697,soldier_caught,0,1,0,0,40,14,7.0,26,,,0.3991743326187134,0,0.93764395515124,0.1281745582818985,1.0328899739901443,27,lead,lead,Lead,
74698,intercepted,1,0,0,0,204,9,4.5,195,204.0,102.0,3.420401096343994,0,1.196510483567812,1.579900860786438,1.2904759024763903,196,lead,lead,Lead,
74699,soldier_caught,0,1,0,0,41,15,7.5,26,,,1.3007630109786987,0,1.0287776528685182,0.9777467250823975,1.1162455403292597,27,lead,lead,Lead,
74700,intercepted,1,0,0,0,358,45,22.5,313,358.0,179.0,4.680261135101318,0,1.1136700599246723,1.4101920127868652,1.2130194264821983,314,lead,lead,Lead,
74701,soldier_caught,0,1,0,0,510,16,8.0,494,,,1.7249119281768799,0,1.0978789145070496,1.5749735832214355,1.2075085735226996,495,lead,lead,Lead,
74702,intercepted,1,0,0,0,257,10,5.0,247,257.0,128.5,3.3169498443603516,0,1.1146227734223488,1.5082286596298218,1.2075273368247115,248,lead,lead,Lead,
74703,intercepted,1,0,0,0,84,31,15.5,53,84.0,42.0,13.702155113220215,0,1.0333870196783985,1.1156095266342163,1.1307000668429033,54,lead,lead,Lead,
74704,intercepted,1,0,0,0,442,20,10.0,422,442.0,221.0,2.4757723808288574,0,1.1037253521329968,1.6697981357574463,1.2039303509871664,423,lead,lead,Lead,
74705,intercepted,1,0,0,0,183,11,5.5,172,183.0,91.5,5.480029582977295,0,1.1629856718930205,1.7102632522583008,1.2645651612711941,173,lead,lead,Lead,
74706,intercepted,1,0,0,0,275,9,4.5,266,275.0,137.5,5.26824951171875,0,1.1370493462692932,1.13860285282135,1.2308251177968588,267,lead,lead,Lead,
74707,intercepted,1,0,0,0,110,26,13.0,84,110.0,55.0,13.205385208129883,0,1.0813579636461594,0.8059868216514587,1.1850294420926453,85,lead,lead,Lead,
74708,intercepted,1,0,0,0,174,14,7.0,160,174.0,87.0,8.648568153381348,0,1.1714612530625386,0.3563149571418762,1.2709156440338014,161,lead,lead,Lead,
74709,intercepted,1,0,0,0,87,32,16.0,55,87.0,43.5,7.2970380783081055,0,1.0973122061363287,1.1716504096984863,1.1932540960323492,56,lead,lead,Lead,
74710,intercepted,1,0,0,0,134,8,4.0,126,134.0,67.0,6.79691219329834,0,1.1059731517251081,1.0780339241027832,1.2069909484837602,127,lead,lead,Lead,
74711,intercepted,1,0,0,0,156,11,5.5,145,156.0,78.0,3.1968023777008057,0,1.1339524182146543,1.008803129196167,1.2338766835331374,146,lead,lead,Lead,
74712,intercepted,1,0,0,0,9,7,3.5,2,9.0,4.5,4.041243076324463,0,1.3338770767052968,0.4128851592540741,1.4966025590335548,3,lead,lead,Lead,
74713,intercepted,1,0,0,0,13,11,5.5,2,13.0,6.5,5.866413593292236,0,0.7737649579842886,0.4526534974575043,0.8080413662327821,3,lead,lead,Lead,
74714,intercepted,1,0,0,0,94,13,6.5,81,94.0,47.0,2.6450634002685547,0,1.1655289160042275,1.550214171409607,1.2641582292676152,82,lead,lead,Lead,
74715,soldier_caught,0,1,0,0,184,10,5.0,174,,,1.1946921348571777,0,1.1462790489196777,0.5164808034896851,1.239675275035279,175,lead,lead,Lead,
74716,intercepted,1,0,0,0,155,15,7.5,140,155.0,77.5,4.495088577270508,0,1.036947713041982,0.4803526997566223,1.1357123318795126,141,lead,lead,Lead,
74717,intercepted,1,0,0,0,56,10,5.0,46,56.0,28.0,3.5086545944213867,0,1.1417785372505798,1.6865094900131226,1.2362129836023001,47,lead,lead,Lead,
74718,intercepted,1,0,0,0,104,8,4.0,96,104.0,52.0,4.971724510192871,0,1.094124884181416,1.516780972480774,1.224960102368754,97,lead,lead,Lead,
74719,intercepted,1,0,0,0,105,12,6.0,93,105.0,52.5,8.996118545532227,0,1.1732397938662387,0.7555545568466187,1.2830780429100497,94,lead,lead,Lead,
74720,intercepted,1,0,0,0,207,8,4.0,199,207.0,103.5,6.6774115562438965,0,1.1062627321854235,0.9646861553192139,1.1961520931031369,200,lead,lead,Lead,
74721,intercepted,1,0,0,0,439,29,14.5,410,439.0,219.5,4.688406944274902,0,1.1444226981949632,0.6199004650115967,1.2409877597200534,411,lead,lead,Lead,
74722,intercepted,1,0,0,0,46,15,7.5,31,46.0,23.0,9.537070274353027,0,1.2084731152281165,2.487700939178467,1.329897135938141,32,lead,lead,Lead,
74723,intercepted,1,0,0,0,231,16,8.0,215,231.0,115.5,12.422575950622559,0,1.0782029296926878,0.5189200043678284,1.182456324794739,216,lead,lead,Lead,
74724,intercepted,1,0,0,0,44,12,6.0,32,44.0,22.0,4.192316055297852,0,1.0523253299973228,1.2483335733413696,1.1692836154547785,33,lead,lead,Lead,
74725,intercepted,1,0,0,0,187,11,5.5,176,187.0,93.5,9.938932418823242,0,1.1344045052083873,1.6073358058929443,1.2547567861804811,177,lead,lead,Lead,
74726,intercepted,1,0,0,0,81,12,6.0,69,81.0,40.5,2.4758827686309814,0,0.9965791470238141,1.4610381126403809,1.106848550768496,70,lead,lead,Lead,
74727,intercepted,1,0,0,0,169,12,6.0,157,169.0,84.5,7.451312065124512,0,1.1845755856248397,0.4595852196216583,1.2973418407800208,158,lead,lead,Lead,
74728,intercepted,1,0,0,0,159,10,5.0,149,159.0,79.5,5.180634498596191,0,1.1101353738705317,1.267956256866455,1.2004184040687262,150,lead,lead,Lead,
74729,intercepted,1,0,0,0,12,10,5.0,2,12.0,6.0,6.313762664794922,0,1.1265814304351807,0.6227306723594666,1.2630208904002056,3,lead,lead,Lead,
74730,intercepted,1,0,0,0,107,13,6.5,94,107.0,53.5,6.138583183288574,0,1.0355609760472648,1.70663321018219,1.1153544985450228,95,lead,lead,Lead,
74731,intercepted,1,0,0,0,140,21,10.5,119,140.0,70.0,11.8096342086792,0,1.1170333568006754,2.176692247390747,1.209700997488149,120,lead,lead,Lead,
74732,intercepted,1,0,0,0,62,13,6.5,49,62.0,31.0,4.720926761627197,0,1.081486604809761,1.693189263343811,1.1586169102823758,50,lead,lead,Lead,
74733,intercepted,1,0,0,0,17,10,5.0,7,17.0,8.5,8.92249584197998,0,1.137164156883955,0.7158003449440002,1.2662677195837093,8,lead,lead,Lead,
74734,intercepted,1,0,0,0,62,11,5.5,51,62.0,31.0,9.989923477172852,0,1.0800519665846458,1.6414891481399536,1.1646361604516797,52,lead,lead,Lead,
74735,intercepted,1,0,0,0,157,10,5.0,147,157.0,78.5,3.7975800037384033,0,1.1188507168679624,0.5009756088256836,1.1986943070524214,148,lead,lead,Lead,
74736,intercepted,1,0,0,0,22,20,10.0,2,22.0,11.0,6.079352855682373,0,1.4095555543899536,1.442002773284912,1.4418714945015667,3,lead,lead,Lead,
74737,intercepted,1,0,0,0,302,15,7.5,287,302.0,151.0,3.393341064453125,0,1.111883873430391,1.3804422616958618,1.2089740656586416,288,lead,lead,Lead,
74738,intercepted,1,0,0,0,236,27,13.5,209,236.0,118.0,12.495723724365234,0,1.172752038637797,1.2651946544647217,1.2793222560392705,210,lead,lead,Lead,
74739,soldier_caught,0,1,0,0,57,11,5.5,46,,,1.453149437904358,0,1.1341440588869947,0.4830267131328583,1.2408015331184414,47,lead,lead,Lead,
74740,intercepted,1,0,0,0,105,69,34.5,36,105.0,52.5,11.751298904418945,0,1.2011930088739138,0.8216920495033264,1.3192689700264706,37,lead,lead,Lead,
74741,intercepted,1,0,0,0,73,15,7.5,58,73.0,36.5,5.486820220947266,0,1.212612150079113,0.7894865870475769,1.3303760910652016,59,lead,lead,Lead,
74742,soldier_caught,0,1,0,0,214,14,7.0,200,,,1.7314789295196533,0,1.1865457380144158,0.7218937277793884,1.2867121602336407,201,lead,lead,Lead,
74743,intercepted,1,0,0,0,401,42,21.0,359,401.0,200.5,6.971063137054443,0,1.1307385104190972,0.8349916934967041,1.222303909029478,360,lead,lead,Lead,
74744,intercepted,1,0,0,0,374,9,4.5,365,374.0,187.0,10.078194618225098,0,1.1358063927357966,1.4034202098846436,1.229758941285215,366,lead,lead,Lead,
74745,soldier_caught,0,1,0,0,33,9,4.5,24,,,1.3610954284667969,0,1.2405648338794708,1.0739539861679077,1.331732155267768,25,lead,lead,Lead,
74746,soldier_caught,0,1,0,0,541,11,5.5,530,,,1.3332788944244385,0,1.1507444375961065,1.3745815753936768,1.2426513614531496,531,lead,lead,Lead,
74747,intercepted,1,0,0,0,374,57,28.5,317,374.0,187.0,6.333720684051514,0,1.151890495382015,1.666580319404602,1.2557747233507486,318,lead,lead,Lead,
74748,intercepted,1,0,0,0,193,10,5.0,183,193.0,96.5,3.978788375854492,0,1.0777226171415786,0.42767369747161865,1.1665708322384074,184,lead,lead,Lead,
74749,intercepted,1,0,0,0,448,34,17.0,414,448.0,224.0,5.401247501373291,0,1.1257267786795835,0.6859927177429199,1.225879051775718,415,lead,lead,Lead,
74750,soldier_caught,0,1,0,0,127,10,5.0,117,,,1.990083932876587,0,1.1239552619093556,0.6813492178916931,1.2100118841528096,118,lead,lead,Lead,
74751,intercepted,1,0,0,0,30,16,8.0,14,30.0,15.0,3.7229971885681152,0,1.0502280394236247,0.5282170176506042,1.1138583071936763,15,lead,lead,Lead,
74752,intercepted,1,0,0,0,112,9,4.5,103,112.0,56.0,3.1791601181030273,0,1.1490434284966726,0.3081969618797302,1.251313536970046,104,lead,lead,Lead,
74753,intercepted,1,0,0,0,265,14,7.0,251,265.0,132.5,6.088633060455322,0,1.1339587554084285,1.2038311958312988,1.2299631285125143,252,lead,lead,Lead,
74754,intercepted,1,0,0,0,314,10,5.0,304,314.0,157.0,2.646430253982544,0,1.13686090942289,1.2653459310531616,1.2260890412764898,305,lead,lead,Lead,
74755,unsafe_intercept,0,0,1,0,401,11,5.5,390,,,2.9359970092773438,0,1.1837624448644535,1.6566096544265747,1.2802059818457656,391,lead,lead,Lead,
74756,intercepted,1,0,0,0,299,14,7.0,285,299.0,149.5,6.369883060455322,0,1.125993479460061,0.7375762462615967,1.222643042707948,286,lead,lead,Lead,
74757,intercepted,1,0,0,0,63,9,4.5,54,63.0,31.5,3.0129032135009766,0,1.0499047962102024,0.883122444152832,1.124111973744274,55,lead,lead,Lead,
74758,intercepted,1,0,0,0,283,10,5.0,273,283.0,141.5,2.5152618885040283,0,1.1156471428753685,0.5228762030601501,1.204934904422829,274,lead,lead,Lead,
74759,intercepted,1,0,0,0,233,11,5.5,222,233.0,116.5,4.712660312652588,0,1.1479466411163988,1.2023603916168213,1.2318271573384891,223,lead,lead,Lead,
74760,soldier_caught,0,1,0,0,226,59,29.5,167,,,1.2375750541687012,0,1.1560477900895334,1.7700225114822388,1.268845444889642,168,lead,lead,Lead,
74761,intercepted,1,0,0,0,71,18,9.0,53,71.0,35.5,13.7195405960083,0,1.1154316542325196,1.1658611297607422,1.2165848880911014,54,lead,lead,Lead,
74762,intercepted,1,0,0,0,37,10,5.0,27,37.0,18.5,3.3089535236358643,0,1.0184588022530079,1.1654998064041138,1.144197214688031,28,lead,lead,Lead,
74763,intercepted,1,0,0,0,97,12,6.0,85,97.0,48.5,2.0093014240264893,0,1.1556707527055297,1.296019434928894,1.2253626389351437,86,lead,lead,Lead,
74764,intercepted,1,0,0,0,285,22,11.0,263,285.0,142.5,2.7088255882263184,0,1.117558852910544,1.2285033464431763,1.211180721451444,264,lead,lead,Lead,
74765,intercepted,1,0,0,0,230,45,22.5,185,230.0,115.0,6.444555282592773,0,1.1270929995563723,0.42667055130004883,1.227585927767939,186,lead,lead,Lead,
74766,intercepted,1,0,0,0,331,17,8.5,314,331.0,165.5,4.026186943054199,0,1.101259761930458,0.42111894488334656,1.213403968422508,315,lead,lead,Lead,
74767,intercepted,1,0,0,0,118,58,29.0,60,118.0,59.0,13.99987506866455,0,1.0655668324134389,1.4900254011154175,1.1755387599574991,61,lead,lead,Lead,
74768,intercepted,1,0,0,0,311,11,5.5,300,311.0,155.5,7.726033687591553,0,1.1438056874859373,0.6947399973869324,1.240910374222112,301,lead,lead,Lead,
74769,intercepted,1,0,0,0,227,11,5.5,216,227.0,113.5,2.5332248210906982,0,1.0979053045060778,0.7878376245498657,1.2060693422754565,217,lead,lead,Lead,
74770,intercepted,1,0,0,0,134,46,23.0,88,134.0,67.0,13.529966354370117,0,1.1496162744385472,0.9259348511695862,1.246302809934895,89,lead,lead,Lead,
74771,intercepted,1,0,0,0,51,18,9.0,33,51.0,25.5,3.3692808151245117,0,1.162295318701688,0.4007602632045746,1.2519168018314992,34,lead,lead,Lead,
74772,intercepted,1,0,0,0,39,12,6.0,27,39.0,19.5,6.2697319984436035,0,1.185049791421209,1.6742222309112549,1.2729433213703674,28,lead,lead,Lead,
74773,intercepted,1,0,0,0,76,9,4.5,67,76.0,38.0,5.182123184204102,0,1.1872288481715847,2.069322347640991,1.296416828427631,68,lead,lead,Lead,
74774,intercepted,1,0,0,0,120,10,5.0,110,120.0,60.0,3.7046494483947754,0,1.10413980833045,0.7407645583152771,1.2039197498939185,111,lead,lead,Lead,
74775,intercepted,1,0,0,0,421,13,6.5,408,421.0,210.5,5.690618515014648,0,1.1494817482011535,0.8033542633056641,1.2348052148428346,409,lead,lead,Lead,
74776,intercepted,1,0,0,0,290,14,7.0,276,290.0,145.0,2.5053625106811523,0,1.1310769819288047,0.5470989346504211,1.2261255953703152,277,lead,lead,Lead,
74777,intercepted,1,0,0,0,88,15,7.5,73,88.0,44.0,11.489148139953613,0,1.145939378722294,1.3009644746780396,1.246102857863328,74,lead,lead,Lead,
74778,intercepted,1,0,0,0,68,10,5.0,58,68.0,34.0,7.818305969238281,0,1.1101604467731412,2.7166948318481445,1.2395291984094854,59,lead,lead,Lead,
74779,intercepted,1,0,0,0,25,9,4.5,16,25.0,12.5,5.987444877624512,0,0.9488794128684437,0.7841930389404297,1.019078001913364,17,lead,lead,Lead,
74780,intercepted,1,0,0,0,294,11,5.5,283,294.0,147.0,3.561324119567871,0,1.0607553044675102,1.2457594871520996,1.1669679615017814,284,lead,lead,Lead,
74781,intercepted,1,0,0,0,304,8,4.0,296,304.0,152.0,2.6922478675842285,0,1.1299260772438564,0.35241156816482544,1.2208410074760092,297,lead,lead,Lead,
74782,intercepted,1,0,0,0,228,12,6.0,216,228.0,114.0,4.651364803314209,0,1.1236882739215404,0.4628876745700836,1.2167171265226782,217,lead,lead,Lead,
74783,unsafe_intercept,0,0,1,0,409,13,6.5,396,,,2.8554725646972656,0,1.158203648942844,0.61186283826828,1.2522251495010968,397,lead,lead,Lead,
74784,intercepted,1,0,0,0,22,11,5.5,11,22.0,11.0,10.338863372802734,0,0.9007730819284916,1.3342307806015015,0.9647011134683307,12,lead,lead,Lead,
74785,intercepted,1,0,0,0,266,7,3.5,259,266.0,133.0,3.666883945465088,0,1.137246310710907,0.625345766544342,1.2385809491630537,260,lead,lead,Lead,
74786,unsafe_intercept,0,0,1,0,14,12,6.0,2,,,3.3004910945892334,0,1.1874237457911174,1.2285021543502808,1.1879881108819041,3,lead,lead,Lead,
74787,intercepted,1,0,0,0,47,13,6.5,34,47.0,23.5,7.8607563972473145,0,1.2287198462656566,1.7593637704849243,1.2724611757147628,35,lead,lead,Lead,
74788,intercepted,1,0,0,0,85,16,8.0,69,85.0,42.5,10.673480033874512,0,1.1629015266895295,1.0825294256210327,1.2344685295280147,70,lead,lead,Lead,
74789,soldier_caught,0,1,0,0,14,11,5.5,3,,,1.5002706050872803,0,1.4968585669994354,2.2298712730407715,1.593703183720804,4,lead,lead,Lead,
74790,intercepted,1,0,0,0,365,16,8.0,349,365.0,182.5,6.718390464782715,0,1.1468082142301967,2.211089849472046,1.2538420761398181,350,lead,lead,Lead,
74791,intercepted,1,0,0,0,399,12,6.0,387,399.0,199.5,6.455751419067383,0,1.1491120684431078,1.173532247543335,1.237143841272051,388,lead,lead,Lead,
74792,intercepted,1,0,0,0,323,85,42.5,238,323.0,161.5,2.2047791481018066,0,1.1415926554088314,1.0952028036117554,1.2366360726345285,239,lead,lead,Lead,
74793,intercepted,1,0,0,0,26,11,5.5,15,26.0,13.0,12.045317649841309,0,1.033762538805604,0.4783163368701935,1.1081395047802056,16,lead,lead,Lead,
74794,intercepted,1,0,0,0,174,15,7.5,159,174.0,87.0,9.70301342010498,0,1.122119507007301,0.9791226983070374,1.2186736499170048,160,lead,lead,Lead,
74795,intercepted,1,0,0,0,313,11,5.5,302,313.0,156.5,8.773605346679688,0,1.0768039862905006,1.0729410648345947,1.1564384958618823,303,lead,lead,Lead,
74796,intercepted,1,0,0,0,291,11,5.5,280,291.0,145.5,3.680607557296753,0,1.1045104811147015,0.936720073223114,1.2089318293798514,281,lead,lead,Lead,
74797,intercepted,1,0,0,0,70,13,6.5,57,70.0,35.0,2.1496875286102295,0,1.133960561762596,0.5442488789558411,1.2160479204667416,58,lead,lead,Lead,
74798,intercepted,1,0,0,0,121,12,6.0,109,121.0,60.5,6.258711338043213,0,1.088693950122053,0.5661418437957764,1.1917000598580296,110,lead,lead,Lead,
74799,intercepted,1,0,0,0,108,9,4.5,99,108.0,54.0,3.9702255725860596,0,1.1581810151040555,0.5606850385665894,1.2670319960546192,100,lead,lead,Lead,
74800,intercepted,1,0,0,0,35,9,4.5,26,35.0,17.5,9.523418426513672,0,1.139956192837821,1.1295475959777832,1.2449516250116204,27,lead,lead,Lead,
74801,intercepted,1,0,0,0,497,11,5.5,486,497.0,248.5,3.752481698989868,0,1.1564133902839566,1.6208720207214355,1.2503459297296615,487,lead,lead,Lead,
74802,intercepted,1,0,0,0,87,9,4.5,78,87.0,43.5,4.613160610198975,0,1.10863895714283,0.7382396459579468,1.198182294501702,79,lead,lead,Lead,
74803,intercepted,1,0,0,0,64,34,17.0,30,64.0,32.0,12.995513916015625,0,1.0347598175848685,1.2725266218185425,1.1217884872100798,31,lead,lead,Lead,
74804,soldier_caught,0,1,0,0,36,7,3.5,29,,,1.1667073965072632,0,1.1831184506416321,1.4377868175506592,1.2732305807900859,30,lead,lead,Lead,
74805,intercepted,1,0,0,0,420,13,6.5,407,420.0,210.0,3.7080678939819336,0,1.1424465723993147,0.6662659645080566,1.2374897705848285,408,lead,lead,Lead,
74806,intercepted,1,0,0,0,82,7,3.5,75,82.0,41.0,4.612069129943848,0,1.093947688999929,1.2285915613174438,1.1995778434456308,76,lead,lead,Lead,
74807,intercepted,1,0,0,0,645,12,6.0,633,645.0,322.5,3.7117838859558105,0,1.1426103002147907,1.143432378768921,1.238514727234094,634,lead,lead,Lead,
74808,intercepted,1,0,0,0,178,46,23.0,132,178.0,89.0,13.121028900146484,0,1.0644893000896711,1.434170126914978,1.1512679707878986,133,lead,lead,Lead,
74809,intercepted,1,0,0,0,368,36,18.0,332,368.0,184.0,8.896203994750977,0,1.0963316457318113,1.6505119800567627,1.1845032265777982,333,lead,lead,Lead,
74810,soldier_caught,0,1,0,0,986,83,41.5,903,,,1.4813556671142578,0,1.1234999260683833,1.241255283355713,1.2176547439176895,904,lead,lead,Lead,
74811,intercepted,1,0,0,0,182,104,52.0,78,182.0,91.0,4.55612325668335,0,1.2127931668788572,0.8887772560119629,1.308008692474133,79,lead,lead,Lead,
74812,intercepted,1,0,0,0,83,13,6.5,70,83.0,41.5,2.8446123600006104,0,1.1723440665174538,2.499913215637207,1.2910155250330806,71,lead,lead,Lead,
74813,intercepted,1,0,0,0,212,15,7.5,197,212.0,106.0,5.72137451171875,0,1.088975888253613,1.526728630065918,1.1825648861248763,198,lead,lead,Lead,
74814,intercepted,1,0,0,0,60,13,6.5,47,60.0,30.0,6.200642108917236,0,1.1915662434572976,1.9452118873596191,1.3007232236407953,48,lead,lead,Lead,
74815,intercepted,1,0,0,0,148,30,15.0,118,148.0,74.0,7.178781032562256,0,1.1423931944520533,1.659595251083374,1.239232893322623,119,lead,lead,Lead,
74816,intercepted,1,0,0,0,471,11,5.5,460,471.0,235.5,6.196678638458252,0,1.1248176805513412,1.1266512870788574,1.2206456558559413,461,lead,lead,Lead,
74817,intercepted,1,0,0,0,151,13,6.5,138,151.0,75.5,6.017643451690674,0,1.1485603003621958,1.414002537727356,1.2376806553600495,139,lead,lead,Lead,
74818,intercepted,1,0,0,0,113,12,6.0,101,113.0,56.5,2.2357819080352783,0,1.165107275633251,1.5285545587539673,1.2677911031509757,102,lead,lead,Lead,
74819,intercepted,1,0,0,0,181,11,5.5,170,181.0,90.5,4.602157115936279,0,1.1583940602011151,0.9736378788948059,1.2457546872425749,171,lead,lead,Lead,
74820,intercepted,1,0,0,0,119,12,6.0,107,119.0,59.5,2.0814502239227295,0,1.1385780076185863,1.9543945789337158,1.2394185962892712,108,lead,lead,Lead,
74821,intercepted,1,0,0,0,42,9,4.5,33,42.0,21.0,5.1087493896484375,0,1.0462407101603115,1.3228840827941895,1.150447712257186,34,lead,lead,Lead,
74822,intercepted,1,0,0,0,199,10,5.0,189,199.0,99.5,3.9021453857421875,0,1.1146936641711938,0.8530764579772949,1.2165535717321152,190,lead,lead,Lead,
74823,intercepted,1,0,0,0,37,9,4.5,28,37.0,18.5,5.24496603012085,0,0.9258724286638457,0.5262070298194885,1.033343347034738,29,lead,lead,Lead,
74824,intercepted,1,0,0,0,288,10,5.0,278,288.0,144.0,11.781777381896973,0,1.120283837466898,0.8087529540061951,1.2192693049366539,279,lead,lead,Lead,
74825,intercepted,1,0,0,0,60,14,7.0,46,60.0,30.0,3.8795552253723145,0,1.1429189437247338,0.8021195530891418,1.2386899217790879,47,lead,lead,Lead,
74826,intercepted,1,0,0,0,114,9,4.5,105,114.0,57.0,4.509221076965332,0,1.06429240402748,1.2303482294082642,1.1591924507005718,106,lead,lead,Lead,
74827,intercepted,1,0,0,0,268,16,8.0,252,268.0,134.0,3.6500678062438965,0,1.1589383687308654,1.3703750371932983,1.258273095078556,253,lead,lead,Lead,
74828,soldier_caught,0,1,0,0,83,17,8.5,66,,,1.3515722751617432,0,1.1392400002301628,0.4133208990097046,1.2245155552692442,67,lead,lead,Lead,
74829,intercepted,1,0,0,0,189,35,17.5,154,189.0,94.5,3.9086592197418213,0,1.0988757922764747,0.6694373488426208,1.1997813962420059,155,lead,lead,Lead,
74830,intercepted,1,0,0,0,87,9,4.5,78,87.0,43.5,5.463754653930664,0,1.1809959445573106,0.9750432372093201,1.2646160785594762,79,lead,lead,Lead,
74831,intercepted,1,0,0,0,215,8,4.0,207,215.0,107.5,2.004892110824585,0,1.0782608232962398,0.8734776973724365,1.1852706517779548,208,lead,lead,Lead,
74832,intercepted,1,0,0,0,64,15,7.5,49,64.0,32.0,4.480518341064453,0,1.0883184081315995,0.9649797081947327,1.1534841171313168,50,lead,lead,Lead,
74833,intercepted,1,0,0,0,152,62,31.0,90,152.0,76.0,4.046121120452881,0,1.1651051417811886,1.0942353010177612,1.2568787324438873,91,lead,lead,Lead,
74834,intercepted,1,0,0,0,90,14,7.0,76,90.0,45.0,9.37166690826416,0,1.2139042360442025,1.4179017543792725,1.2840429019643824,77,lead,lead,Lead,
74835,soldier_caught,0,1,0,0,142,18,9.0,124,,,1.546543002128601,0,1.1255337617397307,1.1632531881332397,1.23076469307828,125,lead,lead,Lead,
74836,intercepted,1,0,0,0,153,37,18.5,116,153.0,76.5,2.8196117877960205,0,1.1436291739471958,0.951886773109436,1.242865009375385,117,lead,lead,Lead,
74837,intercepted,1,0,0,0,157,11,5.5,146,157.0,78.5,6.571467876434326,0,1.1098991198604609,1.5705372095108032,1.1984410400806775,147,lead,lead,Lead,
74838,intercepted,1,0,0,0,74,14,7.0,60,74.0,37.0,7.381041049957275,0,1.1237146864171887,1.603018045425415,1.1960661267524413,61,lead,lead,Lead,
74839,intercepted,1,0,0,0,116,27,13.5,89,116.0,58.0,9.421030044555664,0,1.1944184535079532,1.6603957414627075,1.3057002792837415,90,lead,lead,Lead,
74840,intercepted,1,0,0,0,96,9,4.5,87,96.0,48.0,12.72178840637207,0,1.1316963571377776,0.8440123200416565,1.2213275864251378,88,lead,lead,Lead,
74841,intercepted,1,0,0,0,43,9,4.5,34,43.0,21.5,6.545350074768066,0,1.0847898389611925,1.4346342086791992,1.1809877715580677,35,lead,lead,Lead,
74842,intercepted,1,0,0,0,37,10,5.0,27,37.0,18.5,6.083354949951172,0,1.1699108449476106,1.450806975364685,1.2253630165291292,28,lead,lead,Lead,
74843,intercepted,1,0,0,0,144,42,21.0,102,144.0,72.0,3.048081636428833,0,1.1213308044718306,0.4744487702846527,1.228340558730193,103,lead,lead,Lead,
74844,intercepted,1,0,0,0,212,10,5.0,202,212.0,106.0,3.6081995964050293,0,1.1454711313464958,1.1494780778884888,1.2342879763636645,203,lead,lead,Lead,
74845,intercepted,1,0,0,0,59,9,4.5,50,59.0,29.5,11.49050521850586,0,1.0162671874551212,2.164769411087036,1.105838586225651,51,lead,lead,Lead,
74846,intercepted,1,0,0,0,132,10,5.0,122,132.0,66.0,6.0716023445129395,0,1.1609662218791683,0.6407831907272339,1.2721228483040965,123,lead,lead,Lead,
74847,intercepted,1,0,0,0,424,44,22.0,380,424.0,212.0,4.661065101623535,0,1.1081025928180674,1.0656753778457642,1.2166772125290664,381,lead,lead,Lead,
74848,intercepted,1,0,0,0,43,11,5.5,32,43.0,21.5,11.586526870727539,0,1.1657467502536196,1.1500978469848633,1.2286859123761107,33,lead,lead,Lead,
74849,intercepted,1,0,0,0,98,12,6.0,86,98.0,49.0,7.244588375091553,0,1.0889402026760167,1.5737297534942627,1.2079965396563659,87,lead,lead,Lead,
74850,intercepted,1,0,0,0,219,8,4.0,211,219.0,109.5,5.675795555114746,0,1.1337318790127646,1.553113341331482,1.2351502650423571,212,lead,lead,Lead,
74851,intercepted,1,0,0,0,11,9,4.5,2,11.0,5.5,4.8890700340271,0,1.4992009202639263,1.968287467956543,1.6089594735507609,3,lead,lead,Lead,
74852,intercepted,1,0,0,0,50,10,5.0,40,50.0,25.0,8.105217933654785,0,1.215824281297079,1.2268508672714233,1.295490662041513,41,lead,lead,Lead,
74853,soldier_caught,0,1,0,0,213,9,4.5,204,,,1.4424324035644531,0,1.156195905041404,1.3041645288467407,1.25436103833764,205,lead,lead,Lead,
74854,soldier_caught,0,1,0,0,109,10,5.0,99,,,1.8245313167572021,0,1.1913065917789936,1.1915843486785889,1.2887226457585919,100,lead,lead,Lead,
74855,intercepted,1,0,0,0,107,12,6.0,95,107.0,53.5,2.5763192176818848,0,1.0942797989894946,0.5842810273170471,1.1806735175722753,96,lead,lead,Lead,
74856,soldier_caught,0,1,0,0,44,19,9.5,25,,,0.9031680822372437,0,1.1809394439825645,1.8823984861373901,1.2693945639782196,26,lead,lead,Lead,
74857,intercepted,1,0,0,0,188,83,41.5,105,188.0,94.0,14.810009956359863,0,1.0686563192954603,0.6970739960670471,1.1677678277608272,106,lead,lead,Lead,
74858,intercepted,1,0,0,0,36,23,11.5,13,36.0,18.0,14.242234230041504,0,1.1586970601763045,1.0575305223464966,1.3383546876902617,14,lead,lead,Lead,
74859,intercepted,1,0,0,0,164,12,6.0,152,164.0,82.0,10.6038818359375,0,1.1201859895699944,1.600893497467041,1.2205173718790254,153,lead,lead,Lead,
74860,intercepted,1,0,0,0,106,11,5.5,95,106.0,53.0,7.215776443481445,0,1.1242587513600786,0.9710663557052612,1.2080792458178693,96,lead,lead,Lead,
74861,intercepted,1,0,0,0,13,11,5.5,2,13.0,6.5,3.784075975418091,0,1.3051077127456665,1.554351568222046,1.3183070439588753,3,lead,lead,Lead,
74862,intercepted,1,0,0,0,514,75,37.5,439,514.0,257.0,5.141127586364746,0,1.1231674737550996,2.7396435737609863,1.2130173708876582,440,lead,lead,Lead,
74863,soldier_caught,0,1,0,0,34,10,5.0,24,,,0.951850414276123,0,1.0934752452373504,0.9431489706039429,1.17513387715549,25,lead,lead,Lead,
74864,intercepted,1,0,0,0,417,23,11.5,394,417.0,208.5,9.426956176757812,0,1.1153811602464205,0.32858362793922424,1.2209323242317056,395,lead,lead,Lead,
74865,intercepted,1,0,0,0,248,101,50.5,147,248.0,124.0,4.115218639373779,0,1.1448666986984175,1.2301933765411377,1.2405821438292637,148,lead,lead,Lead,
74866,intercepted,1,0,0,0,23,10,5.0,13,23.0,11.5,12.331951141357422,0,1.0001199458326613,0.2954351305961609,1.1488950462482908,14,lead,lead,Lead,
74867,intercepted,1,0,0,0,48,18,9.0,30,48.0,24.0,9.637757301330566,0,1.3225146435922193,1.4682526588439941,1.4366574028162438,31,lead,lead,Lead,
74868,intercepted,1,0,0,0,114,87,43.5,27,114.0,57.0,13.607086181640625,0,1.133390340421881,1.0869194269180298,1.2004963325185352,28,lead,lead,Lead,
74869,intercepted,1,0,0,0,36,11,5.5,25,36.0,18.0,2.4134347438812256,0,1.0757219774218707,0.8641352653503418,1.2060368040608425,26,lead,lead,Lead,
74870,soldier_caught,0,1,0,0,32,7,3.5,25,,,1.9497523307800293,0,1.2088216818295991,0.7466394901275635,1.3392303163900876,26,lead,lead,Lead,
74871,soldier_caught,0,1,0,0,104,12,6.0,92,,,1.1671966314315796,0,1.0697596768538158,0.5189154744148254,1.148503422988418,93,lead,lead,Lead,
74872,intercepted,1,0,0,0,37,8,4.0,29,37.0,18.5,2.754487991333008,0,1.2746835748354595,1.554166316986084,1.3969772329207613,30,lead,lead,Lead,
74873,intercepted,1,0,0,0,243,8,4.0,235,243.0,121.5,2.2061586380004883,0,1.1225948660808094,1.053613543510437,1.2161528841362474,236,lead,lead,Lead,
74874,intercepted,1,0,0,0,86,8,4.0,78,86.0,43.0,13.11417293548584,0,1.0975708852085886,1.2030545473098755,1.1757959867141026,79,lead,lead,Lead,
74875,intercepted,1,0,0,0,42,11,5.5,31,42.0,21.0,10.99460506439209,0,1.1901531484909356,1.3047674894332886,1.3125502624450553,32,lead,lead,Lead,
74876,intercepted,1,0,0,0,146,9,4.5,137,146.0,73.0,2.2420599460601807,0,1.092071291329204,0.8191757202148438,1.179961860165208,138,lead,lead,Lead,
74877,intercepted,1,0,0,0,367,11,5.5,356,367.0,183.5,4.754980087280273,0,1.1479732963968725,0.31895712018013,1.252079327190169,357,lead,lead,Lead,
74878,intercepted,1,0,0,0,40,10,5.0,30,40.0,20.0,8.429313659667969,0,1.097186755509146,0.33440467715263367,1.2172469966133426,31,lead,lead,Lead,
74879,intercepted,1,0,0,0,360,12,6.0,348,360.0,180.0,2.979437828063965,0,1.1124939481730447,1.277788758277893,1.2012573735887364,349,lead,lead,Lead,
74880,intercepted,1,0,0,0,63,8,4.0,55,63.0,31.5,3.027888298034668,0,1.1569206778492247,1.4745200872421265,1.2710486579344573,56,lead,lead,Lead,
74881,unsafe_intercept,0,0,1,0,14,13,6.5,1,,,3.481173038482666,0,0.7337701916694641,0.6818488240242004,0.7356048685271167,2,lead,lead,Lead,
74882,soldier_caught,0,1,0,0,934,11,5.5,923,,,1.5762653350830078,0,1.122646727579045,1.3063138723373413,1.2203868709205759,924,lead,lead,Lead,
74883,intercepted,1,0,0,0,239,12,6.0,227,239.0,119.5,4.332249164581299,0,1.0764775835631186,2.1954128742218018,1.1684017989040505,228,lead,lead,Lead,
74884,intercepted,1,0,0,0,216,19,9.5,197,216.0,108.0,9.611093521118164,0,1.1471414651834604,0.5762395262718201,1.2394422629234272,198,lead,lead,Lead,
74885,unsafe_intercept,0,0,1,0,11,9,4.5,2,,,3.2239270210266113,0,0.49044087529182434,0.39488857984542847,0.4974121207377308,3,lead,lead,Lead,
74886,intercepted,1,0,0,0,165,8,4.0,157,165.0,82.5,6.345053672790527,0,1.1055833918007114,1.9254601001739502,1.201073381593306,158,lead,lead,Lead,
74887,intercepted,1,0,0,0,164,9,4.5,155,164.0,82.0,9.97414779663086,0,1.1093198243433084,0.9723260998725891,1.199379788066776,156,lead,lead,Lead,
74888,intercepted,1,0,0,0,167,83,41.5,84,167.0,83.5,8.892600059509277,0,1.1297020102248472,1.2440602779388428,1.214292697287176,85,lead,lead,Lead,
74889,intercepted,1,0,0,0,160,9,4.5,151,160.0,80.0,3.610130548477173,0,1.1355931275573217,0.6306073069572449,1.2412120330333998,152,lead,lead,Lead,
74890,intercepted,1,0,0,0,55,9,4.5,46,55.0,27.5,5.326412677764893,0,1.0230776182514556,0.677405834197998,1.1082930858082551,47,lead,lead,Lead,
74891,intercepted,1,0,0,0,86,41,20.5,45,86.0,43.0,11.180861473083496,0,1.1128452948254088,0.5679423809051514,1.1958627080062396,46,lead,lead,Lead,
74892,intercepted,1,0,0,0,45,15,7.5,30,45.0,22.5,7.4228739738464355,0,1.0284627291464037,0.7992572784423828,1.1181810711207976,31,lead,lead,Lead,
74893,unsafe_intercept,0,0,1,0,95,14,7.0,81,,,2.4714505672454834,0,1.0741308818503124,0.8552775382995605,1.1673111401782983,82,lead,lead,Lead,
74894,intercepted,1,0,0,0,126,22,11.0,104,126.0,63.0,4.770113468170166,0,1.1032089733651707,0.8752138614654541,1.193080805919912,105,lead,lead,Lead,
74895,intercepted,1,0,0,0,292,9,4.5,283,292.0,146.0,3.1976373195648193,0,1.1385002972584375,0.924355685710907,1.2293624685251605,284,lead,lead,Lead,
74896,intercepted,1,0,0,0,656,125,62.5,531,656.0,328.0,7.290968418121338,0,1.117558239560042,1.5634078979492188,1.2131438138832509,532,lead,lead,Lead,
74897,intercepted,1,0,0,0,84,8,4.0,76,84.0,42.0,10.405858993530273,0,1.0550437983754393,0.5442202091217041,1.169387532045664,77,lead,lead,Lead,
74898,intercepted,1,0,0,0,23,11,5.5,12,23.0,11.5,10.042888641357422,0,1.1218371712244475,0.9671098589897156,1.223654180317823,13,lead,lead,Lead,
74899,intercepted,1,0,0,0,187,11,5.5,176,187.0,93.5,4.522687911987305,0,1.1238086616757226,1.069429874420166,1.2126099252215028,177,lead,lead,Lead,
74900,intercepted,1,0,0,0,249,13,6.5,236,249.0,124.5,3.0367043018341064,0,1.0828094111464697,0.9084383845329285,1.176227797288927,237,lead,lead,Lead,
74901,intercepted,1,0,0,0,54,8,4.0,46,54.0,27.0,4.324775218963623,0,1.2027747719845874,0.6604682207107544,1.3152414850577818,47,lead,lead,Lead,
74902,intercepted,1,0,0,0,75,9,4.5,66,75.0,37.5,11.8447265625,0,1.1087202474252502,1.3142979145050049,1.2016432807840156,67,lead,lead,Lead,
74903,intercepted,1,0,0,0,561,11,5.5,550,561.0,280.5,2.412496328353882,0,1.1272266506202209,0.771920919418335,1.2205352273242596,551,lead,lead,Lead,
74904,intercepted,1,0,0,0,56,9,4.5,47,56.0,28.0,10.550530433654785,0,1.2572784628719091,0.6597294211387634,1.360905818207654,48,lead,lead,Lead,
74905,intercepted,1,0,0,0,115,9,4.5,106,115.0,57.5,3.976776123046875,0,1.2185517702704278,1.9625201225280762,1.3131116481903218,107,lead,lead,Lead,
74906,intercepted,1,0,0,0,54,10,5.0,44,54.0,27.0,8.000205039978027,0,1.1742432362503477,1.0645170211791992,1.2685145187980789,45,lead,lead,Lead,
74907,intercepted,1,0,0,0,480,10,5.0,470,480.0,240.0,4.5064520835876465,0,1.1316271108237042,2.4909536838531494,1.2257331994248255,471,lead,lead,Lead,
74908,soldier_caught,0,1,0,0,227,8,4.0,219,,,1.8946229219436646,0,1.1090391733429648,1.2011860609054565,1.193979025606132,220,lead,lead,Lead,
74909,intercepted,1,0,0,0,28,9,4.5,19,28.0,14.0,6.362968921661377,0,1.1049380242824554,1.7583173513412476,1.1904407330829951,20,lead,lead,Lead,
74910,intercepted,1,0,0,0,42,12,6.0,30,42.0,21.0,3.4737703800201416,0,1.101817907825593,1.45404052734375,1.1673553694693402,31,lead,lead,Lead,
74911,intercepted,1,0,0,0,150,13,6.5,137,150.0,75.0,3.1097071170806885,0,1.187293988423071,1.0672099590301514,1.2939075886625626,138,lead,lead,Lead,
74912,intercepted,1,0,0,0,465,12,6.0,453,465.0,232.5,3.19429349899292,0,1.117766943206346,2.0871729850769043,1.2195747140189337,454,lead,lead,Lead,
74913,intercepted,1,0,0,0,592,13,6.5,579,592.0,296.0,7.810653209686279,0,1.105176817548686,1.445389986038208,1.2006756934157932,580,lead,lead,Lead,
74914,intercepted,1,0,0,0,116,32,16.0,84,116.0,58.0,12.503989219665527,0,1.1677584434256834,1.1531566381454468,1.2773242813895007,85,lead,lead,Lead,
74915,intercepted,1,0,0,0,226,22,11.0,204,226.0,113.0,4.349432945251465,0,1.1205898937655658,1.567777395248413,1.22567407496581,205,lead,lead,Lead,
74916,intercepted,1,0,0,0,248,8,4.0,240,248.0,124.0,3.121839761734009,0,1.0955842236883908,1.2568714618682861,1.192545571959601,241,lead,lead,Lead,
74917,intercepted,1,0,0,0,112,10,5.0,102,112.0,56.0,8.55034065246582,0,1.1897088639365816,0.42790868878364563,1.2837093673903976,103,lead,lead,Lead,
74918,intercepted,1,0,0,0,219,12,6.0,207,219.0,109.5,3.1752748489379883,0,1.171090196388272,1.2350462675094604,1.287258341903616,208,lead,lead,Lead,
74919,intercepted,1,0,0,0,153,17,8.5,136,153.0,76.5,11.714072227478027,0,1.1254042321748108,2.0765445232391357,1.2125983427461113,137,lead,lead,Lead,
74920,intercepted,1,0,0,0,96,10,5.0,86,96.0,48.0,2.5311784744262695,0,1.295928145277089,0.6291295289993286,1.3911197386241,87,lead,lead,Lead,
74921,unsafe_intercept,0,0,1,0,11,9,4.5,2,,,2.991523265838623,0,1.2161762913068135,1.326215386390686,1.2296828576358496,3,lead,lead,Lead,
74922,intercepted,1,0,0,0,87,30,15.0,57,87.0,43.5,7.5025129318237305,0,1.239797041333955,0.7392063140869141,1.3246652133132268,58,lead,lead,Lead,
74923,intercepted,1,0,0,0,13,11,5.5,2,13.0,6.5,6.173129081726074,0,1.3078099091847737,1.2087624073028564,1.3182812153177836,3,lead,lead,Lead,
74924,intercepted,1,0,0,0,141,47,23.5,94,141.0,70.5,10.774564743041992,0,1.1483038033309736,1.278810977935791,1.240832828855005,95,lead,lead,Lead,
74925,intercepted,1,0,0,0,58,27,13.5,31,58.0,29.0,10.101471900939941,0,0.9982784977182746,0.5172799229621887,1.1099532862982662,32,lead,lead,Lead,
74926,intercepted,1,0,0,0,133,42,21.0,91,133.0,66.5,7.8343610763549805,0,1.2445116412380468,1.9521070718765259,1.3446513842810681,92,lead,lead,Lead,
74927,intercepted,1,0,0,0,80,45,22.5,35,80.0,40.0,9.556388854980469,0,1.105040066772037,1.1561989784240723,1.2192401391057335,36,lead,lead,Lead,
74928,intercepted,1,0,0,0,125,9,4.5,116,125.0,62.5,8.98046875,0,1.2636840742113244,1.0045599937438965,1.3511995014990459,117,lead,lead,Lead,
74929,soldier_caught,0,1,0,0,13,11,5.5,2,,,1.7822961807250977,0,1.0264764626820881,0.8118811845779419,1.0468497125274938,3,lead,lead,Lead,
74930,intercepted,1,0,0,0,573,7,3.5,566,573.0,286.5,6.846564292907715,0,1.137589683674105,1.7400833368301392,1.2253065859533814,567,lead,lead,Lead,
74931,intercepted,1,0,0,0,235,14,7.0,221,235.0,117.5,2.6088321208953857,0,1.1667151914926264,0.740639865398407,1.2440554122916427,222,lead,lead,Lead,
74932,soldier_caught,0,1,0,0,16,14,7.0,2,,,1.4372758865356445,0,0.8394747177759806,1.0768094062805176,0.8673362874498198,3,lead,lead,Lead,
74933,soldier_caught,0,1,0,0,46,44,22.0,2,,,0.9388922452926636,0,0.8417697648207346,0.35941454768180847,0.9170048832644213,3,lead,lead,Lead,
74934,intercepted,1,0,0,0,505,17,8.5,488,505.0,252.5,2.5095837116241455,0,1.1171595602922888,1.0276824235916138,1.2159572906633074,489,lead,lead,Lead,
74935,intercepted,1,0,0,0,111,10,5.0,101,111.0,55.5,3.074946165084839,0,0.9858544059828216,1.4497476816177368,1.0812403634325731,102,lead,lead,Lead,
74936,intercepted,1,0,0,0,38,11,5.5,27,38.0,19.0,14.420206069946289,0,1.1802632957696915,1.68647301197052,1.26563194375971,28,lead,lead,Lead,
74937,intercepted,1,0,0,0,576,82,41.0,494,576.0,288.0,6.589666843414307,0,1.1464358995960215,0.6321516633033752,1.2377114255515806,495,lead,lead,Lead,
74938,intercepted,1,0,0,0,86,44,22.0,42,86.0,43.0,3.030360460281372,0,1.1082146403401396,0.4112774133682251,1.2293585984408781,43,lead,lead,Lead,
74939,intercepted,1,0,0,0,371,11,5.5,360,371.0,185.5,2.05578351020813,0,1.1611764867715229,1.8877958059310913,1.2478193607868309,361,lead,lead,Lead,
74940,intercepted,1,0,0,0,90,14,7.0,76,90.0,45.0,6.876100063323975,0,1.1506038503600406,0.6735450029373169,1.2435266330156207,77,lead,lead,Lead,
74941,intercepted,1,0,0,0,81,12,6.0,69,81.0,40.5,10.425750732421875,0,1.084272814648492,1.9438835382461548,1.17048122540877,70,lead,lead,Lead,
74942,intercepted,1,0,0,0,276,9,4.5,267,276.0,138.0,4.780470848083496,0,1.1403479417090985,0.2231910079717636,1.2452736056500056,268,lead,lead,Lead,
74943,intercepted,1,0,0,0,103,14,7.0,89,103.0,51.5,3.0801851749420166,0,1.1621493770016564,0.7673735022544861,1.2567596388984963,90,lead,lead,Lead,
74944,intercepted,1,0,0,0,153,8,4.0,145,153.0,76.5,6.091518878936768,0,1.1663198326140234,1.5982609987258911,1.259837207769173,146,lead,lead,Lead,
74945,intercepted,1,0,0,0,188,41,20.5,147,188.0,94.0,9.550943374633789,0,1.0838512504422986,1.7741284370422363,1.1844929183701682,148,lead,lead,Lead,
74946,intercepted,1,0,0,0,261,56,28.0,205,261.0,130.5,2.523364543914795,0,1.1288022291168427,0.7966910600662231,1.2234999007193645,206,lead,lead,Lead,
74947,soldier_caught,0,1,0,0,196,32,16.0,164,,,1.8169373273849487,0,1.1127037209091764,1.5230616331100464,1.1933609411272128,165,lead,lead,Lead,
74948,intercepted,1,0,0,0,44,9,4.5,35,44.0,22.0,5.9422221183776855,0,1.2781919687986374,1.5092804431915283,1.3501836116101906,36,lead,lead,Lead,
74949,intercepted,1,0,0,0,564,10,5.0,554,564.0,282.0,2.3419251441955566,0,1.1227408358374158,1.1875178813934326,1.2139319792839878,555,lead,lead,Lead,
74950,intercepted,1,0,0,0,430,9,4.5,421,430.0,215.0,2.0556135177612305,0,1.1360962163144943,0.408769816160202,1.2398824705431117,422,lead,lead,Lead,
74951,intercepted,1,0,0,0,57,31,15.5,26,57.0,28.5,13.251480102539062,0,1.3383518026934729,0.6984766721725464,1.4582442602379366,27,lead,lead,Lead,
74952,intercepted,1,0,0,0,98,14,7.0,84,98.0,49.0,6.966715335845947,0,1.118111666335779,0.7899972200393677,1.233520873465891,85,lead,lead,Lead,
74953,intercepted,1,0,0,0,127,10,5.0,117,127.0,63.5,2.5111279487609863,0,1.1608169955217231,1.6281166076660156,1.2749318134604781,118,lead,lead,Lead,
74954,intercepted,1,0,0,0,173,10,5.0,163,173.0,86.5,4.7933244705200195,0,1.1815128932457144,0.2899877727031708,1.280696629252379,164,lead,lead,Lead,
74955,intercepted,1,0,0,0,228,16,8.0,212,228.0,114.0,7.422229766845703,0,1.1264421535489704,1.0134623050689697,1.2254092715122173,213,lead,lead,Lead,
74956,intercepted,1,0,0,0,63,12,6.0,51,63.0,31.5,5.727090835571289,0,1.1586187613698153,1.0277451276779175,1.256955629118047,52,lead,lead,Lead,
74957,intercepted,1,0,0,0,55,9,4.5,46,55.0,27.5,11.23079776763916,0,1.152340204474774,1.5289900302886963,1.2464035397797164,47,lead,lead,Lead,
74958,intercepted,1,0,0,0,205,12,6.0,193,205.0,102.5,2.4692249298095703,0,1.1608691242398674,1.0361833572387695,1.2609362607999393,194,lead,lead,Lead,
74959,intercepted,1,0,0,0,82,9,4.5,73,82.0,41.0,3.8867619037628174,0,1.148736814993459,1.902754306793213,1.2468145208012273,74,lead,lead,Lead,
74960,intercepted,1,0,0,0,60,13,6.5,47,60.0,30.0,2.623147487640381,0,1.1321556965510051,0.7251547574996948,1.224042790837709,48,lead,lead,Lead,
74961,soldier_caught,0,1,0,0,36,11,5.5,25,,,0.872070848941803,0,1.0973062148460975,1.848326325416565,1.2026732628441865,26,lead,lead,Lead,
74962,intercepted,1,0,0,0,107,15,7.5,92,107.0,53.5,3.496412754058838,0,1.185902581099541,1.383447527885437,1.2652720898374519,93,lead,lead,Lead,
74963,intercepted,1,0,0,0,87,10,5.0,77,87.0,43.5,5.515542984008789,0,0.9986871450375288,1.7015652656555176,1.1062473499886754,78,lead,lead,Lead,
74964,intercepted,1,0,0,0,600,10,5.0,590,600.0,300.0,7.065670490264893,0,1.130935794256262,2.1349334716796875,1.221901828464955,591,lead,lead,Lead,
74965,intercepted,1,0,0,0,65,19,9.5,46,65.0,32.5,11.526409149169922,0,1.138455019352284,1.3453631401062012,1.21565893806243,47,lead,lead,Lead,
74966,intercepted,1,0,0,0,182,9,4.5,173,182.0,91.0,3.2409744262695312,0,1.0464925918428378,1.2039284706115723,1.1306153550369293,174,lead,lead,Lead,
74967,intercepted,1,0,0,0,11,10,5.0,1,11.0,5.5,4.415661334991455,0,0.798071026802063,0.9550889730453491,0.8133707637131781,2,lead,lead,Lead,
74968,intercepted,1,0,0,0,169,142,71.0,27,169.0,84.5,10.826401710510254,0,1.2429618101034845,1.2931010723114014,1.337489056265091,28,lead,lead,Lead,
74969,intercepted,1,0,0,0,343,65,32.5,278,343.0,171.5,4.279325485229492,0,1.1342031977082667,0.7397099733352661,1.22966462652506,279,lead,lead,Lead,
74970,intercepted,1,0,0,0,293,17,8.5,276,293.0,146.5,11.579350471496582,0,1.0964161057549693,1.0020596981048584,1.1791153778382444,277,lead,lead,Lead,
74971,intercepted,1,0,0,0,349,89,44.5,260,349.0,174.5,11.442108154296875,0,1.1268803308864206,1.292270541191101,1.2080613789396188,261,lead,lead,Lead,
74972,intercepted,1,0,0,0,152,55,27.5,97,152.0,76.0,5.316773414611816,0,1.0622355560867154,1.5622538328170776,1.1297370215095908,98,lead,lead,Lead,
74973,intercepted,1,0,0,0,101,47,23.5,54,101.0,50.5,11.4747896194458,0,1.1426674263043837,1.667702555656433,1.2471856285164322,55,lead,lead,Lead,
74974,intercepted,1,0,0,0,61,10,5.0,51,61.0,30.5,10.901692390441895,0,1.0308998089570265,0.37182939052581787,1.136960660010902,52,lead,lead,Lead,
74975,intercepted,1,0,0,0,205,9,4.5,196,205.0,102.5,3.163274049758911,0,1.1924127766172292,1.247283697128296,1.2929419412659846,197,lead,lead,Lead,
74976,intercepted,1,0,0,0,841,15,7.5,826,841.0,420.5,3.6908414363861084,0,1.1182413984725237,0.6185585856437683,1.2146490125620963,827,lead,lead,Lead,
74977,soldier_caught,0,1,0,0,180,52,26.0,128,,,1.9521530866622925,0,1.1334243640881176,0.7860740423202515,1.2263414587199604,129,lead,lead,Lead,
74978,intercepted,1,0,0,0,72,10,5.0,62,72.0,36.0,7.852898597717285,0,1.0838785151404047,1.0064632892608643,1.1745066351199047,63,lead,lead,Lead,
74979,intercepted,1,0,0,0,111,11,5.5,100,111.0,55.5,6.63528299331665,0,1.0784891359139197,0.8227763175964355,1.1694457050015692,101,lead,lead,Lead,
74980,intercepted,1,0,0,0,71,11,5.5,60,71.0,35.5,9.492049217224121,0,0.9997412396258996,0.9646663665771484,1.0832634170145632,61,lead,lead,Lead,
74981,soldier_caught,0,1,0,0,15,13,6.5,2,,,1.7608963251113892,0,1.469119628270467,1.6127139329910278,1.4755617778995573,3,lead,lead,Lead,
74982,intercepted,1,0,0,0,147,12,6.0,135,147.0,73.5,2.5904605388641357,0,1.0769937247695291,0.2512758672237396,1.1729159271972822,136,lead,lead,Lead,
74983,soldier_caught,0,1,0,0,119,33,16.5,86,,,1.2006601095199585,0,1.1921300254333977,0.7622395157814026,1.253715443846302,87,lead,lead,Lead,
74984,intercepted,1,0,0,0,292,38,19.0,254,292.0,146.0,4.456661701202393,0,1.1432308459398792,1.0414146184921265,1.2440920672014244,255,lead,lead,Lead,
74985,intercepted,1,0,0,0,265,11,5.5,254,265.0,132.5,3.198849678039551,0,1.1107982407451844,0.7189086079597473,1.1991000495202548,255,lead,lead,Lead,
74986,intercepted,1,0,0,0,554,12,6.0,542,554.0,277.0,5.519810676574707,0,1.1230060881343336,1.340885877609253,1.219630833372895,543,lead,lead,Lead,
74987,intercepted,1,0,0,0,34,8,4.0,26,34.0,17.0,4.003762245178223,0,0.9743398863960195,1.5364009141921997,1.084957368542797,27,lead,lead,Lead,
74988,intercepted,1,0,0,0,24,12,6.0,12,24.0,12.0,3.742276668548584,0,1.1329241005273967,0.970331609249115,1.201460565025862,13,lead,lead,Lead,
74989,intercepted,1,0,0,0,102,11,5.5,91,102.0,51.0,3.8567917346954346,0,1.1162254855684612,0.4994058310985565,1.205963955186866,92,lead,lead,Lead,
74990,intercepted,1,0,0,0,148,11,5.5,137,148.0,74.0,5.166576385498047,0,1.1873037559182749,0.9120569229125977,1.2763678823565254,138,lead,lead,Lead,
74991,intercepted,1,0,0,0,38,11,5.5,27,38.0,19.0,7.964653491973877,0,1.0689129616533006,1.5473909378051758,1.1616906229441115,28,lead,lead,Lead,
74992,intercepted,1,0,0,0,13,11,5.5,2,13.0,6.5,5.655641555786133,0,1.041562795639038,0.6371649503707886,1.1960521420299688,3,lead,lead,Lead,
74993,intercepted,1,0,0,0,84,11,5.5,73,84.0,42.0,2.8611276149749756,0,1.0242870298994553,0.3115007281303406,1.1100449749626293,74,lead,lead,Lead,
74994,intercepted,1,0,0,0,112,100,50.0,12,112.0,56.0,12.413217544555664,0,0.9796970326166886,0.987966775894165,1.0783072211693314,13,lead,lead,Lead,
74995,soldier_caught,0,1,0,0,13,11,5.5,2,,,1.5891951322555542,0,0.769158810377121,0.3720845878124237,0.8722490585166104,3,lead,lead,Lead,
74996,intercepted,1,0,0,0,77,15,7.5,62,77.0,38.5,6.190382480621338,0,1.1912335398651304,1.5350420475006104,1.2751633219402205,63,lead,lead,Lead,
74997,intercepted,1,0,0,0,143,14,7.0,129,143.0,71.5,11.4052734375,0,1.0731605780239288,0.3633887767791748,1.15085455365631,130,lead,lead,Lead,
74998,intercepted,1,0,0,0,756,9,4.5,747,756.0,378.0,2.095834732055664,0,1.1364602059783304,0.933694064617157,1.2274171800337381,748,lead,lead,Lead,
74999,intercepted,1,0,0,0,79,14,7.0,65,79.0,39.5,5.39724063873291,0,1.0838949899330284,1.7096465826034546,1.1984294729907883,66,lead,lead,Lead,
75000,intercepted,1,0,0,0,127,20,10.0,107,127.0,63.5,8.151241302490234,0,1.1648682308969673,2.121995687484741,1.2513711102424085,108,lead,lead,Lead,
75001,soldier_caught,0,1,0,0,85,11,5.5,74,,,1.685667872428894,0,1.1893196201324463,1.1923670768737793,1.2907744887078232,75,lead,lead,Lead,
75002,intercepted,1,0,0,0,169,56,28.0,113,169.0,84.5,5.541112422943115,0,1.1051781818009259,0.549575924873352,1.1858099827201958,114,lead,lead,Lead,
75003,intercepted,1,0,0,0,226,9,4.5,217,226.0,113.0,3.6101503372192383,0,1.0878522381049778,0.9799562096595764,1.176071563462241,218,lead,lead,Lead,
75004,intercepted,1,0,0,0,96,11,5.5,85,96.0,48.0,12.878453254699707,0,1.0869366443434427,1.4904308319091797,1.1691181079983899,86,lead,lead,Lead,
75005,intercepted,1,0,0,0,83,11,5.5,72,83.0,41.5,10.940679550170898,0,1.1453442632743758,0.9794613718986511,1.2413188201352048,73,lead,lead,Lead,
75006,unsafe_intercept,0,0,1,0,41,17,8.5,24,,,2.8054258823394775,0,1.1019779306650161,0.72768235206604,1.1885869071501172,25,lead,lead,Lead,
75007,intercepted,1,0,0,0,22,15,7.5,7,22.0,11.0,14.244394302368164,0,1.3081021755933762,0.6147275567054749,1.3856806221134113,8,lead,lead,Lead,
75008,soldier_caught,0,1,0,0,42,9,4.5,33,,,1.4047750234603882,0,1.1142771835712826,0.8885776996612549,1.2149814064789624,34,lead,lead,Lead,
75009,intercepted,1,0,0,0,240,7,3.5,233,240.0,120.0,11.633363723754883,0,1.115833271199312,2.3794965744018555,1.2253466634146175,234,lead,lead,Lead,
75010,intercepted,1,0,0,0,90,58,29.0,32,90.0,45.0,12.76382064819336,0,1.0200286074118181,1.4377551078796387,1.1275763256820606,33,lead,lead,Lead,
75011,intercepted,1,0,0,0,42,9,4.5,33,42.0,21.0,9.602298736572266,0,1.1219929360291536,0.5923423767089844,1.23881623173888,34,lead,lead,Lead,
75012,intercepted,1,0,0,0,1224,7,3.5,1217,1224.0,612.0,4.538285255432129,0,1.141985732584898,0.8093566298484802,1.237938850274266,1218,lead,lead,Lead,
75013,intercepted,1,0,0,0,12,10,5.0,2,12.0,6.0,5.142285346984863,0,0.8625548084576925,0.8391010165214539,0.8656759710355171,3,lead,lead,Lead,
75014,intercepted,1,0,0,0,153,12,6.0,141,153.0,76.5,4.056941032409668,0,1.1436852586101478,1.2865544557571411,1.2299226560474974,142,lead,lead,Lead,
75015,intercepted,1,0,0,0,77,15,7.5,62,77.0,38.5,11.555329322814941,0,1.1661685672071245,0.7745561003684998,1.25831524223319,63,lead,lead,Lead,
75016,intercepted,1,0,0,0,34,9,4.5,25,34.0,17.0,4.942021369934082,0,1.286184997512744,2.0215697288513184,1.402872670913205,26,lead,lead,Lead,
75017,intercepted,1,0,0,0,45,35,17.5,10,45.0,22.5,13.27337646484375,0,1.1979139934886585,1.14570951461792,1.242841200856091,11,lead,lead,Lead,
75018,intercepted,1,0,0,0,64,9,4.5,55,64.0,32.0,4.123023509979248,0,1.126486599445343,1.5089088678359985,1.2438882783590743,56,lead,lead,Lead,
75019,intercepted,1,0,0,0,104,13,6.5,91,104.0,52.0,7.337587356567383,0,1.0147937267370846,1.473921775817871,1.1124916323982588,92,lead,lead,Lead,
75020,intercepted,1,0,0,0,124,11,5.5,113,124.0,62.0,4.434528827667236,0,1.1080235794448017,0.6266199350357056,1.191962330405464,114,lead,lead,Lead,
75021,intercepted,1,0,0,0,37,15,7.5,22,37.0,18.5,7.580143451690674,0,1.2726165535657301,0.9384311437606812,1.3928752321785975,23,lead,lead,Lead,
75022,intercepted,1,0,0,0,89,10,5.0,79,89.0,44.5,10.360888481140137,0,1.1647262593731285,1.4056307077407837,1.2626397070794195,80,lead,lead,Lead,
75023,soldier_caught,0,1,0,0,574,14,7.0,560,,,1.882985234260559,0,1.1528612787763914,0.8788087368011475,1.2521806265093913,561,lead,lead,Lead,
75024,intercepted,1,0,0,0,36,10,5.0,26,36.0,18.0,14.529668807983398,0,1.1668440677501537,1.1092755794525146,1.2694878954672912,27,lead,lead,Lead,
75025,intercepted,1,0,0,0,56,11,5.5,45,56.0,28.0,3.2356455326080322,0,1.1262489142625227,1.0046014785766602,1.2245028573600067,46,lead,lead,Lead,
75026,intercepted,1,0,0,0,79,9,4.5,70,79.0,39.5,5.855908393859863,0,1.0958310231356554,1.1993789672851562,1.1966577602293362,71,lead,lead,Lead,
75027,intercepted,1,0,0,0,426,10,5.0,416,426.0,213.0,4.643346309661865,0,1.1372677733143457,1.2491484880447388,1.2461828526418348,417,lead,lead,Lead,
75028,intercepted,1,0,0,0,133,12,6.0,121,133.0,66.5,2.587045431137085,0,1.1310267472853426,1.2856241464614868,1.2268431113790317,122,lead,lead,Lead,
75029,intercepted,1,0,0,0,232,12,6.0,220,232.0,116.0,2.297008991241455,0,1.1707477711174823,1.2619478702545166,1.2674828597822385,221,lead,lead,Lead,
75030,intercepted,1,0,0,0,105,8,4.0,97,105.0,52.5,4.830418586730957,0,1.120269619080485,0.9919152855873108,1.2223336370153726,98,lead,lead,Lead,
75031,intercepted,1,0,0,0,15,13,6.5,2,15.0,7.5,4.445770263671875,0,1.2491491238276164,1.9280498027801514,1.3613753783298417,3,lead,lead,Lead,
75032,intercepted,1,0,0,0,46,13,6.5,33,46.0,23.0,13.225214004516602,0,1.2767395990736343,1.5932897329330444,1.3489086404080604,34,lead,lead,Lead,
75033,intercepted,1,0,0,0,295,10,5.0,285,295.0,147.5,7.610358238220215,0,1.143627872521227,1.5612773895263672,1.249060271312527,286,lead,lead,Lead,
75034,intercepted,1,0,0,0,81,19,9.5,62,81.0,40.5,12.786930084228516,0,1.15670607984066,0.9248945713043213,1.2613653833537808,63,lead,lead,Lead,
75035,soldier_caught,0,1,0,0,219,12,6.0,207,,,0.9662802219390869,0,1.0924565830769448,1.0940511226654053,1.194699873430637,208,lead,lead,Lead,
75036,intercepted,1,0,0,0,68,44,22.0,24,68.0,34.0,5.826198101043701,0,0.9854676222801209,1.4538921117782593,1.0485954270846538,25,lead,lead,Lead,
75037,intercepted,1,0,0,0,160,12,6.0,148,160.0,80.0,7.835317611694336,0,1.0876439320761084,1.5160436630249023,1.170750601294769,149,lead,lead,Lead,
75038,intercepted,1,0,0,0,280,10,5.0,270,280.0,140.0,7.8683013916015625,0,1.1409683368852657,1.3796757459640503,1.25447354480731,271,lead,lead,Lead,
75039,intercepted,1,0,0,0,389,20,10.0,369,389.0,194.5,8.761938095092773,0,1.1553014530523402,1.9083147048950195,1.2594696797874487,370,lead,lead,Lead,
75040,intercepted,1,0,0,0,448,12,6.0,436,448.0,224.0,2.8222031593322754,0,1.145494805354821,0.8012184500694275,1.2517979568853816,437,lead,lead,Lead,
75041,intercepted,1,0,0,0,74,17,8.5,57,74.0,37.0,12.044734001159668,0,1.2169382276720013,0.7740010023117065,1.3128206967778526,58,lead,lead,Lead,
75042,intercepted,1,0,0,0,67,8,4.0,59,67.0,33.5,10.663697242736816,0,1.0439612157642841,1.7197431325912476,1.1489253092359246,60,lead,lead,Lead,
75043,intercepted,1,0,0,0,10,8,4.0,2,10.0,5.0,4.5728583335876465,0,0.9860348701477051,0.7722740173339844,1.0308177492479882,3,lead,lead,Lead,
75044,intercepted,1,0,0,0,272,8,4.0,264,272.0,136.0,5.596996307373047,0,1.1331995260603023,1.608155369758606,1.2313118023315524,265,lead,lead,Lead,
75045,intercepted,1,0,0,0,12,11,5.5,1,12.0,6.0,4.2987470626831055,0,0.6750482320785522,0.8348273634910583,0.6936998532991872,2,lead,lead,Lead,
75046,intercepted,1,0,0,0,34,9,4.5,25,34.0,17.0,7.711256504058838,0,1.192282986182433,1.5016884803771973,1.2657461414549842,26,lead,lead,Lead,
75047,intercepted,1,0,0,0,28,11,5.5,17,28.0,14.0,14.329061508178711,0,1.289758688873715,1.7530767917633057,1.390972911277495,18,lead,lead,Lead,
75048,intercepted,1,0,0,0,536,8,4.0,528,536.0,268.0,2.7855851650238037,0,1.132964778219707,1.0879586935043335,1.2347898157897887,529,lead,lead,Lead,
75049,intercepted,1,0,0,0,281,12,6.0,269,281.0,140.5,2.185903787612915,0,1.079234032995171,1.5492563247680664,1.17261031664645,270,lead,lead,Lead,
75050,intercepted,1,0,0,0,87,15,7.5,72,87.0,43.5,3.064004898071289,0,1.0991683777880996,0.6542876362800598,1.1883080211515555,73,lead,lead,Lead,
75051,intercepted,1,0,0,0,315,13,6.5,302,315.0,157.5,3.545067310333252,0,1.1738565052204792,0.48884543776512146,1.2803450863604668,303,lead,lead,Lead,
75052,intercepted,1,0,0,0,425,140,70.0,285,425.0,212.5,3.0095179080963135,0,1.176450820652755,0.8671541213989258,1.2525506709739784,286,lead,lead,Lead,
75053,intercepted,1,0,0,0,34,12,6.0,22,34.0,17.0,3.8456146717071533,0,1.2408067661782969,1.1462960243225098,1.326869781378358,23,lead,lead,Lead,
75054,intercepted,1,0,0,0,22,15,7.5,7,22.0,11.0,12.499025344848633,0,1.3263140358030796,0.3939702808856964,1.3919999301456423,8,lead,lead,Lead,
75055,intercepted,1,0,0,0,27,12,6.0,15,27.0,13.5,4.627125263214111,0,1.0792217254638672,0.6842780113220215,1.1404678091230345,16,lead,lead,Lead,
75056,intercepted,1,0,0,0,95,12,6.0,83,95.0,47.5,8.519176483154297,0,1.1445993488388402,1.534170389175415,1.2446723762667637,84,lead,lead,Lead,
75057,intercepted,1,0,0,0,82,27,13.5,55,82.0,41.0,9.511634826660156,0,1.070036162755319,1.3714357614517212,1.1449497108829134,56,lead,lead,Lead,
75058,intercepted,1,0,0,0,55,14,7.0,41,55.0,27.5,10.972116470336914,0,1.2772360096375148,1.1709851026535034,1.3932521455674836,42,lead,lead,Lead,
75059,soldier_caught,0,1,0,0,62,11,5.5,51,,,1.934531569480896,0,1.2805500586445515,1.499046802520752,1.3724111012161508,52,lead,lead,Lead,
75060,intercepted,1,0,0,0,217,17,8.5,200,217.0,108.5,3.079014301300049,0,1.1215140328033646,0.946106493473053,1.2336321550722862,201,lead,lead,Lead,
75061,intercepted,1,0,0,0,306,9,4.5,297,306.0,153.0,2.1567304134368896,0,1.1099886960231218,0.9679864048957825,1.197992228038506,298,lead,lead,Lead,
75062,soldier_caught,0,1,0,0,10,8,4.0,2,,,1.6151161193847656,0,0.8820624947547913,1.0425628423690796,0.8919396743431252,3,lead,lead,Lead,
75063,intercepted,1,0,0,0,140,9,4.5,131,140.0,70.0,2.340991735458374,0,1.1061390492726455,1.8725857734680176,1.1935865556826752,132,lead,lead,Lead,
75064,intercepted,1,0,0,0,559,17,8.5,542,559.0,279.5,5.52899169921875,0,1.1551117821567405,1.7060534954071045,1.2511609874647167,543,lead,lead,Lead,
75065,intercepted,1,0,0,0,256,87,43.5,169,256.0,128.0,7.763350963592529,0,1.1829378495321554,1.1265472173690796,1.2827253527806866,170,lead,lead,Lead,
75066,soldier_caught,0,1,0,0,12,10,5.0,2,,,1.4393800497055054,0,0.8854535818099976,1.1755911111831665,0.9091833528132457,3,lead,lead,Lead,
75067,intercepted,1,0,0,0,193,10,5.0,183,193.0,96.5,4.3129496574401855,0,1.1599039844358745,1.310444712638855,1.2643021634264326,184,lead,lead,Lead,
75068,intercepted,1,0,0,0,101,8,4.0,93,101.0,50.5,4.997962951660156,0,1.1215155834847308,0.8500422835350037,1.2025677996256547,94,lead,lead,Lead,
75069,intercepted,1,0,0,0,12,11,5.5,1,12.0,6.0,4.469644069671631,0,0.9275971949100494,1.1115474700927734,0.9456607529895655,2,lead,lead,Lead,
75070,intercepted,1,0,0,0,42,13,6.5,29,42.0,21.0,11.306791305541992,0,1.17703584531943,0.8145356178283691,1.2551474446191841,30,lead,lead,Lead,
75071,intercepted,1,0,0,0,158,13,6.5,145,158.0,79.0,7.474503040313721,0,1.224363461136818,1.1996188163757324,1.3239993096619762,146,lead,lead,Lead,
75072,intercepted,1,0,0,0,373,65,32.5,308,373.0,186.5,9.890055656433105,0,1.1121503531354144,0.850434422492981,1.2129656149761412,309,lead,lead,Lead,
75073,intercepted,1,0,0,0,179,8,4.0,171,179.0,89.5,6.982290744781494,0,1.1350011862814426,1.1284815073013306,1.242544649793323,172,lead,lead,Lead,
75074,soldier_caught,0,1,0,0,10,8,4.0,2,,,1.3351272344589233,0,1.263207197189331,0.8261858224868774,1.3898671213128797,3,lead,lead,Lead,
75075,soldier_caught,0,1,0,0,53,9,4.5,44,,,0.6920657157897949,0,1.0947897576623493,0.29334351420402527,1.210223852984096,45,lead,lead,Lead,
75076,intercepted,1,0,0,0,113,11,5.5,102,113.0,56.5,2.916240692138672,0,1.1095262158264234,0.7634404897689819,1.2078590224409085,103,lead,lead,Lead,
75077,intercepted,1,0,0,0,319,7,3.5,312,319.0,159.5,6.38994836807251,0,1.1198945729591596,1.8260300159454346,1.2248594769863914,313,lead,lead,Lead,
75078,intercepted,1,0,0,0,181,13,6.5,168,181.0,90.5,5.719640731811523,0,1.1579649239425829,0.9985077381134033,1.2769546963348886,169,lead,lead,Lead,
75079,intercepted,1,0,0,0,49,10,5.0,39,49.0,24.5,4.900581359863281,0,1.0080930791795253,0.8284138441085815,1.0971801287904315,40,lead,lead,Lead,
75080,intercepted,1,0,0,0,156,15,7.5,141,156.0,78.0,11.28361988067627,0,1.1243216335563593,2.2799532413482666,1.2227923146293527,142,lead,lead,Lead,
75081,intercepted,1,0,0,0,251,8,4.0,243,251.0,125.5,5.863427639007568,0,1.1066655737699056,1.419499158859253,1.1956433051478572,244,lead,lead,Lead,
75082,intercepted,1,0,0,0,276,36,18.0,240,276.0,138.0,2.572063446044922,0,1.118285736973355,0.7163580656051636,1.2205788223795824,241,lead,lead,Lead,
75083,intercepted,1,0,0,0,148,46,23.0,102,148.0,74.0,3.2897727489471436,0,1.1380525335524847,1.2862123250961304,1.2422959022580682,103,lead,lead,Lead,
75084,intercepted,1,0,0,0,31,8,4.0,23,31.0,15.5,7.121431350708008,0,1.1804146859794855,1.542346477508545,1.270611156426087,24,lead,lead,Lead,
75085,intercepted,1,0,0,0,315,12,6.0,303,315.0,157.5,6.362651824951172,0,1.1191806471661518,0.37441712617874146,1.2132322870662584,304,lead,lead,Lead,
75086,intercepted,1,0,0,0,58,10,5.0,48,58.0,29.0,6.401497840881348,0,1.1353844078827877,1.2646077871322632,1.2268980520469055,49,lead,lead,Lead,
75087,intercepted,1,0,0,0,46,13,6.5,33,46.0,23.0,5.5414533615112305,0,1.1909267043366152,1.2278850078582764,1.2318131105349204,34,lead,lead,Lead,
75088,intercepted,1,0,0,0,257,17,8.5,240,257.0,128.5,9.537128448486328,0,1.1117419650569496,0.9922375679016113,1.2099458650684256,241,lead,lead,Lead,
75089,intercepted,1,0,0,0,380,10,5.0,370,380.0,190.0,2.9404025077819824,0,1.10691921629835,1.2213196754455566,1.194983659388492,371,lead,lead,Lead,
75090,intercepted,1,0,0,0,161,9,4.5,152,161.0,80.5,4.259357929229736,0,1.0759137790966657,0.3804226517677307,1.167819877699112,153,lead,lead,Lead,
75091,intercepted,1,0,0,0,154,88,44.0,66,154.0,77.0,12.221100807189941,0,1.2458686403818984,1.135359525680542,1.344014599140629,67,lead,lead,Lead,
75092,soldier_caught,0,1,0,0,16,14,7.0,2,,,0.44224295020103455,0,1.2766695022583008,1.2700271606445312,1.2771278687395955,3,lead,lead,Lead,
75093,intercepted,1,0,0,0,178,53,26.5,125,178.0,89.0,3.183549404144287,0,1.161352948182159,0.780270516872406,1.2424162865404642,126,lead,lead,Lead,
75094,soldier_caught,0,1,0,0,189,12,6.0,177,,,1.1493828296661377,0,1.133642171373528,1.3117432594299316,1.2155335429416656,178,lead,lead,Lead,
75095,intercepted,1,0,0,0,148,9,4.5,139,148.0,74.0,8.728474617004395,0,1.1254964228187287,0.7888239622116089,1.2171816812224823,140,lead,lead,Lead,
75096,soldier_caught,0,1,0,0,98,74,37.0,24,,,1.4697315692901611,0,1.1475479394197463,1.4083983898162842,1.2585961634941052,25,lead,lead,Lead,
75097,intercepted,1,0,0,0,11,9,4.5,2,11.0,5.5,4.691653251647949,0,0.5265288601318995,0.1369461566209793,0.6031191106388368,3,lead,lead,Lead,
75098,intercepted,1,0,0,0,21,10,5.0,11,21.0,10.5,7.702767848968506,0,0.884683961669604,1.3389344215393066,0.9483328214175004,12,lead,lead,Lead,
75099,intercepted,1,0,0,0,28,12,6.0,16,28.0,14.0,4.930682182312012,0,1.36175337433815,0.7770586013793945,1.497401416858569,17,lead,lead,Lead,
75100,intercepted,1,0,0,0,113,12,6.0,101,113.0,56.5,11.921586036682129,0,1.1459977020527803,0.9279868602752686,1.2568104951565289,102,lead,lead,Lead,
75101,intercepted,1,0,0,0,168,9,4.5,159,168.0,84.0,9.090822219848633,0,1.0919992591254413,0.7593216300010681,1.2114689115991657,160,lead,lead,Lead,
75102,intercepted,1,0,0,0,298,23,11.5,275,298.0,149.0,5.671973705291748,0,1.0771670318006172,2.0833356380462646,1.1887032120129801,276,lead,lead,Lead,
75103,intercepted,1,0,0,0,98,25,12.5,73,98.0,49.0,3.602444648742676,0,1.0233297665175554,0.37278759479522705,1.1196938428253655,74,lead,lead,Lead,
75104,intercepted,1,0,0,0,42,13,6.5,29,42.0,21.0,10.69627857208252,0,1.058889142672221,0.29248133301734924,1.1237072881680876,30,lead,lead,Lead,
75105,soldier_caught,0,1,0,0,13,10,5.0,3,,,1.1736522912979126,0,1.0513260588049889,1.2031694650650024,1.1635987671879984,4,lead,lead,Lead,
75106,intercepted,1,0,0,0,414,11,5.5,403,414.0,207.0,6.392432689666748,0,1.0847963653136008,1.1130774021148682,1.177717554472157,404,lead,lead,Lead,
75107,soldier_caught,0,1,0,0,34,10,5.0,24,,,1.955389380455017,0,1.2889428412914277,0.8860332369804382,1.3619674783481448,25,lead,lead,Lead,
75108,intercepted,1,0,0,0,21,14,7.0,7,21.0,10.5,14.577210426330566,0,1.2060702592134476,1.7501765489578247,1.282332411818066,8,lead,lead,Lead,
75109,intercepted,1,0,0,0,18,16,8.0,2,18.0,9.0,4.979559421539307,0,0.9633485972881317,0.4479782283306122,1.0995763509850562,3,lead,lead,Lead,
75110,intercepted,1,0,0,0,228,9,4.5,219,228.0,114.0,5.942105293273926,0,1.0529326743022962,0.8688084483146667,1.1620391039681457,220,lead,lead,Lead,
75111,intercepted,1,0,0,0,207,36,18.0,171,207.0,103.5,4.628130912780762,0,1.127716445558986,0.9676788449287415,1.2201063904923797,172,lead,lead,Lead,
75112,intercepted,1,0,0,0,467,8,4.0,459,467.0,233.5,7.805017948150635,0,1.143499609309694,0.8930416703224182,1.2335013438241575,460,lead,lead,Lead,
75113,intercepted,1,0,0,0,13,11,5.5,2,13.0,6.5,6.8634796142578125,0,1.0034369577964146,0.16156385838985443,1.1780735790488719,3,lead,lead,Lead,
75114,intercepted,1,0,0,0,406,124,62.0,282,406.0,203.0,8.219136238098145,0,1.1826194490539732,0.2901899814605713,1.275691952756712,283,lead,lead,Lead,
75115,intercepted,1,0,0,0,80,13,6.5,67,80.0,40.0,5.112276554107666,0,1.1506215995725464,1.0878185033798218,1.2189046709636353,68,lead,lead,Lead,
75116,intercepted,1,0,0,0,102,10,5.0,92,102.0,51.0,7.538640975952148,0,1.083591535206764,0.5293132662773132,1.1580965972943202,93,lead,lead,Lead,
75117,soldier_caught,0,1,0,0,279,210,105.0,69,,,1.1038204431533813,0,1.0470885008573532,0.4149951636791229,1.1454631375527986,70,lead,lead,Lead,
75118,intercepted,1,0,0,0,113,11,5.5,102,113.0,56.5,2.8374948501586914,0,1.2108047326791633,1.490106225013733,1.2873071051315006,103,lead,lead,Lead,
75119,intercepted,1,0,0,0,194,10,5.0,184,194.0,97.0,5.517101764678955,0,1.123984703341046,1.0936952829360962,1.2181573672949935,185,lead,lead,Lead,
75120,intercepted,1,0,0,0,197,10,5.0,187,197.0,98.5,5.816538333892822,0,1.1708740041135473,1.5971300601959229,1.2673888337277988,188,lead,lead,Lead,
75121,intercepted,1,0,0,0,151,9,4.5,142,151.0,75.5,6.555633068084717,0,1.1479374910151208,0.7646326422691345,1.2368172433994515,143,lead,lead,Lead,
75122,intercepted,1,0,0,0,253,9,4.5,244,253.0,126.5,2.506505250930786,0,1.0905080592753935,1.7910598516464233,1.1879003511901653,245,lead,lead,Lead,
75123,intercepted,1,0,0,0,107,12,6.0,95,107.0,53.5,8.182570457458496,0,1.1144645139575005,1.5567066669464111,1.2109741901516191,96,lead,lead,Lead,
75124,intercepted,1,0,0,0,76,9,4.5,67,76.0,38.0,8.651097297668457,0,1.1624457345289343,1.0957295894622803,1.2461352252146234,68,lead,lead,Lead,
75125,soldier_caught,0,1,0,0,440,9,4.5,431,,,0.4859793782234192,0,1.1163868519167106,1.3881126642227173,1.2073307571978735,432,lead,lead,Lead,
75126,intercepted,1,0,0,0,194,14,7.0,180,194.0,97.0,4.32308292388916,0,1.1397970435698388,0.7820549011230469,1.2401073268887384,181,lead,lead,Lead,
75127,intercepted,1,0,0,0,62,8,4.0,54,62.0,31.0,2.0695013999938965,0,1.1911265338009054,2.0314574241638184,1.2901101823726184,55,lead,lead,Lead,
75128,intercepted,1,0,0,0,41,10,5.0,31,41.0,20.5,3.043126344680786,0,1.145062698982656,1.3237451314926147,1.2859464659090885,32,lead,lead,Lead,
75129,intercepted,1,0,0,0,79,12,6.0,67,79.0,39.5,11.484164237976074,0,1.0641524381935596,0.9951184391975403,1.164430352284822,68,lead,lead,Lead,
75130,intercepted,1,0,0,0,31,15,7.5,16,31.0,15.5,4.403218746185303,0,1.0474410004475538,1.0167557001113892,1.1467354215885581,17,lead,lead,Lead,
75131,intercepted,1,0,0,0,104,16,8.0,88,104.0,52.0,10.3482666015625,0,1.1008392163876737,2.46916127204895,1.2188513382607098,89,lead,lead,Lead,
75132,intercepted,1,0,0,0,145,16,8.0,129,145.0,72.5,4.000405311584473,0,1.0942844024071328,1.01118803024292,1.1836796133331462,130,lead,lead,Lead,
75133,intercepted,1,0,0,0,167,12,6.0,155,167.0,83.5,4.818646430969238,0,1.0511891138859284,1.5319503545761108,1.1435872590759153,156,lead,lead,Lead,
75134,intercepted,1,0,0,0,632,48,24.0,584,632.0,316.0,3.238128185272217,0,1.1093686242643586,0.8827500939369202,1.207422059113316,585,lead,lead,Lead,
75135,soldier_caught,0,1,0,0,13,11,5.5,2,,,1.931136965751648,0,0.6586048205693563,1.0153125524520874,0.719868101705809,3,lead,lead,Lead,
75136,intercepted,1,0,0,0,254,12,6.0,242,254.0,127.0,8.223760604858398,0,1.0952378969194958,0.5686104893684387,1.1993679366638277,243,lead,lead,Lead,
75137,intercepted,1,0,0,0,75,27,13.5,48,75.0,37.5,14.509761810302734,0,0.9363778288267097,0.6690232157707214,1.0385861862012553,49,lead,lead,Lead,
75138,soldier_caught,0,1,0,0,803,11,5.5,792,,,1.1796629428863525,0,1.0997893879704488,1.5651978254318237,1.1971724262628909,793,lead,lead,Lead,
75139,intercepted,1,0,0,0,187,11,5.5,176,187.0,93.5,8.432051658630371,0,1.0884980460849858,0.815666139125824,1.1795253064153246,177,lead,lead,Lead,
75140,intercepted,1,0,0,0,80,8,4.0,72,80.0,40.0,2.456584930419922,0,1.122663580391505,1.1642975807189941,1.2351359545999765,73,lead,lead,Lead,
75141,intercepted,1,0,0,0,225,7,3.5,218,225.0,112.5,6.145013809204102,0,1.1165178559006077,1.2851531505584717,1.2282169852367508,219,lead,lead,Lead,
75142,intercepted,1,0,0,0,63,12,6.0,51,63.0,31.5,4.278513431549072,0,1.1103369060617228,0.7083341479301453,1.1760607887468018,52,lead,lead,Lead,
75143,intercepted,1,0,0,0,61,13,6.5,48,61.0,30.5,2.0185060501098633,0,1.2184965902445268,1.0307745933532715,1.3298744778298914,49,lead,lead,Lead,
75144,intercepted,1,0,0,0,34,9,4.5,25,34.0,17.0,8.972088813781738,0,1.0117802075468576,1.8038873672485352,1.1338528398418755,26,lead,lead,Lead,
75145,intercepted,1,0,0,0,160,12,6.0,148,160.0,80.0,3.344791889190674,0,1.1251052075984493,0.9530172348022461,1.2098220328495053,149,lead,lead,Lead,
75146,intercepted,1,0,0,0,148,22,11.0,126,148.0,74.0,8.148841857910156,0,1.147430743875466,0.7726553678512573,1.2387175136648159,127,lead,lead,Lead,
75147,intercepted,1,0,0,0,115,21,10.5,94,115.0,57.5,12.721114158630371,0,1.0687445496257983,1.16507089138031,1.1782956099057076,95,lead,lead,Lead,
75148,intercepted,1,0,0,0,639,10,5.0,629,639.0,319.5,6.655979156494141,0,1.1247461863926478,0.9895356297492981,1.2132943813663069,630,lead,lead,Lead,
75149,intercepted,1,0,0,0,41,13,6.5,28,41.0,20.5,2.4102234840393066,0,1.120008060644413,0.7693535685539246,1.203353900934032,29,lead,lead,Lead,
75150,intercepted,1,0,0,0,63,11,5.5,52,63.0,31.5,2.061455488204956,0,1.184943215464646,0.26011037826538086,1.2663684238176882,53,lead,lead,Lead,
75151,intercepted,1,0,0,0,114,25,12.5,89,114.0,57.0,2.2763638496398926,0,1.1135469584001436,0.635703444480896,1.2075261638403272,90,lead,lead,Lead,
75152,intercepted,1,0,0,0,294,102,51.0,192,294.0,147.0,3.800475597381592,0,1.120228921270741,0.7227557301521301,1.2172383498263621,193,lead,lead,Lead,
75153,intercepted,1,0,0,0,237,15,7.5,222,237.0,118.5,4.611940860748291,0,1.1722767992872294,0.5764279961585999,1.2684454747202725,223,lead,lead,Lead,
75154,intercepted,1,0,0,0,154,113,56.5,41,154.0,77.0,6.049826145172119,0,1.074871769263631,0.5278830528259277,1.1971020396412893,42,lead,lead,Lead,
75155,intercepted,1,0,0,0,185,11,5.5,174,185.0,92.5,7.347607612609863,0,1.1965916493535043,1.1534960269927979,1.3044934258465304,175,lead,lead,Lead,
75156,unsafe_intercept,0,0,1,0,10,8,4.0,2,,,3.408809185028076,0,1.1066163778305054,1.1659843921661377,1.1414725201283864,3,lead,lead,Lead,
75157,intercepted,1,0,0,0,343,10,5.0,333,343.0,171.5,10.350780487060547,0,1.1718854195254291,1.9993219375610352,1.2720931291540443,334,lead,lead,Lead,
75158,soldier_caught,0,1,0,0,10,8,4.0,2,,,1.4241843223571777,0,0.8973806897799174,0.9400835037231445,0.9282478629378372,3,lead,lead,Lead,
75159,intercepted,1,0,0,0,168,61,30.5,107,168.0,84.0,2.51521897315979,0,1.118140715829752,0.8248976469039917,1.2084403233438479,108,lead,lead,Lead,
75160,intercepted,1,0,0,0,448,11,5.5,437,448.0,224.0,8.978650093078613,0,1.1167633456165251,1.05678391456604,1.2139966343539252,438,lead,lead,Lead,
75161,intercepted,1,0,0,0,8,6,3.0,2,8.0,4.0,6.022101879119873,0,1.0477786660194397,1.3357291221618652,1.0822998336618461,3,lead,lead,Lead,
75162,intercepted,1,0,0,0,155,9,4.5,146,155.0,77.5,12.243974685668945,0,1.109841818813564,1.4571163654327393,1.2115038927596369,147,lead,lead,Lead,
75163,intercepted,1,0,0,0,56,48,24.0,8,56.0,28.0,14.024151802062988,0,1.1106729706128438,0.8149049282073975,1.1661475441417022,9,lead,lead,Lead,
75164,intercepted,1,0,0,0,51,44,22.0,7,51.0,25.5,10.95704460144043,0,1.0110816173255444,0.48052915930747986,1.0861915525954975,8,lead,lead,Lead,
75165,intercepted,1,0,0,0,484,10,5.0,474,484.0,242.0,2.939549684524536,0,1.150822846167966,1.2025940418243408,1.2471361110718242,475,lead,lead,Lead,
75166,soldier_caught,0,1,0,0,169,11,5.5,158,,,1.9611212015151978,0,1.048949141172493,0.20788384974002838,1.138496859225558,159,lead,lead,Lead,
75167,intercepted,1,0,0,0,57,19,9.5,38,57.0,28.5,9.598681449890137,0,1.0491084082004352,0.7809959650039673,1.1346051871751337,39,lead,lead,Lead,
75168,intercepted,1,0,0,0,220,12,6.0,208,220.0,110.0,5.96412992477417,0,1.1188622248229798,0.9518042802810669,1.2118974692739874,209,lead,lead,Lead,
75169,intercepted,1,0,0,0,35,12,6.0,23,35.0,17.5,4.622377872467041,0,1.2462872490286827,1.2730931043624878,1.317957521080568,24,lead,lead,Lead,
75170,intercepted,1,0,0,0,23,11,5.5,12,23.0,11.5,2.9692602157592773,0,1.1587625031287854,1.519685983657837,1.2586601409142377,13,lead,lead,Lead,
75171,intercepted,1,0,0,0,105,8,4.0,97,105.0,52.5,2.390195846557617,0,1.146840082139385,1.307834506034851,1.2414887700103365,98,lead,lead,Lead,
75172,intercepted,1,0,0,0,50,13,6.5,37,50.0,25.0,10.807697296142578,0,1.1085175848320912,1.16596519947052,1.208387368633073,38,lead,lead,Lead,
75173,intercepted,1,0,0,0,40,11,5.5,29,40.0,20.0,2.1950035095214844,0,1.2319177230199179,0.5613357424736023,1.3407179973191252,30,lead,lead,Lead,
75174,soldier_caught,0,1,0,0,126,9,4.5,117,,,1.6391777992248535,0,1.1521316602573557,1.5803208351135254,1.2519598217432855,118,lead,lead,Lead,
75175,intercepted,1,0,0,0,82,8,4.0,74,82.0,41.0,7.749292373657227,0,1.08363024075826,2.2929718494415283,1.1596936203557893,75,lead,lead,Lead,
75176,intercepted,1,0,0,0,126,14,7.0,112,126.0,63.0,10.265098571777344,0,1.090201836244195,1.3984558582305908,1.1841030785680344,113,lead,lead,Lead,
75177,soldier_caught,0,1,0,0,12,10,5.0,2,,,1.8932383060455322,0,0.6780832807223002,0.7045496106147766,0.6877771467181935,3,lead,lead,Lead,
75178,intercepted,1,0,0,0,111,8,4.0,103,111.0,55.5,2.524837017059326,0,1.0659338714411626,0.8988893628120422,1.151804397752092,104,lead,lead,Lead,
75179,intercepted,1,0,0,0,432,9,4.5,423,432.0,216.0,2.941528558731079,0,1.1032237418979969,0.4422830641269684,1.1944403055576267,424,lead,lead,Lead,
75180,intercepted,1,0,0,0,23,11,5.5,12,23.0,11.5,5.395379543304443,0,1.1725119214791517,0.5701929330825806,1.2575399049432732,13,lead,lead,Lead,
75181,intercepted,1,0,0,0,162,57,28.5,105,162.0,81.0,7.391164302825928,0,1.1220599916183724,0.7961617708206177,1.204595479502099,106,lead,lead,Lead,
75182,intercepted,1,0,0,0,135,10,5.0,125,135.0,67.5,10.768097877502441,0,1.1568101523887544,1.437847375869751,1.2502909449293698,126,lead,lead,Lead,
75183,intercepted,1,0,0,0,186,11,5.5,175,186.0,93.0,2.4362215995788574,0,1.2393231706016443,0.880107045173645,1.3332125229147689,176,lead,lead,Lead,
75184,soldier_caught,0,1,0,0,55,9,4.5,46,,,0.807790219783783,0,1.178445207945844,1.9704229831695557,1.2585986675499714,47,lead,lead,Lead,
75185,intercepted,1,0,0,0,123,28,14.0,95,123.0,61.5,7.682374000549316,0,1.1584516152118642,0.9295839667320251,1.24159581482536,96,lead,lead,Lead,
75186,intercepted,1,0,0,0,69,15,7.5,54,69.0,34.5,7.661384582519531,0,1.0186317029324445,1.262826681137085,1.1191625003614314,55,lead,lead,Lead,
75187,intercepted,1,0,0,0,106,11,5.5,95,106.0,53.0,6.744150161743164,0,1.0718156639486551,0.8954055905342102,1.1407530653378768,96,lead,lead,Lead,
75188,intercepted,1,0,0,0,77,7,3.5,70,77.0,38.5,8.316736221313477,0,1.0617382005906442,1.5423063039779663,1.1403581995262497,71,lead,lead,Lead,
75189,intercepted,1,0,0,0,78,8,4.0,70,78.0,39.0,10.831137657165527,0,1.062500557849105,0.46528396010398865,1.161082665913183,71,lead,lead,Lead,
75190,intercepted,1,0,0,0,41,11,5.5,30,41.0,20.5,4.669713020324707,0,1.1879790521437121,2.4422285556793213,1.256206553930297,31,lead,lead,Lead,
75191,intercepted,1,0,0,0,234,92,46.0,142,234.0,117.0,4.120730876922607,0,1.0462692434137517,1.2081642150878906,1.123933208817606,143,lead,lead,Lead,
75192,intercepted,1,0,0,0,255,27,13.5,228,255.0,127.5,2.0933470726013184,0,1.0958911984768498,1.0907386541366577,1.189347343398756,229,lead,lead,Lead,
75193,soldier_caught,0,1,0,0,229,10,5.0,219,,,1.427609920501709,0,1.1424014551057058,1.4854378700256348,1.24427980867461,220,lead,lead,Lead,
75194,intercepted,1,0,0,0,167,9,4.5,158,167.0,83.5,10.75794792175293,0,1.1322087527446028,1.7563830614089966,1.224720858329187,159,lead,lead,Lead,
75195,intercepted,1,0,0,0,231,10,5.0,221,231.0,115.5,4.212935924530029,0,1.1120377605160077,1.115988850593567,1.1981478877538763,222,lead,lead,Lead,
75196,soldier_caught,0,1,0,0,14,12,6.0,2,,,1.6258488893508911,0,1.064694623152415,1.8539762496948242,1.2027521920060442,3,lead,lead,Lead,
75197,intercepted,1,0,0,0,499,12,6.0,487,499.0,249.5,2.045457601547241,0,1.0946097330869649,1.8717215061187744,1.1948692776528143,488,lead,lead,Lead,
75198,intercepted,1,0,0,0,162,11,5.5,151,162.0,81.0,3.875783920288086,0,1.1053882221642293,0.9204141497612,1.1868387720559344,152,lead,lead,Lead,
75199,intercepted,1,0,0,0,180,66,33.0,114,180.0,90.0,6.431573390960693,0,1.1299355206282242,1.4160819053649902,1.2378539989443067,115,lead,lead,Lead,
75200,intercepted,1,0,0,0,231,9,4.5,222,231.0,115.5,3.062291383743286,0,1.1214599914748573,1.1141479015350342,1.2135626620983198,223,lead,lead,Lead,
75201,soldier_caught,0,1,0,0,53,9,4.5,44,,,0.5211548209190369,0,1.2738514807489183,0.7399797439575195,1.3442215473491133,45,lead,lead,Lead,
75202,intercepted,1,0,0,0,78,8,4.0,70,78.0,39.0,3.641369342803955,0,1.1440418186322066,2.196838617324829,1.2550286932269135,71,lead,lead,Lead,
75203,intercepted,1,0,0,0,81,9,4.5,72,81.0,40.5,2.7843751907348633,0,1.130810139726286,0.6911795735359192,1.2292076551248299,73,lead,lead,Lead,
75204,intercepted,1,0,0,0,58,12,6.0,46,58.0,29.0,7.330474853515625,0,1.066137469512351,0.8215249180793762,1.1636424653167454,47,lead,lead,Lead,
75205,intercepted,1,0,0,0,200,11,5.5,189,200.0,100.0,3.945687770843506,0,1.169840144091531,1.0511385202407837,1.2780627473471275,190,lead,lead,Lead,
75206,intercepted,1,0,0,0,78,65,32.5,13,78.0,39.0,14.541285514831543,0,1.1059185223920005,0.7977069616317749,1.172798306349892,14,lead,lead,Lead,
75207,intercepted,1,0,0,0,281,11,5.5,270,281.0,140.5,2.3363375663757324,0,1.1443487330446385,0.8563650250434875,1.2345302536360723,271,lead,lead,Lead,
75208,intercepted,1,0,0,0,27,7,3.5,20,27.0,13.5,4.3920578956604,0,1.1265780599344344,1.5931650400161743,1.2222611156131395,21,lead,lead,Lead,
75209,intercepted,1,0,0,0,216,10,5.0,206,216.0,108.0,10.417194366455078,0,1.1564611937796725,0.8307746052742004,1.241698713468492,207,lead,lead,Lead,
75210,intercepted,1,0,0,0,108,15,7.5,93,108.0,54.0,9.22335147857666,0,1.1247951103017686,1.2995606660842896,1.219887611100614,94,lead,lead,Lead,
75211,intercepted,1,0,0,0,106,11,5.5,95,106.0,53.0,2.2000558376312256,0,1.1209835034484665,0.6031283140182495,1.2086330657172868,96,lead,lead,Lead,
75212,intercepted,1,0,0,0,157,10,5.0,147,157.0,78.5,8.083908081054688,0,1.1410119645800945,1.5845853090286255,1.2150875528187677,148,lead,lead,Lead,
75213,intercepted,1,0,0,0,220,16,8.0,204,220.0,110.0,11.015421867370605,0,1.1216911494005017,0.9479367136955261,1.2167536294385712,205,lead,lead,Lead,
75214,intercepted,1,0,0,0,211,10,5.0,201,211.0,105.5,8.239084243774414,0,1.0745232534585614,0.9153027534484863,1.1814710763514191,202,lead,lead,Lead,
75215,intercepted,1,0,0,0,44,18,9.0,26,44.0,22.0,6.582613945007324,0,1.154541235279154,0.9750411510467529,1.243493244620988,27,lead,lead,Lead,
75216,intercepted,1,0,0,0,289,15,7.5,274,289.0,144.5,5.362061023712158,0,1.1106343028762125,1.4456285238265991,1.1982568470590327,275,lead,lead,Lead,
75217,intercepted,1,0,0,0,77,34,17.0,43,77.0,38.5,11.342740058898926,0,1.129777453839779,1.6988530158996582,1.2335512624685059,44,lead,lead,Lead,
75218,soldier_caught,0,1,0,0,125,7,3.5,118,,,1.7405658960342407,0,1.1657090595289439,1.257781982421875,1.2421612770103565,119,lead,lead,Lead,
75219,intercepted,1,0,0,0,541,11,5.5,530,541.0,270.5,2.6945176124572754,0,1.0993828769008542,1.5896073579788208,1.1867577571113823,531,lead,lead,Lead,
75220,intercepted,1,0,0,0,249,13,6.5,236,249.0,124.5,4.310743808746338,0,1.1674298291970908,0.9246230721473694,1.2518030759000716,237,lead,lead,Lead,
75221,soldier_caught,0,1,0,0,233,11,5.5,222,,,0.9700072407722473,0,1.1090774755306843,2.3527543544769287,1.207711725118088,223,lead,lead,Lead,
75222,intercepted,1,0,0,0,797,12,6.0,785,797.0,398.5,4.437695026397705,0,1.1271247157481032,1.6168173551559448,1.2335065947325783,786,lead,lead,Lead,
75223,intercepted,1,0,0,0,57,12,6.0,45,57.0,28.5,9.523578643798828,0,1.029758355539778,1.9848120212554932,1.0949412981622044,46,lead,lead,Lead,
75224,intercepted,1,0,0,0,296,8,4.0,288,296.0,148.0,3.040933847427368,0,1.088781868220407,2.0406947135925293,1.1805813376822338,289,lead,lead,Lead,
75225,intercepted,1,0,0,0,101,11,5.5,90,101.0,50.5,3.0426928997039795,0,1.119408817900406,1.0819387435913086,1.2218369446194355,91,lead,lead,Lead,
75226,intercepted,1,0,0,0,129,8,4.0,121,129.0,64.5,2.0877866744995117,0,1.0983736093049166,1.0580066442489624,1.1956971839389352,122,lead,lead,Lead,
75227,intercepted,1,0,0,0,33,9,4.5,24,33.0,16.5,3.3805487155914307,0,1.0830433785915374,0.870969295501709,1.148894492918269,25,lead,lead,Lead,
75228,intercepted,1,0,0,0,260,68,34.0,192,260.0,130.0,2.127121925354004,0,1.1452284855237278,1.6636697053909302,1.2454581527776984,193,lead,lead,Lead,
75229,intercepted,1,0,0,0,275,8,4.0,267,275.0,137.5,5.238805770874023,0,1.1342029249045387,1.7446542978286743,1.2180866851797063,268,lead,lead,Lead,
75230,intercepted,1,0,0,0,164,9,4.5,155,164.0,82.0,13.029791831970215,0,1.129994870473941,1.7545901536941528,1.2336762886813648,156,lead,lead,Lead,
75231,intercepted,1,0,0,0,53,31,15.5,22,53.0,26.5,11.036818504333496,0,1.1926805234473685,1.1949013471603394,1.268853242197319,23,lead,lead,Lead,
75232,intercepted,1,0,0,0,165,10,5.0,155,165.0,82.5,5.564161777496338,0,1.1512285571258802,0.49439728260040283,1.252576232334852,156,lead,lead,Lead,
75233,intercepted,1,0,0,0,20,7,3.5,13,20.0,10.0,6.047562122344971,0,1.1836926234619958,1.4647047519683838,1.2943560057020551,14,lead,lead,Lead,
75234,intercepted,1,0,0,0,145,13,6.5,132,145.0,72.5,4.993470668792725,0,1.159662539685579,0.5301839709281921,1.2600244329253534,133,lead,lead,Lead,
75235,intercepted,1,0,0,0,578,9,4.5,569,578.0,289.0,3.233773946762085,0,1.1192446858736507,0.9076739549636841,1.214292602985065,570,lead,lead,Lead,
75236,intercepted,1,0,0,0,37,30,15.0,7,37.0,18.5,13.657662391662598,0,0.9393262900412083,1.2601755857467651,1.0140329257510134,8,lead,lead,Lead,
75237,intercepted,1,0,0,0,155,10,5.0,145,155.0,77.5,11.029666900634766,0,1.1689986803964392,0.8790803551673889,1.266482594454313,146,lead,lead,Lead,
75238,intercepted,1,0,0,0,197,8,4.0,189,197.0,98.5,3.908891201019287,0,1.1265090030274894,1.1523641347885132,1.2173033372578712,190,lead,lead,Lead,
75239,intercepted,1,0,0,0,36,9,4.5,27,36.0,18.0,3.2699339389801025,0,1.0233333227889878,1.7578853368759155,1.1225104098659235,28,lead,lead,Lead,
75240,intercepted,1,0,0,0,293,17,8.5,276,293.0,146.5,7.513545036315918,0,1.1591685160402787,1.1636687517166138,1.2527439669257705,277,lead,lead,Lead,
75241,intercepted,1,0,0,0,395,13,6.5,382,395.0,197.5,4.48082971572876,0,1.1190951904452189,1.6151010990142822,1.2242170373220933,383,lead,lead,Lead,
75242,intercepted,1,0,0,0,21,8,4.0,13,21.0,10.5,10.441314697265625,0,1.0087306456906455,1.5267786979675293,1.0840737178603344,14,lead,lead,Lead,
75243,soldier_caught,0,1,0,0,83,10,5.0,73,,,1.6840298175811768,0,1.0186500078117526,1.7805023193359375,1.0973938188722567,74,lead,lead,Lead,
75244,intercepted,1,0,0,0,87,12,6.0,75,87.0,43.5,10.1980562210083,0,1.1304934034614187,1.2171350717544556,1.2084083573545823,76,lead,lead,Lead,
75245,intercepted,1,0,0,0,347,10,5.0,337,347.0,173.5,2.7870640754699707,0,1.1334930053035888,1.337371826171875,1.2220826639031168,338,lead,lead,Lead,
75246,intercepted,1,0,0,0,58,10,5.0,48,58.0,29.0,10.031558990478516,0,1.2386151771156155,1.5229078531265259,1.3217283601559402,49,lead,lead,Lead,
75247,intercepted,1,0,0,0,74,38,19.0,36,74.0,37.0,10.776663780212402,0,1.0789889814080418,0.7854381203651428,1.145692383116664,37,lead,lead,Lead,
75248,intercepted,1,0,0,0,10,9,4.5,1,10.0,5.0,4.8047404289245605,0,1.2219090163707733,1.4939128160476685,1.251817762826067,2,lead,lead,Lead,
75249,intercepted,1,0,0,0,462,13,6.5,449,462.0,231.0,3.158949136734009,0,1.1383532643318177,1.009488821029663,1.2333603054063165,450,lead,lead,Lead,
75250,intercepted,1,0,0,0,171,29,14.5,142,171.0,85.5,9.541428565979004,0,1.1145554966443068,0.7516608238220215,1.199409102110094,143,lead,lead,Lead,
75251,intercepted,1,0,0,0,216,46,23.0,170,216.0,108.0,14.571333885192871,0,1.178476925438259,0.7169508337974548,1.2905980549716751,171,lead,lead,Lead,
75252,intercepted,1,0,0,0,201,9,4.5,192,201.0,100.5,4.200290679931641,0,1.110214486949802,1.0656670331954956,1.1968822563877919,193,lead,lead,Lead,
75253,intercepted,1,0,0,0,167,15,7.5,152,167.0,83.5,13.525729179382324,0,1.187978044249653,1.3363173007965088,1.2745968792970346,153,lead,lead,Lead,
75254,intercepted,1,0,0,0,560,11,5.5,549,560.0,280.0,5.678142070770264,0,1.1022791142084383,1.1552482843399048,1.1944611231731799,550,lead,lead,Lead,
75255,soldier_caught,0,1,0,0,251,9,4.5,242,,,1.2594467401504517,0,1.1415408490371313,0.8503024578094482,1.2361876971565156,243,lead,lead,Lead,
75256,soldier_caught,0,1,0,0,61,14,7.0,47,,,1.8060837984085083,0,1.2375377627710502,0.7754266858100891,1.3306096965339953,48,lead,lead,Lead,
75257,intercepted,1,0,0,0,351,124,62.0,227,351.0,175.5,12.931161880493164,0,1.0737274073783243,0.24668841063976288,1.1702452537492358,228,lead,lead,Lead,
75258,unsafe_intercept,0,0,1,0,12,11,5.5,1,,,2.919970750808716,0,1.5107792615890503,1.7632683515548706,1.5317325869091263,2,lead,lead,Lead,
75259,intercepted,1,0,0,0,504,13,6.5,491,504.0,252.0,3.034343719482422,0,1.1413226528926108,0.9305734038352966,1.2459119198100876,492,lead,lead,Lead,
75260,soldier_caught,0,1,0,0,68,18,9.0,50,,,1.8107441663742065,0,0.9949240047557681,0.7819061279296875,1.0426476734992622,51,lead,lead,Lead,
75261,soldier_caught,0,1,0,0,46,15,7.5,31,,,1.7177432775497437,0,1.167106343433261,1.496684193611145,1.2914223091520607,32,lead,lead,Lead,
75262,soldier_caught,0,1,0,0,38,13,6.5,25,,,0.5921481847763062,0,1.1090816374008472,1.015159010887146,1.1776423015525788,26,lead,lead,Lead,
75263,intercepted,1,0,0,0,226,14,7.0,212,226.0,113.0,8.548211097717285,0,1.0899491686496376,0.9056823253631592,1.1909914238890544,213,lead,lead,Lead,
75264,intercepted,1,0,0,0,137,7,3.5,130,137.0,68.5,4.281250953674316,0,1.1401194841352127,1.3339489698410034,1.2226871324179158,131,lead,lead,Lead,
75265,intercepted,1,0,0,0,168,49,24.5,119,168.0,84.0,9.639503479003906,0,1.1000003026177485,0.7568197250366211,1.2024510375314732,120,lead,lead,Lead,
75266,soldier_caught,0,1,0,0,62,13,6.5,49,,,1.6964702606201172,0,1.0795269101858138,0.9111776351928711,1.1905488513309999,50,lead,lead,Lead,
75267,intercepted,1,0,0,0,203,10,5.0,193,203.0,101.5,6.3017425537109375,0,1.1199754971204345,1.3488147258758545,1.2260328760876538,194,lead,lead,Lead,
75268,intercepted,1,0,0,0,87,10,5.0,77,87.0,43.5,2.1055309772491455,0,1.1987115018642867,1.6499124765396118,1.2868918135730596,78,lead,lead,Lead,
75269,intercepted,1,0,0,0,91,28,14.0,63,91.0,45.5,10.600526809692383,0,1.090307803824544,1.2987496852874756,1.1764724151469734,64,lead,lead,Lead,
75270,intercepted,1,0,0,0,62,10,5.0,52,62.0,31.0,2.249509334564209,0,1.092487262386196,1.448837399482727,1.1917457345999662,53,lead,lead,Lead,
75271,soldier_caught,0,1,0,0,105,57,28.5,48,,,1.105703592300415,0,1.2114682772329874,1.5920462608337402,1.3246043370141891,49,lead,lead,Lead,
75272,soldier_caught,0,1,0,0,16,14,7.0,2,,,1.3374038934707642,0,1.4252036412556965,1.7228535413742065,1.4528032051545732,3,lead,lead,Lead,
75273,intercepted,1,0,0,0,11,9,4.5,2,11.0,5.5,4.47532844543457,0,1.1073997219403584,1.032758116722107,1.1359367169208368,3,lead,lead,Lead,
75274,intercepted,1,0,0,0,138,13,6.5,125,138.0,69.0,7.4588727951049805,0,1.0663392984914402,0.6257041096687317,1.1500566621835984,126,lead,lead,Lead,
75275,intercepted,1,0,0,0,81,9,4.5,72,81.0,40.5,2.1858015060424805,0,1.1895736202801743,0.7308664321899414,1.280450909018327,73,lead,lead,Lead,
75276,intercepted,1,0,0,0,73,14,7.0,59,73.0,36.5,5.781953811645508,0,1.0604980319738389,1.1610088348388672,1.1680522874005372,60,lead,lead,Lead,
75277,intercepted,1,0,0,0,90,17,8.5,73,90.0,45.0,2.397383689880371,0,1.153876873689729,1.3410502672195435,1.2638743878199792,74,lead,lead,Lead,
75278,intercepted,1,0,0,0,92,37,18.5,55,92.0,46.0,5.441007614135742,0,1.1767565730426992,0.25189560651779175,1.304947298267423,56,lead,lead,Lead,
75279,intercepted,1,0,0,0,60,27,13.5,33,60.0,30.0,10.079300880432129,0,1.1222060002824839,1.3172520399093628,1.2469134190196314,34,lead,lead,Lead,
75280,intercepted,1,0,0,0,125,89,44.5,36,125.0,62.5,5.786879539489746,0,1.224494959152228,0.8399033546447754,1.3634098347095744,37,lead,lead,Lead,
75281,intercepted,1,0,0,0,152,7,3.5,145,152.0,76.0,2.970024824142456,0,1.0625786207718393,0.7104198336601257,1.1528362688497318,146,lead,lead,Lead,
75282,intercepted,1,0,0,0,36,11,5.5,25,36.0,18.0,12.324929237365723,0,1.1325579956173897,1.161106824874878,1.2016945406997597,26,lead,lead,Lead,
75283,intercepted,1,0,0,0,135,14,7.0,121,135.0,67.5,7.389857292175293,0,1.1861157676235574,1.7824501991271973,1.276021535303552,122,lead,lead,Lead,
75284,intercepted,1,0,0,0,57,10,5.0,47,57.0,28.5,5.319395542144775,0,1.0676797982305288,0.7438821792602539,1.1792292613350972,48,lead,lead,Lead,
75285,intercepted,1,0,0,0,44,35,17.5,9,44.0,22.0,14.482499122619629,0,1.1871447145938874,0.44445574283599854,1.3433335829926776,10,lead,lead,Lead,
75286,intercepted,1,0,0,0,149,11,5.5,138,149.0,74.5,6.9278883934021,0,1.161001037993877,0.6696187853813171,1.2655620706533266,139,lead,lead,Lead,
75287,intercepted,1,0,0,0,175,10,5.0,165,175.0,87.5,8.042863845825195,0,1.150389910372625,0.8029314875602722,1.244256400306669,166,lead,lead,Lead,
75288,intercepted,1,0,0,0,130,13,6.5,117,130.0,65.0,4.735745429992676,0,1.2144778859564813,2.557004690170288,1.3391461010353394,118,lead,lead,Lead,
75289,intercepted,1,0,0,0,500,10,5.0,490,500.0,250.0,4.857198715209961,0,1.12441622734434,1.3029589653015137,1.2342052612448986,491,lead,lead,Lead,
75290,intercepted,1,0,0,0,481,12,6.0,469,481.0,240.5,8.213223457336426,0,1.1271064760203058,0.4983489513397217,1.2201407453948505,470,lead,lead,Lead,
75291,intercepted,1,0,0,0,634,12,6.0,622,634.0,317.0,8.307770729064941,0,1.132882650959549,0.9462755918502808,1.233912088890875,623,lead,lead,Lead,
75292,intercepted,1,0,0,0,12,11,5.5,1,12.0,6.0,4.056331634521484,0,1.2498427331447601,0.4137036204338074,1.5037404940347332,2,lead,lead,Lead,
75293,soldier_caught,0,1,0,0,12,10,5.0,2,,,1.9129480123519897,0,0.9838252266248068,1.0714671611785889,1.1119979713274701,3,lead,lead,Lead,
75294,soldier_caught,0,1,0,0,148,120,60.0,28,,,1.5494128465652466,0,1.0656827626557186,1.0769193172454834,1.1928896785371295,29,lead,lead,Lead,
75295,intercepted,1,0,0,0,56,12,6.0,44,56.0,28.0,2.6422688961029053,0,1.1594626545906066,1.2654067277908325,1.241976681605149,45,lead,lead,Lead,
75296,soldier_caught,0,1,0,0,104,24,12.0,80,,,1.5947388410568237,0,1.1064228934270364,1.1757508516311646,1.2047450766354273,81,lead,lead,Lead,
75297,intercepted,1,0,0,0,129,43,21.5,86,129.0,64.5,8.330211639404297,0,1.0745513771457234,1.5526487827301025,1.1738671910431002,87,lead,lead,Lead,
75298,intercepted,1,0,0,0,79,40,20.0,39,79.0,39.5,9.535056114196777,0,1.165444014966488,0.5713592767715454,1.2482811525204733,40,lead,lead,Lead,
75299,intercepted,1,0,0,0,490,7,3.5,483,490.0,245.0,2.899358034133911,0,1.1424211911272166,1.2017457485198975,1.2276261915174174,484,lead,lead,Lead,
75300,intercepted,1,0,0,0,283,12,6.0,271,283.0,141.5,3.38581919670105,0,1.0843819985987948,0.5316122174263,1.1816821325213296,272,lead,lead,Lead,
75301,intercepted,1,0,0,0,406,13,6.5,393,406.0,203.0,2.553668260574341,0,1.1251410504774697,1.322390079498291,1.2165053959542411,394,lead,lead,Lead,
75302,soldier_caught,0,1,0,0,82,32,16.0,50,,,1.9415743350982666,0,1.134432794416652,1.0891785621643066,1.205410155915063,51,lead,lead,Lead,
75303,intercepted,1,0,0,0,291,37,18.5,254,291.0,145.5,3.801400661468506,0,1.1190375534927144,0.6734663248062134,1.2186321785427376,255,lead,lead,Lead,
75304,intercepted,1,0,0,0,84,16,8.0,68,84.0,42.0,4.037106990814209,0,1.1249912951303565,1.3075816631317139,1.2093727284891218,69,lead,lead,Lead,
75305,intercepted,1,0,0,0,9,7,3.5,2,9.0,4.5,4.361318588256836,0,1.7956114212671916,1.3247586488723755,1.8471252984560502,3,lead,lead,Lead,
75306,intercepted,1,0,0,0,211,9,4.5,202,211.0,105.5,9.467120170593262,0,1.1419384501544125,1.842540979385376,1.2311894444522415,203,lead,lead,Lead,
75307,intercepted,1,0,0,0,90,12,6.0,78,90.0,45.0,5.941590309143066,0,1.1698899978323827,1.4512165784835815,1.2757022982798651,79,lead,lead,Lead,
75308,intercepted,1,0,0,0,44,11,5.5,33,44.0,22.0,11.23820686340332,0,1.1644793713794035,1.1037862300872803,1.2231138482304502,34,lead,lead,Lead,
75309,intercepted,1,0,0,0,54,40,20.0,14,54.0,27.0,13.306724548339844,0,0.9872315605481465,1.1869934797286987,1.0606944713738142,15,lead,lead,Lead,
75310,intercepted,1,0,0,0,213,11,5.5,202,213.0,106.5,2.0098583698272705,0,1.109442215688123,2.0836539268493652,1.188554649906296,203,lead,lead,Lead,
75311,intercepted,1,0,0,0,106,14,7.0,92,106.0,53.0,3.554147243499756,0,1.1646933560409853,1.3280377388000488,1.2412411437619648,93,lead,lead,Lead,
75312,intercepted,1,0,0,0,104,10,5.0,94,104.0,52.0,8.465210914611816,0,1.2161197070228427,1.7762973308563232,1.2953705655557628,95,lead,lead,Lead,
75313,intercepted,1,0,0,0,194,11,5.5,183,194.0,97.0,3.258985996246338,0,1.1877799515976855,1.003308653831482,1.2784432823344511,184,lead,lead,Lead,
75314,intercepted,1,0,0,0,83,12,6.0,71,83.0,41.5,3.114616870880127,0,1.058965202834871,1.1245378255844116,1.1583751274665859,72,lead,lead,Lead,
75315,intercepted,1,0,0,0,54,9,4.5,45,54.0,27.0,4.591941833496094,0,1.0746526057305543,0.7848866581916809,1.1559874208818268,46,lead,lead,Lead,
75316,intercepted,1,0,0,0,373,11,5.5,362,373.0,186.5,7.549802780151367,0,1.1370994506337098,1.561111330986023,1.2342488412602077,363,lead,lead,Lead,
75317,intercepted,1,0,0,0,404,9,4.5,395,404.0,202.0,2.5561397075653076,0,1.1470441434795808,1.7864012718200684,1.2364130771214925,396,lead,lead,Lead,
75318,intercepted,1,0,0,0,88,8,4.0,80,88.0,44.0,5.870619773864746,0,1.1214133350201596,1.745286464691162,1.223738848203658,81,lead,lead,Lead,
75319,intercepted,1,0,0,0,144,10,5.0,134,144.0,72.0,10.696383476257324,0,1.1644881630385364,0.9778295159339905,1.2629279601541905,135,lead,lead,Lead,
75320,intercepted,1,0,0,0,194,56,28.0,138,194.0,97.0,9.394251823425293,0,1.1414057138583642,1.9908937215805054,1.2297916795352626,139,lead,lead,Lead,
75321,soldier_caught,0,1,0,0,14,12,6.0,2,,,1.203119158744812,0,0.5598213871320089,0.2698255479335785,0.6205428337605755,3,lead,lead,Lead,
75322,intercepted,1,0,0,0,253,76,38.0,177,253.0,126.5,4.993588924407959,0,1.1446677833125833,1.8445338010787964,1.2314174203766128,178,lead,lead,Lead,
75323,intercepted,1,0,0,0,40,10,5.0,30,40.0,20.0,8.778182983398438,0,1.1621934060127503,0.28688931465148926,1.2729605639118582,31,lead,lead,Lead,
75324,soldier_caught,0,1,0,0,15,13,6.5,2,,,1.5020899772644043,0,0.8225899934768677,0.4095829129219055,0.8748567120255968,3,lead,lead,Lead,
75325,intercepted,1,0,0,0,211,12,6.0,199,211.0,105.5,8.149116516113281,0,1.1229233700037002,1.063085675239563,1.1982814855863435,200,lead,lead,Lead,
75326,intercepted,1,0,0,0,206,53,26.5,153,206.0,103.0,10.233739852905273,0,1.1107315429812903,0.5350633263587952,1.2112381103754157,154,lead,lead,Lead,
75327,intercepted,1,0,0,0,184,11,5.5,173,184.0,92.0,4.30433464050293,0,1.1090219046535164,1.0729591846466064,1.1935497658699152,174,lead,lead,Lead,
75328,intercepted,1,0,0,0,288,19,9.5,269,288.0,144.0,12.635687828063965,0,1.1745636871291532,0.46317729353904724,1.274555779713423,270,lead,lead,Lead,
75329,intercepted,1,0,0,0,96,12,6.0,84,96.0,48.0,3.2826015949249268,0,1.1471689318909364,1.4798656702041626,1.223214367301888,85,lead,lead,Lead,
75330,intercepted,1,0,0,0,168,10,5.0,158,168.0,84.0,5.158409118652344,0,1.1364280339681878,0.8735840320587158,1.2345002223477306,159,lead,lead,Lead,
75331,soldier_caught,0,1,0,0,116,12,6.0,104,,,1.1692380905151367,0,1.1388000722442355,0.8548473119735718,1.2319672550697685,105,lead,lead,Lead,
75332,intercepted,1,0,0,0,59,22,11.0,37,59.0,29.5,10.076244354248047,0,1.2022358986892199,1.5822702646255493,1.292733532100783,38,lead,lead,Lead,
75333,intercepted,1,0,0,0,107,9,4.5,98,107.0,53.5,4.457821369171143,0,1.1612121464327128,0.963441789150238,1.2647308910089567,99,lead,lead,Lead,
75334,intercepted,1,0,0,0,330,10,5.0,320,330.0,165.0,7.928047180175781,0,1.167946181889635,1.577207326889038,1.2615281965724845,321,lead,lead,Lead,
75335,intercepted,1,0,0,0,102,14,7.0,88,102.0,51.0,5.024394512176514,0,1.1915548792046107,0.8739067912101746,1.291868533174346,89,lead,lead,Lead,
75336,intercepted,1,0,0,0,77,10,5.0,67,77.0,38.5,4.828149318695068,0,1.1971149764516775,1.0735450983047485,1.2867252549648054,68,lead,lead,Lead,
75337,intercepted,1,0,0,0,194,9,4.5,185,194.0,97.0,4.5180277824401855,0,1.1381768520160387,2.696355104446411,1.2580657788017795,186,lead,lead,Lead,
75338,intercepted,1,0,0,0,162,61,30.5,101,162.0,81.0,10.682646751403809,0,1.1679363487397922,0.9392557144165039,1.249717230766971,102,lead,lead,Lead,
75339,intercepted,1,0,0,0,40,31,15.5,9,40.0,20.0,14.46435260772705,0,1.010261708498001,1.354567289352417,1.078215738261055,10,lead,lead,Lead,
75340,intercepted,1,0,0,0,121,16,8.0,105,121.0,60.5,2.010274648666382,0,1.1370037197363827,0.7991151213645935,1.2143851006726765,106,lead,lead,Lead,
75341,intercepted,1,0,0,0,205,14,7.0,191,205.0,102.5,6.052569389343262,0,1.0926613659830764,0.3709621727466583,1.187146828953926,192,lead,lead,Lead,
75342,intercepted,1,0,0,0,104,14,7.0,90,104.0,52.0,10.939576148986816,0,1.2406641971933974,1.0752960443496704,1.3404045263639255,91,lead,lead,Lead,
75343,soldier_caught,0,1,0,0,14,12,6.0,2,,,1.0460933446884155,0,1.1751774450143178,0.1835516393184662,1.3876039393756026,3,lead,lead,Lead,
75344,intercepted,1,0,0,0,202,13,6.5,189,202.0,101.0,7.794539451599121,0,1.08338787516481,0.7845026850700378,1.1651483510815612,190,lead,lead,Lead,
75345,intercepted,1,0,0,0,38,14,7.0,24,38.0,19.0,2.7413251399993896,0,1.1761682212352753,1.2175405025482178,1.2581842528512137,25,lead,lead,Lead,
75346,intercepted,1,0,0,0,97,8,4.0,89,97.0,48.5,3.1147944927215576,0,1.1222543647719754,0.9582719802856445,1.2408199302801848,90,lead,lead,Lead,
75347,soldier_caught,0,1,0,0,351,11,5.5,340,,,1.9837570190429688,0,1.1298826984252748,1.3972315788269043,1.229142137043096,341,lead,lead,Lead,
75348,intercepted,1,0,0,0,54,8,4.0,46,54.0,27.0,2.8490679264068604,0,1.0950242772381356,0.9804772734642029,1.1940810120835452,47,lead,lead,Lead,
75349,intercepted,1,0,0,0,102,8,4.0,94,102.0,51.0,9.373727798461914,0,1.1055576813848396,0.5061882138252258,1.1808207471093009,95,lead,lead,Lead,
75350,intercepted,1,0,0,0,270,8,4.0,262,270.0,135.0,2.2113351821899414,0,1.133720016078634,1.3344508409500122,1.227020730467123,263,lead,lead,Lead,
75351,intercepted,1,0,0,0,84,9,4.5,75,84.0,42.0,5.024186611175537,0,1.091900554926772,0.9284535050392151,1.1831204468068748,76,lead,lead,Lead,
75352,intercepted,1,0,0,0,154,38,19.0,116,154.0,77.0,3.8574373722076416,0,1.1225140567263987,1.2523053884506226,1.2141185760604096,117,lead,lead,Lead,
75353,intercepted,1,0,0,0,282,10,5.0,272,282.0,141.0,6.691135406494141,0,1.1356062330987864,1.5982474088668823,1.2268178773082958,273,lead,lead,Lead,
75354,intercepted,1,0,0,0,74,8,4.0,66,74.0,37.0,5.3972907066345215,0,1.0282356643409871,0.37538138031959534,1.1222628948280315,67,lead,lead,Lead,
75355,intercepted,1,0,0,0,64,15,7.5,49,64.0,32.0,2.2879741191864014,0,1.196470020711422,1.403679370880127,1.3280575416962654,50,lead,lead,Lead,
75356,soldier_caught,0,1,0,0,382,11,5.5,371,,,0.8679301738739014,0,1.1194764519891431,0.5540719032287598,1.2098142888813153,372,lead,lead,Lead,
75357,intercepted,1,0,0,0,46,11,5.5,35,46.0,23.0,4.373720169067383,0,1.0981975909736421,1.3125380277633667,1.1655364521438447,36,lead,lead,Lead,
75358,intercepted,1,0,0,0,21,14,7.0,7,21.0,10.5,14.514364242553711,0,0.8787489384412766,1.0535809993743896,0.9300139169233262,8,lead,lead,Lead,
75359,intercepted,1,0,0,0,64,57,28.5,7,64.0,32.0,12.053775787353516,0,0.9603436179459095,1.9144448041915894,1.0450477010703831,8,lead,lead,Lead,
75360,intercepted,1,0,0,0,328,48,24.0,280,328.0,164.0,6.163096904754639,0,1.1292397781835333,1.605291485786438,1.2153955696356857,281,lead,lead,Lead,
75361,intercepted,1,0,0,0,89,14,7.0,75,89.0,44.5,2.8120758533477783,0,1.0528001251973604,0.9797386527061462,1.1440691995603987,76,lead,lead,Lead,
75362,intercepted,1,0,0,0,275,59,29.5,216,275.0,137.5,2.403109312057495,0,1.1351786485877455,0.7520222663879395,1.2280295109954902,217,lead,lead,Lead,
75363,intercepted,1,0,0,0,47,8,4.0,39,47.0,23.5,6.007802963256836,0,1.2342146337032318,1.2834432125091553,1.320876361404965,40,lead,lead,Lead,
75364,intercepted,1,0,0,0,70,31,15.5,39,70.0,35.0,10.96064567565918,0,1.1899092569947243,0.8434319496154785,1.2803771117032707,40,lead,lead,Lead,
75365,intercepted,1,0,0,0,95,11,5.5,84,95.0,47.5,7.2570624351501465,0,1.2110912822625217,0.52054762840271,1.3098691666715416,85,lead,lead,Lead,
75366,intercepted,1,0,0,0,251,44,22.0,207,251.0,125.5,3.1557230949401855,0,1.0991265814608107,1.555045485496521,1.195559077677786,208,lead,lead,Lead,
75367,intercepted,1,0,0,0,233,16,8.0,217,233.0,116.5,5.979494571685791,0,1.0827928880280857,1.2150154113769531,1.177317429009239,218,lead,lead,Lead,
75368,intercepted,1,0,0,0,120,29,14.5,91,120.0,60.0,7.714946269989014,0,1.1157257326919099,0.7559329271316528,1.1926253172280807,92,lead,lead,Lead,
75369,intercepted,1,0,0,0,98,8,4.0,90,98.0,49.0,6.481616973876953,0,1.1524261491639274,0.7238268256187439,1.274959120005302,91,lead,lead,Lead,
75370,intercepted,1,0,0,0,64,8,4.0,56,64.0,32.0,4.277583122253418,0,1.2168492761097456,1.5213273763656616,1.3144081157166991,57,lead,lead,Lead,
75371,intercepted,1,0,0,0,125,12,6.0,113,125.0,62.5,3.70991849899292,0,1.1410126525320505,0.9768615961074829,1.2383689309270316,114,lead,lead,Lead,
75372,intercepted,1,0,0,0,23,10,5.0,13,23.0,11.5,9.374958992004395,0,1.013944304415158,1.1892958879470825,1.1373687667206478,14,lead,lead,Lead,
75373,intercepted,1,0,0,0,77,12,6.0,65,77.0,38.5,5.721924781799316,0,1.1477030633073864,0.9321778416633606,1.2379594427330207,66,lead,lead,Lead,
75374,intercepted,1,0,0,0,82,13,6.5,69,82.0,41.0,8.589502334594727,0,1.2184397616556712,1.0754539966583252,1.3068094955904697,70,lead,lead,Lead,
75375,intercepted,1,0,0,0,42,10,5.0,32,42.0,21.0,8.068805694580078,0,0.955541808496822,0.8054122924804688,1.038817433264696,33,lead,lead,Lead,
75376,intercepted,1,0,0,0,325,85,42.5,240,325.0,162.5,7.257352352142334,0,1.1177951657363983,0.5604857802391052,1.222429102271037,241,lead,lead,Lead,
75377,intercepted,1,0,0,0,464,44,22.0,420,464.0,232.0,3.4556994438171387,0,1.118552715364941,1.1214447021484375,1.2071842384459561,421,lead,lead,Lead,
75378,intercepted,1,0,0,0,62,46,23.0,16,62.0,31.0,12.459847450256348,0,0.9983311400694006,1.201002836227417,1.0697061295135535,17,lead,lead,Lead,
75379,soldier_caught,0,1,0,0,62,10,5.0,52,,,1.0670192241668701,0,1.0879954386432216,1.101172924041748,1.1936184279080764,53,lead,lead,Lead,
75380,intercepted,1,0,0,0,380,11,5.5,369,380.0,190.0,4.269590854644775,0,1.1246569985473478,0.7333573698997498,1.2206744891295205,370,lead,lead,Lead,
75381,intercepted,1,0,0,0,32,16,8.0,16,32.0,16.0,6.288391590118408,0,0.966249085524503,0.8090506196022034,1.0848000907699205,17,lead,lead,Lead,
75382,intercepted,1,0,0,0,158,14,7.0,144,158.0,79.0,2.222872495651245,0,1.1833214430973447,1.951461672782898,1.2744111482383482,145,lead,lead,Lead,
75383,soldier_caught,0,1,0,0,203,16,8.0,187,,,1.644505500793457,0,1.1927256672940356,1.5984158515930176,1.2926029063526423,188,lead,lead,Lead,
75384,intercepted,1,0,0,0,100,10,5.0,90,100.0,50.0,2.386712074279785,0,1.1937000728570497,0.8518495559692383,1.2772196963783502,91,lead,lead,Lead,
75385,soldier_caught,0,1,0,0,11,8,4.0,3,,,0.23564237356185913,0,1.3009548634290695,2.500147819519043,1.5534795685794125,4,lead,lead,Lead,
75386,intercepted,1,0,0,0,53,7,3.5,46,53.0,26.5,2.7221927642822266,0,1.1249023691770879,1.22922682762146,1.1968093960112653,47,lead,lead,Lead,
75387,intercepted,1,0,0,0,146,11,5.5,135,146.0,73.0,8.838981628417969,0,1.179734269704889,1.938950538635254,1.2687448914313575,136,lead,lead,Lead,
75388,intercepted,1,0,0,0,659,12,6.0,647,659.0,329.5,3.304443836212158,0,1.1198034096900145,0.515971839427948,1.2144318712478306,648,lead,lead,Lead,
75389,unsafe_intercept,0,0,1,0,9,7,3.5,2,,,3.364670991897583,0,1.1171555519104004,0.820628821849823,1.1725854529487607,3,lead,lead,Lead,
75390,intercepted,1,0,0,0,40,16,8.0,24,40.0,20.0,8.678906440734863,0,1.04357692360878,0.28303468227386475,1.1029595816428688,25,lead,lead,Lead,
75391,intercepted,1,0,0,0,156,54,27.0,102,156.0,78.0,5.024686813354492,0,1.1300992834047205,2.345602512359619,1.2400990837668846,103,lead,lead,Lead,
75392,intercepted,1,0,0,0,47,12,6.0,35,47.0,23.5,7.513270854949951,0,1.0667616191009681,0.3245677053928375,1.1555756581200962,36,lead,lead,Lead,
75393,intercepted,1,0,0,0,176,7,3.5,169,176.0,88.0,9.91889762878418,0,1.1403227047885165,1.3567644357681274,1.2185815819715637,170,lead,lead,Lead,
75394,intercepted,1,0,0,0,112,19,9.5,93,112.0,56.0,4.742578029632568,0,1.0939449216140078,0.9058734774589539,1.204411083969464,94,lead,lead,Lead,
75395,intercepted,1,0,0,0,773,10,5.0,763,773.0,386.5,3.1381890773773193,0,1.1441618008685361,1.6170207262039185,1.235002436316436,764,lead,lead,Lead,
75396,intercepted,1,0,0,0,437,38,19.0,399,437.0,218.5,5.453359127044678,0,1.1384444321505724,0.8299565315246582,1.238404057223042,400,lead,lead,Lead,
75397,intercepted,1,0,0,0,246,11,5.5,235,246.0,123.0,7.426486492156982,0,1.096328381070141,1.029255747795105,1.1824285537822152,236,lead,lead,Lead,
75398,intercepted,1,0,0,0,46,8,4.0,38,46.0,23.0,10.091268539428711,0,1.006467138727506,1.3803207874298096,1.1136349796837048,39,lead,lead,Lead,
75399,intercepted,1,0,0,0,122,16,8.0,106,122.0,61.0,8.607158660888672,0,1.06539217668159,0.8818331956863403,1.1542706315119726,107,lead,lead,Lead,
75400,intercepted,1,0,0,0,84,17,8.5,67,84.0,42.0,7.683350086212158,0,1.1136398674810635,0.9290287494659424,1.2300010056961876,68,lead,lead,Lead,
75401,intercepted,1,0,0,0,750,32,16.0,718,750.0,375.0,4.406926155090332,0,1.1408459725990499,1.2103817462921143,1.2343309712078188,719,lead,lead,Lead,
75402,soldier_caught,0,1,0,0,175,34,17.0,141,,,1.4885226488113403,0,1.1360702194588286,1.4123971462249756,1.2258800529683698,142,lead,lead,Lead,
75403,intercepted,1,0,0,0,125,11,5.5,114,125.0,62.5,7.995049476623535,0,1.0460558407980463,0.5884868502616882,1.1354773913756981,115,lead,lead,Lead,
75404,intercepted,1,0,0,0,107,32,16.0,75,107.0,53.5,8.984878540039062,0,1.1024530088823092,1.006584882736206,1.184017210716088,76,lead,lead,Lead,
75405,intercepted,1,0,0,0,29,15,7.5,14,29.0,14.5,6.627795696258545,0,1.1070785343647003,1.5903550386428833,1.1722417939890217,15,lead,lead,Lead,
75406,intercepted,1,0,0,0,217,10,5.0,207,217.0,108.5,4.017460346221924,0,1.086869447492063,1.0594121217727661,1.193135631717376,208,lead,lead,Lead,
75407,intercepted,1,0,0,0,284,14,7.0,270,284.0,142.0,7.441232681274414,0,1.1065905989316116,1.3305903673171997,1.1990734428420908,271,lead,lead,Lead,
75408,intercepted,1,0,0,0,390,9,4.5,381,390.0,195.0,7.926604747772217,0,1.1301322102897766,1.6353875398635864,1.2161590751040963,382,lead,lead,Lead,
75409,intercepted,1,0,0,0,71,10,5.0,61,71.0,35.5,6.459899425506592,0,1.1062951785542312,0.698525607585907,1.215759738307714,62,lead,lead,Lead,
75410,intercepted,1,0,0,0,74,12,6.0,62,74.0,37.0,5.9335713386535645,0,1.143676785486085,0.9223660230636597,1.28037266878254,63,lead,lead,Lead,
75411,intercepted,1,0,0,0,116,12,6.0,104,116.0,58.0,4.801915168762207,0,1.1252576583907719,1.5049680471420288,1.2238423268673337,105,lead,lead,Lead,
75412,intercepted,1,0,0,0,231,9,4.5,222,231.0,115.5,8.698139190673828,0,1.1124991256693553,0.314784437417984,1.226692980698072,223,lead,lead,Lead,
75413,intercepted,1,0,0,0,94,54,27.0,40,94.0,47.0,11.064981460571289,0,1.1225876248464353,0.5924173593521118,1.2223766105331966,41,lead,lead,Lead,
75414,intercepted,1,0,0,0,118,16,8.0,102,118.0,59.0,9.202512741088867,0,1.1146659699169177,0.6157494783401489,1.2215843491328993,103,lead,lead,Lead,
75415,intercepted,1,0,0,0,66,36,18.0,30,66.0,33.0,6.575737953186035,0,0.9431551718904126,0.3623278737068176,1.036661042487003,31,lead,lead,Lead,
75416,intercepted,1,0,0,0,31,8,4.0,23,31.0,15.5,3.5734944343566895,0,1.0637156839172046,1.065477967262268,1.193385249235829,24,lead,lead,Lead,
75417,intercepted,1,0,0,0,196,8,4.0,188,196.0,98.0,5.395260810852051,0,1.1503986280273508,2.417379140853882,1.2581942068654757,189,lead,lead,Lead,
75418,intercepted,1,0,0,0,114,14,7.0,100,114.0,57.0,11.85319709777832,0,1.2152156372471612,1.0422868728637695,1.2971221092728662,101,lead,lead,Lead,
75419,intercepted,1,0,0,0,259,36,18.0,223,259.0,129.5,5.199264049530029,0,1.1504958697727747,1.2495092153549194,1.2463163468478906,224,lead,lead,Lead,
75420,intercepted,1,0,0,0,301,12,6.0,289,301.0,150.5,10.89780330657959,0,1.1592003294620021,1.5618433952331543,1.2595878381602652,290,lead,lead,Lead,
75421,soldier_caught,0,1,0,0,100,14,7.0,86,,,1.2573215961456299,0,1.193190843723286,1.29775869846344,1.2883723257857183,87,lead,lead,Lead,
75422,intercepted,1,0,0,0,175,51,25.5,124,175.0,87.5,10.817001342773438,0,1.0731506519317626,0.5413821935653687,1.1498101156818221,125,lead,lead,Lead,
75423,soldier_caught,0,1,0,0,60,13,6.5,47,,,1.3186696767807007,0,1.249389714250962,1.1784813404083252,1.3482729210692064,48,lead,lead,Lead,
75424,soldier_caught,0,1,0,0,337,131,65.5,206,,,1.9116990566253662,0,1.1378968133442644,1.6053752899169922,1.2350687894898922,207,lead,lead,Lead,
75425,intercepted,1,0,0,0,47,26,13.0,21,47.0,23.5,13.52711296081543,0,1.0900602557442405,1.233116626739502,1.1866029549796038,22,lead,lead,Lead,
75426,intercepted,1,0,0,0,224,11,5.5,213,224.0,112.0,2.024547576904297,0,1.1573857527191393,1.1445025205612183,1.2615335591926793,214,lead,lead,Lead,
75427,intercepted,1,0,0,0,105,54,27.0,51,105.0,52.5,4.516069412231445,0,1.1321758839946527,1.5291835069656372,1.2118669253751269,52,lead,lead,Lead,
75428,intercepted,1,0,0,0,75,9,4.5,66,75.0,37.5,2.411336898803711,0,1.0344521227612424,1.2055610418319702,1.1172374573440147,67,lead,lead,Lead,
75429,intercepted,1,0,0,0,41,9,4.5,32,41.0,20.5,6.356894016265869,0,1.2053820563085151,0.7283552289009094,1.269574220737801,33,lead,lead,Lead,
75430,intercepted,1,0,0,0,44,20,10.0,24,44.0,22.0,4.610898494720459,0,1.1838705217838288,0.8992936015129089,1.308022284590999,25,lead,lead,Lead,
75431,intercepted,1,0,0,0,27,12,6.0,15,27.0,13.5,4.149766445159912,0,1.0577376633882523,0.7133570313453674,1.1529035452070673,16,lead,lead,Lead,
75432,intercepted,1,0,0,0,159,8,4.0,151,159.0,79.5,10.24454402923584,0,1.123302290902326,1.6211868524551392,1.199656949658848,152,lead,lead,Lead,
75433,soldier_caught,0,1,0,0,215,38,19.0,177,,,1.613878607749939,0,1.1657128219356698,1.4542829990386963,1.259798589421246,178,lead,lead,Lead,
75434,soldier_caught,0,1,0,0,86,8,4.0,78,,,1.8746484518051147,0,1.192320462269119,0.8789333701133728,1.287859789008425,79,lead,lead,Lead,
75435,intercepted,1,0,0,0,24,16,8.0,8,24.0,12.0,11.350142478942871,0,1.22901185353597,1.5583733320236206,1.2625924460326636,9,lead,lead,Lead,
75436,intercepted,1,0,0,0,80,9,4.5,71,80.0,40.0,5.594142913818359,0,1.1236244237257376,1.7321193218231201,1.2044530082520313,72,lead,lead,Lead,
75437,intercepted,1,0,0,0,37,17,8.5,20,37.0,18.5,6.337116718292236,0,1.2450570123536246,1.4744198322296143,1.341358555465986,21,lead,lead,Lead,
75438,intercepted,1,0,0,0,41,11,5.5,30,41.0,20.5,10.098777770996094,0,1.0129858428432095,0.9184802770614624,1.0811629833863277,31,lead,lead,Lead,
75439,intercepted,1,0,0,0,87,11,5.5,76,87.0,43.5,4.46157169342041,0,1.0664737510990787,0.9688353538513184,1.1621257720216378,77,lead,lead,Lead,
75440,intercepted,1,0,0,0,104,29,14.5,75,104.0,52.0,3.764326810836792,0,1.1385749825521518,1.4615682363510132,1.2346640467908447,76,lead,lead,Lead,
75441,intercepted,1,0,0,0,190,68,34.0,122,190.0,95.0,8.22823429107666,0,1.1234646471050698,1.4267646074295044,1.1969464487437107,123,lead,lead,Lead,
75442,intercepted,1,0,0,0,154,42,21.0,112,154.0,77.0,10.370196342468262,0,1.1142776706049928,1.784351110458374,1.2023287986604148,113,lead,lead,Lead,
75443,intercepted,1,0,0,0,88,14,7.0,74,88.0,44.0,8.983927726745605,0,1.2002428410450618,0.7303878664970398,1.3160252778045107,75,lead,lead,Lead,
75444,intercepted,1,0,0,0,183,8,4.0,175,183.0,91.5,2.0654358863830566,0,1.1863146978007122,1.1727949380874634,1.2783092686851818,176,lead,lead,Lead,
75445,intercepted,1,0,0,0,65,12,6.0,53,65.0,32.5,5.895996570587158,0,1.2192784354642585,1.4521167278289795,1.3174582907699839,54,lead,lead,Lead,
75446,intercepted,1,0,0,0,703,36,18.0,667,703.0,351.5,3.905322313308716,0,1.1202142230697913,1.4855773448944092,1.2116292959128623,668,lead,lead,Lead,
75447,intercepted,1,0,0,0,337,7,3.5,330,337.0,168.5,5.302610874176025,0,1.0885448105115545,0.8032113909721375,1.1783334881054683,331,lead,lead,Lead,
75448,intercepted,1,0,0,0,8,6,3.0,2,8.0,4.0,4.157040119171143,0,1.070485532283783,0.6656075119972229,1.1218464381560138,3,lead,lead,Lead,
75449,intercepted,1,0,0,0,80,11,5.5,69,80.0,40.0,3.567248582839966,0,1.157586033003671,1.4111661911010742,1.2483929036763373,70,lead,lead,Lead,
75450,intercepted,1,0,0,0,126,50,25.0,76,126.0,63.0,2.15944504737854,0,0.9887334359930707,0.747542142868042,1.0662988642297577,77,lead,lead,Lead,
75451,intercepted,1,0,0,0,110,16,8.0,94,110.0,55.0,3.097932815551758,0,1.1302755271133624,0.9630039930343628,1.2176811396970328,95,lead,lead,Lead,
75452,soldier_caught,0,1,0,0,434,16,8.0,418,,,0.7765476703643799,0,1.1319260058795637,0.9943817257881165,1.2241798293265622,419,lead,lead,Lead,
75453,intercepted,1,0,0,0,144,10,5.0,134,144.0,72.0,3.484579086303711,0,1.1190859737219634,1.3731597661972046,1.2015779065399774,135,lead,lead,Lead,
75454,intercepted,1,0,0,0,13,11,5.5,2,13.0,6.5,3.9722213745117188,0,1.2674100995063782,1.1509902477264404,1.406929521699214,3,lead,lead,Lead,
75455,intercepted,1,0,0,0,210,11,5.5,199,210.0,105.0,11.093677520751953,0,1.1146014006435871,1.3043389320373535,1.2051683804370135,200,lead,lead,Lead,
75456,intercepted,1,0,0,0,27,13,6.5,14,27.0,13.5,6.256348133087158,0,1.2502943019072215,0.24321678280830383,1.4702057755537912,15,lead,lead,Lead,
75457,intercepted,1,0,0,0,40,16,8.0,24,40.0,20.0,9.248079299926758,0,1.3610698091983795,1.434751272201538,1.4211475891735208,25,lead,lead,Lead,
75458,soldier_caught,0,1,0,0,35,8,4.0,27,,,1.4186638593673706,0,1.1214722011770522,1.6610933542251587,1.2360785457297183,28,lead,lead,Lead,
75459,intercepted,1,0,0,0,20,11,5.5,9,20.0,10.0,7.481966495513916,0,1.0970333158969878,1.196731686592102,1.1381890588624262,10,lead,lead,Lead,
75460,intercepted,1,0,0,0,517,31,15.5,486,517.0,258.5,8.081042289733887,0,1.159029972840873,0.4309360086917877,1.2553249466839784,487,lead,lead,Lead,
75461,intercepted,1,0,0,0,146,10,5.0,136,146.0,73.0,2.7389187812805176,0,1.1036498527022174,1.5788458585739136,1.1782829191087558,137,lead,lead,Lead,
75462,intercepted,1,0,0,0,18,11,5.5,7,18.0,9.0,10.061319351196289,0,0.8319760039448738,0.6815772652626038,0.8660366224523574,8,lead,lead,Lead,
75463,intercepted,1,0,0,0,49,15,7.5,34,49.0,24.5,4.79075813293457,0,1.1386821061372756,1.3818062543869019,1.2602077123246642,35,lead,lead,Lead,
75464,intercepted,1,0,0,0,123,26,13.0,97,123.0,61.5,4.229927062988281,0,1.127989193310543,2.0119171142578125,1.2161829338744696,98,lead,lead,Lead,
75465,intercepted,1,0,0,0,27,8,4.0,19,27.0,13.5,7.422734260559082,0,1.141092199087143,1.391078233718872,1.25263601014056,20,lead,lead,Lead,
75466,intercepted,1,0,0,0,66,12,6.0,54,66.0,33.0,3.746539831161499,0,1.0546452684835954,0.998164713382721,1.1586459561025366,55,lead,lead,Lead,
75467,intercepted,1,0,0,0,187,10,5.0,177,187.0,93.5,3.1019351482391357,0,1.112838033461169,0.7801001071929932,1.2013546937128539,178,lead,lead,Lead,
75468,intercepted,1,0,0,0,168,12,6.0,156,168.0,84.0,2.025883913040161,0,1.1572526432336516,2.092061996459961,1.2655370374554564,157,lead,lead,Lead,
75469,intercepted,1,0,0,0,271,54,27.0,217,271.0,135.5,2.9078290462493896,0,1.1260366702298505,0.7025688290596008,1.2232723873655,218,lead,lead,Lead,
75470,intercepted,1,0,0,0,430,34,17.0,396,430.0,215.0,3.051649570465088,0,1.138690564227795,0.6031942963600159,1.2428156381683084,397,lead,lead,Lead,
75471,intercepted,1,0,0,0,701,9,4.5,692,701.0,350.5,2.378432273864746,0,1.1334920631987708,0.4468865692615509,1.2306287934570492,693,lead,lead,Lead,
75472,intercepted,1,0,0,0,170,13,6.5,157,170.0,85.0,5.2785162925720215,0,1.1530104802473435,0.6792788505554199,1.2631792809167603,158,lead,lead,Lead,
75473,intercepted,1,0,0,0,84,13,6.5,71,84.0,42.0,8.113666534423828,0,1.1752183213829994,0.4786667227745056,1.2745693324119767,72,lead,lead,Lead,
75474,intercepted,1,0,0,0,324,10,5.0,314,324.0,162.0,3.4798712730407715,0,1.1173165274044825,1.0726195573806763,1.2207547707450093,315,lead,lead,Lead,
75475,intercepted,1,0,0,0,170,12,6.0,158,170.0,85.0,8.566537857055664,0,1.1209188867477502,1.6160744428634644,1.2079007644728095,159,lead,lead,Lead,
75476,intercepted,1,0,0,0,178,16,8.0,162,178.0,89.0,2.2188808917999268,0,1.151124977352429,0.4874345362186432,1.2319444668165018,163,lead,lead,Lead,
75477,intercepted,1,0,0,0,59,52,26.0,7,59.0,29.5,13.22968864440918,0,1.1224656030535698,2.031928777694702,1.226439585783978,8,lead,lead,Lead,
75478,intercepted,1,0,0,0,139,10,5.0,129,139.0,69.5,7.389271259307861,0,1.054513372710118,1.065417766571045,1.1361293690972742,130,lead,lead,Lead,
75479,intercepted,1,0,0,0,227,8,4.0,219,227.0,113.5,2.9227592945098877,0,1.1767611021345312,1.1442816257476807,1.2737252852167373,220,lead,lead,Lead,
75480,intercepted,1,0,0,0,526,54,27.0,472,526.0,263.0,9.633051872253418,0,1.1216983071057791,2.22190260887146,1.224043008284101,473,lead,lead,Lead,
75481,intercepted,1,0,0,0,282,13,6.5,269,282.0,141.0,2.095593214035034,0,1.1275365344628139,1.266724944114685,1.224067768153845,270,lead,lead,Lead,
75482,intercepted,1,0,0,0,532,15,7.5,517,532.0,266.0,9.522453308105469,0,1.1246955319807566,1.9226328134536743,1.222411313959611,518,lead,lead,Lead,
75483,intercepted,1,0,0,0,59,7,3.5,52,59.0,29.5,8.518060684204102,0,1.0454394226928927,1.0511952638626099,1.1226166926999677,53,lead,lead,Lead,
75484,intercepted,1,0,0,0,437,9,4.5,428,437.0,218.5,4.995532989501953,0,1.1363903383240277,0.8249791860580444,1.2280408054699505,429,lead,lead,Lead,
75485,intercepted,1,0,0,0,91,33,16.5,58,91.0,45.5,13.05331802368164,0,1.0428852264658879,1.0594401359558105,1.1554502076660136,59,lead,lead,Lead,
75486,intercepted,1,0,0,0,463,42,21.0,421,463.0,231.5,9.688562393188477,0,1.1335189382753101,1.1869843006134033,1.2219858026943216,422,lead,lead,Lead,
75487,intercepted,1,0,0,0,173,11,5.5,162,173.0,86.5,5.220661163330078,0,1.1707339379136548,0.6472399234771729,1.2682922274075459,163,lead,lead,Lead,
75488,intercepted,1,0,0,0,174,10,5.0,164,174.0,87.0,2.679229497909546,0,1.1564119952194618,1.1214282512664795,1.2511725670232594,165,lead,lead,Lead,
75489,intercepted,1,0,0,0,76,10,5.0,66,76.0,38.0,4.452003479003906,0,1.0631905017948862,0.3941571116447449,1.1560646518568025,67,lead,lead,Lead,
75490,intercepted,1,0,0,0,105,10,5.0,95,105.0,52.5,2.7955751419067383,0,1.2786072427406907,1.112632155418396,1.3594296933088783,96,lead,lead,Lead,
75491,intercepted,1,0,0,0,326,11,5.5,315,326.0,163.0,5.9061713218688965,0,1.1358781663960293,0.729602575302124,1.2411108651563174,316,lead,lead,Lead,
75492,intercepted,1,0,0,0,11,9,4.5,2,11.0,5.5,3.9942150115966797,0,1.2568486134211223,1.603061556816101,1.2840578629544404,3,lead,lead,Lead,
75493,intercepted,1,0,0,0,28,13,6.5,15,28.0,14.0,9.761500358581543,0,0.7736734692007303,0.8712815642356873,0.8349935488934761,16,lead,lead,Lead,
75494,intercepted,1,0,0,0,197,64,32.0,133,197.0,98.5,3.803514242172241,0,1.106778185314207,0.7572910189628601,1.2042266481322623,134,lead,lead,Lead,
75495,intercepted,1,0,0,0,34,9,4.5,25,34.0,17.0,11.201172828674316,0,1.2023693976493983,1.0851466655731201,1.3040798841319294,26,lead,lead,Lead,
75496,intercepted,1,0,0,0,559,32,16.0,527,559.0,279.5,3.5207676887512207,0,1.1381393631101784,0.41710010170936584,1.2432669169153552,528,lead,lead,Lead,
75497,intercepted,1,0,0,0,12,10,5.0,2,12.0,6.0,3.846771240234375,0,1.6446469227472942,1.9598338603973389,1.7345206963185207,3,lead,lead,Lead,
75498,intercepted,1,0,0,0,393,13,6.5,380,393.0,196.5,8.65176010131836,0,1.1213206213916067,1.3957513570785522,1.2255379153255508,381,lead,lead,Lead,
75499,intercepted,1,0,0,0,381,8,4.0,373,381.0,190.5,2.3440072536468506,0,1.1339841366690748,1.5442124605178833,1.244608641240195,374,lead,lead,Lead,
75500,intercepted,1,0,0,0,262,35,17.5,227,262.0,131.0,5.7890119552612305,0,1.1058794543016375,0.7094338536262512,1.2048208513764584,228,lead,lead,Lead,
75501,intercepted,1,0,0,0,35,18,9.0,17,35.0,17.5,5.791738033294678,0,1.1875199096070395,1.3580816984176636,1.328307234540539,18,lead,lead,Lead,
75502,intercepted,1,0,0,0,90,32,16.0,58,90.0,45.0,6.892487525939941,0,1.1114539504051208,0.9544820189476013,1.1849649907462312,59,lead,lead,Lead,
75503,intercepted,1,0,0,0,112,10,5.0,102,112.0,56.0,3.571821689605713,0,1.219644141139336,1.038906216621399,1.3220838880853785,103,lead,lead,Lead,
75504,intercepted,1,0,0,0,92,12,6.0,80,92.0,46.0,3.2181482315063477,0,1.086691085755089,0.8374486565589905,1.1748269548373163,81,lead,lead,Lead,
75505,intercepted,1,0,0,0,557,10,5.0,547,557.0,278.5,3.424879789352417,0,1.1662768980719311,0.9831942915916443,1.2538617576893079,548,lead,lead,Lead,
75506,intercepted,1,0,0,0,166,10,5.0,156,166.0,83.0,6.85654354095459,0,1.063365246222657,1.7577238082885742,1.1576849728708287,157,lead,lead,Lead,
75507,intercepted,1,0,0,0,24,9,4.5,15,24.0,12.0,11.785553932189941,0,1.015707965940237,0.881423830986023,1.0826532734210852,16,lead,lead,Lead,
75508,intercepted,1,0,0,0,165,11,5.5,154,165.0,82.5,10.138387680053711,0,1.1616532601175769,1.2409554719924927,1.260713857222798,155,lead,lead,Lead,
75509,intercepted,1,0,0,0,160,153,76.5,7,160.0,80.0,14.55228328704834,0,0.850251529365778,0.5187360644340515,0.9199113929572987,8,lead,lead,Lead,
75510,soldier_caught,0,1,0,0,358,13,6.5,345,,,1.9936836957931519,0,1.1270011624245975,0.942942202091217,1.2208919538282694,346,lead,lead,Lead,
75511,intercepted,1,0,0,0,307,17,8.5,290,307.0,153.5,8.742085456848145,0,1.1171196334038402,1.1368708610534668,1.2106369907372738,291,lead,lead,Lead,
75512,intercepted,1,0,0,0,39,12,6.0,27,39.0,19.5,7.794685363769531,0,1.1944223546556063,0.7872962951660156,1.278266551648923,28,lead,lead,Lead,
75513,intercepted,1,0,0,0,125,8,4.0,117,125.0,62.5,3.6579809188842773,0,1.1049214741688664,1.1502090692520142,1.1957602444316264,118,lead,lead,Lead,
75514,intercepted,1,0,0,0,429,10,5.0,419,429.0,214.5,7.830796718597412,0,1.0932423391512462,1.6384047269821167,1.1781583002044114,420,lead,lead,Lead,
75515,intercepted,1,0,0,0,157,12,6.0,145,157.0,78.5,11.535435676574707,0,1.1342904747348943,1.2408442497253418,1.2303586221439422,146,lead,lead,Lead,
75516,intercepted,1,0,0,0,101,47,23.5,54,101.0,50.5,8.697317123413086,0,1.1061587114225735,0.481723815202713,1.2211038302122583,55,lead,lead,Lead,
75517,intercepted,1,0,0,0,50,12,6.0,38,50.0,25.0,7.4593682289123535,0,1.0908449926437476,1.2967084646224976,1.1885187128846815,39,lead,lead,Lead,
75518,intercepted,1,0,0,0,189,42,21.0,147,189.0,94.5,10.049720764160156,0,1.1818837524467223,1.2120153903961182,1.275791093701924,148,lead,lead,Lead,
75519,intercepted,1,0,0,0,460,75,37.5,385,460.0,230.0,2.6369121074676514,0,1.093509350271191,0.5992191433906555,1.184553832513543,386,lead,lead,Lead,
75520,intercepted,1,0,0,0,240,8,4.0,232,240.0,120.0,9.180882453918457,0,1.173062171163477,0.8537006974220276,1.2581132539948392,233,lead,lead,Lead,
75521,intercepted,1,0,0,0,154,11,5.5,143,154.0,77.0,4.642300128936768,0,1.2315013411247895,1.4353302717208862,1.3425775804367364,144,lead,lead,Lead,
75522,intercepted,1,0,0,0,90,30,15.0,60,90.0,45.0,11.49815559387207,0,1.12253183566156,1.3610386848449707,1.2052127909837045,61,lead,lead,Lead,
75523,intercepted,1,0,0,0,245,9,4.5,236,245.0,122.5,3.629115343093872,0,1.1500675812803742,1.2609617710113525,1.243848162512835,237,lead,lead,Lead,
75524,intercepted,1,0,0,0,66,16,8.0,50,66.0,33.0,12.32349681854248,0,1.1168158714677774,1.1803025007247925,1.2117861759578576,51,lead,lead,Lead,
75525,intercepted,1,0,0,0,276,15,7.5,261,276.0,138.0,6.670177936553955,0,1.1018103391842078,0.21888631582260132,1.201165335072754,262,lead,lead,Lead,
75526,intercepted,1,0,0,0,409,17,8.5,392,409.0,204.5,11.139321327209473,0,1.105592651979917,2.2224268913269043,1.1956024225495525,393,lead,lead,Lead,
75527,intercepted,1,0,0,0,51,12,6.0,39,51.0,25.5,4.907055377960205,0,1.0612522318959237,1.412817358970642,1.1612707078483293,40,lead,lead,Lead,
75528,intercepted,1,0,0,0,36,9,4.5,27,36.0,18.0,4.131200790405273,0,1.0039500120495046,1.3285645246505737,1.1182260241135245,28,lead,lead,Lead,
75529,soldier_caught,0,1,0,0,834,74,37.0,760,,,0.993496835231781,0,1.1152416888756602,1.4212956428527832,1.2185181316652116,761,lead,lead,Lead,
75530,intercepted,1,0,0,0,42,10,5.0,32,42.0,21.0,9.337603569030762,0,1.2277671640569514,0.9895880818367004,1.3460094302561754,33,lead,lead,Lead,
75531,intercepted,1,0,0,0,122,9,4.5,113,122.0,61.0,13.469630241394043,0,1.042724523889391,1.3063769340515137,1.132456972213076,114,lead,lead,Lead,
75532,intercepted,1,0,0,0,16,14,7.0,2,16.0,8.0,6.902257442474365,0,1.0228779812653859,0.2831023037433624,1.1605176393988441,3,lead,lead,Lead,
75533,intercepted,1,0,0,0,71,11,5.5,60,71.0,35.5,2.1443634033203125,0,1.0329582048732726,0.909333348274231,1.1147850398365746,61,lead,lead,Lead,
75534,intercepted,1,0,0,0,276,9,4.5,267,276.0,138.0,6.277624130249023,0,1.1165957377750928,1.3668326139450073,1.2153240814085575,268,lead,lead,Lead,
75535,intercepted,1,0,0,0,89,9,4.5,80,89.0,44.5,2.6217832565307617,0,1.1057049701059307,0.8713876008987427,1.1929096038778615,81,lead,lead,Lead,
75536,intercepted,1,0,0,0,240,8,4.0,232,240.0,120.0,3.4913394451141357,0,1.1412290964003797,1.1629369258880615,1.2320798947588854,233,lead,lead,Lead,
75537,intercepted,1,0,0,0,28,12,6.0,16,28.0,14.0,13.117045402526855,0,1.0495694314732271,1.6187362670898438,1.1004026816995838,17,lead,lead,Lead,
75538,intercepted,1,0,0,0,634,9,4.5,625,634.0,317.0,3.43886137008667,0,1.1284975532335215,0.8532604575157166,1.2273942141663525,626,lead,lead,Lead,
75539,intercepted,1,0,0,0,62,13,6.5,49,62.0,31.0,2.3993403911590576,0,1.0747824162244797,1.7171823978424072,1.1586825008804473,50,lead,lead,Lead,
75540,intercepted,1,0,0,0,61,9,4.5,52,61.0,30.5,6.655874252319336,0,1.0708117521596405,1.437519907951355,1.1861557831849419,53,lead,lead,Lead,
75541,intercepted,1,0,0,0,60,29,14.5,31,60.0,30.0,13.878835678100586,0,1.189174679107964,0.7972807288169861,1.2822161832393064,32,lead,lead,Lead,
75542,intercepted,1,0,0,0,80,12,6.0,68,80.0,40.0,7.140730381011963,0,1.1543617751719295,0.657179057598114,1.264455122130813,69,lead,lead,Lead,
75543,intercepted,1,0,0,0,133,98,49.0,35,133.0,66.5,9.347402572631836,0,1.1984358943170972,0.7828682065010071,1.3081518427508358,36,lead,lead,Lead,
75544,intercepted,1,0,0,0,16,14,7.0,2,16.0,8.0,4.789576053619385,0,0.8814773559570312,0.8268557786941528,0.944184132757844,3,lead,lead,Lead,
75545,intercepted,1,0,0,0,59,29,14.5,30,59.0,29.5,7.195363521575928,0,1.0409151440666569,0.44030433893203735,1.115045130601963,31,lead,lead,Lead,
75546,soldier_caught,0,1,0,0,33,9,4.5,24,,,1.4216452836990356,0,1.0685109221935272,0.7680836915969849,1.142900690692176,25,lead,lead,Lead,
75547,intercepted,1,0,0,0,271,18,9.0,253,271.0,135.5,5.762028694152832,0,1.119509045474642,0.4034614861011505,1.2206624085144389,254,lead,lead,Lead,
75548,intercepted,1,0,0,0,543,97,48.5,446,543.0,271.5,10.730884552001953,0,1.1084365631043245,1.2591006755828857,1.205932841286247,447,lead,lead,Lead,
75549,intercepted,1,0,0,0,472,13,6.5,459,472.0,236.0,7.793905735015869,0,1.1386568874444651,0.3936321437358856,1.233499871317399,460,lead,lead,Lead,
75550,intercepted,1,0,0,0,40,10,5.0,30,40.0,20.0,11.533547401428223,0,1.213755662402799,2.216860055923462,1.3107219276322535,31,lead,lead,Lead,
75551,intercepted,1,0,0,0,115,8,4.0,107,115.0,57.5,7.701461315155029,0,1.087526790521763,0.3469775915145874,1.1884489052321519,108,lead,lead,Lead,
75552,intercepted,1,0,0,0,17,15,7.5,2,17.0,8.5,4.220651626586914,0,1.5029398997624714,2.1250364780426025,1.6250155677750413,3,lead,lead,Lead,
75553,intercepted,1,0,0,0,55,31,15.5,24,55.0,27.5,8.705415725708008,0,1.172757511138916,0.7828444242477417,1.2593764777251693,25,lead,lead,Lead,
75554,intercepted,1,0,0,0,297,13,6.5,284,297.0,148.5,7.93603515625,0,1.124862129568008,1.2050455808639526,1.2215800947683642,285,lead,lead,Lead,
75555,intercepted,1,0,0,0,137,11,5.5,126,137.0,68.5,2.4136159420013428,0,1.1158826877986352,0.6308803558349609,1.2062641631029734,127,lead,lead,Lead,
75556,intercepted,1,0,0,0,110,14,7.0,96,110.0,55.0,4.418616771697998,0,1.1113826036453247,1.31110417842865,1.2145355372722226,97,lead,lead,Lead,
75557,intercepted,1,0,0,0,369,13,6.5,356,369.0,184.5,2.016460418701172,0,1.1376097517437627,0.719071090221405,1.2345398179677454,357,lead,lead,Lead,
75558,soldier_caught,0,1,0,0,9,7,3.5,2,,,1.945008635520935,0,1.4203178882598877,1.1054388284683228,1.4451872889067547,3,lead,lead,Lead,
75559,soldier_caught,0,1,0,0,199,9,4.5,190,,,1.3279023170471191,0,1.1116975937526263,1.7250431776046753,1.2128030967098529,191,lead,lead,Lead,
75560,intercepted,1,0,0,0,54,10,5.0,44,54.0,27.0,13.394397735595703,0,1.0129798405700259,1.4119844436645508,1.085403551478054,45,lead,lead,Lead,
75561,soldier_caught,0,1,0,0,141,8,4.0,133,,,0.5235114693641663,0,1.0701762036378704,0.8712689876556396,1.16352640073658,134,lead,lead,Lead,
75562,intercepted,1,0,0,0,249,63,31.5,186,249.0,124.5,3.7891547679901123,0,1.1238028308287025,0.8125513792037964,1.2217651250024997,187,lead,lead,Lead,
75563,intercepted,1,0,0,0,265,9,4.5,256,265.0,132.5,5.872287750244141,0,1.1169242610727304,1.2480714321136475,1.2136553645075245,257,lead,lead,Lead,
75564,intercepted,1,0,0,0,35,10,5.0,25,35.0,17.5,5.0110931396484375,0,1.1030838672931378,0.8180170059204102,1.1447394372386914,26,lead,lead,Lead,
75565,intercepted,1,0,0,0,44,14,7.0,30,44.0,22.0,7.877911567687988,0,1.1203448123508883,1.0493407249450684,1.1962652962296052,31,lead,lead,Lead,
75566,intercepted,1,0,0,0,118,15,7.5,103,118.0,59.0,7.0179266929626465,0,1.1465962556405709,1.1569674015045166,1.268323080112972,104,lead,lead,Lead,
75567,intercepted,1,0,0,0,264,25,12.5,239,264.0,132.0,10.944540023803711,0,1.141867653777202,1.406138300895691,1.232170917171339,240,lead,lead,Lead,
75568,soldier_caught,0,1,0,0,42,14,7.0,28,,,0.8291995525360107,0,1.2106378787550434,0.9915633797645569,1.2637265819282542,29,lead,lead,Lead,
75569,intercepted,1,0,0,0,13,11,5.5,2,13.0,6.5,5.4326348304748535,0,1.1063437263170879,1.7190884351730347,1.192471965555209,3,lead,lead,Lead,
75570,intercepted,1,0,0,0,174,9,4.5,165,174.0,87.0,2.854252815246582,0,1.118654728025557,1.1050429344177246,1.2018845273283723,166,lead,lead,Lead,
75571,intercepted,1,0,0,0,287,8,4.0,279,287.0,143.5,4.60354471206665,0,1.0912901503699166,1.314236044883728,1.1886292943842534,280,lead,lead,Lead,
75572,intercepted,1,0,0,0,94,10,5.0,84,94.0,47.0,6.804935932159424,0,1.0678728801362656,0.4237619936466217,1.145129421718872,85,lead,lead,Lead,
75573,soldier_caught,0,1,0,0,11,9,4.5,2,,,1.8583290576934814,0,0.9637732903162638,0.7339912056922913,1.0658484101938779,3,lead,lead,Lead,
75574,intercepted,1,0,0,0,235,8,4.0,227,235.0,117.5,2.2557642459869385,0,1.2109403005686767,1.2701960802078247,1.3124105007963993,228,lead,lead,Lead,
75575,intercepted,1,0,0,0,47,17,8.5,30,47.0,23.5,12.262850761413574,0,1.0679978810010418,0.7872269153594971,1.1675929645895105,31,lead,lead,Lead,
75576,intercepted,1,0,0,0,54,23,11.5,31,54.0,27.0,3.225935935974121,0,1.226998845115304,1.148320198059082,1.3586383347573485,32,lead,lead,Lead,
75577,intercepted,1,0,0,0,677,34,17.0,643,677.0,338.5,4.409039497375488,0,1.1455492571875545,0.46835389733314514,1.2462367283385558,644,lead,lead,Lead,
75578,intercepted,1,0,0,0,37,8,4.0,29,37.0,18.5,4.245328426361084,0,1.0880037695169449,1.4397536516189575,1.1338294301443075,30,lead,lead,Lead,
75579,intercepted,1,0,0,0,181,18,9.0,163,181.0,90.5,9.828958511352539,0,1.1428961454004776,0.38077253103256226,1.2559758534508063,164,lead,lead,Lead,
75580,intercepted,1,0,0,0,363,13,6.5,350,363.0,181.5,2.7471420764923096,0,1.094826629571086,0.7329103946685791,1.194479502735841,351,lead,lead,Lead,
75581,intercepted,1,0,0,0,435,14,7.0,421,435.0,217.5,3.153041124343872,0,1.186924662599914,1.0885288715362549,1.2776813871986672,422,lead,lead,Lead,
75582,intercepted,1,0,0,0,217,11,5.5,206,217.0,108.5,2.4524035453796387,0,1.1725424353915137,0.845569372177124,1.2672390691639182,207,lead,lead,Lead,
75583,soldier_caught,0,1,0,0,223,13,6.5,210,,,0.831123411655426,0,1.1147536304889698,1.1137655973434448,1.2079212481266421,211,lead,lead,Lead,
75584,soldier_caught,0,1,0,0,176,9,4.5,167,,,1.9892699718475342,0,1.1110009221093995,0.32642221450805664,1.182953895881854,168,lead,lead,Lead,
75585,soldier_caught,0,1,0,0,64,11,5.5,53,,,1.7604318857192993,0,1.1593807135467176,1.2714468240737915,1.2491218224385598,54,lead,lead,Lead,
75586,soldier_caught,0,1,0,0,62,33,16.5,29,,,0.5002720355987549,0,1.3677039335171381,0.9382904171943665,1.499278338403994,30,lead,lead,Lead,
75587,intercepted,1,0,0,0,111,8,4.0,103,111.0,55.5,2.038705348968506,0,1.1748169935666597,0.8015189170837402,1.2745057200175252,104,lead,lead,Lead,
75588,intercepted,1,0,0,0,176,15,7.5,161,176.0,88.0,2.8484408855438232,0,1.138452524020348,0.9567542672157288,1.2346097516651475,162,lead,lead,Lead,
75589,intercepted,1,0,0,0,310,11,5.5,299,310.0,155.0,4.0285773277282715,0,1.1059969458977381,0.8642176985740662,1.207070342565316,300,lead,lead,Lead,
75590,intercepted,1,0,0,0,22,11,5.5,11,22.0,11.0,10.800615310668945,0,1.083100567261378,0.5292932987213135,1.1508282134114813,12,lead,lead,Lead,
75591,intercepted,1,0,0,0,194,9,4.5,185,194.0,97.0,2.9584603309631348,0,1.1055216126704728,1.6435389518737793,1.1861101820089608,186,lead,lead,Lead,
75592,intercepted,1,0,0,0,441,9,4.5,432,441.0,220.5,5.695387840270996,0,1.1141251199136706,1.2410430908203125,1.2086434502343553,433,lead,lead,Lead,
75593,intercepted,1,0,0,0,87,9,4.5,78,87.0,43.5,4.792617321014404,0,1.0784119718436953,1.3826302289962769,1.148497628320505,79,lead,lead,Lead,
75594,intercepted,1,0,0,0,82,10,5.0,72,82.0,41.0,4.687492847442627,0,1.1809391554904312,0.9212960600852966,1.2700595833572101,73,lead,lead,Lead,
75595,intercepted,1,0,0,0,19,12,6.0,7,19.0,9.5,7.180164813995361,0,1.0208312161266804,0.6431843638420105,1.1317468860984985,8,lead,lead,Lead,
75596,intercepted,1,0,0,0,121,8,4.0,113,121.0,60.5,6.675290584564209,0,1.0643294317680492,0.787007212638855,1.1634333469499294,114,lead,lead,Lead,
75597,intercepted,1,0,0,0,61,12,6.0,49,61.0,30.5,6.847873687744141,0,1.1024886363744735,0.5861783623695374,1.192325151938924,50,lead,lead,Lead,
75598,intercepted,1,0,0,0,100,10,5.0,90,100.0,50.0,3.176743507385254,0,1.0973928744321342,0.7338392734527588,1.1940307419191465,91,lead,lead,Lead,
75599,intercepted,1,0,0,0,199,19,9.5,180,199.0,99.5,6.881017208099365,0,1.115238336156745,0.7546266317367554,1.1992706945694995,181,lead,lead,Lead,
75600,intercepted,1,0,0,0,72,18,9.0,54,72.0,36.0,6.662872791290283,0,1.0528579275716434,0.5473473072052002,1.171189093120737,55,lead,lead,Lead,
75601,intercepted,1,0,0,0,17,15,7.5,2,17.0,8.5,6.792906284332275,0,1.452650507291158,1.2520372867584229,1.4878044234748065,3,lead,lead,Lead,
75602,intercepted,1,0,0,0,123,10,5.0,113,123.0,61.5,3.6445605754852295,0,1.0735336614021085,1.3103481531143188,1.1611087845348596,114,lead,lead,Lead,
75603,intercepted,1,0,0,0,24,10,5.0,14,24.0,12.0,12.934737205505371,0,1.3340182463328043,1.0069106817245483,1.4059029426961094,15,lead,lead,Lead,
75604,intercepted,1,0,0,0,918,36,18.0,882,918.0,459.0,3.563661813735962,0,1.1740270240626816,1.2700212001800537,1.2722196437749185,883,lead,lead,Lead,
75605,intercepted,1,0,0,0,386,161,80.5,225,386.0,193.0,7.041397571563721,0,1.173865183396677,3.1377642154693604,1.2715344337428505,226,lead,lead,Lead,
75606,soldier_caught,0,1,0,0,84,54,27.0,30,,,1.7960748672485352,0,1.2063397265249682,1.2507822513580322,1.2983557276099267,31,lead,lead,Lead,
75607,intercepted,1,0,0,0,193,12,6.0,181,193.0,96.5,7.137249946594238,0,1.0490685172460892,0.9758774638175964,1.1420126857770379,182,lead,lead,Lead,
75608,intercepted,1,0,0,0,295,11,5.5,284,295.0,147.5,10.221441268920898,0,1.1571867811313847,1.0773212909698486,1.254284571936248,285,lead,lead,Lead,
75609,intercepted,1,0,0,0,60,12,6.0,48,60.0,30.0,3.516425609588623,0,1.1874671925087363,2.133831024169922,1.2747865968367134,49,lead,lead,Lead,
75610,intercepted,1,0,0,0,357,8,4.0,349,357.0,178.5,2.989885091781616,0,1.1164611855575017,1.0099601745605469,1.2077263911183556,350,lead,lead,Lead,
75611,intercepted,1,0,0,0,388,11,5.5,377,388.0,194.0,2.177471160888672,0,1.105742082748779,0.8684796094894409,1.2045277084252761,378,lead,lead,Lead,
75612,soldier_caught,0,1,0,0,380,17,8.5,363,,,1.104872465133667,0,1.1323835842393257,1.140486478805542,1.2250904422882185,364,lead,lead,Lead,
75613,intercepted,1,0,0,0,357,16,8.0,341,357.0,178.5,6.993135452270508,0,1.1773947148382315,1.1611905097961426,1.2633111453393877,342,lead,lead,Lead,
75614,intercepted,1,0,0,0,148,50,25.0,98,148.0,74.0,12.775252342224121,0,1.0758215151350907,1.824835181236267,1.173389157711744,99,lead,lead,Lead,
75615,intercepted,1,0,0,0,102,17,8.5,85,102.0,51.0,8.726058006286621,0,1.1111223198646722,1.5027652978897095,1.1890109470603545,86,lead,lead,Lead,
75616,intercepted,1,0,0,0,410,16,8.0,394,410.0,205.0,7.0040974617004395,0,1.1341165002011047,1.6461937427520752,1.2294171182533828,395,lead,lead,Lead,
75617,intercepted,1,0,0,0,263,52,26.0,211,263.0,131.5,11.301673889160156,0,1.135093008080181,0.594935417175293,1.2253219984693842,212,lead,lead,Lead,
75618,intercepted,1,0,0,0,176,10,5.0,166,176.0,88.0,12.277321815490723,0,1.1298931464106736,0.5672301650047302,1.2264257212162808,167,lead,lead,Lead,
75619,intercepted,1,0,0,0,84,10,5.0,74,84.0,42.0,4.55064582824707,0,1.0615848590930304,2.232945203781128,1.1806553309720513,75,lead,lead,Lead,
75620,intercepted,1,0,0,0,44,11,5.5,33,44.0,22.0,4.693795204162598,0,1.1598047018051147,1.3340116739273071,1.2550308026936448,34,lead,lead,Lead,
75621,intercepted,1,0,0,0,184,10,5.0,174,184.0,92.0,7.13677978515625,0,1.1503569280249732,1.3911632299423218,1.2525043178417632,175,lead,lead,Lead,
75622,intercepted,1,0,0,0,104,9,4.5,95,104.0,52.0,5.142446517944336,0,1.1524707237258554,0.3322184383869171,1.2331175386684428,96,lead,lead,Lead,
75623,soldier_caught,0,1,0,0,12,10,5.0,2,,,0.45956432819366455,0,1.4804596106211345,1.885886788368225,1.5112469679035716,3,lead,lead,Lead,
75624,intercepted,1,0,0,0,140,30,15.0,110,140.0,70.0,3.3935766220092773,0,1.0897558339544244,0.47916561365127563,1.1769348142084137,111,lead,lead,Lead,
75625,intercepted,1,0,0,0,178,9,4.5,169,178.0,89.0,2.6480791568756104,0,1.0872372472987455,0.9943918585777283,1.1674366774512845,170,lead,lead,Lead,
75626,intercepted,1,0,0,0,126,9,4.5,117,126.0,63.0,2.234246015548706,0,1.1593795652359218,0.7349274754524231,1.2419802380149632,118,lead,lead,Lead,
75627,intercepted,1,0,0,0,182,12,6.0,170,182.0,91.0,11.34554672241211,0,1.1333757731301046,2.0606627464294434,1.2224823147874069,171,lead,lead,Lead,
75628,intercepted,1,0,0,0,86,10,5.0,76,86.0,43.0,2.231187343597412,0,1.1321053934561742,1.2081220149993896,1.211209325961527,77,lead,lead,Lead,
75629,intercepted,1,0,0,0,309,27,13.5,282,309.0,154.5,10.903730392456055,0,1.112829611521517,0.41744208335876465,1.2069991147648762,283,lead,lead,Lead,
75630,intercepted,1,0,0,0,96,14,7.0,82,96.0,48.0,14.464225769042969,0,1.1758137440466019,0.8816351294517517,1.2713654553577163,83,lead,lead,Lead,
75631,intercepted,1,0,0,0,290,12,6.0,278,290.0,145.0,7.024967193603516,0,1.0989317761527166,1.4530915021896362,1.1982135143365893,279,lead,lead,Lead,
75632,intercepted,1,0,0,0,52,13,6.5,39,52.0,26.0,4.0716352462768555,0,1.1391363367438316,0.4029473066329956,1.2275876283071117,40,lead,lead,Lead,
75633,intercepted,1,0,0,0,53,21,10.5,32,53.0,26.5,4.781520366668701,0,1.0342136698238777,0.7087103128433228,1.148013406715723,33,lead,lead,Lead,
75634,intercepted,1,0,0,0,101,11,5.5,90,101.0,50.5,7.7109527587890625,0,1.0528201840736053,2.7059106826782227,1.1483445206003227,91,lead,lead,Lead,
75635,intercepted,1,0,0,0,834,8,4.0,826,834.0,417.0,3.7700655460357666,0,1.1336335357742557,0.6274678707122803,1.228120823526664,827,lead,lead,Lead,
75636,intercepted,1,0,0,0,125,123,61.5,2,125.0,62.5,5.206848621368408,0,1.2801363666852315,1.3054119348526,1.3677853857649855,3,lead,lead,Lead,
75637,intercepted,1,0,0,0,33,8,4.0,25,33.0,16.5,5.778587818145752,0,1.0741578466617143,1.596695065498352,1.1620013480996108,26,lead,lead,Lead,
75638,intercepted,1,0,0,0,367,10,5.0,357,367.0,183.5,7.11219596862793,0,1.113263950917308,0.950015664100647,1.2140119617983465,358,lead,lead,Lead,
75639,intercepted,1,0,0,0,236,14,7.0,222,236.0,118.0,5.2432756423950195,0,1.1008351967741021,0.6781753897666931,1.202868111670264,223,lead,lead,Lead,
75640,intercepted,1,0,0,0,143,10,5.0,133,143.0,71.5,12.307692527770996,0,1.1971017984089567,0.7696267366409302,1.2927313271968914,134,lead,lead,Lead,
75641,soldier_caught,0,1,0,0,11,9,4.5,2,,,1.7920067310333252,0,1.6183380484580994,1.7183139324188232,1.7330871683141902,3,lead,lead,Lead,
75642,soldier_caught,0,1,0,0,35,7,3.5,28,,,0.8395035862922668,0,1.3043453765326534,1.1672836542129517,1.3820509007634472,29,lead,lead,Lead,
75643,intercepted,1,0,0,0,50,10,5.0,40,50.0,25.0,4.757329940795898,0,1.167361037396803,0.7247790694236755,1.2438350578460462,41,lead,lead,Lead,
75644,intercepted,1,0,0,0,104,9,4.5,95,104.0,52.0,6.587321758270264,0,1.1199152427725494,1.823354959487915,1.2086092711996987,96,lead,lead,Lead,
75645,intercepted,1,0,0,0,41,20,10.0,21,41.0,20.5,13.778602600097656,0,1.0819763866337864,1.0048068761825562,1.1765581649843309,22,lead,lead,Lead,
75646,soldier_caught,0,1,0,0,80,8,4.0,72,,,1.67513906955719,0,1.074729994653839,1.3262865543365479,1.1670790301544411,73,lead,lead,Lead,
75647,intercepted,1,0,0,0,159,11,5.5,148,159.0,79.5,2.318228244781494,0,1.0484041760131817,1.1197749376296997,1.157120761249346,149,lead,lead,Lead,
75648,intercepted,1,0,0,0,314,7,3.5,307,314.0,157.0,2.3131113052368164,0,1.1372549512314718,0.9603708386421204,1.2355006257990473,308,lead,lead,Lead,
75649,intercepted,1,0,0,0,147,67,33.5,80,147.0,73.5,8.671045303344727,0,1.1991407711196829,1.0047948360443115,1.2852412975438614,81,lead,lead,Lead,
75650,intercepted,1,0,0,0,312,11,5.5,301,312.0,156.0,5.0784077644348145,0,1.1407508189413722,1.1374125480651855,1.2416447025259614,302,lead,lead,Lead,
75651,intercepted,1,0,0,0,162,139,69.5,23,162.0,81.0,6.405816078186035,0,1.1413981119791667,1.0112905502319336,1.2100175436164409,24,lead,lead,Lead,
75652,intercepted,1,0,0,0,126,7,3.5,119,126.0,63.0,4.2440314292907715,0,1.1983092265824478,0.5721933245658875,1.3281071160926066,120,lead,lead,Lead,
75653,intercepted,1,0,0,0,150,9,4.5,141,150.0,75.0,7.205983638763428,0,1.1434304997272475,1.0996934175491333,1.239941197706358,142,lead,lead,Lead,
75654,intercepted,1,0,0,0,39,13,6.5,26,39.0,19.5,6.993399620056152,0,1.0247575331617285,0.755915641784668,1.127728474924212,27,lead,lead,Lead,
75655,intercepted,1,0,0,0,71,8,4.0,63,71.0,35.5,6.676559925079346,0,1.0866147670894861,1.1104739904403687,1.1892226231394725,64,lead,lead,Lead,
75656,intercepted,1,0,0,0,33,14,7.0,19,33.0,16.5,12.720017433166504,0,0.9484869867563248,1.4098392724990845,1.0729777221042305,20,lead,lead,Lead,
75657,intercepted,1,0,0,0,397,15,7.5,382,397.0,198.5,9.915963172912598,0,1.1332498492366652,1.6637961864471436,1.2256742929121969,383,lead,lead,Lead,
75658,intercepted,1,0,0,0,149,9,4.5,140,149.0,74.5,2.050388813018799,0,1.0623201226934473,1.1841477155685425,1.1528994796500693,141,lead,lead,Lead,
75659,soldier_caught,0,1,0,0,87,9,4.5,78,,,1.8219178915023804,0,1.099198020334485,0.13389325141906738,1.197384760311703,79,lead,lead,Lead,
75660,soldier_caught,0,1,0,0,16,14,7.0,2,,,1.9189562797546387,0,1.392562448978424,0.6723174452781677,1.496692628111986,3,lead,lead,Lead,
75661,intercepted,1,0,0,0,126,22,11.0,104,126.0,63.0,6.920858860015869,0,1.2206457081295194,0.8669927716255188,1.3021293979762323,105,lead,lead,Lead,
75662,intercepted,1,0,0,0,876,9,4.5,867,876.0,438.0,3.121614694595337,0,1.1245960895753195,1.367674469947815,1.2185814001087079,868,lead,lead,Lead,
75663,intercepted,1,0,0,0,176,12,6.0,164,176.0,88.0,3.3106493949890137,0,1.1349000385764874,1.1418745517730713,1.230949520937466,165,lead,lead,Lead,
75664,intercepted,1,0,0,0,418,34,17.0,384,418.0,209.0,6.831080913543701,0,1.1367215290085062,1.0488423109054565,1.2330370015699779,385,lead,lead,Lead,
75665,intercepted,1,0,0,0,41,14,7.0,27,41.0,20.5,6.970568656921387,0,1.1001114792057447,0.5615279078483582,1.167846365623425,28,lead,lead,Lead,
75666,intercepted,1,0,0,0,112,7,3.5,105,112.0,56.0,6.308660507202148,0,1.1070291865265594,0.9775698781013489,1.194668938813412,106,lead,lead,Lead,
75667,intercepted,1,0,0,0,49,10,5.0,39,49.0,24.5,9.067342758178711,0,1.1056124474853277,0.312277615070343,1.2110230229220695,40,lead,lead,Lead,
75668,intercepted,1,0,0,0,52,14,7.0,38,52.0,26.0,5.605490207672119,0,1.1046629601564162,0.22266173362731934,1.2004015534272323,39,lead,lead,Lead,
75669,intercepted,1,0,0,0,37,10,5.0,27,37.0,18.5,7.782668590545654,0,1.0994974012885774,0.7012493014335632,1.1982055330472436,28,lead,lead,Lead,
75670,intercepted,1,0,0,0,256,8,4.0,248,256.0,128.0,5.426260471343994,0,1.1210271621564305,0.9056900143623352,1.2076669328191985,249,lead,lead,Lead,
75671,intercepted,1,0,0,0,35,13,6.5,22,35.0,17.5,9.394621849060059,0,1.108506664633751,0.7676697969436646,1.2037047535445695,23,lead,lead,Lead,
75672,intercepted,1,0,0,0,286,9,4.5,277,286.0,143.0,3.722588062286377,0,1.1061712142160471,1.3921644687652588,1.203619768319057,278,lead,lead,Lead,
75673,intercepted,1,0,0,0,274,10,5.0,264,274.0,137.0,10.295820236206055,0,1.147123637148794,1.4014208316802979,1.2374673074694231,265,lead,lead,Lead,
75674,intercepted,1,0,0,0,175,30,15.0,145,175.0,87.5,3.408877372741699,0,1.1860540238757655,1.010182499885559,1.271460811788597,146,lead,lead,Lead,
75675,intercepted,1,0,0,0,127,8,4.0,119,127.0,63.5,9.076552391052246,0,1.0889476331571737,1.3098294734954834,1.1684093557914426,120,lead,lead,Lead,
75676,soldier_caught,0,1,0,0,506,15,7.5,491,,,1.6733760833740234,0,1.0927591754532442,0.6442943215370178,1.1892635445879156,492,lead,lead,Lead,
75677,intercepted,1,0,0,0,488,10,5.0,478,488.0,244.0,6.47705602645874,0,1.1197852492488003,1.3599518537521362,1.216506095501883,479,lead,lead,Lead,
75678,soldier_caught,0,1,0,0,13,11,5.5,2,,,1.4510380029678345,0,1.4445918202400208,1.1519447565078735,1.5584387026773574,3,lead,lead,Lead,
75679,intercepted,1,0,0,0,346,10,5.0,336,346.0,173.0,2.2982747554779053,0,1.1412522948018167,0.5416417717933655,1.2454449917967116,337,lead,lead,Lead,
75680,soldier_caught,0,1,0,0,182,7,3.5,175,,,1.412743091583252,0,1.118952672547576,0.539913535118103,1.210748406906231,176,lead,lead,Lead,
75681,intercepted,1,0,0,0,161,9,4.5,152,161.0,80.5,10.694852828979492,0,1.1284723704546884,0.5559924840927124,1.219895179742476,153,lead,lead,Lead,
75682,soldier_caught,0,1,0,0,181,8,4.0,173,,,1.9492794275283813,0,1.1083686147955643,0.9742761254310608,1.1895807709855155,174,lead,lead,Lead,
75683,intercepted,1,0,0,0,213,9,4.5,204,213.0,106.5,9.6630859375,0,1.1022436506501059,1.0875945091247559,1.2044956114162482,205,lead,lead,Lead,
75684,soldier_caught,0,1,0,0,37,10,5.0,27,,,1.3106449842453003,0,1.074077423129763,1.2061772346496582,1.152676748206409,28,lead,lead,Lead,
75685,intercepted,1,0,0,0,259,8,4.0,251,259.0,129.5,4.146373748779297,0,1.1649327579708326,1.017388105392456,1.263671693300555,252,lead,lead,Lead,
75686,intercepted,1,0,0,0,53,9,4.5,44,53.0,26.5,8.906476020812988,0,1.1439605322149065,0.7364362478256226,1.2293746533403584,45,lead,lead,Lead,
75687,intercepted,1,0,0,0,48,9,4.5,39,48.0,24.0,7.888694763183594,0,1.0972225464880467,1.6335803270339966,1.2151067599682743,40,lead,lead,Lead,
75688,intercepted,1,0,0,0,22,9,4.5,13,22.0,11.0,8.959802627563477,0,1.1524475259440286,0.7479174733161926,1.2499777945970834,14,lead,lead,Lead,
75689,intercepted,1,0,0,0,41,10,5.0,31,41.0,20.5,9.94031810760498,0,1.047273438423872,1.2200480699539185,1.115426888298632,32,lead,lead,Lead,
75690,intercepted,1,0,0,0,277,11,5.5,266,277.0,138.5,5.696075439453125,0,1.1439367777176117,0.6743806004524231,1.2386491648264246,267,lead,lead,Lead,
75691,intercepted,1,0,0,0,86,7,3.5,79,86.0,43.0,2.752565383911133,0,1.1497455589473247,1.9269458055496216,1.2361333982384628,80,lead,lead,Lead,
75692,intercepted,1,0,0,0,44,7,3.5,37,44.0,22.0,4.794162273406982,0,1.2167382389307022,0.6313098669052124,1.322821703080068,38,lead,lead,Lead,
75693,intercepted,1,0,0,0,144,9,4.5,135,144.0,72.0,9.751219749450684,0,1.1076873353518106,0.6853945255279541,1.2279223965443413,136,lead,lead,Lead,
75694,intercepted,1,0,0,0,157,7,3.5,150,157.0,78.5,11.038952827453613,0,1.0968724493159363,1.197197675704956,1.1862397934380304,151,lead,lead,Lead,
75695,soldier_caught,0,1,0,0,11,9,4.5,2,,,0.2860496938228607,0,1.3110374013582866,0.7796136140823364,1.4517105789737812,3,lead,lead,Lead,
75696,intercepted,1,0,0,0,254,10,5.0,244,254.0,127.0,3.272653341293335,0,1.1398109636744675,0.3784990608692169,1.2375235469390573,245,lead,lead,Lead,
75697,soldier_caught,0,1,0,0,248,20,10.0,228,,,1.5611803531646729,0,1.1587951876320692,0.8304664492607117,1.253211724713404,229,lead,lead,Lead,
75698,intercepted,1,0,0,0,36,7,3.5,29,36.0,18.0,8.059701919555664,0,1.0669765621423721,0.8833175301551819,1.180930446820412,30,lead,lead,Lead,
75699,intercepted,1,0,0,0,464,13,6.5,451,464.0,232.0,3.886648416519165,0,1.10260359372581,0.8139168620109558,1.1999097235870964,452,lead,lead,Lead,
75700,soldier_caught,0,1,0,0,64,17,8.5,47,,,1.5649720430374146,0,1.2304254894455273,0.8512124419212341,1.3204931344031188,48,lead,lead,Lead,
75701,intercepted,1,0,0,0,170,15,7.5,155,170.0,85.0,10.530379295349121,0,1.146739951788615,1.7226524353027344,1.250826218485187,156,lead,lead,Lead,
75702,intercepted,1,0,0,0,564,12,6.0,552,564.0,282.0,2.3702354431152344,0,1.10558777313282,1.0262080430984497,1.2020366892284817,553,lead,lead,Lead,
75703,intercepted,1,0,0,0,246,8,4.0,238,246.0,123.0,5.842367172241211,0,1.152406115599257,2.3439791202545166,1.2523941918722652,239,lead,lead,Lead,
75704,intercepted,1,0,0,0,367,32,16.0,335,367.0,183.5,7.053380012512207,0,1.1513607653656177,1.59527587890625,1.2433823311962608,336,lead,lead,Lead,
75705,intercepted,1,0,0,0,381,17,8.5,364,381.0,190.5,8.193136215209961,0,1.1455318166785045,1.409460425376892,1.246961038865588,365,lead,lead,Lead,
75706,intercepted,1,0,0,0,351,11,5.5,340,351.0,175.5,6.166558265686035,0,1.1769163886035992,0.9187362194061279,1.2704611680424531,341,lead,lead,Lead,
75707,intercepted,1,0,0,0,136,10,5.0,126,136.0,68.0,4.163356304168701,0,1.16063537677442,1.2902023792266846,1.2887980979488411,127,lead,lead,Lead,
75708,intercepted,1,0,0,0,606,16,8.0,590,606.0,303.0,6.301031112670898,0,1.1342994585923232,1.70663321018219,1.240473950611158,591,lead,lead,Lead,
75709,intercepted,1,0,0,0,112,13,6.5,99,112.0,56.0,8.246030807495117,0,1.1067984841763974,1.3026213645935059,1.2137939826053525,100,lead,lead,Lead,
75710,intercepted,1,0,0,0,362,7,3.5,355,362.0,181.0,4.873525142669678,0,1.1044904165639635,2.1236724853515625,1.197815844496395,356,lead,lead,Lead,
75711,intercepted,1,0,0,0,45,10,5.0,35,45.0,22.5,9.223567962646484,0,1.1521956597765286,1.0776124000549316,1.232802821114233,36,lead,lead,Lead,
75712,intercepted,1,0,0,0,80,10,5.0,70,80.0,40.0,6.169862747192383,0,0.9888323364962994,1.4253629446029663,1.0776153805502606,71,lead,lead,Lead,
75713,intercepted,1,0,0,0,71,15,7.5,56,71.0,35.5,3.1874289512634277,0,1.0976232904614063,0.870549201965332,1.2064908238510816,57,lead,lead,Lead,
75714,intercepted,1,0,0,0,15,13,6.5,2,15.0,7.5,5.117560386657715,0,1.048079788684845,0.9226110577583313,1.054954165211189,3,lead,lead,Lead,
75715,intercepted,1,0,0,0,200,13,6.5,187,200.0,100.0,5.014147758483887,0,1.0982109905874475,1.0404689311981201,1.192153722187529,188,lead,lead,Lead,
75716,intercepted,1,0,0,0,302,47,23.5,255,302.0,151.0,8.151543617248535,0,1.0636354485759512,1.4981834888458252,1.1688997832217727,256,lead,lead,Lead,
75717,intercepted,1,0,0,0,253,9,4.5,244,253.0,126.5,6.968869209289551,0,1.1319887220555422,1.3389204740524292,1.2214779344885165,245,lead,lead,Lead,
75718,intercepted,1,0,0,0,32,10,5.0,22,32.0,16.0,3.8639602661132812,0,0.829297952030016,0.372518390417099,0.9537056368073586,23,lead,lead,Lead,
75719,intercepted,1,0,0,0,42,8,4.0,34,42.0,21.0,6.622708797454834,0,1.1988891695226942,1.1420891284942627,1.299218280372949,35,lead,lead,Lead,
75720,intercepted,1,0,0,0,59,11,5.5,48,59.0,29.5,9.176167488098145,0,1.2251421267888984,1.3533872365951538,1.3319615302091417,49,lead,lead,Lead,
75721,intercepted,1,0,0,0,80,8,4.0,72,80.0,40.0,4.518915176391602,0,1.161559912848146,1.2836089134216309,1.2544063062591375,73,lead,lead,Lead,
75722,intercepted,1,0,0,0,537,8,4.0,529,537.0,268.5,2.583655595779419,0,1.1186607195802454,1.275804042816162,1.2158471632535384,530,lead,lead,Lead,
75723,intercepted,1,0,0,0,69,13,6.5,56,69.0,34.5,6.511965274810791,0,1.0464453399181366,1.8259516954421997,1.121456382023014,57,lead,lead,Lead,
75724,soldier_caught,0,1,0,0,35,12,6.0,23,,,1.5929176807403564,0,0.9609042679270109,1.4587033987045288,1.0627851651019098,24,lead,lead,Lead,
75725,soldier_caught,0,1,0,0,14,12,6.0,2,,,0.5235110521316528,0,0.8249545097351074,0.9602133631706238,0.9949631183409422,3,lead,lead,Lead,
75726,intercepted,1,0,0,0,150,25,12.5,125,150.0,75.0,12.684040069580078,0,1.149513729507961,1.192133903503418,1.230316706301008,126,lead,lead,Lead,
75727,intercepted,1,0,0,0,88,11,5.5,77,88.0,44.0,11.829760551452637,0,1.2125331023946786,0.7648367881774902,1.3211337155272,78,lead,lead,Lead,
75728,intercepted,1,0,0,0,33,8,4.0,25,33.0,16.5,2.5725066661834717,0,1.2701683800954084,1.0991281270980835,1.330684425468542,26,lead,lead,Lead,
75729,intercepted,1,0,0,0,252,8,4.0,244,252.0,126.0,3.089571237564087,0,1.1057315412224555,0.9879098534584045,1.2093491642908147,245,lead,lead,Lead,
75730,intercepted,1,0,0,0,155,10,5.0,145,155.0,77.5,2.775261163711548,0,1.1410083598776224,0.6429783701896667,1.2254192494541642,146,lead,lead,Lead,
75731,intercepted,1,0,0,0,141,10,5.0,131,141.0,70.5,4.723709583282471,0,1.0802130810916424,0.9743669629096985,1.1859326416563865,132,lead,lead,Lead,
75732,intercepted,1,0,0,0,389,30,15.0,359,389.0,194.5,6.592530250549316,0,1.096043268342813,0.5680841207504272,1.1811767054084665,360,lead,lead,Lead,
75733,intercepted,1,0,0,0,1194,27,13.5,1167,1194.0,597.0,5.010227680206299,0,1.1545798108874732,0.8225968480110168,1.2543850761013837,1168,lead,lead,Lead,
75734,intercepted,1,0,0,0,141,11,5.5,130,141.0,70.5,3.302161931991577,0,1.1159794432971313,1.5405256748199463,1.2084845076448514,131,lead,lead,Lead,
75735,intercepted,1,0,0,0,90,10,5.0,80,90.0,45.0,6.676542282104492,0,1.0946910607594031,0.2468067854642868,1.1546868445700702,81,lead,lead,Lead,
75736,intercepted,1,0,0,0,42,35,17.5,7,42.0,21.0,12.983962059020996,0,0.9204839840531349,0.549636960029602,0.9792343557507256,8,lead,lead,Lead,
75737,intercepted,1,0,0,0,50,14,7.0,36,50.0,25.0,7.77649450302124,0,1.1557740581196707,1.6173408031463623,1.231113175826265,37,lead,lead,Lead,
75738,intercepted,1,0,0,0,184,7,3.5,177,184.0,92.0,5.351931095123291,0,1.1236877825236722,1.0153082609176636,1.2271188168145,178,lead,lead,Lead,
75739,intercepted,1,0,0,0,318,46,23.0,272,318.0,159.0,8.904733657836914,0,1.1341786666230842,0.9321681261062622,1.2464667293430018,273,lead,lead,Lead,
75740,intercepted,1,0,0,0,107,35,17.5,72,107.0,53.5,10.397082328796387,0,1.0901860086476967,0.7798864841461182,1.1709068088466348,73,lead,lead,Lead,
75741,intercepted,1,0,0,0,60,13,6.5,47,60.0,30.0,5.396379470825195,0,1.125912558908264,1.1391798257827759,1.178855691009139,48,lead,lead,Lead,
75742,intercepted,1,0,0,0,322,8,4.0,314,322.0,161.0,3.87471866607666,0,1.115219164249443,0.675408661365509,1.2183798870363427,315,lead,lead,Lead,
75743,intercepted,1,0,0,0,277,51,25.5,226,277.0,138.5,3.89182448387146,0,1.1425539698238414,0.5524442195892334,1.2422822011583894,227,lead,lead,Lead,
75744,intercepted,1,0,0,0,227,10,5.0,217,227.0,113.5,11.107017517089844,0,1.0816871061100872,1.3190224170684814,1.1689808997981528,218,lead,lead,Lead,
75745,intercepted,1,0,0,0,55,13,6.5,42,55.0,27.5,4.9062089920043945,0,1.2340890002805134,1.5478794574737549,1.313978731010259,43,lead,lead,Lead,
75746,intercepted,1,0,0,0,918,11,5.5,907,918.0,459.0,9.434452056884766,0,1.146197155511852,0.21448113024234772,1.2389637217285396,908,lead,lead,Lead,
75747,intercepted,1,0,0,0,91,21,10.5,70,91.0,45.5,9.83404541015625,0,1.1020691743199253,1.959625244140625,1.2012681803567955,71,lead,lead,Lead,
75748,intercepted,1,0,0,0,187,99,49.5,88,187.0,93.5,5.60174036026001,0,1.085870160145706,2.6322121620178223,1.1896535972328397,89,lead,lead,Lead,
75749,intercepted,1,0,0,0,39,12,6.0,27,39.0,19.5,3.4039604663848877,0,1.1758587312485491,1.5390504598617554,1.2903010791793457,28,lead,lead,Lead,
75750,intercepted,1,0,0,0,689,48,24.0,641,689.0,344.5,5.712190628051758,0,1.169938648067345,0.9944555759429932,1.269183376823282,642,lead,lead,Lead,
75751,intercepted,1,0,0,0,84,30,15.0,54,84.0,42.0,9.253885269165039,0,1.2001371269876306,0.7580745816230774,1.2964640150907287,55,lead,lead,Lead,
75752,intercepted,1,0,0,0,11,9,4.5,2,11.0,5.5,5.533998489379883,0,0.7787414689858755,0.9631722569465637,0.8259252004946854,3,lead,lead,Lead,
75753,soldier_caught,0,1,0,0,224,72,36.0,152,,,0.2945324778556824,0,1.1343446383678835,1.1486854553222656,1.241073581809346,153,lead,lead,Lead,
75754,soldier_caught,0,1,0,0,120,8,4.0,112,,,1.6564388275146484,0,1.1527846745685137,1.001617431640625,1.2525183940805575,113,lead,lead,Lead,
75755,intercepted,1,0,0,0,264,64,32.0,200,264.0,132.0,10.151960372924805,0,1.0904403896770667,1.2452952861785889,1.17819149081132,201,lead,lead,Lead,
75756,intercepted,1,0,0,0,177,8,4.0,169,177.0,88.5,10.977941513061523,0,1.1623976291979061,0.5246240496635437,1.251913106541745,170,lead,lead,Lead,
75757,soldier_caught,0,1,0,0,14,12,6.0,2,,,0.5230549573898315,0,0.9782235026359558,0.9340251088142395,1.0497690359987282,3,lead,lead,Lead,
75758,intercepted,1,0,0,0,133,11,5.5,122,133.0,66.5,8.976390838623047,0,1.1730891511571118,1.535542368888855,1.2770039740432353,123,lead,lead,Lead,
75759,intercepted,1,0,0,0,185,16,8.0,169,185.0,92.5,4.420909881591797,0,1.1359645317582523,1.4548190832138062,1.2489132223595738,170,lead,lead,Lead,
75760,intercepted,1,0,0,0,276,13,6.5,263,276.0,138.0,6.121681213378906,0,1.1182419646982893,2.88590931892395,1.222227348569478,264,lead,lead,Lead,
75761,intercepted,1,0,0,0,326,10,5.0,316,326.0,163.0,7.988136291503906,0,1.131623855994703,0.5546833872795105,1.2306364685852085,317,lead,lead,Lead,
75762,intercepted,1,0,0,0,32,8,4.0,24,32.0,16.0,5.915905475616455,0,0.990786942243576,0.6406285166740417,1.0706191484488337,25,lead,lead,Lead,
75763,soldier_caught,0,1,0,0,31,9,4.5,22,,,1.5387005805969238,0,1.0928099401619122,0.8039284348487854,1.2678284859971485,23,lead,lead,Lead,
75764,intercepted,1,0,0,0,371,10,5.0,361,371.0,185.5,2.6440751552581787,0,1.137192371265335,0.8049735426902771,1.2333969333617225,362,lead,lead,Lead,
75765,intercepted,1,0,0,0,197,35,17.5,162,197.0,98.5,13.282835006713867,0,1.091131135089997,0.5459081530570984,1.1833745417001047,163,lead,lead,Lead,
75766,intercepted,1,0,0,0,131,11,5.5,120,131.0,65.5,9.323856353759766,0,1.0866921388905895,1.000422716140747,1.176320569669888,121,lead,lead,Lead,
75767,intercepted,1,0,0,0,459,40,20.0,419,459.0,229.5,4.635512828826904,0,1.1426865644575583,1.417088508605957,1.2318036522341793,420,lead,lead,Lead,
75768,intercepted,1,0,0,0,171,9,4.5,162,171.0,85.5,10.147050857543945,0,1.1477681178073942,0.6448843479156494,1.2487484466852725,163,lead,lead,Lead,
75769,intercepted,1,0,0,0,74,8,4.0,66,74.0,37.0,4.4517998695373535,0,1.2083803264062796,0.683867871761322,1.321868016231445,67,lead,lead,Lead,
75770,intercepted,1,0,0,0,145,10,5.0,135,145.0,72.5,5.355158805847168,0,1.162166882525472,0.34347817301750183,1.242819158748589,136,lead,lead,Lead,
75771,intercepted,1,0,0,0,79,10,5.0,69,79.0,39.5,4.2426605224609375,0,1.1004706048539707,0.8655954003334045,1.2054371260398191,70,lead,lead,Lead,
75772,intercepted,1,0,0,0,20,13,6.5,7,20.0,10.0,14.958381652832031,0,1.0747514441609383,1.314919114112854,1.1272516368856254,8,lead,lead,Lead,
75773,intercepted,1,0,0,0,50,9,4.5,41,50.0,25.0,2.9834957122802734,0,1.1751769901741118,0.8505951762199402,1.263056701251707,42,lead,lead,Lead,
75774,intercepted,1,0,0,0,93,8,4.0,85,93.0,46.5,3.1398427486419678,0,1.1491575532181317,0.44256067276000977,1.2440600098015993,86,lead,lead,Lead,
75775,intercepted,1,0,0,0,56,8,4.0,48,56.0,28.0,2.627467155456543,0,1.0414187902090501,0.7213689088821411,1.1503708566376292,49,lead,lead,Lead,
75776,intercepted,1,0,0,0,112,12,6.0,100,112.0,56.0,2.8825254440307617,0,1.1732642901415873,0.7020399570465088,1.2666045781483424,101,lead,lead,Lead,
75777,intercepted,1,0,0,0,90,69,34.5,21,90.0,45.0,12.579842567443848,0,1.0940077982165597,0.8730875849723816,1.1787768029375072,22,lead,lead,Lead,
75778,intercepted,1,0,0,0,105,19,9.5,86,105.0,52.5,7.272292613983154,0,1.1433741273893707,1.2237926721572876,1.2545611099695455,87,lead,lead,Lead,
75779,intercepted,1,0,0,0,91,8,4.0,83,91.0,45.5,2.2218570709228516,0,1.1634599813038395,1.386479139328003,1.26985068921922,84,lead,lead,Lead,
75780,intercepted,1,0,0,0,67,10,5.0,57,67.0,33.5,4.464859962463379,0,1.1390378056415196,1.6089069843292236,1.2673076826727772,58,lead,lead,Lead,
75781,intercepted,1,0,0,0,56,33,16.5,23,56.0,28.0,11.75,0,1.0573152415454388,1.9575581550598145,1.1251992365002823,24,lead,lead,Lead,
75782,intercepted,1,0,0,0,26,11,5.5,15,26.0,13.0,4.434136867523193,0,1.1266226135194302,1.0695116519927979,1.2273279278035834,16,lead,lead,Lead,
75783,intercepted,1,0,0,0,257,8,4.0,249,257.0,128.5,2.3191633224487305,0,1.1396585826277732,0.9938925504684448,1.2554682726383573,250,lead,lead,Lead,
75784,intercepted,1,0,0,0,110,9,4.5,101,110.0,55.0,4.614523410797119,0,1.0744967736742075,0.605811357498169,1.1620779870668805,102,lead,lead,Lead,
75785,intercepted,1,0,0,0,379,21,10.5,358,379.0,189.5,4.229709625244141,0,1.1473329278502955,1.7116957902908325,1.2465926406528898,359,lead,lead,Lead,
75786,intercepted,1,0,0,0,321,55,27.5,266,321.0,160.5,3.1433560848236084,0,1.1088078361325495,1.2004610300064087,1.2118123501729963,267,lead,lead,Lead,
75787,intercepted,1,0,0,0,105,10,5.0,95,105.0,52.5,2.3995554447174072,0,1.1137277252661686,1.0114506483078003,1.1955173427359291,96,lead,lead,Lead,
75788,soldier_caught,0,1,0,0,57,32,16.0,25,,,1.5966238975524902,0,1.106454841219462,1.2505090236663818,1.2141241002226566,26,lead,lead,Lead,
75789,intercepted,1,0,0,0,68,10,5.0,58,68.0,34.0,6.176015853881836,0,1.1405678128792067,2.216339349746704,1.2402443991246372,59,lead,lead,Lead,
75790,soldier_caught,0,1,0,0,36,10,5.0,26,,,1.6266893148422241,0,1.143210427628623,2.2645254135131836,1.2382405959304146,27,lead,lead,Lead,
75791,intercepted,1,0,0,0,18,9,4.5,9,18.0,9.0,6.744914531707764,0,1.098460403084755,1.7012680768966675,1.1932818396418456,10,lead,lead,Lead,
75792,intercepted,1,0,0,0,93,49,24.5,44,93.0,46.5,12.818740844726562,0,1.1587953825791677,1.0144999027252197,1.2480903797029286,45,lead,lead,Lead,
75793,intercepted,1,0,0,0,150,14,7.0,136,150.0,75.0,5.292071342468262,0,1.1145205357431496,0.44603875279426575,1.2162927534868104,137,lead,lead,Lead,
75794,soldier_caught,0,1,0,0,217,21,10.5,196,,,1.0334616899490356,0,1.0913210171960332,0.888404905796051,1.2046067840140522,197,lead,lead,Lead,
75795,intercepted,1,0,0,0,190,9,4.5,181,190.0,95.0,2.0921199321746826,0,1.115807892038272,0.8992021679878235,1.2216210317836131,182,lead,lead,Lead,
75796,intercepted,1,0,0,0,301,12,6.0,289,301.0,150.5,7.850716590881348,0,1.1270666859787086,0.5809463262557983,1.2350544623750792,290,lead,lead,Lead,
75797,intercepted,1,0,0,0,115,15,7.5,100,115.0,57.5,8.216509819030762,0,1.1541285780396793,0.5669338703155518,1.2467641360992645,101,lead,lead,Lead,
75798,intercepted,1,0,0,0,87,8,4.0,79,87.0,43.5,11.659832954406738,0,1.083235041052103,0.4925260543823242,1.1752590036906587,80,lead,lead,Lead,
75799,intercepted,1,0,0,0,131,51,25.5,80,131.0,65.5,4.044344902038574,0,1.1195392139531948,1.2141194343566895,1.2077741473066639,81,lead,lead,Lead,
75800,intercepted,1,0,0,0,11,9,4.5,2,11.0,5.5,4.7793779373168945,0,0.9132143259048462,1.2458516359329224,0.9506150896582612,3,lead,lead,Lead,
75801,soldier_caught,0,1,0,0,10,8,4.0,2,,,0.8884556889533997,0,1.4175551335016887,1.281591534614563,1.434407393335386,3,lead,lead,Lead,
75802,intercepted,1,0,0,0,566,12,6.0,554,566.0,283.0,3.613884687423706,0,1.151595926741222,0.415068656206131,1.2478488201448743,555,lead,lead,Lead,
75803,intercepted,1,0,0,0,35,10,5.0,25,35.0,17.5,4.0333333015441895,0,0.9523501917719841,0.8551809191703796,1.0585642117281766,26,lead,lead,Lead,
75804,intercepted,1,0,0,0,88,22,11.0,66,88.0,44.0,12.830623626708984,0,1.161048908954236,2.776033401489258,1.2766228514383446,67,lead,lead,Lead,
75805,intercepted,1,0,0,0,40,10,5.0,30,40.0,20.0,8.00341510772705,0,0.9867551081603573,0.5078200697898865,1.1273587107834433,31,lead,lead,Lead,
75806,intercepted,1,0,0,0,18,9,4.5,9,18.0,9.0,9.015240669250488,0,1.1040181398391724,1.6049039363861084,1.218723054791525,10,lead,lead,Lead,
75807,intercepted,1,0,0,0,147,90,45.0,57,147.0,73.5,3.944331169128418,0,1.0173414185129364,1.4713772535324097,1.1175687221318695,58,lead,lead,Lead,
75808,intercepted,1,0,0,0,33,9,4.5,24,33.0,16.5,5.999851703643799,0,1.060389341711998,0.7604141235351562,1.1508208686010442,25,lead,lead,Lead,
75809,intercepted,1,0,0,0,131,8,4.0,123,131.0,65.5,2.2035984992980957,0,1.1806272402886422,1.376107096672058,1.2610532392600562,124,lead,lead,Lead,
75810,intercepted,1,0,0,0,274,12,6.0,262,274.0,137.0,2.966759443283081,0,1.1121012839301003,0.9156829714775085,1.2183232069064303,263,lead,lead,Lead,
75811,intercepted,1,0,0,0,42,8,4.0,34,42.0,21.0,6.09381628036499,0,1.086656928062439,1.3512400388717651,1.1526432301253733,35,lead,lead,Lead,
75812,intercepted,1,0,0,0,172,9,4.5,163,172.0,86.0,6.026081562042236,0,1.1428402907601216,0.7060257792472839,1.243512144269807,164,lead,lead,Lead,
75813,intercepted,1,0,0,0,85,16,8.0,69,85.0,42.5,4.421935558319092,0,1.1417203603046282,2.3676085472106934,1.2665098946304472,70,lead,lead,Lead,
75814,soldier_caught,0,1,0,0,75,10,5.0,65,,,0.4671706259250641,0,1.0830683626911857,0.8488284349441528,1.180086952836033,66,lead,lead,Lead,
75815,intercepted,1,0,0,0,626,35,17.5,591,626.0,313.0,4.5857648849487305,0,1.1026762733991082,0.8475152254104614,1.2033422882151608,592,lead,lead,Lead,
75816,intercepted,1,0,0,0,426,10,5.0,416,426.0,213.0,3.0209507942199707,0,1.0941504174463754,0.9880800247192383,1.1878885731652966,417,lead,lead,Lead,
75817,intercepted,1,0,0,0,274,83,41.5,191,274.0,137.0,4.229095935821533,0,1.1707044172411163,1.5836454629898071,1.2752980968283774,192,lead,lead,Lead,
75818,intercepted,1,0,0,0,56,12,6.0,44,56.0,28.0,8.040287017822266,0,1.148099031051,1.8811776638031006,1.274443595502765,45,lead,lead,Lead,
75819,intercepted,1,0,0,0,169,49,24.5,120,169.0,84.5,10.202649116516113,0,1.107026163519414,1.3292322158813477,1.2048964586501107,121,lead,lead,Lead,
75820,intercepted,1,0,0,0,142,18,9.0,124,142.0,71.0,2.372680425643921,0,1.1196858532428742,1.7364299297332764,1.207270018598185,125,lead,lead,Lead,
75821,soldier_caught,0,1,0,0,33,10,5.0,23,,,1.2729634046554565,0,1.0581609507401784,0.5019462704658508,1.1312076100303483,24,lead,lead,Lead,
75822,intercepted,1,0,0,0,466,8,4.0,458,466.0,233.0,4.27651309967041,0,1.1400598506230155,0.5091636180877686,1.2368749802387236,459,lead,lead,Lead,
75823,intercepted,1,0,0,0,307,12,6.0,295,307.0,153.5,4.975061416625977,0,1.1733630936894868,1.173670768737793,1.2728637894223676,296,lead,lead,Lead,
75824,intercepted,1,0,0,0,236,11,5.5,225,236.0,118.0,4.817496299743652,0,1.112378525193286,1.158637285232544,1.2057269795939065,226,lead,lead,Lead,
75825,intercepted,1,0,0,0,251,19,9.5,232,251.0,125.5,5.994774341583252,0,1.0958234976673331,1.1502645015716553,1.1793022619520053,233,lead,lead,Lead,
75826,intercepted,1,0,0,0,742,9,4.5,733,742.0,371.0,2.2465803623199463,0,1.1022858337907766,1.4274340867996216,1.1970880150727001,734,lead,lead,Lead,
75827,intercepted,1,0,0,0,21,7,3.5,14,21.0,10.5,3.4530224800109863,0,1.0197346409161885,0.9425778985023499,1.0669631843263683,15,lead,lead,Lead,
75828,intercepted,1,0,0,0,44,10,5.0,34,44.0,22.0,2.215125799179077,0,0.9558769549642291,1.802100658416748,1.0391973400566095,35,lead,lead,Lead,
75829,intercepted,1,0,0,0,326,41,20.5,285,326.0,163.0,2.8071610927581787,0,1.1016646598863018,0.8518696427345276,1.1924804110154907,286,lead,lead,Lead,
75830,intercepted,1,0,0,0,100,14,7.0,86,100.0,50.0,4.568253040313721,0,1.209308382937278,1.826579213142395,1.308627974802349,87,lead,lead,Lead,
75831,intercepted,1,0,0,0,393,9,4.5,384,393.0,196.5,2.6884281635284424,0,1.1330257160323007,1.5656334161758423,1.2226540373249242,385,lead,lead,Lead,
75832,soldier_caught,0,1,0,0,261,11,5.5,250,,,1.728793978691101,0,1.1543571982250747,1.0720269680023193,1.2526711316839685,251,lead,lead,Lead,
75833,intercepted,1,0,0,0,200,9,4.5,191,200.0,100.0,3.5417842864990234,0,1.09723559281944,0.4698205590248108,1.1957118910350124,192,lead,lead,Lead,
75834,intercepted,1,0,0,0,136,8,4.0,128,136.0,68.0,5.139461994171143,0,1.143472458503043,0.5724145174026489,1.2313343096159306,129,lead,lead,Lead,
75835,intercepted,1,0,0,0,196,12,6.0,184,196.0,98.0,4.547994613647461,0,1.11892110697321,0.7732546925544739,1.2217736575159341,185,lead,lead,Lead,
75836,intercepted,1,0,0,0,539,15,7.5,524,539.0,269.5,8.167644500732422,0,1.1386797212135225,0.728519856929779,1.2313059549095522,525,lead,lead,Lead,
75837,intercepted,1,0,0,0,92,13,6.5,79,92.0,46.0,4.843519687652588,0,1.1528630953282117,0.8777134418487549,1.2506631617743273,80,lead,lead,Lead,
75838,intercepted,1,0,0,0,530,35,17.5,495,530.0,265.0,6.165186405181885,0,1.1350356079638004,0.565684974193573,1.2386325700314813,496,lead,lead,Lead,
75839,intercepted,1,0,0,0,57,10,5.0,47,57.0,28.5,4.280092716217041,0,1.1100170811017354,0.60429447889328,1.2017654354546112,48,lead,lead,Lead,
75840,soldier_caught,0,1,0,0,257,55,27.5,202,,,1.4941494464874268,0,1.0600694720380999,1.0010089874267578,1.1637954429030017,203,lead,lead,Lead,
75841,intercepted,1,0,0,0,305,10,5.0,295,305.0,152.5,3.3536605834960938,0,1.0734624323007222,0.7908551096916199,1.1742378486172351,296,lead,lead,Lead,
75842,intercepted,1,0,0,0,148,11,5.5,137,148.0,74.0,8.287982940673828,0,1.1040949783679368,1.5068374872207642,1.2084868591444917,138,lead,lead,Lead,
75843,intercepted,1,0,0,0,188,11,5.5,177,188.0,94.0,2.0487911701202393,0,1.1308613635515898,1.5612335205078125,1.2360854567466157,178,lead,lead,Lead,
75844,intercepted,1,0,0,0,243,10,5.0,233,243.0,121.5,2.032290458679199,0,1.122184014791607,1.143480896949768,1.2174802856250577,234,lead,lead,Lead,
75845,intercepted,1,0,0,0,92,12,6.0,80,92.0,46.0,9.995652198791504,0,1.0946131550971372,1.3176088333129883,1.1814898852046236,81,lead,lead,Lead,
75846,intercepted,1,0,0,0,478,11,5.5,467,478.0,239.0,2.128908157348633,0,1.1092641453585055,0.49143433570861816,1.219530114186893,468,lead,lead,Lead,
75847,intercepted,1,0,0,0,39,14,7.0,25,39.0,19.5,10.47097396850586,0,1.1302432532493885,0.42302772402763367,1.2469588500337527,26,lead,lead,Lead,
75848,intercepted,1,0,0,0,109,10,5.0,99,109.0,54.5,3.6267473697662354,0,1.1563281834125518,1.060978889465332,1.2593104105543431,100,lead,lead,Lead,
75849,intercepted,1,0,0,0,51,8,4.0,43,51.0,25.5,3.840319871902466,0,1.1227501962672581,1.4979546070098877,1.2207213300166628,44,lead,lead,Lead,
75850,intercepted,1,0,0,0,114,11,5.5,103,114.0,57.0,2.1901626586914062,0,1.0927075064526155,0.5841675996780396,1.1952369210259146,104,lead,lead,Lead,
75851,intercepted,1,0,0,0,82,7,3.5,75,82.0,41.0,2.327270746231079,0,1.130484671773095,1.5906686782836914,1.216336525954302,76,lead,lead,Lead,
75852,intercepted,1,0,0,0,44,10,5.0,34,44.0,22.0,3.214388847351074,0,1.209978825705392,0.7710195779800415,1.315697800478971,35,lead,lead,Lead,
75853,intercepted,1,0,0,0,59,20,10.0,39,59.0,29.5,14.757783889770508,0,1.279009898751974,0.6931500434875488,1.3829998911991297,40,lead,lead,Lead,
75854,intercepted,1,0,0,0,50,15,7.5,35,50.0,25.0,8.57661247253418,0,1.1524433758523729,0.6183784008026123,1.2546208302122028,36,lead,lead,Lead,
75855,intercepted,1,0,0,0,88,16,8.0,72,88.0,44.0,8.621337890625,0,1.1409803873872104,1.7458423376083374,1.2537922312919514,73,lead,lead,Lead,
75856,intercepted,1,0,0,0,355,73,36.5,282,355.0,177.5,7.218656539916992,0,1.0889842646334702,0.6084263324737549,1.1750859507681866,283,lead,lead,Lead,
75857,intercepted,1,0,0,0,360,8,4.0,352,360.0,180.0,5.873995304107666,0,1.1516139118090567,1.7030540704727173,1.2456281762105366,353,lead,lead,Lead,
75858,intercepted,1,0,0,0,431,11,5.5,420,431.0,215.5,7.761174201965332,0,1.1485902169750308,1.8188138008117676,1.23605851806553,421,lead,lead,Lead,
75859,intercepted,1,0,0,0,143,33,16.5,110,143.0,71.5,10.383177757263184,0,1.1477277372871433,1.193214774131775,1.246532525773582,111,lead,lead,Lead,
75860,intercepted,1,0,0,0,16,15,7.5,1,16.0,8.0,4.21848726272583,0,1.216939389705658,0.8344296216964722,1.2756391342537357,2,lead,lead,Lead,
75861,intercepted,1,0,0,0,67,36,18.0,31,67.0,33.5,6.3676042556762695,0,1.172928275540471,1.5019690990447998,1.2903658299045098,32,lead,lead,Lead,
75862,intercepted,1,0,0,0,44,12,6.0,32,44.0,22.0,4.423255443572998,0,1.0095159068252102,1.80408775806427,1.0783759103255837,33,lead,lead,Lead,
75863,intercepted,1,0,0,0,63,12,6.0,51,63.0,31.5,6.5159454345703125,0,1.1947996834149728,0.5953596234321594,1.2914705556034878,52,lead,lead,Lead,
75864,intercepted,1,0,0,0,240,10,5.0,230,240.0,120.0,12.44494915008545,0,1.1117438381110436,0.5087503790855408,1.191428765639453,231,lead,lead,Lead,
75865,intercepted,1,0,0,0,25,11,5.5,14,25.0,12.5,5.046608924865723,0,0.9476514041423798,0.41148924827575684,1.0495633591244515,15,lead,lead,Lead,
75866,intercepted,1,0,0,0,228,10,5.0,218,228.0,114.0,4.222066879272461,0,1.08705517146141,1.414076805114746,1.1855154571551059,219,lead,lead,Lead,
75867,intercepted,1,0,0,0,67,37,18.5,30,67.0,33.5,14.248324394226074,0,1.290494760197978,0.7185146808624268,1.404650984063369,31,lead,lead,Lead,
75868,intercepted,1,0,0,0,499,23,11.5,476,499.0,249.5,2.3116538524627686,0,1.11997219657748,1.480545997619629,1.2116993837709589,477,lead,lead,Lead,
75869,soldier_caught,0,1,0,0,82,12,6.0,70,,,1.6939276456832886,0,1.1317716110760057,1.4568638801574707,1.2152806477301223,71,lead,lead,Lead,
75870,intercepted,1,0,0,0,444,23,11.5,421,444.0,222.0,7.377171516418457,0,1.1589461433308383,0.9695874452590942,1.258379736165194,422,lead,lead,Lead,
75871,intercepted,1,0,0,0,201,8,4.0,193,201.0,100.5,9.812492370605469,0,1.059602595558486,0.7630571722984314,1.1648163427403955,194,lead,lead,Lead,
75872,intercepted,1,0,0,0,146,14,7.0,132,146.0,73.0,10.082326889038086,0,1.1294356131912173,1.5882153511047363,1.232853794279364,133,lead,lead,Lead,
75873,intercepted,1,0,0,0,128,38,19.0,90,128.0,64.0,4.223545074462891,0,1.0570919150179559,0.7545207142829895,1.1358959421494381,91,lead,lead,Lead,
75874,intercepted,1,0,0,0,37,7,3.5,30,37.0,18.5,3.7974841594696045,0,1.0755217522382736,0.962661862373352,1.1861769118444705,31,lead,lead,Lead,
75875,intercepted,1,0,0,0,132,15,7.5,117,132.0,66.0,3.5929486751556396,0,1.0641299572031377,0.7312724590301514,1.1592931218730793,118,lead,lead,Lead,
75876,unsafe_intercept,0,0,1,0,10,8,4.0,2,,,3.020179510116577,0,1.057985136906306,0.4622206389904022,1.1388148594712597,3,lead,lead,Lead,
75877,soldier_caught,0,1,0,0,33,9,4.5,24,,,1.6339406967163086,0,0.9988568055629731,1.1038440465927124,1.06780424628495,25,lead,lead,Lead,
75878,intercepted,1,0,0,0,155,10,5.0,145,155.0,77.5,3.807603597640991,0,1.1339542072725624,2.5045385360717773,1.226304734572521,146,lead,lead,Lead,
75879,intercepted,1,0,0,0,55,13,6.5,42,55.0,27.5,4.011514186859131,0,1.038597246242124,1.2180547714233398,1.1437754131077558,43,lead,lead,Lead,
75880,intercepted,1,0,0,0,134,11,5.5,123,134.0,67.0,11.39328384399414,0,1.1538155064467461,0.24822142720222473,1.2669925430272613,124,lead,lead,Lead,
75881,unsafe_intercept,0,0,1,0,9,7,3.5,2,,,2.318953037261963,0,0.8950382272402445,1.162245273590088,0.9223655868066679,3,lead,lead,Lead,
75882,intercepted,1,0,0,0,183,9,4.5,174,183.0,91.5,5.844801425933838,0,1.1320480814150402,1.9290789365768433,1.2321906168240186,175,lead,lead,Lead,
75883,intercepted,1,0,0,0,303,70,35.0,233,303.0,151.5,3.301804542541504,0,1.103952988345399,0.31659844517707825,1.2057436216180442,234,lead,lead,Lead,
75884,intercepted,1,0,0,0,39,9,4.5,30,39.0,19.5,6.126872539520264,0,1.2029077526061767,0.5697636008262634,1.3690453228835737,31,lead,lead,Lead,
75885,intercepted,1,0,0,0,111,16,8.0,95,111.0,55.5,4.958021640777588,0,1.0530322700118024,1.7359720468521118,1.1548450580439182,96,lead,lead,Lead,
75886,intercepted,1,0,0,0,312,14,7.0,298,312.0,156.0,3.5311121940612793,0,1.1202160402584236,2.042226552963257,1.2245304735174098,299,lead,lead,Lead,
75887,intercepted,1,0,0,0,84,13,6.5,71,84.0,42.0,10.981011390686035,0,1.2023686845269468,1.9831181764602661,1.303613873846789,72,lead,lead,Lead,
75888,soldier_caught,0,1,0,0,59,7,3.5,52,,,0.7170966863632202,0,1.174281414949669,1.107033371925354,1.2919064887997231,53,lead,lead,Lead,
75889,intercepted,1,0,0,0,84,9,4.5,75,84.0,42.0,5.2934088706970215,0,1.180959337636044,1.1825485229492188,1.2903293527663848,76,lead,lead,Lead,
75890,soldier_caught,0,1,0,0,15,13,6.5,2,,,1.0651811361312866,0,1.464870850245158,1.770043969154358,1.4957291096781427,3,lead,lead,Lead,
75891,intercepted,1,0,0,0,309,11,5.5,298,309.0,154.5,2.098361015319824,0,1.0953345149257112,1.1804858446121216,1.1903961881594838,299,lead,lead,Lead,
75892,intercepted,1,0,0,0,363,8,4.0,355,363.0,181.5,2.566399097442627,0,1.0949064064980223,0.818628191947937,1.1971131585486572,356,lead,lead,Lead,
75893,intercepted,1,0,0,0,396,86,43.0,310,396.0,198.0,3.2284653186798096,0,1.1175167979822282,0.9928928017616272,1.204626423354479,311,lead,lead,Lead,
75894,soldier_caught,0,1,0,0,69,19,9.5,50,,,1.864101529121399,0,1.1478047353379868,0.7374143600463867,1.2447234335703692,51,lead,lead,Lead,
75895,intercepted,1,0,0,0,743,12,6.0,731,743.0,371.5,2.9964756965637207,0,1.1549864004422081,1.2053627967834473,1.2373433209744162,732,lead,lead,Lead,
75896,soldier_caught,0,1,0,0,35,9,4.5,26,,,1.5634492635726929,0,0.9328331847985586,0.8730300664901733,0.9815125653265635,27,lead,lead,Lead,
75897,intercepted,1,0,0,0,35,9,4.5,26,35.0,17.5,2.946430206298828,0,1.1159748125959326,1.0273704528808594,1.2045704983883567,27,lead,lead,Lead,
75898,intercepted,1,0,0,0,91,17,8.5,74,91.0,45.5,12.55848503112793,0,1.1497923958301544,1.35883629322052,1.229410164262382,75,lead,lead,Lead,
75899,intercepted,1,0,0,0,59,13,6.5,46,59.0,29.5,7.824003219604492,0,1.0807753243344895,0.9864885210990906,1.1705499556616146,47,lead,lead,Lead,
75900,intercepted,1,0,0,0,316,11,5.5,305,316.0,158.0,3.0834507942199707,0,1.1228798262628854,1.495333194732666,1.212930203167411,306,lead,lead,Lead,
75901,soldier_caught,0,1,0,0,39,14,7.0,25,,,0.7531843781471252,0,1.2700877510584319,1.0470120906829834,1.3375721317526121,26,lead,lead,Lead,
75902,intercepted,1,0,0,0,259,10,5.0,249,259.0,129.5,5.081982612609863,0,1.1207456893920897,1.7309973239898682,1.2304057948494052,250,lead,lead,Lead,
75903,intercepted,1,0,0,0,44,14,7.0,30,44.0,22.0,7.414524555206299,0,1.2519661034307172,1.468959093093872,1.36406273932088,31,lead,lead,Lead,
75904,intercepted,1,0,0,0,240,110,55.0,130,240.0,120.0,10.488103866577148,0,1.177537707882073,1.6064388751983643,1.2668881930400542,131,lead,lead,Lead,
75905,intercepted,1,0,0,0,73,10,5.0,63,73.0,36.5,14.15192699432373,0,1.107829297427088,0.8650493621826172,1.2107080010643203,64,lead,lead,Lead,
75906,intercepted,1,0,0,0,62,13,6.5,49,62.0,31.0,4.133240222930908,0,1.0749286761879921,1.4801814556121826,1.16126595342819,50,lead,lead,Lead,
75907,soldier_caught,0,1,0,0,264,8,4.0,256,,,0.828906774520874,0,1.101874355618128,0.5889841318130493,1.1890712825403746,257,lead,lead,Lead,
75908,intercepted,1,0,0,0,279,15,7.5,264,279.0,139.5,2.697385549545288,0,1.0832498162984847,1.599955677986145,1.1806014834727498,265,lead,lead,Lead,
75909,intercepted,1,0,0,0,98,73,36.5,25,98.0,49.0,13.746306419372559,0,1.1925505308004527,1.2804142236709595,1.3063968851614152,26,lead,lead,Lead,
75910,intercepted,1,0,0,0,130,9,4.5,121,130.0,65.0,9.744206428527832,0,1.1563651334555423,1.809981107711792,1.2578084922049322,122,lead,lead,Lead,
75911,intercepted,1,0,0,0,178,14,7.0,164,178.0,89.0,4.461136341094971,0,1.173294172007026,1.6690224409103394,1.2668814626754898,165,lead,lead,Lead,
75912,intercepted,1,0,0,0,133,10,5.0,123,133.0,66.5,5.655452728271484,0,1.1449490369207436,1.1750986576080322,1.2405126049512727,124,lead,lead,Lead,
75913,intercepted,1,0,0,0,463,11,5.5,452,463.0,231.5,2.5865485668182373,0,1.1545508790012884,0.54303377866745,1.2420829185814546,453,lead,lead,Lead,
75914,intercepted,1,0,0,0,94,12,6.0,82,94.0,47.0,7.557539463043213,0,1.085631785083966,0.9536876082420349,1.1783508781028473,83,lead,lead,Lead,
75915,intercepted,1,0,0,0,61,11,5.5,50,61.0,30.5,9.257225036621094,0,1.2311086835814458,0.3850480318069458,1.3506194777438678,51,lead,lead,Lead,
75916,intercepted,1,0,0,0,80,7,3.5,73,80.0,40.0,4.327647686004639,0,0.9773709530363212,1.128521203994751,1.0572419533401003,74,lead,lead,Lead,
75917,intercepted,1,0,0,0,81,10,5.0,71,81.0,40.5,3.0390625,0,1.212889423386918,0.2121705412864685,1.3168272293902095,72,lead,lead,Lead,
75918,intercepted,1,0,0,0,163,8,4.0,155,163.0,81.5,6.331507682800293,0,1.0892043251257677,1.9283454418182373,1.1717202016619686,156,lead,lead,Lead,
75919,intercepted,1,0,0,0,65,11,5.5,54,65.0,32.5,3.9273722171783447,0,1.0923151352188805,0.6650279760360718,1.2038086166426571,55,lead,lead,Lead,
75920,intercepted,1,0,0,0,192,49,24.5,143,192.0,96.0,10.397974014282227,0,1.1356775166673794,1.1703083515167236,1.230098816494866,144,lead,lead,Lead,
75921,intercepted,1,0,0,0,153,10,5.0,143,153.0,76.5,3.516850709915161,0,1.093387268276678,1.4286329746246338,1.2002471037506808,144,lead,lead,Lead,
75922,intercepted,1,0,0,0,1051,12,6.0,1039,1051.0,525.5,7.030413627624512,0,1.1334761987547748,1.0729360580444336,1.231335195213673,1040,lead,lead,Lead,
75923,intercepted,1,0,0,0,151,11,5.5,140,151.0,75.5,4.731778144836426,0,1.1243631913729593,1.208502173423767,1.220588590254274,141,lead,lead,Lead,
75924,intercepted,1,0,0,0,672,15,7.5,657,672.0,336.0,2.874394655227661,0,1.1296568952704635,0.5467439889907837,1.2215002532521477,658,lead,lead,Lead,
75925,intercepted,1,0,0,0,180,9,4.5,171,180.0,90.0,4.347403049468994,0,1.0727069262675075,0.8277303576469421,1.1637041282289207,172,lead,lead,Lead,
75926,intercepted,1,0,0,0,38,11,5.5,27,38.0,19.0,8.35382080078125,0,1.1933563367596693,0.9940398335456848,1.2896840323633278,28,lead,lead,Lead,
75927,soldier_caught,0,1,0,0,43,9,4.5,34,,,1.929855227470398,0,1.1989332692963737,1.175743818283081,1.2785952211715235,35,lead,lead,Lead,
75928,intercepted,1,0,0,0,129,8,4.0,121,129.0,64.5,4.101303577423096,0,1.1782662521620266,1.1238285303115845,1.2815238100397592,122,lead,lead,Lead,
75929,intercepted,1,0,0,0,569,8,4.0,561,569.0,284.5,3.0413546562194824,0,1.134795840789839,1.5937469005584717,1.238846134207649,562,lead,lead,Lead,
75930,intercepted,1,0,0,0,43,10,5.0,33,43.0,21.5,9.150277137756348,0,0.9769709793960347,1.13470458984375,1.089739365805797,34,lead,lead,Lead,
75931,intercepted,1,0,0,0,132,100,50.0,32,132.0,66.0,11.645865440368652,0,1.139494875163743,1.47455632686615,1.235798912102844,33,lead,lead,Lead,
75932,soldier_caught,0,1,0,0,14,12,6.0,2,,,0.9366267323493958,0,0.9648972749710083,0.6982669830322266,1.0468979334149904,3,lead,lead,Lead,
75933,soldier_caught,0,1,0,0,12,10,5.0,2,,,1.0747859477996826,0,0.7307596107323965,0.6218525171279907,0.7885309302993714,3,lead,lead,Lead,
75934,intercepted,1,0,0,0,87,11,5.5,76,87.0,43.5,4.307068347930908,0,1.1537655721624176,0.5355482697486877,1.221066340210134,77,lead,lead,Lead,
75935,intercepted,1,0,0,0,90,14,7.0,76,90.0,45.0,2.5066497325897217,0,1.106003075451046,0.9414361715316772,1.228372531634132,77,lead,lead,Lead,
75936,intercepted,1,0,0,0,127,8,4.0,119,127.0,63.5,8.50620174407959,0,1.0795867164929709,0.7838215827941895,1.1710194457682532,120,lead,lead,Lead,
75937,intercepted,1,0,0,0,190,55,27.5,135,190.0,95.0,3.1533689498901367,0,1.1402798408971113,1.7500646114349365,1.2458438104341827,136,lead,lead,Lead,
75938,intercepted,1,0,0,0,13,11,5.5,2,13.0,6.5,5.414494037628174,0,0.796805222829183,0.8518102765083313,0.9472930665968439,3,lead,lead,Lead,
75939,intercepted,1,0,0,0,22,11,5.5,11,22.0,11.0,11.844256401062012,0,1.2674028972784679,1.2362078428268433,1.351386896466058,12,lead,lead,Lead,
75940,intercepted,1,0,0,0,298,14,7.0,284,298.0,149.0,4.254893779754639,0,1.1725819730967806,1.4312609434127808,1.2757940070387235,285,lead,lead,Lead,
75941,intercepted,1,0,0,0,102,36,18.0,66,102.0,51.0,12.976785659790039,0,1.0871525233361259,1.2685198783874512,1.2064935397415992,67,lead,lead,Lead,
75942,intercepted,1,0,0,0,131,9,4.5,122,131.0,65.5,7.836568832397461,0,1.130026574784178,0.814977765083313,1.225424536672713,123,lead,lead,Lead,
75943,intercepted,1,0,0,0,35,9,4.5,26,35.0,17.5,3.359668493270874,0,1.229192473270275,1.4046558141708374,1.321902328361333,27,lead,lead,Lead,
75944,intercepted,1,0,0,0,61,20,10.0,41,61.0,30.5,12.441143989562988,0,0.9686424696729297,0.7019014358520508,1.0476752867637895,42,lead,lead,Lead,
75945,intercepted,1,0,0,0,16,14,7.0,2,16.0,8.0,5.317045211791992,0,0.9554879665374756,0.8505563139915466,1.0022699548711647,3,lead,lead,Lead,
75946,intercepted,1,0,0,0,26,9,4.5,17,26.0,13.0,3.14011549949646,0,0.952166959643364,1.1739221811294556,0.991027333499604,18,lead,lead,Lead,
75947,soldier_caught,0,1,0,0,34,9,4.5,25,,,0.8930971622467041,0,1.020370324070637,0.6516507267951965,1.1055846578749708,26,lead,lead,Lead,
75948,intercepted,1,0,0,0,116,45,22.5,71,116.0,58.0,13.522339820861816,0,1.1797743576268356,1.5695395469665527,1.2801839228402794,72,lead,lead,Lead,
75949,intercepted,1,0,0,0,64,16,8.0,48,64.0,32.0,14.960928916931152,0,1.1430059215243982,1.0351449251174927,1.2194336195228659,49,lead,lead,Lead,
75950,intercepted,1,0,0,0,93,10,5.0,83,93.0,46.5,8.32226276397705,0,1.2046787866524287,0.9960981011390686,1.3142651882758083,84,lead,lead,Lead,
75951,intercepted,1,0,0,0,350,11,5.5,339,350.0,175.0,3.24983549118042,0,1.1313403980258634,0.6579204201698303,1.213046055951139,340,lead,lead,Lead,
75952,intercepted,1,0,0,0,49,10,5.0,39,49.0,24.5,2.9790873527526855,0,1.1814855430275202,0.9834351539611816,1.2527496947012515,40,lead,lead,Lead,
75953,intercepted,1,0,0,0,221,10,5.0,211,221.0,110.5,9.976184844970703,0,1.0710906638008244,0.6025933027267456,1.1662986394956283,212,lead,lead,Lead,
75954,soldier_caught,0,1,0,0,117,9,4.5,108,,,0.8825250864028931,0,1.2108692789296491,0.6226620078086853,1.2917565283530241,109,lead,lead,Lead,
75955,intercepted,1,0,0,0,170,48,24.0,122,170.0,85.0,2.9695396423339844,0,1.0877219163547687,1.0916417837142944,1.190646502696485,123,lead,lead,Lead,
75956,intercepted,1,0,0,0,224,15,7.5,209,224.0,112.0,2.177732229232788,0,1.111050654628447,0.7575769424438477,1.2052235739488517,210,lead,lead,Lead,
75957,intercepted,1,0,0,0,27,8,4.0,19,27.0,13.5,4.066498756408691,0,1.123506760597229,1.0075219869613647,1.237349379540974,20,lead,lead,Lead,
75958,intercepted,1,0,0,0,494,7,3.5,487,494.0,247.0,3.7286038398742676,0,1.1324275084694877,1.3239973783493042,1.231400927147578,488,lead,lead,Lead,
75959,intercepted,1,0,0,0,187,14,7.0,173,187.0,93.5,4.060312747955322,0,1.1657447439843212,0.850635826587677,1.2599705050342953,174,lead,lead,Lead,
75960,intercepted,1,0,0,0,469,12,6.0,457,469.0,234.5,5.063878536224365,0,1.1478705311836634,2.421241521835327,1.233458490832829,458,lead,lead,Lead,
75961,intercepted,1,0,0,0,152,10,5.0,142,152.0,76.0,2.0086686611175537,0,1.167309664919243,1.016981840133667,1.272850567654133,143,lead,lead,Lead,
75962,intercepted,1,0,0,0,101,10,5.0,91,101.0,50.5,10.850069999694824,0,1.115938009451265,1.0333878993988037,1.2079998910899319,92,lead,lead,Lead,
75963,intercepted,1,0,0,0,27,11,5.5,16,27.0,13.5,8.265663146972656,0,1.0879689945894129,0.7079504132270813,1.1501379930243358,17,lead,lead,Lead,
75964,soldier_caught,0,1,0,0,406,10,5.0,396,,,1.9908732175827026,0,1.1369658970374905,1.1980688571929932,1.2348360062499308,397,lead,lead,Lead,
75965,intercepted,1,0,0,0,374,58,29.0,316,374.0,187.0,6.123647689819336,0,1.144420315696614,0.7531699538230896,1.2386874375451973,317,lead,lead,Lead,
75966,intercepted,1,0,0,0,44,14,7.0,30,44.0,22.0,3.30499529838562,0,1.1383726486275274,1.2953085899353027,1.2132369280965234,31,lead,lead,Lead,
75967,intercepted,1,0,0,0,399,9,4.5,390,399.0,199.5,7.043951511383057,0,1.1670940082396388,1.0485981702804565,1.258154879825267,391,lead,lead,Lead,
75968,intercepted,1,0,0,0,125,15,7.5,110,125.0,62.5,7.180025577545166,0,1.1455362002860319,1.591720461845398,1.2266007600455404,111,lead,lead,Lead,
75969,intercepted,1,0,0,0,397,15,7.5,382,397.0,198.5,8.789633750915527,0,1.1191703124317114,1.0159703493118286,1.2319255653426908,383,lead,lead,Lead,
75970,intercepted,1,0,0,0,785,11,5.5,774,785.0,392.5,2.374875545501709,0,1.1351829886821008,0.7143462896347046,1.2275995175505061,775,lead,lead,Lead,
75971,intercepted,1,0,0,0,129,9,4.5,120,129.0,64.5,3.3747434616088867,0,1.0651527768816829,0.934252917766571,1.1737755888323715,121,lead,lead,Lead,
75972,soldier_caught,0,1,0,0,207,13,6.5,194,,,1.9889103174209595,0,1.0969971522306785,1.4395736455917358,1.1972285828755815,195,lead,lead,Lead,
75973,intercepted,1,0,0,0,62,9,4.5,53,62.0,31.0,4.985384941101074,0,1.1916382721176855,0.6792808771133423,1.3043286881393827,54,lead,lead,Lead,
75974,intercepted,1,0,0,0,33,11,5.5,22,33.0,16.5,12.059513092041016,0,1.2381135189662809,1.4111088514328003,1.3904616598499173,23,lead,lead,Lead,
75975,intercepted,1,0,0,0,84,10,5.0,74,84.0,42.0,3.696883201599121,0,1.1408652198314666,1.5896351337432861,1.223297503982646,75,lead,lead,Lead,
75976,intercepted,1,0,0,0,448,7,3.5,441,448.0,224.0,6.118919849395752,0,1.1409259198983601,1.5950919389724731,1.2382332970863659,442,lead,lead,Lead,
75977,intercepted,1,0,0,0,14,12,6.0,2,14.0,7.0,6.655609607696533,0,1.1341304580370586,0.6687820553779602,1.237311389550439,3,lead,lead,Lead,
75978,intercepted,1,0,0,0,91,11,5.5,80,91.0,45.5,4.22205114364624,0,1.067793991462684,1.4950330257415771,1.1755517755875893,81,lead,lead,Lead,
75979,soldier_caught,0,1,0,0,539,9,4.5,530,,,1.901119351387024,0,1.1550506426901916,0.7594779133796692,1.2495670581024672,531,lead,lead,Lead,
75980,intercepted,1,0,0,0,388,10,5.0,378,388.0,194.0,2.274540901184082,0,1.1479159382842776,0.7808777689933777,1.2441923393015286,379,lead,lead,Lead,
75981,soldier_caught,0,1,0,0,301,16,8.0,285,,,1.935072898864746,0,1.0868871050750042,1.3497384786605835,1.1814226086925714,286,lead,lead,Lead,
75982,soldier_caught,0,1,0,0,34,11,5.5,23,,,1.0580823421478271,0,1.040387600660324,0.4422195851802826,1.1359731721639215,24,lead,lead,Lead,
75983,intercepted,1,0,0,0,87,10,5.0,77,87.0,43.5,6.489023685455322,0,1.2771659617622693,1.799439549446106,1.372469448547855,78,lead,lead,Lead,
75984,intercepted,1,0,0,0,301,15,7.5,286,301.0,150.5,6.536708831787109,0,1.1164058248028939,0.9769887924194336,1.2072914067857776,287,lead,lead,Lead,
75985,soldier_caught,0,1,0,0,407,8,4.0,399,,,1.6604856252670288,0,1.156526934877038,0.9136005640029907,1.248082195703109,400,lead,lead,Lead,
75986,intercepted,1,0,0,0,509,16,8.0,493,509.0,254.5,3.1923766136169434,0,1.1727622506408557,1.4409048557281494,1.261814232666059,494,lead,lead,Lead,
75987,intercepted,1,0,0,0,171,13,6.5,158,171.0,85.5,3.9871997833251953,0,1.1386616186900709,0.9629257321357727,1.2375212043194497,159,lead,lead,Lead,
75988,intercepted,1,0,0,0,140,14,7.0,126,140.0,70.0,2.0932202339172363,0,1.1348144941207932,2.242384433746338,1.2240521393257144,127,lead,lead,Lead,
75989,intercepted,1,0,0,0,25,13,6.5,12,25.0,12.5,8.863043785095215,0,0.9780883834912226,1.1777317523956299,1.0328341829431746,13,lead,lead,Lead,
75990,intercepted,1,0,0,0,279,9,4.5,270,279.0,139.5,4.622469425201416,0,1.1056177097602964,1.2466965913772583,1.2020244501435198,271,lead,lead,Lead,
75991,intercepted,1,0,0,0,11,9,4.5,2,11.0,5.5,7.516550540924072,0,1.1399409572283428,0.7211081385612488,1.2251053002598298,3,lead,lead,Lead,
75992,intercepted,1,0,0,0,378,15,7.5,363,378.0,189.0,2.4831347465515137,0,1.1416634703157367,1.01360023021698,1.2332103207838279,364,lead,lead,Lead,
75993,intercepted,1,0,0,0,143,9,4.5,134,143.0,71.5,8.176783561706543,0,1.1471561855740018,0.301564484834671,1.2379079471093266,135,lead,lead,Lead,
75994,intercepted,1,0,0,0,49,20,10.0,29,49.0,24.5,11.1884765625,0,1.1365538974603018,1.7407771348953247,1.2076200254554652,30,lead,lead,Lead,
75995,intercepted,1,0,0,0,336,11,5.5,325,336.0,168.0,5.291273593902588,0,1.1148162692602426,1.469509243965149,1.207933576405119,326,lead,lead,Lead,
75996,intercepted,1,0,0,0,72,11,5.5,61,72.0,36.0,8.38909912109375,0,0.9774683064991428,2.140964984893799,1.0648281009836316,62,lead,lead,Lead,
75997,intercepted,1,0,0,0,93,11,5.5,82,93.0,46.5,6.21440315246582,0,1.126611811209874,0.8420665264129639,1.225101226711079,83,lead,lead,Lead,
75998,intercepted,1,0,0,0,17,15,7.5,2,17.0,8.5,4.753413677215576,0,0.8453298707803091,0.9139984250068665,0.9701844912612825,3,lead,lead,Lead,
75999,soldier_caught,0,1,0,0,11,9,4.5,2,,,1.3875577449798584,0,1.2905470728874207,0.8544345498085022,1.3294417862868426,3,lead,lead,Lead,
76000,intercepted,1,0,0,0,11,9,4.5,2,11.0,5.5,5.257853984832764,0,1.0260178446769714,1.5272160768508911,1.0855124516598111,3,lead,lead,Lead,
76001,intercepted,1,0,0,0,366,9,4.5,357,366.0,183.0,5.222795486450195,0,1.0989587467226236,1.3571350574493408,1.181165372685406,358,lead,lead,Lead,
76002,intercepted,1,0,0,0,9,7,3.5,2,9.0,4.5,4.638123512268066,0,0.47060511509577435,0.6550101637840271,0.5007190735526289,3,lead,lead,Lead,
76003,soldier_caught,0,1,0,0,258,16,8.0,242,,,1.3167680501937866,0,1.1279886899048408,0.7533193826675415,1.217194671981843,243,lead,lead,Lead,
76004,intercepted,1,0,0,0,305,10,5.0,295,305.0,152.5,2.3757996559143066,0,1.1073601573101572,1.169968843460083,1.2023542766876059,296,lead,lead,Lead,
76005,intercepted,1,0,0,0,494,11,5.5,483,494.0,247.0,4.225429534912109,0,1.1364539708972963,1.475412130355835,1.233418397701393,484,lead,lead,Lead,
76006,intercepted,1,0,0,0,285,11,5.5,274,285.0,142.5,4.101743698120117,0,1.1223918561501935,1.0888322591781616,1.2238261503695549,275,lead,lead,Lead,
76007,intercepted,1,0,0,0,116,10,5.0,106,116.0,58.0,3.4532644748687744,0,1.110487529050524,1.0600306987762451,1.231373688323289,107,lead,lead,Lead,
76008,soldier_caught,0,1,0,0,171,13,6.5,158,,,1.9657208919525146,0,1.1310485115965958,1.2381969690322876,1.2250018456730738,159,lead,lead,Lead,
76009,intercepted,1,0,0,0,197,8,4.0,189,197.0,98.5,5.280506134033203,0,1.0902731133526877,0.39333969354629517,1.1927217417233822,190,lead,lead,Lead,
76010,intercepted,1,0,0,0,272,12,6.0,260,272.0,136.0,5.932708740234375,0,1.092569734915463,0.6561405658721924,1.1914539689871464,261,lead,lead,Lead,
76011,intercepted,1,0,0,0,88,9,4.5,79,88.0,44.0,4.596224784851074,0,1.1738846872001887,0.5182785391807556,1.2806250305148108,80,lead,lead,Lead,
76012,soldier_caught,0,1,0,0,54,26,13.0,28,,,1.2603083848953247,0,1.130215784599041,1.6094396114349365,1.2457893916735676,29,lead,lead,Lead,
76013,intercepted,1,0,0,0,432,33,16.5,399,432.0,216.0,3.04551100730896,0,1.1469344518333673,1.0249892473220825,1.2296837745228104,400,lead,lead,Lead,
76014,soldier_caught,0,1,0,0,10,8,4.0,2,,,1.8663569688796997,0,0.8291182219982147,0.3214634954929352,0.9035439024814721,3,lead,lead,Lead,
76015,intercepted,1,0,0,0,108,15,7.5,93,108.0,54.0,9.038470268249512,0,1.0788454013936064,2.3040671348571777,1.1662956690756627,94,lead,lead,Lead,
76016,intercepted,1,0,0,0,31,13,6.5,18,31.0,15.5,12.689643859863281,0,1.2960079155470197,1.6512947082519531,1.425988629300445,19,lead,lead,Lead,
76017,intercepted,1,0,0,0,438,12,6.0,426,438.0,219.0,3.7457151412963867,0,1.1153149507084832,0.9157578349113464,1.2020085618982161,427,lead,lead,Lead,
76018,intercepted,1,0,0,0,74,13,6.5,61,74.0,37.0,5.835512638092041,0,1.240228125404927,1.7332130670547485,1.3379483141933055,62,lead,lead,Lead,
76019,intercepted,1,0,0,0,39,10,5.0,29,39.0,19.5,5.619182109832764,0,1.1749304135640461,1.6318150758743286,1.2940820618637863,30,lead,lead,Lead,
76020,intercepted,1,0,0,0,459,10,5.0,449,459.0,229.5,2.7077627182006836,0,1.0968170572982894,1.161089301109314,1.1742292183869918,450,lead,lead,Lead,
76021,intercepted,1,0,0,0,391,14,7.0,377,391.0,195.5,6.365959167480469,0,1.1135023577858216,1.367256760597229,1.2205511168696426,378,lead,lead,Lead,
76022,intercepted,1,0,0,0,199,16,8.0,183,199.0,99.5,7.946292400360107,0,1.085750853318883,0.6835013628005981,1.174984659428749,184,lead,lead,Lead,
76023,intercepted,1,0,0,0,204,11,5.5,193,204.0,102.0,5.407866954803467,0,1.1274958278254135,0.7124202251434326,1.2327714318406324,194,lead,lead,Lead,
76024,intercepted,1,0,0,0,342,13,6.5,329,342.0,171.0,10.094258308410645,0,1.101854526183822,0.4885195791721344,1.2106545318591384,330,lead,lead,Lead,
76025,intercepted,1,0,0,0,59,14,7.0,45,59.0,29.5,10.204333305358887,0,1.1605267602464426,1.1987638473510742,1.2383619408972875,46,lead,lead,Lead,
76026,intercepted,1,0,0,0,146,19,9.5,127,146.0,73.0,7.627191066741943,0,1.1358910411945544,1.338887333869934,1.2353476786620283,128,lead,lead,Lead,
76027,intercepted,1,0,0,0,258,20,10.0,238,258.0,129.0,6.553037166595459,0,1.1511136578341408,0.7417794466018677,1.243320692383227,239,lead,lead,Lead,
76028,intercepted,1,0,0,0,10,8,4.0,2,10.0,5.0,5.765380382537842,0,0.8574693202972412,0.8291069269180298,0.8719297286412493,3,lead,lead,Lead,
76029,intercepted,1,0,0,0,106,11,5.5,95,106.0,53.0,4.7981648445129395,0,1.186516162008047,1.5090208053588867,1.2820311760018102,96,lead,lead,Lead,
76030,intercepted,1,0,0,0,277,13,6.5,264,277.0,138.5,3.563632011413574,0,1.1330615628440426,1.4209771156311035,1.2313781331674574,265,lead,lead,Lead,
76031,intercepted,1,0,0,0,145,14,7.0,131,145.0,72.5,2.995645761489868,0,1.152014129541137,1.345315933227539,1.2414199735550735,132,lead,lead,Lead,
76032,intercepted,1,0,0,0,57,11,5.5,46,57.0,28.5,4.312973499298096,0,1.3283337855592687,2.0020604133605957,1.4238019797364918,47,lead,lead,Lead,
76033,intercepted,1,0,0,0,301,13,6.5,288,301.0,150.5,8.91196060180664,0,1.088787832938676,0.755720317363739,1.1859732576523945,289,lead,lead,Lead,
76034,intercepted,1,0,0,0,46,14,7.0,32,46.0,23.0,13.742843627929688,0,0.9746953691496993,0.6429466605186462,1.1017524772448206,33,lead,lead,Lead,
76035,intercepted,1,0,0,0,183,30,15.0,153,183.0,91.5,3.6353001594543457,0,1.077444917679607,0.6127127408981323,1.1779474180760698,154,lead,lead,Lead,
76036,intercepted,1,0,0,0,24,9,4.5,15,24.0,12.0,5.479422092437744,0,0.9992751628160477,0.4608072340488434,1.0946210083469572,16,lead,lead,Lead,
76037,intercepted,1,0,0,0,226,53,26.5,173,226.0,113.0,7.81770133972168,0,1.1221828939414573,1.2419122457504272,1.2024679994036551,174,lead,lead,Lead,
76038,intercepted,1,0,0,0,172,12,6.0,160,172.0,86.0,11.440176963806152,0,1.151670185305317,0.5472366809844971,1.2352059235873132,161,lead,lead,Lead,
76039,intercepted,1,0,0,0,95,12,6.0,83,95.0,47.5,8.856589317321777,0,1.2133166151387351,0.9107080698013306,1.3189569289714693,84,lead,lead,Lead,
76040,intercepted,1,0,0,0,68,9,4.5,59,68.0,34.0,7.664609432220459,0,1.050316008925438,1.6217706203460693,1.1400859275273998,60,lead,lead,Lead,
76041,intercepted,1,0,0,0,19,8,4.0,11,19.0,9.5,6.195198059082031,0,1.065733787914117,2.1636111736297607,1.1756476290512035,12,lead,lead,Lead,
76042,soldier_caught,0,1,0,0,35,10,5.0,25,,,1.1469953060150146,0,1.1849607487137501,1.722594141960144,1.3024376953973849,26,lead,lead,Lead,
76043,intercepted,1,0,0,0,61,9,4.5,52,61.0,30.5,6.437425136566162,0,1.159999427930364,1.9749829769134521,1.2633898064474265,53,lead,lead,Lead,
76044,intercepted,1,0,0,0,145,12,6.0,133,145.0,72.5,4.439433574676514,0,1.1416516812212432,1.0911256074905396,1.2393502065896262,134,lead,lead,Lead,
76045,intercepted,1,0,0,0,178,70,35.0,108,178.0,89.0,8.243884086608887,0,1.1152743131195733,2.038226366043091,1.1956255415612493,109,lead,lead,Lead,
76046,intercepted,1,0,0,0,117,9,4.5,108,117.0,58.5,4.183218479156494,0,1.1343710720539093,0.8971972465515137,1.2566626509253296,109,lead,lead,Lead,
76047,intercepted,1,0,0,0,48,8,4.0,40,48.0,24.0,8.223947525024414,0,1.0196858353731109,0.8296339511871338,1.1253869842767328,41,lead,lead,Lead,
76048,intercepted,1,0,0,0,36,23,11.5,13,36.0,18.0,4.379579067230225,0,1.0768928527832031,0.9144623279571533,1.1834151696619968,14,lead,lead,Lead,
76049,soldier_caught,0,1,0,0,11,9,4.5,2,,,1.6086857318878174,0,1.2045658429463704,1.0679254531860352,1.2090948198538956,3,lead,lead,Lead,
76050,soldier_caught,0,1,0,0,84,10,5.0,74,,,1.1775057315826416,0,1.1347925436496735,1.5131943225860596,1.2196669626588752,75,lead,lead,Lead,
76051,intercepted,1,0,0,0,93,9,4.5,84,93.0,46.5,2.3170416355133057,0,1.113421236241565,0.9765567183494568,1.205962330742772,85,lead,lead,Lead,
76052,intercepted,1,0,0,0,92,11,5.5,81,92.0,46.0,6.999369144439697,0,1.1672856836784176,0.6760284304618835,1.24950996800357,82,lead,lead,Lead,
76053,intercepted,1,0,0,0,561,10,5.0,551,561.0,280.5,3.5880205631256104,0,1.1402418969428518,0.8591745495796204,1.2361461191963623,552,lead,lead,Lead,
76054,intercepted,1,0,0,0,21,11,5.5,10,21.0,10.5,5.852073669433594,0,1.1465143019502813,0.5777481198310852,1.2596788353488722,11,lead,lead,Lead,
76055,soldier_caught,0,1,0,0,35,11,5.5,24,,,0.48233965039253235,0,1.0893449366092682,2.1336448192596436,1.1798221162634865,25,lead,lead,Lead,
76056,intercepted,1,0,0,0,54,23,11.5,31,54.0,27.0,10.882118225097656,0,1.1232529608532786,1.8814696073532104,1.2146835633084565,32,lead,lead,Lead,
76057,soldier_caught,0,1,0,0,247,10,5.0,237,,,0.7155483961105347,0,1.1815170728358901,1.0546492338180542,1.2782374347076717,238,lead,lead,Lead,
76058,soldier_caught,0,1,0,0,334,30,15.0,304,,,1.514998197555542,0,1.1507665405507947,1.454162836074829,1.2476718452285398,305,lead,lead,Lead,
76059,intercepted,1,0,0,0,348,30,15.0,318,348.0,174.0,9.3186616897583,0,1.1007128746064854,1.4533250331878662,1.2046970077621153,319,lead,lead,Lead,
76060,intercepted,1,0,0,0,480,8,4.0,472,480.0,240.0,3.1468372344970703,0,1.1221993454194472,1.2512727975845337,1.2265314525218853,473,lead,lead,Lead,
76061,intercepted,1,0,0,0,40,9,4.5,31,40.0,20.0,10.150551795959473,0,1.0931994309648871,1.114212989807129,1.1754368752923081,32,lead,lead,Lead,
76062,intercepted,1,0,0,0,180,10,5.0,170,180.0,90.0,3.345625638961792,0,1.0816443626992187,1.2045750617980957,1.1776011502137091,171,lead,lead,Lead,
76063,intercepted,1,0,0,0,368,19,9.5,349,368.0,184.0,2.571474552154541,0,1.1359896255390984,2.458798408508301,1.2298352668204178,350,lead,lead,Lead,
76064,intercepted,1,0,0,0,108,89,44.5,19,108.0,54.0,13.590892791748047,0,1.0568097352981567,1.7401553392410278,1.144626169473914,20,lead,lead,Lead,
76065,intercepted,1,0,0,0,357,71,35.5,286,357.0,178.5,7.409326553344727,0,1.1395553070597533,1.4822843074798584,1.2462135290580283,287,lead,lead,Lead,
76066,intercepted,1,0,0,0,26,15,7.5,11,26.0,13.0,12.898502349853516,0,1.1655885229508083,0.9292643666267395,1.2204114367038614,12,lead,lead,Lead,
76067,intercepted,1,0,0,0,164,12,6.0,152,164.0,82.0,7.2627739906311035,0,1.1202501420881235,0.7978747487068176,1.192737052190187,153,lead,lead,Lead,
76068,intercepted,1,0,0,0,296,9,4.5,287,296.0,148.0,4.455442905426025,0,1.1326480128595398,1.1079531908035278,1.2276587196100577,288,lead,lead,Lead,
76069,intercepted,1,0,0,0,519,34,17.0,485,519.0,259.5,3.382753610610962,0,1.1168652630330604,1.1418142318725586,1.2066665702020176,486,lead,lead,Lead,
76070,intercepted,1,0,0,0,261,7,3.5,254,261.0,130.5,4.6026082038879395,0,1.1554582974489997,0.9403490424156189,1.238906541587528,255,lead,lead,Lead,
76071,intercepted,1,0,0,0,316,8,4.0,308,316.0,158.0,2.301053524017334,0,1.0976492658643275,1.4191372394561768,1.1879180076140856,309,lead,lead,Lead,
76072,soldier_caught,0,1,0,0,14,12,6.0,2,,,1.9979497194290161,0,1.1313870946566265,0.798955500125885,1.1800141994720772,3,lead,lead,Lead,
76073,soldier_caught,0,1,0,0,33,9,4.5,24,,,1.9255669116973877,0,1.1434053134918214,0.9065437912940979,1.1888933510198314,25,lead,lead,Lead,
76074,intercepted,1,0,0,0,24,11,5.5,13,24.0,12.0,9.236477851867676,0,1.147218951157161,0.9933037757873535,1.237673401141374,14,lead,lead,Lead,
76075,intercepted,1,0,0,0,153,8,4.0,145,153.0,76.5,2.1285784244537354,0,1.1614694498377303,0.8709323406219482,1.2462368996287274,146,lead,lead,Lead,
76076,intercepted,1,0,0,0,149,27,13.5,122,149.0,74.5,5.034544944763184,0,1.1335946581954879,1.8273653984069824,1.2148218826027688,123,lead,lead,Lead,
76077,intercepted,1,0,0,0,73,8,4.0,65,73.0,36.5,3.4823100566864014,0,1.0759170172792492,0.6382678747177124,1.1622828928164035,66,lead,lead,Lead,
76078,intercepted,1,0,0,0,154,10,5.0,144,154.0,77.0,2.8212177753448486,0,1.126354712658915,1.5003410577774048,1.2057419076838827,145,lead,lead,Lead,
76079,intercepted,1,0,0,0,125,11,5.5,114,125.0,62.5,8.625517845153809,0,1.1483979581490806,1.576430320739746,1.2731139996192107,115,lead,lead,Lead,
76080,intercepted,1,0,0,0,50,8,4.0,42,50.0,25.0,2.2223992347717285,0,1.0298326084780138,1.035313367843628,1.1024886899593742,43,lead,lead,Lead,
76081,intercepted,1,0,0,0,218,9,4.5,209,218.0,109.0,3.4047327041625977,0,1.1828389569407418,0.7994195222854614,1.2831380400997412,210,lead,lead,Lead,
76082,intercepted,1,0,0,0,214,23,11.5,191,214.0,107.0,2.7685298919677734,0,1.1360450848005712,0.7381274104118347,1.231787884853602,192,lead,lead,Lead,
76083,intercepted,1,0,0,0,294,12,6.0,282,294.0,147.0,2.032569408416748,0,1.1097786998369668,1.0546538829803467,1.2107277252172544,283,lead,lead,Lead,
76084,intercepted,1,0,0,0,187,13,6.5,174,187.0,93.5,11.836304664611816,0,1.1489155089855194,1.3832193613052368,1.2405245521336876,175,lead,lead,Lead,
76085,intercepted,1,0,0,0,170,8,4.0,162,170.0,85.0,8.457828521728516,0,1.2057531948652735,1.5226291418075562,1.3052688737052736,163,lead,lead,Lead,
76086,intercepted,1,0,0,0,32,11,5.5,21,32.0,16.0,8.368036270141602,0,0.9972942268306558,1.247886061668396,1.069680042769405,22,lead,lead,Lead,
76087,intercepted,1,0,0,0,528,14,7.0,514,528.0,264.0,4.873109340667725,0,1.125300943084712,0.3669368326663971,1.2191653077801032,515,lead,lead,Lead,
76088,intercepted,1,0,0,0,482,11,5.5,471,482.0,241.0,3.4854736328125,0,1.1338918554138835,1.4448463916778564,1.2360478932521501,472,lead,lead,Lead,
76089,intercepted,1,0,0,0,113,11,5.5,102,113.0,56.5,4.040063381195068,0,1.0855678729351284,1.2318782806396484,1.1719686639504614,103,lead,lead,Lead,
76090,intercepted,1,0,0,0,149,10,5.0,139,149.0,74.5,4.3830342292785645,0,1.138124534700598,0.5116004943847656,1.2442583462271573,140,lead,lead,Lead,
76091,intercepted,1,0,0,0,221,9,4.5,212,221.0,110.5,3.379964590072632,0,1.1319100027073157,0.8814834356307983,1.2245981764010856,213,lead,lead,Lead,
76092,intercepted,1,0,0,0,65,12,6.0,53,65.0,32.5,8.286579132080078,0,1.0944131513436635,1.2004746198654175,1.171144369440917,54,lead,lead,Lead,
76093,intercepted,1,0,0,0,167,15,7.5,152,167.0,83.5,4.693439960479736,0,1.1589576572764153,1.6185662746429443,1.2621949368105,153,lead,lead,Lead,
76094,soldier_caught,0,1,0,0,63,11,5.5,52,,,1.7368733882904053,0,1.171257738234862,0.9404727816581726,1.256199674153675,53,lead,lead,Lead,
76095,intercepted,1,0,0,0,143,14,7.0,129,143.0,71.5,4.942574977874756,0,1.0967277134840305,1.3283246755599976,1.1863508025299254,130,lead,lead,Lead,
76096,intercepted,1,0,0,0,67,7,3.5,60,67.0,33.5,7.885307788848877,0,1.2127757468184486,1.0946595668792725,1.2980023882661318,61,lead,lead,Lead,
76097,intercepted,1,0,0,0,110,11,5.5,99,110.0,55.0,2.2813305854797363,0,1.1437592144310473,1.4773118495941162,1.2266410048870862,100,lead,lead,Lead,
76098,intercepted,1,0,0,0,28,12,6.0,16,28.0,14.0,11.268867492675781,0,1.1446896195411682,1.8314239978790283,1.251881417055266,17,lead,lead,Lead,
76099,intercepted,1,0,0,0,312,12,6.0,300,312.0,156.0,4.391882419586182,0,1.0464308890591427,0.8860713839530945,1.1387509120681627,301,lead,lead,Lead,
76100,intercepted,1,0,0,0,159,9,4.5,150,159.0,79.5,2.493288278579712,0,1.083467961936597,1.687558889389038,1.181155098431603,151,lead,lead,Lead,
76101,intercepted,1,0,0,0,200,72,36.0,128,200.0,100.0,10.857674598693848,0,1.0691199302384558,1.5649290084838867,1.1876164182677966,129,lead,lead,Lead,
76102,intercepted,1,0,0,0,39,8,4.0,31,39.0,19.5,3.1875693798065186,0,1.0677705155685544,0.4693387448787689,1.1417813333138154,32,lead,lead,Lead,
76103,intercepted,1,0,0,0,115,15,7.5,100,115.0,57.5,9.505765914916992,0,1.1396531012683813,1.0272098779678345,1.2232753197455932,101,lead,lead,Lead,
76104,soldier_caught,0,1,0,0,35,9,4.5,26,,,1.7535312175750732,0,1.1162587380795568,2.467906951904297,1.2380531004183113,27,lead,lead,Lead,
76105,soldier_caught,0,1,0,0,376,16,8.0,360,,,1.0239999294281006,0,1.0848314566873116,1.143182396888733,1.172418410180956,361,lead,lead,Lead,
76106,intercepted,1,0,0,0,1016,11,5.5,1005,1016.0,508.0,6.713119029998779,0,1.1055298960114095,0.6398152112960815,1.205121556730702,1006,lead,lead,Lead,
76107,intercepted,1,0,0,0,91,11,5.5,80,91.0,45.5,6.60133695602417,0,1.0954380789656697,1.0189003944396973,1.1746161915438382,81,lead,lead,Lead,
76108,intercepted,1,0,0,0,206,34,17.0,172,206.0,103.0,8.7756929397583,0,1.0879951914438624,0.9138790965080261,1.1751281131864704,173,lead,lead,Lead,
76109,intercepted,1,0,0,0,60,12,6.0,48,60.0,30.0,7.846949100494385,0,1.173356026715162,0.6750027537345886,1.2814264209530677,49,lead,lead,Lead,
76110,intercepted,1,0,0,0,74,11,5.5,63,74.0,37.0,7.534608840942383,0,1.1794129027985036,1.0537264347076416,1.2669544957148142,64,lead,lead,Lead,
76111,intercepted,1,0,0,0,58,8,4.0,50,58.0,29.0,3.7168667316436768,0,1.1713011077806061,1.1487479209899902,1.2725207573819142,51,lead,lead,Lead,
76112,intercepted,1,0,0,0,115,62,31.0,53,115.0,57.5,8.338454246520996,0,1.1827317007161953,1.2956700325012207,1.252707654605157,54,lead,lead,Lead,
76113,intercepted,1,0,0,0,50,14,7.0,36,50.0,25.0,9.924102783203125,0,1.1559626363419198,1.4947733879089355,1.263472750001021,37,lead,lead,Lead,
76114,intercepted,1,0,0,0,119,10,5.0,109,119.0,59.5,2.9576401710510254,0,1.177414526722648,1.549726963043213,1.2856928494273776,110,lead,lead,Lead,
76115,intercepted,1,0,0,0,311,9,4.5,302,311.0,155.5,7.4414873123168945,0,1.112638001198029,0.6299413442611694,1.2035401779093817,303,lead,lead,Lead,
76116,intercepted,1,0,0,0,348,8,4.0,340,348.0,174.0,3.4539268016815186,0,1.1456098386094717,0.8822265267372131,1.2440285836825897,341,lead,lead,Lead,
76117,soldier_caught,0,1,0,0,120,65,32.5,55,,,1.06816565990448,0,1.1210335245622056,1.3220736980438232,1.2013439377100497,56,lead,lead,Lead,
76118,intercepted,1,0,0,0,81,12,6.0,69,81.0,40.5,3.629621744155884,0,1.2228118564401353,1.8678820133209229,1.3136192333145715,70,lead,lead,Lead,
76119,intercepted,1,0,0,0,17,8,4.0,9,17.0,8.5,3.009645938873291,0,1.0595260612666606,1.9903429746627808,1.2363605847113415,10,lead,lead,Lead,
76120,intercepted,1,0,0,0,144,38,19.0,106,144.0,72.0,2.7864198684692383,0,1.1152399414889167,0.8195660710334778,1.2264304680467677,107,lead,lead,Lead,
76121,intercepted,1,0,0,0,190,52,26.0,138,190.0,95.0,10.878131866455078,0,1.124505857983939,0.9617453813552856,1.2079127550096673,139,lead,lead,Lead,
76122,intercepted,1,0,0,0,109,10,5.0,99,109.0,54.5,2.5028812885284424,0,1.1056060574948787,1.1747345924377441,1.1923793354363406,100,lead,lead,Lead,
76123,intercepted,1,0,0,0,175,40,20.0,135,175.0,87.5,5.3102617263793945,0,1.0612249851007671,1.301472544670105,1.1615082890276827,136,lead,lead,Lead,
76124,soldier_caught,0,1,0,0,40,14,7.0,26,,,1.624158501625061,0,1.054394888933058,1.252837896347046,1.1632487630589357,27,lead,lead,Lead,
76125,soldier_caught,0,1,0,0,37,10,5.0,27,,,1.912068247795105,0,1.1069966948458128,0.6367084383964539,1.2242577370732275,28,lead,lead,Lead,
76126,intercepted,1,0,0,0,50,20,10.0,30,50.0,25.0,9.459639549255371,0,1.2324213164467965,0.3520534038543701,1.3584893472142148,31,lead,lead,Lead,
76127,intercepted,1,0,0,0,167,7,3.5,160,167.0,83.5,7.424526691436768,0,1.1420313198559033,1.1269131898880005,1.2360579416436226,161,lead,lead,Lead,
76128,intercepted,1,0,0,0,339,9,4.5,330,339.0,169.5,5.939550399780273,0,1.1323950109029826,1.0466734170913696,1.234252406433997,331,lead,lead,Lead,
76129,intercepted,1,0,0,0,104,12,6.0,92,104.0,52.0,5.314568996429443,0,1.1408807321261334,1.452013611793518,1.2340427060480312,93,lead,lead,Lead,
76130,intercepted,1,0,0,0,168,15,7.5,153,168.0,84.0,3.135622262954712,0,1.1462087657350999,0.791350781917572,1.2355982253709343,154,lead,lead,Lead,
76131,intercepted,1,0,0,0,401,12,6.0,389,401.0,200.5,7.112955093383789,0,1.1548929626742999,0.735564649105072,1.245506030772646,390,lead,lead,Lead,
76132,soldier_caught,0,1,0,0,66,38,19.0,28,,,1.6808749437332153,0,1.08739114424278,0.9849677681922913,1.1702237624661946,29,lead,lead,Lead,
76133,intercepted,1,0,0,0,442,47,23.5,395,442.0,221.0,3.9504735469818115,0,1.1470095672164902,1.7633352279663086,1.2436254737994554,396,lead,lead,Lead,
76134,intercepted,1,0,0,0,76,46,23.0,30,76.0,38.0,6.3489179611206055,0,1.2810912507195626,0.6313309669494629,1.428446077475399,31,lead,lead,Lead,
76135,intercepted,1,0,0,0,66,12,6.0,54,66.0,33.0,7.685565948486328,0,1.0784160538153216,1.468459129333496,1.1706955097176162,55,lead,lead,Lead,
76136,intercepted,1,0,0,0,12,10,5.0,2,12.0,6.0,3.533249855041504,0,0.5885854860146841,0.1909295916557312,0.6961207835541722,3,lead,lead,Lead,
76137,soldier_caught,0,1,0,0,268,9,4.5,259,,,1.9771603345870972,0,1.111984133763382,1.1688717603683472,1.2057426742722421,260,lead,lead,Lead,
76138,intercepted,1,0,0,0,70,9,4.5,61,70.0,35.0,2.0595755577087402,0,1.0910678164612861,1.1107250452041626,1.2018075112475155,62,lead,lead,Lead,
76139,intercepted,1,0,0,0,115,28,14.0,87,115.0,57.5,8.143903732299805,0,1.141638850623911,1.7896645069122314,1.230678090948144,88,lead,lead,Lead,
76140,soldier_caught,0,1,0,0,376,11,5.5,365,,,1.3354698419570923,0,1.1136996772527044,1.2339677810668945,1.2103688237619006,366,lead,lead,Lead,
76141,intercepted,1,0,0,0,108,11,5.5,97,108.0,54.0,3.005692481994629,0,1.1084144460607548,0.9781847596168518,1.231735105524349,98,lead,lead,Lead,
76142,intercepted,1,0,0,0,319,13,6.5,306,319.0,159.5,7.200484275817871,0,1.1422481422800972,1.3250516653060913,1.2358139540849558,307,lead,lead,Lead,
76143,soldier_caught,0,1,0,0,56,10,5.0,46,,,1.8443926572799683,0,1.0541905224957364,1.23996102809906,1.1840791849718761,47,lead,lead,Lead,
76144,intercepted,1,0,0,0,188,10,5.0,178,188.0,94.0,3.352614402770996,0,1.129653161963937,1.557962417602539,1.2444305218813725,179,lead,lead,Lead,
76145,intercepted,1,0,0,0,75,7,3.5,68,75.0,37.5,7.751871109008789,0,1.1254072064074918,0.86162930727005,1.2079289186536937,69,lead,lead,Lead,
76146,intercepted,1,0,0,0,449,35,17.5,414,449.0,224.5,9.41321086883545,0,1.1032300024327026,0.6247115731239319,1.1901833902189844,415,lead,lead,Lead,
76147,intercepted,1,0,0,0,149,55,27.5,94,149.0,74.5,6.635606288909912,0,1.1110957790362208,1.3108264207839966,1.1985218381319713,95,lead,lead,Lead,
76148,intercepted,1,0,0,0,181,10,5.0,171,181.0,90.5,8.882558822631836,0,1.1164849293093349,1.2146812677383423,1.2091714131295477,172,lead,lead,Lead,
76149,intercepted,1,0,0,0,80,9,4.5,71,80.0,40.0,11.991368293762207,0,1.16703970109423,1.2161575555801392,1.279895125417697,72,lead,lead,Lead,
76150,intercepted,1,0,0,0,256,14,7.0,242,256.0,128.0,8.574991226196289,0,1.1073096160290172,0.46048271656036377,1.1988858314956106,243,lead,lead,Lead,
76151,intercepted,1,0,0,0,89,8,4.0,81,89.0,44.5,4.170184135437012,0,1.0887198735301087,1.2793132066726685,1.181676683649442,82,lead,lead,Lead,
76152,intercepted,1,0,0,0,176,60,30.0,116,176.0,88.0,11.196881294250488,0,1.1372902459568448,1.1164251565933228,1.2198876553381217,117,lead,lead,Lead,
76153,soldier_caught,0,1,0,0,81,10,5.0,71,,,1.9439541101455688,0,1.1662428685360484,1.5134609937667847,1.2718005352992865,72,lead,lead,Lead,
76154,intercepted,1,0,0,0,20,13,6.5,7,20.0,10.0,9.45564079284668,0,1.398779571056366,0.9436681866645813,1.4625099987450345,8,lead,lead,Lead,
76155,intercepted,1,0,0,0,66,9,4.5,57,66.0,33.0,10.925631523132324,0,1.099733148926291,1.090739369392395,1.1995785131231975,58,lead,lead,Lead,
76156,soldier_caught,0,1,0,0,35,9,4.5,26,,,1.3672916889190674,0,1.1224068579850373,0.9977778792381287,1.1982904410459818,27,lead,lead,Lead,
76157,intercepted,1,0,0,0,39,8,4.0,31,39.0,19.5,5.502364635467529,0,1.1736117219552398,2.1545157432556152,1.2662305344699338,32,lead,lead,Lead,
76158,intercepted,1,0,0,0,51,17,8.5,34,51.0,25.5,9.127272605895996,0,1.0818472278969629,1.2896182537078857,1.1834877003363276,35,lead,lead,Lead,
76159,soldier_caught,0,1,0,0,80,13,6.5,67,,,1.0873868465423584,0,1.087653366739259,1.9873450994491577,1.1963884888426273,68,lead,lead,Lead,
76160,intercepted,1,0,0,0,376,8,4.0,368,376.0,188.0,3.951216459274292,0,1.1149797771115937,1.2716476917266846,1.2068896460163707,369,lead,lead,Lead,
76161,intercepted,1,0,0,0,54,47,23.5,7,54.0,27.0,13.044285774230957,0,1.0186099819839,0.6040445566177368,1.1247694920194289,8,lead,lead,Lead,
76162,intercepted,1,0,0,0,160,9,4.5,151,160.0,80.0,6.3031768798828125,0,1.086344943528897,1.783870816230774,1.1749155303901735,152,lead,lead,Lead,
76163,intercepted,1,0,0,0,292,8,4.0,284,292.0,146.0,7.59628438949585,0,1.0732624122970982,1.3142011165618896,1.1626093333704577,285,lead,lead,Lead,
76164,intercepted,1,0,0,0,346,7,3.5,339,346.0,173.0,5.2192840576171875,0,1.0903561315006194,1.2785724401474,1.17996284078353,340,lead,lead,Lead,
76165,intercepted,1,0,0,0,274,9,4.5,265,274.0,137.0,4.664804935455322,0,1.1155241443810606,0.5354205965995789,1.2160352108222008,266,lead,lead,Lead,
76166,intercepted,1,0,0,0,95,70,35.0,25,95.0,47.5,2.9826672077178955,0,1.006444857097589,0.7225784063339233,1.0914537020584196,26,lead,lead,Lead,
76167,intercepted,1,0,0,0,139,15,7.5,124,139.0,69.5,2.588703155517578,0,1.1432033505439758,2.0041449069976807,1.2606785855422786,125,lead,lead,Lead,
76168,soldier_caught,0,1,0,0,35,8,4.0,27,,,1.9050966501235962,0,1.2493334279528685,1.5523216724395752,1.3467211058330326,28,lead,lead,Lead,
76169,intercepted,1,0,0,0,88,17,8.5,71,88.0,44.0,5.09616756439209,0,1.0923141394224432,0.6574344635009766,1.1722290200370584,72,lead,lead,Lead,
76170,intercepted,1,0,0,0,24,10,5.0,14,24.0,12.0,5.806168556213379,0,1.0408448219299316,1.0030382871627808,1.111997919200607,15,lead,lead,Lead,
76171,intercepted,1,0,0,0,402,163,81.5,239,402.0,201.0,4.8190836906433105,0,1.1456792160868645,2.1390254497528076,1.2428266227640803,240,lead,lead,Lead,
76172,soldier_caught,0,1,0,0,589,11,5.5,578,,,1.8658109903335571,0,1.1440340262774977,0.9811496138572693,1.2355981988055489,579,lead,lead,Lead,
76173,unsafe_intercept,0,0,1,0,186,31,15.5,155,,,3.122098684310913,0,1.2107714960972469,1.190575361251831,1.3115579421377999,156,lead,lead,Lead,
76174,intercepted,1,0,0,0,89,9,4.5,80,89.0,44.5,7.939606189727783,0,1.0927159918679132,0.8579592108726501,1.1965189460273078,81,lead,lead,Lead,
76175,intercepted,1,0,0,0,73,19,9.5,54,73.0,36.5,13.068914413452148,0,1.1869409902529282,0.6488044857978821,1.2866562187637354,55,lead,lead,Lead,
76176,intercepted,1,0,0,0,109,11,5.5,98,109.0,54.5,8.12033748626709,0,1.1238107783625824,0.8299374580383301,1.2381709582599714,99,lead,lead,Lead,
76177,intercepted,1,0,0,0,100,18,9.0,82,100.0,50.0,9.46560001373291,0,1.1948694755513984,1.6371760368347168,1.2701210497162387,83,lead,lead,Lead,
76178,intercepted,1,0,0,0,169,45,22.5,124,169.0,84.5,12.074090957641602,0,1.1830202610492706,0.989551842212677,1.282691268993054,125,lead,lead,Lead,
76179,intercepted,1,0,0,0,86,8,4.0,78,86.0,43.0,2.2463436126708984,0,1.1167451763832117,1.2933886051177979,1.1919221344859985,79,lead,lead,Lead,
76180,intercepted,1,0,0,0,242,7,3.5,235,242.0,121.0,2.6068756580352783,0,1.1536169702471313,1.4180651903152466,1.2530043714738233,236,lead,lead,Lead,
76181,intercepted,1,0,0,0,108,14,7.0,94,108.0,54.0,10.584142684936523,0,1.1451555338345076,0.7225703001022339,1.2437972139353048,95,lead,lead,Lead,
76182,intercepted,1,0,0,0,559,8,4.0,551,559.0,279.5,2.0054097175598145,0,1.1542417469124,2.586885452270508,1.2540108293986585,552,lead,lead,Lead,
76183,soldier_caught,0,1,0,0,67,12,6.0,55,,,1.888963222503662,0,1.185121369681188,1.2620580196380615,1.2941758369665588,56,lead,lead,Lead,
76184,intercepted,1,0,0,0,109,11,5.5,98,109.0,54.5,5.592644214630127,0,1.2152591784193059,1.717515230178833,1.308503308436483,99,lead,lead,Lead,
76185,intercepted,1,0,0,0,110,95,47.5,15,110.0,55.0,11.109273910522461,0,1.470483209937811,1.6289892196655273,1.5516332420939711,16,lead,lead,Lead,
76186,intercepted,1,0,0,0,647,10,5.0,637,647.0,323.5,6.733506679534912,0,1.1350562082936397,0.6687926054000854,1.2382997667792377,638,lead,lead,Lead,
76187,soldier_caught,0,1,0,0,412,10,5.0,402,,,1.6824941635131836,0,1.1205980348269047,1.0147422552108765,1.2228128575767414,403,lead,lead,Lead,
76188,intercepted,1,0,0,0,148,11,5.5,137,148.0,74.0,5.113441467285156,0,1.1138503357120182,0.7905940413475037,1.2128965082444119,138,lead,lead,Lead,
76189,intercepted,1,0,0,0,187,9,4.5,178,187.0,93.5,2.213303327560425,0,1.129143605685101,0.6442409753799438,1.2106397612737332,179,lead,lead,Lead,
76190,intercepted,1,0,0,0,143,55,27.5,88,143.0,71.5,3.0333828926086426,0,1.034863162241625,0.9304333925247192,1.1440678850865658,89,lead,lead,Lead,
76191,intercepted,1,0,0,0,39,7,3.5,32,39.0,19.5,3.902496099472046,0,1.191526716405695,1.001466155052185,1.2620222411607247,33,lead,lead,Lead,
76192,intercepted,1,0,0,0,32,24,12.0,8,32.0,16.0,13.16673469543457,0,1.1647727092107136,1.0211282968521118,1.2427095884738784,9,lead,lead,Lead,
76193,intercepted,1,0,0,0,38,11,5.5,27,38.0,19.0,7.526699542999268,0,1.0182981799755777,1.014028549194336,1.096684120342857,28,lead,lead,Lead,
76194,intercepted,1,0,0,0,234,22,11.0,212,234.0,117.0,2.870582103729248,0,1.1937841088139396,1.1479750871658325,1.2966893511195416,213,lead,lead,Lead,
76195,intercepted,1,0,0,0,201,12,6.0,189,201.0,100.5,6.472757816314697,0,1.1614728054717967,1.6417497396469116,1.2546938903383014,190,lead,lead,Lead,
76196,intercepted,1,0,0,0,23,14,7.0,9,23.0,11.5,8.718025207519531,0,1.1085353136062621,2.10622239112854,1.2535333254570296,10,lead,lead,Lead,
76197,intercepted,1,0,0,0,152,14,7.0,138,152.0,76.0,2.29076886177063,0,1.1601265594899226,1.5865833759307861,1.2466700143318326,139,lead,lead,Lead,
76198,intercepted,1,0,0,0,310,10,5.0,300,310.0,155.0,4.526713848114014,0,1.1049952918409904,1.109110951423645,1.1959430772280453,301,lead,lead,Lead,
76199,intercepted,1,0,0,0,275,9,4.5,266,275.0,137.5,6.087005615234375,0,1.1776843745163763,1.6834150552749634,1.2786499623086143,267,lead,lead,Lead,
76200,intercepted,1,0,0,0,77,8,4.0,69,77.0,38.5,4.040340423583984,0,1.1847002242292677,1.4638304710388184,1.2512875616634347,70,lead,lead,Lead,
76201,intercepted,1,0,0,0,24,9,4.5,15,24.0,12.0,2.5507407188415527,0,0.9673927687108517,1.2655718326568604,1.0028147676598635,16,lead,lead,Lead,
76202,intercepted,1,0,0,0,89,13,6.5,76,89.0,44.5,5.884510040283203,0,1.0553181258501945,1.5201629400253296,1.1446915056237252,77,lead,lead,Lead,
76203,soldier_caught,0,1,0,0,446,18,9.0,428,,,1.0426074266433716,0,1.12522920761214,0.8574330806732178,1.2183586083948588,429,lead,lead,Lead,
76204,intercepted,1,0,0,0,34,11,5.5,23,34.0,17.0,3.916903257369995,0,1.277652084827423,1.179421305656433,1.3639532351623125,24,lead,lead,Lead,
76205,intercepted,1,0,0,0,86,26,13.0,60,86.0,43.0,9.633779525756836,0,1.0850820170074214,1.1742441654205322,1.163882931242546,61,lead,lead,Lead,
76206,intercepted,1,0,0,0,259,12,6.0,247,259.0,129.5,5.684747695922852,0,1.1346655579343918,0.5964964032173157,1.238058523562513,248,lead,lead,Lead,
76207,intercepted,1,0,0,0,18,8,4.0,10,18.0,9.0,5.670772552490234,0,0.8929522200064226,1.2441896200180054,0.9247737714253323,11,lead,lead,Lead,
76208,intercepted,1,0,0,0,18,9,4.5,9,18.0,9.0,13.24499797821045,0,1.3291975200176238,1.1261992454528809,1.372584249855297,10,lead,lead,Lead,
76209,soldier_caught,0,1,0,0,188,10,5.0,178,,,1.324395775794983,0,1.1360559173802425,0.6808869242668152,1.2417617639445409,179,lead,lead,Lead,
76210,soldier_caught,0,1,0,0,35,11,5.5,24,,,0.7259591221809387,0,1.0856697112321854,0.36508455872535706,1.1624966921683701,25,lead,lead,Lead,
76211,intercepted,1,0,0,0,157,10,5.0,147,157.0,78.5,2.247152805328369,0,1.078842534608132,1.2879799604415894,1.1586645673235167,148,lead,lead,Lead,
76212,intercepted,1,0,0,0,51,10,5.0,41,51.0,25.5,5.137845039367676,0,0.979562833195641,1.6455177068710327,1.0709834731202417,42,lead,lead,Lead,
76213,intercepted,1,0,0,0,399,23,11.5,376,399.0,199.5,2.5571680068969727,0,1.1447866089118333,0.46577581763267517,1.231021935832752,377,lead,lead,Lead,
76214,intercepted,1,0,0,0,170,18,9.0,152,170.0,85.0,2.116816997528076,0,1.1766086209054087,1.6208964586257935,1.2568729571053163,153,lead,lead,Lead,
76215,intercepted,1,0,0,0,88,12,6.0,76,88.0,44.0,6.411539554595947,0,1.1690152550672557,0.8607764840126038,1.2635217739222855,77,lead,lead,Lead,
76216,intercepted,1,0,0,0,87,8,4.0,79,87.0,43.5,4.621610164642334,0,1.0828522950410844,0.8742125034332275,1.1944926141158914,80,lead,lead,Lead,
76217,intercepted,1,0,0,0,301,30,15.0,271,301.0,150.5,5.930947303771973,0,1.1460581603733933,1.1930210590362549,1.2353952711666893,272,lead,lead,Lead,
76218,intercepted,1,0,0,0,163,25,12.5,138,163.0,81.5,9.795683860778809,0,1.1269694612823802,0.9434295296669006,1.2098940037225738,139,lead,lead,Lead,
76219,intercepted,1,0,0,0,57,9,4.5,48,57.0,28.5,8.615045547485352,0,1.207639247787242,1.002321481704712,1.2943900610227468,49,lead,lead,Lead,
76220,intercepted,1,0,0,0,430,8,4.0,422,430.0,215.0,2.2544808387756348,0,1.097109428851317,0.7835400104522705,1.1997163609041506,423,lead,lead,Lead,
76221,intercepted,1,0,0,0,53,9,4.5,44,53.0,26.5,7.221591949462891,0,1.0915919376744165,1.0578641891479492,1.1885266180009617,45,lead,lead,Lead,
76222,intercepted,1,0,0,0,220,11,5.5,209,220.0,110.0,4.552475452423096,0,1.1536968619340942,0.7448428273200989,1.2673064323066792,210,lead,lead,Lead,
76223,intercepted,1,0,0,0,38,9,4.5,29,38.0,19.0,3.2970504760742188,0,1.211850792169571,0.564180314540863,1.3033539925309934,30,lead,lead,Lead,
76224,soldier_caught,0,1,0,0,167,9,4.5,158,,,1.297765851020813,0,1.153410737432024,1.3190373182296753,1.2554367322673115,159,lead,lead,Lead,
76225,intercepted,1,0,0,0,15,13,6.5,2,15.0,7.5,4.225447654724121,0,0.9549173911412557,1.0040305852890015,0.9640276157790632,3,lead,lead,Lead,
76226,intercepted,1,0,0,0,13,11,5.5,2,13.0,6.5,4.914334297180176,0,1.1170080701510112,1.0046095848083496,1.1868482035094132,3,lead,lead,Lead,
76227,intercepted,1,0,0,0,200,28,14.0,172,200.0,100.0,3.4771056175231934,0,1.084005431029838,1.369885802268982,1.178230079857251,173,lead,lead,Lead,
76228,intercepted,1,0,0,0,305,9,4.5,296,305.0,152.5,5.4356184005737305,0,1.106008492033891,1.248420238494873,1.2106097201127417,297,lead,lead,Lead,
76229,intercepted,1,0,0,0,571,97,48.5,474,571.0,285.5,2.428194999694824,0,1.0956870039826945,1.391776204109192,1.1945220798680354,475,lead,lead,Lead,
76230,soldier_caught,0,1,0,0,43,17,8.5,26,,,1.6396293640136719,0,1.105511846365752,1.0039024353027344,1.1919907129191036,27,lead,lead,Lead,
76231,intercepted,1,0,0,0,214,65,32.5,149,214.0,107.0,6.326345443725586,0,1.136011759340763,1.5305664539337158,1.2231183340517335,150,lead,lead,Lead,
76232,intercepted,1,0,0,0,331,62,31.0,269,331.0,165.5,10.876619338989258,0,1.1261710334983137,1.1392995119094849,1.2165046439957858,270,lead,lead,Lead,
76233,intercepted,1,0,0,0,207,8,4.0,199,207.0,103.5,2.2116334438323975,0,1.0746705953031779,1.0253099203109741,1.1781354135830784,200,lead,lead,Lead,
76234,intercepted,1,0,0,0,155,13,6.5,142,155.0,77.5,5.403506278991699,0,1.080769971221477,0.7537195086479187,1.1814993264391354,143,lead,lead,Lead,
76235,intercepted,1,0,0,0,33,21,10.5,12,33.0,16.5,10.910507202148438,0,1.0888136969162867,0.44850122928619385,1.1920385525525297,13,lead,lead,Lead,
76236,intercepted,1,0,0,0,52,28,14.0,24,52.0,26.0,5.6816864013671875,0,1.0511118805408477,0.5439934134483337,1.145399750785875,25,lead,lead,Lead,
76237,intercepted,1,0,0,0,327,40,20.0,287,327.0,163.5,4.606107234954834,0,1.161966645055347,1.2771166563034058,1.2549597805843564,288,lead,lead,Lead,
76238,intercepted,1,0,0,0,305,11,5.5,294,305.0,152.5,6.0268473625183105,0,1.073730567956375,1.1092413663864136,1.1654690811380841,295,lead,lead,Lead,
76239,intercepted,1,0,0,0,53,11,5.5,42,53.0,26.5,12.414321899414062,0,1.0816610018874324,0.4955998659133911,1.2185954756354276,43,lead,lead,Lead,
76240,intercepted,1,0,0,0,92,13,6.5,79,92.0,46.0,7.001932144165039,0,1.0491153737530112,0.37483182549476624,1.1573418234514723,80,lead,lead,Lead,
76241,intercepted,1,0,0,0,58,13,6.5,45,58.0,29.0,5.196961402893066,0,1.081014357831167,2.1792562007904053,1.1871418805308067,46,lead,lead,Lead,
76242,intercepted,1,0,0,0,139,15,7.5,124,139.0,69.5,9.392809867858887,0,1.1258580621480943,1.3980791568756104,1.2233610564025275,125,lead,lead,Lead,
76243,intercepted,1,0,0,0,250,10,5.0,240,250.0,125.0,4.521671772003174,0,1.1431058714034894,0.8135160207748413,1.230371550177832,241,lead,lead,Lead,
76244,intercepted,1,0,0,0,164,17,8.5,147,164.0,82.0,9.585143089294434,0,1.077515663629448,1.5004976987838745,1.1753141080611842,148,lead,lead,Lead,
76245,intercepted,1,0,0,0,10,8,4.0,2,10.0,5.0,4.683559417724609,0,1.4726871252059937,1.0859599113464355,1.5322216515959262,3,lead,lead,Lead,
76246,intercepted,1,0,0,0,449,9,4.5,440,449.0,224.5,8.676047325134277,0,1.1412292590318354,1.9553333520889282,1.2410565549764658,441,lead,lead,Lead,
76247,intercepted,1,0,0,0,10,8,4.0,2,10.0,5.0,6.752895355224609,0,1.2479506134986877,1.3876889944076538,1.2828015079036144,3,lead,lead,Lead,
76248,intercepted,1,0,0,0,56,10,5.0,46,56.0,28.0,2.727482795715332,0,1.0623243413072951,1.3527233600616455,1.1260876808135847,47,lead,lead,Lead,
76249,intercepted,1,0,0,0,27,20,10.0,7,27.0,13.5,14.197980880737305,0,1.174661137163639,1.3238071203231812,1.2027185875933597,8,lead,lead,Lead,
76250,soldier_caught,0,1,0,0,37,8,4.0,29,,,1.9056799411773682,0,1.2451801478862763,1.4163579940795898,1.3532003374656993,30,lead,lead,Lead,
76251,intercepted,1,0,0,0,58,14,7.0,44,58.0,29.0,6.271520614624023,0,1.143518269724316,0.8839678764343262,1.24016527540348,45,lead,lead,Lead,
76252,intercepted,1,0,0,0,41,15,7.5,26,41.0,20.5,12.033095359802246,0,1.0235499380915254,1.3584532737731934,1.0952304193112146,27,lead,lead,Lead,
76253,soldier_caught,0,1,0,0,40,11,5.5,29,,,0.7946963906288147,0,1.134387269616127,0.4231521785259247,1.2189668826305773,30,lead,lead,Lead,
76254,intercepted,1,0,0,0,208,15,7.5,193,208.0,104.0,2.187446355819702,0,1.164842096915872,0.4552607834339142,1.267693592059002,194,lead,lead,Lead,
76255,intercepted,1,0,0,0,9,7,3.5,2,9.0,4.5,6.1404709815979,0,1.39930260181427,1.7309852838516235,1.4250028632873712,3,lead,lead,Lead,
76256,soldier_caught,0,1,0,0,598,40,20.0,558,,,1.1536312103271484,0,1.118099219350674,0.8670023679733276,1.2166523549110657,559,lead,lead,Lead,
76257,intercepted,1,0,0,0,52,9,4.5,43,52.0,26.0,5.682351589202881,0,1.1546400927684524,1.170901894569397,1.2226142889357596,44,lead,lead,Lead,
76258,intercepted,1,0,0,0,265,16,8.0,249,265.0,132.5,5.957711696624756,0,1.104651983857155,0.8852077126502991,1.203004996229617,250,lead,lead,Lead,
76259,intercepted,1,0,0,0,10,8,4.0,2,10.0,5.0,5.510670185089111,0,1.3400502800941467,1.7315938472747803,1.4334347054835752,3,lead,lead,Lead,
76260,intercepted,1,0,0,0,189,11,5.5,178,189.0,94.5,2.5208048820495605,0,1.1497446599952335,0.9498723149299622,1.2488576300897563,179,lead,lead,Lead,
76261,intercepted,1,0,0,0,32,9,4.5,23,32.0,16.0,2.9983561038970947,0,0.9843137872715791,1.096732258796692,1.104039586048614,24,lead,lead,Lead,
76262,soldier_caught,0,1,0,0,362,56,28.0,306,,,1.6039446592330933,0,1.156810943049406,1.2334152460098267,1.2645378627893615,307,lead,lead,Lead,
76263,soldier_caught,0,1,0,0,47,10,5.0,37,,,1.8405005931854248,0,1.067358725165066,0.9567241072654724,1.1345651345714702,38,lead,lead,Lead,
76264,intercepted,1,0,0,0,41,11,5.5,30,41.0,20.5,4.841511249542236,0,1.2113381951085982,2.032062292098999,1.296296921344086,31,lead,lead,Lead,
76265,intercepted,1,0,0,0,25,11,5.5,14,25.0,12.5,5.729633808135986,0,1.047882797320684,0.5198718905448914,1.0998888177367694,15,lead,lead,Lead,
76266,intercepted,1,0,0,0,420,12,6.0,408,420.0,210.0,2.3234293460845947,0,1.1047667384621276,1.2050960063934326,1.204604493398373,409,lead,lead,Lead,
76267,soldier_caught,0,1,0,0,174,14,7.0,160,,,1.037906289100647,0,1.1738327406578182,1.5730845928192139,1.2766593224337754,161,lead,lead,Lead,
76268,intercepted,1,0,0,0,222,13,6.5,209,222.0,111.0,11.760788917541504,0,1.101650670951321,0.9411368370056152,1.1940870471220677,210,lead,lead,Lead,
76269,intercepted,1,0,0,0,339,8,4.0,331,339.0,169.5,5.161202430725098,0,1.0784179965954228,0.9803259372711182,1.16976744527976,332,lead,lead,Lead,
76270,intercepted,1,0,0,0,9,7,3.5,2,9.0,4.5,6.095444202423096,0,0.7680138349533081,0.7059577703475952,0.7704302113567219,3,lead,lead,Lead,
76271,intercepted,1,0,0,0,109,11,5.5,98,109.0,54.5,2.2375247478485107,0,1.143268946746383,1.3097317218780518,1.218022535168124,99,lead,lead,Lead,
76272,soldier_caught,0,1,0,0,57,9,4.5,48,,,1.1021368503570557,0,1.0777394205940014,1.7955435514450073,1.194433985883893,49,lead,lead,Lead,
76273,intercepted,1,0,0,0,462,19,9.5,443,462.0,231.0,2.3574297428131104,0,1.1091238887779213,0.6973422169685364,1.2020734177182546,444,lead,lead,Lead,
76274,intercepted,1,0,0,0,44,20,10.0,24,44.0,22.0,4.595503330230713,0,1.0517761719226837,2.236973285675049,1.1579474136321708,25,lead,lead,Lead,
76275,intercepted,1,0,0,0,328,11,5.5,317,328.0,164.0,7.307826042175293,0,1.1371457232338078,1.1656255722045898,1.2319064110491298,318,lead,lead,Lead,
76276,intercepted,1,0,0,0,138,12,6.0,126,138.0,69.0,5.594250202178955,0,1.09267831095091,0.9694827795028687,1.1961481562996938,127,lead,lead,Lead,
76277,intercepted,1,0,0,0,303,10,5.0,293,303.0,151.5,3.1234350204467773,0,1.1545673840913644,1.332516074180603,1.249959527297063,294,lead,lead,Lead,
76278,intercepted,1,0,0,0,339,13,6.5,326,339.0,169.5,4.107396125793457,0,1.087939128279686,0.6964488625526428,1.1811038680096482,327,lead,lead,Lead,
76279,intercepted,1,0,0,0,719,9,4.5,710,719.0,359.5,2.872896432876587,0,1.126723728288075,0.5710035562515259,1.2193440459094411,711,lead,lead,Lead,
76280,intercepted,1,0,0,0,114,20,10.0,94,114.0,57.0,3.3775787353515625,0,1.1206996911450435,1.7258992195129395,1.2149007447617977,95,lead,lead,Lead,
76281,intercepted,1,0,0,0,137,11,5.5,126,137.0,68.5,4.7962422370910645,0,1.1437933862678649,2.2026162147521973,1.2405001556869024,127,lead,lead,Lead,
76282,soldier_caught,0,1,0,0,108,16,8.0,92,,,1.9061797857284546,0,1.1223831356212657,0.5789000391960144,1.2070301217360222,93,lead,lead,Lead,
76283,intercepted,1,0,0,0,10,9,4.5,1,10.0,5.0,3.877112627029419,0,1.651506245136261,0.955077052116394,1.7923410664866146,2,lead,lead,Lead,
76284,intercepted,1,0,0,0,385,10,5.0,375,385.0,192.5,5.349606037139893,0,1.1206570319989895,0.3615955412387848,1.2162477040191673,376,lead,lead,Lead,
76285,intercepted,1,0,0,0,395,29,14.5,366,395.0,197.5,6.9851274490356445,0,1.1546941734951912,1.1842787265777588,1.2532519730967229,367,lead,lead,Lead,
76286,intercepted,1,0,0,0,142,8,4.0,134,142.0,71.0,2.1933486461639404,0,1.1748858052271385,0.5342169404029846,1.2725443059166672,135,lead,lead,Lead,
76287,intercepted,1,0,0,0,111,39,19.5,72,111.0,55.5,4.385772228240967,0,1.1646647114459783,0.9632520079612732,1.2487803570238507,73,lead,lead,Lead,
76288,intercepted,1,0,0,0,39,11,5.5,28,39.0,19.5,3.6197011470794678,0,1.0058892194567055,0.8332454562187195,1.085700660418841,29,lead,lead,Lead,
76289,soldier_caught,0,1,0,0,36,7,3.5,29,,,1.5096033811569214,0,1.004152286052704,0.8522798418998718,1.077045963405434,30,lead,lead,Lead,
76290,intercepted,1,0,0,0,88,73,36.5,15,88.0,44.0,12.970014572143555,0,1.112184427678585,1.0537396669387817,1.189630848970313,16,lead,lead,Lead,
76291,intercepted,1,0,0,0,33,7,3.5,26,33.0,16.5,6.033602237701416,0,1.1961028774579365,0.12865722179412842,1.277705525928649,27,lead,lead,Lead,
76292,intercepted,1,0,0,0,66,20,10.0,46,66.0,33.0,11.767066955566406,0,1.0203804082058845,0.6894196271896362,1.114670988432653,47,lead,lead,Lead,
76293,intercepted,1,0,0,0,724,11,5.5,713,724.0,362.0,2.796710968017578,0,1.1297223911065013,1.1819419860839844,1.216424442151701,714,lead,lead,Lead,
76294,intercepted,1,0,0,0,181,7,3.5,174,181.0,90.5,8.5471773147583,0,1.1060614369596753,1.1252905130386353,1.1893797012690026,175,lead,lead,Lead,
76295,intercepted,1,0,0,0,253,61,30.5,192,253.0,126.5,10.062254905700684,0,1.0485097785996649,0.43769025802612305,1.1469205986608193,193,lead,lead,Lead,
76296,soldier_caught,0,1,0,0,87,9,4.5,78,,,0.6689982414245605,0,1.1133478157505203,0.9514674544334412,1.193442083584029,79,lead,lead,Lead,
76297,intercepted,1,0,0,0,163,8,4.0,155,163.0,81.5,10.33181095123291,0,1.193669488796821,0.7458375692367554,1.2918094603045152,156,lead,lead,Lead,
76298,intercepted,1,0,0,0,46,9,4.5,37,46.0,23.0,2.866014242172241,0,1.2854665635447753,1.3793411254882812,1.381912236984769,38,lead,lead,Lead,
76299,intercepted,1,0,0,0,10,8,4.0,2,10.0,5.0,4.050889015197754,0,1.018127679824829,1.3093879222869873,1.0467187932816941,3,lead,lead,Lead,
76300,intercepted,1,0,0,0,51,21,10.5,30,51.0,25.5,11.591412544250488,0,1.2156886693931395,1.0310100317001343,1.3327954635835082,31,lead,lead,Lead,
76301,intercepted,1,0,0,0,57,10,5.0,47,57.0,28.5,2.635904312133789,0,1.1657274439930916,1.1917405128479004,1.2334825412777153,48,lead,lead,Lead,
76302,intercepted,1,0,0,0,86,11,5.5,75,86.0,43.0,10.521069526672363,0,1.10021385452465,1.2077347040176392,1.2049420921472334,76,lead,lead,Lead,
76303,intercepted,1,0,0,0,101,11,5.5,90,101.0,50.5,3.015291452407837,0,1.1059634918039971,0.5973445177078247,1.1902922836661967,91,lead,lead,Lead,
76304,intercepted,1,0,0,0,353,8,4.0,345,353.0,176.5,10.060755729675293,0,1.1282969898829571,1.2065702676773071,1.2195027189327323,346,lead,lead,Lead,
76305,intercepted,1,0,0,0,527,15,7.5,512,527.0,263.5,4.316278457641602,0,1.1543920755560635,1.6871376037597656,1.2547530364713997,513,lead,lead,Lead,
76306,soldier_caught,0,1,0,0,12,9,4.5,3,,,1.1014450788497925,0,1.1196102648973465,0.9996309876441956,1.1401056251020723,4,lead,lead,Lead,
76307,intercepted,1,0,0,0,42,13,6.5,29,42.0,21.0,11.837059020996094,0,1.1428380558888118,1.9266482591629028,1.2647537838945602,30,lead,lead,Lead,
76308,intercepted,1,0,0,0,38,11,5.5,27,38.0,19.0,5.785557746887207,0,1.137674756348133,1.119928240776062,1.2106460298534232,28,lead,lead,Lead,
76309,intercepted,1,0,0,0,326,14,7.0,312,326.0,163.0,3.2230918407440186,0,1.0989150785790465,1.234360694885254,1.1973938711864298,313,lead,lead,Lead,
76310,intercepted,1,0,0,0,108,10,5.0,98,108.0,54.0,5.646854400634766,0,1.1357995316837772,0.8697938323020935,1.2331222306303893,99,lead,lead,Lead,
76311,intercepted,1,0,0,0,385,23,11.5,362,385.0,192.5,2.6711344718933105,0,1.1305382651156302,0.6356377005577087,1.225047264551816,363,lead,lead,Lead,
76312,soldier_caught,0,1,0,0,169,98,49.0,71,,,1.3269230127334595,0,1.1521437238487933,0.5270387530326843,1.2672106929509668,72,lead,lead,Lead,
76313,intercepted,1,0,0,0,629,9,4.5,620,629.0,314.5,6.218627452850342,0,1.1500160975348739,0.9340798258781433,1.259658277693929,621,lead,lead,Lead,
76314,intercepted,1,0,0,0,70,9,4.5,61,70.0,35.0,4.855357646942139,0,1.1479413850653557,0.7376439571380615,1.2743441877002768,62,lead,lead,Lead,
76315,intercepted,1,0,0,0,113,38,19.0,75,113.0,56.5,12.033760070800781,0,1.165470994224674,1.2152233123779297,1.2707717409652424,76,lead,lead,Lead,
76316,intercepted,1,0,0,0,115,34,17.0,81,115.0,57.5,2.9217593669891357,0,1.2285085273225134,0.5974191427230835,1.332569497538176,82,lead,lead,Lead,
76317,intercepted,1,0,0,0,110,8,4.0,102,110.0,55.0,11.243846893310547,0,1.166870775153336,1.9193216562271118,1.28248289112192,103,lead,lead,Lead,
76318,intercepted,1,0,0,0,712,11,5.5,701,712.0,356.0,2.0085580348968506,0,1.1133351712421304,1.136896014213562,1.2088422432497685,702,lead,lead,Lead,
76319,intercepted,1,0,0,0,323,14,7.0,309,323.0,161.5,2.753934144973755,0,1.1070502065122128,0.7443633675575256,1.2037057643687004,310,lead,lead,Lead,
76320,intercepted,1,0,0,0,106,12,6.0,94,106.0,53.0,11.419425010681152,0,1.139795689520083,2.049093246459961,1.244449266942756,95,lead,lead,Lead,
76321,intercepted,1,0,0,0,54,13,6.5,41,54.0,27.0,8.437291145324707,0,1.0677161940506525,0.5733963847160339,1.1410165817153408,42,lead,lead,Lead,
76322,intercepted,1,0,0,0,72,15,7.5,57,72.0,36.0,5.853941917419434,0,1.1590858235441406,1.960008978843689,1.2601221620519476,58,lead,lead,Lead,
76323,intercepted,1,0,0,0,55,8,4.0,47,55.0,27.5,8.010809898376465,0,1.123046360289057,2.393740653991699,1.2293853857267225,48,lead,lead,Lead,
76324,intercepted,1,0,0,0,64,14,7.0,50,64.0,32.0,6.258504390716553,0,1.0764773680883295,0.7802829742431641,1.1522517876823757,51,lead,lead,Lead,
76325,intercepted,1,0,0,0,184,13,6.5,171,184.0,92.0,9.098316192626953,0,1.1513278209712616,0.914384663105011,1.2599592495023388,172,lead,lead,Lead,
76326,intercepted,1,0,0,0,110,9,4.5,101,110.0,55.0,3.0058348178863525,0,1.128647682129168,1.075080394744873,1.21023784414067,102,lead,lead,Lead,
76327,intercepted,1,0,0,0,261,9,4.5,252,261.0,130.5,2.8316164016723633,0,1.170094781006749,0.628128707408905,1.2834326434121095,253,lead,lead,Lead,
76328,intercepted,1,0,0,0,160,9,4.5,151,160.0,80.0,3.6280312538146973,0,1.1586098665077436,0.9340459108352661,1.251332535538882,152,lead,lead,Lead,
76329,intercepted,1,0,0,0,38,9,4.5,29,38.0,19.0,4.606390953063965,0,1.226521798968315,0.7346516251564026,1.3301316797184894,30,lead,lead,Lead,
76330,intercepted,1,0,0,0,64,12,6.0,52,64.0,32.0,8.571619033813477,0,1.1768694081396427,1.927547574043274,1.2529566819869025,53,lead,lead,Lead,
76331,intercepted,1,0,0,0,155,32,16.0,123,155.0,77.5,5.262040615081787,0,1.1576483278505263,0.6334602236747742,1.2493097710741357,124,lead,lead,Lead,
76332,intercepted,1,0,0,0,248,13,6.5,235,248.0,124.0,2.55138897895813,0,1.176299526782359,0.6204728484153748,1.2581270762512642,236,lead,lead,Lead,
76333,intercepted,1,0,0,0,50,11,5.5,39,50.0,25.0,11.505605697631836,0,1.179890162497759,0.7902091145515442,1.2962454225820759,40,lead,lead,Lead,
76334,intercepted,1,0,0,0,763,61,30.5,702,763.0,381.5,3.5999181270599365,0,1.1130191681013677,0.3089323341846466,1.2095428170477804,703,lead,lead,Lead,
76335,intercepted,1,0,0,0,155,9,4.5,146,155.0,77.5,6.47988748550415,0,1.1204012068761449,1.4052273035049438,1.22648643734503,147,lead,lead,Lead,
76336,intercepted,1,0,0,0,57,8,4.0,49,57.0,28.5,6.938304901123047,0,1.0923107546567916,0.9702485203742981,1.187956649191982,50,lead,lead,Lead,
76337,intercepted,1,0,0,0,672,15,7.5,657,672.0,336.0,2.2675621509552,0,1.137362844845716,1.1081854104995728,1.2295670129647855,658,lead,lead,Lead,
76338,intercepted,1,0,0,0,87,8,4.0,79,87.0,43.5,3.536935567855835,0,1.1250575922429562,1.1881712675094604,1.2019064072734662,80,lead,lead,Lead,
76339,intercepted,1,0,0,0,457,13,6.5,444,457.0,228.5,4.20208740234375,0,1.143447902045223,1.349511981010437,1.2399032729373218,445,lead,lead,Lead,
76340,intercepted,1,0,0,0,147,10,5.0,137,147.0,73.5,2.3599817752838135,0,1.1421712937130444,1.767160415649414,1.222180458912157,138,lead,lead,Lead,
76341,intercepted,1,0,0,0,221,9,4.5,212,221.0,110.5,3.9884073734283447,0,1.1220068853226066,1.0295372009277344,1.2078563470185828,213,lead,lead,Lead,
76342,intercepted,1,0,0,0,48,11,5.5,37,48.0,24.0,9.07205581665039,0,1.162963966005727,1.266616940498352,1.2792992543877089,38,lead,lead,Lead,
76343,intercepted,1,0,0,0,108,18,9.0,90,108.0,54.0,7.554304599761963,0,1.145733621749249,1.5402380228042603,1.2542889381723519,91,lead,lead,Lead,
76344,intercepted,1,0,0,0,11,9,4.5,2,11.0,5.5,5.715996265411377,0,1.1594600280125935,1.0083119869232178,1.1870038433145347,3,lead,lead,Lead,
76345,intercepted,1,0,0,0,150,8,4.0,142,150.0,75.0,3.4883017539978027,0,1.109371192701213,0.781377375125885,1.1903286324375724,143,lead,lead,Lead,
76346,soldier_caught,0,1,0,0,36,10,5.0,26,,,1.236890435218811,0,1.2080849651937131,1.4894319772720337,1.304765512915373,27,lead,lead,Lead,
76347,intercepted,1,0,0,0,49,15,7.5,34,49.0,24.5,4.119009971618652,0,1.2351235577038355,1.0495275259017944,1.3241067817338545,35,lead,lead,Lead,
76348,soldier_caught,0,1,0,0,42,11,5.5,31,,,0.9838019609451294,0,1.220533825457096,0.8886891603469849,1.3174351310610324,32,lead,lead,Lead,
76349,intercepted,1,0,0,0,67,11,5.5,56,67.0,33.5,9.118828773498535,0,1.2517069484058179,1.7704999446868896,1.31661112955226,57,lead,lead,Lead,
76350,intercepted,1,0,0,0,220,90,45.0,130,220.0,110.0,13.409398078918457,0,1.1077964128428743,0.7343302369117737,1.2079712607520239,131,lead,lead,Lead,
76351,intercepted,1,0,0,0,298,12,6.0,286,298.0,149.0,4.7723565101623535,0,1.142495431395358,1.7998459339141846,1.240317939856944,287,lead,lead,Lead,
76352,unsafe_intercept,0,0,1,0,212,9,4.5,203,,,3.295330047607422,0,1.1054783465669435,0.7994097471237183,1.2066316445280938,204,lead,lead,Lead,
76353,intercepted,1,0,0,0,245,29,14.5,216,245.0,122.5,6.599432945251465,0,1.173829253299445,1.0118032693862915,1.2692201058990764,217,lead,lead,Lead,
76354,intercepted,1,0,0,0,109,11,5.5,98,109.0,54.5,5.534902572631836,0,1.0984143893225025,1.0145962238311768,1.2115654736843997,99,lead,lead,Lead,
76355,intercepted,1,0,0,0,91,11,5.5,80,91.0,45.5,7.636624813079834,0,1.1485178514763161,1.3858600854873657,1.2504991774951006,81,lead,lead,Lead,
76356,intercepted,1,0,0,0,46,17,8.5,29,46.0,23.0,7.133068561553955,0,1.1352807452281317,1.2575352191925049,1.2255831333057456,30,lead,lead,Lead,
76357,intercepted,1,0,0,0,51,11,5.5,40,51.0,25.5,7.234127044677734,0,1.2025350288646977,1.6544108390808105,1.3011419975501106,41,lead,lead,Lead,
76358,soldier_caught,0,1,0,0,105,7,3.5,98,,,0.5888991951942444,0,1.0704323149690724,1.219632625579834,1.1889964223810336,99,lead,lead,Lead,
76359,intercepted,1,0,0,0,13,11,5.5,2,13.0,6.5,4.748180866241455,0,0.9696503678957621,1.0768283605575562,1.0214068964501741,3,lead,lead,Lead,
76360,intercepted,1,0,0,0,90,8,4.0,82,90.0,45.0,2.2046921253204346,0,1.0745151445090053,0.26846444606781006,1.1431066458397807,83,lead,lead,Lead,
76361,intercepted,1,0,0,0,212,14,7.0,198,212.0,106.0,4.830263137817383,0,1.1376281368672547,1.1959552764892578,1.2354015265151004,199,lead,lead,Lead,
76362,intercepted,1,0,0,0,80,10,5.0,70,80.0,40.0,4.387188911437988,0,1.0944777932805074,0.8469471335411072,1.1935663036073016,71,lead,lead,Lead,
76363,intercepted,1,0,0,0,91,8,4.0,83,91.0,45.5,2.590924024581909,0,1.144307136180855,0.956384003162384,1.2433631998019687,84,lead,lead,Lead,
76364,intercepted,1,0,0,0,174,28,14.0,146,174.0,87.0,9.348283767700195,0,1.1511252957339189,1.0298731327056885,1.2529470553746738,147,lead,lead,Lead,
76365,soldier_caught,0,1,0,0,37,12,6.0,25,,,1.2270015478134155,0,1.1484397603915288,0.9091753959655762,1.2321702846487965,26,lead,lead,Lead,
76366,intercepted,1,0,0,0,217,40,20.0,177,217.0,108.5,5.012399673461914,0,1.147634188613195,1.8304415941238403,1.2587412661113466,178,lead,lead,Lead,
76367,intercepted,1,0,0,0,150,12,6.0,138,150.0,75.0,4.577574729919434,0,1.1193291021765566,1.2874219417572021,1.2085529131383073,139,lead,lead,Lead,
76368,intercepted,1,0,0,0,102,12,6.0,90,102.0,51.0,2.2449872493743896,0,1.095016360610396,0.728090226650238,1.1615664991932488,91,lead,lead,Lead,
76369,intercepted,1,0,0,0,92,10,5.0,82,92.0,46.0,5.4512939453125,0,1.0791953744658505,0.8128494024276733,1.1931662283865807,83,lead,lead,Lead,
76370,soldier_caught,0,1,0,0,435,11,5.5,424,,,1.9270280599594116,0,1.1214931729348268,1.0914080142974854,1.2154364659323629,425,lead,lead,Lead,
76371,intercepted,1,0,0,0,153,9,4.5,144,153.0,76.5,3.882619619369507,0,1.1550744589032798,0.7929973006248474,1.2756806555318962,145,lead,lead,Lead,
76372,intercepted,1,0,0,0,292,10,5.0,282,292.0,146.0,4.446986675262451,0,1.1248828180055315,1.242831826210022,1.2193956783088533,283,lead,lead,Lead,
76373,intercepted,1,0,0,0,79,11,5.5,68,79.0,39.5,3.978410243988037,0,1.1540361832881318,1.3226221799850464,1.2278129371763806,69,lead,lead,Lead,
76374,intercepted,1,0,0,0,34,10,5.0,24,34.0,17.0,3.4160079956054688,0,1.0897251653671265,1.6438201665878296,1.1804362420503978,25,lead,lead,Lead,
76375,intercepted,1,0,0,0,263,10,5.0,253,263.0,131.5,9.479103088378906,0,1.1252459152124998,1.2893610000610352,1.2334980498419057,254,lead,lead,Lead,
76376,intercepted,1,0,0,0,57,7,3.5,50,57.0,28.5,2.240194320678711,0,1.0302919640260584,0.747683048248291,1.117548180272188,51,lead,lead,Lead,
76377,intercepted,1,0,0,0,163,9,4.5,154,163.0,81.5,3.984848976135254,0,1.1731331936774716,0.6913577318191528,1.268499396736519,155,lead,lead,Lead,
76378,intercepted,1,0,0,0,28,13,6.5,15,28.0,14.0,11.801689147949219,0,1.3304176330566406,0.8904896974563599,1.4798321565744956,16,lead,lead,Lead,
76379,intercepted,1,0,0,0,82,27,13.5,55,82.0,41.0,9.466655731201172,0,1.0604948188577379,0.8371127247810364,1.1434632409524543,56,lead,lead,Lead,
76380,intercepted,1,0,0,0,136,35,17.5,101,136.0,68.0,5.4523444175720215,0,1.1653546638348524,1.1270109415054321,1.2512320279457236,102,lead,lead,Lead,
76381,soldier_caught,0,1,0,0,313,10,5.0,303,,,1.9386687278747559,0,1.1256487647953786,1.3225387334823608,1.2243774203523055,304,lead,lead,Lead,
76382,soldier_caught,0,1,0,0,253,14,7.0,239,,,1.6077096462249756,0,1.11698958153526,0.6921154856681824,1.2169220256561821,240,lead,lead,Lead,
76383,intercepted,1,0,0,0,161,13,6.5,148,161.0,80.5,9.861526489257812,0,1.1656386144209228,1.173039197921753,1.26653097722959,149,lead,lead,Lead,
76384,intercepted,1,0,0,0,125,16,8.0,109,125.0,62.5,3.4367709159851074,0,1.0888731606981972,0.9787347316741943,1.1754906398923903,110,lead,lead,Lead,
76385,intercepted,1,0,0,0,702,11,5.5,691,702.0,351.0,3.613967180252075,0,1.1667887086770095,1.1575219631195068,1.267835774612268,692,lead,lead,Lead,
76386,intercepted,1,0,0,0,11,10,5.0,1,11.0,5.5,4.091158866882324,0,1.289301335811615,1.5023291110992432,1.3067818362563857,2,lead,lead,Lead,
76387,intercepted,1,0,0,0,142,13,6.5,129,142.0,71.0,3.5082521438598633,0,1.1335181176662446,1.0393747091293335,1.2490686558070994,130,lead,lead,Lead,
76388,intercepted,1,0,0,0,82,27,13.5,55,82.0,41.0,9.943014144897461,0,1.2344521818948644,1.0869140625,1.341042305081524,56,lead,lead,Lead,
76389,intercepted,1,0,0,0,445,8,4.0,437,445.0,222.5,6.277059555053711,0,1.0827530563966323,1.538411259651184,1.16918687493486,438,lead,lead,Lead,
76390,intercepted,1,0,0,0,36,8,4.0,28,36.0,18.0,3.8012280464172363,0,1.290048087465352,1.1262452602386475,1.3600304449950018,29,lead,lead,Lead,
76391,intercepted,1,0,0,0,106,19,9.5,87,106.0,53.0,7.546274185180664,0,1.1759184128181501,1.8541769981384277,1.2664816212680052,88,lead,lead,Lead,
76392,soldier_caught,0,1,0,0,221,13,6.5,208,,,0.7707711458206177,0,1.1916161275081087,1.4937424659729004,1.2719370097021248,209,lead,lead,Lead,
76393,intercepted,1,0,0,0,35,9,4.5,26,35.0,17.5,5.778409004211426,0,1.2902741509455222,2.186633586883545,1.439562086639585,27,lead,lead,Lead,
76394,intercepted,1,0,0,0,228,10,5.0,218,228.0,114.0,2.397515058517456,0,1.0712093724507719,0.984126627445221,1.1605133602989275,219,lead,lead,Lead,
76395,soldier_caught,0,1,0,0,200,11,5.5,189,,,0.8893985748291016,0,1.115443891757413,1.5036070346832275,1.2166304528094238,190,lead,lead,Lead,
76396,intercepted,1,0,0,0,157,58,29.0,99,157.0,78.5,10.834305763244629,0,1.18794667750597,1.0577154159545898,1.2972972428845033,100,lead,lead,Lead,
76397,intercepted,1,0,0,0,153,13,6.5,140,153.0,76.5,5.753780364990234,0,1.111583817512431,1.5131818056106567,1.2002859573500955,141,lead,lead,Lead,
76398,soldier_caught,0,1,0,0,9,7,3.5,2,,,1.155465006828308,0,1.6395574013392131,1.0655479431152344,1.6894679121640925,3,lead,lead,Lead,
76399,soldier_caught,0,1,0,0,36,9,4.5,27,,,1.6148723363876343,0,1.1349583395889826,1.347320556640625,1.241096928567419,28,lead,lead,Lead,
76400,intercepted,1,0,0,0,71,10,5.0,61,71.0,35.5,3.797534465789795,0,0.9956255800301029,1.7930264472961426,1.0842003797392117,62,lead,lead,Lead,
76401,intercepted,1,0,0,0,391,12,6.0,379,391.0,195.5,10.585699081420898,0,1.1038706919668537,0.9152676463127136,1.1980460021119907,380,lead,lead,Lead,
76402,intercepted,1,0,0,0,677,28,14.0,649,677.0,338.5,7.125449180603027,0,1.1090587577682276,0.5534511804580688,1.2038628659747999,650,lead,lead,Lead,
76403,intercepted,1,0,0,0,18,9,4.5,9,18.0,9.0,5.946130275726318,0,1.161408606171608,1.9303244352340698,1.2825463529233967,10,lead,lead,Lead,
76404,intercepted,1,0,0,0,38,7,3.5,31,38.0,19.0,9.48973560333252,0,1.0054246890358627,1.219212532043457,1.0903186333653472,32,lead,lead,Lead,
76405,intercepted,1,0,0,0,77,8,4.0,69,77.0,38.5,4.699274063110352,0,1.0781302328620639,1.4599567651748657,1.1907231180773479,70,lead,lead,Lead,
76406,intercepted,1,0,0,0,123,18,9.0,105,123.0,61.5,7.247708320617676,0,1.1310779044650636,1.7640091180801392,1.228033281185929,106,lead,lead,Lead,
76407,intercepted,1,0,0,0,329,12,6.0,317,329.0,164.5,2.4731814861297607,0,1.0945607917910476,2.062406063079834,1.1929550721766975,318,lead,lead,Lead,
76408,intercepted,1,0,0,0,38,7,3.5,31,38.0,19.0,7.869724273681641,0,1.2737763300538063,0.6510334610939026,1.4108760283315238,32,lead,lead,Lead,
76409,soldier_caught,0,1,0,0,320,8,4.0,312,,,1.1346381902694702,0,1.1346037125054258,0.7181999087333679,1.2394423234315817,313,lead,lead,Lead,
76410,intercepted,1,0,0,0,89,10,5.0,79,89.0,44.5,12.688777923583984,0,1.128775311075151,0.8649600744247437,1.2105609834037239,80,lead,lead,Lead,
76411,intercepted,1,0,0,0,172,11,5.5,161,172.0,86.0,10.50432014465332,0,1.1381332138898197,0.6102773547172546,1.235069280046115,162,lead,lead,Lead,
76412,intercepted,1,0,0,0,325,13,6.5,312,325.0,162.5,7.524542808532715,0,1.1584115016955536,1.3252198696136475,1.2544446745200728,313,lead,lead,Lead,
76413,intercepted,1,0,0,0,163,36,18.0,127,163.0,81.5,9.891359329223633,0,1.1193651645444334,0.975644052028656,1.2241338179498162,128,lead,lead,Lead,
76414,intercepted,1,0,0,0,80,28,14.0,52,80.0,40.0,3.5899505615234375,0,1.0775974345094752,1.0901615619659424,1.1887332052933317,53,lead,lead,Lead,
76415,intercepted,1,0,0,0,68,11,5.5,57,68.0,34.0,2.9623565673828125,0,1.0989297428007783,0.2756250500679016,1.203588885782039,58,lead,lead,Lead,
76416,intercepted,1,0,0,0,98,9,4.5,89,98.0,49.0,11.451057434082031,0,1.1411307049294312,1.2002840042114258,1.234876148940039,90,lead,lead,Lead,
76417,intercepted,1,0,0,0,40,10,5.0,30,40.0,20.0,2.6891660690307617,0,1.1421294885296975,1.1310701370239258,1.2154733273078593,31,lead,lead,Lead,
76418,intercepted,1,0,0,0,360,11,5.5,349,360.0,180.0,3.6273353099823,0,1.146789405303342,1.7053498029708862,1.2400009574253021,350,lead,lead,Lead,
76419,intercepted,1,0,0,0,153,84,42.0,69,153.0,76.5,2.5446019172668457,0,1.1680096694401332,1.076201319694519,1.2467258797152485,70,lead,lead,Lead,
76420,intercepted,1,0,0,0,147,11,5.5,136,147.0,73.5,8.20581340789795,0,1.2209763977214367,1.9817771911621094,1.3128427267955483,137,lead,lead,Lead,
76421,intercepted,1,0,0,0,175,9,4.5,166,175.0,87.5,5.891982078552246,0,1.0785004328824803,0.6245372295379639,1.1804624132715522,167,lead,lead,Lead,
76422,intercepted,1,0,0,0,222,7,3.5,215,222.0,111.0,8.676527976989746,0,1.1353525178575958,1.0916175842285156,1.2127758253273362,216,lead,lead,Lead,
76423,intercepted,1,0,0,0,114,15,7.5,99,114.0,57.0,6.952023983001709,0,1.143337799012661,1.5199856758117676,1.2191717704775236,100,lead,lead,Lead,
76424,intercepted,1,0,0,0,408,15,7.5,393,408.0,204.0,3.3820509910583496,0,1.083219352145183,1.0057491064071655,1.1924612736666584,394,lead,lead,Lead,
76425,intercepted,1,0,0,0,110,8,4.0,102,110.0,55.0,2.8403279781341553,0,1.1139802857510095,0.5734937191009521,1.208862288245102,103,lead,lead,Lead,
76426,intercepted,1,0,0,0,332,13,6.5,319,332.0,166.0,2.572401762008667,0,1.139265419903677,1.5156327486038208,1.2384144519732938,320,lead,lead,Lead,
76427,intercepted,1,0,0,0,115,8,4.0,107,115.0,57.5,2.5618669986724854,0,1.1666128880999707,0.4952019453048706,1.2591107187215878,108,lead,lead,Lead,
76428,intercepted,1,0,0,0,192,9,4.5,183,192.0,96.0,6.187796592712402,0,1.2013372484108675,1.2348471879959106,1.3060148430671499,184,lead,lead,Lead,
76429,intercepted,1,0,0,0,23,10,5.0,13,23.0,11.5,4.989354133605957,0,1.1925099747521537,1.2613874673843384,1.25279599695159,14,lead,lead,Lead,
76430,intercepted,1,0,0,0,22,9,4.5,13,22.0,11.0,11.297211647033691,0,1.1311488492148263,1.5142741203308105,1.2464273290407433,14,lead,lead,Lead,
76431,intercepted,1,0,0,0,63,10,5.0,53,63.0,31.5,6.1144700050354,0,1.177784133012648,1.2111378908157349,1.2696992062249814,54,lead,lead,Lead,
76432,intercepted,1,0,0,0,167,17,8.5,150,167.0,83.5,11.524275779724121,0,1.112514676341158,1.2590893507003784,1.2216714920745884,151,lead,lead,Lead,
76433,intercepted,1,0,0,0,462,17,8.5,445,462.0,231.0,5.440328121185303,0,1.1258740116061117,1.1409869194030762,1.2180876949869925,446,lead,lead,Lead,
76434,intercepted,1,0,0,0,87,56,28.0,31,87.0,43.5,3.2832605838775635,0,1.023029220290482,0.9922481179237366,1.0974638602091464,32,lead,lead,Lead,
76435,intercepted,1,0,0,0,70,10,5.0,60,70.0,35.0,9.904053688049316,0,1.1237236581376342,0.9107331037521362,1.2102270245577056,61,lead,lead,Lead,
76436,intercepted,1,0,0,0,55,47,23.5,8,55.0,27.5,14.056840896606445,0,1.0544361339675055,0.713164746761322,1.2006784285151513,9,lead,lead,Lead,
76437,intercepted,1,0,0,0,10,9,4.5,1,10.0,5.0,3.5938732624053955,0,1.2611739784479141,2.196826457977295,1.5703519880471442,2,lead,lead,Lead,
76438,intercepted,1,0,0,0,11,9,4.5,2,11.0,5.5,4.781301975250244,0,1.137860933939616,1.3202996253967285,1.1453133970796128,3,lead,lead,Lead,
76439,intercepted,1,0,0,0,388,10,5.0,378,388.0,194.0,4.053353786468506,0,1.1686980221469674,1.3036537170410156,1.2750362262455814,379,lead,lead,Lead,
76440,soldier_caught,0,1,0,0,127,13,6.5,114,,,1.8893870115280151,0,1.1374854935252148,0.786300003528595,1.2448472452306756,115,lead,lead,Lead,
76441,intercepted,1,0,0,0,200,11,5.5,189,200.0,100.0,2.58528208732605,0,1.1058867745101453,0.6972601413726807,1.2075160288458289,190,lead,lead,Lead,
76442,intercepted,1,0,0,0,254,8,4.0,246,254.0,127.0,3.233396053314209,0,1.0774798953702092,0.8469062447547913,1.1681689630809338,247,lead,lead,Lead,
76443,intercepted,1,0,0,0,590,20,10.0,570,590.0,295.0,3.562910795211792,0,1.1321874782834496,0.683152973651886,1.2293060635014834,571,lead,lead,Lead,
76444,intercepted,1,0,0,0,327,13,6.5,314,327.0,163.5,8.780366897583008,0,1.135234955710078,0.957198441028595,1.2386881069388798,315,lead,lead,Lead,
76445,intercepted,1,0,0,0,10,8,4.0,2,10.0,5.0,5.703609466552734,0,1.4159643650054932,1.7904536724090576,1.4635839413454668,3,lead,lead,Lead,
76446,intercepted,1,0,0,0,91,14,7.0,77,91.0,45.5,9.617371559143066,0,1.1208627889744747,1.0666193962097168,1.2617190032038754,78,lead,lead,Lead,
76447,intercepted,1,0,0,0,229,28,14.0,201,229.0,114.5,3.811701536178589,0,1.085740408832484,1.1296361684799194,1.1812675418543488,202,lead,lead,Lead,
76448,soldier_caught,0,1,0,0,60,10,5.0,50,,,1.9624863862991333,0,1.1175890623354445,1.1383452415466309,1.1960515242575802,51,lead,lead,Lead,
76449,intercepted,1,0,0,0,227,24,12.0,203,227.0,113.5,8.543540954589844,0,1.148555823985268,1.495295524597168,1.241690472152684,204,lead,lead,Lead,
76450,intercepted,1,0,0,0,154,12,6.0,142,154.0,77.0,9.922621726989746,0,1.2331373346643848,0.6740155220031738,1.348389052495092,143,lead,lead,Lead,
76451,soldier_caught,0,1,0,0,69,43,21.5,26,,,1.6138770580291748,0,1.202177674682052,1.2628525495529175,1.291024444433957,27,lead,lead,Lead,
76452,intercepted,1,0,0,0,558,13,6.5,545,558.0,279.0,8.369797706604004,0,1.1318262843585714,0.5138835310935974,1.2349871396464898,546,lead,lead,Lead,
76453,intercepted,1,0,0,0,164,19,9.5,145,164.0,82.0,9.585968971252441,0,1.068847733613563,1.564558982849121,1.1735360319264374,146,lead,lead,Lead,
76454,intercepted,1,0,0,0,171,9,4.5,162,171.0,85.5,3.285041332244873,0,1.1195041022600571,1.0390759706497192,1.207090807633314,163,lead,lead,Lead,
76455,soldier_caught,0,1,0,0,415,12,6.0,403,,,1.062151312828064,0,1.1234775586330359,0.9812663197517395,1.2229925631925758,404,lead,lead,Lead,
76456,intercepted,1,0,0,0,175,9,4.5,166,175.0,87.5,3.539482831954956,0,1.12779575345402,0.1573784053325653,1.2213215098572314,167,lead,lead,Lead,
76457,intercepted,1,0,0,0,50,15,7.5,35,50.0,25.0,6.747588157653809,0,1.1501192698876064,1.492676019668579,1.2263439873168194,36,lead,lead,Lead,
76458,intercepted,1,0,0,0,63,12,6.0,51,63.0,31.5,3.6998021602630615,0,1.082859157369687,1.2778384685516357,1.1865918151332213,52,lead,lead,Lead,
76459,intercepted,1,0,0,0,23,7,3.5,16,23.0,11.5,7.666978359222412,0,0.8992017770514769,0.7956125140190125,0.9630772680162164,17,lead,lead,Lead,
76460,intercepted,1,0,0,0,24,10,5.0,14,24.0,12.0,13.954256057739258,0,0.866401865084966,0.7446396350860596,0.9580096603057657,15,lead,lead,Lead,
76461,intercepted,1,0,0,0,362,15,7.5,347,362.0,181.0,2.4260103702545166,0,1.15153104572118,0.945459246635437,1.2558426301488612,348,lead,lead,Lead,
76462,intercepted,1,0,0,0,132,40,20.0,92,132.0,66.0,11.87551212310791,0,1.1166667362214417,0.5618892908096313,1.2027469635856491,93,lead,lead,Lead,
76463,intercepted,1,0,0,0,149,10,5.0,139,149.0,74.5,3.407487392425537,0,1.0751570907022272,0.5530546307563782,1.1837734254328316,140,lead,lead,Lead,
76464,soldier_caught,0,1,0,0,34,10,5.0,24,,,0.05406699329614639,0,1.0964468955993651,0.2793055772781372,1.1995738721756695,25,lead,lead,Lead,
76465,intercepted,1,0,0,0,479,11,5.5,468,479.0,239.5,3.433178663253784,0,1.1268213110120058,0.6051254272460938,1.2084147781562442,469,lead,lead,Lead,
76466,intercepted,1,0,0,0,101,12,6.0,89,101.0,50.5,12.305553436279297,0,1.1295166740814844,0.6300732493400574,1.206505402840498,90,lead,lead,Lead,
76467,intercepted,1,0,0,0,15,13,6.5,2,15.0,7.5,4.21424674987793,0,0.8495747248331705,0.5437874794006348,0.897372933921733,3,lead,lead,Lead,
76468,intercepted,1,0,0,0,395,9,4.5,386,395.0,197.5,6.766544342041016,0,1.1219191210445507,1.4329020977020264,1.2152202587124714,387,lead,lead,Lead,
76469,intercepted,1,0,0,0,541,84,42.0,457,541.0,270.5,5.507279396057129,0,1.1245669371053968,1.7914479970932007,1.23151854733878,458,lead,lead,Lead,
76470,intercepted,1,0,0,0,39,9,4.5,30,39.0,19.5,6.309633255004883,0,1.3738791615732255,1.2940161228179932,1.4527518176505083,31,lead,lead,Lead,
76471,intercepted,1,0,0,0,121,12,6.0,109,121.0,60.5,7.32513952255249,0,1.107929080589251,1.5275022983551025,1.1972505394785076,110,lead,lead,Lead,
76472,intercepted,1,0,0,0,133,12,6.0,121,133.0,66.5,6.836181163787842,0,1.1307353836591127,0.21441996097564697,1.2359568555154683,122,lead,lead,Lead,
76473,intercepted,1,0,0,0,52,33,16.5,19,52.0,26.0,10.723777770996094,0,1.2212492570281028,1.920653223991394,1.279066643829282,20,lead,lead,Lead,
76474,intercepted,1,0,0,0,39,9,4.5,30,39.0,19.5,9.242471694946289,0,1.1990213769097482,1.8411078453063965,1.308278302916902,31,lead,lead,Lead,
76475,intercepted,1,0,0,0,37,8,4.0,29,37.0,18.5,8.6234130859375,0,1.1272608995437623,1.290473222732544,1.1892327600665242,30,lead,lead,Lead,
76476,intercepted,1,0,0,0,182,12,6.0,170,182.0,91.0,5.431211948394775,0,1.1352527676618587,0.9657655358314514,1.2240156865045104,171,lead,lead,Lead,
76477,intercepted,1,0,0,0,142,12,6.0,130,142.0,71.0,5.832304000854492,0,1.12522186930398,1.1693962812423706,1.2241947631966859,131,lead,lead,Lead,
76478,intercepted,1,0,0,0,286,14,7.0,272,286.0,143.0,2.6715917587280273,0,1.0867273107771471,0.252096951007843,1.1882502387998404,273,lead,lead,Lead,
76479,intercepted,1,0,0,0,375,19,9.5,356,375.0,187.5,5.3147501945495605,0,1.132273969822237,0.6228130459785461,1.2271119013312535,357,lead,lead,Lead,
76480,intercepted,1,0,0,0,13,11,5.5,2,13.0,6.5,5.2905497550964355,0,0.882461686929067,0.7268746495246887,0.929011292649316,3,lead,lead,Lead,
76481,intercepted,1,0,0,0,279,9,4.5,270,279.0,139.5,3.5903005599975586,0,1.0594767238601108,0.9552407264709473,1.156036609032048,271,lead,lead,Lead,
76482,soldier_caught,0,1,0,0,175,11,5.5,164,,,1.3307667970657349,0,1.1306968946348537,1.0727890729904175,1.2451950730674166,165,lead,lead,Lead,
76483,intercepted,1,0,0,0,36,8,4.0,28,36.0,18.0,7.022625923156738,0,1.1211520058327709,0.9461445212364197,1.2322138513139589,29,lead,lead,Lead,
76484,intercepted,1,0,0,0,347,9,4.5,338,347.0,173.5,4.02196741104126,0,1.1332033832604202,1.1156983375549316,1.235346213940392,339,lead,lead,Lead,
76485,intercepted,1,0,0,0,62,8,4.0,54,62.0,31.0,6.921216011047363,0,1.1498879746957258,0.5514182448387146,1.2432631598717367,55,lead,lead,Lead,
76486,intercepted,1,0,0,0,336,15,7.5,321,336.0,168.0,11.30410099029541,0,1.1389855367148884,1.1308397054672241,1.2379177764583802,322,lead,lead,Lead,
76487,intercepted,1,0,0,0,307,9,4.5,298,307.0,153.5,8.146316528320312,0,1.086460891425809,1.9109032154083252,1.1807993495890154,299,lead,lead,Lead,
76488,intercepted,1,0,0,0,368,9,4.5,359,368.0,184.0,4.573835372924805,0,1.084093144701587,0.9751394987106323,1.1718049337567398,360,lead,lead,Lead,
76489,intercepted,1,0,0,0,105,12,6.0,93,105.0,52.5,2.5261335372924805,0,1.1660283361660673,0.5541518926620483,1.2696331663917966,94,lead,lead,Lead,
76490,intercepted,1,0,0,0,335,73,36.5,262,335.0,167.5,5.6319899559021,0,1.0827336239384155,1.3749676942825317,1.1770844434234018,263,lead,lead,Lead,
76491,intercepted,1,0,0,0,135,11,5.5,124,135.0,67.5,6.056417465209961,0,1.1483364263772964,0.4504077732563019,1.2347182774972663,125,lead,lead,Lead,
76492,intercepted,1,0,0,0,236,14,7.0,222,236.0,118.0,7.419924259185791,0,1.1410840173072345,1.173221468925476,1.243080388317544,223,lead,lead,Lead,
76493,intercepted,1,0,0,0,23,10,5.0,13,23.0,11.5,8.853906631469727,0,1.2454889480556761,1.8682392835617065,1.31127835868655,14,lead,lead,Lead,
76494,intercepted,1,0,0,0,130,10,5.0,120,130.0,65.0,2.474853992462158,0,1.0924072487295167,1.1983697414398193,1.1982801631265736,121,lead,lead,Lead,
76495,intercepted,1,0,0,0,41,11,5.5,30,41.0,20.5,8.649801254272461,0,1.1281860778408666,1.853379487991333,1.1777723099538377,31,lead,lead,Lead,
76496,intercepted,1,0,0,0,96,9,4.5,87,96.0,48.0,5.66357946395874,0,1.0880374832248145,0.6968235373497009,1.2057722840783967,88,lead,lead,Lead,
76497,intercepted,1,0,0,0,145,10,5.0,135,145.0,72.5,3.5620100498199463,0,1.140460380955654,0.5855367183685303,1.2146681728145883,136,lead,lead,Lead,
76498,intercepted,1,0,0,0,697,13,6.5,684,697.0,348.5,2.106126308441162,0,1.1517406502561847,0.7981477379798889,1.2414997085307216,685,lead,lead,Lead,
76499,intercepted,1,0,0,0,19,18,9.0,1,19.0,9.5,4.193686008453369,0,1.019287332892418,1.624115228652954,1.1852271725222372,2,lead,lead,Lead,
76500,intercepted,1,0,0,0,189,13,6.5,176,189.0,94.5,4.01158332824707,0,1.0913548248972595,1.9167364835739136,1.1973305501484346,177,lead,lead,Lead,
76501,intercepted,1,0,0,0,32,8,4.0,24,32.0,16.0,5.4612135887146,0,1.1795147109031676,2.6794042587280273,1.3040848655401287,25,lead,lead,Lead,
76502,intercepted,1,0,0,0,422,195,97.5,227,422.0,211.0,4.838810920715332,0,1.1188455275341607,1.0272237062454224,1.2348708190071533,228,lead,lead,Lead,
76503,intercepted,1,0,0,0,281,14,7.0,267,281.0,140.5,5.756570339202881,0,1.1393038644941884,1.6851035356521606,1.2229955440593965,268,lead,lead,Lead,
76504,intercepted,1,0,0,0,392,31,15.5,361,392.0,196.0,3.8103065490722656,0,1.1415811376183072,1.5202250480651855,1.2346983536091867,362,lead,lead,Lead,
76505,soldier_caught,0,1,0,0,123,9,4.5,114,,,1.0872154235839844,0,1.152833779350571,0.9214187860488892,1.2564065103422746,115,lead,lead,Lead,
76506,intercepted,1,0,0,0,52,7,3.5,45,52.0,26.0,4.192505836486816,0,1.1173501860188402,1.4592431783676147,1.219846808630087,46,lead,lead,Lead,
76507,intercepted,1,0,0,0,323,9,4.5,314,323.0,161.5,2.243565320968628,0,1.1224073089304425,1.1038644313812256,1.2230874284363842,315,lead,lead,Lead,
76508,intercepted,1,0,0,0,63,19,9.5,44,63.0,31.5,4.420359134674072,0,1.038479800356759,0.9644910097122192,1.1110182665628168,45,lead,lead,Lead,
76509,intercepted,1,0,0,0,184,12,6.0,172,184.0,92.0,5.624006271362305,0,1.1632350465293564,1.3452465534210205,1.2743044825256715,173,lead,lead,Lead,
76510,intercepted,1,0,0,0,91,8,4.0,83,91.0,45.5,2.573319673538208,0,1.09808644368535,0.6514820456504822,1.1914909814122538,84,lead,lead,Lead,
76511,intercepted,1,0,0,0,116,107,53.5,9,116.0,58.0,14.284313201904297,0,1.3626377582550049,2.2360169887542725,1.4960801125596768,10,lead,lead,Lead,
76512,intercepted,1,0,0,0,60,11,5.5,49,60.0,30.0,2.564828872680664,0,1.1789439046382904,0.941222071647644,1.2599075499500576,50,lead,lead,Lead,
76513,intercepted,1,0,0,0,424,8,4.0,416,424.0,212.0,2.0583667755126953,0,1.1001170399091798,1.0397447347640991,1.198569269232607,417,lead,lead,Lead,
76514,intercepted,1,0,0,0,32,18,9.0,14,32.0,16.0,10.863714218139648,0,1.187592468659083,1.4185720682144165,1.250127750725562,15,lead,lead,Lead,
76515,soldier_caught,0,1,0,0,109,10,5.0,99,,,1.4593642950057983,0,1.173103505373001,0.5379095077514648,1.268592005770646,100,lead,lead,Lead,
76516,intercepted,1,0,0,0,74,44,22.0,30,74.0,37.0,13.797216415405273,0,0.9174244538430245,1.3722327947616577,1.0152036360739505,31,lead,lead,Lead,
76517,intercepted,1,0,0,0,338,13,6.5,325,338.0,169.0,6.614640712738037,0,1.1275426650339841,1.0838385820388794,1.2322481114274324,326,lead,lead,Lead,
76518,intercepted,1,0,0,0,48,23,11.5,25,48.0,24.0,4.729455947875977,0,1.1059765746960273,1.2391709089279175,1.1765874101264902,26,lead,lead,Lead,
76519,soldier_caught,0,1,0,0,43,17,8.5,26,,,1.7495735883712769,0,1.125577823707351,0.18224801123142242,1.2225771437588147,27,lead,lead,Lead,
76520,soldier_caught,0,1,0,0,232,12,6.0,220,,,0.45776230096817017,0,1.1421719474625265,1.4492820501327515,1.2573794690720093,221,lead,lead,Lead,
76521,intercepted,1,0,0,0,239,9,4.5,230,239.0,119.5,10.507826805114746,0,1.1301834614245923,1.2423746585845947,1.218969078116841,231,lead,lead,Lead,
76522,intercepted,1,0,0,0,175,32,16.0,143,175.0,87.5,6.184193134307861,0,1.1714492769291003,1.8341273069381714,1.2548271562674114,144,lead,lead,Lead,
76523,intercepted,1,0,0,0,58,9,4.5,49,58.0,29.0,13.552684783935547,0,1.1586941438913345,1.7506033182144165,1.2440327847338923,50,lead,lead,Lead,
76524,soldier_caught,0,1,0,0,12,10,5.0,2,,,1.0926035642623901,0,1.145078460375468,0.7567874193191528,1.1779213309943133,3,lead,lead,Lead,
76525,intercepted,1,0,0,0,21,7,3.5,14,21.0,10.5,8.55516242980957,0,1.1552603185176848,1.3107678890228271,1.2775569392227424,15,lead,lead,Lead,
76526,intercepted,1,0,0,0,23,14,7.0,9,23.0,11.5,8.357549667358398,0,1.179608792066574,1.3887720108032227,1.2521560085765058,10,lead,lead,Lead,
76527,intercepted,1,0,0,0,41,10,5.0,31,41.0,20.5,4.375385761260986,0,1.0160345113836229,0.3319517970085144,1.1127150096249185,32,lead,lead,Lead,
76528,intercepted,1,0,0,0,400,14,7.0,386,400.0,200.0,7.936773300170898,0,1.100323146647107,2.1241695880889893,1.202711978087299,387,lead,lead,Lead,
76529,soldier_caught,0,1,0,0,55,9,4.5,46,,,1.1028096675872803,0,1.207017905534582,1.1087877750396729,1.3061892070416923,47,lead,lead,Lead,
76530,soldier_caught,0,1,0,0,298,55,27.5,243,,,1.774429202079773,0,1.1461112231749002,1.0698778629302979,1.2316667475587493,244,lead,lead,Lead,
76531,intercepted,1,0,0,0,11,9,4.5,2,11.0,5.5,5.949438095092773,0,1.129188855489095,0.5308231115341187,1.2868840133280675,3,lead,lead,Lead,
76532,intercepted,1,0,0,0,137,8,4.0,129,137.0,68.5,8.2979154586792,0,1.1036126262866535,0.7437130808830261,1.21898724578092,130,lead,lead,Lead,
76533,intercepted,1,0,0,0,79,8,4.0,71,79.0,39.5,3.59316086769104,0,1.0568373629616366,1.876815915107727,1.1513992979020982,72,lead,lead,Lead,
76534,intercepted,1,0,0,0,65,9,4.5,56,65.0,32.5,5.07628059387207,0,1.1821586667445667,1.8855657577514648,1.2495428969263345,57,lead,lead,Lead,
76535,intercepted,1,0,0,0,64,15,7.5,49,64.0,32.0,14.752152442932129,0,1.0918250131607055,0.9252448081970215,1.1931515991985306,50,lead,lead,Lead,
76536,intercepted,1,0,0,0,104,16,8.0,88,104.0,52.0,3.792355537414551,0,1.047023445367813,0.697688639163971,1.1433181980166054,89,lead,lead,Lead,
76537,intercepted,1,0,0,0,45,15,7.5,30,45.0,22.5,8.79095458984375,0,1.2124550414662207,1.7714534997940063,1.282103779598951,31,lead,lead,Lead,
76538,intercepted,1,0,0,0,245,9,4.5,236,245.0,122.5,7.129854202270508,0,1.089943043227437,0.9102945327758789,1.1755133628435164,237,lead,lead,Lead,
76539,intercepted,1,0,0,0,1270,13,6.5,1257,1270.0,635.0,3.8967955112457275,0,1.1446347788260547,1.029403805732727,1.2346300151941625,1258,lead,lead,Lead,
76540,intercepted,1,0,0,0,30,13,6.5,17,30.0,15.0,5.069909572601318,0,0.9976553900374306,1.8980833292007446,1.1681260998364131,18,lead,lead,Lead,
76541,soldier_caught,0,1,0,0,10,8,4.0,2,,,1.8864550590515137,0,1.1228681405385335,0.6448742747306824,1.2407122079326738,3,lead,lead,Lead,
76542,intercepted,1,0,0,0,26,14,7.0,12,26.0,13.0,5.014690399169922,0,1.2323613854554982,1.2493510246276855,1.326120648191286,13,lead,lead,Lead,
76543,intercepted,1,0,0,0,102,7,3.5,95,102.0,51.0,2.0859477519989014,0,1.10422722560664,1.4816195964813232,1.1993460623262064,96,lead,lead,Lead,
76544,intercepted,1,0,0,0,472,18,9.0,454,472.0,236.0,3.444448471069336,0,1.0797370317054318,1.2984241247177124,1.1658356205527014,455,lead,lead,Lead,
76545,intercepted,1,0,0,0,116,15,7.5,101,116.0,58.0,8.918412208557129,0,1.2450980620056975,0.9753220081329346,1.3416256337540238,102,lead,lead,Lead,
76546,soldier_caught,0,1,0,0,282,13,6.5,269,,,1.3533228635787964,0,1.200329981468342,1.6040610074996948,1.3022252421090075,270,lead,lead,Lead,
76547,intercepted,1,0,0,0,33,22,11.0,11,33.0,16.5,13.577462196350098,0,1.0042553842067719,1.603811264038086,1.1557141538208742,12,lead,lead,Lead,
76548,intercepted,1,0,0,0,105,9,4.5,96,105.0,52.5,11.48469352722168,0,1.0929350407467675,1.3347746133804321,1.184352800172954,97,lead,lead,Lead,
76549,intercepted,1,0,0,0,531,13,6.5,518,531.0,265.5,4.795576572418213,0,1.147355300153611,1.8175634145736694,1.2450872338926384,519,lead,lead,Lead,
76550,intercepted,1,0,0,0,101,8,4.0,93,101.0,50.5,5.577106475830078,0,1.1579373891049243,1.3238606452941895,1.258838200769418,94,lead,lead,Lead,
76551,intercepted,1,0,0,0,46,14,7.0,32,46.0,23.0,10.996614456176758,0,1.1984674935088013,2.2152602672576904,1.3101086258929324,33,lead,lead,Lead,
76552,intercepted,1,0,0,0,142,15,7.5,127,142.0,71.0,5.452232360839844,0,1.0953012467361987,0.8357052206993103,1.176159159840728,128,lead,lead,Lead,
76553,intercepted,1,0,0,0,35,11,5.5,24,35.0,17.5,4.416607856750488,0,1.117091759443283,0.8685086369514465,1.1826298633448016,25,lead,lead,Lead,
76554,intercepted,1,0,0,0,122,12,6.0,110,122.0,61.0,12.474224090576172,0,1.1255183842805054,0.6344475746154785,1.2178709322220356,111,lead,lead,Lead,
76555,intercepted,1,0,0,0,151,14,7.0,137,151.0,75.5,6.952632427215576,0,1.051064635316531,1.0187650918960571,1.1390935171061263,138,lead,lead,Lead,
76556,intercepted,1,0,0,0,218,63,31.5,155,218.0,109.0,2.039477586746216,0,1.118193037998982,1.4935247898101807,1.223327040662413,156,lead,lead,Lead,
76557,intercepted,1,0,0,0,355,9,4.5,346,355.0,177.5,4.214760780334473,0,1.0945230577495324,0.9619771838188171,1.19032613476838,347,lead,lead,Lead,
76558,intercepted,1,0,0,0,260,17,8.5,243,260.0,130.0,11.477359771728516,0,1.1477545854009565,0.7290475368499756,1.2341636798187232,244,lead,lead,Lead,
76559,intercepted,1,0,0,0,208,18,9.0,190,208.0,104.0,7.981340408325195,0,1.1253610499866347,1.34562349319458,1.2158839124696772,191,lead,lead,Lead,
76560,unsafe_intercept,0,0,1,0,119,12,6.0,107,,,2.5033352375030518,0,1.1112313741059214,1.2443420886993408,1.2401147007622104,108,lead,lead,Lead,
76561,intercepted,1,0,0,0,124,9,4.5,115,124.0,62.0,3.3674771785736084,0,1.0686178858680973,0.97650545835495,1.187992676414315,116,lead,lead,Lead,
76562,intercepted,1,0,0,0,183,8,4.0,175,183.0,91.5,9.148358345031738,0,1.1721854494376616,0.6985564827919006,1.2725670350939227,176,lead,lead,Lead,
76563,intercepted,1,0,0,0,138,14,7.0,124,138.0,69.0,7.245174407958984,0,1.0295055854320525,1.182932734489441,1.1256226496304176,125,lead,lead,Lead,
76564,intercepted,1,0,0,0,102,15,7.5,87,102.0,51.0,5.604308128356934,0,1.1720312369818038,1.177700161933899,1.2652559213335808,88,lead,lead,Lead,
76565,intercepted,1,0,0,0,68,17,8.5,51,68.0,34.0,6.448469161987305,0,1.1990397692872927,0.6517504453659058,1.295759764414808,52,lead,lead,Lead,
76566,intercepted,1,0,0,0,187,13,6.5,174,187.0,93.5,2.80068039894104,0,1.1603794739927564,0.7117704153060913,1.266573056164761,175,lead,lead,Lead,
76567,intercepted,1,0,0,0,264,11,5.5,253,264.0,132.0,6.537425518035889,0,1.1297034789610096,0.6149370670318604,1.2292888909692534,254,lead,lead,Lead,
76568,intercepted,1,0,0,0,132,52,26.0,80,132.0,66.0,13.725069046020508,0,1.1167549270170707,0.5435542464256287,1.2264877771151392,81,lead,lead,Lead,
76569,intercepted,1,0,0,0,291,9,4.5,282,291.0,145.5,2.0935468673706055,0,1.1092872375971226,0.8955642580986023,1.205928271566565,283,lead,lead,Lead,
76570,intercepted,1,0,0,0,25,14,7.0,11,25.0,12.5,12.373836517333984,0,1.229911098877589,0.3275700509548187,1.370983881423645,12,lead,lead,Lead,
76571,intercepted,1,0,0,0,412,9,4.5,403,412.0,206.0,2.3800413608551025,0,1.0956382770644557,1.5887852907180786,1.1986525859519546,404,lead,lead,Lead,
76572,soldier_caught,0,1,0,0,119,15,7.5,104,,,0.0517917163670063,0,1.1312132930471783,1.183941125869751,1.2300642302691116,105,lead,lead,Lead,
76573,intercepted,1,0,0,0,198,13,6.5,185,198.0,99.0,3.585184335708618,0,1.075170853045038,0.40554487705230713,1.1807170646953835,186,lead,lead,Lead,
76574,intercepted,1,0,0,0,162,9,4.5,153,162.0,81.0,5.761038780212402,0,1.1602948203489378,0.5158771872520447,1.2745922807304073,154,lead,lead,Lead,
76575,intercepted,1,0,0,0,55,9,4.5,46,55.0,27.5,5.690220832824707,0,1.0704097849257448,0.5972641110420227,1.1624246841280228,47,lead,lead,Lead,
76576,intercepted,1,0,0,0,27,16,8.0,11,27.0,13.5,13.58288860321045,0,1.350251575311025,1.8669291734695435,1.409240211201845,12,lead,lead,Lead,
76577,intercepted,1,0,0,0,406,14,7.0,392,406.0,203.0,9.807636260986328,0,1.1402953824089987,0.6536952257156372,1.2368582898412335,393,lead,lead,Lead,
76578,intercepted,1,0,0,0,287,15,7.5,272,287.0,143.5,11.013062477111816,0,1.1224542483960316,1.850069284439087,1.210266882415078,273,lead,lead,Lead,
76579,soldier_caught,0,1,0,0,48,15,7.5,33,,,0.8258998990058899,0,1.1873669115936054,1.2292271852493286,1.2663641504018652,34,lead,lead,Lead,
76580,intercepted,1,0,0,0,354,18,9.0,336,354.0,177.0,9.336394309997559,0,1.131379013510769,1.4514714479446411,1.2249228349017975,337,lead,lead,Lead,
76581,intercepted,1,0,0,0,137,11,5.5,126,137.0,68.5,8.02704906463623,0,1.1567749284853146,0.5327315926551819,1.2520769803900809,127,lead,lead,Lead,
76582,intercepted,1,0,0,0,39,9,4.5,30,39.0,19.5,7.254141807556152,0,1.1253994386042319,1.3299680948257446,1.1965656568673702,31,lead,lead,Lead,
76583,intercepted,1,0,0,0,35,25,12.5,10,35.0,17.5,10.867610931396484,0,1.0215101214972409,1.9823216199874878,1.0955529927097651,11,lead,lead,Lead,
76584,intercepted,1,0,0,0,136,11,5.5,125,136.0,68.0,2.59580659866333,0,1.1211299910727475,0.6438902020454407,1.2294200487504117,126,lead,lead,Lead,
76585,intercepted,1,0,0,0,61,8,4.0,53,61.0,30.5,3.065749406814575,0,1.1132070968548458,1.708224892616272,1.1970814975849158,54,lead,lead,Lead,
76586,intercepted,1,0,0,0,62,13,6.5,49,62.0,31.0,5.006654739379883,0,1.1311429685354233,0.6491425037384033,1.2074207791339664,50,lead,lead,Lead,
76587,intercepted,1,0,0,0,208,9,4.5,199,208.0,104.0,4.532127857208252,0,1.1199939571321011,1.2489724159240723,1.2234536314806619,200,lead,lead,Lead,
76588,intercepted,1,0,0,0,293,13,6.5,280,293.0,146.5,7.5842437744140625,0,1.1136931674654373,0.838823676109314,1.208504226744794,281,lead,lead,Lead,
76589,soldier_caught,0,1,0,0,70,20,10.0,50,,,1.9097089767456055,0,1.1912692931352877,0.9771413803100586,1.2852693922748684,51,lead,lead,Lead,
76590,intercepted,1,0,0,0,18,9,4.5,9,18.0,9.0,4.033794403076172,0,0.8248354971408844,1.0809820890426636,0.8685262065138708,10,lead,lead,Lead,
76591,intercepted,1,0,0,0,34,8,4.0,26,34.0,17.0,8.370471954345703,0,1.24539593745161,1.1607393026351929,1.324331338830631,27,lead,lead,Lead,
76592,intercepted,1,0,0,0,86,9,4.5,77,86.0,43.0,7.182612895965576,0,1.2091245085765154,0.8831575512886047,1.2897254899576898,78,lead,lead,Lead,
76593,intercepted,1,0,0,0,102,13,6.5,89,102.0,51.0,4.373318195343018,0,1.0916258563597998,0.943695068359375,1.1788459016844237,90,lead,lead,Lead,
76594,unsafe_intercept,0,0,1,0,42,12,6.0,30,,,3.3468551635742188,0,1.102952939848746,0.7661749720573425,1.1944843195035346,31,lead,lead,Lead,
76595,intercepted,1,0,0,0,210,13,6.5,197,210.0,105.0,2.137404203414917,0,1.1564397533433606,1.0322996377944946,1.2503435732941144,198,lead,lead,Lead,
76596,intercepted,1,0,0,0,81,9,4.5,72,81.0,40.5,3.5848519802093506,0,1.0363096696873233,1.8186289072036743,1.1232631152887802,73,lead,lead,Lead,
76597,intercepted,1,0,0,0,132,10,5.0,122,132.0,66.0,2.5678842067718506,0,1.0781692443339805,0.5962488651275635,1.1753271252544975,123,lead,lead,Lead,
76598,intercepted,1,0,0,0,215,42,21.0,173,215.0,107.5,2.481627941131592,0,1.0406484230496418,1.329030156135559,1.1217516078930132,174,lead,lead,Lead,
76599,intercepted,1,0,0,0,299,10,5.0,289,299.0,149.5,2.423276662826538,0,1.1168944205703406,1.0357269048690796,1.2053370120665832,290,lead,lead,Lead,
76600,soldier_caught,0,1,0,0,475,8,4.0,467,,,1.0260392427444458,0,1.1127033849907482,1.5617189407348633,1.2102959389076637,468,lead,lead,Lead,
76601,intercepted,1,0,0,0,44,11,5.5,33,44.0,22.0,10.566972732543945,0,1.1321572293253506,1.6340020895004272,1.1959657463411129,34,lead,lead,Lead,
76602,intercepted,1,0,0,0,111,9,4.5,102,111.0,55.5,4.8085126876831055,0,1.0949293061078174,0.9740844964981079,1.201955767857958,103,lead,lead,Lead,
76603,intercepted,1,0,0,0,169,60,30.0,109,169.0,84.5,9.54465103149414,0,1.1829500512643294,1.9760340452194214,1.2729663060242569,110,lead,lead,Lead,
76604,soldier_caught,0,1,0,0,107,18,9.0,89,,,1.2810932397842407,0,1.140775105688307,0.6105389595031738,1.2216646086640583,90,lead,lead,Lead,
76605,soldier_caught,0,1,0,0,97,46,23.0,51,,,1.1335011720657349,0,1.097497883037879,2.3194668292999268,1.194600247497404,52,lead,lead,Lead,
76606,intercepted,1,0,0,0,195,16,8.0,179,195.0,97.5,5.508584976196289,0,1.140653680347734,1.8804782629013062,1.2353462033783578,180,lead,lead,Lead,
76607,intercepted,1,0,0,0,399,8,4.0,391,399.0,199.5,2.9683151245117188,0,1.1126675537350226,0.6735658049583435,1.2109326890091596,392,lead,lead,Lead,
76608,intercepted,1,0,0,0,165,24,12.0,141,165.0,82.5,8.62586784362793,0,1.0889196362293942,0.9165616631507874,1.188661671881043,142,lead,lead,Lead,
76609,intercepted,1,0,0,0,312,173,86.5,139,312.0,156.0,11.132756233215332,0,1.137190684250423,0.7892240881919861,1.2187799412676172,140,lead,lead,Lead,
76610,intercepted,1,0,0,0,167,15,7.5,152,167.0,83.5,2.138115167617798,0,1.0884540616686826,0.9125722050666809,1.1736577686041612,153,lead,lead,Lead,
76611,intercepted,1,0,0,0,338,19,9.5,319,338.0,169.0,10.439887046813965,0,1.1584981250111013,1.712873101234436,1.2545451133118146,320,lead,lead,Lead,
76612,intercepted,1,0,0,0,112,58,29.0,54,112.0,56.0,3.5566751956939697,0,1.1674103127284483,1.2912938594818115,1.2818431810709578,55,lead,lead,Lead,
76613,intercepted,1,0,0,0,76,7,3.5,69,76.0,38.0,2.339561939239502,0,1.0764020945344652,0.6650885939598083,1.1714053355442597,70,lead,lead,Lead,
76614,intercepted,1,0,0,0,192,11,5.5,181,192.0,96.0,4.41637659072876,0,1.1719470485062389,1.4017893075942993,1.2590876411558707,182,lead,lead,Lead,
76615,intercepted,1,0,0,0,258,10,5.0,248,258.0,129.0,7.780629634857178,0,1.1358800219244747,0.9014872908592224,1.227740471413158,249,lead,lead,Lead,
76616,soldier_caught,0,1,0,0,107,12,6.0,95,,,1.5378800630569458,0,1.015843290835619,1.3176443576812744,1.0891749856465722,96,lead,lead,Lead,
76617,intercepted,1,0,0,0,45,10,5.0,35,45.0,22.5,3.472771167755127,0,1.0672317205203905,0.7837141752243042,1.1483984209955644,36,lead,lead,Lead,
76618,intercepted,1,0,0,0,202,9,4.5,193,202.0,101.0,3.2047111988067627,0,1.1479914790576267,1.0393303632736206,1.2505261782831363,194,lead,lead,Lead,
76619,intercepted,1,0,0,0,75,68,34.0,7,75.0,37.5,12.987378120422363,0,0.74165203794837,0.43477898836135864,0.8089842815237752,8,lead,lead,Lead,
76620,intercepted,1,0,0,0,285,34,17.0,251,285.0,142.5,3.0554492473602295,0,1.154132086428858,0.3809632956981659,1.2512172358696758,252,lead,lead,Lead,
76621,intercepted,1,0,0,0,375,132,66.0,243,375.0,187.5,8.217761993408203,0,1.143795376368722,1.304931402206421,1.2347734821862766,244,lead,lead,Lead,
76622,intercepted,1,0,0,0,417,19,9.5,398,417.0,208.5,5.376311779022217,0,1.1567960979795098,0.4845319092273712,1.2434109506805546,399,lead,lead,Lead,
76623,intercepted,1,0,0,0,54,10,5.0,44,54.0,27.0,2.2595856189727783,0,1.097364937927988,0.9369786977767944,1.230415110237815,45,lead,lead,Lead,
76624,soldier_caught,0,1,0,0,557,12,6.0,545,,,1.9767093658447266,0,1.128030358953572,1.589038372039795,1.231079996479272,546,lead,lead,Lead,
76625,intercepted,1,0,0,0,10,8,4.0,2,10.0,5.0,6.1731858253479,0,1.7056200702985127,0.9608624577522278,1.7904948004605734,3,lead,lead,Lead,
76626,intercepted,1,0,0,0,70,16,8.0,54,70.0,35.0,5.314275741577148,0,0.9886982909657739,1.1418951749801636,1.0690178182346226,55,lead,lead,Lead,
76627,intercepted,1,0,0,0,235,11,5.5,224,235.0,117.5,8.654012680053711,0,1.145703738729159,0.6554731130599976,1.2376287264808499,225,lead,lead,Lead,
76628,intercepted,1,0,0,0,143,53,26.5,90,143.0,71.5,7.356062412261963,0,1.100897539447952,1.1968528032302856,1.1948103514657382,91,lead,lead,Lead,
76629,soldier_caught,0,1,0,0,14,12,6.0,2,,,1.5213141441345215,0,1.4338590701421101,1.5311696529388428,1.4483223532200793,3,lead,lead,Lead,
76630,intercepted,1,0,0,0,98,9,4.5,89,98.0,49.0,11.336350440979004,0,1.121104617582427,1.0973536968231201,1.2001779148329268,90,lead,lead,Lead,
76631,intercepted,1,0,0,0,323,12,6.0,311,323.0,161.5,2.1605725288391113,0,1.094301624581791,0.9296004772186279,1.1951793153637207,312,lead,lead,Lead,
76632,intercepted,1,0,0,0,112,8,4.0,104,112.0,56.0,2.158944606781006,0,1.0729188408170427,1.412163257598877,1.160910097624813,105,lead,lead,Lead,
76633,intercepted,1,0,0,0,317,8,4.0,309,317.0,158.5,3.0252983570098877,0,1.1079384258918223,0.8095517158508301,1.2026004971905182,310,lead,lead,Lead,
76634,intercepted,1,0,0,0,57,47,23.5,10,57.0,28.5,7.768365859985352,0,1.2082782143896276,0.32929763197898865,1.3278171144635704,11,lead,lead,Lead,
76635,intercepted,1,0,0,0,79,10,5.0,69,79.0,39.5,5.164146900177002,0,1.207919185076441,0.7851994633674622,1.3024357352684846,70,lead,lead,Lead,
76636,intercepted,1,0,0,0,64,9,4.5,55,64.0,32.0,2.310652256011963,0,1.2381022673632418,2.7053561210632324,1.3555012275733789,56,lead,lead,Lead,
76637,intercepted,1,0,0,0,268,11,5.5,257,268.0,134.0,6.046435356140137,0,1.1593656046677006,1.3107186555862427,1.2588015729377717,258,lead,lead,Lead,
76638,intercepted,1,0,0,0,44,13,6.5,31,44.0,22.0,10.567431449890137,0,1.3251205515116453,1.8053406476974487,1.390908342285189,32,lead,lead,Lead,
76639,intercepted,1,0,0,0,121,11,5.5,110,121.0,60.5,4.630169868469238,0,1.200859529075322,2.007812023162842,1.2837309806188393,111,lead,lead,Lead,
76640,intercepted,1,0,0,0,98,11,5.5,87,98.0,49.0,3.6362156867980957,0,1.15497015458955,1.5611354112625122,1.2495420454526116,88,lead,lead,Lead,
76641,intercepted,1,0,0,0,136,9,4.5,127,136.0,68.0,8.242782592773438,0,1.1080694863339886,1.4004755020141602,1.2127367588690257,128,lead,lead,Lead,
76642,intercepted,1,0,0,0,84,17,8.5,67,84.0,42.0,12.023659706115723,0,1.1248300781144815,0.9280294179916382,1.2241572447846667,68,lead,lead,Lead,
76643,intercepted,1,0,0,0,221,10,5.0,211,221.0,110.5,5.084278106689453,0,1.1959408888558172,1.8235278129577637,1.309281741404123,212,lead,lead,Lead,
76644,intercepted,1,0,0,0,143,8,4.0,135,143.0,71.5,6.634015083312988,0,1.1534251154345625,0.5370460152626038,1.2351306582844968,136,lead,lead,Lead,
76645,soldier_caught,0,1,0,0,260,12,6.0,248,,,0.9443007707595825,0,1.131604182552621,0.7425308227539062,1.2218195537436987,249,lead,lead,Lead,
76646,intercepted,1,0,0,0,204,8,4.0,196,204.0,102.0,5.287710666656494,0,1.1232824496887057,1.013967514038086,1.2247145127002093,197,lead,lead,Lead,
76647,intercepted,1,0,0,0,244,11,5.5,233,244.0,122.0,2.535731315612793,0,1.1518039266523132,0.7532186508178711,1.2428049868345432,234,lead,lead,Lead,
76648,intercepted,1,0,0,0,208,17,8.5,191,208.0,104.0,9.397754669189453,0,1.1516062217609335,1.0411783456802368,1.2516217040914568,192,lead,lead,Lead,
76649,intercepted,1,0,0,0,344,10,5.0,334,344.0,172.0,2.321723222732544,0,1.1669858254603485,1.6167696714401245,1.2628730289749235,335,lead,lead,Lead,
76650,intercepted,1,0,0,0,39,11,5.5,28,39.0,19.5,3.948211908340454,0,1.0419438563544174,1.937070608139038,1.1046981111030127,29,lead,lead,Lead,
76651,intercepted,1,0,0,0,242,9,4.5,233,242.0,121.0,7.441102981567383,0,1.1447186539761531,1.632051706314087,1.2406770427060148,234,lead,lead,Lead,
76652,intercepted,1,0,0,0,214,9,4.5,205,214.0,107.0,8.102380752563477,0,1.080887512023588,0.8089724779129028,1.1720840833011243,206,lead,lead,Lead,
76653,intercepted,1,0,0,0,31,8,4.0,23,31.0,15.5,6.248105049133301,0,1.200283566179375,0.6978086829185486,1.29889362801662,24,lead,lead,Lead,
76654,intercepted,1,0,0,0,104,8,4.0,96,104.0,52.0,7.311354637145996,0,1.1011913455638689,0.9750653505325317,1.1856000395162258,97,lead,lead,Lead,
76655,intercepted,1,0,0,0,71,7,3.5,64,71.0,35.5,5.209400177001953,0,1.0935208751605108,2.0750017166137695,1.1871198406886094,65,lead,lead,Lead,
76656,intercepted,1,0,0,0,71,34,17.0,37,71.0,35.5,5.908777236938477,0,1.2174264239637476,1.457996129989624,1.3040139998437548,38,lead,lead,Lead,
76657,intercepted,1,0,0,0,147,33,16.5,114,147.0,73.5,11.93058967590332,0,1.1523272014182546,1.6369277238845825,1.2583193902481002,115,lead,lead,Lead,
76658,intercepted,1,0,0,0,173,14,7.0,159,173.0,86.5,5.517436504364014,0,1.1221381069160998,1.2461384534835815,1.2053286497525728,160,lead,lead,Lead,
76659,intercepted,1,0,0,0,174,65,32.5,109,174.0,87.0,5.30450439453125,0,1.135328539393165,1.757516622543335,1.2319274948170271,110,lead,lead,Lead,
76660,intercepted,1,0,0,0,68,11,5.5,57,68.0,34.0,7.479604721069336,0,1.0511980842927406,1.040837049484253,1.1326766622478754,58,lead,lead,Lead,
76661,intercepted,1,0,0,0,359,10,5.0,349,359.0,179.5,2.471035957336426,0,1.1512079557776451,1.9969964027404785,1.2483267543569625,350,lead,lead,Lead,
76662,intercepted,1,0,0,0,248,9,4.5,239,248.0,124.0,2.0238754749298096,0,1.1128734371935327,2.038811445236206,1.2096324764059279,240,lead,lead,Lead,
76663,intercepted,1,0,0,0,209,13,6.5,196,209.0,104.5,6.743618011474609,0,1.1363013042562504,1.1367952823638916,1.2493351027177582,197,lead,lead,Lead,
76664,intercepted,1,0,0,0,41,13,6.5,28,41.0,20.5,6.42081356048584,0,1.1596405978860527,1.470485806465149,1.212071946645733,29,lead,lead,Lead,
76665,intercepted,1,0,0,0,822,9,4.5,813,822.0,411.0,2.1174252033233643,0,1.1348612607074604,1.185997724533081,1.2328834376295552,814,lead,lead,Lead,
76666,intercepted,1,0,0,0,103,9,4.5,94,103.0,51.5,7.596393585205078,0,1.1050212265629518,1.0694509744644165,1.20502969795482,95,lead,lead,Lead,
76667,soldier_caught,0,1,0,0,57,9,4.5,48,,,1.7860873937606812,0,1.1929128942440967,1.0804520845413208,1.2827179018698303,49,lead,lead,Lead,
76668,intercepted,1,0,0,0,11,9,4.5,2,11.0,5.5,5.0947160720825195,0,1.0578357577323914,0.9577258229255676,1.0623895641449288,3,lead,lead,Lead,
76669,intercepted,1,0,0,0,89,13,6.5,76,89.0,44.5,7.638798236846924,0,1.141709139207741,0.8278988003730774,1.2334655849735707,77,lead,lead,Lead,
76670,intercepted,1,0,0,0,79,11,5.5,68,79.0,39.5,5.496500015258789,0,1.1650324930315432,1.193405270576477,1.2510486882069816,69,lead,lead,Lead,
76671,intercepted,1,0,0,0,79,11,5.5,68,79.0,39.5,3.3789074420928955,0,1.1230949109447175,1.068983793258667,1.2094175652765542,69,lead,lead,Lead,
76672,intercepted,1,0,0,0,207,11,5.5,196,207.0,103.5,3.972714424133301,0,1.1202134176861815,1.4411002397537231,1.2128773537711048,197,lead,lead,Lead,
76673,intercepted,1,0,0,0,34,12,6.0,22,34.0,17.0,11.658919334411621,0,1.0535232295160708,1.422595500946045,1.120182737455346,23,lead,lead,Lead,
76674,intercepted,1,0,0,0,34,11,5.5,23,34.0,17.0,9.306492805480957,0,1.2367901181181271,2.1698360443115234,1.321604142007829,24,lead,lead,Lead,
76675,intercepted,1,0,0,0,39,9,4.5,30,39.0,19.5,4.761142253875732,0,1.1941319559851,1.3753098249435425,1.270686107285613,31,lead,lead,Lead,
76676,intercepted,1,0,0,0,293,10,5.0,283,293.0,146.5,8.919465065002441,0,1.1516573861451216,1.3872705698013306,1.2574187981790699,284,lead,lead,Lead,
76677,intercepted,1,0,0,0,68,55,27.5,13,68.0,34.0,12.863971710205078,0,1.0564191043376923,0.8417595028877258,1.148739552063223,14,lead,lead,Lead,
76678,intercepted,1,0,0,0,657,61,30.5,596,657.0,328.5,2.6197803020477295,0,1.115817930493223,1.3769406080245972,1.207506837129548,597,lead,lead,Lead,
76679,intercepted,1,0,0,0,426,140,70.0,286,426.0,213.0,4.335124492645264,0,1.0989093958604625,0.7609251737594604,1.189068689619095,287,lead,lead,Lead,
76680,intercepted,1,0,0,0,42,10,5.0,32,42.0,21.0,5.857922554016113,0,1.084652655955517,0.8677441477775574,1.1716540545956995,33,lead,lead,Lead,
76681,intercepted,1,0,0,0,748,12,6.0,736,748.0,374.0,3.0207977294921875,0,1.1187529676117438,1.378286600112915,1.211607918662816,737,lead,lead,Lead,
76682,soldier_caught,0,1,0,0,76,8,4.0,68,,,1.9722461700439453,0,1.0034694708343865,1.0010309219360352,1.106645708796168,69,lead,lead,Lead,
76683,intercepted,1,0,0,0,46,12,6.0,34,46.0,23.0,3.6743500232696533,0,1.2933541170188358,0.5734301805496216,1.4243952785990843,35,lead,lead,Lead,
76684,intercepted,1,0,0,0,109,13,6.5,96,109.0,54.5,4.602304935455322,0,1.1103324108209807,0.801409125328064,1.2201147374407761,97,lead,lead,Lead,
76685,intercepted,1,0,0,0,67,10,5.0,57,67.0,33.5,8.714326858520508,0,1.088428681266719,1.4787304401397705,1.196067242307447,58,lead,lead,Lead,
76686,intercepted,1,0,0,0,39,13,6.5,26,39.0,19.5,6.151804447174072,0,1.1726284716968183,1.4429599046707153,1.3099388174696274,27,lead,lead,Lead,
76687,soldier_caught,0,1,0,0,9,7,3.5,2,,,1.3567569255828857,0,1.1956252952416737,0.9865754842758179,1.393578723452069,3,lead,lead,Lead,
76688,intercepted,1,0,0,0,11,9,4.5,2,11.0,5.5,4.187082290649414,0,1.4686485131581624,1.3806369304656982,1.4720547006453237,3,lead,lead,Lead,
76689,soldier_caught,0,1,0,0,155,27,13.5,128,,,1.9835635423660278,0,1.0683833228987316,1.4709614515304565,1.1593216501817936,129,lead,lead,Lead,
76690,intercepted,1,0,0,0,138,14,7.0,124,138.0,69.0,2.2614197731018066,0,1.1103946775197984,1.6022576093673706,1.2039673240007946,125,lead,lead,Lead,
76691,intercepted,1,0,0,0,209,21,10.5,188,209.0,104.5,7.749420642852783,0,1.089425461002128,1.5014832019805908,1.2004409705174994,189,lead,lead,Lead,
76692,intercepted,1,0,0,0,205,12,6.0,193,205.0,102.5,2.2904653549194336,0,1.1031617661650033,0.6749522686004639,1.1899507665143734,194,lead,lead,Lead,
76693,intercepted,1,0,0,0,296,13,6.5,283,296.0,148.0,7.300147533416748,0,1.1349941891893534,1.4997071027755737,1.2259363089295625,284,lead,lead,Lead,
76694,intercepted,1,0,0,0,588,37,18.5,551,588.0,294.0,3.2310330867767334,0,1.1216149394926818,1.0300055742263794,1.21580825183774,552,lead,lead,Lead,
76695,intercepted,1,0,0,0,335,10,5.0,325,335.0,167.5,2.1524951457977295,0,1.1172862796147176,1.4029210805892944,1.2045595117559436,326,lead,lead,Lead,
76696,intercepted,1,0,0,0,44,9,4.5,35,44.0,22.0,5.749985218048096,0,1.1839670075310602,1.1536369323730469,1.3021259889037988,36,lead,lead,Lead,
76697,intercepted,1,0,0,0,34,10,5.0,24,34.0,17.0,2.744936466217041,0,1.187900230884552,1.1391888856887817,1.2494358615460934,25,lead,lead,Lead,
76698,soldier_caught,0,1,0,0,87,41,20.5,46,,,1.794532299041748,0,1.0659597405093781,1.053736925125122,1.1495068191094158,47,lead,lead,Lead,
76699,intercepted,1,0,0,0,39,11,5.5,28,39.0,19.5,3.3712191581726074,0,1.053000448592778,0.2558065354824066,1.2145256898092087,29,lead,lead,Lead,
76700,intercepted,1,0,0,0,57,11,5.5,46,57.0,28.5,9.6765775680542,0,1.1692858937572925,0.4018639326095581,1.3074768456812855,47,lead,lead,Lead,
76701,intercepted,1,0,0,0,352,19,9.5,333,352.0,176.0,3.343876600265503,0,1.099640109135719,1.1224509477615356,1.1922727189190812,334,lead,lead,Lead,
76702,intercepted,1,0,0,0,129,11,5.5,118,129.0,64.5,3.335880994796753,0,1.090857492149377,0.8713834285736084,1.1989547416378366,119,lead,lead,Lead,
76703,soldier_caught,0,1,0,0,136,10,5.0,126,,,1.1820491552352905,0,1.2213071274945115,0.7249186038970947,1.301614950174253,127,lead,lead,Lead,
76704,intercepted,1,0,0,0,68,9,4.5,59,68.0,34.0,3.2989139556884766,0,1.2562006990114847,1.0283130407333374,1.3440570567076089,60,lead,lead,Lead,
76705,intercepted,1,0,0,0,199,10,5.0,189,199.0,99.5,7.674273490905762,0,1.1274623368131487,1.7379965782165527,1.2225186011011284,190,lead,lead,Lead,
76706,intercepted,1,0,0,0,335,13,6.5,322,335.0,167.5,2.994730234146118,0,1.0952733257791205,1.545372486114502,1.1922210406461595,323,lead,lead,Lead,
76707,intercepted,1,0,0,0,211,8,4.0,203,211.0,105.5,2.5027663707733154,0,1.096753796854732,1.0947262048721313,1.1844477310209627,204,lead,lead,Lead,
76708,intercepted,1,0,0,0,115,15,7.5,100,115.0,57.5,5.7289299964904785,0,1.1739287780653131,1.4141753911972046,1.2446280280574156,101,lead,lead,Lead,
76709,intercepted,1,0,0,0,34,9,4.5,25,34.0,17.0,2.627934455871582,0,1.237070836699926,0.9740909337997437,1.3394693651563785,26,lead,lead,Lead,
76710,intercepted,1,0,0,0,224,12,6.0,212,224.0,112.0,9.778911590576172,0,1.1620696110064994,1.2301104068756104,1.2512388440599347,213,lead,lead,Lead,
76711,soldier_caught,0,1,0,0,513,9,4.5,504,,,1.8169002532958984,0,1.1122597195429378,1.3256930112838745,1.203586543333505,505,lead,lead,Lead,
76712,intercepted,1,0,0,0,62,10,5.0,52,62.0,31.0,4.06541109085083,0,1.0974992873533718,1.354975938796997,1.190521672312835,53,lead,lead,Lead,
76713,intercepted,1,0,0,0,85,9,4.5,76,85.0,42.5,7.526394844055176,0,1.0635578504630498,1.755595088005066,1.1515896164468515,77,lead,lead,Lead,
76714,unsafe_intercept,0,0,1,0,13,11,5.5,2,,,3.1864302158355713,0,1.1905185182889302,1.5916951894760132,1.2667647047991921,3,lead,lead,Lead,
76715,intercepted,1,0,0,0,164,98,49.0,66,164.0,82.0,4.981448650360107,0,1.2450273392805413,0.6150401830673218,1.340127888104691,67,lead,lead,Lead,
76716,intercepted,1,0,0,0,137,62,31.0,75,137.0,68.5,7.252653121948242,0,1.0919780962561305,1.70175039768219,1.172199239444578,76,lead,lead,Lead,
76717,intercepted,1,0,0,0,107,9,4.5,98,107.0,53.5,4.602929592132568,0,1.1552265635644547,1.253904104232788,1.247537031170778,99,lead,lead,Lead,
76718,intercepted,1,0,0,0,86,14,7.0,72,86.0,43.0,11.43320083618164,0,1.1713169151789522,1.791900634765625,1.282010340430003,73,lead,lead,Lead,
76719,intercepted,1,0,0,0,143,38,19.0,105,143.0,71.5,8.796969413757324,0,1.1043393251327973,1.266044020652771,1.187831066930599,106,lead,lead,Lead,
76720,soldier_caught,0,1,0,0,336,32,16.0,304,,,0.7054653167724609,0,1.1510374125154292,1.5977098941802979,1.2549542252254806,305,lead,lead,Lead,
76721,intercepted,1,0,0,0,261,11,5.5,250,261.0,130.5,3.9612905979156494,0,1.1345731420702194,1.710578441619873,1.2383575097231623,251,lead,lead,Lead,
76722,intercepted,1,0,0,0,214,14,7.0,200,214.0,107.0,3.9006879329681396,0,1.1051395559933648,1.089592695236206,1.222074188504064,201,lead,lead,Lead,
76723,intercepted,1,0,0,0,82,12,6.0,70,82.0,41.0,10.463423728942871,0,1.0715693390705217,0.8337591290473938,1.167247222663207,71,lead,lead,Lead,
76724,intercepted,1,0,0,0,228,28,14.0,200,228.0,114.0,3.5227890014648438,0,1.0962911786428138,0.5532944798469543,1.197576424145953,201,lead,lead,Lead,
76725,intercepted,1,0,0,0,498,13,6.5,485,498.0,249.0,2.740668535232544,0,1.1176453939803834,0.7264605164527893,1.2118351460280867,486,lead,lead,Lead,
76726,soldier_caught,0,1,0,0,12,10,5.0,2,,,1.8080686330795288,0,0.8195098439852396,1.114885687828064,0.9088046219810634,3,lead,lead,Lead,
76727,intercepted,1,0,0,0,106,44,22.0,62,106.0,53.0,9.601727485656738,0,1.0852955994861466,2.1509034633636475,1.2001539177101541,63,lead,lead,Lead,
76728,intercepted,1,0,0,0,213,16,8.0,197,213.0,106.5,5.886679172515869,0,1.105794724791941,1.1142630577087402,1.2043574468553073,198,lead,lead,Lead,
76729,intercepted,1,0,0,0,163,12,6.0,151,163.0,81.5,11.077794075012207,0,1.0974957111634707,1.4210541248321533,1.1955715496291028,152,lead,lead,Lead,
76730,intercepted,1,0,0,0,705,85,42.5,620,705.0,352.5,3.7684786319732666,0,1.1450047430352888,0.8093410730361938,1.2431820305618428,621,lead,lead,Lead,
76731,intercepted,1,0,0,0,139,13,6.5,126,139.0,69.5,6.6949567794799805,0,1.128312922720834,0.5542085766792297,1.2295805255743948,127,lead,lead,Lead,
76732,intercepted,1,0,0,0,38,11,5.5,27,38.0,19.0,4.802110195159912,0,1.1954587676695414,0.39721041917800903,1.3067013911437613,28,lead,lead,Lead,
76733,intercepted,1,0,0,0,253,9,4.5,244,253.0,126.5,5.272398471832275,0,1.1073450460725902,1.3102513551712036,1.2075801354008073,245,lead,lead,Lead,
76734,intercepted,1,0,0,0,306,9,4.5,297,306.0,153.0,4.549980640411377,0,1.1216744738787212,1.2257953882217407,1.2191514866168989,298,lead,lead,Lead,
76735,intercepted,1,0,0,0,227,32,16.0,195,227.0,113.5,7.958164215087891,0,1.111197320706382,0.3932599425315857,1.1912324279157087,196,lead,lead,Lead,
76736,intercepted,1,0,0,0,77,10,5.0,67,77.0,38.5,3.626830816268921,0,1.0409693549222805,1.1743496656417847,1.1390352338664205,68,lead,lead,Lead,
76737,intercepted,1,0,0,0,29,7,3.5,22,29.0,14.5,2.970172643661499,0,1.2478290653747062,2.003288984298706,1.3520354832015402,23,lead,lead,Lead,
76738,intercepted,1,0,0,0,27,12,6.0,15,27.0,13.5,9.619020462036133,0,1.0453465320169926,0.5046378374099731,1.1361848876077065,16,lead,lead,Lead,
76739,soldier_caught,0,1,0,0,65,11,5.5,54,,,1.8156702518463135,0,1.080253940820694,0.48064202070236206,1.1570439787503854,55,lead,lead,Lead,
76740,intercepted,1,0,0,0,26,12,6.0,14,26.0,13.0,8.43718147277832,0,1.1087861120700837,1.1998528242111206,1.1894074426023773,15,lead,lead,Lead,
76741,intercepted,1,0,0,0,204,13,6.5,191,204.0,102.0,7.138128757476807,0,1.1474688038385163,1.4592965841293335,1.2548543139551347,192,lead,lead,Lead,
76742,intercepted,1,0,0,0,41,14,7.0,27,41.0,20.5,5.081965923309326,0,1.1718692534736224,1.6780002117156982,1.2731191351447553,28,lead,lead,Lead,
76743,intercepted,1,0,0,0,271,11,5.5,260,271.0,135.5,8.6599702835083,0,1.1080733436620098,0.888931393623352,1.208794092717493,261,lead,lead,Lead,
76744,intercepted,1,0,0,0,219,16,8.0,203,219.0,109.5,7.184066295623779,0,1.1967832255451119,0.4681034982204437,1.2929939356826767,204,lead,lead,Lead,
76745,intercepted,1,0,0,0,294,34,17.0,260,294.0,147.0,5.210662364959717,0,1.1633545253925397,0.3983633518218994,1.266294723545061,261,lead,lead,Lead,
76746,intercepted,1,0,0,0,21,8,4.0,13,21.0,10.5,6.870005130767822,0,1.1577887662819453,1.1159303188323975,1.1844227794227693,14,lead,lead,Lead,
76747,intercepted,1,0,0,0,192,155,77.5,37,192.0,96.0,6.1617913246154785,0,1.0556206699264676,0.7191449403762817,1.1284751644235995,38,lead,lead,Lead,
76748,intercepted,1,0,0,0,109,10,5.0,99,109.0,54.5,4.516247749328613,0,1.137327876985073,1.7657076120376587,1.2155874738922685,100,lead,lead,Lead,
76749,intercepted,1,0,0,0,36,9,4.5,27,36.0,18.0,2.779587745666504,0,1.1111879093306405,0.7838085293769836,1.1665502462649369,28,lead,lead,Lead,
76750,intercepted,1,0,0,0,335,14,7.0,321,335.0,167.5,6.062286853790283,0,1.159953320826988,0.6612430214881897,1.258567922100655,322,lead,lead,Lead,
76751,intercepted,1,0,0,0,14,12,6.0,2,14.0,7.0,5.362514972686768,0,0.979356030623118,0.7709828019142151,1.0550243171880909,3,lead,lead,Lead,
76752,soldier_caught,0,1,0,0,73,10,5.0,63,,,1.38478422164917,0,1.1521694133989513,0.8252637982368469,1.2468811053958997,64,lead,lead,Lead,
76753,intercepted,1,0,0,0,346,8,4.0,338,346.0,173.0,2.2128241062164307,0,1.0866191358604966,1.2427091598510742,1.1761441953669818,339,lead,lead,Lead,
76754,intercepted,1,0,0,0,342,9,4.5,333,342.0,171.0,3.4201316833496094,0,1.1393700340640045,0.9524121284484863,1.2336181892345888,334,lead,lead,Lead,
76755,intercepted,1,0,0,0,102,23,11.5,79,102.0,51.0,2.7382147312164307,0,0.9962531454861164,0.7252331376075745,1.0750670694583206,80,lead,lead,Lead,
76756,intercepted,1,0,0,0,376,61,30.5,315,376.0,188.0,4.980639457702637,0,1.1188709562809407,1.1009515523910522,1.2094082108175634,316,lead,lead,Lead,
76757,intercepted,1,0,0,0,158,12,6.0,146,158.0,79.0,2.182786703109741,0,1.1054963295151587,0.3820984959602356,1.1863659822092623,147,lead,lead,Lead,
76758,soldier_caught,0,1,0,0,16,14,7.0,2,,,1.885331630706787,0,0.9522093534469604,0.835464596748352,0.9806806718069512,3,lead,lead,Lead,
76759,intercepted,1,0,0,0,164,14,7.0,150,164.0,82.0,4.199279308319092,0,1.116634941061601,1.7137740850448608,1.2145626164603043,151,lead,lead,Lead,
76760,intercepted,1,0,0,0,336,9,4.5,327,336.0,168.0,6.154261112213135,0,1.1702549499345989,1.6939918994903564,1.268298231128314,328,lead,lead,Lead,
76761,intercepted,1,0,0,0,164,11,5.5,153,164.0,82.0,3.5055205821990967,0,1.1015887700698592,0.7945116758346558,1.2198622361813318,154,lead,lead,Lead,
76762,intercepted,1,0,0,0,169,8,4.0,161,169.0,84.5,9.590746879577637,0,1.1716690275956083,0.715172290802002,1.2696468619991161,162,lead,lead,Lead,
76763,intercepted,1,0,0,0,37,12,6.0,25,37.0,18.5,9.009060859680176,0,1.2196976015200982,1.4382894039154053,1.2903686042591682,26,lead,lead,Lead,
76764,soldier_caught,0,1,0,0,196,40,20.0,156,,,1.2987571954727173,0,1.09563218588662,1.4777482748031616,1.182168502177363,157,lead,lead,Lead,
76765,intercepted,1,0,0,0,87,16,8.0,71,87.0,43.5,2.2579853534698486,0,1.201349871026145,0.8898508548736572,1.2867177635847995,72,lead,lead,Lead,
76766,intercepted,1,0,0,0,213,36,18.0,177,213.0,106.5,4.557925701141357,0,1.2268398919802033,2.4292445182800293,1.3316073577542316,178,lead,lead,Lead,
76767,intercepted,1,0,0,0,55,26,13.0,29,55.0,27.5,8.568434715270996,0,1.1695775573452314,1.281378149986267,1.258013978438231,30,lead,lead,Lead,
76768,intercepted,1,0,0,0,63,8,4.0,55,63.0,31.5,11.572471618652344,0,1.207416156572955,0.8537892699241638,1.285811313962608,56,lead,lead,Lead,
76769,intercepted,1,0,0,0,97,39,19.5,58,97.0,48.5,10.104640007019043,0,1.1381036608906117,0.5693591833114624,1.2263134276388814,59,lead,lead,Lead,
76770,soldier_caught,0,1,0,0,86,15,7.5,71,,,1.982817530632019,0,1.1296275984495878,0.6667012572288513,1.2298082739095861,72,lead,lead,Lead,
76771,intercepted,1,0,0,0,43,12,6.0,31,43.0,21.5,2.243483066558838,0,1.1562750013545156,1.4888204336166382,1.270818720348417,32,lead,lead,Lead,
76772,intercepted,1,0,0,0,365,12,6.0,353,365.0,182.5,10.518627166748047,0,1.10835360837732,0.7333568334579468,1.196077149522832,354,lead,lead,Lead,
76773,soldier_caught,0,1,0,0,116,11,5.5,105,,,1.3207447528839111,0,1.145761251449585,1.3227801322937012,1.2369605872354497,106,lead,lead,Lead,
76774,intercepted,1,0,0,0,65,12,6.0,53,65.0,32.5,2.9761133193969727,0,1.1113309915418979,1.8119887113571167,1.2029840355964252,54,lead,lead,Lead,
76775,intercepted,1,0,0,0,279,18,9.0,261,279.0,139.5,9.4688720703125,0,1.0871550362301237,1.3227823972702026,1.1900643124985257,262,lead,lead,Lead,
76776,intercepted,1,0,0,0,338,8,4.0,330,338.0,169.0,3.727228879928589,0,1.08881802602567,1.1780041456222534,1.1871113493453396,331,lead,lead,Lead,
76777,intercepted,1,0,0,0,88,10,5.0,78,88.0,44.0,11.156916618347168,0,1.1290131699812562,1.450957179069519,1.2268973257213063,79,lead,lead,Lead,
76778,intercepted,1,0,0,0,300,14,7.0,286,300.0,150.0,3.184170722961426,0,1.131975073951462,1.648370385169983,1.2342221606325414,287,lead,lead,Lead,
76779,intercepted,1,0,0,0,440,13,6.5,427,440.0,220.0,2.1775062084198,0,1.1736214561649014,1.26553213596344,1.2691582970486774,428,lead,lead,Lead,
76780,intercepted,1,0,0,0,628,36,18.0,592,628.0,314.0,2.6104469299316406,0,1.146220672417049,0.31397706270217896,1.2444044388987967,593,lead,lead,Lead,
76781,intercepted,1,0,0,0,75,19,9.5,56,75.0,37.5,12.737330436706543,0,1.12784967035578,0.9535573720932007,1.2150352770429436,57,lead,lead,Lead,
76782,intercepted,1,0,0,0,85,17,8.5,68,85.0,42.5,10.552166938781738,0,1.0164931746928587,1.5624864101409912,1.080136998797786,69,lead,lead,Lead,
76783,soldier_caught,0,1,0,0,62,10,5.0,52,,,1.883056402206421,0,1.1948002661174197,0.9130071401596069,1.2801457014100524,53,lead,lead,Lead,
76784,intercepted,1,0,0,0,44,37,18.5,7,44.0,22.0,11.226879119873047,0,0.9304419532418251,0.7857935428619385,0.9632745472519644,8,lead,lead,Lead,
76785,intercepted,1,0,0,0,82,8,4.0,74,82.0,41.0,3.4115169048309326,0,1.1913531596461933,0.9322485327720642,1.3078336811607243,75,lead,lead,Lead,
76786,intercepted,1,0,0,0,229,42,21.0,187,229.0,114.5,4.454967021942139,0,1.1891926772733952,0.7801613807678223,1.286315807051769,188,lead,lead,Lead,
76787,intercepted,1,0,0,0,180,13,6.5,167,180.0,90.0,2.073805809020996,0,1.1423758641772328,0.45963844656944275,1.2446327579492562,168,lead,lead,Lead,
76788,soldier_caught,0,1,0,0,34,10,5.0,24,,,1.7756038904190063,0,1.0667666709423065,1.0365065336227417,1.134717100004097,25,lead,lead,Lead,
76789,intercepted,1,0,0,0,160,11,5.5,149,160.0,80.0,2.6733860969543457,0,1.177343160112699,0.6759488582611084,1.263997676069186,150,lead,lead,Lead,
76790,intercepted,1,0,0,0,107,8,4.0,99,107.0,53.5,2.868191957473755,0,1.1228608492016792,0.8454301357269287,1.220973629101416,100,lead,lead,Lead,
76791,soldier_caught,0,1,0,0,20,17,8.5,3,,,1.944704532623291,0,1.286114513874054,0.9440798759460449,1.4143655899854308,4,lead,lead,Lead,
76792,intercepted,1,0,0,0,441,8,4.0,433,441.0,220.5,7.871890544891357,0,1.1369753238242892,1.2681695222854614,1.2308550218889582,434,lead,lead,Lead,
76793,soldier_caught,0,1,0,0,768,81,40.5,687,,,0.4635305404663086,0,1.116653008982106,0.11499078571796417,1.2100368814147522,688,lead,lead,Lead,
76794,intercepted,1,0,0,0,43,8,4.0,35,43.0,21.5,3.0649895668029785,0,1.0194666700230703,1.8621677160263062,1.1131251527518304,36,lead,lead,Lead,
76795,intercepted,1,0,0,0,44,11,5.5,33,44.0,22.0,12.15941047668457,0,1.1964162084109642,0.8932544589042664,1.2576282389094753,34,lead,lead,Lead,
76796,intercepted,1,0,0,0,469,14,7.0,455,469.0,234.5,9.029073715209961,0,1.152084351860379,0.5703700184822083,1.250137502021673,456,lead,lead,Lead,
76797,intercepted,1,0,0,0,88,14,7.0,74,88.0,44.0,3.40971302986145,0,1.102660460670789,1.288102388381958,1.1994488453529095,75,lead,lead,Lead,
76798,intercepted,1,0,0,0,101,9,4.5,92,101.0,50.5,3.3152682781219482,0,1.1315880392187385,0.5788612365722656,1.2469216399349918,93,lead,lead,Lead,
76799,intercepted,1,0,0,0,59,10,5.0,49,59.0,29.5,2.601809024810791,0,1.0977638512849808,1.1047402620315552,1.2159790624519973,50,lead,lead,Lead,
76800,intercepted,1,0,0,0,533,44,22.0,489,533.0,266.5,6.1272382736206055,0,1.1424123092725569,1.0319749116897583,1.2301293152943555,490,lead,lead,Lead,
76801,intercepted,1,0,0,0,145,14,7.0,131,145.0,72.5,5.548389434814453,0,1.1651595598368933,0.4617730975151062,1.254626130358705,132,lead,lead,Lead,
76802,intercepted,1,0,0,0,42,11,5.5,31,42.0,21.0,8.22399616241455,0,1.1673472775146365,0.7738118767738342,1.2706907359222517,32,lead,lead,Lead,
76803,intercepted,1,0,0,0,111,50,25.0,61,111.0,55.5,5.671352863311768,0,1.1405595288641992,0.9063500761985779,1.2517236193024468,62,lead,lead,Lead,
76804,soldier_caught,0,1,0,0,347,8,4.0,339,,,1.4837913513183594,0,1.1358481402782832,1.5665982961654663,1.2332001108392607,340,lead,lead,Lead,
76805,intercepted,1,0,0,0,42,19,9.5,23,42.0,21.0,9.697351455688477,0,1.2285998600224655,1.8555548191070557,1.341994310583815,24,lead,lead,Lead,
76806,intercepted,1,0,0,0,145,13,6.5,132,145.0,72.5,10.631122589111328,0,1.170338363967892,0.4714031517505646,1.2737611118262075,133,lead,lead,Lead,
76807,intercepted,1,0,0,0,268,9,4.5,259,268.0,134.0,7.791652202606201,0,1.1540582608145016,0.9243683218955994,1.2504300890621494,260,lead,lead,Lead,
76808,intercepted,1,0,0,0,52,9,4.5,43,52.0,26.0,8.87100887298584,0,1.1128741218285128,1.51506507396698,1.2177090485739106,44,lead,lead,Lead,
76809,intercepted,1,0,0,0,104,13,6.5,91,104.0,52.0,8.69421100616455,0,1.2236074805259705,0.6040669679641724,1.32012653801555,92,lead,lead,Lead,
76810,intercepted,1,0,0,0,293,49,24.5,244,293.0,146.5,9.861982345581055,0,1.133148615700858,1.5653245449066162,1.250364045580781,245,lead,lead,Lead,
76811,soldier_caught,0,1,0,0,11,9,4.5,2,,,0.5745729207992554,0,1.2400224208831787,0.8057703971862793,1.279694008198651,3,lead,lead,Lead,
76812,intercepted,1,0,0,0,376,38,19.0,338,376.0,188.0,6.225692272186279,0,1.1368272546019438,1.0009832382202148,1.2180762516975634,339,lead,lead,Lead,
76813,intercepted,1,0,0,0,527,12,6.0,515,527.0,263.5,2.8495867252349854,0,1.141158324456954,1.205003023147583,1.2375642593956582,516,lead,lead,Lead,
76814,intercepted,1,0,0,0,135,16,8.0,119,135.0,67.5,8.527166366577148,0,1.092319796482722,0.8939217329025269,1.1878196355707067,120,lead,lead,Lead,
76815,intercepted,1,0,0,0,375,10,5.0,365,375.0,187.5,2.7149417400360107,0,1.16765599642865,0.736629843711853,1.2673636199825284,366,lead,lead,Lead,
76816,intercepted,1,0,0,0,80,19,9.5,61,80.0,40.0,11.708464622497559,0,1.1303406302486696,1.1261368989944458,1.2286085992939852,62,lead,lead,Lead,
76817,intercepted,1,0,0,0,58,36,18.0,22,58.0,29.0,8.822640419006348,0,0.9157590218212294,0.5586286187171936,1.0559037014686627,23,lead,lead,Lead,
76818,intercepted,1,0,0,0,72,13,6.5,59,72.0,36.0,7.525144577026367,0,1.1025525147716204,1.3423755168914795,1.2106002641000801,60,lead,lead,Lead,
76819,intercepted,1,0,0,0,75,14,7.0,61,75.0,37.5,5.668679237365723,0,1.2153643811902692,1.3765913248062134,1.3122197162333367,62,lead,lead,Lead,
76820,intercepted,1,0,0,0,23,11,5.5,12,23.0,11.5,14.154813766479492,0,1.20862981906304,1.528563380241394,1.2917132100710338,13,lead,lead,Lead,
76821,intercepted,1,0,0,0,49,12,6.0,37,49.0,24.5,8.727828025817871,0,1.1576470097428875,1.4550926685333252,1.2126393258686332,38,lead,lead,Lead,
76822,intercepted,1,0,0,0,22,14,7.0,8,22.0,11.0,9.685652732849121,0,1.2949503395292494,0.7135947346687317,1.3868738240280356,9,lead,lead,Lead,
76823,intercepted,1,0,0,0,21,14,7.0,7,21.0,10.5,14.24244499206543,0,1.4559785276651382,0.8004934787750244,1.5691850202637083,8,lead,lead,Lead,
76824,intercepted,1,0,0,0,79,8,4.0,71,79.0,39.5,5.066864967346191,0,1.1433905356874068,1.0859559774398804,1.2338385686925828,72,lead,lead,Lead,
76825,intercepted,1,0,0,0,350,19,9.5,331,350.0,175.0,8.38230037689209,0,1.066060536844005,0.8624507784843445,1.162474190867584,332,lead,lead,Lead,
76826,intercepted,1,0,0,0,13,11,5.5,2,13.0,6.5,3.9907400608062744,0,1.368675947189331,0.790925145149231,1.4785139477261628,3,lead,lead,Lead,
76827,soldier_caught,0,1,0,0,93,9,4.5,84,,,1.3731589317321777,0,1.1292304046890316,0.7949060201644897,1.2416795376066687,85,lead,lead,Lead,
76828,soldier_caught,0,1,0,0,31,8,4.0,23,,,1.2586184740066528,0,1.1261845032374065,0.5257393717765808,1.211386475445397,24,lead,lead,Lead,
76829,intercepted,1,0,0,0,276,7,3.5,269,276.0,138.0,5.87595796585083,0,1.1711863361574986,0.3677833378314972,1.271324223481247,270,lead,lead,Lead,
76830,soldier_caught,0,1,0,0,38,13,6.5,25,,,1.7938380241394043,0,1.045543182354707,1.0039422512054443,1.146353984167331,26,lead,lead,Lead,
76831,intercepted,1,0,0,0,268,11,5.5,257,268.0,134.0,3.4364874362945557,0,1.1500164977051028,2.0649635791778564,1.251756334634867,258,lead,lead,Lead,
76832,intercepted,1,0,0,0,35,10,5.0,25,35.0,17.5,8.466850280761719,0,1.2242044164584234,1.620766043663025,1.2835947897270608,26,lead,lead,Lead,
76833,intercepted,1,0,0,0,51,9,4.5,42,51.0,25.5,6.628318786621094,0,1.0522385412870452,1.6131532192230225,1.1342018568939332,43,lead,lead,Lead,
76834,intercepted,1,0,0,0,45,9,4.5,36,45.0,22.5,7.041134834289551,0,1.0925344462330278,2.090756416320801,1.2025046021799919,37,lead,lead,Lead,
76835,intercepted,1,0,0,0,73,30,15.0,43,73.0,36.5,11.702561378479004,0,1.2323944626206702,1.3054448366165161,1.3266684215891758,44,lead,lead,Lead,
76836,intercepted,1,0,0,0,170,9,4.5,161,170.0,85.0,6.879502296447754,0,1.1317256248475593,0.7269951701164246,1.2331000650848127,162,lead,lead,Lead,
76837,intercepted,1,0,0,0,313,42,21.0,271,313.0,156.5,2.378232002258301,0,1.1325946057982303,1.36484694480896,1.2272747794871823,272,lead,lead,Lead,
76838,intercepted,1,0,0,0,78,65,32.5,13,78.0,39.0,10.868561744689941,0,1.2010127987180437,0.5608258843421936,1.2795316083551116,14,lead,lead,Lead,
76839,intercepted,1,0,0,0,281,12,6.0,269,281.0,140.5,3.22178053855896,0,1.1148594542785928,1.09903085231781,1.2093071279817738,270,lead,lead,Lead,
76840,intercepted,1,0,0,0,71,13,6.5,58,71.0,35.5,7.673784255981445,0,1.1207945985814272,2.1680023670196533,1.2464339688939088,59,lead,lead,Lead,
76841,intercepted,1,0,0,0,222,9,4.5,213,222.0,111.0,8.848139762878418,0,1.1358187904703283,1.066908597946167,1.2278790290279256,214,lead,lead,Lead,
76842,intercepted,1,0,0,0,41,12,6.0,29,41.0,20.5,12.198654174804688,0,1.1062431782484055,0.8100101947784424,1.1866579858334274,30,lead,lead,Lead,
76843,intercepted,1,0,0,0,47,9,4.5,38,47.0,23.5,2.1932690143585205,0,1.1885306189457576,1.0192451477050781,1.2976074439574716,39,lead,lead,Lead,
76844,intercepted,1,0,0,0,1102,12,6.0,1090,1102.0,551.0,6.250844955444336,0,1.1136793509521798,0.5616481900215149,1.2086541303316123,1091,lead,lead,Lead,
76845,soldier_caught,0,1,0,0,104,10,5.0,94,,,1.8754823207855225,0,1.132633327810388,0.877274751663208,1.2249104228542187,95,lead,lead,Lead,
76846,soldier_caught,0,1,0,0,100,54,27.0,46,,,1.810457468032837,0,1.0270275850879385,1.7348922491073608,1.1135705758952634,47,lead,lead,Lead,
76847,intercepted,1,0,0,0,68,12,6.0,56,68.0,34.0,9.099908828735352,0,1.0972403857791633,0.9743573665618896,1.187035183946381,57,lead,lead,Lead,
76848,intercepted,1,0,0,0,16,14,7.0,2,16.0,8.0,7.241647243499756,0,1.1835546096165974,0.9811521768569946,1.2009192228165517,3,lead,lead,Lead,
76849,intercepted,1,0,0,0,77,10,5.0,67,77.0,38.5,3.5847692489624023,0,1.0685928091406822,0.791668713092804,1.164502694566965,68,lead,lead,Lead,
76850,soldier_caught,0,1,0,0,520,42,21.0,478,,,0.8416236042976379,0,1.1395570845158463,1.2477798461914062,1.2308302630533756,479,lead,lead,Lead,
76851,intercepted,1,0,0,0,311,12,6.0,299,311.0,155.5,3.053959369659424,0,1.1519482398033143,1.7840224504470825,1.2434634211386786,300,lead,lead,Lead,
76852,intercepted,1,0,0,0,54,26,13.0,28,54.0,27.0,14.651135444641113,0,1.0793444683839535,1.7886420488357544,1.1935013382061523,29,lead,lead,Lead,
76853,intercepted,1,0,0,0,105,18,9.0,87,105.0,52.5,2.8759512901306152,0,1.17112811146812,0.8387592434883118,1.2800449204250635,88,lead,lead,Lead,
76854,intercepted,1,0,0,0,210,13,6.5,197,210.0,105.0,4.208004474639893,0,1.163593902431353,1.0310622453689575,1.2659063050354553,198,lead,lead,Lead,
76855,intercepted,1,0,0,0,21,14,7.0,7,21.0,10.5,14.10202693939209,0,0.8899736516177654,0.7024010419845581,0.9664448205061795,8,lead,lead,Lead,
76856,intercepted,1,0,0,0,23,10,5.0,13,23.0,11.5,5.970172882080078,0,0.9902104352201734,0.5938300490379333,1.0592735265781212,14,lead,lead,Lead,
76857,intercepted,1,0,0,0,63,11,5.5,52,63.0,31.5,8.84973430633545,0,1.1957724960345142,0.26078999042510986,1.3061014944838536,53,lead,lead,Lead,
76858,intercepted,1,0,0,0,155,11,5.5,144,155.0,77.5,4.688035011291504,0,1.1061569382918293,1.9021114110946655,1.197243874562854,145,lead,lead,Lead,
76859,intercepted,1,0,0,0,112,15,7.5,97,112.0,56.0,5.741641998291016,0,1.0576621739535916,1.2663332223892212,1.1479701717686184,98,lead,lead,Lead,
76860,intercepted,1,0,0,0,85,8,4.0,77,85.0,42.5,3.6765081882476807,0,1.076398763136986,1.261420726776123,1.180506871778177,78,lead,lead,Lead,
76861,intercepted,1,0,0,0,44,9,4.5,35,44.0,22.0,5.738399505615234,0,1.146418540014161,1.3647654056549072,1.216788710797045,36,lead,lead,Lead,
76862,intercepted,1,0,0,0,221,70,35.0,151,221.0,110.5,11.910735130310059,0,1.05904039407247,0.7341944575309753,1.1539952581264283,152,lead,lead,Lead,
76863,intercepted,1,0,0,0,135,11,5.5,124,135.0,67.5,2.0802743434906006,0,1.1177233426570892,1.1979907751083374,1.219897591906097,125,lead,lead,Lead,
76864,intercepted,1,0,0,0,129,15,7.5,114,129.0,64.5,4.036951065063477,0,1.1018186238796814,1.0296739339828491,1.1886146818304384,115,lead,lead,Lead,
76865,intercepted,1,0,0,0,53,39,19.5,14,53.0,26.5,12.34101676940918,0,1.4392708778381347,1.0746663808822632,1.517314235071188,15,lead,lead,Lead,
76866,intercepted,1,0,0,0,191,11,5.5,180,191.0,95.5,9.447773933410645,0,1.069499327127117,1.0396565198898315,1.1418518884427902,181,lead,lead,Lead,
76867,intercepted,1,0,0,0,232,72,36.0,160,232.0,116.0,3.1764626502990723,0,1.1113649001865653,1.251856803894043,1.2086053856515075,161,lead,lead,Lead,
76868,intercepted,1,0,0,0,122,19,9.5,103,122.0,61.0,7.379026412963867,0,1.230003962579828,2.376680850982666,1.338116990532325,104,lead,lead,Lead,
76869,intercepted,1,0,0,0,157,15,7.5,142,157.0,78.5,3.7253994941711426,0,1.1121961051871727,1.5188052654266357,1.2022571047146908,143,lead,lead,Lead,
76870,intercepted,1,0,0,0,9,7,3.5,2,9.0,4.5,4.388338088989258,0,1.010209321975708,1.3585734367370605,1.040361601933765,3,lead,lead,Lead,
76871,intercepted,1,0,0,0,37,10,5.0,27,37.0,18.5,4.065097808837891,0,1.066836423107556,1.5767197608947754,1.1401496165577323,28,lead,lead,Lead,
76872,intercepted,1,0,0,0,135,11,5.5,124,135.0,67.5,10.853564262390137,0,1.1630479290485383,1.532764196395874,1.2721436772547259,125,lead,lead,Lead,
76873,intercepted,1,0,0,0,757,29,14.5,728,757.0,378.5,3.9320051670074463,0,1.129521158997823,0.5079648494720459,1.2198103073823532,729,lead,lead,Lead,
76874,intercepted,1,0,0,0,122,8,4.0,114,122.0,61.0,7.426080703735352,0,1.0737482350805532,0.8151089549064636,1.1545140815469646,115,lead,lead,Lead,
76875,intercepted,1,0,0,0,165,11,5.5,154,165.0,82.5,6.588573455810547,0,1.1204468879007523,1.3511630296707153,1.217538107267599,155,lead,lead,Lead,
76876,soldier_caught,0,1,0,0,11,9,4.5,2,,,0.7301574349403381,0,0.9631816546122233,0.9665576815605164,0.9850446572080138,3,lead,lead,Lead,
76877,intercepted,1,0,0,0,411,16,8.0,395,411.0,205.5,2.4885663986206055,0,1.1197659923045924,0.9763652086257935,1.224082693031672,396,lead,lead,Lead,
76878,intercepted,1,0,0,0,294,8,4.0,286,294.0,147.0,3.6336236000061035,0,1.0930040675225159,0.9698347449302673,1.1949247082117496,287,lead,lead,Lead,
76879,intercepted,1,0,0,0,92,8,4.0,84,92.0,46.0,2.2603793144226074,0,1.136368404416477,0.5710535645484924,1.2162077848483792,85,lead,lead,Lead,
76880,intercepted,1,0,0,0,100,11,5.5,89,100.0,50.0,11.94941520690918,0,1.0725347563624381,1.2607592344284058,1.1526626293944837,90,lead,lead,Lead,
76881,intercepted,1,0,0,0,668,34,17.0,634,668.0,334.0,3.1938717365264893,0,1.0893055613702676,0.3500724136829376,1.1840233237235451,635,lead,lead,Lead,
76882,intercepted,1,0,0,0,262,17,8.5,245,262.0,131.0,4.991027355194092,0,1.1372279489064605,0.14818264544010162,1.2475852233617908,246,lead,lead,Lead,
76883,intercepted,1,0,0,0,100,13,6.5,87,100.0,50.0,2.8996009826660156,0,1.048683345995166,0.47896236181259155,1.1330397880653766,88,lead,lead,Lead,
76884,intercepted,1,0,0,0,275,14,7.0,261,275.0,137.5,6.516250133514404,0,1.1401544460984132,1.7706420421600342,1.2494202848826574,262,lead,lead,Lead,
76885,intercepted,1,0,0,0,204,50,25.0,154,204.0,102.0,11.017659187316895,0,1.1278176895072383,1.499131441116333,1.2318253623345357,155,lead,lead,Lead,
76886,intercepted,1,0,0,0,59,20,10.0,39,59.0,29.5,5.543327331542969,0,0.9980865068733692,0.9758415818214417,1.0915180738455819,40,lead,lead,Lead,
76887,intercepted,1,0,0,0,31,18,9.0,13,31.0,15.5,8.191941261291504,0,1.1125414371490479,1.382790207862854,1.2012605464908706,14,lead,lead,Lead,
76888,intercepted,1,0,0,0,125,10,5.0,115,125.0,62.5,8.945570945739746,0,1.0895141716404209,0.7337251901626587,1.1977565438772408,116,lead,lead,Lead,
76889,intercepted,1,0,0,0,157,11,5.5,146,157.0,78.5,6.8927836418151855,0,1.0790913872370103,0.26167210936546326,1.1747990796715049,147,lead,lead,Lead,
76890,intercepted,1,0,0,0,82,11,5.5,71,82.0,41.0,6.746953964233398,0,1.156224112957716,0.9039381742477417,1.2329268344470317,72,lead,lead,Lead,
76891,intercepted,1,0,0,0,535,12,6.0,523,535.0,267.5,5.745979309082031,0,1.142512315870014,1.6545621156692505,1.2384146189493261,524,lead,lead,Lead,
76892,intercepted,1,0,0,0,689,10,5.0,679,689.0,344.5,4.48329496383667,0,1.0985125132124214,1.1039067506790161,1.2008203099196897,680,lead,lead,Lead,
76893,intercepted,1,0,0,0,434,17,8.5,417,434.0,217.0,10.431406021118164,0,1.1265806668041425,0.6865642666816711,1.2234843308190433,418,lead,lead,Lead,
76894,intercepted,1,0,0,0,402,13,6.5,389,402.0,201.0,7.0815277099609375,0,1.13177069463791,1.6430119276046753,1.220261590176081,390,lead,lead,Lead,
76895,intercepted,1,0,0,0,202,36,18.0,166,202.0,101.0,7.7319512367248535,0,1.0725893171247607,0.5746167302131653,1.1666950008211852,167,lead,lead,Lead,
76896,intercepted,1,0,0,0,63,19,9.5,44,63.0,31.5,2.0884740352630615,0,1.125580847594473,1.291643500328064,1.243144484742933,45,lead,lead,Lead,
76897,intercepted,1,0,0,0,121,9,4.5,112,121.0,60.5,2.8969247341156006,0,1.1878773105882965,1.574489712715149,1.2750341351475214,113,lead,lead,Lead,
76898,intercepted,1,0,0,0,228,8,4.0,220,228.0,114.0,6.177831172943115,0,1.1060198855615848,1.3218801021575928,1.1964270759408615,221,lead,lead,Lead,
76899,intercepted,1,0,0,0,193,14,7.0,179,193.0,96.5,6.319045543670654,0,1.0724270113640362,0.86670982837677,1.1753467907152086,180,lead,lead,Lead,
76900,intercepted,1,0,0,0,579,10,5.0,569,579.0,289.5,2.3610470294952393,0,1.1431699977632155,1.2736804485321045,1.242311921319415,570,lead,lead,Lead,
76901,intercepted,1,0,0,0,278,13,6.5,265,278.0,139.0,3.690875291824341,0,1.1439809033409096,0.5313057899475098,1.2371159091483974,266,lead,lead,Lead,
76902,intercepted,1,0,0,0,137,12,6.0,125,137.0,68.5,10.78315544128418,0,1.093192251901778,2.025378704071045,1.2029655158959192,126,lead,lead,Lead,
76903,intercepted,1,0,0,0,35,9,4.5,26,35.0,17.5,2.3732054233551025,0,1.1383635026437264,1.1184351444244385,1.1800881842570554,27,lead,lead,Lead,
76904,intercepted,1,0,0,0,61,15,7.5,46,61.0,30.5,2.448853015899658,0,1.1828537786260565,1.0480283498764038,1.288814157840812,47,lead,lead,Lead,
76905,soldier_caught,0,1,0,0,39,13,6.5,26,,,1.6353505849838257,0,0.9659837638890302,0.9566066861152649,1.0190429156094918,27,lead,lead,Lead,
76906,intercepted,1,0,0,0,292,11,5.5,281,292.0,146.0,2.9828102588653564,0,1.144812079291817,1.4312183856964111,1.2360961096005687,282,lead,lead,Lead,
76907,intercepted,1,0,0,0,229,12,6.0,217,229.0,114.5,3.8514840602874756,0,1.1176103879142245,0.7643592953681946,1.2224367462897217,218,lead,lead,Lead,
76908,intercepted,1,0,0,0,27,8,4.0,19,27.0,13.5,4.073526382446289,0,1.111516186594963,0.8663462996482849,1.1709748421862873,20,lead,lead,Lead,
76909,intercepted,1,0,0,0,42,10,5.0,32,42.0,21.0,8.653167724609375,0,1.089975149342508,1.202999234199524,1.1591166673514233,33,lead,lead,Lead,
76910,intercepted,1,0,0,0,84,10,5.0,74,84.0,42.0,3.82688570022583,0,0.9973670341571172,1.0176944732666016,1.0804391150538206,75,lead,lead,Lead,
76911,intercepted,1,0,0,0,65,8,4.0,57,65.0,32.5,3.517854690551758,0,1.1304913959626495,0.4708362817764282,1.2196107794297508,58,lead,lead,Lead,
76912,intercepted,1,0,0,0,800,11,5.5,789,800.0,400.0,3.555847644805908,0,1.1439206336872487,1.2864136695861816,1.2345633043156603,790,lead,lead,Lead,
76913,intercepted,1,0,0,0,57,13,6.5,44,57.0,28.5,8.182323455810547,0,1.2452984472115836,1.023705005645752,1.3536183390841412,45,lead,lead,Lead,
76914,intercepted,1,0,0,0,25,11,5.5,14,25.0,12.5,7.054043769836426,0,1.0061634004116058,0.43113625049591064,1.062226018063665,15,lead,lead,Lead,
76915,intercepted,1,0,0,0,261,12,6.0,249,261.0,130.5,9.19008731842041,0,1.1435780977010728,1.2875934839248657,1.2470752687661186,250,lead,lead,Lead,
76916,intercepted,1,0,0,0,62,10,5.0,52,62.0,31.0,10.651933670043945,0,1.1230417944069178,1.5537943840026855,1.2412909215187355,53,lead,lead,Lead,
76917,intercepted,1,0,0,0,462,12,6.0,450,462.0,231.0,2.088672399520874,0,1.1546875513644017,0.2851405441761017,1.2533606463704074,451,lead,lead,Lead,
76918,soldier_caught,0,1,0,0,11,9,4.5,2,,,1.8055499792099,0,1.1636590758959453,1.3529391288757324,1.182752894181186,3,lead,lead,Lead,
76919,intercepted,1,0,0,0,84,13,6.5,71,84.0,42.0,5.574061870574951,0,1.0382502400057598,1.5604283809661865,1.1472181202219187,72,lead,lead,Lead,
76920,intercepted,1,0,0,0,276,10,5.0,266,276.0,138.0,4.1666388511657715,0,1.139236912633596,1.9614794254302979,1.2337396764178596,267,lead,lead,Lead,
76921,intercepted,1,0,0,0,149,19,9.5,130,149.0,74.5,3.6846141815185547,0,1.1110345933956045,1.452113389968872,1.210552159414841,131,lead,lead,Lead,
76922,intercepted,1,0,0,0,131,14,7.0,117,131.0,65.5,4.488406181335449,0,1.1885623823283082,0.4348646104335785,1.2967980229675422,118,lead,lead,Lead,
76923,intercepted,1,0,0,0,111,17,8.5,94,111.0,55.5,6.4743571281433105,0,1.1791593730449677,1.105729341506958,1.2755037510508502,95,lead,lead,Lead,
76924,intercepted,1,0,0,0,70,9,4.5,61,70.0,35.0,2.018629789352417,0,1.196401907311332,1.706964373588562,1.3230926670037386,62,lead,lead,Lead,
76925,soldier_caught,0,1,0,0,39,12,6.0,27,,,0.8687153458595276,0,1.2365563181894166,0.8331063985824585,1.3289680170915068,28,lead,lead,Lead,
76926,intercepted,1,0,0,0,100,9,4.5,91,100.0,50.0,3.1430585384368896,0,1.0624466012029543,1.9095919132232666,1.145018680429961,92,lead,lead,Lead,
76927,intercepted,1,0,0,0,227,9,4.5,218,227.0,113.5,3.606754779815674,0,1.12356817143965,1.2047380208969116,1.214941334630151,219,lead,lead,Lead,
76928,intercepted,1,0,0,0,27,14,7.0,13,27.0,13.5,8.819474220275879,0,0.9793557460818972,0.3246210515499115,1.062582419449948,14,lead,lead,Lead,
76929,intercepted,1,0,0,0,110,12,6.0,98,110.0,55.0,6.34893274307251,0,1.163116453723474,1.1915065050125122,1.2610767445706508,99,lead,lead,Lead,
76930,intercepted,1,0,0,0,759,14,7.0,745,759.0,379.5,2.3922410011291504,0,1.1069084787416714,1.7010513544082642,1.2005986162795366,746,lead,lead,Lead,
76931,intercepted,1,0,0,0,674,10,5.0,664,674.0,337.0,2.8765125274658203,0,1.121570476643125,0.5632759928703308,1.2204091599565046,665,lead,lead,Lead,
76932,intercepted,1,0,0,0,53,9,4.5,44,53.0,26.5,7.595532417297363,0,1.0884338590833875,1.344887614250183,1.2155569571149887,45,lead,lead,Lead,
76933,intercepted,1,0,0,0,170,8,4.0,162,170.0,85.0,5.930684566497803,0,1.1282943823586213,0.7734277248382568,1.218540991624259,163,lead,lead,Lead,
76934,intercepted,1,0,0,0,67,14,7.0,53,67.0,33.5,7.960109710693359,0,1.1829784760872524,1.06828773021698,1.2695317823703358,54,lead,lead,Lead,
76935,intercepted,1,0,0,0,60,10,5.0,50,60.0,30.0,3.4273593425750732,0,1.1628521736346038,1.0770646333694458,1.2704980006366444,51,lead,lead,Lead,
76936,intercepted,1,0,0,0,373,11,5.5,362,373.0,186.5,2.2334508895874023,0,1.1248572026238297,1.650587797164917,1.213042449578969,363,lead,lead,Lead,
76937,intercepted,1,0,0,0,144,11,5.5,133,144.0,72.0,6.804849147796631,0,1.0793054045469903,1.1290223598480225,1.185390971540137,134,lead,lead,Lead,
76938,intercepted,1,0,0,0,668,65,32.5,603,668.0,334.0,2.040790319442749,0,1.1118982450555492,0.8310914039611816,1.205752332758862,604,lead,lead,Lead,
76939,intercepted,1,0,0,0,98,10,5.0,88,98.0,49.0,10.167036056518555,0,1.1524936930182275,1.232682228088379,1.2482842266115393,89,lead,lead,Lead,
76940,intercepted,1,0,0,0,9,7,3.5,2,9.0,4.5,7.211459159851074,0,0.9091783165931702,0.6622287034988403,0.931920136144643,3,lead,lead,Lead,
76941,intercepted,1,0,0,0,34,13,6.5,21,34.0,17.0,9.559165000915527,0,0.9333256835287268,1.3711262941360474,0.9983791487857748,22,lead,lead,Lead,
76942,intercepted,1,0,0,0,86,10,5.0,76,86.0,43.0,7.378525257110596,0,1.079280131242492,0.5040431618690491,1.1849532490360846,77,lead,lead,Lead,
76943,intercepted,1,0,0,0,98,10,5.0,88,98.0,49.0,4.662651538848877,0,1.153626461042447,1.1423720121383667,1.273966114370522,89,lead,lead,Lead,
76944,intercepted,1,0,0,0,447,28,14.0,419,447.0,223.5,4.462610244750977,0,1.079613690060519,0.35914528369903564,1.1730455128101134,420,lead,lead,Lead,
76945,intercepted,1,0,0,0,80,12,6.0,68,80.0,40.0,2.3798632621765137,0,1.0718821798977645,1.2916319370269775,1.1559764106890242,69,lead,lead,Lead,
76946,intercepted,1,0,0,0,155,28,14.0,127,155.0,77.5,8.1746244430542,0,1.0750456225359812,1.217559814453125,1.1801605155499475,128,lead,lead,Lead,
76947,intercepted,1,0,0,0,201,11,5.5,190,201.0,100.5,3.082029104232788,0,1.117611816806319,0.8526280522346497,1.2058125009395013,191,lead,lead,Lead,
76948,intercepted,1,0,0,0,131,48,24.0,83,131.0,65.5,3.5718657970428467,0,1.070815839937755,0.6585226655006409,1.1572851436077731,84,lead,lead,Lead,
76949,intercepted,1,0,0,0,90,18,9.0,72,90.0,45.0,2.523319959640503,0,1.1064973142865586,1.2422144412994385,1.2153627029650425,73,lead,lead,Lead,
76950,intercepted,1,0,0,0,217,11,5.5,206,217.0,108.5,5.71665096282959,0,1.118061692170475,1.750877857208252,1.220752193207812,207,lead,lead,Lead,
76951,intercepted,1,0,0,0,392,73,36.5,319,392.0,196.0,3.380727529525757,0,1.0953261345624923,1.0686957836151123,1.1878043463543568,320,lead,lead,Lead,
76952,soldier_caught,0,1,0,0,168,17,8.5,151,,,1.778773307800293,0,1.1661359714834314,1.7561873197555542,1.2608350659236958,152,lead,lead,Lead,
76953,intercepted,1,0,0,0,225,9,4.5,216,225.0,112.5,9.435726165771484,0,1.1389285685142614,1.651838779449463,1.2320575330875716,217,lead,lead,Lead,
76954,intercepted,1,0,0,0,99,14,7.0,85,99.0,49.5,10.126208305358887,0,1.0620953707500946,0.8930531144142151,1.1600371819941482,86,lead,lead,Lead,
76955,intercepted,1,0,0,0,70,12,6.0,58,70.0,35.0,4.493167400360107,0,1.0391283671734697,0.3832370638847351,1.1171035029386545,59,lead,lead,Lead,
76956,intercepted,1,0,0,0,539,15,7.5,524,539.0,269.5,4.910377025604248,0,1.1230217044694084,0.39970865845680237,1.2071903605724343,525,lead,lead,Lead,
76957,intercepted,1,0,0,0,210,10,5.0,200,210.0,105.0,4.958141326904297,0,1.1004491816854003,1.4514416456222534,1.2070251559469536,201,lead,lead,Lead,
76958,intercepted,1,0,0,0,192,10,5.0,182,192.0,96.0,8.503788948059082,0,1.1357550376751384,0.8944282531738281,1.2323517994742499,183,lead,lead,Lead,
76959,soldier_caught,0,1,0,0,279,9,4.5,270,,,1.7761112451553345,0,1.1450008879178564,0.9202610850334167,1.2435876431600223,271,lead,lead,Lead,
76960,intercepted,1,0,0,0,175,13,6.5,162,175.0,87.5,2.211679697036743,0,1.171765275893767,0.43323051929473877,1.2787607863223924,163,lead,lead,Lead,
76961,intercepted,1,0,0,0,100,73,36.5,27,100.0,50.0,13.169015884399414,0,1.1941220004643713,1.305806279182434,1.2684337268976253,28,lead,lead,Lead,
76962,intercepted,1,0,0,0,142,8,4.0,134,142.0,71.0,4.161727428436279,0,1.120570898718304,1.4469491243362427,1.2204543879747838,135,lead,lead,Lead,
76963,intercepted,1,0,0,0,53,8,4.0,45,53.0,26.5,4.850512504577637,0,1.146185554240061,1.6532419919967651,1.2391460765157523,46,lead,lead,Lead,
76964,intercepted,1,0,0,0,95,11,5.5,84,95.0,47.5,11.057379722595215,0,1.2072159895125558,1.4990793466567993,1.3003896577176914,85,lead,lead,Lead,
76965,intercepted,1,0,0,0,47,16,8.0,31,47.0,23.5,12.484519958496094,0,1.3087038602679968,1.8224278688430786,1.4021865421906954,32,lead,lead,Lead,
76966,intercepted,1,0,0,0,222,11,5.5,211,222.0,111.0,2.768772840499878,0,1.154015655928063,0.7346413135528564,1.257673228301338,212,lead,lead,Lead,
76967,intercepted,1,0,0,0,458,8,4.0,450,458.0,229.0,2.639784336090088,0,1.1142811361212952,1.8924607038497925,1.2136384463740284,451,lead,lead,Lead,
76968,intercepted,1,0,0,0,92,11,5.5,81,92.0,46.0,2.2554609775543213,0,1.121735658224036,0.5495444536209106,1.2136076227095711,82,lead,lead,Lead,
76969,intercepted,1,0,0,0,117,80,40.0,37,117.0,58.5,7.772863864898682,0,1.0927726398957402,0.7454665303230286,1.1573328182288112,38,lead,lead,Lead,
76970,intercepted,1,0,0,0,67,36,18.0,31,67.0,33.5,9.549386024475098,0,1.2101674443110824,1.1780426502227783,1.2878272822529906,32,lead,lead,Lead,
76971,intercepted,1,0,0,0,39,9,4.5,30,39.0,19.5,6.944483757019043,0,1.136475575066382,0.8264079093933105,1.2828707320274815,31,lead,lead,Lead,
76972,intercepted,1,0,0,0,466,11,5.5,455,466.0,233.0,7.513753414154053,0,1.1085304822282571,0.28984418511390686,1.208628908301645,456,lead,lead,Lead,
76973,intercepted,1,0,0,0,271,11,5.5,260,271.0,135.5,6.863216400146484,0,1.1080259487775095,1.33071768283844,1.2078820893551367,261,lead,lead,Lead,
76974,soldier_caught,0,1,0,0,11,9,4.5,2,,,1.1741691827774048,0,1.1915350953737895,2.118823528289795,1.3614901242969173,3,lead,lead,Lead,
76975,intercepted,1,0,0,0,573,19,9.5,554,573.0,286.5,7.635736465454102,0,1.1410133416319752,1.416610836982727,1.2266271633640633,555,lead,lead,Lead,
76976,intercepted,1,0,0,0,23,8,4.0,15,23.0,11.5,11.318587303161621,0,1.4830319005995989,0.9583072662353516,1.5702630028058269,16,lead,lead,Lead,
76977,intercepted,1,0,0,0,56,10,5.0,46,56.0,28.0,6.114813804626465,0,0.9983032770613407,0.8457619547843933,1.084023761780444,47,lead,lead,Lead,
76978,intercepted,1,0,0,0,920,11,5.5,909,920.0,460.0,2.843794345855713,0,1.1050062236222593,0.969964861869812,1.1946469153935573,910,lead,lead,Lead,
76979,intercepted,1,0,0,0,72,19,9.5,53,72.0,36.0,5.1709747314453125,0,1.0623521832404312,1.184755563735962,1.133961669478419,54,lead,lead,Lead,
76980,intercepted,1,0,0,0,239,15,7.5,224,239.0,119.5,8.406020164489746,0,1.1320997802416484,0.8226996064186096,1.2361502520165895,225,lead,lead,Lead,
76981,intercepted,1,0,0,0,236,13,6.5,223,236.0,118.0,11.339259147644043,0,1.0953292970412545,0.309059739112854,1.1900824635180198,224,lead,lead,Lead,
76982,intercepted,1,0,0,0,355,10,5.0,345,355.0,177.5,6.047747611999512,0,1.1232475499283372,1.1644113063812256,1.2151460551203828,346,lead,lead,Lead,
76983,intercepted,1,0,0,0,75,10,5.0,65,75.0,37.5,4.793305397033691,0,1.0035883021174055,1.7862967252731323,1.1066897027741338,66,lead,lead,Lead,
76984,intercepted,1,0,0,0,133,8,4.0,125,133.0,66.5,2.5585927963256836,0,1.0694831085820047,1.3064794540405273,1.165399677747324,126,lead,lead,Lead,
76985,soldier_caught,0,1,0,0,9,7,3.5,2,,,1.9108022451400757,0,0.9126392106215159,1.1658713817596436,0.9952271596057992,3,lead,lead,Lead,
76986,intercepted,1,0,0,0,183,12,6.0,171,183.0,91.5,2.642503261566162,0,1.1424703551239745,1.359451413154602,1.2286518671296378,172,lead,lead,Lead,
76987,intercepted,1,0,0,0,45,13,6.5,32,45.0,22.5,4.71559476852417,0,0.9884684640123989,0.5667274594306946,1.0985227247483682,33,lead,lead,Lead,
76988,intercepted,1,0,0,0,12,10,5.0,2,12.0,6.0,5.248757839202881,0,0.9906202356020609,0.9657788872718811,1.003721278567468,3,lead,lead,Lead,
76989,intercepted,1,0,0,0,213,28,14.0,185,213.0,106.5,9.82589054107666,0,1.158270081124639,1.4887311458587646,1.2593431699104123,186,lead,lead,Lead,
76990,intercepted,1,0,0,0,165,13,6.5,152,165.0,82.5,6.07818078994751,0,1.0890117610981263,0.7343520522117615,1.1593947857326765,153,lead,lead,Lead,
76991,intercepted,1,0,0,0,214,12,6.0,202,214.0,107.0,2.5734803676605225,0,1.1425380790468507,1.4400434494018555,1.252350414143058,203,lead,lead,Lead,
76992,soldier_caught,0,1,0,0,125,9,4.5,116,,,1.4203956127166748,0,1.132493113605385,0.3748841881752014,1.2490835558789846,117,lead,lead,Lead,
76993,intercepted,1,0,0,0,25,14,7.0,11,25.0,12.5,12.80627727508545,0,1.0921034167210262,1.026332139968872,1.147472530882383,12,lead,lead,Lead,
76994,soldier_caught,0,1,0,0,393,12,6.0,381,,,1.7669830322265625,0,1.1203048187478675,1.0433204174041748,1.2116233881274392,382,lead,lead,Lead,
76995,intercepted,1,0,0,0,64,12,6.0,52,64.0,32.0,8.980494499206543,0,1.1736835708033364,0.8183854818344116,1.2439829583576538,53,lead,lead,Lead,
76996,intercepted,1,0,0,0,107,11,5.5,96,107.0,53.5,2.159118175506592,0,1.1068924787579124,1.0728821754455566,1.2005871988060435,97,lead,lead,Lead,
76997,intercepted,1,0,0,0,16,15,7.5,1,16.0,8.0,5.060352802276611,0,1.1082068085670471,0.7906605005264282,1.152804401581026,2,lead,lead,Lead,
76998,intercepted,1,0,0,0,200,118,59.0,82,200.0,100.0,12.015437126159668,0,1.128559953117945,1.7328169345855713,1.2327292749959327,83,lead,lead,Lead,
76999,intercepted,1,0,0,0,122,10,5.0,112,122.0,61.0,4.568647861480713,0,1.0734269780856847,1.1173776388168335,1.1600616300331728,113,lead,lead,Lead,
